ISO-10303-21;
HEADER;
FILE_DESCRIPTION(('FreeCAD Model'),'2;1');
FILE_NAME('Open CASCADE Shape Model','2026-09-13T19:25:35',('FreeCAD'),(
    'FreeCAD'),'Open CASCADE STEP processor 7.8','FreeCAD','Unknown');
FILE_SCHEMA(('AUTOMOTIVE_DESIGN { 1 0 10303 214 1 1 1 1 }'));
ENDSEC;
DATA;
#1 = APPLICATION_PROTOCOL_DEFINITION('international standard',
  'automotive_design',2000,#2);
#2 = APPLICATION_CONTEXT(
  'core data for automotive mechanical design processes');
#3 = SHAPE_DEFINITION_REPRESENTATION(#4,#10);
#4 = PRODUCT_DEFINITION_SHAPE('','',#5);
#5 = PRODUCT_DEFINITION('design','',#6,#9);
#6 = PRODUCT_DEFINITION_FORMATION('','',#7);
#7 = PRODUCT('Open CASCADE STEP translator 7.8 1',
  'Open CASCADE STEP translator 7.8 1','',(#8));
#8 = PRODUCT_CONTEXT('',#2,'mechanical');
#9 = PRODUCT_DEFINITION_CONTEXT('part definition',#2,'design');
#10 = SHAPE_REPRESENTATION('',(#11,#15,#1228),#2404);
#11 = AXIS2_PLACEMENT_3D('',#12,#13,#14);
#12 = CARTESIAN_POINT('',(0.,0.,0.));
#13 = DIRECTION('',(0.,0.,1.));
#14 = DIRECTION('',(1.,0.,-0.));
#15 = MANIFOLD_SOLID_BREP('',#16);
#16 = CLOSED_SHELL('',(#17,#34,#58,#78,#103,#235,#277,#312,#336,#361,
    #386,#411,#435,#453,#478,#503,#528,#561,#588,#613,#639,#664,#690,
    #716,#742,#767,#785,#844,#903,#1024,#1046,#1063,#1080,#1097,#1114,
    #1126,#1148,#1165,#1182,#1199,#1216));
#17 = ADVANCED_FACE('',(#18),#29,.T.);
#18 = FACE_BOUND('',#19,.T.);
#19 = EDGE_LOOP('',(#20));
#20 = ORIENTED_EDGE('',*,*,#21,.T.);
#21 = EDGE_CURVE('',#22,#22,#24,.T.);
#22 = VERTEX_POINT('',#23);
#23 = CARTESIAN_POINT('',(16.25,0.,2.1));
#24 = CIRCLE('',#25,16.25);
#25 = AXIS2_PLACEMENT_3D('',#26,#27,#28);
#26 = CARTESIAN_POINT('',(0.,0.,2.1));
#27 = DIRECTION('',(0.,0.,1.));
#28 = DIRECTION('',(1.,0.,0.));
#29 = PLANE('',#30);
#30 = AXIS2_PLACEMENT_3D('',#31,#32,#33);
#31 = CARTESIAN_POINT('',(-1.009801944029E-15,6.830522425007E-16,2.1));
#32 = DIRECTION('',(0.,0.,1.));
#33 = DIRECTION('',(1.,0.,0.));
#34 = ADVANCED_FACE('',(#35),#53,.F.);
#35 = FACE_BOUND('',#36,.T.);
#36 = EDGE_LOOP('',(#37,#38,#45,#52));
#37 = ORIENTED_EDGE('',*,*,#21,.F.);
#38 = ORIENTED_EDGE('',*,*,#39,.F.);
#39 = EDGE_CURVE('',#40,#22,#42,.T.);
#40 = VERTEX_POINT('',#41);
#41 = CARTESIAN_POINT('',(16.25,0.,7.4));
#42 = B_SPLINE_CURVE_WITH_KNOTS('',1,(#43,#44),.UNSPECIFIED.,.F.,.F.,(2,
    2),(-1.,4.3),.PIECEWISE_BEZIER_KNOTS.);
#43 = CARTESIAN_POINT('',(16.25,-3.980102097229E-15,7.4));
#44 = CARTESIAN_POINT('',(16.25,-3.980102097229E-15,2.1));
#45 = ORIENTED_EDGE('',*,*,#46,.T.);
#46 = EDGE_CURVE('',#40,#40,#47,.T.);
#47 = CIRCLE('',#48,16.25);
#48 = AXIS2_PLACEMENT_3D('',#49,#50,#51);
#49 = CARTESIAN_POINT('',(0.,0.,7.4));
#50 = DIRECTION('',(0.,0.,1.));
#51 = DIRECTION('',(1.,0.,0.));
#52 = ORIENTED_EDGE('',*,*,#39,.T.);
#53 = CYLINDRICAL_SURFACE('',#54,16.25);
#54 = AXIS2_PLACEMENT_3D('',#55,#56,#57);
#55 = CARTESIAN_POINT('',(0.,0.,6.4));
#56 = DIRECTION('',(-0.,-0.,-1.));
#57 = DIRECTION('',(1.,0.,0.));
#58 = ADVANCED_FACE('',(#59,#70),#73,.T.);
#59 = FACE_BOUND('',#60,.T.);
#60 = EDGE_LOOP('',(#61));
#61 = ORIENTED_EDGE('',*,*,#62,.T.);
#62 = EDGE_CURVE('',#63,#63,#65,.T.);
#63 = VERTEX_POINT('',#64);
#64 = CARTESIAN_POINT('',(17.45,0.,7.4));
#65 = CIRCLE('',#66,17.45);
#66 = AXIS2_PLACEMENT_3D('',#67,#68,#69);
#67 = CARTESIAN_POINT('',(0.,0.,7.4));
#68 = DIRECTION('',(0.,0.,1.));
#69 = DIRECTION('',(1.,0.,0.));
#70 = FACE_BOUND('',#71,.F.);
#71 = EDGE_LOOP('',(#72));
#72 = ORIENTED_EDGE('',*,*,#46,.T.);
#73 = PLANE('',#74);
#74 = AXIS2_PLACEMENT_3D('',#75,#76,#77);
#75 = CARTESIAN_POINT('',(-1.460766907164E-15,1.303209558504E-15,7.4));
#76 = DIRECTION('',(0.,0.,1.));
#77 = DIRECTION('',(1.,0.,0.));
#78 = ADVANCED_FACE('',(#79),#98,.T.);
#79 = FACE_BOUND('',#80,.F.);
#80 = EDGE_LOOP('',(#81,#89,#90,#91));
#81 = ORIENTED_EDGE('',*,*,#82,.T.);
#82 = EDGE_CURVE('',#83,#63,#85,.T.);
#83 = VERTEX_POINT('',#84);
#84 = CARTESIAN_POINT('',(17.45,0.,6.4));
#85 = LINE('',#86,#87);
#86 = CARTESIAN_POINT('',(17.45,0.,6.4));
#87 = VECTOR('',#88,1.);
#88 = DIRECTION('',(0.,0.,1.));
#89 = ORIENTED_EDGE('',*,*,#62,.T.);
#90 = ORIENTED_EDGE('',*,*,#82,.F.);
#91 = ORIENTED_EDGE('',*,*,#92,.F.);
#92 = EDGE_CURVE('',#83,#83,#93,.T.);
#93 = CIRCLE('',#94,17.45);
#94 = AXIS2_PLACEMENT_3D('',#95,#96,#97);
#95 = CARTESIAN_POINT('',(0.,0.,6.4));
#96 = DIRECTION('',(0.,0.,1.));
#97 = DIRECTION('',(1.,0.,0.));
#98 = CYLINDRICAL_SURFACE('',#99,17.45);
#99 = AXIS2_PLACEMENT_3D('',#100,#101,#102);
#100 = CARTESIAN_POINT('',(0.,0.,6.4));
#101 = DIRECTION('',(-0.,-0.,-1.));
#102 = DIRECTION('',(1.,0.,0.));
#103 = ADVANCED_FACE('',(#104,#194,#205,#208,#219),#230,.T.);
#104 = FACE_BOUND('',#105,.T.);
#105 = EDGE_LOOP('',(#106,#117,#126,#134,#143,#151,#160,#169,#178,#187)
  );
#106 = ORIENTED_EDGE('',*,*,#107,.T.);
#107 = EDGE_CURVE('',#108,#110,#112,.T.);
#108 = VERTEX_POINT('',#109);
#109 = CARTESIAN_POINT('',(21.497838472773,-0.304862261631,6.4));
#110 = VERTEX_POINT('',#111);
#111 = CARTESIAN_POINT('',(21.5,-2.632990613944E-15,6.4));
#112 = CIRCLE('',#113,21.5);
#113 = AXIS2_PLACEMENT_3D('',#114,#115,#116);
#114 = CARTESIAN_POINT('',(0.,0.,6.4));
#115 = DIRECTION('',(0.,0.,1.));
#116 = DIRECTION('',(1.,0.,0.));
#117 = ORIENTED_EDGE('',*,*,#118,.T.);
#118 = EDGE_CURVE('',#110,#119,#121,.T.);
#119 = VERTEX_POINT('',#120);
#120 = CARTESIAN_POINT('',(10.08343640402,18.988794334715,6.4));
#121 = CIRCLE('',#122,21.5);
#122 = AXIS2_PLACEMENT_3D('',#123,#124,#125);
#123 = CARTESIAN_POINT('',(0.,0.,6.4));
#124 = DIRECTION('',(0.,0.,1.));
#125 = DIRECTION('',(1.,0.,0.));
#126 = ORIENTED_EDGE('',*,*,#127,.T.);
#127 = EDGE_CURVE('',#119,#128,#130,.T.);
#128 = VERTEX_POINT('',#129);
#129 = CARTESIAN_POINT('',(6.970801557239,29.138690574222,6.4));
#130 = LINE('',#131,#132);
#131 = CARTESIAN_POINT('',(10.08343640402,18.988794334715,6.4));
#132 = VECTOR('',#133,1.);
#133 = DIRECTION('',(-0.29318995718,0.956054208196,0.));
#134 = ORIENTED_EDGE('',*,*,#135,.T.);
#135 = EDGE_CURVE('',#128,#136,#138,.T.);
#136 = VERTEX_POINT('',#137);
#137 = CARTESIAN_POINT('',(-6.970801557239,29.138690574222,6.4));
#138 = CIRCLE('',#139,7.);
#139 = AXIS2_PLACEMENT_3D('',#140,#141,#142);
#140 = CARTESIAN_POINT('',(0.,28.5,6.4));
#141 = DIRECTION('',(0.,0.,1.));
#142 = DIRECTION('',(1.,0.,0.));
#143 = ORIENTED_EDGE('',*,*,#144,.T.);
#144 = EDGE_CURVE('',#136,#145,#147,.T.);
#145 = VERTEX_POINT('',#146);
#146 = CARTESIAN_POINT('',(-10.08343640402,18.988794334715,6.4));
#147 = LINE('',#148,#149);
#148 = CARTESIAN_POINT('',(-6.970801557239,29.138690574222,6.4));
#149 = VECTOR('',#150,1.);
#150 = DIRECTION('',(-0.29318995718,-0.956054208196,0.));
#151 = ORIENTED_EDGE('',*,*,#152,.T.);
#152 = EDGE_CURVE('',#145,#153,#155,.T.);
#153 = VERTEX_POINT('',#154);
#154 = CARTESIAN_POINT('',(-21.49783847277,-0.304862261631,6.4));
#155 = CIRCLE('',#156,21.5);
#156 = AXIS2_PLACEMENT_3D('',#157,#158,#159);
#157 = CARTESIAN_POINT('',(0.,0.,6.4));
#158 = DIRECTION('',(0.,0.,1.));
#159 = DIRECTION('',(1.,0.,0.));
#160 = ORIENTED_EDGE('',*,*,#161,.T.);
#161 = EDGE_CURVE('',#153,#162,#164,.T.);
#162 = VERTEX_POINT('',#163);
#163 = CARTESIAN_POINT('',(-19.22407056709,-9.627310674922,6.4));
#164 = CIRCLE('',#165,4.8);
#165 = AXIS2_PLACEMENT_3D('',#166,#167,#168);
#166 = CARTESIAN_POINT('',(-20.5,-5.,6.4));
#167 = DIRECTION('',(0.,0.,1.));
#168 = DIRECTION('',(1.,0.,0.));
#169 = ORIENTED_EDGE('',*,*,#170,.T.);
#170 = EDGE_CURVE('',#162,#171,#173,.T.);
#171 = VERTEX_POINT('',#172);
#172 = CARTESIAN_POINT('',(19.224070567092,-9.627310674921,6.4));
#173 = CIRCLE('',#174,21.5);
#174 = AXIS2_PLACEMENT_3D('',#175,#176,#177);
#175 = CARTESIAN_POINT('',(0.,0.,6.4));
#176 = DIRECTION('',(0.,0.,1.));
#177 = DIRECTION('',(1.,0.,0.));
#178 = ORIENTED_EDGE('',*,*,#179,.T.);
#179 = EDGE_CURVE('',#171,#180,#182,.T.);
#180 = VERTEX_POINT('',#181);
#181 = CARTESIAN_POINT('',(25.3,-5.,6.4));
#182 = CIRCLE('',#183,4.8);
#183 = AXIS2_PLACEMENT_3D('',#184,#185,#186);
#184 = CARTESIAN_POINT('',(20.5,-5.,6.4));
#185 = DIRECTION('',(0.,0.,1.));
#186 = DIRECTION('',(1.,0.,0.));
#187 = ORIENTED_EDGE('',*,*,#188,.T.);
#188 = EDGE_CURVE('',#180,#108,#189,.T.);
#189 = CIRCLE('',#190,4.8);
#190 = AXIS2_PLACEMENT_3D('',#191,#192,#193);
#191 = CARTESIAN_POINT('',(20.5,-5.,6.4));
#192 = DIRECTION('',(0.,0.,1.));
#193 = DIRECTION('',(1.,0.,0.));
#194 = FACE_BOUND('',#195,.T.);
#195 = EDGE_LOOP('',(#196));
#196 = ORIENTED_EDGE('',*,*,#197,.F.);
#197 = EDGE_CURVE('',#198,#198,#200,.T.);
#198 = VERTEX_POINT('',#199);
#199 = CARTESIAN_POINT('',(-19.05,-5.,6.4));
#200 = CIRCLE('',#201,1.45);
#201 = AXIS2_PLACEMENT_3D('',#202,#203,#204);
#202 = CARTESIAN_POINT('',(-20.5,-5.,6.4));
#203 = DIRECTION('',(0.,0.,1.));
#204 = DIRECTION('',(1.,0.,0.));
#205 = FACE_BOUND('',#206,.T.);
#206 = EDGE_LOOP('',(#207));
#207 = ORIENTED_EDGE('',*,*,#92,.F.);
#208 = FACE_BOUND('',#209,.T.);
#209 = EDGE_LOOP('',(#210));
#210 = ORIENTED_EDGE('',*,*,#211,.F.);
#211 = EDGE_CURVE('',#212,#212,#214,.T.);
#212 = VERTEX_POINT('',#213);
#213 = CARTESIAN_POINT('',(21.95,-5.,6.4));
#214 = CIRCLE('',#215,1.45);
#215 = AXIS2_PLACEMENT_3D('',#216,#217,#218);
#216 = CARTESIAN_POINT('',(20.5,-5.,6.4));
#217 = DIRECTION('',(0.,0.,1.));
#218 = DIRECTION('',(1.,0.,0.));
#219 = FACE_BOUND('',#220,.T.);
#220 = EDGE_LOOP('',(#221));
#221 = ORIENTED_EDGE('',*,*,#222,.F.);
#222 = EDGE_CURVE('',#223,#223,#225,.T.);
#223 = VERTEX_POINT('',#224);
#224 = CARTESIAN_POINT('',(3.25,28.5,6.4));
#225 = CIRCLE('',#226,3.25);
#226 = AXIS2_PLACEMENT_3D('',#227,#228,#229);
#227 = CARTESIAN_POINT('',(0.,28.5,6.4));
#228 = DIRECTION('',(0.,0.,1.));
#229 = DIRECTION('',(1.,0.,0.));
#230 = PLANE('',#231);
#231 = AXIS2_PLACEMENT_3D('',#232,#233,#234);
#232 = CARTESIAN_POINT('',(9.523856638469E-02,4.300277953447,6.4));
#233 = DIRECTION('',(0.,0.,1.));
#234 = DIRECTION('',(1.,0.,0.));
#235 = ADVANCED_FACE('',(#236),#272,.T.);
#236 = FACE_BOUND('',#237,.F.);
#237 = EDGE_LOOP('',(#238,#246,#255,#264,#270,#271));
#238 = ORIENTED_EDGE('',*,*,#239,.F.);
#239 = EDGE_CURVE('',#240,#119,#242,.T.);
#240 = VERTEX_POINT('',#241);
#241 = CARTESIAN_POINT('',(10.08343640402,18.988794334715,0.65));
#242 = LINE('',#243,#244);
#243 = CARTESIAN_POINT('',(10.08343640402,18.988794334715,0.));
#244 = VECTOR('',#245,1.);
#245 = DIRECTION('',(0.,0.,1.));
#246 = ORIENTED_EDGE('',*,*,#247,.F.);
#247 = EDGE_CURVE('',#248,#240,#250,.T.);
#248 = VERTEX_POINT('',#249);
#249 = CARTESIAN_POINT('',(21.5,-5.329070518201E-15,0.65));
#250 = CIRCLE('',#251,21.5);
#251 = AXIS2_PLACEMENT_3D('',#252,#253,#254);
#252 = CARTESIAN_POINT('',(0.,0.,0.65));
#253 = DIRECTION('',(0.,0.,1.));
#254 = DIRECTION('',(1.,0.,0.));
#255 = ORIENTED_EDGE('',*,*,#256,.F.);
#256 = EDGE_CURVE('',#257,#248,#259,.T.);
#257 = VERTEX_POINT('',#258);
#258 = CARTESIAN_POINT('',(21.497838472773,-0.304862261631,0.65));
#259 = CIRCLE('',#260,21.5);
#260 = AXIS2_PLACEMENT_3D('',#261,#262,#263);
#261 = CARTESIAN_POINT('',(0.,0.,0.65));
#262 = DIRECTION('',(-0.,0.,1.));
#263 = DIRECTION('',(0.99989946385,-1.417964007588E-02,0.));
#264 = ORIENTED_EDGE('',*,*,#265,.T.);
#265 = EDGE_CURVE('',#257,#108,#266,.T.);
#266 = LINE('',#267,#268);
#267 = CARTESIAN_POINT('',(21.497838472773,-0.304862261631,0.));
#268 = VECTOR('',#269,1.);
#269 = DIRECTION('',(0.,0.,1.));
#270 = ORIENTED_EDGE('',*,*,#107,.T.);
#271 = ORIENTED_EDGE('',*,*,#118,.T.);
#272 = CYLINDRICAL_SURFACE('',#273,21.5);
#273 = AXIS2_PLACEMENT_3D('',#274,#275,#276);
#274 = CARTESIAN_POINT('',(0.,0.,0.));
#275 = DIRECTION('',(-0.,-0.,-1.));
#276 = DIRECTION('',(1.,0.,0.));
#277 = ADVANCED_FACE('',(#278),#307,.T.);
#278 = FACE_BOUND('',#279,.F.);
#279 = EDGE_LOOP('',(#280,#281,#290,#299,#305,#306));
#280 = ORIENTED_EDGE('',*,*,#265,.F.);
#281 = ORIENTED_EDGE('',*,*,#282,.F.);
#282 = EDGE_CURVE('',#283,#257,#285,.T.);
#283 = VERTEX_POINT('',#284);
#284 = CARTESIAN_POINT('',(25.3,-5.,0.65));
#285 = CIRCLE('',#286,4.8);
#286 = AXIS2_PLACEMENT_3D('',#287,#288,#289);
#287 = CARTESIAN_POINT('',(20.5,-5.,0.65));
#288 = DIRECTION('',(-0.,0.,1.));
#289 = DIRECTION('',(1.,-1.850371707709E-16,0.));
#290 = ORIENTED_EDGE('',*,*,#291,.F.);
#291 = EDGE_CURVE('',#292,#283,#294,.T.);
#292 = VERTEX_POINT('',#293);
#293 = CARTESIAN_POINT('',(19.224070567092,-9.627310674921,0.65));
#294 = CIRCLE('',#295,4.8);
#295 = AXIS2_PLACEMENT_3D('',#296,#297,#298);
#296 = CARTESIAN_POINT('',(20.5,-5.,0.65));
#297 = DIRECTION('',(0.,0.,1.));
#298 = DIRECTION('',(-0.265818631856,-0.964023057275,0.));
#299 = ORIENTED_EDGE('',*,*,#300,.T.);
#300 = EDGE_CURVE('',#292,#171,#301,.T.);
#301 = LINE('',#302,#303);
#302 = CARTESIAN_POINT('',(19.224070567092,-9.627310674921,0.));
#303 = VECTOR('',#304,1.);
#304 = DIRECTION('',(0.,0.,1.));
#305 = ORIENTED_EDGE('',*,*,#179,.T.);
#306 = ORIENTED_EDGE('',*,*,#188,.T.);
#307 = CYLINDRICAL_SURFACE('',#308,4.8);
#308 = AXIS2_PLACEMENT_3D('',#309,#310,#311);
#309 = CARTESIAN_POINT('',(20.5,-5.,0.));
#310 = DIRECTION('',(-0.,-0.,-1.));
#311 = DIRECTION('',(1.,0.,0.));
#312 = ADVANCED_FACE('',(#313),#331,.F.);
#313 = FACE_BOUND('',#314,.F.);
#314 = EDGE_LOOP('',(#315,#316,#317,#325));
#315 = ORIENTED_EDGE('',*,*,#239,.T.);
#316 = ORIENTED_EDGE('',*,*,#127,.T.);
#317 = ORIENTED_EDGE('',*,*,#318,.F.);
#318 = EDGE_CURVE('',#319,#128,#321,.T.);
#319 = VERTEX_POINT('',#320);
#320 = CARTESIAN_POINT('',(6.970801557239,29.138690574222,0.65));
#321 = LINE('',#322,#323);
#322 = CARTESIAN_POINT('',(6.970801557239,29.138690574222,0.));
#323 = VECTOR('',#324,1.);
#324 = DIRECTION('',(0.,0.,1.));
#325 = ORIENTED_EDGE('',*,*,#326,.F.);
#326 = EDGE_CURVE('',#240,#319,#327,.T.);
#327 = LINE('',#328,#329);
#328 = CARTESIAN_POINT('',(10.08343640402,18.988794334715,0.65));
#329 = VECTOR('',#330,1.);
#330 = DIRECTION('',(-0.29318995718,0.956054208196,0.));
#331 = PLANE('',#332);
#332 = AXIS2_PLACEMENT_3D('',#333,#334,#335);
#333 = CARTESIAN_POINT('',(10.08343640402,18.988794334715,0.));
#334 = DIRECTION('',(-0.956054208196,-0.29318995718,0.));
#335 = DIRECTION('',(-0.29318995718,0.956054208196,0.));
#336 = ADVANCED_FACE('',(#337),#356,.T.);
#337 = FACE_BOUND('',#338,.F.);
#338 = EDGE_LOOP('',(#339,#347,#348,#349));
#339 = ORIENTED_EDGE('',*,*,#340,.T.);
#340 = EDGE_CURVE('',#341,#162,#343,.T.);
#341 = VERTEX_POINT('',#342);
#342 = CARTESIAN_POINT('',(-19.22407056709,-9.627310674921,0.65));
#343 = LINE('',#344,#345);
#344 = CARTESIAN_POINT('',(-19.22407056709,-9.627310674922,0.));
#345 = VECTOR('',#346,1.);
#346 = DIRECTION('',(0.,0.,1.));
#347 = ORIENTED_EDGE('',*,*,#170,.T.);
#348 = ORIENTED_EDGE('',*,*,#300,.F.);
#349 = ORIENTED_EDGE('',*,*,#350,.F.);
#350 = EDGE_CURVE('',#341,#292,#351,.T.);
#351 = CIRCLE('',#352,21.5);
#352 = AXIS2_PLACEMENT_3D('',#353,#354,#355);
#353 = CARTESIAN_POINT('',(0.,0.,0.65));
#354 = DIRECTION('',(0.,0.,1.));
#355 = DIRECTION('',(-0.894142817074,-0.447781891857,0.));
#356 = CYLINDRICAL_SURFACE('',#357,21.5);
#357 = AXIS2_PLACEMENT_3D('',#358,#359,#360);
#358 = CARTESIAN_POINT('',(0.,0.,0.));
#359 = DIRECTION('',(-0.,-0.,-1.));
#360 = DIRECTION('',(1.,0.,0.));
#361 = ADVANCED_FACE('',(#362),#381,.T.);
#362 = FACE_BOUND('',#363,.F.);
#363 = EDGE_LOOP('',(#364,#365,#366,#374));
#364 = ORIENTED_EDGE('',*,*,#318,.T.);
#365 = ORIENTED_EDGE('',*,*,#135,.T.);
#366 = ORIENTED_EDGE('',*,*,#367,.F.);
#367 = EDGE_CURVE('',#368,#136,#370,.T.);
#368 = VERTEX_POINT('',#369);
#369 = CARTESIAN_POINT('',(-6.970801557239,29.138690574222,0.65));
#370 = LINE('',#371,#372);
#371 = CARTESIAN_POINT('',(-6.970801557239,29.138690574222,0.));
#372 = VECTOR('',#373,1.);
#373 = DIRECTION('',(0.,0.,1.));
#374 = ORIENTED_EDGE('',*,*,#375,.F.);
#375 = EDGE_CURVE('',#319,#368,#376,.T.);
#376 = CIRCLE('',#377,7.);
#377 = AXIS2_PLACEMENT_3D('',#378,#379,#380);
#378 = CARTESIAN_POINT('',(0.,28.5,0.65));
#379 = DIRECTION('',(0.,-0.,1.));
#380 = DIRECTION('',(0.995828793891,9.124151060311E-02,0.));
#381 = CYLINDRICAL_SURFACE('',#382,7.);
#382 = AXIS2_PLACEMENT_3D('',#383,#384,#385);
#383 = CARTESIAN_POINT('',(0.,28.5,0.));
#384 = DIRECTION('',(-0.,-0.,-1.));
#385 = DIRECTION('',(1.,0.,0.));
#386 = ADVANCED_FACE('',(#387),#406,.T.);
#387 = FACE_BOUND('',#388,.F.);
#388 = EDGE_LOOP('',(#389,#397,#398,#399));
#389 = ORIENTED_EDGE('',*,*,#390,.T.);
#390 = EDGE_CURVE('',#391,#153,#393,.T.);
#391 = VERTEX_POINT('',#392);
#392 = CARTESIAN_POINT('',(-21.49783847277,-0.304862261631,0.65));
#393 = LINE('',#394,#395);
#394 = CARTESIAN_POINT('',(-21.49783847277,-0.304862261631,0.));
#395 = VECTOR('',#396,1.);
#396 = DIRECTION('',(0.,0.,1.));
#397 = ORIENTED_EDGE('',*,*,#161,.T.);
#398 = ORIENTED_EDGE('',*,*,#340,.F.);
#399 = ORIENTED_EDGE('',*,*,#400,.F.);
#400 = EDGE_CURVE('',#391,#341,#401,.T.);
#401 = CIRCLE('',#402,4.8);
#402 = AXIS2_PLACEMENT_3D('',#403,#404,#405);
#403 = CARTESIAN_POINT('',(-20.5,-5.,0.65));
#404 = DIRECTION('',(0.,0.,1.));
#405 = DIRECTION('',(-0.207883015161,0.978153695493,0.));
#406 = CYLINDRICAL_SURFACE('',#407,4.8);
#407 = AXIS2_PLACEMENT_3D('',#408,#409,#410);
#408 = CARTESIAN_POINT('',(-20.5,-5.,0.));
#409 = DIRECTION('',(-0.,-0.,-1.));
#410 = DIRECTION('',(1.,0.,0.));
#411 = ADVANCED_FACE('',(#412),#430,.F.);
#412 = FACE_BOUND('',#413,.F.);
#413 = EDGE_LOOP('',(#414,#415,#416,#424));
#414 = ORIENTED_EDGE('',*,*,#367,.T.);
#415 = ORIENTED_EDGE('',*,*,#144,.T.);
#416 = ORIENTED_EDGE('',*,*,#417,.F.);
#417 = EDGE_CURVE('',#418,#145,#420,.T.);
#418 = VERTEX_POINT('',#419);
#419 = CARTESIAN_POINT('',(-10.08343640402,18.988794334715,0.65));
#420 = LINE('',#421,#422);
#421 = CARTESIAN_POINT('',(-10.08343640402,18.988794334715,0.));
#422 = VECTOR('',#423,1.);
#423 = DIRECTION('',(0.,0.,1.));
#424 = ORIENTED_EDGE('',*,*,#425,.F.);
#425 = EDGE_CURVE('',#368,#418,#426,.T.);
#426 = LINE('',#427,#428);
#427 = CARTESIAN_POINT('',(-6.970801557239,29.138690574222,0.65));
#428 = VECTOR('',#429,1.);
#429 = DIRECTION('',(-0.29318995718,-0.956054208196,0.));
#430 = PLANE('',#431);
#431 = AXIS2_PLACEMENT_3D('',#432,#433,#434);
#432 = CARTESIAN_POINT('',(-6.970801557239,29.138690574222,0.));
#433 = DIRECTION('',(0.956054208196,-0.29318995718,0.));
#434 = DIRECTION('',(-0.29318995718,-0.956054208196,0.));
#435 = ADVANCED_FACE('',(#436),#448,.T.);
#436 = FACE_BOUND('',#437,.F.);
#437 = EDGE_LOOP('',(#438,#439,#440,#441));
#438 = ORIENTED_EDGE('',*,*,#417,.T.);
#439 = ORIENTED_EDGE('',*,*,#152,.T.);
#440 = ORIENTED_EDGE('',*,*,#390,.F.);
#441 = ORIENTED_EDGE('',*,*,#442,.F.);
#442 = EDGE_CURVE('',#418,#391,#443,.T.);
#443 = CIRCLE('',#444,21.5);
#444 = AXIS2_PLACEMENT_3D('',#445,#446,#447);
#445 = CARTESIAN_POINT('',(0.,0.,0.65));
#446 = DIRECTION('',(0.,0.,1.));
#447 = DIRECTION('',(-0.468997042047,0.883199736498,0.));
#448 = CYLINDRICAL_SURFACE('',#449,21.5);
#449 = AXIS2_PLACEMENT_3D('',#450,#451,#452);
#450 = CARTESIAN_POINT('',(0.,0.,0.));
#451 = DIRECTION('',(-0.,-0.,-1.));
#452 = DIRECTION('',(1.,0.,0.));
#453 = ADVANCED_FACE('',(#454),#473,.F.);
#454 = FACE_BOUND('',#455,.F.);
#455 = EDGE_LOOP('',(#456,#457,#465,#472));
#456 = ORIENTED_EDGE('',*,*,#197,.F.);
#457 = ORIENTED_EDGE('',*,*,#458,.T.);
#458 = EDGE_CURVE('',#198,#459,#461,.T.);
#459 = VERTEX_POINT('',#460);
#460 = CARTESIAN_POINT('',(-19.05,-5.,4.8));
#461 = LINE('',#462,#463);
#462 = CARTESIAN_POINT('',(-19.05,-5.,6.4));
#463 = VECTOR('',#464,1.);
#464 = DIRECTION('',(-0.,-0.,-1.));
#465 = ORIENTED_EDGE('',*,*,#466,.T.);
#466 = EDGE_CURVE('',#459,#459,#467,.T.);
#467 = CIRCLE('',#468,1.45);
#468 = AXIS2_PLACEMENT_3D('',#469,#470,#471);
#469 = CARTESIAN_POINT('',(-20.5,-5.,4.8));
#470 = DIRECTION('',(0.,0.,1.));
#471 = DIRECTION('',(1.,0.,0.));
#472 = ORIENTED_EDGE('',*,*,#458,.F.);
#473 = CYLINDRICAL_SURFACE('',#474,1.45);
#474 = AXIS2_PLACEMENT_3D('',#475,#476,#477);
#475 = CARTESIAN_POINT('',(-20.5,-5.,6.4));
#476 = DIRECTION('',(0.,0.,1.));
#477 = DIRECTION('',(1.,0.,0.));
#478 = ADVANCED_FACE('',(#479),#498,.F.);
#479 = FACE_BOUND('',#480,.F.);
#480 = EDGE_LOOP('',(#481,#482,#490,#497));
#481 = ORIENTED_EDGE('',*,*,#211,.F.);
#482 = ORIENTED_EDGE('',*,*,#483,.T.);
#483 = EDGE_CURVE('',#212,#484,#486,.T.);
#484 = VERTEX_POINT('',#485);
#485 = CARTESIAN_POINT('',(21.95,-5.,4.8));
#486 = LINE('',#487,#488);
#487 = CARTESIAN_POINT('',(21.95,-5.,6.4));
#488 = VECTOR('',#489,1.);
#489 = DIRECTION('',(-0.,-0.,-1.));
#490 = ORIENTED_EDGE('',*,*,#491,.T.);
#491 = EDGE_CURVE('',#484,#484,#492,.T.);
#492 = CIRCLE('',#493,1.45);
#493 = AXIS2_PLACEMENT_3D('',#494,#495,#496);
#494 = CARTESIAN_POINT('',(20.5,-5.,4.8));
#495 = DIRECTION('',(0.,0.,1.));
#496 = DIRECTION('',(1.,0.,0.));
#497 = ORIENTED_EDGE('',*,*,#483,.F.);
#498 = CYLINDRICAL_SURFACE('',#499,1.45);
#499 = AXIS2_PLACEMENT_3D('',#500,#501,#502);
#500 = CARTESIAN_POINT('',(20.5,-5.,6.4));
#501 = DIRECTION('',(0.,0.,1.));
#502 = DIRECTION('',(1.,0.,0.));
#503 = ADVANCED_FACE('',(#504),#523,.F.);
#504 = FACE_BOUND('',#505,.F.);
#505 = EDGE_LOOP('',(#506,#514,#521,#522));
#506 = ORIENTED_EDGE('',*,*,#507,.T.);
#507 = EDGE_CURVE('',#223,#508,#510,.T.);
#508 = VERTEX_POINT('',#509);
#509 = CARTESIAN_POINT('',(3.25,28.5,0.));
#510 = LINE('',#511,#512);
#511 = CARTESIAN_POINT('',(3.25,28.5,6.4));
#512 = VECTOR('',#513,1.);
#513 = DIRECTION('',(-0.,-0.,-1.));
#514 = ORIENTED_EDGE('',*,*,#515,.T.);
#515 = EDGE_CURVE('',#508,#508,#516,.T.);
#516 = CIRCLE('',#517,3.25);
#517 = AXIS2_PLACEMENT_3D('',#518,#519,#520);
#518 = CARTESIAN_POINT('',(0.,28.5,0.));
#519 = DIRECTION('',(0.,0.,1.));
#520 = DIRECTION('',(1.,0.,0.));
#521 = ORIENTED_EDGE('',*,*,#507,.F.);
#522 = ORIENTED_EDGE('',*,*,#222,.F.);
#523 = CYLINDRICAL_SURFACE('',#524,3.25);
#524 = AXIS2_PLACEMENT_3D('',#525,#526,#527);
#525 = CARTESIAN_POINT('',(0.,28.5,6.4));
#526 = DIRECTION('',(0.,0.,1.));
#527 = DIRECTION('',(1.,0.,0.));
#528 = ADVANCED_FACE('',(#529),#556,.T.);
#529 = FACE_BOUND('',#530,.T.);
#530 = EDGE_LOOP('',(#531,#539,#548,#555));
#531 = ORIENTED_EDGE('',*,*,#532,.F.);
#532 = EDGE_CURVE('',#533,#248,#535,.T.);
#533 = VERTEX_POINT('',#534);
#534 = CARTESIAN_POINT('',(20.85,-5.107025913276E-15,0.));
#535 = LINE('',#536,#537);
#536 = CARTESIAN_POINT('',(21.5,-5.329070518201E-15,0.65));
#537 = VECTOR('',#538,1.);
#538 = DIRECTION('',(0.707106781187,-1.734723475977E-16,0.707106781187)
  );
#539 = ORIENTED_EDGE('',*,*,#540,.T.);
#540 = EDGE_CURVE('',#533,#541,#543,.T.);
#541 = VERTEX_POINT('',#542);
#542 = CARTESIAN_POINT('',(9.541614977174,18.538610617503,
    -4.440892098501E-16));
#543 = CIRCLE('',#544,20.85);
#544 = AXIS2_PLACEMENT_3D('',#545,#546,#547);
#545 = CARTESIAN_POINT('',(0.,0.,0.));
#546 = DIRECTION('',(0.,0.,1.));
#547 = DIRECTION('',(1.,0.,0.));
#548 = ORIENTED_EDGE('',*,*,#549,.F.);
#549 = EDGE_CURVE('',#240,#541,#550,.T.);
#550 = PARABOLA('',#551,2.224686766689);
#551 = AXIS2_PLACEMENT_3D('',#552,#553,#554);
#552 = CARTESIAN_POINT('',(-3.007920729655,-0.922429023761,
    -17.70381780251));
#553 = DIRECTION('',(0.676032413797,0.207316606898,-0.707106781187));
#554 = DIRECTION('',(0.676032413797,0.207316606898,0.707106781187));
#555 = ORIENTED_EDGE('',*,*,#247,.F.);
#556 = CONICAL_SURFACE('',#557,21.5,0.785398163397);
#557 = AXIS2_PLACEMENT_3D('',#558,#559,#560);
#558 = CARTESIAN_POINT('',(0.,0.,0.65));
#559 = DIRECTION('',(0.,0.,1.));
#560 = DIRECTION('',(1.,0.,0.));
#561 = ADVANCED_FACE('',(#562),#583,.T.);
#562 = FACE_BOUND('',#563,.T.);
#563 = EDGE_LOOP('',(#564,#574,#581,#582));
#564 = ORIENTED_EDGE('',*,*,#565,.F.);
#565 = EDGE_CURVE('',#566,#257,#568,.T.);
#566 = VERTEX_POINT('',#567);
#567 = CARTESIAN_POINT('',(20.832119294573,-0.863310892251,0.));
#568 = B_SPLINE_CURVE_WITH_KNOTS('',4,(#569,#570,#571,#572,#573),
  .UNSPECIFIED.,.F.,.F.,(5,5),(0.,1.),.PIECEWISE_BEZIER_KNOTS.);
#569 = CARTESIAN_POINT('',(20.832119294573,-0.863310892251,
    -3.330669073875E-16));
#570 = CARTESIAN_POINT('',(20.999143942925,-0.71544450784,0.160758884381
    ));
#571 = CARTESIAN_POINT('',(21.165741650361,-0.573868065466,
    0.322876895793));
#572 = CARTESIAN_POINT('',(21.331963529019,-0.437252940418,
    0.486018984849));
#573 = CARTESIAN_POINT('',(21.497838472773,-0.304862261631,0.65));
#574 = ORIENTED_EDGE('',*,*,#575,.T.);
#575 = EDGE_CURVE('',#566,#533,#576,.T.);
#576 = CIRCLE('',#577,20.85);
#577 = AXIS2_PLACEMENT_3D('',#578,#579,#580);
#578 = CARTESIAN_POINT('',(0.,0.,0.));
#579 = DIRECTION('',(-0.,0.,1.));
#580 = DIRECTION('',(0.99989946385,-1.417964007588E-02,0.));
#581 = ORIENTED_EDGE('',*,*,#532,.T.);
#582 = ORIENTED_EDGE('',*,*,#256,.F.);
#583 = CONICAL_SURFACE('',#584,21.5,0.785398163397);
#584 = AXIS2_PLACEMENT_3D('',#585,#586,#587);
#585 = CARTESIAN_POINT('',(0.,0.,0.65));
#586 = DIRECTION('',(0.,0.,1.));
#587 = DIRECTION('',(0.99989946385,-1.417964007588E-02,0.));
#588 = ADVANCED_FACE('',(#589),#608,.T.);
#589 = FACE_BOUND('',#590,.T.);
#590 = EDGE_LOOP('',(#591,#599,#606,#607));
#591 = ORIENTED_EDGE('',*,*,#592,.F.);
#592 = EDGE_CURVE('',#593,#283,#595,.T.);
#593 = VERTEX_POINT('',#594);
#594 = CARTESIAN_POINT('',(24.65,-5.,-6.661338147751E-16));
#595 = LINE('',#596,#597);
#596 = CARTESIAN_POINT('',(25.3,-5.,0.65));
#597 = VECTOR('',#598,1.);
#598 = DIRECTION('',(0.707106781187,-3.608224830032E-16,0.707106781187)
  );
#599 = ORIENTED_EDGE('',*,*,#600,.T.);
#600 = EDGE_CURVE('',#593,#566,#601,.T.);
#601 = CIRCLE('',#602,4.15);
#602 = AXIS2_PLACEMENT_3D('',#603,#604,#605);
#603 = CARTESIAN_POINT('',(20.5,-5.,0.));
#604 = DIRECTION('',(-0.,0.,1.));
#605 = DIRECTION('',(1.,-1.850371707709E-16,0.));
#606 = ORIENTED_EDGE('',*,*,#565,.T.);
#607 = ORIENTED_EDGE('',*,*,#282,.F.);
#608 = CONICAL_SURFACE('',#609,4.8,0.785398163397);
#609 = AXIS2_PLACEMENT_3D('',#610,#611,#612);
#610 = CARTESIAN_POINT('',(20.5,-5.,0.65));
#611 = DIRECTION('',(0.,0.,1.));
#612 = DIRECTION('',(1.,-1.850371707709E-16,0.));
#613 = ADVANCED_FACE('',(#614),#634,.T.);
#614 = FACE_BOUND('',#615,.T.);
#615 = EDGE_LOOP('',(#616,#625,#632,#633));
#616 = ORIENTED_EDGE('',*,*,#617,.T.);
#617 = EDGE_CURVE('',#292,#618,#620,.T.);
#618 = VERTEX_POINT('',#619);
#619 = CARTESIAN_POINT('',(18.890227701497,-8.825066423864,0.));
#620 = HYPERBOLA('',#621,13.454924748953,6.449030934955);
#621 = AXIS2_PLACEMENT_3D('',#622,#623,#624);
#622 = CARTESIAN_POINT('',(10.25,-2.5,-12.5));
#623 = DIRECTION('',(-0.761802848492,0.185805572803,0.620590613162));
#624 = DIRECTION('',(0.602916402745,-0.147052781157,0.784134740243));
#625 = ORIENTED_EDGE('',*,*,#626,.T.);
#626 = EDGE_CURVE('',#618,#593,#627,.T.);
#627 = CIRCLE('',#628,4.15);
#628 = AXIS2_PLACEMENT_3D('',#629,#630,#631);
#629 = CARTESIAN_POINT('',(20.5,-5.,0.));
#630 = DIRECTION('',(0.,0.,1.));
#631 = DIRECTION('',(-0.265818631856,-0.964023057275,0.));
#632 = ORIENTED_EDGE('',*,*,#592,.T.);
#633 = ORIENTED_EDGE('',*,*,#291,.F.);
#634 = CONICAL_SURFACE('',#635,4.8,0.785398163397);
#635 = AXIS2_PLACEMENT_3D('',#636,#637,#638);
#636 = CARTESIAN_POINT('',(20.5,-5.,0.65));
#637 = DIRECTION('',(0.,0.,1.));
#638 = DIRECTION('',(-0.265818631856,-0.964023057275,0.));
#639 = ADVANCED_FACE('',(#640),#659,.T.);
#640 = FACE_BOUND('',#641,.F.);
#641 = EDGE_LOOP('',(#642,#643,#644,#653));
#642 = ORIENTED_EDGE('',*,*,#549,.F.);
#643 = ORIENTED_EDGE('',*,*,#326,.T.);
#644 = ORIENTED_EDGE('',*,*,#645,.T.);
#645 = EDGE_CURVE('',#319,#646,#648,.T.);
#646 = VERTEX_POINT('',#647);
#647 = CARTESIAN_POINT('',(6.329163246057,29.013996697234,
    -1.054711873394E-15));
#648 = PARABOLA('',#649,5.242425137982E-02);
#649 = AXIS2_PLACEMENT_3D('',#650,#651,#652);
#650 = CARTESIAN_POINT('',(-7.088098640361E-02,28.47826316417,
    -6.275860912701));
#651 = DIRECTION('',(-0.676032413797,-0.207316606898,0.707106781187));
#652 = DIRECTION('',(0.676032413797,0.207316606898,0.707106781187));
#653 = ORIENTED_EDGE('',*,*,#654,.F.);
#654 = EDGE_CURVE('',#541,#646,#655,.T.);
#655 = LINE('',#656,#657);
#656 = CARTESIAN_POINT('',(9.462001168693,18.798220862548,0.));
#657 = VECTOR('',#658,1.);
#658 = DIRECTION('',(-0.29318995718,0.956054208196,0.));
#659 = PLANE('',#660);
#660 = AXIS2_PLACEMENT_3D('',#661,#662,#663);
#661 = CARTESIAN_POINT('',(9.772718786357,18.893507598631,0.325));
#662 = DIRECTION('',(0.676032413797,0.207316606898,-0.707106781187));
#663 = DIRECTION('',(0.29318995718,-0.956054208196,5.551115123126E-17));
#664 = ADVANCED_FACE('',(#665),#685,.T.);
#665 = FACE_BOUND('',#666,.F.);
#666 = EDGE_LOOP('',(#667,#676,#677,#678));
#667 = ORIENTED_EDGE('',*,*,#668,.F.);
#668 = EDGE_CURVE('',#341,#669,#671,.T.);
#669 = VERTEX_POINT('',#670);
#670 = CARTESIAN_POINT('',(-18.89022770149,-8.825066423864,
    -6.661338147751E-16));
#671 = HYPERBOLA('',#672,13.454924748953,6.449030934955);
#672 = AXIS2_PLACEMENT_3D('',#673,#674,#675);
#673 = CARTESIAN_POINT('',(-10.25,-2.5,-12.5));
#674 = DIRECTION('',(-0.761802848492,-0.185805572803,-0.620590613162));
#675 = DIRECTION('',(-0.602916402745,-0.147052781157,0.784134740243));
#676 = ORIENTED_EDGE('',*,*,#350,.T.);
#677 = ORIENTED_EDGE('',*,*,#617,.T.);
#678 = ORIENTED_EDGE('',*,*,#679,.F.);
#679 = EDGE_CURVE('',#669,#618,#680,.T.);
#680 = CIRCLE('',#681,20.85);
#681 = AXIS2_PLACEMENT_3D('',#682,#683,#684);
#682 = CARTESIAN_POINT('',(0.,0.,0.));
#683 = DIRECTION('',(0.,0.,1.));
#684 = DIRECTION('',(-0.894142817074,-0.447781891857,0.));
#685 = CONICAL_SURFACE('',#686,21.5,0.785398163397);
#686 = AXIS2_PLACEMENT_3D('',#687,#688,#689);
#687 = CARTESIAN_POINT('',(0.,0.,0.65));
#688 = DIRECTION('',(0.,0.,1.));
#689 = DIRECTION('',(-0.894142817074,-0.447781891857,0.));
#690 = ADVANCED_FACE('',(#691),#711,.T.);
#691 = FACE_BOUND('',#692,.F.);
#692 = EDGE_LOOP('',(#693,#694,#695,#704));
#693 = ORIENTED_EDGE('',*,*,#645,.F.);
#694 = ORIENTED_EDGE('',*,*,#375,.T.);
#695 = ORIENTED_EDGE('',*,*,#696,.T.);
#696 = EDGE_CURVE('',#368,#697,#699,.T.);
#697 = VERTEX_POINT('',#698);
#698 = CARTESIAN_POINT('',(-6.329163246057,29.013996697234,0.));
#699 = PARABOLA('',#700,5.242425137981E-02);
#700 = AXIS2_PLACEMENT_3D('',#701,#702,#703);
#701 = CARTESIAN_POINT('',(7.088098640361E-02,28.47826316417,
    -6.275860912701));
#702 = DIRECTION('',(-0.676032413797,0.207316606898,-0.707106781187));
#703 = DIRECTION('',(-0.676032413797,0.207316606898,0.707106781187));
#704 = ORIENTED_EDGE('',*,*,#705,.F.);
#705 = EDGE_CURVE('',#646,#697,#706,.T.);
#706 = CIRCLE('',#707,6.35);
#707 = AXIS2_PLACEMENT_3D('',#708,#709,#710);
#708 = CARTESIAN_POINT('',(0.,28.5,0.));
#709 = DIRECTION('',(0.,-0.,1.));
#710 = DIRECTION('',(0.995828793891,9.124151060311E-02,0.));
#711 = CONICAL_SURFACE('',#712,7.,0.785398163397);
#712 = AXIS2_PLACEMENT_3D('',#713,#714,#715);
#713 = CARTESIAN_POINT('',(0.,28.5,0.65));
#714 = DIRECTION('',(0.,0.,1.));
#715 = DIRECTION('',(0.995828793891,9.124151060311E-02,0.));
#716 = ADVANCED_FACE('',(#717),#737,.T.);
#717 = FACE_BOUND('',#718,.F.);
#718 = EDGE_LOOP('',(#719,#728,#729,#730));
#719 = ORIENTED_EDGE('',*,*,#720,.F.);
#720 = EDGE_CURVE('',#391,#721,#723,.T.);
#721 = VERTEX_POINT('',#722);
#722 = CARTESIAN_POINT('',(-20.83211929457,-0.863310892251,0.));
#723 = HYPERBOLA('',#724,13.454924748953,6.449030934955);
#724 = AXIS2_PLACEMENT_3D('',#725,#726,#727);
#725 = CARTESIAN_POINT('',(-10.25,-2.5,-12.5));
#726 = DIRECTION('',(0.761802848492,0.185805572803,0.620590613162));
#727 = DIRECTION('',(-0.602916402745,-0.147052781157,0.784134740243));
#728 = ORIENTED_EDGE('',*,*,#400,.T.);
#729 = ORIENTED_EDGE('',*,*,#668,.T.);
#730 = ORIENTED_EDGE('',*,*,#731,.F.);
#731 = EDGE_CURVE('',#721,#669,#732,.T.);
#732 = CIRCLE('',#733,4.15);
#733 = AXIS2_PLACEMENT_3D('',#734,#735,#736);
#734 = CARTESIAN_POINT('',(-20.5,-5.,0.));
#735 = DIRECTION('',(0.,0.,1.));
#736 = DIRECTION('',(-0.207883015161,0.978153695493,0.));
#737 = CONICAL_SURFACE('',#738,4.8,0.785398163397);
#738 = AXIS2_PLACEMENT_3D('',#739,#740,#741);
#739 = CARTESIAN_POINT('',(-20.5,-5.,0.65));
#740 = DIRECTION('',(0.,0.,1.));
#741 = DIRECTION('',(-0.207883015161,0.978153695493,0.));
#742 = ADVANCED_FACE('',(#743),#762,.T.);
#743 = FACE_BOUND('',#744,.F.);
#744 = EDGE_LOOP('',(#745,#746,#747,#756));
#745 = ORIENTED_EDGE('',*,*,#696,.F.);
#746 = ORIENTED_EDGE('',*,*,#425,.T.);
#747 = ORIENTED_EDGE('',*,*,#748,.T.);
#748 = EDGE_CURVE('',#418,#749,#751,.T.);
#749 = VERTEX_POINT('',#750);
#750 = CARTESIAN_POINT('',(-9.541614977174,18.538610617503,
    -1.498801083244E-15));
#751 = PARABOLA('',#752,2.224686766689);
#752 = AXIS2_PLACEMENT_3D('',#753,#754,#755);
#753 = CARTESIAN_POINT('',(3.007920729655,-0.922429023761,
    -17.70381780251));
#754 = DIRECTION('',(0.676032413797,-0.207316606898,0.707106781187));
#755 = DIRECTION('',(-0.676032413797,0.207316606898,0.707106781187));
#756 = ORIENTED_EDGE('',*,*,#757,.F.);
#757 = EDGE_CURVE('',#697,#749,#758,.T.);
#758 = LINE('',#759,#760);
#759 = CARTESIAN_POINT('',(-6.349366321911,28.948117102055,0.));
#760 = VECTOR('',#761,1.);
#761 = DIRECTION('',(-0.29318995718,-0.956054208196,0.));
#762 = PLANE('',#763);
#763 = AXIS2_PLACEMENT_3D('',#764,#765,#766);
#764 = CARTESIAN_POINT('',(-6.660083939575,29.043403838138,0.325));
#765 = DIRECTION('',(-0.676032413797,0.207316606898,-0.707106781187));
#766 = DIRECTION('',(0.29318995718,0.956054208196,8.326672684689E-17));
#767 = ADVANCED_FACE('',(#768),#780,.T.);
#768 = FACE_BOUND('',#769,.F.);
#769 = EDGE_LOOP('',(#770,#771,#772,#773));
#770 = ORIENTED_EDGE('',*,*,#748,.F.);
#771 = ORIENTED_EDGE('',*,*,#442,.T.);
#772 = ORIENTED_EDGE('',*,*,#720,.T.);
#773 = ORIENTED_EDGE('',*,*,#774,.F.);
#774 = EDGE_CURVE('',#749,#721,#775,.T.);
#775 = CIRCLE('',#776,20.85);
#776 = AXIS2_PLACEMENT_3D('',#777,#778,#779);
#777 = CARTESIAN_POINT('',(0.,0.,0.));
#778 = DIRECTION('',(0.,0.,1.));
#779 = DIRECTION('',(-0.468997042047,0.883199736498,0.));
#780 = CONICAL_SURFACE('',#781,21.5,0.785398163397);
#781 = AXIS2_PLACEMENT_3D('',#782,#783,#784);
#782 = CARTESIAN_POINT('',(0.,0.,0.65));
#783 = DIRECTION('',(0.,0.,1.));
#784 = DIRECTION('',(-0.468997042047,0.883199736498,0.));
#785 = ADVANCED_FACE('',(#786,#836),#839,.F.);
#786 = FACE_BOUND('',#787,.F.);
#787 = EDGE_LOOP('',(#788,#798,#806,#814,#822,#830));
#788 = ORIENTED_EDGE('',*,*,#789,.T.);
#789 = EDGE_CURVE('',#790,#792,#794,.T.);
#790 = VERTEX_POINT('',#791);
#791 = CARTESIAN_POINT('',(-17.825,-3.455588029918,4.8));
#792 = VERTEX_POINT('',#793);
#793 = CARTESIAN_POINT('',(-20.5,-1.911176059836,4.8));
#794 = LINE('',#795,#796);
#795 = CARTESIAN_POINT('',(-17.825,-3.455588029918,4.8));
#796 = VECTOR('',#797,1.);
#797 = DIRECTION('',(-0.866025403784,0.5,0.));
#798 = ORIENTED_EDGE('',*,*,#799,.T.);
#799 = EDGE_CURVE('',#792,#800,#802,.T.);
#800 = VERTEX_POINT('',#801);
#801 = CARTESIAN_POINT('',(-23.175,-3.455588029918,4.8));
#802 = LINE('',#803,#804);
#803 = CARTESIAN_POINT('',(-20.5,-1.911176059836,4.8));
#804 = VECTOR('',#805,1.);
#805 = DIRECTION('',(-0.866025403784,-0.5,0.));
#806 = ORIENTED_EDGE('',*,*,#807,.T.);
#807 = EDGE_CURVE('',#800,#808,#810,.T.);
#808 = VERTEX_POINT('',#809);
#809 = CARTESIAN_POINT('',(-23.175,-6.544411970082,4.8));
#810 = LINE('',#811,#812);
#811 = CARTESIAN_POINT('',(-23.175,-3.455588029918,4.8));
#812 = VECTOR('',#813,1.);
#813 = DIRECTION('',(0.,-1.,0.));
#814 = ORIENTED_EDGE('',*,*,#815,.T.);
#815 = EDGE_CURVE('',#808,#816,#818,.T.);
#816 = VERTEX_POINT('',#817);
#817 = CARTESIAN_POINT('',(-20.5,-8.088823940164,4.8));
#818 = LINE('',#819,#820);
#819 = CARTESIAN_POINT('',(-23.175,-6.544411970082,4.8));
#820 = VECTOR('',#821,1.);
#821 = DIRECTION('',(0.866025403784,-0.5,0.));
#822 = ORIENTED_EDGE('',*,*,#823,.T.);
#823 = EDGE_CURVE('',#816,#824,#826,.T.);
#824 = VERTEX_POINT('',#825);
#825 = CARTESIAN_POINT('',(-17.825,-6.544411970082,4.8));
#826 = LINE('',#827,#828);
#827 = CARTESIAN_POINT('',(-20.5,-8.088823940164,4.8));
#828 = VECTOR('',#829,1.);
#829 = DIRECTION('',(0.866025403784,0.5,0.));
#830 = ORIENTED_EDGE('',*,*,#831,.T.);
#831 = EDGE_CURVE('',#824,#790,#832,.T.);
#832 = LINE('',#833,#834);
#833 = CARTESIAN_POINT('',(-17.825,-6.544411970082,4.8));
#834 = VECTOR('',#835,1.);
#835 = DIRECTION('',(0.,1.,0.));
#836 = FACE_BOUND('',#837,.F.);
#837 = EDGE_LOOP('',(#838));
#838 = ORIENTED_EDGE('',*,*,#466,.F.);
#839 = PLANE('',#840);
#840 = AXIS2_PLACEMENT_3D('',#841,#842,#843);
#841 = CARTESIAN_POINT('',(3.83394429684E-16,-5.,4.8));
#842 = DIRECTION('',(0.,0.,1.));
#843 = DIRECTION('',(1.,0.,0.));
#844 = ADVANCED_FACE('',(#845,#895),#898,.F.);
#845 = FACE_BOUND('',#846,.F.);
#846 = EDGE_LOOP('',(#847,#857,#865,#873,#881,#889));
#847 = ORIENTED_EDGE('',*,*,#848,.T.);
#848 = EDGE_CURVE('',#849,#851,#853,.T.);
#849 = VERTEX_POINT('',#850);
#850 = CARTESIAN_POINT('',(23.175,-3.455588029918,4.8));
#851 = VERTEX_POINT('',#852);
#852 = CARTESIAN_POINT('',(20.5,-1.911176059836,4.8));
#853 = LINE('',#854,#855);
#854 = CARTESIAN_POINT('',(23.175,-3.455588029918,4.8));
#855 = VECTOR('',#856,1.);
#856 = DIRECTION('',(-0.866025403784,0.5,0.));
#857 = ORIENTED_EDGE('',*,*,#858,.T.);
#858 = EDGE_CURVE('',#851,#859,#861,.T.);
#859 = VERTEX_POINT('',#860);
#860 = CARTESIAN_POINT('',(17.825,-3.455588029918,4.8));
#861 = LINE('',#862,#863);
#862 = CARTESIAN_POINT('',(20.5,-1.911176059836,4.8));
#863 = VECTOR('',#864,1.);
#864 = DIRECTION('',(-0.866025403784,-0.5,0.));
#865 = ORIENTED_EDGE('',*,*,#866,.T.);
#866 = EDGE_CURVE('',#859,#867,#869,.T.);
#867 = VERTEX_POINT('',#868);
#868 = CARTESIAN_POINT('',(17.825,-6.544411970082,4.8));
#869 = LINE('',#870,#871);
#870 = CARTESIAN_POINT('',(17.825,-3.455588029918,4.8));
#871 = VECTOR('',#872,1.);
#872 = DIRECTION('',(0.,-1.,0.));
#873 = ORIENTED_EDGE('',*,*,#874,.T.);
#874 = EDGE_CURVE('',#867,#875,#877,.T.);
#875 = VERTEX_POINT('',#876);
#876 = CARTESIAN_POINT('',(20.5,-8.088823940164,4.8));
#877 = LINE('',#878,#879);
#878 = CARTESIAN_POINT('',(17.825,-6.544411970082,4.8));
#879 = VECTOR('',#880,1.);
#880 = DIRECTION('',(0.866025403784,-0.5,0.));
#881 = ORIENTED_EDGE('',*,*,#882,.T.);
#882 = EDGE_CURVE('',#875,#883,#885,.T.);
#883 = VERTEX_POINT('',#884);
#884 = CARTESIAN_POINT('',(23.175,-6.544411970082,4.8));
#885 = LINE('',#886,#887);
#886 = CARTESIAN_POINT('',(20.5,-8.088823940164,4.8));
#887 = VECTOR('',#888,1.);
#888 = DIRECTION('',(0.866025403784,0.5,0.));
#889 = ORIENTED_EDGE('',*,*,#890,.T.);
#890 = EDGE_CURVE('',#883,#849,#891,.T.);
#891 = LINE('',#892,#893);
#892 = CARTESIAN_POINT('',(23.175,-6.544411970082,4.8));
#893 = VECTOR('',#894,1.);
#894 = DIRECTION('',(0.,1.,0.));
#895 = FACE_BOUND('',#896,.F.);
#896 = EDGE_LOOP('',(#897));
#897 = ORIENTED_EDGE('',*,*,#491,.F.);
#898 = PLANE('',#899);
#899 = AXIS2_PLACEMENT_3D('',#900,#901,#902);
#900 = CARTESIAN_POINT('',(3.83394429684E-16,-5.,4.8));
#901 = DIRECTION('',(0.,0.,1.));
#902 = DIRECTION('',(1.,0.,0.));
#903 = ADVANCED_FACE('',(#904,#916,#966,#1016),#1019,.F.);
#904 = FACE_BOUND('',#905,.F.);
#905 = EDGE_LOOP('',(#906,#907,#908,#909,#910,#911,#912,#913,#914,#915)
  );
#906 = ORIENTED_EDGE('',*,*,#654,.T.);
#907 = ORIENTED_EDGE('',*,*,#705,.T.);
#908 = ORIENTED_EDGE('',*,*,#757,.T.);
#909 = ORIENTED_EDGE('',*,*,#774,.T.);
#910 = ORIENTED_EDGE('',*,*,#731,.T.);
#911 = ORIENTED_EDGE('',*,*,#679,.T.);
#912 = ORIENTED_EDGE('',*,*,#626,.T.);
#913 = ORIENTED_EDGE('',*,*,#600,.T.);
#914 = ORIENTED_EDGE('',*,*,#575,.T.);
#915 = ORIENTED_EDGE('',*,*,#540,.T.);
#916 = FACE_BOUND('',#917,.F.);
#917 = EDGE_LOOP('',(#918,#928,#936,#944,#952,#960));
#918 = ORIENTED_EDGE('',*,*,#919,.F.);
#919 = EDGE_CURVE('',#920,#922,#924,.T.);
#920 = VERTEX_POINT('',#921);
#921 = CARTESIAN_POINT('',(-17.825,-3.455588029918,0.));
#922 = VERTEX_POINT('',#923);
#923 = CARTESIAN_POINT('',(-20.5,-1.911176059836,0.));
#924 = LINE('',#925,#926);
#925 = CARTESIAN_POINT('',(-17.825,-3.455588029918,0.));
#926 = VECTOR('',#927,1.);
#927 = DIRECTION('',(-0.866025403784,0.5,0.));
#928 = ORIENTED_EDGE('',*,*,#929,.F.);
#929 = EDGE_CURVE('',#930,#920,#932,.T.);
#930 = VERTEX_POINT('',#931);
#931 = CARTESIAN_POINT('',(-17.825,-6.544411970082,0.));
#932 = LINE('',#933,#934);
#933 = CARTESIAN_POINT('',(-17.825,-6.544411970082,0.));
#934 = VECTOR('',#935,1.);
#935 = DIRECTION('',(0.,1.,0.));
#936 = ORIENTED_EDGE('',*,*,#937,.F.);
#937 = EDGE_CURVE('',#938,#930,#940,.T.);
#938 = VERTEX_POINT('',#939);
#939 = CARTESIAN_POINT('',(-20.5,-8.088823940164,0.));
#940 = LINE('',#941,#942);
#941 = CARTESIAN_POINT('',(-20.5,-8.088823940164,0.));
#942 = VECTOR('',#943,1.);
#943 = DIRECTION('',(0.866025403784,0.5,0.));
#944 = ORIENTED_EDGE('',*,*,#945,.F.);
#945 = EDGE_CURVE('',#946,#938,#948,.T.);
#946 = VERTEX_POINT('',#947);
#947 = CARTESIAN_POINT('',(-23.175,-6.544411970082,0.));
#948 = LINE('',#949,#950);
#949 = CARTESIAN_POINT('',(-23.175,-6.544411970082,0.));
#950 = VECTOR('',#951,1.);
#951 = DIRECTION('',(0.866025403784,-0.5,0.));
#952 = ORIENTED_EDGE('',*,*,#953,.F.);
#953 = EDGE_CURVE('',#954,#946,#956,.T.);
#954 = VERTEX_POINT('',#955);
#955 = CARTESIAN_POINT('',(-23.175,-3.455588029918,0.));
#956 = LINE('',#957,#958);
#957 = CARTESIAN_POINT('',(-23.175,-3.455588029918,0.));
#958 = VECTOR('',#959,1.);
#959 = DIRECTION('',(0.,-1.,0.));
#960 = ORIENTED_EDGE('',*,*,#961,.F.);
#961 = EDGE_CURVE('',#922,#954,#962,.T.);
#962 = LINE('',#963,#964);
#963 = CARTESIAN_POINT('',(-20.5,-1.911176059836,0.));
#964 = VECTOR('',#965,1.);
#965 = DIRECTION('',(-0.866025403784,-0.5,0.));
#966 = FACE_BOUND('',#967,.F.);
#967 = EDGE_LOOP('',(#968,#978,#986,#994,#1002,#1010));
#968 = ORIENTED_EDGE('',*,*,#969,.F.);
#969 = EDGE_CURVE('',#970,#972,#974,.T.);
#970 = VERTEX_POINT('',#971);
#971 = CARTESIAN_POINT('',(23.175,-3.455588029918,0.));
#972 = VERTEX_POINT('',#973);
#973 = CARTESIAN_POINT('',(20.5,-1.911176059836,0.));
#974 = LINE('',#975,#976);
#975 = CARTESIAN_POINT('',(23.175,-3.455588029918,0.));
#976 = VECTOR('',#977,1.);
#977 = DIRECTION('',(-0.866025403784,0.5,0.));
#978 = ORIENTED_EDGE('',*,*,#979,.F.);
#979 = EDGE_CURVE('',#980,#970,#982,.T.);
#980 = VERTEX_POINT('',#981);
#981 = CARTESIAN_POINT('',(23.175,-6.544411970082,0.));
#982 = LINE('',#983,#984);
#983 = CARTESIAN_POINT('',(23.175,-6.544411970082,0.));
#984 = VECTOR('',#985,1.);
#985 = DIRECTION('',(0.,1.,0.));
#986 = ORIENTED_EDGE('',*,*,#987,.F.);
#987 = EDGE_CURVE('',#988,#980,#990,.T.);
#988 = VERTEX_POINT('',#989);
#989 = CARTESIAN_POINT('',(20.5,-8.088823940164,0.));
#990 = LINE('',#991,#992);
#991 = CARTESIAN_POINT('',(20.5,-8.088823940164,0.));
#992 = VECTOR('',#993,1.);
#993 = DIRECTION('',(0.866025403784,0.5,0.));
#994 = ORIENTED_EDGE('',*,*,#995,.F.);
#995 = EDGE_CURVE('',#996,#988,#998,.T.);
#996 = VERTEX_POINT('',#997);
#997 = CARTESIAN_POINT('',(17.825,-6.544411970082,0.));
#998 = LINE('',#999,#1000);
#999 = CARTESIAN_POINT('',(17.825,-6.544411970082,0.));
#1000 = VECTOR('',#1001,1.);
#1001 = DIRECTION('',(0.866025403784,-0.5,0.));
#1002 = ORIENTED_EDGE('',*,*,#1003,.F.);
#1003 = EDGE_CURVE('',#1004,#996,#1006,.T.);
#1004 = VERTEX_POINT('',#1005);
#1005 = CARTESIAN_POINT('',(17.825,-3.455588029918,0.));
#1006 = LINE('',#1007,#1008);
#1007 = CARTESIAN_POINT('',(17.825,-3.455588029918,0.));
#1008 = VECTOR('',#1009,1.);
#1009 = DIRECTION('',(0.,-1.,0.));
#1010 = ORIENTED_EDGE('',*,*,#1011,.F.);
#1011 = EDGE_CURVE('',#972,#1004,#1012,.T.);
#1012 = LINE('',#1013,#1014);
#1013 = CARTESIAN_POINT('',(20.5,-1.911176059836,0.));
#1014 = VECTOR('',#1015,1.);
#1015 = DIRECTION('',(-0.866025403784,-0.5,0.));
#1016 = FACE_BOUND('',#1017,.F.);
#1017 = EDGE_LOOP('',(#1018));
#1018 = ORIENTED_EDGE('',*,*,#515,.F.);
#1019 = PLANE('',#1020);
#1020 = AXIS2_PLACEMENT_3D('',#1021,#1022,#1023);
#1021 = CARTESIAN_POINT('',(9.523856638469E-02,4.300277953447,0.));
#1022 = DIRECTION('',(0.,0.,1.));
#1023 = DIRECTION('',(1.,0.,0.));
#1024 = ADVANCED_FACE('',(#1025),#1041,.T.);
#1025 = FACE_BOUND('',#1026,.T.);
#1026 = EDGE_LOOP('',(#1027,#1033,#1034,#1040));
#1027 = ORIENTED_EDGE('',*,*,#1028,.T.);
#1028 = EDGE_CURVE('',#920,#790,#1029,.T.);
#1029 = LINE('',#1030,#1031);
#1030 = CARTESIAN_POINT('',(-17.825,-3.455588029918,0.));
#1031 = VECTOR('',#1032,1.);
#1032 = DIRECTION('',(0.,0.,1.));
#1033 = ORIENTED_EDGE('',*,*,#789,.T.);
#1034 = ORIENTED_EDGE('',*,*,#1035,.F.);
#1035 = EDGE_CURVE('',#922,#792,#1036,.T.);
#1036 = LINE('',#1037,#1038);
#1037 = CARTESIAN_POINT('',(-20.5,-1.911176059836,0.));
#1038 = VECTOR('',#1039,1.);
#1039 = DIRECTION('',(0.,0.,1.));
#1040 = ORIENTED_EDGE('',*,*,#919,.F.);
#1041 = PLANE('',#1042);
#1042 = AXIS2_PLACEMENT_3D('',#1043,#1044,#1045);
#1043 = CARTESIAN_POINT('',(-17.825,-3.455588029918,0.));
#1044 = DIRECTION('',(-0.5,-0.866025403784,0.));
#1045 = DIRECTION('',(-0.866025403784,0.5,0.));
#1046 = ADVANCED_FACE('',(#1047),#1058,.T.);
#1047 = FACE_BOUND('',#1048,.T.);
#1048 = EDGE_LOOP('',(#1049,#1055,#1056,#1057));
#1049 = ORIENTED_EDGE('',*,*,#1050,.T.);
#1050 = EDGE_CURVE('',#930,#824,#1051,.T.);
#1051 = LINE('',#1052,#1053);
#1052 = CARTESIAN_POINT('',(-17.825,-6.544411970082,0.));
#1053 = VECTOR('',#1054,1.);
#1054 = DIRECTION('',(0.,0.,1.));
#1055 = ORIENTED_EDGE('',*,*,#831,.T.);
#1056 = ORIENTED_EDGE('',*,*,#1028,.F.);
#1057 = ORIENTED_EDGE('',*,*,#929,.F.);
#1058 = PLANE('',#1059);
#1059 = AXIS2_PLACEMENT_3D('',#1060,#1061,#1062);
#1060 = CARTESIAN_POINT('',(-17.825,-6.544411970082,0.));
#1061 = DIRECTION('',(-1.,0.,0.));
#1062 = DIRECTION('',(0.,1.,0.));
#1063 = ADVANCED_FACE('',(#1064),#1075,.T.);
#1064 = FACE_BOUND('',#1065,.T.);
#1065 = EDGE_LOOP('',(#1066,#1067,#1068,#1074));
#1066 = ORIENTED_EDGE('',*,*,#1035,.T.);
#1067 = ORIENTED_EDGE('',*,*,#799,.T.);
#1068 = ORIENTED_EDGE('',*,*,#1069,.F.);
#1069 = EDGE_CURVE('',#954,#800,#1070,.T.);
#1070 = LINE('',#1071,#1072);
#1071 = CARTESIAN_POINT('',(-23.175,-3.455588029918,0.));
#1072 = VECTOR('',#1073,1.);
#1073 = DIRECTION('',(0.,0.,1.));
#1074 = ORIENTED_EDGE('',*,*,#961,.F.);
#1075 = PLANE('',#1076);
#1076 = AXIS2_PLACEMENT_3D('',#1077,#1078,#1079);
#1077 = CARTESIAN_POINT('',(-20.5,-1.911176059836,0.));
#1078 = DIRECTION('',(0.5,-0.866025403784,0.));
#1079 = DIRECTION('',(-0.866025403784,-0.5,0.));
#1080 = ADVANCED_FACE('',(#1081),#1092,.T.);
#1081 = FACE_BOUND('',#1082,.T.);
#1082 = EDGE_LOOP('',(#1083,#1089,#1090,#1091));
#1083 = ORIENTED_EDGE('',*,*,#1084,.T.);
#1084 = EDGE_CURVE('',#938,#816,#1085,.T.);
#1085 = LINE('',#1086,#1087);
#1086 = CARTESIAN_POINT('',(-20.5,-8.088823940164,0.));
#1087 = VECTOR('',#1088,1.);
#1088 = DIRECTION('',(0.,0.,1.));
#1089 = ORIENTED_EDGE('',*,*,#823,.T.);
#1090 = ORIENTED_EDGE('',*,*,#1050,.F.);
#1091 = ORIENTED_EDGE('',*,*,#937,.F.);
#1092 = PLANE('',#1093);
#1093 = AXIS2_PLACEMENT_3D('',#1094,#1095,#1096);
#1094 = CARTESIAN_POINT('',(-20.5,-8.088823940164,0.));
#1095 = DIRECTION('',(-0.5,0.866025403784,0.));
#1096 = DIRECTION('',(0.866025403784,0.5,0.));
#1097 = ADVANCED_FACE('',(#1098),#1109,.T.);
#1098 = FACE_BOUND('',#1099,.T.);
#1099 = EDGE_LOOP('',(#1100,#1101,#1102,#1108));
#1100 = ORIENTED_EDGE('',*,*,#1069,.T.);
#1101 = ORIENTED_EDGE('',*,*,#807,.T.);
#1102 = ORIENTED_EDGE('',*,*,#1103,.F.);
#1103 = EDGE_CURVE('',#946,#808,#1104,.T.);
#1104 = LINE('',#1105,#1106);
#1105 = CARTESIAN_POINT('',(-23.175,-6.544411970082,0.));
#1106 = VECTOR('',#1107,1.);
#1107 = DIRECTION('',(0.,0.,1.));
#1108 = ORIENTED_EDGE('',*,*,#953,.F.);
#1109 = PLANE('',#1110);
#1110 = AXIS2_PLACEMENT_3D('',#1111,#1112,#1113);
#1111 = CARTESIAN_POINT('',(-23.175,-3.455588029918,0.));
#1112 = DIRECTION('',(1.,0.,0.));
#1113 = DIRECTION('',(0.,-1.,0.));
#1114 = ADVANCED_FACE('',(#1115),#1121,.T.);
#1115 = FACE_BOUND('',#1116,.T.);
#1116 = EDGE_LOOP('',(#1117,#1118,#1119,#1120));
#1117 = ORIENTED_EDGE('',*,*,#1103,.T.);
#1118 = ORIENTED_EDGE('',*,*,#815,.T.);
#1119 = ORIENTED_EDGE('',*,*,#1084,.F.);
#1120 = ORIENTED_EDGE('',*,*,#945,.F.);
#1121 = PLANE('',#1122);
#1122 = AXIS2_PLACEMENT_3D('',#1123,#1124,#1125);
#1123 = CARTESIAN_POINT('',(-23.175,-6.544411970082,0.));
#1124 = DIRECTION('',(0.5,0.866025403784,0.));
#1125 = DIRECTION('',(0.866025403784,-0.5,0.));
#1126 = ADVANCED_FACE('',(#1127),#1143,.T.);
#1127 = FACE_BOUND('',#1128,.T.);
#1128 = EDGE_LOOP('',(#1129,#1135,#1136,#1142));
#1129 = ORIENTED_EDGE('',*,*,#1130,.T.);
#1130 = EDGE_CURVE('',#970,#849,#1131,.T.);
#1131 = LINE('',#1132,#1133);
#1132 = CARTESIAN_POINT('',(23.175,-3.455588029918,0.));
#1133 = VECTOR('',#1134,1.);
#1134 = DIRECTION('',(0.,0.,1.));
#1135 = ORIENTED_EDGE('',*,*,#848,.T.);
#1136 = ORIENTED_EDGE('',*,*,#1137,.F.);
#1137 = EDGE_CURVE('',#972,#851,#1138,.T.);
#1138 = LINE('',#1139,#1140);
#1139 = CARTESIAN_POINT('',(20.5,-1.911176059836,0.));
#1140 = VECTOR('',#1141,1.);
#1141 = DIRECTION('',(0.,0.,1.));
#1142 = ORIENTED_EDGE('',*,*,#969,.F.);
#1143 = PLANE('',#1144);
#1144 = AXIS2_PLACEMENT_3D('',#1145,#1146,#1147);
#1145 = CARTESIAN_POINT('',(23.175,-3.455588029918,0.));
#1146 = DIRECTION('',(-0.5,-0.866025403784,0.));
#1147 = DIRECTION('',(-0.866025403784,0.5,0.));
#1148 = ADVANCED_FACE('',(#1149),#1160,.T.);
#1149 = FACE_BOUND('',#1150,.T.);
#1150 = EDGE_LOOP('',(#1151,#1157,#1158,#1159));
#1151 = ORIENTED_EDGE('',*,*,#1152,.T.);
#1152 = EDGE_CURVE('',#980,#883,#1153,.T.);
#1153 = LINE('',#1154,#1155);
#1154 = CARTESIAN_POINT('',(23.175,-6.544411970082,0.));
#1155 = VECTOR('',#1156,1.);
#1156 = DIRECTION('',(0.,0.,1.));
#1157 = ORIENTED_EDGE('',*,*,#890,.T.);
#1158 = ORIENTED_EDGE('',*,*,#1130,.F.);
#1159 = ORIENTED_EDGE('',*,*,#979,.F.);
#1160 = PLANE('',#1161);
#1161 = AXIS2_PLACEMENT_3D('',#1162,#1163,#1164);
#1162 = CARTESIAN_POINT('',(23.175,-6.544411970082,0.));
#1163 = DIRECTION('',(-1.,0.,0.));
#1164 = DIRECTION('',(0.,1.,0.));
#1165 = ADVANCED_FACE('',(#1166),#1177,.T.);
#1166 = FACE_BOUND('',#1167,.T.);
#1167 = EDGE_LOOP('',(#1168,#1169,#1170,#1176));
#1168 = ORIENTED_EDGE('',*,*,#1137,.T.);
#1169 = ORIENTED_EDGE('',*,*,#858,.T.);
#1170 = ORIENTED_EDGE('',*,*,#1171,.F.);
#1171 = EDGE_CURVE('',#1004,#859,#1172,.T.);
#1172 = LINE('',#1173,#1174);
#1173 = CARTESIAN_POINT('',(17.825,-3.455588029918,0.));
#1174 = VECTOR('',#1175,1.);
#1175 = DIRECTION('',(0.,0.,1.));
#1176 = ORIENTED_EDGE('',*,*,#1011,.F.);
#1177 = PLANE('',#1178);
#1178 = AXIS2_PLACEMENT_3D('',#1179,#1180,#1181);
#1179 = CARTESIAN_POINT('',(20.5,-1.911176059836,0.));
#1180 = DIRECTION('',(0.5,-0.866025403784,0.));
#1181 = DIRECTION('',(-0.866025403784,-0.5,0.));
#1182 = ADVANCED_FACE('',(#1183),#1194,.T.);
#1183 = FACE_BOUND('',#1184,.T.);
#1184 = EDGE_LOOP('',(#1185,#1191,#1192,#1193));
#1185 = ORIENTED_EDGE('',*,*,#1186,.T.);
#1186 = EDGE_CURVE('',#988,#875,#1187,.T.);
#1187 = LINE('',#1188,#1189);
#1188 = CARTESIAN_POINT('',(20.5,-8.088823940164,0.));
#1189 = VECTOR('',#1190,1.);
#1190 = DIRECTION('',(0.,0.,1.));
#1191 = ORIENTED_EDGE('',*,*,#882,.T.);
#1192 = ORIENTED_EDGE('',*,*,#1152,.F.);
#1193 = ORIENTED_EDGE('',*,*,#987,.F.);
#1194 = PLANE('',#1195);
#1195 = AXIS2_PLACEMENT_3D('',#1196,#1197,#1198);
#1196 = CARTESIAN_POINT('',(20.5,-8.088823940164,0.));
#1197 = DIRECTION('',(-0.5,0.866025403784,0.));
#1198 = DIRECTION('',(0.866025403784,0.5,0.));
#1199 = ADVANCED_FACE('',(#1200),#1211,.T.);
#1200 = FACE_BOUND('',#1201,.T.);
#1201 = EDGE_LOOP('',(#1202,#1203,#1204,#1210));
#1202 = ORIENTED_EDGE('',*,*,#1171,.T.);
#1203 = ORIENTED_EDGE('',*,*,#866,.T.);
#1204 = ORIENTED_EDGE('',*,*,#1205,.F.);
#1205 = EDGE_CURVE('',#996,#867,#1206,.T.);
#1206 = LINE('',#1207,#1208);
#1207 = CARTESIAN_POINT('',(17.825,-6.544411970082,0.));
#1208 = VECTOR('',#1209,1.);
#1209 = DIRECTION('',(0.,0.,1.));
#1210 = ORIENTED_EDGE('',*,*,#1003,.F.);
#1211 = PLANE('',#1212);
#1212 = AXIS2_PLACEMENT_3D('',#1213,#1214,#1215);
#1213 = CARTESIAN_POINT('',(17.825,-3.455588029918,0.));
#1214 = DIRECTION('',(1.,0.,0.));
#1215 = DIRECTION('',(0.,-1.,0.));
#1216 = ADVANCED_FACE('',(#1217),#1223,.T.);
#1217 = FACE_BOUND('',#1218,.T.);
#1218 = EDGE_LOOP('',(#1219,#1220,#1221,#1222));
#1219 = ORIENTED_EDGE('',*,*,#1205,.T.);
#1220 = ORIENTED_EDGE('',*,*,#874,.T.);
#1221 = ORIENTED_EDGE('',*,*,#1186,.F.);
#1222 = ORIENTED_EDGE('',*,*,#995,.F.);
#1223 = PLANE('',#1224);
#1224 = AXIS2_PLACEMENT_3D('',#1225,#1226,#1227);
#1225 = CARTESIAN_POINT('',(17.825,-6.544411970082,0.));
#1226 = DIRECTION('',(0.5,0.866025403784,0.));
#1227 = DIRECTION('',(0.866025403784,-0.5,0.));
#1228 = MANIFOLD_SOLID_BREP('',#1229);
#1229 = CLOSED_SHELL('',(#1230,#1272,#1323,#1357,#1426,#1451,#1476,#1503
    ,#1531,#1742,#1760,#1785,#1810,#1835,#1852,#1864,#1889,#1921,#1946,
    #1981,#1999,#2024,#2056,#2080,#2105,#2122,#2154,#2178,#2203,#2227,
    #2251,#2286,#2303,#2315,#2327,#2347,#2387));
#1230 = ADVANCED_FACE('',(#1231),#1267,.T.);
#1231 = FACE_BOUND('',#1232,.F.);
#1232 = EDGE_LOOP('',(#1233,#1243,#1252,#1260));
#1233 = ORIENTED_EDGE('',*,*,#1234,.T.);
#1234 = EDGE_CURVE('',#1235,#1237,#1239,.T.);
#1235 = VERTEX_POINT('',#1236);
#1236 = CARTESIAN_POINT('',(21.497838472773,-0.304862261631,12.15));
#1237 = VERTEX_POINT('',#1238);
#1238 = CARTESIAN_POINT('',(21.497838472773,-0.304862261631,6.4));
#1239 = LINE('',#1240,#1241);
#1240 = CARTESIAN_POINT('',(21.497838472773,-0.304862261631,12.8));
#1241 = VECTOR('',#1242,1.);
#1242 = DIRECTION('',(1.224646799147E-16,0.,-1.));
#1243 = ORIENTED_EDGE('',*,*,#1244,.T.);
#1244 = EDGE_CURVE('',#1237,#1245,#1247,.T.);
#1245 = VERTEX_POINT('',#1246);
#1246 = CARTESIAN_POINT('',(19.224070567092,-9.627310674922,6.4));
#1247 = CIRCLE('',#1248,4.8);
#1248 = AXIS2_PLACEMENT_3D('',#1249,#1250,#1251);
#1249 = CARTESIAN_POINT('',(20.5,-5.,6.4));
#1250 = DIRECTION('',(1.224646799147E-16,0.,-1.));
#1251 = DIRECTION('',(-1.,0.,-1.224646799147E-16));
#1252 = ORIENTED_EDGE('',*,*,#1253,.F.);
#1253 = EDGE_CURVE('',#1254,#1245,#1256,.T.);
#1254 = VERTEX_POINT('',#1255);
#1255 = CARTESIAN_POINT('',(19.224070567092,-9.627310674921,12.15));
#1256 = LINE('',#1257,#1258);
#1257 = CARTESIAN_POINT('',(19.224070567092,-9.627310674922,12.8));
#1258 = VECTOR('',#1259,1.);
#1259 = DIRECTION('',(1.224646799147E-16,0.,-1.));
#1260 = ORIENTED_EDGE('',*,*,#1261,.F.);
#1261 = EDGE_CURVE('',#1235,#1254,#1262,.T.);
#1262 = CIRCLE('',#1263,4.8);
#1263 = AXIS2_PLACEMENT_3D('',#1264,#1265,#1266);
#1264 = CARTESIAN_POINT('',(20.5,-5.,12.15));
#1265 = DIRECTION('',(1.224646799147E-16,-3.08148791102E-33,-1.));
#1266 = DIRECTION('',(0.207883015161,0.978153695493,2.54583269114E-17));
#1267 = CYLINDRICAL_SURFACE('',#1268,4.8);
#1268 = AXIS2_PLACEMENT_3D('',#1269,#1270,#1271);
#1269 = CARTESIAN_POINT('',(20.5,-5.,12.8));
#1270 = DIRECTION('',(-1.224646799147E-16,-0.,1.));
#1271 = DIRECTION('',(-1.,0.,-1.224646799147E-16));
#1272 = ADVANCED_FACE('',(#1273),#1318,.T.);
#1273 = FACE_BOUND('',#1274,.F.);
#1274 = EDGE_LOOP('',(#1275,#1276,#1285,#1294,#1302,#1311));
#1275 = ORIENTED_EDGE('',*,*,#1234,.F.);
#1276 = ORIENTED_EDGE('',*,*,#1277,.F.);
#1277 = EDGE_CURVE('',#1278,#1235,#1280,.T.);
#1278 = VERTEX_POINT('',#1279);
#1279 = CARTESIAN_POINT('',(-21.5,-5.329070518201E-15,12.15));
#1280 = CIRCLE('',#1281,21.5);
#1281 = AXIS2_PLACEMENT_3D('',#1282,#1283,#1284);
#1282 = CARTESIAN_POINT('',(7.960204194458E-17,0.,12.15));
#1283 = DIRECTION('',(1.224646799147E-16,0.,-1.));
#1284 = DIRECTION('',(-1.,0.,-1.224646799147E-16));
#1285 = ORIENTED_EDGE('',*,*,#1286,.F.);
#1286 = EDGE_CURVE('',#1287,#1278,#1289,.T.);
#1287 = VERTEX_POINT('',#1288);
#1288 = CARTESIAN_POINT('',(-21.49783847277,-0.304862261631,12.15));
#1289 = CIRCLE('',#1290,21.5);
#1290 = AXIS2_PLACEMENT_3D('',#1291,#1292,#1293);
#1291 = CARTESIAN_POINT('',(7.960204194458E-17,0.,12.15));
#1292 = DIRECTION('',(1.224646799147E-16,0.,-1.));
#1293 = DIRECTION('',(-0.99989946385,-1.417964007588E-02,
    -1.224523677873E-16));
#1294 = ORIENTED_EDGE('',*,*,#1295,.T.);
#1295 = EDGE_CURVE('',#1287,#1296,#1298,.T.);
#1296 = VERTEX_POINT('',#1297);
#1297 = CARTESIAN_POINT('',(-21.49783847277,-0.304862261631,6.4));
#1298 = LINE('',#1299,#1300);
#1299 = CARTESIAN_POINT('',(-21.49783847277,-0.304862261631,12.8));
#1300 = VECTOR('',#1301,1.);
#1301 = DIRECTION('',(1.224646799147E-16,0.,-1.));
#1302 = ORIENTED_EDGE('',*,*,#1303,.T.);
#1303 = EDGE_CURVE('',#1296,#1304,#1306,.T.);
#1304 = VERTEX_POINT('',#1305);
#1305 = CARTESIAN_POINT('',(-21.5,-2.632990613944E-15,6.4));
#1306 = CIRCLE('',#1307,21.5);
#1307 = AXIS2_PLACEMENT_3D('',#1308,#1309,#1310);
#1308 = CARTESIAN_POINT('',(7.837739514543E-16,0.,6.4));
#1309 = DIRECTION('',(1.224646799147E-16,0.,-1.));
#1310 = DIRECTION('',(-1.,0.,-1.224646799147E-16));
#1311 = ORIENTED_EDGE('',*,*,#1312,.T.);
#1312 = EDGE_CURVE('',#1304,#1237,#1313,.T.);
#1313 = CIRCLE('',#1314,21.5);
#1314 = AXIS2_PLACEMENT_3D('',#1315,#1316,#1317);
#1315 = CARTESIAN_POINT('',(7.837739514543E-16,0.,6.4));
#1316 = DIRECTION('',(1.224646799147E-16,0.,-1.));
#1317 = DIRECTION('',(-1.,0.,-1.224646799147E-16));
#1318 = CYLINDRICAL_SURFACE('',#1319,21.5);
#1319 = AXIS2_PLACEMENT_3D('',#1320,#1321,#1322);
#1320 = CARTESIAN_POINT('',(0.,0.,12.8));
#1321 = DIRECTION('',(-1.224646799147E-16,-0.,1.));
#1322 = DIRECTION('',(-1.,0.,-1.224646799147E-16));
#1323 = ADVANCED_FACE('',(#1324),#1352,.T.);
#1324 = FACE_BOUND('',#1325,.F.);
#1325 = EDGE_LOOP('',(#1326,#1335,#1336,#1345));
#1326 = ORIENTED_EDGE('',*,*,#1327,.F.);
#1327 = EDGE_CURVE('',#1235,#1328,#1330,.T.);
#1328 = VERTEX_POINT('',#1329);
#1329 = CARTESIAN_POINT('',(20.832119294573,-0.863310892251,12.8));
#1330 = HYPERBOLA('',#1331,13.454924748953,6.449030934955);
#1331 = AXIS2_PLACEMENT_3D('',#1332,#1333,#1334);
#1332 = CARTESIAN_POINT('',(10.25,-2.5,25.3));
#1333 = DIRECTION('',(-0.761802848492,0.185805572803,-0.620590613162));
#1334 = DIRECTION('',(0.602916402745,-0.147052781157,-0.784134740243));
#1335 = ORIENTED_EDGE('',*,*,#1261,.T.);
#1336 = ORIENTED_EDGE('',*,*,#1337,.T.);
#1337 = EDGE_CURVE('',#1254,#1338,#1340,.T.);
#1338 = VERTEX_POINT('',#1339);
#1339 = CARTESIAN_POINT('',(18.890227701497,-8.825066423864,12.8));
#1340 = HYPERBOLA('',#1341,13.454924748953,6.449030934955);
#1341 = AXIS2_PLACEMENT_3D('',#1342,#1343,#1344);
#1342 = CARTESIAN_POINT('',(10.25,-2.5,25.3));
#1343 = DIRECTION('',(0.761802848492,-0.185805572803,0.620590613162));
#1344 = DIRECTION('',(0.602916402745,-0.147052781157,-0.784134740243));
#1345 = ORIENTED_EDGE('',*,*,#1346,.F.);
#1346 = EDGE_CURVE('',#1328,#1338,#1347,.T.);
#1347 = CIRCLE('',#1348,4.15);
#1348 = AXIS2_PLACEMENT_3D('',#1349,#1350,#1351);
#1349 = CARTESIAN_POINT('',(20.5,-5.,12.8));
#1350 = DIRECTION('',(1.224646799147E-16,-3.08148791102E-33,-1.));
#1351 = DIRECTION('',(0.207883015161,0.978153695493,2.54583269114E-17));
#1352 = CONICAL_SURFACE('',#1353,4.8,0.785398163397);
#1353 = AXIS2_PLACEMENT_3D('',#1354,#1355,#1356);
#1354 = CARTESIAN_POINT('',(20.5,-5.,12.15));
#1355 = DIRECTION('',(1.224646799147E-16,0.,-1.));
#1356 = DIRECTION('',(0.207883015161,0.978153695493,2.54583269114E-17));
#1357 = ADVANCED_FACE('',(#1358,#1388,#1399,#1410),#1421,.T.);
#1358 = FACE_BOUND('',#1359,.T.);
#1359 = EDGE_LOOP('',(#1360,#1361,#1362,#1363,#1372,#1381));
#1360 = ORIENTED_EDGE('',*,*,#1303,.T.);
#1361 = ORIENTED_EDGE('',*,*,#1312,.T.);
#1362 = ORIENTED_EDGE('',*,*,#1244,.T.);
#1363 = ORIENTED_EDGE('',*,*,#1364,.T.);
#1364 = EDGE_CURVE('',#1245,#1365,#1367,.T.);
#1365 = VERTEX_POINT('',#1366);
#1366 = CARTESIAN_POINT('',(-19.22407056709,-9.627310674921,6.4));
#1367 = CIRCLE('',#1368,21.5);
#1368 = AXIS2_PLACEMENT_3D('',#1369,#1370,#1371);
#1369 = CARTESIAN_POINT('',(7.837739514543E-16,0.,6.4));
#1370 = DIRECTION('',(1.224646799147E-16,0.,-1.));
#1371 = DIRECTION('',(-1.,0.,-1.224646799147E-16));
#1372 = ORIENTED_EDGE('',*,*,#1373,.T.);
#1373 = EDGE_CURVE('',#1365,#1374,#1376,.T.);
#1374 = VERTEX_POINT('',#1375);
#1375 = CARTESIAN_POINT('',(-25.3,-5.,6.4));
#1376 = CIRCLE('',#1377,4.8);
#1377 = AXIS2_PLACEMENT_3D('',#1378,#1379,#1380);
#1378 = CARTESIAN_POINT('',(-20.5,-5.,6.4));
#1379 = DIRECTION('',(1.224646799147E-16,0.,-1.));
#1380 = DIRECTION('',(-1.,0.,-1.224646799147E-16));
#1381 = ORIENTED_EDGE('',*,*,#1382,.T.);
#1382 = EDGE_CURVE('',#1374,#1296,#1383,.T.);
#1383 = CIRCLE('',#1384,4.8);
#1384 = AXIS2_PLACEMENT_3D('',#1385,#1386,#1387);
#1385 = CARTESIAN_POINT('',(-20.5,-5.,6.4));
#1386 = DIRECTION('',(1.224646799147E-16,0.,-1.));
#1387 = DIRECTION('',(-1.,0.,-1.224646799147E-16));
#1388 = FACE_BOUND('',#1389,.T.);
#1389 = EDGE_LOOP('',(#1390));
#1390 = ORIENTED_EDGE('',*,*,#1391,.F.);
#1391 = EDGE_CURVE('',#1392,#1392,#1394,.T.);
#1392 = VERTEX_POINT('',#1393);
#1393 = CARTESIAN_POINT('',(19.05,-5.,6.4));
#1394 = CIRCLE('',#1395,1.45);
#1395 = AXIS2_PLACEMENT_3D('',#1396,#1397,#1398);
#1396 = CARTESIAN_POINT('',(20.5,-5.,6.4));
#1397 = DIRECTION('',(1.224646799147E-16,0.,-1.));
#1398 = DIRECTION('',(-1.,0.,-1.224646799147E-16));
#1399 = FACE_BOUND('',#1400,.T.);
#1400 = EDGE_LOOP('',(#1401));
#1401 = ORIENTED_EDGE('',*,*,#1402,.F.);
#1402 = EDGE_CURVE('',#1403,#1403,#1405,.T.);
#1403 = VERTEX_POINT('',#1404);
#1404 = CARTESIAN_POINT('',(-21.95,-5.,6.4));
#1405 = CIRCLE('',#1406,1.45);
#1406 = AXIS2_PLACEMENT_3D('',#1407,#1408,#1409);
#1407 = CARTESIAN_POINT('',(-20.5,-5.,6.4));
#1408 = DIRECTION('',(1.224646799147E-16,0.,-1.));
#1409 = DIRECTION('',(-1.,0.,-1.224646799147E-16));
#1410 = FACE_BOUND('',#1411,.T.);
#1411 = EDGE_LOOP('',(#1412));
#1412 = ORIENTED_EDGE('',*,*,#1413,.F.);
#1413 = EDGE_CURVE('',#1414,#1414,#1416,.T.);
#1414 = VERTEX_POINT('',#1415);
#1415 = CARTESIAN_POINT('',(-17.7,0.,6.4));
#1416 = CIRCLE('',#1417,17.7);
#1417 = AXIS2_PLACEMENT_3D('',#1418,#1419,#1420);
#1418 = CARTESIAN_POINT('',(7.837739514543E-16,0.,6.4));
#1419 = DIRECTION('',(1.224646799147E-16,0.,-1.));
#1420 = DIRECTION('',(-1.,0.,-1.224646799147E-16));
#1421 = PLANE('',#1422);
#1422 = AXIS2_PLACEMENT_3D('',#1423,#1424,#1425);
#1423 = CARTESIAN_POINT('',(-0.114959073634,-0.99081584767,6.4));
#1424 = DIRECTION('',(1.224646799147E-16,0.,-1.));
#1425 = DIRECTION('',(-1.,0.,-1.224646799147E-16));
#1426 = ADVANCED_FACE('',(#1427),#1446,.T.);
#1427 = FACE_BOUND('',#1428,.F.);
#1428 = EDGE_LOOP('',(#1429,#1430,#1431,#1439));
#1429 = ORIENTED_EDGE('',*,*,#1253,.T.);
#1430 = ORIENTED_EDGE('',*,*,#1364,.T.);
#1431 = ORIENTED_EDGE('',*,*,#1432,.F.);
#1432 = EDGE_CURVE('',#1433,#1365,#1435,.T.);
#1433 = VERTEX_POINT('',#1434);
#1434 = CARTESIAN_POINT('',(-19.22407056709,-9.627310674921,12.15));
#1435 = LINE('',#1436,#1437);
#1436 = CARTESIAN_POINT('',(-19.22407056709,-9.627310674921,12.8));
#1437 = VECTOR('',#1438,1.);
#1438 = DIRECTION('',(1.224646799147E-16,0.,-1.));
#1439 = ORIENTED_EDGE('',*,*,#1440,.F.);
#1440 = EDGE_CURVE('',#1254,#1433,#1441,.T.);
#1441 = CIRCLE('',#1442,21.5);
#1442 = AXIS2_PLACEMENT_3D('',#1443,#1444,#1445);
#1443 = CARTESIAN_POINT('',(7.960204194458E-17,0.,12.15));
#1444 = DIRECTION('',(1.224646799147E-16,0.,-1.));
#1445 = DIRECTION('',(0.894142817074,-0.447781891857,1.09500913891E-16)
  );
#1446 = CYLINDRICAL_SURFACE('',#1447,21.5);
#1447 = AXIS2_PLACEMENT_3D('',#1448,#1449,#1450);
#1448 = CARTESIAN_POINT('',(0.,0.,12.8));
#1449 = DIRECTION('',(-1.224646799147E-16,-0.,1.));
#1450 = DIRECTION('',(-1.,0.,-1.224646799147E-16));
#1451 = ADVANCED_FACE('',(#1452),#1471,.T.);
#1452 = FACE_BOUND('',#1453,.T.);
#1453 = EDGE_LOOP('',(#1454,#1462,#1469,#1470));
#1454 = ORIENTED_EDGE('',*,*,#1455,.F.);
#1455 = EDGE_CURVE('',#1456,#1278,#1458,.T.);
#1456 = VERTEX_POINT('',#1457);
#1457 = CARTESIAN_POINT('',(-20.85,-5.107025913276E-15,12.8));
#1458 = LINE('',#1459,#1460);
#1459 = CARTESIAN_POINT('',(-21.5,-5.329070518201E-15,12.15));
#1460 = VECTOR('',#1461,1.);
#1461 = DIRECTION('',(-0.707106781187,-1.734723475977E-16,
    -0.707106781187));
#1462 = ORIENTED_EDGE('',*,*,#1463,.T.);
#1463 = EDGE_CURVE('',#1456,#1328,#1464,.T.);
#1464 = CIRCLE('',#1465,20.85);
#1465 = AXIS2_PLACEMENT_3D('',#1466,#1467,#1468);
#1466 = CARTESIAN_POINT('',(0.,0.,12.8));
#1467 = DIRECTION('',(1.224646799147E-16,0.,-1.));
#1468 = DIRECTION('',(-1.,0.,-1.224646799147E-16));
#1469 = ORIENTED_EDGE('',*,*,#1327,.F.);
#1470 = ORIENTED_EDGE('',*,*,#1277,.F.);
#1471 = CONICAL_SURFACE('',#1472,21.5,0.785398163397);
#1472 = AXIS2_PLACEMENT_3D('',#1473,#1474,#1475);
#1473 = CARTESIAN_POINT('',(7.960204194458E-17,0.,12.15));
#1474 = DIRECTION('',(1.224646799147E-16,0.,-1.));
#1475 = DIRECTION('',(-1.,0.,-1.224646799147E-16));
#1476 = ADVANCED_FACE('',(#1477),#1498,.T.);
#1477 = FACE_BOUND('',#1478,.T.);
#1478 = EDGE_LOOP('',(#1479,#1489,#1496,#1497));
#1479 = ORIENTED_EDGE('',*,*,#1480,.F.);
#1480 = EDGE_CURVE('',#1481,#1287,#1483,.T.);
#1481 = VERTEX_POINT('',#1482);
#1482 = CARTESIAN_POINT('',(-20.83211929457,-0.863310892251,12.8));
#1483 = B_SPLINE_CURVE_WITH_KNOTS('',4,(#1484,#1485,#1486,#1487,#1488),
  .UNSPECIFIED.,.F.,.F.,(5,5),(0.,1.),.PIECEWISE_BEZIER_KNOTS.);
#1484 = CARTESIAN_POINT('',(-20.83211929457,-0.863310892251,12.8));
#1485 = CARTESIAN_POINT('',(-20.99914394294,-0.715444507825,
    12.639241115603));
#1486 = CARTESIAN_POINT('',(-21.16574165036,-0.573868065467,
    12.477123104208));
#1487 = CARTESIAN_POINT('',(-21.33196352901,-0.437252940418,
    12.313981015151));
#1488 = CARTESIAN_POINT('',(-21.49783847277,-0.304862261631,12.15));
#1489 = ORIENTED_EDGE('',*,*,#1490,.T.);
#1490 = EDGE_CURVE('',#1481,#1456,#1491,.T.);
#1491 = CIRCLE('',#1492,20.85);
#1492 = AXIS2_PLACEMENT_3D('',#1493,#1494,#1495);
#1493 = CARTESIAN_POINT('',(0.,0.,12.8));
#1494 = DIRECTION('',(1.224646799147E-16,0.,-1.));
#1495 = DIRECTION('',(-0.99989946385,-1.417964007588E-02,
    -1.224523677873E-16));
#1496 = ORIENTED_EDGE('',*,*,#1455,.T.);
#1497 = ORIENTED_EDGE('',*,*,#1286,.F.);
#1498 = CONICAL_SURFACE('',#1499,21.5,0.785398163397);
#1499 = AXIS2_PLACEMENT_3D('',#1500,#1501,#1502);
#1500 = CARTESIAN_POINT('',(7.960204194458E-17,0.,12.15));
#1501 = DIRECTION('',(1.224646799147E-16,0.,-1.));
#1502 = DIRECTION('',(-0.99989946385,-1.417964007588E-02,
    -1.224523677873E-16));
#1503 = ADVANCED_FACE('',(#1504),#1526,.T.);
#1504 = FACE_BOUND('',#1505,.F.);
#1505 = EDGE_LOOP('',(#1506,#1507,#1516,#1523,#1524,#1525));
#1506 = ORIENTED_EDGE('',*,*,#1295,.F.);
#1507 = ORIENTED_EDGE('',*,*,#1508,.F.);
#1508 = EDGE_CURVE('',#1509,#1287,#1511,.T.);
#1509 = VERTEX_POINT('',#1510);
#1510 = CARTESIAN_POINT('',(-25.3,-5.,12.15));
#1511 = CIRCLE('',#1512,4.8);
#1512 = AXIS2_PLACEMENT_3D('',#1513,#1514,#1515);
#1513 = CARTESIAN_POINT('',(-20.5,-5.,12.15));
#1514 = DIRECTION('',(1.224646799147E-16,0.,-1.));
#1515 = DIRECTION('',(-1.,0.,-1.224646799147E-16));
#1516 = ORIENTED_EDGE('',*,*,#1517,.F.);
#1517 = EDGE_CURVE('',#1433,#1509,#1518,.T.);
#1518 = CIRCLE('',#1519,4.8);
#1519 = AXIS2_PLACEMENT_3D('',#1520,#1521,#1522);
#1520 = CARTESIAN_POINT('',(-20.5,-5.,12.15));
#1521 = DIRECTION('',(1.224646799147E-16,-6.162975822039E-33,-1.));
#1522 = DIRECTION('',(0.265818631856,-0.964023057275,3.255339366559E-17)
  );
#1523 = ORIENTED_EDGE('',*,*,#1432,.T.);
#1524 = ORIENTED_EDGE('',*,*,#1373,.T.);
#1525 = ORIENTED_EDGE('',*,*,#1382,.T.);
#1526 = CYLINDRICAL_SURFACE('',#1527,4.8);
#1527 = AXIS2_PLACEMENT_3D('',#1528,#1529,#1530);
#1528 = CARTESIAN_POINT('',(-20.5,-5.,12.8));
#1529 = DIRECTION('',(-1.224646799147E-16,-0.,1.));
#1530 = DIRECTION('',(-1.,0.,-1.224646799147E-16));
#1531 = ADVANCED_FACE('',(#1532,#1562,#1573,#1620,#1631,#1667),#1737,.F.
  );
#1532 = FACE_BOUND('',#1533,.F.);
#1533 = EDGE_LOOP('',(#1534,#1535,#1544,#1553,#1560,#1561));
#1534 = ORIENTED_EDGE('',*,*,#1346,.T.);
#1535 = ORIENTED_EDGE('',*,*,#1536,.T.);
#1536 = EDGE_CURVE('',#1338,#1537,#1539,.T.);
#1537 = VERTEX_POINT('',#1538);
#1538 = CARTESIAN_POINT('',(-18.89022770149,-8.825066423864,12.8));
#1539 = CIRCLE('',#1540,20.85);
#1540 = AXIS2_PLACEMENT_3D('',#1541,#1542,#1543);
#1541 = CARTESIAN_POINT('',(0.,0.,12.8));
#1542 = DIRECTION('',(1.224646799147E-16,0.,-1.));
#1543 = DIRECTION('',(0.894142817074,-0.447781891857,1.09500913891E-16)
  );
#1544 = ORIENTED_EDGE('',*,*,#1545,.T.);
#1545 = EDGE_CURVE('',#1537,#1546,#1548,.T.);
#1546 = VERTEX_POINT('',#1547);
#1547 = CARTESIAN_POINT('',(-24.65,-5.,12.8));
#1548 = CIRCLE('',#1549,4.15);
#1549 = AXIS2_PLACEMENT_3D('',#1550,#1551,#1552);
#1550 = CARTESIAN_POINT('',(-20.5,-5.,12.8));
#1551 = DIRECTION('',(1.224646799147E-16,-6.162975822039E-33,-1.));
#1552 = DIRECTION('',(0.265818631856,-0.964023057275,3.255339366559E-17)
  );
#1553 = ORIENTED_EDGE('',*,*,#1554,.T.);
#1554 = EDGE_CURVE('',#1546,#1481,#1555,.T.);
#1555 = CIRCLE('',#1556,4.15);
#1556 = AXIS2_PLACEMENT_3D('',#1557,#1558,#1559);
#1557 = CARTESIAN_POINT('',(-20.5,-5.,12.8));
#1558 = DIRECTION('',(1.224646799147E-16,0.,-1.));
#1559 = DIRECTION('',(-1.,0.,-1.224646799147E-16));
#1560 = ORIENTED_EDGE('',*,*,#1490,.T.);
#1561 = ORIENTED_EDGE('',*,*,#1463,.T.);
#1562 = FACE_BOUND('',#1563,.F.);
#1563 = EDGE_LOOP('',(#1564));
#1564 = ORIENTED_EDGE('',*,*,#1565,.F.);
#1565 = EDGE_CURVE('',#1566,#1566,#1568,.T.);
#1566 = VERTEX_POINT('',#1567);
#1567 = CARTESIAN_POINT('',(17.8,-5.,12.8));
#1568 = CIRCLE('',#1569,2.7);
#1569 = AXIS2_PLACEMENT_3D('',#1570,#1571,#1572);
#1570 = CARTESIAN_POINT('',(20.5,-5.,12.8));
#1571 = DIRECTION('',(1.224646799147E-16,0.,-1.));
#1572 = DIRECTION('',(-1.,0.,-1.224646799147E-16));
#1573 = FACE_BOUND('',#1574,.F.);
#1574 = EDGE_LOOP('',(#1575,#1586,#1595,#1604,#1613));
#1575 = ORIENTED_EDGE('',*,*,#1576,.F.);
#1576 = EDGE_CURVE('',#1577,#1579,#1581,.T.);
#1577 = VERTEX_POINT('',#1578);
#1578 = CARTESIAN_POINT('',(6.66839560914,-2.85,12.8));
#1579 = VERTEX_POINT('',#1580);
#1580 = CARTESIAN_POINT('',(8.227241335952,-3.75,12.8));
#1581 = CIRCLE('',#1582,0.9);
#1582 = AXIS2_PLACEMENT_3D('',#1583,#1584,#1585);
#1583 = CARTESIAN_POINT('',(7.447818472546,-3.3,12.8));
#1584 = DIRECTION('',(1.224646799147E-16,0.,-1.));
#1585 = DIRECTION('',(-1.,0.,-1.224646799147E-16));
#1586 = ORIENTED_EDGE('',*,*,#1587,.T.);
#1587 = EDGE_CURVE('',#1577,#1588,#1590,.T.);
#1588 = VERTEX_POINT('',#1589);
#1589 = CARTESIAN_POINT('',(-6.66839560914,-2.85,12.8));
#1590 = CIRCLE('',#1591,7.7);
#1591 = AXIS2_PLACEMENT_3D('',#1592,#1593,#1594);
#1592 = CARTESIAN_POINT('',(0.,1.,12.8));
#1593 = DIRECTION('',(1.224646799147E-16,0.,-1.));
#1594 = DIRECTION('',(-1.,0.,-1.224646799147E-16));
#1595 = ORIENTED_EDGE('',*,*,#1596,.F.);
#1596 = EDGE_CURVE('',#1597,#1588,#1599,.T.);
#1597 = VERTEX_POINT('',#1598);
#1598 = CARTESIAN_POINT('',(-8.347818472546,-3.3,12.8));
#1599 = CIRCLE('',#1600,0.9);
#1600 = AXIS2_PLACEMENT_3D('',#1601,#1602,#1603);
#1601 = CARTESIAN_POINT('',(-7.447818472546,-3.3,12.8));
#1602 = DIRECTION('',(1.224646799147E-16,0.,-1.));
#1603 = DIRECTION('',(-1.,0.,-1.224646799147E-16));
#1604 = ORIENTED_EDGE('',*,*,#1605,.F.);
#1605 = EDGE_CURVE('',#1606,#1597,#1608,.T.);
#1606 = VERTEX_POINT('',#1607);
#1607 = CARTESIAN_POINT('',(-8.227241335952,-3.75,12.8));
#1608 = CIRCLE('',#1609,0.9);
#1609 = AXIS2_PLACEMENT_3D('',#1610,#1611,#1612);
#1610 = CARTESIAN_POINT('',(-7.447818472546,-3.3,12.8));
#1611 = DIRECTION('',(1.224646799147E-16,0.,-1.));
#1612 = DIRECTION('',(-1.,0.,-1.224646799147E-16));
#1613 = ORIENTED_EDGE('',*,*,#1614,.F.);
#1614 = EDGE_CURVE('',#1579,#1606,#1615,.T.);
#1615 = CIRCLE('',#1616,9.5);
#1616 = AXIS2_PLACEMENT_3D('',#1617,#1618,#1619);
#1617 = CARTESIAN_POINT('',(0.,1.,12.8));
#1618 = DIRECTION('',(1.224646799147E-16,0.,-1.));
#1619 = DIRECTION('',(0.866025403784,-0.5,1.060575238725E-16));
#1620 = FACE_BOUND('',#1621,.F.);
#1621 = EDGE_LOOP('',(#1622));
#1622 = ORIENTED_EDGE('',*,*,#1623,.F.);
#1623 = EDGE_CURVE('',#1624,#1624,#1626,.T.);
#1624 = VERTEX_POINT('',#1625);
#1625 = CARTESIAN_POINT('',(-23.2,-5.,12.8));
#1626 = CIRCLE('',#1627,2.7);
#1627 = AXIS2_PLACEMENT_3D('',#1628,#1629,#1630);
#1628 = CARTESIAN_POINT('',(-20.5,-5.,12.8));
#1629 = DIRECTION('',(1.224646799147E-16,0.,-1.));
#1630 = DIRECTION('',(-1.,0.,-1.224646799147E-16));
#1631 = FACE_BOUND('',#1632,.F.);
#1632 = EDGE_LOOP('',(#1633,#1644,#1652,#1661));
#1633 = ORIENTED_EDGE('',*,*,#1634,.F.);
#1634 = EDGE_CURVE('',#1635,#1637,#1639,.T.);
#1635 = VERTEX_POINT('',#1636);
#1636 = CARTESIAN_POINT('',(7.15,4.,12.8));
#1637 = VERTEX_POINT('',#1638);
#1638 = CARTESIAN_POINT('',(4.85,4.,12.8));
#1639 = CIRCLE('',#1640,1.15);
#1640 = AXIS2_PLACEMENT_3D('',#1641,#1642,#1643);
#1641 = CARTESIAN_POINT('',(6.,4.,12.8));
#1642 = DIRECTION('',(1.224646799147E-16,0.,-1.));
#1643 = DIRECTION('',(-1.,0.,-1.224646799147E-16));
#1644 = ORIENTED_EDGE('',*,*,#1645,.T.);
#1645 = EDGE_CURVE('',#1635,#1646,#1648,.T.);
#1646 = VERTEX_POINT('',#1647);
#1647 = CARTESIAN_POINT('',(7.15,6.,12.8));
#1648 = LINE('',#1649,#1650);
#1649 = CARTESIAN_POINT('',(7.15,4.,12.8));
#1650 = VECTOR('',#1651,1.);
#1651 = DIRECTION('',(0.,1.,0.));
#1652 = ORIENTED_EDGE('',*,*,#1653,.F.);
#1653 = EDGE_CURVE('',#1654,#1646,#1656,.T.);
#1654 = VERTEX_POINT('',#1655);
#1655 = CARTESIAN_POINT('',(4.85,6.,12.8));
#1656 = CIRCLE('',#1657,1.15);
#1657 = AXIS2_PLACEMENT_3D('',#1658,#1659,#1660);
#1658 = CARTESIAN_POINT('',(6.,6.,12.8));
#1659 = DIRECTION('',(1.224646799147E-16,0.,-1.));
#1660 = DIRECTION('',(-1.,0.,-1.224646799147E-16));
#1661 = ORIENTED_EDGE('',*,*,#1662,.T.);
#1662 = EDGE_CURVE('',#1654,#1637,#1663,.T.);
#1663 = LINE('',#1664,#1665);
#1664 = CARTESIAN_POINT('',(4.85,6.,12.8));
#1665 = VECTOR('',#1666,1.);
#1666 = DIRECTION('',(0.,-1.,-0.));
#1667 = FACE_BOUND('',#1668,.F.);
#1668 = EDGE_LOOP('',(#1669,#1680,#1688,#1697,#1706,#1714,#1722,#1731));
#1669 = ORIENTED_EDGE('',*,*,#1670,.F.);
#1670 = EDGE_CURVE('',#1671,#1673,#1675,.T.);
#1671 = VERTEX_POINT('',#1672);
#1672 = CARTESIAN_POINT('',(-6.415217462978,6.898495121111,12.8));
#1673 = VERTEX_POINT('',#1674);
#1674 = CARTESIAN_POINT('',(-5.584782537022,6.898495121111,12.8));
#1675 = CIRCLE('',#1676,0.9);
#1676 = AXIS2_PLACEMENT_3D('',#1677,#1678,#1679);
#1677 = CARTESIAN_POINT('',(-6.,6.1,12.8));
#1678 = DIRECTION('',(1.224646799147E-16,0.,-1.));
#1679 = DIRECTION('',(-1.,0.,-1.224646799147E-16));
#1680 = ORIENTED_EDGE('',*,*,#1681,.T.);
#1681 = EDGE_CURVE('',#1671,#1682,#1684,.T.);
#1682 = VERTEX_POINT('',#1683);
#1683 = CARTESIAN_POINT('',(-8.915217462978,5.598495121111,12.8));
#1684 = LINE('',#1685,#1686);
#1685 = CARTESIAN_POINT('',(-6.415217462978,6.898495121111,12.8));
#1686 = VECTOR('',#1687,1.);
#1687 = DIRECTION('',(-0.887216801235,-0.461352736642,
    -1.086527215782E-16));
#1688 = ORIENTED_EDGE('',*,*,#1689,.F.);
#1689 = EDGE_CURVE('',#1690,#1682,#1692,.T.);
#1690 = VERTEX_POINT('',#1691);
#1691 = CARTESIAN_POINT('',(-9.4,4.8,12.8));
#1692 = CIRCLE('',#1693,0.9);
#1693 = AXIS2_PLACEMENT_3D('',#1694,#1695,#1696);
#1694 = CARTESIAN_POINT('',(-8.5,4.8,12.8));
#1695 = DIRECTION('',(1.224646799147E-16,0.,-1.));
#1696 = DIRECTION('',(-1.,0.,-1.224646799147E-16));
#1697 = ORIENTED_EDGE('',*,*,#1698,.F.);
#1698 = EDGE_CURVE('',#1699,#1690,#1701,.T.);
#1699 = VERTEX_POINT('',#1700);
#1700 = CARTESIAN_POINT('',(-8.084782537022,4.001504878889,12.8));
#1701 = CIRCLE('',#1702,0.9);
#1702 = AXIS2_PLACEMENT_3D('',#1703,#1704,#1705);
#1703 = CARTESIAN_POINT('',(-8.5,4.8,12.8));
#1704 = DIRECTION('',(1.224646799147E-16,0.,-1.));
#1705 = DIRECTION('',(-1.,0.,-1.224646799147E-16));
#1706 = ORIENTED_EDGE('',*,*,#1707,.T.);
#1707 = EDGE_CURVE('',#1699,#1708,#1710,.T.);
#1708 = VERTEX_POINT('',#1709);
#1709 = CARTESIAN_POINT('',(-6.,5.08559179814,12.8));
#1710 = LINE('',#1711,#1712);
#1711 = CARTESIAN_POINT('',(-8.084782537022,4.001504878889,12.8));
#1712 = VECTOR('',#1713,1.);
#1713 = DIRECTION('',(0.887216801235,0.461352736642,1.086527215782E-16)
  );
#1714 = ORIENTED_EDGE('',*,*,#1715,.T.);
#1715 = EDGE_CURVE('',#1708,#1716,#1718,.T.);
#1716 = VERTEX_POINT('',#1717);
#1717 = CARTESIAN_POINT('',(-3.915217462978,4.001504878889,12.8));
#1718 = LINE('',#1719,#1720);
#1719 = CARTESIAN_POINT('',(-6.,5.08559179814,12.8));
#1720 = VECTOR('',#1721,1.);
#1721 = DIRECTION('',(0.887216801235,-0.461352736642,1.086527215782E-16)
  );
#1722 = ORIENTED_EDGE('',*,*,#1723,.F.);
#1723 = EDGE_CURVE('',#1724,#1716,#1726,.T.);
#1724 = VERTEX_POINT('',#1725);
#1725 = CARTESIAN_POINT('',(-3.084782537022,5.598495121111,12.8));
#1726 = CIRCLE('',#1727,0.9);
#1727 = AXIS2_PLACEMENT_3D('',#1728,#1729,#1730);
#1728 = CARTESIAN_POINT('',(-3.5,4.8,12.8));
#1729 = DIRECTION('',(1.224646799147E-16,0.,-1.));
#1730 = DIRECTION('',(-1.,0.,-1.224646799147E-16));
#1731 = ORIENTED_EDGE('',*,*,#1732,.T.);
#1732 = EDGE_CURVE('',#1724,#1673,#1733,.T.);
#1733 = LINE('',#1734,#1735);
#1734 = CARTESIAN_POINT('',(-3.084782537022,5.598495121111,12.8));
#1735 = VECTOR('',#1736,1.);
#1736 = DIRECTION('',(-0.887216801235,0.461352736642,-1.086527215782E-16
    ));
#1737 = PLANE('',#1738);
#1738 = AXIS2_PLACEMENT_3D('',#1739,#1740,#1741);
#1739 = CARTESIAN_POINT('',(-0.114959073634,-0.99081584767,12.8));
#1740 = DIRECTION('',(1.224646799147E-16,0.,-1.));
#1741 = DIRECTION('',(-1.,0.,-1.224646799147E-16));
#1742 = ADVANCED_FACE('',(#1743),#1755,.T.);
#1743 = FACE_BOUND('',#1744,.F.);
#1744 = EDGE_LOOP('',(#1745,#1746,#1747,#1754));
#1745 = ORIENTED_EDGE('',*,*,#1337,.F.);
#1746 = ORIENTED_EDGE('',*,*,#1440,.T.);
#1747 = ORIENTED_EDGE('',*,*,#1748,.T.);
#1748 = EDGE_CURVE('',#1433,#1537,#1749,.T.);
#1749 = HYPERBOLA('',#1750,13.454924748953,6.449030934955);
#1750 = AXIS2_PLACEMENT_3D('',#1751,#1752,#1753);
#1751 = CARTESIAN_POINT('',(-10.25,-2.5,25.3));
#1752 = DIRECTION('',(0.761802848492,0.185805572803,-0.620590613162));
#1753 = DIRECTION('',(-0.602916402745,-0.147052781157,-0.784134740243));
#1754 = ORIENTED_EDGE('',*,*,#1536,.F.);
#1755 = CONICAL_SURFACE('',#1756,21.5,0.785398163397);
#1756 = AXIS2_PLACEMENT_3D('',#1757,#1758,#1759);
#1757 = CARTESIAN_POINT('',(7.960204194458E-17,0.,12.15));
#1758 = DIRECTION('',(1.224646799147E-16,0.,-1.));
#1759 = DIRECTION('',(0.894142817074,-0.447781891857,1.09500913891E-16)
  );
#1760 = ADVANCED_FACE('',(#1761),#1780,.F.);
#1761 = FACE_BOUND('',#1762,.F.);
#1762 = EDGE_LOOP('',(#1763,#1764,#1772,#1779));
#1763 = ORIENTED_EDGE('',*,*,#1391,.F.);
#1764 = ORIENTED_EDGE('',*,*,#1765,.T.);
#1765 = EDGE_CURVE('',#1392,#1766,#1768,.T.);
#1766 = VERTEX_POINT('',#1767);
#1767 = CARTESIAN_POINT('',(19.05,-5.,10.4));
#1768 = LINE('',#1769,#1770);
#1769 = CARTESIAN_POINT('',(19.05,-5.,6.4));
#1770 = VECTOR('',#1771,1.);
#1771 = DIRECTION('',(-1.224646799147E-16,-0.,1.));
#1772 = ORIENTED_EDGE('',*,*,#1773,.T.);
#1773 = EDGE_CURVE('',#1766,#1766,#1774,.T.);
#1774 = CIRCLE('',#1775,1.45);
#1775 = AXIS2_PLACEMENT_3D('',#1776,#1777,#1778);
#1776 = CARTESIAN_POINT('',(20.5,-5.,10.4));
#1777 = DIRECTION('',(1.224646799147E-16,0.,-1.));
#1778 = DIRECTION('',(-1.,0.,-1.224646799147E-16));
#1779 = ORIENTED_EDGE('',*,*,#1765,.F.);
#1780 = CYLINDRICAL_SURFACE('',#1781,1.45);
#1781 = AXIS2_PLACEMENT_3D('',#1782,#1783,#1784);
#1782 = CARTESIAN_POINT('',(20.5,-5.,6.4));
#1783 = DIRECTION('',(1.224646799147E-16,0.,-1.));
#1784 = DIRECTION('',(-1.,0.,-1.224646799147E-16));
#1785 = ADVANCED_FACE('',(#1786),#1805,.F.);
#1786 = FACE_BOUND('',#1787,.F.);
#1787 = EDGE_LOOP('',(#1788,#1789,#1797,#1804));
#1788 = ORIENTED_EDGE('',*,*,#1402,.F.);
#1789 = ORIENTED_EDGE('',*,*,#1790,.T.);
#1790 = EDGE_CURVE('',#1403,#1791,#1793,.T.);
#1791 = VERTEX_POINT('',#1792);
#1792 = CARTESIAN_POINT('',(-21.95,-5.,10.4));
#1793 = LINE('',#1794,#1795);
#1794 = CARTESIAN_POINT('',(-21.95,-5.,6.4));
#1795 = VECTOR('',#1796,1.);
#1796 = DIRECTION('',(-1.224646799147E-16,-0.,1.));
#1797 = ORIENTED_EDGE('',*,*,#1798,.T.);
#1798 = EDGE_CURVE('',#1791,#1791,#1799,.T.);
#1799 = CIRCLE('',#1800,1.45);
#1800 = AXIS2_PLACEMENT_3D('',#1801,#1802,#1803);
#1801 = CARTESIAN_POINT('',(-20.5,-5.,10.4));
#1802 = DIRECTION('',(1.224646799147E-16,0.,-1.));
#1803 = DIRECTION('',(-1.,0.,-1.224646799147E-16));
#1804 = ORIENTED_EDGE('',*,*,#1790,.F.);
#1805 = CYLINDRICAL_SURFACE('',#1806,1.45);
#1806 = AXIS2_PLACEMENT_3D('',#1807,#1808,#1809);
#1807 = CARTESIAN_POINT('',(-20.5,-5.,6.4));
#1808 = DIRECTION('',(1.224646799147E-16,0.,-1.));
#1809 = DIRECTION('',(-1.,0.,-1.224646799147E-16));
#1810 = ADVANCED_FACE('',(#1811),#1830,.F.);
#1811 = FACE_BOUND('',#1812,.F.);
#1812 = EDGE_LOOP('',(#1813,#1821,#1828,#1829));
#1813 = ORIENTED_EDGE('',*,*,#1814,.T.);
#1814 = EDGE_CURVE('',#1414,#1815,#1817,.T.);
#1815 = VERTEX_POINT('',#1816);
#1816 = CARTESIAN_POINT('',(-17.7,0.,7.65));
#1817 = LINE('',#1818,#1819);
#1818 = CARTESIAN_POINT('',(-17.7,0.,6.4));
#1819 = VECTOR('',#1820,1.);
#1820 = DIRECTION('',(-1.224646799147E-16,-0.,1.));
#1821 = ORIENTED_EDGE('',*,*,#1822,.T.);
#1822 = EDGE_CURVE('',#1815,#1815,#1823,.T.);
#1823 = CIRCLE('',#1824,17.7);
#1824 = AXIS2_PLACEMENT_3D('',#1825,#1826,#1827);
#1825 = CARTESIAN_POINT('',(6.306931015609E-16,0.,7.65));
#1826 = DIRECTION('',(1.224646799147E-16,0.,-1.));
#1827 = DIRECTION('',(-1.,0.,-1.224646799147E-16));
#1828 = ORIENTED_EDGE('',*,*,#1814,.F.);
#1829 = ORIENTED_EDGE('',*,*,#1413,.F.);
#1830 = CYLINDRICAL_SURFACE('',#1831,17.7);
#1831 = AXIS2_PLACEMENT_3D('',#1832,#1833,#1834);
#1832 = CARTESIAN_POINT('',(7.837739514543E-16,0.,6.4));
#1833 = DIRECTION('',(1.224646799147E-16,0.,-1.));
#1834 = DIRECTION('',(-1.,0.,-1.224646799147E-16));
#1835 = ADVANCED_FACE('',(#1836),#1847,.T.);
#1836 = FACE_BOUND('',#1837,.T.);
#1837 = EDGE_LOOP('',(#1838,#1844,#1845,#1846));
#1838 = ORIENTED_EDGE('',*,*,#1839,.F.);
#1839 = EDGE_CURVE('',#1546,#1509,#1840,.T.);
#1840 = LINE('',#1841,#1842);
#1841 = CARTESIAN_POINT('',(-25.3,-5.,12.15));
#1842 = VECTOR('',#1843,1.);
#1843 = DIRECTION('',(-0.707106781187,-3.885780586188E-16,
    -0.707106781187));
#1844 = ORIENTED_EDGE('',*,*,#1554,.T.);
#1845 = ORIENTED_EDGE('',*,*,#1480,.T.);
#1846 = ORIENTED_EDGE('',*,*,#1508,.F.);
#1847 = CONICAL_SURFACE('',#1848,4.8,0.785398163397);
#1848 = AXIS2_PLACEMENT_3D('',#1849,#1850,#1851);
#1849 = CARTESIAN_POINT('',(-20.5,-5.,12.15));
#1850 = DIRECTION('',(1.224646799147E-16,0.,-1.));
#1851 = DIRECTION('',(-1.,0.,-1.224646799147E-16));
#1852 = ADVANCED_FACE('',(#1853),#1859,.T.);
#1853 = FACE_BOUND('',#1854,.T.);
#1854 = EDGE_LOOP('',(#1855,#1856,#1857,#1858));
#1855 = ORIENTED_EDGE('',*,*,#1748,.T.);
#1856 = ORIENTED_EDGE('',*,*,#1545,.T.);
#1857 = ORIENTED_EDGE('',*,*,#1839,.T.);
#1858 = ORIENTED_EDGE('',*,*,#1517,.F.);
#1859 = CONICAL_SURFACE('',#1860,4.8,0.785398163397);
#1860 = AXIS2_PLACEMENT_3D('',#1861,#1862,#1863);
#1861 = CARTESIAN_POINT('',(-20.5,-5.,12.15));
#1862 = DIRECTION('',(1.224646799147E-16,0.,-1.));
#1863 = DIRECTION('',(0.265818631856,-0.964023057275,3.255339366559E-17)
  );
#1864 = ADVANCED_FACE('',(#1865),#1884,.F.);
#1865 = FACE_BOUND('',#1866,.T.);
#1866 = EDGE_LOOP('',(#1867,#1875,#1882,#1883));
#1867 = ORIENTED_EDGE('',*,*,#1868,.T.);
#1868 = EDGE_CURVE('',#1566,#1869,#1871,.T.);
#1869 = VERTEX_POINT('',#1870);
#1870 = CARTESIAN_POINT('',(17.8,-5.,10.4));
#1871 = LINE('',#1872,#1873);
#1872 = CARTESIAN_POINT('',(17.8,-5.,12.8));
#1873 = VECTOR('',#1874,1.);
#1874 = DIRECTION('',(1.224646799147E-16,0.,-1.));
#1875 = ORIENTED_EDGE('',*,*,#1876,.T.);
#1876 = EDGE_CURVE('',#1869,#1869,#1877,.T.);
#1877 = CIRCLE('',#1878,2.7);
#1878 = AXIS2_PLACEMENT_3D('',#1879,#1880,#1881);
#1879 = CARTESIAN_POINT('',(20.5,-5.,10.4));
#1880 = DIRECTION('',(1.224646799147E-16,0.,-1.));
#1881 = DIRECTION('',(-1.,0.,-1.224646799147E-16));
#1882 = ORIENTED_EDGE('',*,*,#1868,.F.);
#1883 = ORIENTED_EDGE('',*,*,#1565,.F.);
#1884 = CYLINDRICAL_SURFACE('',#1885,2.7);
#1885 = AXIS2_PLACEMENT_3D('',#1886,#1887,#1888);
#1886 = CARTESIAN_POINT('',(20.5,-5.,12.8));
#1887 = DIRECTION('',(-1.224646799147E-16,-0.,1.));
#1888 = DIRECTION('',(-1.,0.,-1.224646799147E-16));
#1889 = ADVANCED_FACE('',(#1890),#1916,.F.);
#1890 = FACE_BOUND('',#1891,.T.);
#1891 = EDGE_LOOP('',(#1892,#1900,#1909,#1915));
#1892 = ORIENTED_EDGE('',*,*,#1893,.T.);
#1893 = EDGE_CURVE('',#1577,#1894,#1896,.T.);
#1894 = VERTEX_POINT('',#1895);
#1895 = CARTESIAN_POINT('',(6.66839560914,-2.85,10.7));
#1896 = LINE('',#1897,#1898);
#1897 = CARTESIAN_POINT('',(6.66839560914,-2.85,12.8));
#1898 = VECTOR('',#1899,1.);
#1899 = DIRECTION('',(1.224646799147E-16,0.,-1.));
#1900 = ORIENTED_EDGE('',*,*,#1901,.T.);
#1901 = EDGE_CURVE('',#1894,#1902,#1904,.T.);
#1902 = VERTEX_POINT('',#1903);
#1903 = CARTESIAN_POINT('',(8.227241335952,-3.75,10.7));
#1904 = CIRCLE('',#1905,0.9);
#1905 = AXIS2_PLACEMENT_3D('',#1906,#1907,#1908);
#1906 = CARTESIAN_POINT('',(7.447818472546,-3.3,10.7));
#1907 = DIRECTION('',(1.224646799147E-16,0.,-1.));
#1908 = DIRECTION('',(-1.,0.,-1.224646799147E-16));
#1909 = ORIENTED_EDGE('',*,*,#1910,.F.);
#1910 = EDGE_CURVE('',#1579,#1902,#1911,.T.);
#1911 = LINE('',#1912,#1913);
#1912 = CARTESIAN_POINT('',(8.227241335952,-3.75,12.8));
#1913 = VECTOR('',#1914,1.);
#1914 = DIRECTION('',(1.224646799147E-16,0.,-1.));
#1915 = ORIENTED_EDGE('',*,*,#1576,.F.);
#1916 = CYLINDRICAL_SURFACE('',#1917,0.9);
#1917 = AXIS2_PLACEMENT_3D('',#1918,#1919,#1920);
#1918 = CARTESIAN_POINT('',(7.447818472546,-3.3,12.8));
#1919 = DIRECTION('',(-1.224646799147E-16,-0.,1.));
#1920 = DIRECTION('',(-1.,0.,-1.224646799147E-16));
#1921 = ADVANCED_FACE('',(#1922),#1941,.F.);
#1922 = FACE_BOUND('',#1923,.T.);
#1923 = EDGE_LOOP('',(#1924,#1925,#1934,#1940));
#1924 = ORIENTED_EDGE('',*,*,#1910,.T.);
#1925 = ORIENTED_EDGE('',*,*,#1926,.T.);
#1926 = EDGE_CURVE('',#1902,#1927,#1929,.T.);
#1927 = VERTEX_POINT('',#1928);
#1928 = CARTESIAN_POINT('',(-8.227241335952,-3.75,10.7));
#1929 = CIRCLE('',#1930,9.5);
#1930 = AXIS2_PLACEMENT_3D('',#1931,#1932,#1933);
#1931 = CARTESIAN_POINT('',(2.571758278209E-16,1.,10.7));
#1932 = DIRECTION('',(1.224646799147E-16,0.,-1.));
#1933 = DIRECTION('',(0.866025403784,-0.5,1.060575238725E-16));
#1934 = ORIENTED_EDGE('',*,*,#1935,.F.);
#1935 = EDGE_CURVE('',#1606,#1927,#1936,.T.);
#1936 = LINE('',#1937,#1938);
#1937 = CARTESIAN_POINT('',(-8.227241335952,-3.75,12.8));
#1938 = VECTOR('',#1939,1.);
#1939 = DIRECTION('',(1.224646799147E-16,0.,-1.));
#1940 = ORIENTED_EDGE('',*,*,#1614,.F.);
#1941 = CYLINDRICAL_SURFACE('',#1942,9.5);
#1942 = AXIS2_PLACEMENT_3D('',#1943,#1944,#1945);
#1943 = CARTESIAN_POINT('',(0.,1.,12.8));
#1944 = DIRECTION('',(-1.224646799147E-16,-0.,1.));
#1945 = DIRECTION('',(0.866025403784,-0.5,1.060575238725E-16));
#1946 = ADVANCED_FACE('',(#1947),#1976,.F.);
#1947 = FACE_BOUND('',#1948,.T.);
#1948 = EDGE_LOOP('',(#1949,#1960,#1966,#1967,#1968,#1969));
#1949 = ORIENTED_EDGE('',*,*,#1950,.T.);
#1950 = EDGE_CURVE('',#1951,#1953,#1955,.T.);
#1951 = VERTEX_POINT('',#1952);
#1952 = CARTESIAN_POINT('',(-8.347818472546,-3.3,10.7));
#1953 = VERTEX_POINT('',#1954);
#1954 = CARTESIAN_POINT('',(-6.66839560914,-2.85,10.7));
#1955 = CIRCLE('',#1956,0.9);
#1956 = AXIS2_PLACEMENT_3D('',#1957,#1958,#1959);
#1957 = CARTESIAN_POINT('',(-7.447818472546,-3.3,10.7));
#1958 = DIRECTION('',(1.224646799147E-16,0.,-1.));
#1959 = DIRECTION('',(-1.,0.,-1.224646799147E-16));
#1960 = ORIENTED_EDGE('',*,*,#1961,.F.);
#1961 = EDGE_CURVE('',#1588,#1953,#1962,.T.);
#1962 = LINE('',#1963,#1964);
#1963 = CARTESIAN_POINT('',(-6.66839560914,-2.85,12.8));
#1964 = VECTOR('',#1965,1.);
#1965 = DIRECTION('',(1.224646799147E-16,0.,-1.));
#1966 = ORIENTED_EDGE('',*,*,#1596,.F.);
#1967 = ORIENTED_EDGE('',*,*,#1605,.F.);
#1968 = ORIENTED_EDGE('',*,*,#1935,.T.);
#1969 = ORIENTED_EDGE('',*,*,#1970,.T.);
#1970 = EDGE_CURVE('',#1927,#1951,#1971,.T.);
#1971 = CIRCLE('',#1972,0.9);
#1972 = AXIS2_PLACEMENT_3D('',#1973,#1974,#1975);
#1973 = CARTESIAN_POINT('',(-7.447818472546,-3.3,10.7));
#1974 = DIRECTION('',(1.224646799147E-16,0.,-1.));
#1975 = DIRECTION('',(-1.,0.,-1.224646799147E-16));
#1976 = CYLINDRICAL_SURFACE('',#1977,0.9);
#1977 = AXIS2_PLACEMENT_3D('',#1978,#1979,#1980);
#1978 = CARTESIAN_POINT('',(-7.447818472546,-3.3,12.8));
#1979 = DIRECTION('',(-1.224646799147E-16,-0.,1.));
#1980 = DIRECTION('',(-1.,0.,-1.224646799147E-16));
#1981 = ADVANCED_FACE('',(#1982),#1994,.T.);
#1982 = FACE_BOUND('',#1983,.F.);
#1983 = EDGE_LOOP('',(#1984,#1985,#1992,#1993));
#1984 = ORIENTED_EDGE('',*,*,#1893,.T.);
#1985 = ORIENTED_EDGE('',*,*,#1986,.T.);
#1986 = EDGE_CURVE('',#1894,#1953,#1987,.T.);
#1987 = CIRCLE('',#1988,7.7);
#1988 = AXIS2_PLACEMENT_3D('',#1989,#1990,#1991);
#1989 = CARTESIAN_POINT('',(2.571758278209E-16,1.,10.7));
#1990 = DIRECTION('',(1.224646799147E-16,0.,-1.));
#1991 = DIRECTION('',(-1.,0.,-1.224646799147E-16));
#1992 = ORIENTED_EDGE('',*,*,#1961,.F.);
#1993 = ORIENTED_EDGE('',*,*,#1587,.F.);
#1994 = CYLINDRICAL_SURFACE('',#1995,7.7);
#1995 = AXIS2_PLACEMENT_3D('',#1996,#1997,#1998);
#1996 = CARTESIAN_POINT('',(0.,1.,12.8));
#1997 = DIRECTION('',(-1.224646799147E-16,-0.,1.));
#1998 = DIRECTION('',(-1.,0.,-1.224646799147E-16));
#1999 = ADVANCED_FACE('',(#2000),#2019,.F.);
#2000 = FACE_BOUND('',#2001,.T.);
#2001 = EDGE_LOOP('',(#2002,#2010,#2017,#2018));
#2002 = ORIENTED_EDGE('',*,*,#2003,.T.);
#2003 = EDGE_CURVE('',#1624,#2004,#2006,.T.);
#2004 = VERTEX_POINT('',#2005);
#2005 = CARTESIAN_POINT('',(-23.2,-5.,10.4));
#2006 = LINE('',#2007,#2008);
#2007 = CARTESIAN_POINT('',(-23.2,-5.,12.8));
#2008 = VECTOR('',#2009,1.);
#2009 = DIRECTION('',(1.224646799147E-16,0.,-1.));
#2010 = ORIENTED_EDGE('',*,*,#2011,.T.);
#2011 = EDGE_CURVE('',#2004,#2004,#2012,.T.);
#2012 = CIRCLE('',#2013,2.7);
#2013 = AXIS2_PLACEMENT_3D('',#2014,#2015,#2016);
#2014 = CARTESIAN_POINT('',(-20.5,-5.,10.4));
#2015 = DIRECTION('',(1.224646799147E-16,0.,-1.));
#2016 = DIRECTION('',(-1.,0.,-1.224646799147E-16));
#2017 = ORIENTED_EDGE('',*,*,#2003,.F.);
#2018 = ORIENTED_EDGE('',*,*,#1623,.F.);
#2019 = CYLINDRICAL_SURFACE('',#2020,2.7);
#2020 = AXIS2_PLACEMENT_3D('',#2021,#2022,#2023);
#2021 = CARTESIAN_POINT('',(-20.5,-5.,12.8));
#2022 = DIRECTION('',(-1.224646799147E-16,-0.,1.));
#2023 = DIRECTION('',(-1.,0.,-1.224646799147E-16));
#2024 = ADVANCED_FACE('',(#2025),#2051,.F.);
#2025 = FACE_BOUND('',#2026,.T.);
#2026 = EDGE_LOOP('',(#2027,#2035,#2044,#2050));
#2027 = ORIENTED_EDGE('',*,*,#2028,.T.);
#2028 = EDGE_CURVE('',#1635,#2029,#2031,.T.);
#2029 = VERTEX_POINT('',#2030);
#2030 = CARTESIAN_POINT('',(7.15,4.,10.7));
#2031 = LINE('',#2032,#2033);
#2032 = CARTESIAN_POINT('',(7.15,4.,12.8));
#2033 = VECTOR('',#2034,1.);
#2034 = DIRECTION('',(1.224646799147E-16,0.,-1.));
#2035 = ORIENTED_EDGE('',*,*,#2036,.T.);
#2036 = EDGE_CURVE('',#2029,#2037,#2039,.T.);
#2037 = VERTEX_POINT('',#2038);
#2038 = CARTESIAN_POINT('',(4.85,4.,10.7));
#2039 = CIRCLE('',#2040,1.15);
#2040 = AXIS2_PLACEMENT_3D('',#2041,#2042,#2043);
#2041 = CARTESIAN_POINT('',(6.,4.,10.7));
#2042 = DIRECTION('',(1.224646799147E-16,0.,-1.));
#2043 = DIRECTION('',(-1.,0.,-1.224646799147E-16));
#2044 = ORIENTED_EDGE('',*,*,#2045,.F.);
#2045 = EDGE_CURVE('',#1637,#2037,#2046,.T.);
#2046 = LINE('',#2047,#2048);
#2047 = CARTESIAN_POINT('',(4.85,4.,12.8));
#2048 = VECTOR('',#2049,1.);
#2049 = DIRECTION('',(1.224646799147E-16,0.,-1.));
#2050 = ORIENTED_EDGE('',*,*,#1634,.F.);
#2051 = CYLINDRICAL_SURFACE('',#2052,1.15);
#2052 = AXIS2_PLACEMENT_3D('',#2053,#2054,#2055);
#2053 = CARTESIAN_POINT('',(6.,4.,12.8));
#2054 = DIRECTION('',(-1.224646799147E-16,-0.,1.));
#2055 = DIRECTION('',(-1.,0.,-1.224646799147E-16));
#2056 = ADVANCED_FACE('',(#2057),#2075,.F.);
#2057 = FACE_BOUND('',#2058,.F.);
#2058 = EDGE_LOOP('',(#2059,#2067,#2073,#2074));
#2059 = ORIENTED_EDGE('',*,*,#2060,.T.);
#2060 = EDGE_CURVE('',#1654,#2061,#2063,.T.);
#2061 = VERTEX_POINT('',#2062);
#2062 = CARTESIAN_POINT('',(4.85,6.,10.7));
#2063 = LINE('',#2064,#2065);
#2064 = CARTESIAN_POINT('',(4.85,6.,12.8));
#2065 = VECTOR('',#2066,1.);
#2066 = DIRECTION('',(1.224646799147E-16,0.,-1.));
#2067 = ORIENTED_EDGE('',*,*,#2068,.T.);
#2068 = EDGE_CURVE('',#2061,#2037,#2069,.T.);
#2069 = LINE('',#2070,#2071);
#2070 = CARTESIAN_POINT('',(4.85,6.,10.7));
#2071 = VECTOR('',#2072,1.);
#2072 = DIRECTION('',(0.,-1.,-0.));
#2073 = ORIENTED_EDGE('',*,*,#2045,.F.);
#2074 = ORIENTED_EDGE('',*,*,#1662,.F.);
#2075 = PLANE('',#2076);
#2076 = AXIS2_PLACEMENT_3D('',#2077,#2078,#2079);
#2077 = CARTESIAN_POINT('',(4.85,6.,12.8));
#2078 = DIRECTION('',(-1.,0.,-1.224646799147E-16));
#2079 = DIRECTION('',(0.,-1.,-0.));
#2080 = ADVANCED_FACE('',(#2081),#2100,.F.);
#2081 = FACE_BOUND('',#2082,.T.);
#2082 = EDGE_LOOP('',(#2083,#2084,#2093,#2099));
#2083 = ORIENTED_EDGE('',*,*,#2060,.T.);
#2084 = ORIENTED_EDGE('',*,*,#2085,.T.);
#2085 = EDGE_CURVE('',#2061,#2086,#2088,.T.);
#2086 = VERTEX_POINT('',#2087);
#2087 = CARTESIAN_POINT('',(7.15,6.,10.7));
#2088 = CIRCLE('',#2089,1.15);
#2089 = AXIS2_PLACEMENT_3D('',#2090,#2091,#2092);
#2090 = CARTESIAN_POINT('',(6.,6.,10.7));
#2091 = DIRECTION('',(1.224646799147E-16,0.,-1.));
#2092 = DIRECTION('',(-1.,0.,-1.224646799147E-16));
#2093 = ORIENTED_EDGE('',*,*,#2094,.F.);
#2094 = EDGE_CURVE('',#1646,#2086,#2095,.T.);
#2095 = LINE('',#2096,#2097);
#2096 = CARTESIAN_POINT('',(7.15,6.,12.8));
#2097 = VECTOR('',#2098,1.);
#2098 = DIRECTION('',(1.224646799147E-16,0.,-1.));
#2099 = ORIENTED_EDGE('',*,*,#1653,.F.);
#2100 = CYLINDRICAL_SURFACE('',#2101,1.15);
#2101 = AXIS2_PLACEMENT_3D('',#2102,#2103,#2104);
#2102 = CARTESIAN_POINT('',(6.,6.,12.8));
#2103 = DIRECTION('',(-1.224646799147E-16,-0.,1.));
#2104 = DIRECTION('',(-1.,0.,-1.224646799147E-16));
#2105 = ADVANCED_FACE('',(#2106),#2117,.F.);
#2106 = FACE_BOUND('',#2107,.F.);
#2107 = EDGE_LOOP('',(#2108,#2109,#2115,#2116));
#2108 = ORIENTED_EDGE('',*,*,#2028,.T.);
#2109 = ORIENTED_EDGE('',*,*,#2110,.T.);
#2110 = EDGE_CURVE('',#2029,#2086,#2111,.T.);
#2111 = LINE('',#2112,#2113);
#2112 = CARTESIAN_POINT('',(7.15,4.,10.7));
#2113 = VECTOR('',#2114,1.);
#2114 = DIRECTION('',(0.,1.,0.));
#2115 = ORIENTED_EDGE('',*,*,#2094,.F.);
#2116 = ORIENTED_EDGE('',*,*,#1645,.F.);
#2117 = PLANE('',#2118);
#2118 = AXIS2_PLACEMENT_3D('',#2119,#2120,#2121);
#2119 = CARTESIAN_POINT('',(7.15,4.,12.8));
#2120 = DIRECTION('',(1.,0.,1.224646799147E-16));
#2121 = DIRECTION('',(0.,1.,0.));
#2122 = ADVANCED_FACE('',(#2123),#2149,.F.);
#2123 = FACE_BOUND('',#2124,.T.);
#2124 = EDGE_LOOP('',(#2125,#2133,#2142,#2148));
#2125 = ORIENTED_EDGE('',*,*,#2126,.T.);
#2126 = EDGE_CURVE('',#1671,#2127,#2129,.T.);
#2127 = VERTEX_POINT('',#2128);
#2128 = CARTESIAN_POINT('',(-6.415217462978,6.898495121111,10.7));
#2129 = LINE('',#2130,#2131);
#2130 = CARTESIAN_POINT('',(-6.415217462978,6.898495121111,12.8));
#2131 = VECTOR('',#2132,1.);
#2132 = DIRECTION('',(1.224646799147E-16,0.,-1.));
#2133 = ORIENTED_EDGE('',*,*,#2134,.T.);
#2134 = EDGE_CURVE('',#2127,#2135,#2137,.T.);
#2135 = VERTEX_POINT('',#2136);
#2136 = CARTESIAN_POINT('',(-5.584782537022,6.898495121111,10.7));
#2137 = CIRCLE('',#2138,0.9);
#2138 = AXIS2_PLACEMENT_3D('',#2139,#2140,#2141);
#2139 = CARTESIAN_POINT('',(-6.,6.1,10.7));
#2140 = DIRECTION('',(1.224646799147E-16,0.,-1.));
#2141 = DIRECTION('',(-1.,0.,-1.224646799147E-16));
#2142 = ORIENTED_EDGE('',*,*,#2143,.F.);
#2143 = EDGE_CURVE('',#1673,#2135,#2144,.T.);
#2144 = LINE('',#2145,#2146);
#2145 = CARTESIAN_POINT('',(-5.584782537022,6.898495121111,12.8));
#2146 = VECTOR('',#2147,1.);
#2147 = DIRECTION('',(1.224646799147E-16,0.,-1.));
#2148 = ORIENTED_EDGE('',*,*,#1670,.F.);
#2149 = CYLINDRICAL_SURFACE('',#2150,0.9);
#2150 = AXIS2_PLACEMENT_3D('',#2151,#2152,#2153);
#2151 = CARTESIAN_POINT('',(-6.,6.1,12.8));
#2152 = DIRECTION('',(-1.224646799147E-16,-0.,1.));
#2153 = DIRECTION('',(-1.,0.,-1.224646799147E-16));
#2154 = ADVANCED_FACE('',(#2155),#2173,.F.);
#2155 = FACE_BOUND('',#2156,.F.);
#2156 = EDGE_LOOP('',(#2157,#2165,#2171,#2172));
#2157 = ORIENTED_EDGE('',*,*,#2158,.T.);
#2158 = EDGE_CURVE('',#1724,#2159,#2161,.T.);
#2159 = VERTEX_POINT('',#2160);
#2160 = CARTESIAN_POINT('',(-3.084782537022,5.598495121111,10.7));
#2161 = LINE('',#2162,#2163);
#2162 = CARTESIAN_POINT('',(-3.084782537022,5.598495121111,12.8));
#2163 = VECTOR('',#2164,1.);
#2164 = DIRECTION('',(1.224646799147E-16,0.,-1.));
#2165 = ORIENTED_EDGE('',*,*,#2166,.T.);
#2166 = EDGE_CURVE('',#2159,#2135,#2167,.T.);
#2167 = LINE('',#2168,#2169);
#2168 = CARTESIAN_POINT('',(-3.084782537022,5.598495121111,10.7));
#2169 = VECTOR('',#2170,1.);
#2170 = DIRECTION('',(-0.887216801235,0.461352736642,-1.086527215782E-16
    ));
#2171 = ORIENTED_EDGE('',*,*,#2143,.F.);
#2172 = ORIENTED_EDGE('',*,*,#1732,.F.);
#2173 = PLANE('',#2174);
#2174 = AXIS2_PLACEMENT_3D('',#2175,#2176,#2177);
#2175 = CARTESIAN_POINT('',(-3.084782537022,5.598495121111,12.8));
#2176 = DIRECTION('',(0.461352736642,0.887216801235,5.649941522065E-17)
  );
#2177 = DIRECTION('',(-0.887216801235,0.461352736642,-1.086527215782E-16
    ));
#2178 = ADVANCED_FACE('',(#2179),#2198,.F.);
#2179 = FACE_BOUND('',#2180,.T.);
#2180 = EDGE_LOOP('',(#2181,#2182,#2191,#2197));
#2181 = ORIENTED_EDGE('',*,*,#2158,.T.);
#2182 = ORIENTED_EDGE('',*,*,#2183,.T.);
#2183 = EDGE_CURVE('',#2159,#2184,#2186,.T.);
#2184 = VERTEX_POINT('',#2185);
#2185 = CARTESIAN_POINT('',(-3.915217462978,4.001504878889,10.7));
#2186 = CIRCLE('',#2187,0.9);
#2187 = AXIS2_PLACEMENT_3D('',#2188,#2189,#2190);
#2188 = CARTESIAN_POINT('',(-3.5,4.8,10.7));
#2189 = DIRECTION('',(1.224646799147E-16,0.,-1.));
#2190 = DIRECTION('',(-1.,0.,-1.224646799147E-16));
#2191 = ORIENTED_EDGE('',*,*,#2192,.F.);
#2192 = EDGE_CURVE('',#1716,#2184,#2193,.T.);
#2193 = LINE('',#2194,#2195);
#2194 = CARTESIAN_POINT('',(-3.915217462978,4.001504878889,12.8));
#2195 = VECTOR('',#2196,1.);
#2196 = DIRECTION('',(1.224646799147E-16,0.,-1.));
#2197 = ORIENTED_EDGE('',*,*,#1723,.F.);
#2198 = CYLINDRICAL_SURFACE('',#2199,0.9);
#2199 = AXIS2_PLACEMENT_3D('',#2200,#2201,#2202);
#2200 = CARTESIAN_POINT('',(-3.5,4.8,12.8));
#2201 = DIRECTION('',(-1.224646799147E-16,-0.,1.));
#2202 = DIRECTION('',(-1.,0.,-1.224646799147E-16));
#2203 = ADVANCED_FACE('',(#2204),#2222,.F.);
#2204 = FACE_BOUND('',#2205,.F.);
#2205 = EDGE_LOOP('',(#2206,#2214,#2220,#2221));
#2206 = ORIENTED_EDGE('',*,*,#2207,.T.);
#2207 = EDGE_CURVE('',#1708,#2208,#2210,.T.);
#2208 = VERTEX_POINT('',#2209);
#2209 = CARTESIAN_POINT('',(-6.,5.08559179814,10.7));
#2210 = LINE('',#2211,#2212);
#2211 = CARTESIAN_POINT('',(-6.,5.08559179814,12.8));
#2212 = VECTOR('',#2213,1.);
#2213 = DIRECTION('',(1.224646799147E-16,0.,-1.));
#2214 = ORIENTED_EDGE('',*,*,#2215,.T.);
#2215 = EDGE_CURVE('',#2208,#2184,#2216,.T.);
#2216 = LINE('',#2217,#2218);
#2217 = CARTESIAN_POINT('',(-6.,5.08559179814,10.7));
#2218 = VECTOR('',#2219,1.);
#2219 = DIRECTION('',(0.887216801235,-0.461352736642,1.086527215782E-16)
  );
#2220 = ORIENTED_EDGE('',*,*,#2192,.F.);
#2221 = ORIENTED_EDGE('',*,*,#1715,.F.);
#2222 = PLANE('',#2223);
#2223 = AXIS2_PLACEMENT_3D('',#2224,#2225,#2226);
#2224 = CARTESIAN_POINT('',(-6.,5.08559179814,12.8));
#2225 = DIRECTION('',(-0.461352736642,-0.887216801235,
    -5.649941522065E-17));
#2226 = DIRECTION('',(0.887216801235,-0.461352736642,1.086527215782E-16)
  );
#2227 = ADVANCED_FACE('',(#2228),#2246,.F.);
#2228 = FACE_BOUND('',#2229,.F.);
#2229 = EDGE_LOOP('',(#2230,#2238,#2244,#2245));
#2230 = ORIENTED_EDGE('',*,*,#2231,.T.);
#2231 = EDGE_CURVE('',#1699,#2232,#2234,.T.);
#2232 = VERTEX_POINT('',#2233);
#2233 = CARTESIAN_POINT('',(-8.084782537022,4.001504878889,10.7));
#2234 = LINE('',#2235,#2236);
#2235 = CARTESIAN_POINT('',(-8.084782537022,4.001504878889,12.8));
#2236 = VECTOR('',#2237,1.);
#2237 = DIRECTION('',(1.224646799147E-16,0.,-1.));
#2238 = ORIENTED_EDGE('',*,*,#2239,.T.);
#2239 = EDGE_CURVE('',#2232,#2208,#2240,.T.);
#2240 = LINE('',#2241,#2242);
#2241 = CARTESIAN_POINT('',(-8.084782537022,4.001504878889,10.7));
#2242 = VECTOR('',#2243,1.);
#2243 = DIRECTION('',(0.887216801235,0.461352736642,1.086527215782E-16)
  );
#2244 = ORIENTED_EDGE('',*,*,#2207,.F.);
#2245 = ORIENTED_EDGE('',*,*,#1707,.F.);
#2246 = PLANE('',#2247);
#2247 = AXIS2_PLACEMENT_3D('',#2248,#2249,#2250);
#2248 = CARTESIAN_POINT('',(-8.084782537022,4.001504878889,12.8));
#2249 = DIRECTION('',(0.461352736642,-0.887216801235,5.649941522065E-17)
  );
#2250 = DIRECTION('',(0.887216801235,0.461352736642,1.086527215782E-16)
  );
#2251 = ADVANCED_FACE('',(#2252),#2281,.F.);
#2252 = FACE_BOUND('',#2253,.T.);
#2253 = EDGE_LOOP('',(#2254,#2262,#2263,#2264,#2265,#2274));
#2254 = ORIENTED_EDGE('',*,*,#2255,.F.);
#2255 = EDGE_CURVE('',#1682,#2256,#2258,.T.);
#2256 = VERTEX_POINT('',#2257);
#2257 = CARTESIAN_POINT('',(-8.915217462978,5.598495121111,10.7));
#2258 = LINE('',#2259,#2260);
#2259 = CARTESIAN_POINT('',(-8.915217462978,5.598495121111,12.8));
#2260 = VECTOR('',#2261,1.);
#2261 = DIRECTION('',(1.224646799147E-16,0.,-1.));
#2262 = ORIENTED_EDGE('',*,*,#1689,.F.);
#2263 = ORIENTED_EDGE('',*,*,#1698,.F.);
#2264 = ORIENTED_EDGE('',*,*,#2231,.T.);
#2265 = ORIENTED_EDGE('',*,*,#2266,.T.);
#2266 = EDGE_CURVE('',#2232,#2267,#2269,.T.);
#2267 = VERTEX_POINT('',#2268);
#2268 = CARTESIAN_POINT('',(-9.4,4.8,10.7));
#2269 = CIRCLE('',#2270,0.9);
#2270 = AXIS2_PLACEMENT_3D('',#2271,#2272,#2273);
#2271 = CARTESIAN_POINT('',(-8.5,4.8,10.7));
#2272 = DIRECTION('',(1.224646799147E-16,0.,-1.));
#2273 = DIRECTION('',(-1.,0.,-1.224646799147E-16));
#2274 = ORIENTED_EDGE('',*,*,#2275,.T.);
#2275 = EDGE_CURVE('',#2267,#2256,#2276,.T.);
#2276 = CIRCLE('',#2277,0.9);
#2277 = AXIS2_PLACEMENT_3D('',#2278,#2279,#2280);
#2278 = CARTESIAN_POINT('',(-8.5,4.8,10.7));
#2279 = DIRECTION('',(1.224646799147E-16,0.,-1.));
#2280 = DIRECTION('',(-1.,0.,-1.224646799147E-16));
#2281 = CYLINDRICAL_SURFACE('',#2282,0.9);
#2282 = AXIS2_PLACEMENT_3D('',#2283,#2284,#2285);
#2283 = CARTESIAN_POINT('',(-8.5,4.8,12.8));
#2284 = DIRECTION('',(-1.224646799147E-16,-0.,1.));
#2285 = DIRECTION('',(-1.,0.,-1.224646799147E-16));
#2286 = ADVANCED_FACE('',(#2287),#2298,.F.);
#2287 = FACE_BOUND('',#2288,.F.);
#2288 = EDGE_LOOP('',(#2289,#2290,#2296,#2297));
#2289 = ORIENTED_EDGE('',*,*,#2126,.T.);
#2290 = ORIENTED_EDGE('',*,*,#2291,.T.);
#2291 = EDGE_CURVE('',#2127,#2256,#2292,.T.);
#2292 = LINE('',#2293,#2294);
#2293 = CARTESIAN_POINT('',(-6.415217462978,6.898495121111,10.7));
#2294 = VECTOR('',#2295,1.);
#2295 = DIRECTION('',(-0.887216801235,-0.461352736642,
    -1.086527215782E-16));
#2296 = ORIENTED_EDGE('',*,*,#2255,.F.);
#2297 = ORIENTED_EDGE('',*,*,#1681,.F.);
#2298 = PLANE('',#2299);
#2299 = AXIS2_PLACEMENT_3D('',#2300,#2301,#2302);
#2300 = CARTESIAN_POINT('',(-6.415217462978,6.898495121111,12.8));
#2301 = DIRECTION('',(-0.461352736642,0.887216801235,-5.649941522065E-17
    ));
#2302 = DIRECTION('',(-0.887216801235,-0.461352736642,
    -1.086527215782E-16));
#2303 = ADVANCED_FACE('',(#2304,#2307),#2310,.F.);
#2304 = FACE_BOUND('',#2305,.F.);
#2305 = EDGE_LOOP('',(#2306));
#2306 = ORIENTED_EDGE('',*,*,#1876,.T.);
#2307 = FACE_BOUND('',#2308,.F.);
#2308 = EDGE_LOOP('',(#2309));
#2309 = ORIENTED_EDGE('',*,*,#1773,.F.);
#2310 = PLANE('',#2311);
#2311 = AXIS2_PLACEMENT_3D('',#2312,#2313,#2314);
#2312 = CARTESIAN_POINT('',(-4.657737307265E-16,-5.,10.4));
#2313 = DIRECTION('',(1.224646799147E-16,0.,-1.));
#2314 = DIRECTION('',(-1.,0.,-1.224646799147E-16));
#2315 = ADVANCED_FACE('',(#2316,#2319),#2322,.F.);
#2316 = FACE_BOUND('',#2317,.F.);
#2317 = EDGE_LOOP('',(#2318));
#2318 = ORIENTED_EDGE('',*,*,#2011,.T.);
#2319 = FACE_BOUND('',#2320,.F.);
#2320 = EDGE_LOOP('',(#2321));
#2321 = ORIENTED_EDGE('',*,*,#1798,.F.);
#2322 = PLANE('',#2323);
#2323 = AXIS2_PLACEMENT_3D('',#2324,#2325,#2326);
#2324 = CARTESIAN_POINT('',(-4.657737307265E-16,-5.,10.4));
#2325 = DIRECTION('',(1.224646799147E-16,0.,-1.));
#2326 = DIRECTION('',(-1.,0.,-1.224646799147E-16));
#2327 = ADVANCED_FACE('',(#2328,#2331),#2342,.T.);
#2328 = FACE_BOUND('',#2329,.T.);
#2329 = EDGE_LOOP('',(#2330));
#2330 = ORIENTED_EDGE('',*,*,#1822,.T.);
#2331 = FACE_BOUND('',#2332,.T.);
#2332 = EDGE_LOOP('',(#2333));
#2333 = ORIENTED_EDGE('',*,*,#2334,.F.);
#2334 = EDGE_CURVE('',#2335,#2335,#2337,.T.);
#2335 = VERTEX_POINT('',#2336);
#2336 = CARTESIAN_POINT('',(-16.25,0.,7.65));
#2337 = CIRCLE('',#2338,16.25);
#2338 = AXIS2_PLACEMENT_3D('',#2339,#2340,#2341);
#2339 = CARTESIAN_POINT('',(6.306931015609E-16,0.,7.65));
#2340 = DIRECTION('',(1.224646799147E-16,0.,-1.));
#2341 = DIRECTION('',(-1.,0.,-1.224646799147E-16));
#2342 = PLANE('',#2343);
#2343 = AXIS2_PLACEMENT_3D('',#2344,#2345,#2346);
#2344 = CARTESIAN_POINT('',(1.866797176173E-15,1.131614500421E-15,7.65)
  );
#2345 = DIRECTION('',(1.224646799147E-16,0.,-1.));
#2346 = DIRECTION('',(-1.,0.,-1.224646799147E-16));
#2347 = ADVANCED_FACE('',(#2348,#2359,#2366,#2372),#2382,.T.);
#2348 = FACE_BOUND('',#2349,.T.);
#2349 = EDGE_LOOP('',(#2350));
#2350 = ORIENTED_EDGE('',*,*,#2351,.T.);
#2351 = EDGE_CURVE('',#2352,#2352,#2354,.T.);
#2352 = VERTEX_POINT('',#2353);
#2353 = CARTESIAN_POINT('',(-16.25,0.,10.7));
#2354 = CIRCLE('',#2355,16.25);
#2355 = AXIS2_PLACEMENT_3D('',#2356,#2357,#2358);
#2356 = CARTESIAN_POINT('',(2.571758278209E-16,0.,10.7));
#2357 = DIRECTION('',(1.224646799147E-16,0.,-1.));
#2358 = DIRECTION('',(-1.,0.,-1.224646799147E-16));
#2359 = FACE_BOUND('',#2360,.T.);
#2360 = EDGE_LOOP('',(#2361,#2362,#2363,#2364,#2365));
#2361 = ORIENTED_EDGE('',*,*,#1901,.F.);
#2362 = ORIENTED_EDGE('',*,*,#1986,.T.);
#2363 = ORIENTED_EDGE('',*,*,#1950,.F.);
#2364 = ORIENTED_EDGE('',*,*,#1970,.F.);
#2365 = ORIENTED_EDGE('',*,*,#1926,.F.);
#2366 = FACE_BOUND('',#2367,.T.);
#2367 = EDGE_LOOP('',(#2368,#2369,#2370,#2371));
#2368 = ORIENTED_EDGE('',*,*,#2036,.F.);
#2369 = ORIENTED_EDGE('',*,*,#2110,.T.);
#2370 = ORIENTED_EDGE('',*,*,#2085,.F.);
#2371 = ORIENTED_EDGE('',*,*,#2068,.T.);
#2372 = FACE_BOUND('',#2373,.T.);
#2373 = EDGE_LOOP('',(#2374,#2375,#2376,#2377,#2378,#2379,#2380,#2381));
#2374 = ORIENTED_EDGE('',*,*,#2134,.F.);
#2375 = ORIENTED_EDGE('',*,*,#2291,.T.);
#2376 = ORIENTED_EDGE('',*,*,#2275,.F.);
#2377 = ORIENTED_EDGE('',*,*,#2266,.F.);
#2378 = ORIENTED_EDGE('',*,*,#2239,.T.);
#2379 = ORIENTED_EDGE('',*,*,#2215,.T.);
#2380 = ORIENTED_EDGE('',*,*,#2183,.F.);
#2381 = ORIENTED_EDGE('',*,*,#2166,.T.);
#2382 = PLANE('',#2383);
#2383 = AXIS2_PLACEMENT_3D('',#2384,#2385,#2386);
#2384 = CARTESIAN_POINT('',(1.26697777185E-15,6.830522425007E-16,10.7));
#2385 = DIRECTION('',(1.224646799147E-16,0.,-1.));
#2386 = DIRECTION('',(-1.,0.,-1.224646799147E-16));
#2387 = ADVANCED_FACE('',(#2388),#2399,.F.);
#2388 = FACE_BOUND('',#2389,.F.);
#2389 = EDGE_LOOP('',(#2390,#2391,#2397,#2398));
#2390 = ORIENTED_EDGE('',*,*,#2334,.F.);
#2391 = ORIENTED_EDGE('',*,*,#2392,.T.);
#2392 = EDGE_CURVE('',#2335,#2352,#2393,.T.);
#2393 = LINE('',#2394,#2395);
#2394 = CARTESIAN_POINT('',(-16.25,0.,6.4));
#2395 = VECTOR('',#2396,1.);
#2396 = DIRECTION('',(-1.224646799147E-16,-0.,1.));
#2397 = ORIENTED_EDGE('',*,*,#2351,.T.);
#2398 = ORIENTED_EDGE('',*,*,#2392,.F.);
#2399 = CYLINDRICAL_SURFACE('',#2400,16.25);
#2400 = AXIS2_PLACEMENT_3D('',#2401,#2402,#2403);
#2401 = CARTESIAN_POINT('',(7.837739514543E-16,0.,6.4));
#2402 = DIRECTION('',(1.224646799147E-16,0.,-1.));
#2403 = DIRECTION('',(-1.,0.,-1.224646799147E-16));
#2404 = ( GEOMETRIC_REPRESENTATION_CONTEXT(3) 
GLOBAL_UNCERTAINTY_ASSIGNED_CONTEXT((#2408)) 
GLOBAL_UNIT_ASSIGNED_CONTEXT((#2405,#2406,#2407)) REPRESENTATION_CONTEXT
('Context #1','3D Context with UNIT and UNCERTAINTY') );
#2405 = ( LENGTH_UNIT() NAMED_UNIT(*) SI_UNIT(.MILLI.,.METRE.) );
#2406 = ( NAMED_UNIT(*) PLANE_ANGLE_UNIT() SI_UNIT($,.RADIAN.) );
#2407 = ( NAMED_UNIT(*) SI_UNIT($,.STERADIAN.) SOLID_ANGLE_UNIT() );
#2408 = UNCERTAINTY_MEASURE_WITH_UNIT(LENGTH_MEASURE(5.E-07),#2405,
  'distance_accuracy_value','confusion accuracy');
#2409 = PRODUCT_RELATED_PRODUCT_CATEGORY('part',$,(#7));
ENDSEC;
END-ISO-10303-21;
