ISO-10303-21;
HEADER;
FILE_DESCRIPTION(('FreeCAD Model'),'2;1');
FILE_NAME('Open CASCADE Shape Model','2026-09-29T10:28:53',('FreeCAD'),(
    'FreeCAD'),'Open CASCADE STEP processor 7.8','FreeCAD','Unknown');
FILE_SCHEMA(('AUTOMOTIVE_DESIGN { 1 0 10303 214 1 1 1 1 }'));
ENDSEC;
DATA;
#1 = APPLICATION_PROTOCOL_DEFINITION('international standard',
  'automotive_design',2000,#2);
#2 = APPLICATION_CONTEXT(
  'core data for automotive mechanical design processes');
#3 = SHAPE_DEFINITION_REPRESENTATION(#4,#10);
#4 = PRODUCT_DEFINITION_SHAPE('','',#5);
#5 = PRODUCT_DEFINITION('design','',#6,#9);
#6 = PRODUCT_DEFINITION_FORMATION('','',#7);
#7 = PRODUCT('Open CASCADE STEP translator 7.8 9',
  'Open CASCADE STEP translator 7.8 9','',(#8));
#8 = PRODUCT_CONTEXT('',#2,'mechanical');
#9 = PRODUCT_DEFINITION_CONTEXT('part definition',#2,'design');
#10 = SHAPE_REPRESENTATION('',(#11,#15,#2151),#12819);
#11 = AXIS2_PLACEMENT_3D('',#12,#13,#14);
#12 = CARTESIAN_POINT('',(0.,0.,0.));
#13 = DIRECTION('',(0.,0.,1.));
#14 = DIRECTION('',(1.,0.,-0.));
#15 = MANIFOLD_SOLID_BREP('',#16);
#16 = CLOSED_SHELL('',(#17,#142,#166,#197,#222,#246,#264,#295,#320,#345,
    #362,#393,#418,#443,#460,#480,#714,#739,#786,#812,#852,#891,#1000,
    #1039,#1065,#1104,#1148,#1188,#1271,#1302,#1326,#1350,#1374,#1398,
    #1415,#1446,#1470,#1494,#1518,#1542,#1559,#1584,#1699,#1734,#1769,
    #1797,#1815,#1833,#1858,#1883,#1901,#1932,#1944,#1969,#1994,#2025,
    #2043,#2074,#2105,#2117,#2134));
#17 = ADVANCED_FACE('',(#18,#29,#65,#101),#137,.T.);
#18 = FACE_BOUND('',#19,.T.);
#19 = EDGE_LOOP('',(#20));
#20 = ORIENTED_EDGE('',*,*,#21,.T.);
#21 = EDGE_CURVE('',#22,#22,#24,.T.);
#22 = VERTEX_POINT('',#23);
#23 = CARTESIAN_POINT('',(16.25,-3.980102097229E-15,1.2));
#24 = CIRCLE('',#25,16.25);
#25 = AXIS2_PLACEMENT_3D('',#26,#27,#28);
#26 = CARTESIAN_POINT('',(0.,0.,1.2));
#27 = DIRECTION('',(0.,0.,1.));
#28 = DIRECTION('',(1.,0.,0.));
#29 = FACE_BOUND('',#30,.T.);
#30 = EDGE_LOOP('',(#31,#41,#50,#58));
#31 = ORIENTED_EDGE('',*,*,#32,.F.);
#32 = EDGE_CURVE('',#33,#35,#37,.T.);
#33 = VERTEX_POINT('',#34);
#34 = CARTESIAN_POINT('',(0.9,-9.5,1.2));
#35 = VERTEX_POINT('',#36);
#36 = CARTESIAN_POINT('',(0.9,-5.2,1.2));
#37 = LINE('',#38,#39);
#38 = CARTESIAN_POINT('',(0.9,-2.6,1.2));
#39 = VECTOR('',#40,1.);
#40 = DIRECTION('',(1.807339807529E-16,1.,0.));
#41 = ORIENTED_EDGE('',*,*,#42,.F.);
#42 = EDGE_CURVE('',#43,#33,#45,.T.);
#43 = VERTEX_POINT('',#44);
#44 = CARTESIAN_POINT('',(-0.9,-9.5,1.2));
#45 = CIRCLE('',#46,0.9);
#46 = AXIS2_PLACEMENT_3D('',#47,#48,#49);
#47 = CARTESIAN_POINT('',(-1.745121688785E-15,-9.5,1.2));
#48 = DIRECTION('',(0.,0.,1.));
#49 = DIRECTION('',(1.,0.,0.));
#50 = ORIENTED_EDGE('',*,*,#51,.F.);
#51 = EDGE_CURVE('',#52,#43,#54,.T.);
#52 = VERTEX_POINT('',#53);
#53 = CARTESIAN_POINT('',(-0.9,-5.2,1.2));
#54 = LINE('',#55,#56);
#55 = CARTESIAN_POINT('',(-0.9,-4.75,1.2));
#56 = VECTOR('',#57,1.);
#57 = DIRECTION('',(-1.807339807529E-16,-1.,0.));
#58 = ORIENTED_EDGE('',*,*,#59,.F.);
#59 = EDGE_CURVE('',#35,#52,#60,.T.);
#60 = CIRCLE('',#61,0.9);
#61 = AXIS2_PLACEMENT_3D('',#62,#63,#64);
#62 = CARTESIAN_POINT('',(-9.552245033349E-16,-5.2,1.2));
#63 = DIRECTION('',(0.,0.,1.));
#64 = DIRECTION('',(1.,0.,0.));
#65 = FACE_BOUND('',#66,.T.);
#66 = EDGE_LOOP('',(#67,#77,#86,#94));
#67 = ORIENTED_EDGE('',*,*,#68,.F.);
#68 = EDGE_CURVE('',#69,#71,#73,.T.);
#69 = VERTEX_POINT('',#70);
#70 = CARTESIAN_POINT('',(-8.677241335952,3.970577136594,1.2));
#71 = VERTEX_POINT('',#72);
#72 = CARTESIAN_POINT('',(-4.953332099679,1.820577136594,1.2));
#73 = LINE('',#74,#75);
#74 = CARTESIAN_POINT('',(-2.70166604984,0.520577136594,1.2));
#75 = VECTOR('',#76,1.);
#76 = DIRECTION('',(0.866025403784,-0.5,0.));
#77 = ORIENTED_EDGE('',*,*,#78,.F.);
#78 = EDGE_CURVE('',#79,#69,#81,.T.);
#79 = VERTEX_POINT('',#80);
#80 = CARTESIAN_POINT('',(-7.777241335952,5.529422863406,1.2));
#81 = CIRCLE('',#82,0.9);
#82 = AXIS2_PLACEMENT_3D('',#83,#84,#85);
#83 = CARTESIAN_POINT('',(-8.227241335952,4.75,1.2));
#84 = DIRECTION('',(0.,0.,1.));
#85 = DIRECTION('',(1.,0.,0.));
#86 = ORIENTED_EDGE('',*,*,#87,.F.);
#87 = EDGE_CURVE('',#88,#79,#90,.T.);
#88 = VERTEX_POINT('',#89);
#89 = CARTESIAN_POINT('',(-4.053332099679,3.379422863406,1.2));
#90 = LINE('',#91,#92);
#91 = CARTESIAN_POINT('',(-3.663620667976,3.154422863406,1.2));
#92 = VECTOR('',#93,1.);
#93 = DIRECTION('',(-0.866025403784,0.5,0.));
#94 = ORIENTED_EDGE('',*,*,#95,.F.);
#95 = EDGE_CURVE('',#71,#88,#96,.T.);
#96 = CIRCLE('',#97,0.9);
#97 = AXIS2_PLACEMENT_3D('',#98,#99,#100);
#98 = CARTESIAN_POINT('',(-4.503332099679,2.6,1.2));
#99 = DIRECTION('',(0.,0.,1.));
#100 = DIRECTION('',(1.,0.,0.));
#101 = FACE_BOUND('',#102,.T.);
#102 = EDGE_LOOP('',(#103,#113,#122,#130));
#103 = ORIENTED_EDGE('',*,*,#104,.F.);
#104 = EDGE_CURVE('',#105,#107,#109,.T.);
#105 = VERTEX_POINT('',#106);
#106 = CARTESIAN_POINT('',(7.777241335952,5.529422863406,1.2));
#107 = VERTEX_POINT('',#108);
#108 = CARTESIAN_POINT('',(4.053332099679,3.379422863406,1.2));
#109 = LINE('',#110,#111);
#110 = CARTESIAN_POINT('',(1.80166604984,2.079422863406,1.2));
#111 = VECTOR('',#112,1.);
#112 = DIRECTION('',(-0.866025403784,-0.5,0.));
#113 = ORIENTED_EDGE('',*,*,#114,.F.);
#114 = EDGE_CURVE('',#115,#105,#117,.T.);
#115 = VERTEX_POINT('',#116);
#116 = CARTESIAN_POINT('',(8.677241335952,3.970577136594,1.2));
#117 = CIRCLE('',#118,0.9);
#118 = AXIS2_PLACEMENT_3D('',#119,#120,#121);
#119 = CARTESIAN_POINT('',(8.227241335952,4.75,1.2));
#120 = DIRECTION('',(0.,0.,1.));
#121 = DIRECTION('',(1.,0.,0.));
#122 = ORIENTED_EDGE('',*,*,#123,.F.);
#123 = EDGE_CURVE('',#124,#115,#126,.T.);
#124 = VERTEX_POINT('',#125);
#125 = CARTESIAN_POINT('',(4.953332099679,1.820577136594,1.2));
#126 = LINE('',#127,#128);
#127 = CARTESIAN_POINT('',(4.563620667976,1.595577136594,1.2));
#128 = VECTOR('',#129,1.);
#129 = DIRECTION('',(0.866025403784,0.5,0.));
#130 = ORIENTED_EDGE('',*,*,#131,.F.);
#131 = EDGE_CURVE('',#107,#124,#132,.T.);
#132 = CIRCLE('',#133,0.9);
#133 = AXIS2_PLACEMENT_3D('',#134,#135,#136);
#134 = CARTESIAN_POINT('',(4.503332099679,2.6,1.2));
#135 = DIRECTION('',(0.,0.,1.));
#136 = DIRECTION('',(1.,0.,0.));
#137 = PLANE('',#138);
#138 = AXIS2_PLACEMENT_3D('',#139,#140,#141);
#139 = CARTESIAN_POINT('',(0.,0.,1.2));
#140 = DIRECTION('',(0.,0.,1.));
#141 = DIRECTION('',(1.,0.,0.));
#142 = ADVANCED_FACE('',(#143),#161,.F.);
#143 = FACE_BOUND('',#144,.F.);
#144 = EDGE_LOOP('',(#145,#146,#153,#160));
#145 = ORIENTED_EDGE('',*,*,#21,.T.);
#146 = ORIENTED_EDGE('',*,*,#147,.T.);
#147 = EDGE_CURVE('',#22,#148,#150,.T.);
#148 = VERTEX_POINT('',#149);
#149 = CARTESIAN_POINT('',(16.25,-3.980102097229E-15,6.3));
#150 = B_SPLINE_CURVE_WITH_KNOTS('',1,(#151,#152),.UNSPECIFIED.,.F.,.F.,
  (2,2),(-4.2,0.9),.PIECEWISE_BEZIER_KNOTS.);
#151 = CARTESIAN_POINT('',(16.25,0.,1.2));
#152 = CARTESIAN_POINT('',(16.25,0.,6.3));
#153 = ORIENTED_EDGE('',*,*,#154,.F.);
#154 = EDGE_CURVE('',#148,#148,#155,.T.);
#155 = CIRCLE('',#156,16.25);
#156 = AXIS2_PLACEMENT_3D('',#157,#158,#159);
#157 = CARTESIAN_POINT('',(0.,0.,6.3));
#158 = DIRECTION('',(0.,0.,1.));
#159 = DIRECTION('',(1.,0.,0.));
#160 = ORIENTED_EDGE('',*,*,#147,.F.);
#161 = CYLINDRICAL_SURFACE('',#162,16.25);
#162 = AXIS2_PLACEMENT_3D('',#163,#164,#165);
#163 = CARTESIAN_POINT('',(0.,0.,5.4));
#164 = DIRECTION('',(0.,0.,1.));
#165 = DIRECTION('',(1.,0.,0.));
#166 = ADVANCED_FACE('',(#167),#192,.F.);
#167 = FACE_BOUND('',#168,.F.);
#168 = EDGE_LOOP('',(#169,#179,#185,#186));
#169 = ORIENTED_EDGE('',*,*,#170,.F.);
#170 = EDGE_CURVE('',#171,#173,#175,.T.);
#171 = VERTEX_POINT('',#172);
#172 = CARTESIAN_POINT('',(0.9,-5.2,0.));
#173 = VERTEX_POINT('',#174);
#174 = CARTESIAN_POINT('',(0.9,-9.5,0.));
#175 = LINE('',#176,#177);
#176 = CARTESIAN_POINT('',(0.9,-1.810540468843,0.));
#177 = VECTOR('',#178,1.);
#178 = DIRECTION('',(-1.807339807529E-16,-1.,0.));
#179 = ORIENTED_EDGE('',*,*,#180,.T.);
#180 = EDGE_CURVE('',#171,#35,#181,.T.);
#181 = LINE('',#182,#183);
#182 = CARTESIAN_POINT('',(0.9,-5.2,-0.1));
#183 = VECTOR('',#184,1.);
#184 = DIRECTION('',(0.,0.,1.));
#185 = ORIENTED_EDGE('',*,*,#32,.F.);
#186 = ORIENTED_EDGE('',*,*,#187,.F.);
#187 = EDGE_CURVE('',#173,#33,#188,.T.);
#188 = LINE('',#189,#190);
#189 = CARTESIAN_POINT('',(0.9,-9.5,-0.1));
#190 = VECTOR('',#191,1.);
#191 = DIRECTION('',(0.,0.,1.));
#192 = PLANE('',#193);
#193 = AXIS2_PLACEMENT_3D('',#194,#195,#196);
#194 = CARTESIAN_POINT('',(0.9,-5.2,-0.1));
#195 = DIRECTION('',(1.,-1.807339807529E-16,0.));
#196 = DIRECTION('',(-1.807339807529E-16,-1.,0.));
#197 = ADVANCED_FACE('',(#198),#217,.F.);
#198 = FACE_BOUND('',#199,.F.);
#199 = EDGE_LOOP('',(#200,#201,#202,#211));
#200 = ORIENTED_EDGE('',*,*,#59,.F.);
#201 = ORIENTED_EDGE('',*,*,#180,.F.);
#202 = ORIENTED_EDGE('',*,*,#203,.T.);
#203 = EDGE_CURVE('',#171,#204,#206,.T.);
#204 = VERTEX_POINT('',#205);
#205 = CARTESIAN_POINT('',(-0.9,-5.2,0.));
#206 = CIRCLE('',#207,0.9);
#207 = AXIS2_PLACEMENT_3D('',#208,#209,#210);
#208 = CARTESIAN_POINT('',(-9.552245033349E-16,-5.2,0.));
#209 = DIRECTION('',(0.,0.,1.));
#210 = DIRECTION('',(1.,0.,0.));
#211 = ORIENTED_EDGE('',*,*,#212,.T.);
#212 = EDGE_CURVE('',#204,#52,#213,.T.);
#213 = LINE('',#214,#215);
#214 = CARTESIAN_POINT('',(-0.9,-5.2,-0.1));
#215 = VECTOR('',#216,1.);
#216 = DIRECTION('',(0.,0.,1.));
#217 = CYLINDRICAL_SURFACE('',#218,0.9);
#218 = AXIS2_PLACEMENT_3D('',#219,#220,#221);
#219 = CARTESIAN_POINT('',(-9.552245033349E-16,-5.2,-0.1));
#220 = DIRECTION('',(0.,0.,1.));
#221 = DIRECTION('',(1.,0.,0.));
#222 = ADVANCED_FACE('',(#223),#241,.F.);
#223 = FACE_BOUND('',#224,.F.);
#224 = EDGE_LOOP('',(#225,#233,#239,#240));
#225 = ORIENTED_EDGE('',*,*,#226,.F.);
#226 = EDGE_CURVE('',#227,#204,#229,.T.);
#227 = VERTEX_POINT('',#228);
#228 = CARTESIAN_POINT('',(-0.9,-9.5,0.));
#229 = LINE('',#230,#231);
#230 = CARTESIAN_POINT('',(-0.9,-3.960540468843,0.));
#231 = VECTOR('',#232,1.);
#232 = DIRECTION('',(1.807339807529E-16,1.,0.));
#233 = ORIENTED_EDGE('',*,*,#234,.T.);
#234 = EDGE_CURVE('',#227,#43,#235,.T.);
#235 = LINE('',#236,#237);
#236 = CARTESIAN_POINT('',(-0.9,-9.5,-0.1));
#237 = VECTOR('',#238,1.);
#238 = DIRECTION('',(0.,0.,1.));
#239 = ORIENTED_EDGE('',*,*,#51,.F.);
#240 = ORIENTED_EDGE('',*,*,#212,.F.);
#241 = PLANE('',#242);
#242 = AXIS2_PLACEMENT_3D('',#243,#244,#245);
#243 = CARTESIAN_POINT('',(-0.9,-9.5,-0.1));
#244 = DIRECTION('',(-1.,1.807339807529E-16,0.));
#245 = DIRECTION('',(1.807339807529E-16,1.,0.));
#246 = ADVANCED_FACE('',(#247),#259,.F.);
#247 = FACE_BOUND('',#248,.F.);
#248 = EDGE_LOOP('',(#249,#256,#257,#258));
#249 = ORIENTED_EDGE('',*,*,#250,.T.);
#250 = EDGE_CURVE('',#227,#173,#251,.T.);
#251 = CIRCLE('',#252,0.9);
#252 = AXIS2_PLACEMENT_3D('',#253,#254,#255);
#253 = CARTESIAN_POINT('',(-1.745121688785E-15,-9.5,0.));
#254 = DIRECTION('',(0.,0.,1.));
#255 = DIRECTION('',(1.,0.,0.));
#256 = ORIENTED_EDGE('',*,*,#187,.T.);
#257 = ORIENTED_EDGE('',*,*,#42,.F.);
#258 = ORIENTED_EDGE('',*,*,#234,.F.);
#259 = CYLINDRICAL_SURFACE('',#260,0.9);
#260 = AXIS2_PLACEMENT_3D('',#261,#262,#263);
#261 = CARTESIAN_POINT('',(-1.745121688785E-15,-9.5,-0.1));
#262 = DIRECTION('',(0.,0.,1.));
#263 = DIRECTION('',(1.,0.,0.));
#264 = ADVANCED_FACE('',(#265),#290,.F.);
#265 = FACE_BOUND('',#266,.F.);
#266 = EDGE_LOOP('',(#267,#277,#283,#284));
#267 = ORIENTED_EDGE('',*,*,#268,.F.);
#268 = EDGE_CURVE('',#269,#271,#273,.T.);
#269 = VERTEX_POINT('',#270);
#270 = CARTESIAN_POINT('',(-4.953332099679,1.820577136594,0.));
#271 = VERTEX_POINT('',#272);
#272 = CARTESIAN_POINT('',(-8.677241335952,3.970577136594,0.));
#273 = LINE('',#274,#275);
#274 = CARTESIAN_POINT('',(-2.963740237238,0.671885739236,0.));
#275 = VECTOR('',#276,1.);
#276 = DIRECTION('',(-0.866025403784,0.5,0.));
#277 = ORIENTED_EDGE('',*,*,#278,.T.);
#278 = EDGE_CURVE('',#269,#71,#279,.T.);
#279 = LINE('',#280,#281);
#280 = CARTESIAN_POINT('',(-4.953332099679,1.820577136594,-0.1));
#281 = VECTOR('',#282,1.);
#282 = DIRECTION('',(0.,0.,1.));
#283 = ORIENTED_EDGE('',*,*,#68,.F.);
#284 = ORIENTED_EDGE('',*,*,#285,.F.);
#285 = EDGE_CURVE('',#271,#69,#286,.T.);
#286 = LINE('',#287,#288);
#287 = CARTESIAN_POINT('',(-8.677241335952,3.970577136594,-0.1));
#288 = VECTOR('',#289,1.);
#289 = DIRECTION('',(0.,0.,1.));
#290 = PLANE('',#291);
#291 = AXIS2_PLACEMENT_3D('',#292,#293,#294);
#292 = CARTESIAN_POINT('',(-4.953332099679,1.820577136594,-0.1));
#293 = DIRECTION('',(-0.5,-0.866025403784,0.));
#294 = DIRECTION('',(-0.866025403784,0.5,0.));
#295 = ADVANCED_FACE('',(#296),#315,.F.);
#296 = FACE_BOUND('',#297,.F.);
#297 = EDGE_LOOP('',(#298,#299,#307,#314));
#298 = ORIENTED_EDGE('',*,*,#78,.F.);
#299 = ORIENTED_EDGE('',*,*,#300,.F.);
#300 = EDGE_CURVE('',#301,#79,#303,.T.);
#301 = VERTEX_POINT('',#302);
#302 = CARTESIAN_POINT('',(-7.777241335952,5.529422863406,0.));
#303 = LINE('',#304,#305);
#304 = CARTESIAN_POINT('',(-7.777241335952,5.529422863406,-0.1));
#305 = VECTOR('',#306,1.);
#306 = DIRECTION('',(0.,0.,1.));
#307 = ORIENTED_EDGE('',*,*,#308,.T.);
#308 = EDGE_CURVE('',#301,#271,#309,.T.);
#309 = CIRCLE('',#310,0.9);
#310 = AXIS2_PLACEMENT_3D('',#311,#312,#313);
#311 = CARTESIAN_POINT('',(-8.227241335952,4.75,0.));
#312 = DIRECTION('',(0.,0.,1.));
#313 = DIRECTION('',(1.,0.,0.));
#314 = ORIENTED_EDGE('',*,*,#285,.T.);
#315 = CYLINDRICAL_SURFACE('',#316,0.9);
#316 = AXIS2_PLACEMENT_3D('',#317,#318,#319);
#317 = CARTESIAN_POINT('',(-8.227241335952,4.75,-0.1));
#318 = DIRECTION('',(0.,0.,1.));
#319 = DIRECTION('',(1.,0.,0.));
#320 = ADVANCED_FACE('',(#321),#340,.F.);
#321 = FACE_BOUND('',#322,.F.);
#322 = EDGE_LOOP('',(#323,#332,#338,#339));
#323 = ORIENTED_EDGE('',*,*,#324,.T.);
#324 = EDGE_CURVE('',#269,#325,#327,.T.);
#325 = VERTEX_POINT('',#326);
#326 = CARTESIAN_POINT('',(-4.053332099679,3.379422863406,0.));
#327 = CIRCLE('',#328,0.9);
#328 = AXIS2_PLACEMENT_3D('',#329,#330,#331);
#329 = CARTESIAN_POINT('',(-4.503332099679,2.6,0.));
#330 = DIRECTION('',(0.,0.,1.));
#331 = DIRECTION('',(1.,0.,0.));
#332 = ORIENTED_EDGE('',*,*,#333,.T.);
#333 = EDGE_CURVE('',#325,#88,#334,.T.);
#334 = LINE('',#335,#336);
#335 = CARTESIAN_POINT('',(-4.053332099679,3.379422863406,-0.1));
#336 = VECTOR('',#337,1.);
#337 = DIRECTION('',(0.,0.,1.));
#338 = ORIENTED_EDGE('',*,*,#95,.F.);
#339 = ORIENTED_EDGE('',*,*,#278,.F.);
#340 = CYLINDRICAL_SURFACE('',#341,0.9);
#341 = AXIS2_PLACEMENT_3D('',#342,#343,#344);
#342 = CARTESIAN_POINT('',(-4.503332099679,2.6,-0.1));
#343 = DIRECTION('',(0.,0.,1.));
#344 = DIRECTION('',(1.,0.,0.));
#345 = ADVANCED_FACE('',(#346),#357,.F.);
#346 = FACE_BOUND('',#347,.F.);
#347 = EDGE_LOOP('',(#348,#354,#355,#356));
#348 = ORIENTED_EDGE('',*,*,#349,.F.);
#349 = EDGE_CURVE('',#301,#325,#350,.T.);
#350 = LINE('',#351,#352);
#351 = CARTESIAN_POINT('',(-3.925694855375,3.305731466048,
    1.387778780781E-17));
#352 = VECTOR('',#353,1.);
#353 = DIRECTION('',(0.866025403784,-0.5,0.));
#354 = ORIENTED_EDGE('',*,*,#300,.T.);
#355 = ORIENTED_EDGE('',*,*,#87,.F.);
#356 = ORIENTED_EDGE('',*,*,#333,.F.);
#357 = PLANE('',#358);
#358 = AXIS2_PLACEMENT_3D('',#359,#360,#361);
#359 = CARTESIAN_POINT('',(-7.777241335952,5.529422863406,-0.1));
#360 = DIRECTION('',(0.5,0.866025403784,0.));
#361 = DIRECTION('',(0.866025403784,-0.5,0.));
#362 = ADVANCED_FACE('',(#363),#388,.F.);
#363 = FACE_BOUND('',#364,.F.);
#364 = EDGE_LOOP('',(#365,#375,#381,#382));
#365 = ORIENTED_EDGE('',*,*,#366,.F.);
#366 = EDGE_CURVE('',#367,#369,#371,.T.);
#367 = VERTEX_POINT('',#368);
#368 = CARTESIAN_POINT('',(4.053332099679,3.379422863406,0.));
#369 = VERTEX_POINT('',#370);
#370 = CARTESIAN_POINT('',(7.777241335952,5.529422863406,0.));
#371 = LINE('',#372,#373);
#372 = CARTESIAN_POINT('',(2.223283871682,2.322844026342,
    1.387778780781E-17));
#373 = VECTOR('',#374,1.);
#374 = DIRECTION('',(0.866025403784,0.5,0.));
#375 = ORIENTED_EDGE('',*,*,#376,.T.);
#376 = EDGE_CURVE('',#367,#107,#377,.T.);
#377 = LINE('',#378,#379);
#378 = CARTESIAN_POINT('',(4.053332099679,3.379422863406,-0.1));
#379 = VECTOR('',#380,1.);
#380 = DIRECTION('',(0.,0.,1.));
#381 = ORIENTED_EDGE('',*,*,#104,.F.);
#382 = ORIENTED_EDGE('',*,*,#383,.F.);
#383 = EDGE_CURVE('',#369,#105,#384,.T.);
#384 = LINE('',#385,#386);
#385 = CARTESIAN_POINT('',(7.777241335952,5.529422863406,-0.1));
#386 = VECTOR('',#387,1.);
#387 = DIRECTION('',(0.,0.,1.));
#388 = PLANE('',#389);
#389 = AXIS2_PLACEMENT_3D('',#390,#391,#392);
#390 = CARTESIAN_POINT('',(4.053332099679,3.379422863406,-0.1));
#391 = DIRECTION('',(-0.5,0.866025403784,0.));
#392 = DIRECTION('',(0.866025403784,0.5,0.));
#393 = ADVANCED_FACE('',(#394),#413,.F.);
#394 = FACE_BOUND('',#395,.F.);
#395 = EDGE_LOOP('',(#396,#397,#405,#412));
#396 = ORIENTED_EDGE('',*,*,#114,.F.);
#397 = ORIENTED_EDGE('',*,*,#398,.F.);
#398 = EDGE_CURVE('',#399,#115,#401,.T.);
#399 = VERTEX_POINT('',#400);
#400 = CARTESIAN_POINT('',(8.677241335952,3.970577136594,0.));
#401 = LINE('',#402,#403);
#402 = CARTESIAN_POINT('',(8.677241335952,3.970577136594,-0.1));
#403 = VECTOR('',#404,1.);
#404 = DIRECTION('',(0.,0.,1.));
#405 = ORIENTED_EDGE('',*,*,#406,.T.);
#406 = EDGE_CURVE('',#399,#369,#407,.T.);
#407 = CIRCLE('',#408,0.9);
#408 = AXIS2_PLACEMENT_3D('',#409,#410,#411);
#409 = CARTESIAN_POINT('',(8.227241335952,4.75,0.));
#410 = DIRECTION('',(0.,0.,1.));
#411 = DIRECTION('',(1.,0.,0.));
#412 = ORIENTED_EDGE('',*,*,#383,.T.);
#413 = CYLINDRICAL_SURFACE('',#414,0.9);
#414 = AXIS2_PLACEMENT_3D('',#415,#416,#417);
#415 = CARTESIAN_POINT('',(8.227241335952,4.75,-0.1));
#416 = DIRECTION('',(0.,0.,1.));
#417 = DIRECTION('',(1.,0.,0.));
#418 = ADVANCED_FACE('',(#419),#438,.F.);
#419 = FACE_BOUND('',#420,.F.);
#420 = EDGE_LOOP('',(#421,#422,#423,#432));
#421 = ORIENTED_EDGE('',*,*,#131,.F.);
#422 = ORIENTED_EDGE('',*,*,#376,.F.);
#423 = ORIENTED_EDGE('',*,*,#424,.T.);
#424 = EDGE_CURVE('',#367,#425,#427,.T.);
#425 = VERTEX_POINT('',#426);
#426 = CARTESIAN_POINT('',(4.953332099679,1.820577136594,0.));
#427 = CIRCLE('',#428,0.9);
#428 = AXIS2_PLACEMENT_3D('',#429,#430,#431);
#429 = CARTESIAN_POINT('',(4.503332099679,2.6,0.));
#430 = DIRECTION('',(0.,0.,1.));
#431 = DIRECTION('',(1.,0.,0.));
#432 = ORIENTED_EDGE('',*,*,#433,.T.);
#433 = EDGE_CURVE('',#425,#124,#434,.T.);
#434 = LINE('',#435,#436);
#435 = CARTESIAN_POINT('',(4.953332099679,1.820577136594,-0.1));
#436 = VECTOR('',#437,1.);
#437 = DIRECTION('',(0.,0.,1.));
#438 = CYLINDRICAL_SURFACE('',#439,0.9);
#439 = AXIS2_PLACEMENT_3D('',#440,#441,#442);
#440 = CARTESIAN_POINT('',(4.503332099679,2.6,-0.1));
#441 = DIRECTION('',(0.,0.,1.));
#442 = DIRECTION('',(1.,0.,0.));
#443 = ADVANCED_FACE('',(#444),#455,.F.);
#444 = FACE_BOUND('',#445,.F.);
#445 = EDGE_LOOP('',(#446,#452,#453,#454));
#446 = ORIENTED_EDGE('',*,*,#447,.F.);
#447 = EDGE_CURVE('',#399,#425,#448,.T.);
#448 = LINE('',#449,#450);
#449 = CARTESIAN_POINT('',(4.985238489819,1.83899829953,0.));
#450 = VECTOR('',#451,1.);
#451 = DIRECTION('',(-0.866025403784,-0.5,0.));
#452 = ORIENTED_EDGE('',*,*,#398,.T.);
#453 = ORIENTED_EDGE('',*,*,#123,.F.);
#454 = ORIENTED_EDGE('',*,*,#433,.F.);
#455 = PLANE('',#456);
#456 = AXIS2_PLACEMENT_3D('',#457,#458,#459);
#457 = CARTESIAN_POINT('',(8.677241335952,3.970577136594,-0.1));
#458 = DIRECTION('',(0.5,-0.866025403784,0.));
#459 = DIRECTION('',(-0.866025403784,-0.5,0.));
#460 = ADVANCED_FACE('',(#461,#472),#475,.T.);
#461 = FACE_BOUND('',#462,.T.);
#462 = EDGE_LOOP('',(#463));
#463 = ORIENTED_EDGE('',*,*,#464,.T.);
#464 = EDGE_CURVE('',#465,#465,#467,.T.);
#465 = VERTEX_POINT('',#466);
#466 = CARTESIAN_POINT('',(17.35,-4.249524393041E-15,6.3));
#467 = CIRCLE('',#468,17.35);
#468 = AXIS2_PLACEMENT_3D('',#469,#470,#471);
#469 = CARTESIAN_POINT('',(0.,0.,6.3));
#470 = DIRECTION('',(0.,0.,1.));
#471 = DIRECTION('',(1.,0.,0.));
#472 = FACE_BOUND('',#473,.T.);
#473 = EDGE_LOOP('',(#474));
#474 = ORIENTED_EDGE('',*,*,#154,.F.);
#475 = PLANE('',#476);
#476 = AXIS2_PLACEMENT_3D('',#477,#478,#479);
#477 = CARTESIAN_POINT('',(0.,0.,6.3));
#478 = DIRECTION('',(0.,0.,1.));
#479 = DIRECTION('',(1.,0.,0.));
#480 = ADVANCED_FACE('',(#481,#580,#630,#636,#642,#692,#698),#709,.T.);
#481 = FACE_BOUND('',#482,.T.);
#482 = EDGE_LOOP('',(#483,#494,#503,#512,#521,#530,#539,#547,#556,#565,
    #573));
#483 = ORIENTED_EDGE('',*,*,#484,.F.);
#484 = EDGE_CURVE('',#485,#487,#489,.T.);
#485 = VERTEX_POINT('',#486);
#486 = CARTESIAN_POINT('',(16.004857279357,-9.767652914974,0.));
#487 = VERTEX_POINT('',#488);
#488 = CARTESIAN_POINT('',(18.75,0.,0.));
#489 = CIRCLE('',#490,18.75);
#490 = AXIS2_PLACEMENT_3D('',#491,#492,#493);
#491 = CARTESIAN_POINT('',(0.,0.,0.));
#492 = DIRECTION('',(0.,0.,1.));
#493 = DIRECTION('',(1.,0.,0.));
#494 = ORIENTED_EDGE('',*,*,#495,.F.);
#495 = EDGE_CURVE('',#496,#485,#498,.T.);
#496 = VERTEX_POINT('',#497);
#497 = CARTESIAN_POINT('',(19.35,-14.,0.));
#498 = CIRCLE('',#499,4.35);
#499 = AXIS2_PLACEMENT_3D('',#500,#501,#502);
#500 = CARTESIAN_POINT('',(15.,-14.,0.));
#501 = DIRECTION('',(0.,0.,1.));
#502 = DIRECTION('',(1.,0.,0.));
#503 = ORIENTED_EDGE('',*,*,#504,.F.);
#504 = EDGE_CURVE('',#505,#496,#507,.T.);
#505 = VERTEX_POINT('',#506);
#506 = CARTESIAN_POINT('',(10.846924193327,-15.29400979286,0.));
#507 = CIRCLE('',#508,4.35);
#508 = AXIS2_PLACEMENT_3D('',#509,#510,#511);
#509 = CARTESIAN_POINT('',(15.,-14.,0.));
#510 = DIRECTION('',(0.,0.,1.));
#511 = DIRECTION('',(1.,0.,0.));
#512 = ORIENTED_EDGE('',*,*,#513,.F.);
#513 = EDGE_CURVE('',#514,#505,#516,.T.);
#514 = VERTEX_POINT('',#515);
#515 = CARTESIAN_POINT('',(-10.84692419332,-15.29400979286,0.));
#516 = CIRCLE('',#517,18.75);
#517 = AXIS2_PLACEMENT_3D('',#518,#519,#520);
#518 = CARTESIAN_POINT('',(0.,0.,0.));
#519 = DIRECTION('',(0.,0.,1.));
#520 = DIRECTION('',(1.,0.,0.));
#521 = ORIENTED_EDGE('',*,*,#522,.F.);
#522 = EDGE_CURVE('',#523,#514,#525,.T.);
#523 = VERTEX_POINT('',#524);
#524 = CARTESIAN_POINT('',(-16.00485727935,-9.767652914975,0.));
#525 = CIRCLE('',#526,4.35);
#526 = AXIS2_PLACEMENT_3D('',#527,#528,#529);
#527 = CARTESIAN_POINT('',(-15.,-14.,0.));
#528 = DIRECTION('',(0.,0.,1.));
#529 = DIRECTION('',(1.,0.,0.));
#530 = ORIENTED_EDGE('',*,*,#531,.F.);
#531 = EDGE_CURVE('',#532,#523,#534,.T.);
#532 = VERTEX_POINT('',#533);
#533 = CARTESIAN_POINT('',(-7.350142588901,17.249287055493,0.));
#534 = CIRCLE('',#535,18.75);
#535 = AXIS2_PLACEMENT_3D('',#536,#537,#538);
#536 = CARTESIAN_POINT('',(0.,0.,0.));
#537 = DIRECTION('',(0.,0.,1.));
#538 = DIRECTION('',(1.,0.,0.));
#539 = ORIENTED_EDGE('',*,*,#540,.F.);
#540 = EDGE_CURVE('',#541,#532,#543,.T.);
#541 = VERTEX_POINT('',#542);
#542 = CARTESIAN_POINT('',(-5.981528590111,24.092357049447,0.));
#543 = LINE('',#544,#545);
#544 = CARTESIAN_POINT('',(-5.8,25.,0.));
#545 = VECTOR('',#546,1.);
#546 = DIRECTION('',(-0.196116135138,-0.980580675691,0.));
#547 = ORIENTED_EDGE('',*,*,#548,.F.);
#548 = EDGE_CURVE('',#549,#541,#551,.T.);
#549 = VERTEX_POINT('',#550);
#550 = CARTESIAN_POINT('',(6.05,25.,0.));
#551 = CIRCLE('',#552,6.05);
#552 = AXIS2_PLACEMENT_3D('',#553,#554,#555);
#553 = CARTESIAN_POINT('',(0.,25.,0.));
#554 = DIRECTION('',(0.,0.,1.));
#555 = DIRECTION('',(1.,0.,0.));
#556 = ORIENTED_EDGE('',*,*,#557,.F.);
#557 = EDGE_CURVE('',#558,#549,#560,.T.);
#558 = VERTEX_POINT('',#559);
#559 = CARTESIAN_POINT('',(5.981528590111,24.092357049447,0.));
#560 = CIRCLE('',#561,6.05);
#561 = AXIS2_PLACEMENT_3D('',#562,#563,#564);
#562 = CARTESIAN_POINT('',(0.,25.,0.));
#563 = DIRECTION('',(0.,0.,1.));
#564 = DIRECTION('',(1.,0.,0.));
#565 = ORIENTED_EDGE('',*,*,#566,.F.);
#566 = EDGE_CURVE('',#567,#558,#569,.T.);
#567 = VERTEX_POINT('',#568);
#568 = CARTESIAN_POINT('',(7.350142588901,17.249287055493,0.));
#569 = LINE('',#570,#571);
#570 = CARTESIAN_POINT('',(8.,14.,0.));
#571 = VECTOR('',#572,1.);
#572 = DIRECTION('',(-0.196116135138,0.980580675691,0.));
#573 = ORIENTED_EDGE('',*,*,#574,.F.);
#574 = EDGE_CURVE('',#487,#567,#575,.T.);
#575 = CIRCLE('',#576,18.75);
#576 = AXIS2_PLACEMENT_3D('',#577,#578,#579);
#577 = CARTESIAN_POINT('',(0.,0.,0.));
#578 = DIRECTION('',(0.,0.,1.));
#579 = DIRECTION('',(1.,0.,0.));
#580 = FACE_BOUND('',#581,.T.);
#581 = EDGE_LOOP('',(#582,#592,#600,#608,#616,#624));
#582 = ORIENTED_EDGE('',*,*,#583,.T.);
#583 = EDGE_CURVE('',#584,#586,#588,.T.);
#584 = VERTEX_POINT('',#585);
#585 = CARTESIAN_POINT('',(17.9,-15.67431578065,0.));
#586 = VERTEX_POINT('',#587);
#587 = CARTESIAN_POINT('',(17.9,-12.32568421935,0.));
#588 = LINE('',#589,#590);
#589 = CARTESIAN_POINT('',(17.9,-7.047698359168,0.));
#590 = VECTOR('',#591,1.);
#591 = DIRECTION('',(0.,1.,0.));
#592 = ORIENTED_EDGE('',*,*,#593,.T.);
#593 = EDGE_CURVE('',#586,#594,#596,.T.);
#594 = VERTEX_POINT('',#595);
#595 = CARTESIAN_POINT('',(15.,-10.6513684387,0.));
#596 = LINE('',#597,#598);
#597 = CARTESIAN_POINT('',(8.256836899356,-6.758201407354,0.));
#598 = VECTOR('',#599,1.);
#599 = DIRECTION('',(-0.866025403784,0.5,0.));
#600 = ORIENTED_EDGE('',*,*,#601,.T.);
#601 = EDGE_CURVE('',#594,#602,#604,.T.);
#602 = VERTEX_POINT('',#603);
#603 = CARTESIAN_POINT('',(12.1,-12.32568421935,0.));
#604 = LINE('',#605,#606);
#605 = CARTESIAN_POINT('',(12.102706735088,-12.32412148511,0.));
#606 = VECTOR('',#607,1.);
#607 = DIRECTION('',(-0.866025403784,-0.5,0.));
#608 = ORIENTED_EDGE('',*,*,#609,.T.);
#609 = EDGE_CURVE('',#602,#610,#612,.T.);
#610 = VERTEX_POINT('',#611);
#611 = CARTESIAN_POINT('',(12.1,-15.67431578065,0.));
#612 = LINE('',#613,#614);
#613 = CARTESIAN_POINT('',(12.1,-5.373382578518,0.));
#614 = VECTOR('',#615,1.);
#615 = DIRECTION('',(0.,-1.,0.));
#616 = ORIENTED_EDGE('',*,*,#617,.T.);
#617 = EDGE_CURVE('',#610,#618,#620,.T.);
#618 = VERTEX_POINT('',#619);
#619 = CARTESIAN_POINT('',(15.,-17.3486315613,0.));
#620 = LINE('',#621,#622);
#621 = CARTESIAN_POINT('',(3.906836899356,-10.94399085897,0.));
#622 = VECTOR('',#623,1.);
#623 = DIRECTION('',(0.866025403784,-0.5,0.));
#624 = ORIENTED_EDGE('',*,*,#625,.T.);
#625 = EDGE_CURVE('',#618,#584,#626,.T.);
#626 = LINE('',#627,#628);
#627 = CARTESIAN_POINT('',(13.552706735088,-18.18422671739,0.));
#628 = VECTOR('',#629,1.);
#629 = DIRECTION('',(0.866025403784,0.5,0.));
#630 = FACE_BOUND('',#631,.T.);
#631 = EDGE_LOOP('',(#632,#633,#634,#635));
#632 = ORIENTED_EDGE('',*,*,#366,.F.);
#633 = ORIENTED_EDGE('',*,*,#424,.T.);
#634 = ORIENTED_EDGE('',*,*,#447,.F.);
#635 = ORIENTED_EDGE('',*,*,#406,.T.);
#636 = FACE_BOUND('',#637,.T.);
#637 = EDGE_LOOP('',(#638,#639,#640,#641));
#638 = ORIENTED_EDGE('',*,*,#170,.F.);
#639 = ORIENTED_EDGE('',*,*,#203,.T.);
#640 = ORIENTED_EDGE('',*,*,#226,.F.);
#641 = ORIENTED_EDGE('',*,*,#250,.T.);
#642 = FACE_BOUND('',#643,.T.);
#643 = EDGE_LOOP('',(#644,#654,#662,#670,#678,#686));
#644 = ORIENTED_EDGE('',*,*,#645,.T.);
#645 = EDGE_CURVE('',#646,#648,#650,.T.);
#646 = VERTEX_POINT('',#647);
#647 = CARTESIAN_POINT('',(-12.1,-15.67431578065,0.));
#648 = VERTEX_POINT('',#649);
#649 = CARTESIAN_POINT('',(-12.1,-12.32568421935,0.));
#650 = LINE('',#651,#652);
#651 = CARTESIAN_POINT('',(-12.1,-7.047698359168,0.));
#652 = VECTOR('',#653,1.);
#653 = DIRECTION('',(5.304724652093E-16,1.,0.));
#654 = ORIENTED_EDGE('',*,*,#655,.T.);
#655 = EDGE_CURVE('',#648,#656,#658,.T.);
#656 = VERTEX_POINT('',#657);
#657 = CARTESIAN_POINT('',(-15.,-10.6513684387,0.));
#658 = LINE('',#659,#660);
#659 = CARTESIAN_POINT('',(-10.49316310064,-13.25339193573,0.));
#660 = VECTOR('',#661,1.);
#661 = DIRECTION('',(-0.866025403784,0.5,0.));
#662 = ORIENTED_EDGE('',*,*,#663,.T.);
#663 = EDGE_CURVE('',#656,#664,#666,.T.);
#664 = VERTEX_POINT('',#665);
#665 = CARTESIAN_POINT('',(-17.9,-12.32568421935,0.));
#666 = LINE('',#667,#668);
#667 = CARTESIAN_POINT('',(-6.647293264912,-5.828930956735,0.));
#668 = VECTOR('',#669,1.);
#669 = DIRECTION('',(-0.866025403784,-0.5,0.));
#670 = ORIENTED_EDGE('',*,*,#671,.T.);
#671 = EDGE_CURVE('',#664,#672,#674,.T.);
#672 = VERTEX_POINT('',#673);
#673 = CARTESIAN_POINT('',(-17.9,-15.67431578065,0.));
#674 = LINE('',#675,#676);
#675 = CARTESIAN_POINT('',(-17.9,-5.373382578518,0.));
#676 = VECTOR('',#677,1.);
#677 = DIRECTION('',(0.,-1.,0.));
#678 = ORIENTED_EDGE('',*,*,#679,.T.);
#679 = EDGE_CURVE('',#672,#680,#682,.T.);
#680 = VERTEX_POINT('',#681);
#681 = CARTESIAN_POINT('',(-15.,-17.3486315613,0.));
#682 = LINE('',#683,#684);
#683 = CARTESIAN_POINT('',(-14.84316310064,-17.43918138736,0.));
#684 = VECTOR('',#685,1.);
#685 = DIRECTION('',(0.866025403784,-0.5,0.));
#686 = ORIENTED_EDGE('',*,*,#687,.T.);
#687 = EDGE_CURVE('',#680,#646,#688,.T.);
#688 = LINE('',#689,#690);
#689 = CARTESIAN_POINT('',(-5.197293264912,-11.68903618901,0.));
#690 = VECTOR('',#691,1.);
#691 = DIRECTION('',(0.866025403784,0.5,0.));
#692 = FACE_BOUND('',#693,.T.);
#693 = EDGE_LOOP('',(#694,#695,#696,#697));
#694 = ORIENTED_EDGE('',*,*,#268,.F.);
#695 = ORIENTED_EDGE('',*,*,#324,.T.);
#696 = ORIENTED_EDGE('',*,*,#349,.F.);
#697 = ORIENTED_EDGE('',*,*,#308,.T.);
#698 = FACE_BOUND('',#699,.T.);
#699 = EDGE_LOOP('',(#700));
#700 = ORIENTED_EDGE('',*,*,#701,.T.);
#701 = EDGE_CURVE('',#702,#702,#704,.T.);
#702 = VERTEX_POINT('',#703);
#703 = CARTESIAN_POINT('',(3.25,25.,0.));
#704 = CIRCLE('',#705,3.25);
#705 = AXIS2_PLACEMENT_3D('',#706,#707,#708);
#706 = CARTESIAN_POINT('',(0.,25.,0.));
#707 = DIRECTION('',(0.,0.,1.));
#708 = DIRECTION('',(1.,0.,0.));
#709 = PLANE('',#710);
#710 = AXIS2_PLACEMENT_3D('',#711,#712,#713);
#711 = CARTESIAN_POINT('',(0.212724845925,1.578919062313,0.));
#712 = DIRECTION('',(-0.,-0.,-1.));
#713 = DIRECTION('',(-1.,0.,0.));
#714 = ADVANCED_FACE('',(#715),#734,.T.);
#715 = FACE_BOUND('',#716,.T.);
#716 = EDGE_LOOP('',(#717,#718,#726,#733));
#717 = ORIENTED_EDGE('',*,*,#464,.F.);
#718 = ORIENTED_EDGE('',*,*,#719,.F.);
#719 = EDGE_CURVE('',#720,#465,#722,.T.);
#720 = VERTEX_POINT('',#721);
#721 = CARTESIAN_POINT('',(17.35,-4.249524393041E-15,5.5));
#722 = LINE('',#723,#724);
#723 = CARTESIAN_POINT('',(17.35,-4.249524393041E-15,5.5));
#724 = VECTOR('',#725,1.);
#725 = DIRECTION('',(0.,0.,1.));
#726 = ORIENTED_EDGE('',*,*,#727,.T.);
#727 = EDGE_CURVE('',#720,#720,#728,.T.);
#728 = CIRCLE('',#729,17.35);
#729 = AXIS2_PLACEMENT_3D('',#730,#731,#732);
#730 = CARTESIAN_POINT('',(0.,0.,5.5));
#731 = DIRECTION('',(0.,0.,1.));
#732 = DIRECTION('',(1.,0.,0.));
#733 = ORIENTED_EDGE('',*,*,#719,.T.);
#734 = CYLINDRICAL_SURFACE('',#735,17.35);
#735 = AXIS2_PLACEMENT_3D('',#736,#737,#738);
#736 = CARTESIAN_POINT('',(0.,0.,5.5));
#737 = DIRECTION('',(0.,0.,1.));
#738 = DIRECTION('',(1.,0.,0.));
#739 = ADVANCED_FACE('',(#740),#781,.T.);
#740 = FACE_BOUND('',#741,.F.);
#741 = EDGE_LOOP('',(#742,#753,#760,#761));
#742 = ORIENTED_EDGE('',*,*,#743,.T.);
#743 = EDGE_CURVE('',#744,#746,#748,.T.);
#744 = VERTEX_POINT('',#745);
#745 = CARTESIAN_POINT('',(16.682450177007,-9.504517667492,0.45));
#746 = VERTEX_POINT('',#747);
#747 = CARTESIAN_POINT('',(19.2,0.,0.45));
#748 = CIRCLE('',#749,19.2);
#749 = AXIS2_PLACEMENT_3D('',#750,#751,#752);
#750 = CARTESIAN_POINT('',(0.,0.,0.45));
#751 = DIRECTION('',(0.,0.,1.));
#752 = DIRECTION('',(1.,0.,0.));
#753 = ORIENTED_EDGE('',*,*,#754,.T.);
#754 = EDGE_CURVE('',#746,#487,#755,.T.);
#755 = CIRCLE('',#756,0.45);
#756 = AXIS2_PLACEMENT_3D('',#757,#758,#759);
#757 = CARTESIAN_POINT('',(18.75,0.,0.45));
#758 = DIRECTION('',(-0.,1.,0.));
#759 = DIRECTION('',(1.,0.,0.));
#760 = ORIENTED_EDGE('',*,*,#484,.F.);
#761 = ORIENTED_EDGE('',*,*,#762,.F.);
#762 = EDGE_CURVE('',#744,#485,#763,.T.);
#763 = B_SPLINE_CURVE_WITH_KNOTS('',6,(#764,#765,#766,#767,#768,#769,
    #770,#771,#772,#773,#774,#775,#776,#777,#778,#779,#780),
  .UNSPECIFIED.,.F.,.F.,(7,5,5,7),(0.,0.27834366273,0.562162290997,1.),
  .UNSPECIFIED.);
#764 = CARTESIAN_POINT('',(16.682450177007,-9.504517667492,0.45));
#765 = CARTESIAN_POINT('',(16.682450177007,-9.504517667492,
    0.415939226504));
#766 = CARTESIAN_POINT('',(16.677964255301,-9.506142063769,
    0.381876067754));
#767 = CARTESIAN_POINT('',(16.668990878243,-9.509391041751,
    0.348214432036));
#768 = CARTESIAN_POINT('',(16.655637238227,-9.514237347112,
    0.315347063229));
#769 = CARTESIAN_POINT('',(16.638101373635,-9.520629985038,
    0.283635371125));
#770 = CARTESIAN_POINT('',(16.594785343964,-9.536520614682,
    0.222548217301));
#771 = CARTESIAN_POINT('',(16.568847504821,-9.546077974425,
    0.193228159929));
#772 = CARTESIAN_POINT('',(16.539125318187,-9.557095418187,
    0.165757258736));
#773 = CARTESIAN_POINT('',(16.505967791649,-9.569480971404,0.14039821226
    ));
#774 = CARTESIAN_POINT('',(16.4697596538,-9.583130798468,0.117351366964)
  );
#775 = CARTESIAN_POINT('',(16.370933704956,-9.62077228523,
    6.498886905967E-02));
#776 = CARTESIAN_POINT('',(16.304649019378,-9.646355705414,
    3.905957590281E-02));
#777 = CARTESIAN_POINT('',(16.23346822098,-9.67428425339,
    1.948452362252E-02));
#778 = CARTESIAN_POINT('',(16.15886409309,-9.704121813356,
    6.464407845822E-03));
#779 = CARTESIAN_POINT('',(16.0822118511,-9.735414864734,
    -3.066181656144E-08));
#780 = CARTESIAN_POINT('',(16.004857279376,-9.767652914943,0.));
#781 = TOROIDAL_SURFACE('',#782,18.75,0.45);
#782 = AXIS2_PLACEMENT_3D('',#783,#784,#785);
#783 = CARTESIAN_POINT('',(0.,0.,0.45));
#784 = DIRECTION('',(-0.,-0.,-1.));
#785 = DIRECTION('',(1.,0.,0.));
#786 = ADVANCED_FACE('',(#787),#807,.T.);
#787 = FACE_BOUND('',#788,.F.);
#788 = EDGE_LOOP('',(#789,#790,#799,#806));
#789 = ORIENTED_EDGE('',*,*,#495,.F.);
#790 = ORIENTED_EDGE('',*,*,#791,.F.);
#791 = EDGE_CURVE('',#792,#496,#794,.T.);
#792 = VERTEX_POINT('',#793);
#793 = CARTESIAN_POINT('',(19.8,-14.,0.45));
#794 = CIRCLE('',#795,0.45);
#795 = AXIS2_PLACEMENT_3D('',#796,#797,#798);
#796 = CARTESIAN_POINT('',(19.35,-14.,0.45));
#797 = DIRECTION('',(-0.,1.,0.));
#798 = DIRECTION('',(1.,0.,0.));
#799 = ORIENTED_EDGE('',*,*,#800,.T.);
#800 = EDGE_CURVE('',#792,#744,#801,.T.);
#801 = CIRCLE('',#802,4.8);
#802 = AXIS2_PLACEMENT_3D('',#803,#804,#805);
#803 = CARTESIAN_POINT('',(15.,-14.,0.45));
#804 = DIRECTION('',(0.,0.,1.));
#805 = DIRECTION('',(1.,0.,0.));
#806 = ORIENTED_EDGE('',*,*,#762,.T.);
#807 = TOROIDAL_SURFACE('',#808,4.35,0.45);
#808 = AXIS2_PLACEMENT_3D('',#809,#810,#811);
#809 = CARTESIAN_POINT('',(15.,-14.,0.45));
#810 = DIRECTION('',(-0.,-0.,-1.));
#811 = DIRECTION('',(1.,0.,0.));
#812 = ADVANCED_FACE('',(#813),#847,.T.);
#813 = FACE_BOUND('',#814,.F.);
#814 = EDGE_LOOP('',(#815,#816,#825,#846));
#815 = ORIENTED_EDGE('',*,*,#754,.F.);
#816 = ORIENTED_EDGE('',*,*,#817,.T.);
#817 = EDGE_CURVE('',#746,#818,#820,.T.);
#818 = VERTEX_POINT('',#819);
#819 = CARTESIAN_POINT('',(7.24377917892,17.781104105399,0.45));
#820 = CIRCLE('',#821,19.2);
#821 = AXIS2_PLACEMENT_3D('',#822,#823,#824);
#822 = CARTESIAN_POINT('',(0.,0.,0.45));
#823 = DIRECTION('',(0.,0.,1.));
#824 = DIRECTION('',(1.,0.,0.));
#825 = ORIENTED_EDGE('',*,*,#826,.T.);
#826 = EDGE_CURVE('',#818,#567,#827,.T.);
#827 = B_SPLINE_CURVE_WITH_KNOTS('',5,(#828,#829,#830,#831,#832,#833,
    #834,#835,#836,#837,#838,#839,#840,#841,#842,#843,#844,#845),
  .UNSPECIFIED.,.F.,.F.,(6,4,4,4,6),(0.,0.251363464202,0.503650548514,
    0.750401253539,1.),.UNSPECIFIED.);
#828 = CARTESIAN_POINT('',(7.24377917892,17.781104105399,0.45));
#829 = CARTESIAN_POINT('',(7.24377917892,17.781104105399,0.413791405213)
  );
#830 = CARTESIAN_POINT('',(7.244635430846,17.776822845769,0.377581120425
    ));
#831 = CARTESIAN_POINT('',(7.246348112658,17.768259436711,0.341899005633
    ));
#832 = CARTESIAN_POINT('',(7.248887136091,17.755564319544,0.307260993605
    ));
#833 = CARTESIAN_POINT('',(7.255521985681,17.722390071595,0.240857240822
    ));
#834 = CARTESIAN_POINT('',(7.259623747201,17.701881263994,0.209100199482
    ));
#835 = CARTESIAN_POINT('',(7.264449484878,17.677752575609,0.179306034036
    ));
#836 = CARTESIAN_POINT('',(7.269923244288,17.65038377856,0.151851332134)
  );
#837 = CARTESIAN_POINT('',(7.281862572902,17.590687135488,0.102740132437
    ));
#838 = CARTESIAN_POINT('',(7.28830389701,17.558480514951,
    8.096904854174E-02));
#839 = CARTESIAN_POINT('',(7.29520294229,17.523985288551,
    6.197820522233E-02));
#840 = CARTESIAN_POINT('',(7.302471692064,17.487641539682,
    4.595310800724E-02));
#841 = CARTESIAN_POINT('',(7.317657316133,17.411713419335,
    1.992103717103E-02));
#842 = CARTESIAN_POINT('',(7.325580651258,17.37209674371,
    9.985775498845E-03));
#843 = CARTESIAN_POINT('',(7.333698650628,17.331506746858,
    3.327580613861E-03));
#844 = CARTESIAN_POINT('',(7.341917162399,17.290414188007,0.));
#845 = CARTESIAN_POINT('',(7.350142588901,17.249287055494,0.));
#846 = ORIENTED_EDGE('',*,*,#574,.F.);
#847 = TOROIDAL_SURFACE('',#848,18.75,0.45);
#848 = AXIS2_PLACEMENT_3D('',#849,#850,#851);
#849 = CARTESIAN_POINT('',(0.,0.,0.45));
#850 = DIRECTION('',(-0.,-0.,-1.));
#851 = DIRECTION('',(1.,0.,0.));
#852 = ADVANCED_FACE('',(#853),#886,.T.);
#853 = FACE_BOUND('',#854,.F.);
#854 = EDGE_LOOP('',(#855,#864,#865,#866));
#855 = ORIENTED_EDGE('',*,*,#856,.T.);
#856 = EDGE_CURVE('',#857,#792,#859,.T.);
#857 = VERTEX_POINT('',#858);
#858 = CARTESIAN_POINT('',(10.631089015392,-15.98811891208,0.45));
#859 = CIRCLE('',#860,4.8);
#860 = AXIS2_PLACEMENT_3D('',#861,#862,#863);
#861 = CARTESIAN_POINT('',(15.,-14.,0.45));
#862 = DIRECTION('',(0.,0.,1.));
#863 = DIRECTION('',(1.,0.,0.));
#864 = ORIENTED_EDGE('',*,*,#791,.T.);
#865 = ORIENTED_EDGE('',*,*,#504,.F.);
#866 = ORIENTED_EDGE('',*,*,#867,.T.);
#867 = EDGE_CURVE('',#505,#857,#868,.T.);
#868 = B_SPLINE_CURVE_WITH_KNOTS('',6,(#869,#870,#871,#872,#873,#874,
    #875,#876,#877,#878,#879,#880,#881,#882,#883,#884,#885),
  .UNSPECIFIED.,.F.,.F.,(7,5,5,7),(0.,0.437004893626,0.722019180685,1.),
  .UNSPECIFIED.);
#869 = CARTESIAN_POINT('',(10.846924193318,-15.29400979287,0.));
#870 = CARTESIAN_POINT('',(10.820142221789,-15.3732502801,
    -3.01828054208E-08));
#871 = CARTESIAN_POINT('',(10.7942512199,-15.45172793808,
    6.439836466042E-03));
#872 = CARTESIAN_POINT('',(10.76966540344,-15.52807283753,
    1.941030268702E-02));
#873 = CARTESIAN_POINT('',(10.746740561283,-15.60088980938,
    3.89107798578E-02));
#874 = CARTESIAN_POINT('',(10.725808502409,-15.66868847972,
    6.474248694886E-02));
#875 = CARTESIAN_POINT('',(10.695012330188,-15.7700253454,0.117039722061
    ));
#876 = CARTESIAN_POINT('',(10.683831067748,-15.80727724636,
    0.140159555788));
#877 = CARTESIAN_POINT('',(10.67370923937,-15.84137520924,0.165612699861
    ));
#878 = CARTESIAN_POINT('',(10.664724957092,-15.87192310509,
    0.193196562371));
#879 = CARTESIAN_POINT('',(10.656946807029,-15.89856183105,
    0.222645153533));
#880 = CARTESIAN_POINT('',(10.644074481633,-15.94288240057,
    0.283842092803));
#881 = CARTESIAN_POINT('',(10.638918234149,-15.96077130051,
    0.315518459114));
#882 = CARTESIAN_POINT('',(10.635013436152,-15.97439175258,
    0.348346086377));
#883 = CARTESIAN_POINT('',(10.632397129325,-15.98354370298,
    0.381964885091));
#884 = CARTESIAN_POINT('',(10.631089015392,-15.98811891208,
    0.415983627823));
#885 = CARTESIAN_POINT('',(10.631089015392,-15.98811891208,0.45));
#886 = TOROIDAL_SURFACE('',#887,4.35,0.45);
#887 = AXIS2_PLACEMENT_3D('',#888,#889,#890);
#888 = CARTESIAN_POINT('',(15.,-14.,0.45));
#889 = DIRECTION('',(-0.,-0.,-1.));
#890 = DIRECTION('',(1.,0.,0.));
#891 = ADVANCED_FACE('',(#892),#995,.F.);
#892 = FACE_BOUND('',#893,.F.);
#893 = EDGE_LOOP('',(#894,#895,#896,#904,#927,#935,#962,#970));
#894 = ORIENTED_EDGE('',*,*,#566,.F.);
#895 = ORIENTED_EDGE('',*,*,#826,.F.);
#896 = ORIENTED_EDGE('',*,*,#897,.T.);
#897 = EDGE_CURVE('',#818,#898,#900,.T.);
#898 = VERTEX_POINT('',#899);
#899 = CARTESIAN_POINT('',(7.24377917892,17.781104105399,5.05));
#900 = LINE('',#901,#902);
#901 = CARTESIAN_POINT('',(7.24377917892,17.781104105399,0.));
#902 = VECTOR('',#903,1.);
#903 = DIRECTION('',(0.,0.,1.));
#904 = ORIENTED_EDGE('',*,*,#905,.T.);
#905 = EDGE_CURVE('',#898,#906,#908,.T.);
#906 = VERTEX_POINT('',#907);
#907 = CARTESIAN_POINT('',(7.350142588901,17.249287055493,5.5));
#908 = B_SPLINE_CURVE_WITH_KNOTS('',5,(#909,#910,#911,#912,#913,#914,
    #915,#916,#917,#918,#919,#920,#921,#922,#923,#924,#925,#926),
  .UNSPECIFIED.,.F.,.F.,(6,4,4,4,6),(0.,0.251363464202,0.503650548515,
    0.750401253539,1.),.UNSPECIFIED.);
#909 = CARTESIAN_POINT('',(7.24377917892,17.781104105399,5.05));
#910 = CARTESIAN_POINT('',(7.24377917892,17.781104105399,5.086208594787)
  );
#911 = CARTESIAN_POINT('',(7.244635430846,17.776822845769,5.122418879575
    ));
#912 = CARTESIAN_POINT('',(7.246348112658,17.768259436711,5.158100994367
    ));
#913 = CARTESIAN_POINT('',(7.248887136091,17.755564319544,5.192739006395
    ));
#914 = CARTESIAN_POINT('',(7.255521985681,17.722390071595,5.259142759178
    ));
#915 = CARTESIAN_POINT('',(7.259623747201,17.701881263994,5.290899800518
    ));
#916 = CARTESIAN_POINT('',(7.264449484878,17.677752575609,5.320693965964
    ));
#917 = CARTESIAN_POINT('',(7.269923244288,17.65038377856,5.348148667866)
  );
#918 = CARTESIAN_POINT('',(7.281862572902,17.590687135488,5.397259867563
    ));
#919 = CARTESIAN_POINT('',(7.28830389701,17.558480514951,5.419030951458)
  );
#920 = CARTESIAN_POINT('',(7.29520294229,17.523985288551,5.438021794778)
  );
#921 = CARTESIAN_POINT('',(7.302471692064,17.487641539682,5.454046891993
    ));
#922 = CARTESIAN_POINT('',(7.317657316133,17.411713419335,5.480078962829
    ));
#923 = CARTESIAN_POINT('',(7.325580651258,17.37209674371,5.490014224501)
  );
#924 = CARTESIAN_POINT('',(7.333698650628,17.331506746858,5.496672419386
    ));
#925 = CARTESIAN_POINT('',(7.341917162399,17.290414188007,5.5));
#926 = CARTESIAN_POINT('',(7.350142588901,17.249287055494,5.5));
#927 = ORIENTED_EDGE('',*,*,#928,.T.);
#928 = EDGE_CURVE('',#906,#929,#931,.T.);
#929 = VERTEX_POINT('',#930);
#930 = CARTESIAN_POINT('',(5.981528590111,24.092357049447,5.5));
#931 = LINE('',#932,#933);
#932 = CARTESIAN_POINT('',(8.,14.,5.5));
#933 = VECTOR('',#934,1.);
#934 = DIRECTION('',(-0.196116135138,0.980580675691,0.));
#935 = ORIENTED_EDGE('',*,*,#936,.F.);
#936 = EDGE_CURVE('',#937,#929,#939,.T.);
#937 = VERTEX_POINT('',#938);
#938 = CARTESIAN_POINT('',(6.194107943688,23.029460281561,5.05));
#939 = B_SPLINE_CURVE_WITH_KNOTS('',6,(#940,#941,#942,#943,#944,#945,
    #946,#947,#948,#949,#950,#951,#952,#953,#954,#955,#956,#957,#958,
    #959,#960,#961),.UNSPECIFIED.,.F.,.F.,(7,5,5,5,7),(0.,0.27534369129,
    0.447072688864,0.70507260187,1.),.UNSPECIFIED.);
#940 = CARTESIAN_POINT('',(6.194107943688,23.029460281561,5.05));
#941 = CARTESIAN_POINT('',(6.194107943688,23.029460281561,5.088647467332
    ));
#942 = CARTESIAN_POINT('',(6.192494562429,23.037527187855,5.127311232344
    ));
#943 = CARTESIAN_POINT('',(6.189265291501,23.053673542495,5.165138186409
    ));
#944 = CARTESIAN_POINT('',(6.184523494631,23.077382526846,5.201380053181
    ));
#945 = CARTESIAN_POINT('',(6.178424091115,23.107879544425,5.235506646995
    ));
#946 = CARTESIAN_POINT('',(6.166603323472,23.166983382642,5.286936121642
    ));
#947 = CARTESIAN_POINT('',(6.161601443074,23.191992784629,5.305745845263
    ));
#948 = CARTESIAN_POINT('',(6.156178167342,23.219109163289,5.323537425211
    ));
#949 = CARTESIAN_POINT('',(6.150373587276,23.248132063619,5.340269448374
    ));
#950 = CARTESIAN_POINT('',(6.144225591194,23.27887204403,5.35592496317)
  );
#951 = CARTESIAN_POINT('',(6.128065023691,23.359674881545,5.392408339119
    ));
#952 = CARTESIAN_POINT('',(6.117664191276,23.411679043622,5.411879865961
    ));
#953 = CARTESIAN_POINT('',(6.106676704265,23.466616478674,5.428928236481
    ));
#954 = CARTESIAN_POINT('',(6.095198022761,23.524009886194,5.44362889263)
  );
#955 = CARTESIAN_POINT('',(6.083305326069,23.583473369657,5.456095721237
    ));
#956 = CARTESIAN_POINT('',(6.057052348844,23.714738255778,5.478293145209
    ));
#957 = CARTESIAN_POINT('',(6.042585749616,23.787071251922,5.487374214853
    ));
#958 = CARTESIAN_POINT('',(6.027742154222,23.861289228891,5.493885330763
    ));
#959 = CARTESIAN_POINT('',(6.012588372844,23.93705813578,5.498026604179)
  );
#960 = CARTESIAN_POINT('',(5.997173124179,24.014134379106,5.5));
#961 = CARTESIAN_POINT('',(5.981528590111,24.092357049447,5.5));
#962 = ORIENTED_EDGE('',*,*,#963,.F.);
#963 = EDGE_CURVE('',#964,#937,#966,.T.);
#964 = VERTEX_POINT('',#965);
#965 = CARTESIAN_POINT('',(6.194107943688,23.029460281561,0.45));
#966 = LINE('',#967,#968);
#967 = CARTESIAN_POINT('',(6.194107943688,23.029460281561,0.));
#968 = VECTOR('',#969,1.);
#969 = DIRECTION('',(0.,0.,1.));
#970 = ORIENTED_EDGE('',*,*,#971,.T.);
#971 = EDGE_CURVE('',#964,#558,#972,.T.);
#972 = B_SPLINE_CURVE_WITH_KNOTS('',6,(#973,#974,#975,#976,#977,#978,
    #979,#980,#981,#982,#983,#984,#985,#986,#987,#988,#989,#990,#991,
    #992,#993,#994),.UNSPECIFIED.,.F.,.F.,(7,5,5,5,7),(0.,0.27534369129,
    0.447072688864,0.70507260187,1.),.UNSPECIFIED.);
#973 = CARTESIAN_POINT('',(6.194107943688,23.029460281561,0.45));
#974 = CARTESIAN_POINT('',(6.194107943688,23.029460281561,0.411352532668
    ));
#975 = CARTESIAN_POINT('',(6.192494562429,23.037527187855,0.372688767656
    ));
#976 = CARTESIAN_POINT('',(6.189265291501,23.053673542495,0.334861813591
    ));
#977 = CARTESIAN_POINT('',(6.184523494631,23.077382526846,0.298619946819
    ));
#978 = CARTESIAN_POINT('',(6.178424091115,23.107879544425,0.264493353005
    ));
#979 = CARTESIAN_POINT('',(6.166603323472,23.166983382642,0.213063878358
    ));
#980 = CARTESIAN_POINT('',(6.161601443074,23.191992784629,0.194254154737
    ));
#981 = CARTESIAN_POINT('',(6.156178167342,23.219109163289,0.176462574789
    ));
#982 = CARTESIAN_POINT('',(6.150373587276,23.248132063619,0.159730551626
    ));
#983 = CARTESIAN_POINT('',(6.144225591194,23.27887204403,0.14407503683)
  );
#984 = CARTESIAN_POINT('',(6.128065023691,23.359674881545,0.107591660881
    ));
#985 = CARTESIAN_POINT('',(6.117664191276,23.411679043622,
    8.812013403914E-02));
#986 = CARTESIAN_POINT('',(6.106676704265,23.466616478674,
    7.107176351855E-02));
#987 = CARTESIAN_POINT('',(6.095198022761,23.524009886194,
    5.637110737025E-02));
#988 = CARTESIAN_POINT('',(6.083305326069,23.583473369657,
    4.390427876337E-02));
#989 = CARTESIAN_POINT('',(6.057052348844,23.714738255778,
    2.170685479115E-02));
#990 = CARTESIAN_POINT('',(6.042585749616,23.787071251922,
    1.262578514718E-02));
#991 = CARTESIAN_POINT('',(6.027742154222,23.861289228891,
    6.114669237326E-03));
#992 = CARTESIAN_POINT('',(6.012588372844,23.93705813578,
    1.973395821226E-03));
#993 = CARTESIAN_POINT('',(5.997173124179,24.014134379106,0.));
#994 = CARTESIAN_POINT('',(5.981528590111,24.092357049447,0.));
#995 = PLANE('',#996);
#996 = AXIS2_PLACEMENT_3D('',#997,#998,#999);
#997 = CARTESIAN_POINT('',(8.,14.,0.));
#998 = DIRECTION('',(-0.980580675691,-0.196116135138,0.));
#999 = DIRECTION('',(-0.196116135138,0.980580675691,0.));
#1000 = ADVANCED_FACE('',(#1001),#1034,.T.);
#1001 = FACE_BOUND('',#1002,.F.);
#1002 = EDGE_LOOP('',(#1003,#1012,#1013,#1014));
#1003 = ORIENTED_EDGE('',*,*,#1004,.T.);
#1004 = EDGE_CURVE('',#1005,#857,#1007,.T.);
#1005 = VERTEX_POINT('',#1006);
#1006 = CARTESIAN_POINT('',(-10.63108901539,-15.98811891208,0.45));
#1007 = CIRCLE('',#1008,19.2);
#1008 = AXIS2_PLACEMENT_3D('',#1009,#1010,#1011);
#1009 = CARTESIAN_POINT('',(0.,0.,0.45));
#1010 = DIRECTION('',(0.,0.,1.));
#1011 = DIRECTION('',(1.,0.,0.));
#1012 = ORIENTED_EDGE('',*,*,#867,.F.);
#1013 = ORIENTED_EDGE('',*,*,#513,.F.);
#1014 = ORIENTED_EDGE('',*,*,#1015,.F.);
#1015 = EDGE_CURVE('',#1005,#514,#1016,.T.);
#1016 = B_SPLINE_CURVE_WITH_KNOTS('',6,(#1017,#1018,#1019,#1020,#1021,
    #1022,#1023,#1024,#1025,#1026,#1027,#1028,#1029,#1030,#1031,#1032,
    #1033),.UNSPECIFIED.,.F.,.F.,(7,5,5,7),(0.,0.278927787637,
    0.562764833867,1.),.UNSPECIFIED.);
#1017 = CARTESIAN_POINT('',(-10.63108901539,-15.98811891208,0.45));
#1018 = CARTESIAN_POINT('',(-10.63108901539,-15.98811891208,
    0.415867749472));
#1019 = CARTESIAN_POINT('',(-10.63240605751,-15.98351247924,
    0.381733089601));
#1020 = CARTESIAN_POINT('',(-10.63504022171,-15.9742980537,
    0.348002503706));
#1021 = CARTESIAN_POINT('',(-10.63897153381,-15.96058538194,
    0.31507118469));
#1022 = CARTESIAN_POINT('',(-10.64416245371,-15.94257720581,
    0.283302673519));
#1023 = CARTESIAN_POINT('',(-10.65707087956,-15.89813702531,
    0.222181130343));
#1024 = CARTESIAN_POINT('',(-10.66483184947,-15.87155998143,
    0.19287762726));
#1025 = CARTESIAN_POINT('',(-10.67378837252,-15.8411093194,
    0.165425855861));
#1026 = CARTESIAN_POINT('',(-10.68387265528,-15.80713990479,
    0.140088156641));
#1027 = CARTESIAN_POINT('',(-10.69500754788,-15.77004293319,
    0.117064507399));
#1028 = CARTESIAN_POINT('',(-10.72575335722,-15.66886709821,
    6.481056559085E-02));
#1029 = CARTESIAN_POINT('',(-10.74669224295,-15.60104328782,
    3.895189362717E-02));
#1030 = CARTESIAN_POINT('',(-10.76962653988,-15.52819351917,
    1.943081004861E-02));
#1031 = CARTESIAN_POINT('',(-10.79422393514,-15.45181064119,
    6.446625948478E-03));
#1032 = CARTESIAN_POINT('',(-10.82012810858,-15.37329203722,
    -3.032611517288E-08));
#1033 = CARTESIAN_POINT('',(-10.84692419329,-15.29400979288,0.));
#1034 = TOROIDAL_SURFACE('',#1035,18.75,0.45);
#1035 = AXIS2_PLACEMENT_3D('',#1036,#1037,#1038);
#1036 = CARTESIAN_POINT('',(0.,0.,0.45));
#1037 = DIRECTION('',(-0.,-0.,-1.));
#1038 = DIRECTION('',(1.,0.,0.));
#1039 = ADVANCED_FACE('',(#1040),#1060,.T.);
#1040 = FACE_BOUND('',#1041,.F.);
#1041 = EDGE_LOOP('',(#1042,#1051,#1058,#1059));
#1042 = ORIENTED_EDGE('',*,*,#1043,.T.);
#1043 = EDGE_CURVE('',#964,#1044,#1046,.T.);
#1044 = VERTEX_POINT('',#1045);
#1045 = CARTESIAN_POINT('',(6.5,25.,0.45));
#1046 = CIRCLE('',#1047,6.5);
#1047 = AXIS2_PLACEMENT_3D('',#1048,#1049,#1050);
#1048 = CARTESIAN_POINT('',(0.,25.,0.45));
#1049 = DIRECTION('',(0.,0.,1.));
#1050 = DIRECTION('',(1.,0.,0.));
#1051 = ORIENTED_EDGE('',*,*,#1052,.T.);
#1052 = EDGE_CURVE('',#1044,#549,#1053,.T.);
#1053 = CIRCLE('',#1054,0.45);
#1054 = AXIS2_PLACEMENT_3D('',#1055,#1056,#1057);
#1055 = CARTESIAN_POINT('',(6.05,25.,0.45));
#1056 = DIRECTION('',(-0.,1.,0.));
#1057 = DIRECTION('',(1.,0.,0.));
#1058 = ORIENTED_EDGE('',*,*,#557,.F.);
#1059 = ORIENTED_EDGE('',*,*,#971,.F.);
#1060 = TOROIDAL_SURFACE('',#1061,6.05,0.45);
#1061 = AXIS2_PLACEMENT_3D('',#1062,#1063,#1064);
#1062 = CARTESIAN_POINT('',(0.,25.,0.45));
#1063 = DIRECTION('',(-0.,-0.,-1.));
#1064 = DIRECTION('',(1.,0.,0.));
#1065 = ADVANCED_FACE('',(#1066),#1099,.T.);
#1066 = FACE_BOUND('',#1067,.F.);
#1067 = EDGE_LOOP('',(#1068,#1090,#1097,#1098));
#1068 = ORIENTED_EDGE('',*,*,#1069,.T.);
#1069 = EDGE_CURVE('',#523,#1070,#1072,.T.);
#1070 = VERTEX_POINT('',#1071);
#1071 = CARTESIAN_POINT('',(-16.682450177,-9.504517667492,0.45));
#1072 = B_SPLINE_CURVE_WITH_KNOTS('',6,(#1073,#1074,#1075,#1076,#1077,
    #1078,#1079,#1080,#1081,#1082,#1083,#1084,#1085,#1086,#1087,#1088,
    #1089),.UNSPECIFIED.,.F.,.F.,(7,5,5,7),(0.,0.438372923521,
    0.722175204977,1.),.UNSPECIFIED.);
#1073 = CARTESIAN_POINT('',(-16.00485727962,-9.767652914543,0.));
#1074 = CARTESIAN_POINT('',(-16.08230641563,-9.735375455019,
    -3.096417887892E-08));
#1075 = CARTESIAN_POINT('',(-16.15905149035,-9.704045309295,
    6.480223866813E-03));
#1076 = CARTESIAN_POINT('',(-16.23374179775,-9.674174840721,
    1.953229735075E-02));
#1077 = CARTESIAN_POINT('',(-16.3049970492,-9.646219157291,
    3.915535172259E-02));
#1078 = CARTESIAN_POINT('',(-16.37133878069,-9.620615947863,
    6.514745292511E-02));
#1079 = CARTESIAN_POINT('',(-16.47017194651,-9.582975100877,
    0.117606440535));
#1080 = CARTESIAN_POINT('',(-16.50635012038,-9.569337706875,
    0.140673875298));
#1081 = CARTESIAN_POINT('',(-16.53947514999,-9.556965227697,
    0.16605186675));
#1082 = CARTESIAN_POINT('',(-16.56916250578,-9.545961429568,
    0.19353974091));
#1083 = CARTESIAN_POINT('',(-16.59506348746,-9.536418196107,
    0.222874481334));
#1084 = CARTESIAN_POINT('',(-16.63826467127,-9.520570455603,
    0.283930987149));
#1085 = CARTESIAN_POINT('',(-16.65573672285,-9.514201242944,
    0.315592157654));
#1086 = CARTESIAN_POINT('',(-16.66904101808,-9.509372887976,
    0.348402693878));
#1087 = CARTESIAN_POINT('',(-16.67798096357,-9.50613601304,
    0.382003073083));
#1088 = CARTESIAN_POINT('',(-16.682450177,-9.504517667492,0.41600271865)
  );
#1089 = CARTESIAN_POINT('',(-16.682450177,-9.504517667492,0.45));
#1090 = ORIENTED_EDGE('',*,*,#1091,.T.);
#1091 = EDGE_CURVE('',#1070,#1005,#1092,.T.);
#1092 = CIRCLE('',#1093,4.8);
#1093 = AXIS2_PLACEMENT_3D('',#1094,#1095,#1096);
#1094 = CARTESIAN_POINT('',(-15.,-14.,0.45));
#1095 = DIRECTION('',(0.,0.,1.));
#1096 = DIRECTION('',(1.,0.,0.));
#1097 = ORIENTED_EDGE('',*,*,#1015,.T.);
#1098 = ORIENTED_EDGE('',*,*,#522,.F.);
#1099 = TOROIDAL_SURFACE('',#1100,4.35,0.45);
#1100 = AXIS2_PLACEMENT_3D('',#1101,#1102,#1103);
#1101 = CARTESIAN_POINT('',(-15.,-14.,0.45));
#1102 = DIRECTION('',(-0.,-0.,-1.));
#1103 = DIRECTION('',(1.,0.,0.));
#1104 = ADVANCED_FACE('',(#1105),#1143,.T.);
#1105 = FACE_BOUND('',#1106,.F.);
#1106 = EDGE_LOOP('',(#1107,#1108,#1117,#1142));
#1107 = ORIENTED_EDGE('',*,*,#1052,.F.);
#1108 = ORIENTED_EDGE('',*,*,#1109,.T.);
#1109 = EDGE_CURVE('',#1044,#1110,#1112,.T.);
#1110 = VERTEX_POINT('',#1111);
#1111 = CARTESIAN_POINT('',(-6.194107943688,23.029460281561,0.45));
#1112 = CIRCLE('',#1113,6.5);
#1113 = AXIS2_PLACEMENT_3D('',#1114,#1115,#1116);
#1114 = CARTESIAN_POINT('',(0.,25.,0.45));
#1115 = DIRECTION('',(0.,0.,1.));
#1116 = DIRECTION('',(1.,0.,0.));
#1117 = ORIENTED_EDGE('',*,*,#1118,.T.);
#1118 = EDGE_CURVE('',#1110,#541,#1119,.T.);
#1119 = B_SPLINE_CURVE_WITH_KNOTS('',6,(#1120,#1121,#1122,#1123,#1124,
    #1125,#1126,#1127,#1128,#1129,#1130,#1131,#1132,#1133,#1134,#1135,
    #1136,#1137,#1138,#1139,#1140,#1141),.UNSPECIFIED.,.F.,.F.,(7,5,5,5,
    7),(0.,0.275343691283,0.447072688856,0.705072601861,1.),
  .UNSPECIFIED.);
#1120 = CARTESIAN_POINT('',(-6.194107943688,23.029460281561,0.45));
#1121 = CARTESIAN_POINT('',(-6.194107943688,23.029460281561,
    0.411352532669));
#1122 = CARTESIAN_POINT('',(-6.192494562429,23.037527187855,
    0.372688767658));
#1123 = CARTESIAN_POINT('',(-6.189265291501,23.053673542494,
    0.334861813594));
#1124 = CARTESIAN_POINT('',(-6.184523494631,23.077382526844,
    0.298619946823));
#1125 = CARTESIAN_POINT('',(-6.178424091116,23.107879544421,
    0.26449335301));
#1126 = CARTESIAN_POINT('',(-6.166603323473,23.166983382636,
    0.213063878363));
#1127 = CARTESIAN_POINT('',(-6.161601443076,23.191992784622,
    0.194254154742));
#1128 = CARTESIAN_POINT('',(-6.156178167344,23.219109163282,
    0.176462574793));
#1129 = CARTESIAN_POINT('',(-6.150373587278,23.24813206361,
    0.159730551631));
#1130 = CARTESIAN_POINT('',(-6.144225591196,23.278872044021,
    0.144075036834));
#1131 = CARTESIAN_POINT('',(-6.128065023693,23.359674881535,
    0.107591660885));
#1132 = CARTESIAN_POINT('',(-6.117664191278,23.411679043612,
    8.812013404266E-02));
#1133 = CARTESIAN_POINT('',(-6.106676704268,23.466616478662,
    7.107176352176E-02));
#1134 = CARTESIAN_POINT('',(-6.095198022764,23.524009886182,
    5.637110737315E-02));
#1135 = CARTESIAN_POINT('',(-6.083305326071,23.583473369644,
    4.390427876592E-02));
#1136 = CARTESIAN_POINT('',(-6.057052348847,23.714738255766,
    2.170685479257E-02));
#1137 = CARTESIAN_POINT('',(-6.042585749618,23.787071251912,
    1.2625785148E-02));
#1138 = CARTESIAN_POINT('',(-6.027742154223,23.861289228884,
    6.114669237715E-03));
#1139 = CARTESIAN_POINT('',(-6.012588372845,23.937058135775,
    1.973395821351E-03));
#1140 = CARTESIAN_POINT('',(-5.997173124179,24.014134379104,0.));
#1141 = CARTESIAN_POINT('',(-5.981528590111,24.092357049447,0.));
#1142 = ORIENTED_EDGE('',*,*,#548,.F.);
#1143 = TOROIDAL_SURFACE('',#1144,6.05,0.45);
#1144 = AXIS2_PLACEMENT_3D('',#1145,#1146,#1147);
#1145 = CARTESIAN_POINT('',(0.,25.,0.45));
#1146 = DIRECTION('',(-0.,-0.,-1.));
#1147 = DIRECTION('',(1.,0.,0.));
#1148 = ADVANCED_FACE('',(#1149),#1183,.T.);
#1149 = FACE_BOUND('',#1150,.F.);
#1150 = EDGE_LOOP('',(#1151,#1152,#1175,#1182));
#1151 = ORIENTED_EDGE('',*,*,#531,.F.);
#1152 = ORIENTED_EDGE('',*,*,#1153,.F.);
#1153 = EDGE_CURVE('',#1154,#532,#1156,.T.);
#1154 = VERTEX_POINT('',#1155);
#1155 = CARTESIAN_POINT('',(-7.24377917892,17.781104105399,0.45));
#1156 = B_SPLINE_CURVE_WITH_KNOTS('',5,(#1157,#1158,#1159,#1160,#1161,
    #1162,#1163,#1164,#1165,#1166,#1167,#1168,#1169,#1170,#1171,#1172,
    #1173,#1174),.UNSPECIFIED.,.F.,.F.,(6,4,4,4,6),(0.,0.251363464221,
    0.503650548534,0.750401253558,1.),.UNSPECIFIED.);
#1157 = CARTESIAN_POINT('',(-7.24377917892,17.781104105399,0.45));
#1158 = CARTESIAN_POINT('',(-7.24377917892,17.781104105399,0.41379140521
    ));
#1159 = CARTESIAN_POINT('',(-7.244635430846,17.776822845768,
    0.37758112042));
#1160 = CARTESIAN_POINT('',(-7.246348112658,17.768259436709,
    0.341899005625));
#1161 = CARTESIAN_POINT('',(-7.248887136092,17.75556431954,
    0.307260993595));
#1162 = CARTESIAN_POINT('',(-7.255521985683,17.722390071587,
    0.240857240809));
#1163 = CARTESIAN_POINT('',(-7.259623747203,17.701881263985,
    0.20910019947));
#1164 = CARTESIAN_POINT('',(-7.26444948488,17.677752575599,
    0.179306034025));
#1165 = CARTESIAN_POINT('',(-7.26992324429,17.65038377855,0.151851332124
    ));
#1166 = CARTESIAN_POINT('',(-7.281862572905,17.590687135475,
    0.102740132428));
#1167 = CARTESIAN_POINT('',(-7.288303897012,17.558480514938,
    8.096904853388E-02));
#1168 = CARTESIAN_POINT('',(-7.295202942293,17.523985288537,
    6.197820521531E-02));
#1169 = CARTESIAN_POINT('',(-7.302471692066,17.487641539668,
    4.595310800117E-02));
#1170 = CARTESIAN_POINT('',(-7.317657316135,17.411713419323,
    1.992103716792E-02));
#1171 = CARTESIAN_POINT('',(-7.32558065126,17.372096743701,
    9.985775497289E-03));
#1172 = CARTESIAN_POINT('',(-7.33369865063,17.331506746851,
    3.327580613337E-03));
#1173 = CARTESIAN_POINT('',(-7.341917162399,17.290414188004,0.));
#1174 = CARTESIAN_POINT('',(-7.350142588901,17.249287055494,0.));
#1175 = ORIENTED_EDGE('',*,*,#1176,.T.);
#1176 = EDGE_CURVE('',#1154,#1070,#1177,.T.);
#1177 = CIRCLE('',#1178,19.2);
#1178 = AXIS2_PLACEMENT_3D('',#1179,#1180,#1181);
#1179 = CARTESIAN_POINT('',(0.,0.,0.45));
#1180 = DIRECTION('',(0.,0.,1.));
#1181 = DIRECTION('',(1.,0.,0.));
#1182 = ORIENTED_EDGE('',*,*,#1069,.F.);
#1183 = TOROIDAL_SURFACE('',#1184,18.75,0.45);
#1184 = AXIS2_PLACEMENT_3D('',#1185,#1186,#1187);
#1185 = CARTESIAN_POINT('',(0.,0.,0.45));
#1186 = DIRECTION('',(-0.,-0.,-1.));
#1187 = DIRECTION('',(1.,0.,0.));
#1188 = ADVANCED_FACE('',(#1189),#1266,.F.);
#1189 = FACE_BOUND('',#1190,.F.);
#1190 = EDGE_LOOP('',(#1191,#1192,#1193,#1201,#1228,#1236,#1259,#1265));
#1191 = ORIENTED_EDGE('',*,*,#540,.F.);
#1192 = ORIENTED_EDGE('',*,*,#1118,.F.);
#1193 = ORIENTED_EDGE('',*,*,#1194,.T.);
#1194 = EDGE_CURVE('',#1110,#1195,#1197,.T.);
#1195 = VERTEX_POINT('',#1196);
#1196 = CARTESIAN_POINT('',(-6.194107943688,23.029460281561,5.05));
#1197 = LINE('',#1198,#1199);
#1198 = CARTESIAN_POINT('',(-6.194107943688,23.029460281561,0.));
#1199 = VECTOR('',#1200,1.);
#1200 = DIRECTION('',(0.,0.,1.));
#1201 = ORIENTED_EDGE('',*,*,#1202,.T.);
#1202 = EDGE_CURVE('',#1195,#1203,#1205,.T.);
#1203 = VERTEX_POINT('',#1204);
#1204 = CARTESIAN_POINT('',(-5.981528590111,24.092357049447,5.5));
#1205 = B_SPLINE_CURVE_WITH_KNOTS('',6,(#1206,#1207,#1208,#1209,#1210,
    #1211,#1212,#1213,#1214,#1215,#1216,#1217,#1218,#1219,#1220,#1221,
    #1222,#1223,#1224,#1225,#1226,#1227),.UNSPECIFIED.,.F.,.F.,(7,5,5,5,
    7),(0.,0.275343691283,0.447072688856,0.705072601861,1.),
  .UNSPECIFIED.);
#1206 = CARTESIAN_POINT('',(-6.194107943688,23.029460281561,5.05));
#1207 = CARTESIAN_POINT('',(-6.194107943688,23.029460281561,
    5.088647467331));
#1208 = CARTESIAN_POINT('',(-6.192494562429,23.037527187855,
    5.127311232342));
#1209 = CARTESIAN_POINT('',(-6.189265291501,23.053673542494,
    5.165138186406));
#1210 = CARTESIAN_POINT('',(-6.184523494631,23.077382526844,
    5.201380053177));
#1211 = CARTESIAN_POINT('',(-6.178424091116,23.107879544421,
    5.23550664699));
#1212 = CARTESIAN_POINT('',(-6.166603323473,23.166983382636,
    5.286936121637));
#1213 = CARTESIAN_POINT('',(-6.161601443076,23.191992784622,
    5.305745845258));
#1214 = CARTESIAN_POINT('',(-6.156178167344,23.219109163282,
    5.323537425207));
#1215 = CARTESIAN_POINT('',(-6.150373587278,23.24813206361,
    5.340269448369));
#1216 = CARTESIAN_POINT('',(-6.144225591196,23.278872044021,
    5.355924963166));
#1217 = CARTESIAN_POINT('',(-6.128065023693,23.359674881535,
    5.392408339115));
#1218 = CARTESIAN_POINT('',(-6.117664191278,23.411679043612,
    5.411879865957));
#1219 = CARTESIAN_POINT('',(-6.106676704268,23.466616478662,
    5.428928236478));
#1220 = CARTESIAN_POINT('',(-6.095198022764,23.524009886182,
    5.443628892627));
#1221 = CARTESIAN_POINT('',(-6.083305326071,23.583473369644,
    5.456095721234));
#1222 = CARTESIAN_POINT('',(-6.057052348847,23.714738255766,
    5.478293145207));
#1223 = CARTESIAN_POINT('',(-6.042585749618,23.787071251912,
    5.487374214852));
#1224 = CARTESIAN_POINT('',(-6.027742154223,23.861289228884,
    5.493885330762));
#1225 = CARTESIAN_POINT('',(-6.012588372845,23.937058135775,
    5.498026604179));
#1226 = CARTESIAN_POINT('',(-5.997173124179,24.014134379104,5.5));
#1227 = CARTESIAN_POINT('',(-5.981528590111,24.092357049447,5.5));
#1228 = ORIENTED_EDGE('',*,*,#1229,.T.);
#1229 = EDGE_CURVE('',#1203,#1230,#1232,.T.);
#1230 = VERTEX_POINT('',#1231);
#1231 = CARTESIAN_POINT('',(-7.350142588901,17.249287055493,5.5));
#1232 = LINE('',#1233,#1234);
#1233 = CARTESIAN_POINT('',(-5.8,25.,5.5));
#1234 = VECTOR('',#1235,1.);
#1235 = DIRECTION('',(-0.196116135138,-0.980580675691,0.));
#1236 = ORIENTED_EDGE('',*,*,#1237,.F.);
#1237 = EDGE_CURVE('',#1238,#1230,#1240,.T.);
#1238 = VERTEX_POINT('',#1239);
#1239 = CARTESIAN_POINT('',(-7.24377917892,17.781104105399,5.05));
#1240 = B_SPLINE_CURVE_WITH_KNOTS('',5,(#1241,#1242,#1243,#1244,#1245,
    #1246,#1247,#1248,#1249,#1250,#1251,#1252,#1253,#1254,#1255,#1256,
    #1257,#1258),.UNSPECIFIED.,.F.,.F.,(6,4,4,4,6),(0.,0.251363464221,
    0.503650548534,0.750401253558,1.),.UNSPECIFIED.);
#1241 = CARTESIAN_POINT('',(-7.24377917892,17.781104105399,5.05));
#1242 = CARTESIAN_POINT('',(-7.24377917892,17.781104105399,5.08620859479
    ));
#1243 = CARTESIAN_POINT('',(-7.244635430846,17.776822845768,
    5.12241887958));
#1244 = CARTESIAN_POINT('',(-7.246348112658,17.768259436709,
    5.158100994375));
#1245 = CARTESIAN_POINT('',(-7.248887136092,17.75556431954,
    5.192739006405));
#1246 = CARTESIAN_POINT('',(-7.255521985683,17.722390071587,
    5.259142759191));
#1247 = CARTESIAN_POINT('',(-7.259623747203,17.701881263985,
    5.29089980053));
#1248 = CARTESIAN_POINT('',(-7.26444948488,17.677752575599,
    5.320693965975));
#1249 = CARTESIAN_POINT('',(-7.26992324429,17.65038377855,5.348148667876
    ));
#1250 = CARTESIAN_POINT('',(-7.281862572905,17.590687135475,
    5.397259867572));
#1251 = CARTESIAN_POINT('',(-7.288303897012,17.558480514938,
    5.419030951466));
#1252 = CARTESIAN_POINT('',(-7.295202942293,17.523985288537,
    5.438021794785));
#1253 = CARTESIAN_POINT('',(-7.302471692066,17.487641539668,
    5.454046891999));
#1254 = CARTESIAN_POINT('',(-7.317657316135,17.411713419323,
    5.480078962832));
#1255 = CARTESIAN_POINT('',(-7.32558065126,17.372096743701,
    5.490014224503));
#1256 = CARTESIAN_POINT('',(-7.33369865063,17.331506746851,
    5.496672419387));
#1257 = CARTESIAN_POINT('',(-7.341917162399,17.290414188004,5.5));
#1258 = CARTESIAN_POINT('',(-7.350142588901,17.249287055494,5.5));
#1259 = ORIENTED_EDGE('',*,*,#1260,.F.);
#1260 = EDGE_CURVE('',#1154,#1238,#1261,.T.);
#1261 = LINE('',#1262,#1263);
#1262 = CARTESIAN_POINT('',(-7.24377917892,17.781104105399,0.));
#1263 = VECTOR('',#1264,1.);
#1264 = DIRECTION('',(0.,0.,1.));
#1265 = ORIENTED_EDGE('',*,*,#1153,.T.);
#1266 = PLANE('',#1267);
#1267 = AXIS2_PLACEMENT_3D('',#1268,#1269,#1270);
#1268 = CARTESIAN_POINT('',(-5.8,25.,0.));
#1269 = DIRECTION('',(0.980580675691,-0.196116135138,0.));
#1270 = DIRECTION('',(-0.196116135138,-0.980580675691,0.));
#1271 = ADVANCED_FACE('',(#1272),#1297,.T.);
#1272 = FACE_BOUND('',#1273,.T.);
#1273 = EDGE_LOOP('',(#1274,#1275,#1283,#1291));
#1274 = ORIENTED_EDGE('',*,*,#583,.F.);
#1275 = ORIENTED_EDGE('',*,*,#1276,.T.);
#1276 = EDGE_CURVE('',#584,#1277,#1279,.T.);
#1277 = VERTEX_POINT('',#1278);
#1278 = CARTESIAN_POINT('',(17.9,-15.67431578065,4.));
#1279 = LINE('',#1280,#1281);
#1280 = CARTESIAN_POINT('',(17.9,-15.67431578065,-0.1));
#1281 = VECTOR('',#1282,1.);
#1282 = DIRECTION('',(0.,0.,1.));
#1283 = ORIENTED_EDGE('',*,*,#1284,.T.);
#1284 = EDGE_CURVE('',#1277,#1285,#1287,.T.);
#1285 = VERTEX_POINT('',#1286);
#1286 = CARTESIAN_POINT('',(17.9,-12.32568421935,4.));
#1287 = LINE('',#1288,#1289);
#1288 = CARTESIAN_POINT('',(17.9,-15.67431578065,4.));
#1289 = VECTOR('',#1290,1.);
#1290 = DIRECTION('',(0.,1.,0.));
#1291 = ORIENTED_EDGE('',*,*,#1292,.F.);
#1292 = EDGE_CURVE('',#586,#1285,#1293,.T.);
#1293 = LINE('',#1294,#1295);
#1294 = CARTESIAN_POINT('',(17.9,-12.32568421935,-0.1));
#1295 = VECTOR('',#1296,1.);
#1296 = DIRECTION('',(0.,0.,1.));
#1297 = PLANE('',#1298);
#1298 = AXIS2_PLACEMENT_3D('',#1299,#1300,#1301);
#1299 = CARTESIAN_POINT('',(17.9,-15.67431578065,-0.1));
#1300 = DIRECTION('',(-1.,0.,0.));
#1301 = DIRECTION('',(0.,1.,0.));
#1302 = ADVANCED_FACE('',(#1303),#1321,.T.);
#1303 = FACE_BOUND('',#1304,.T.);
#1304 = EDGE_LOOP('',(#1305,#1306,#1314,#1320));
#1305 = ORIENTED_EDGE('',*,*,#625,.F.);
#1306 = ORIENTED_EDGE('',*,*,#1307,.T.);
#1307 = EDGE_CURVE('',#618,#1308,#1310,.T.);
#1308 = VERTEX_POINT('',#1309);
#1309 = CARTESIAN_POINT('',(15.,-17.3486315613,4.));
#1310 = LINE('',#1311,#1312);
#1311 = CARTESIAN_POINT('',(15.,-17.3486315613,-0.1));
#1312 = VECTOR('',#1313,1.);
#1313 = DIRECTION('',(0.,0.,1.));
#1314 = ORIENTED_EDGE('',*,*,#1315,.T.);
#1315 = EDGE_CURVE('',#1308,#1277,#1316,.T.);
#1316 = LINE('',#1317,#1318);
#1317 = CARTESIAN_POINT('',(15.,-17.3486315613,4.));
#1318 = VECTOR('',#1319,1.);
#1319 = DIRECTION('',(0.866025403784,0.5,0.));
#1320 = ORIENTED_EDGE('',*,*,#1276,.F.);
#1321 = PLANE('',#1322);
#1322 = AXIS2_PLACEMENT_3D('',#1323,#1324,#1325);
#1323 = CARTESIAN_POINT('',(15.,-17.3486315613,-0.1));
#1324 = DIRECTION('',(-0.5,0.866025403784,0.));
#1325 = DIRECTION('',(0.866025403784,0.5,0.));
#1326 = ADVANCED_FACE('',(#1327),#1345,.T.);
#1327 = FACE_BOUND('',#1328,.T.);
#1328 = EDGE_LOOP('',(#1329,#1330,#1331,#1339));
#1329 = ORIENTED_EDGE('',*,*,#593,.F.);
#1330 = ORIENTED_EDGE('',*,*,#1292,.T.);
#1331 = ORIENTED_EDGE('',*,*,#1332,.T.);
#1332 = EDGE_CURVE('',#1285,#1333,#1335,.T.);
#1333 = VERTEX_POINT('',#1334);
#1334 = CARTESIAN_POINT('',(15.,-10.6513684387,4.));
#1335 = LINE('',#1336,#1337);
#1336 = CARTESIAN_POINT('',(17.9,-12.32568421935,4.));
#1337 = VECTOR('',#1338,1.);
#1338 = DIRECTION('',(-0.866025403784,0.5,0.));
#1339 = ORIENTED_EDGE('',*,*,#1340,.F.);
#1340 = EDGE_CURVE('',#594,#1333,#1341,.T.);
#1341 = LINE('',#1342,#1343);
#1342 = CARTESIAN_POINT('',(15.,-10.6513684387,-0.1));
#1343 = VECTOR('',#1344,1.);
#1344 = DIRECTION('',(0.,0.,1.));
#1345 = PLANE('',#1346);
#1346 = AXIS2_PLACEMENT_3D('',#1347,#1348,#1349);
#1347 = CARTESIAN_POINT('',(17.9,-12.32568421935,-0.1));
#1348 = DIRECTION('',(-0.5,-0.866025403784,0.));
#1349 = DIRECTION('',(-0.866025403784,0.5,0.));
#1350 = ADVANCED_FACE('',(#1351),#1369,.T.);
#1351 = FACE_BOUND('',#1352,.T.);
#1352 = EDGE_LOOP('',(#1353,#1354,#1362,#1368));
#1353 = ORIENTED_EDGE('',*,*,#617,.F.);
#1354 = ORIENTED_EDGE('',*,*,#1355,.T.);
#1355 = EDGE_CURVE('',#610,#1356,#1358,.T.);
#1356 = VERTEX_POINT('',#1357);
#1357 = CARTESIAN_POINT('',(12.1,-15.67431578065,4.));
#1358 = LINE('',#1359,#1360);
#1359 = CARTESIAN_POINT('',(12.1,-15.67431578065,-0.1));
#1360 = VECTOR('',#1361,1.);
#1361 = DIRECTION('',(0.,0.,1.));
#1362 = ORIENTED_EDGE('',*,*,#1363,.T.);
#1363 = EDGE_CURVE('',#1356,#1308,#1364,.T.);
#1364 = LINE('',#1365,#1366);
#1365 = CARTESIAN_POINT('',(12.1,-15.67431578065,4.));
#1366 = VECTOR('',#1367,1.);
#1367 = DIRECTION('',(0.866025403784,-0.5,0.));
#1368 = ORIENTED_EDGE('',*,*,#1307,.F.);
#1369 = PLANE('',#1370);
#1370 = AXIS2_PLACEMENT_3D('',#1371,#1372,#1373);
#1371 = CARTESIAN_POINT('',(12.1,-15.67431578065,-0.1));
#1372 = DIRECTION('',(0.5,0.866025403784,0.));
#1373 = DIRECTION('',(0.866025403784,-0.5,0.));
#1374 = ADVANCED_FACE('',(#1375),#1393,.T.);
#1375 = FACE_BOUND('',#1376,.T.);
#1376 = EDGE_LOOP('',(#1377,#1378,#1379,#1387));
#1377 = ORIENTED_EDGE('',*,*,#601,.F.);
#1378 = ORIENTED_EDGE('',*,*,#1340,.T.);
#1379 = ORIENTED_EDGE('',*,*,#1380,.T.);
#1380 = EDGE_CURVE('',#1333,#1381,#1383,.T.);
#1381 = VERTEX_POINT('',#1382);
#1382 = CARTESIAN_POINT('',(12.1,-12.32568421935,4.));
#1383 = LINE('',#1384,#1385);
#1384 = CARTESIAN_POINT('',(15.,-10.6513684387,4.));
#1385 = VECTOR('',#1386,1.);
#1386 = DIRECTION('',(-0.866025403784,-0.5,0.));
#1387 = ORIENTED_EDGE('',*,*,#1388,.F.);
#1388 = EDGE_CURVE('',#602,#1381,#1389,.T.);
#1389 = LINE('',#1390,#1391);
#1390 = CARTESIAN_POINT('',(12.1,-12.32568421935,-0.1));
#1391 = VECTOR('',#1392,1.);
#1392 = DIRECTION('',(0.,0.,1.));
#1393 = PLANE('',#1394);
#1394 = AXIS2_PLACEMENT_3D('',#1395,#1396,#1397);
#1395 = CARTESIAN_POINT('',(15.,-10.6513684387,-0.1));
#1396 = DIRECTION('',(0.5,-0.866025403784,0.));
#1397 = DIRECTION('',(-0.866025403784,-0.5,0.));
#1398 = ADVANCED_FACE('',(#1399),#1410,.T.);
#1399 = FACE_BOUND('',#1400,.T.);
#1400 = EDGE_LOOP('',(#1401,#1402,#1403,#1409));
#1401 = ORIENTED_EDGE('',*,*,#609,.F.);
#1402 = ORIENTED_EDGE('',*,*,#1388,.T.);
#1403 = ORIENTED_EDGE('',*,*,#1404,.T.);
#1404 = EDGE_CURVE('',#1381,#1356,#1405,.T.);
#1405 = LINE('',#1406,#1407);
#1406 = CARTESIAN_POINT('',(12.1,-12.32568421935,4.));
#1407 = VECTOR('',#1408,1.);
#1408 = DIRECTION('',(0.,-1.,0.));
#1409 = ORIENTED_EDGE('',*,*,#1355,.F.);
#1410 = PLANE('',#1411);
#1411 = AXIS2_PLACEMENT_3D('',#1412,#1413,#1414);
#1412 = CARTESIAN_POINT('',(12.1,-12.32568421935,-0.1));
#1413 = DIRECTION('',(1.,0.,0.));
#1414 = DIRECTION('',(0.,-1.,0.));
#1415 = ADVANCED_FACE('',(#1416),#1441,.T.);
#1416 = FACE_BOUND('',#1417,.T.);
#1417 = EDGE_LOOP('',(#1418,#1419,#1427,#1435));
#1418 = ORIENTED_EDGE('',*,*,#645,.F.);
#1419 = ORIENTED_EDGE('',*,*,#1420,.T.);
#1420 = EDGE_CURVE('',#646,#1421,#1423,.T.);
#1421 = VERTEX_POINT('',#1422);
#1422 = CARTESIAN_POINT('',(-12.1,-15.67431578065,4.));
#1423 = LINE('',#1424,#1425);
#1424 = CARTESIAN_POINT('',(-12.1,-15.67431578065,-0.1));
#1425 = VECTOR('',#1426,1.);
#1426 = DIRECTION('',(0.,0.,1.));
#1427 = ORIENTED_EDGE('',*,*,#1428,.T.);
#1428 = EDGE_CURVE('',#1421,#1429,#1431,.T.);
#1429 = VERTEX_POINT('',#1430);
#1430 = CARTESIAN_POINT('',(-12.1,-12.32568421935,4.));
#1431 = LINE('',#1432,#1433);
#1432 = CARTESIAN_POINT('',(-12.1,-15.67431578065,4.));
#1433 = VECTOR('',#1434,1.);
#1434 = DIRECTION('',(5.304724652093E-16,1.,0.));
#1435 = ORIENTED_EDGE('',*,*,#1436,.F.);
#1436 = EDGE_CURVE('',#648,#1429,#1437,.T.);
#1437 = LINE('',#1438,#1439);
#1438 = CARTESIAN_POINT('',(-12.1,-12.32568421935,-0.1));
#1439 = VECTOR('',#1440,1.);
#1440 = DIRECTION('',(0.,0.,1.));
#1441 = PLANE('',#1442);
#1442 = AXIS2_PLACEMENT_3D('',#1443,#1444,#1445);
#1443 = CARTESIAN_POINT('',(-12.1,-15.67431578065,-0.1));
#1444 = DIRECTION('',(-1.,5.304724652093E-16,0.));
#1445 = DIRECTION('',(5.304724652093E-16,1.,0.));
#1446 = ADVANCED_FACE('',(#1447),#1465,.T.);
#1447 = FACE_BOUND('',#1448,.T.);
#1448 = EDGE_LOOP('',(#1449,#1450,#1458,#1464));
#1449 = ORIENTED_EDGE('',*,*,#687,.F.);
#1450 = ORIENTED_EDGE('',*,*,#1451,.T.);
#1451 = EDGE_CURVE('',#680,#1452,#1454,.T.);
#1452 = VERTEX_POINT('',#1453);
#1453 = CARTESIAN_POINT('',(-15.,-17.3486315613,4.));
#1454 = LINE('',#1455,#1456);
#1455 = CARTESIAN_POINT('',(-15.,-17.3486315613,-0.1));
#1456 = VECTOR('',#1457,1.);
#1457 = DIRECTION('',(0.,0.,1.));
#1458 = ORIENTED_EDGE('',*,*,#1459,.T.);
#1459 = EDGE_CURVE('',#1452,#1421,#1460,.T.);
#1460 = LINE('',#1461,#1462);
#1461 = CARTESIAN_POINT('',(-15.,-17.3486315613,4.));
#1462 = VECTOR('',#1463,1.);
#1463 = DIRECTION('',(0.866025403784,0.5,0.));
#1464 = ORIENTED_EDGE('',*,*,#1420,.F.);
#1465 = PLANE('',#1466);
#1466 = AXIS2_PLACEMENT_3D('',#1467,#1468,#1469);
#1467 = CARTESIAN_POINT('',(-15.,-17.3486315613,-0.1));
#1468 = DIRECTION('',(-0.5,0.866025403784,0.));
#1469 = DIRECTION('',(0.866025403784,0.5,0.));
#1470 = ADVANCED_FACE('',(#1471),#1489,.T.);
#1471 = FACE_BOUND('',#1472,.T.);
#1472 = EDGE_LOOP('',(#1473,#1474,#1475,#1483));
#1473 = ORIENTED_EDGE('',*,*,#655,.F.);
#1474 = ORIENTED_EDGE('',*,*,#1436,.T.);
#1475 = ORIENTED_EDGE('',*,*,#1476,.T.);
#1476 = EDGE_CURVE('',#1429,#1477,#1479,.T.);
#1477 = VERTEX_POINT('',#1478);
#1478 = CARTESIAN_POINT('',(-15.,-10.6513684387,4.));
#1479 = LINE('',#1480,#1481);
#1480 = CARTESIAN_POINT('',(-12.1,-12.32568421935,4.));
#1481 = VECTOR('',#1482,1.);
#1482 = DIRECTION('',(-0.866025403784,0.5,0.));
#1483 = ORIENTED_EDGE('',*,*,#1484,.F.);
#1484 = EDGE_CURVE('',#656,#1477,#1485,.T.);
#1485 = LINE('',#1486,#1487);
#1486 = CARTESIAN_POINT('',(-15.,-10.6513684387,-0.1));
#1487 = VECTOR('',#1488,1.);
#1488 = DIRECTION('',(0.,0.,1.));
#1489 = PLANE('',#1490);
#1490 = AXIS2_PLACEMENT_3D('',#1491,#1492,#1493);
#1491 = CARTESIAN_POINT('',(-12.1,-12.32568421935,-0.1));
#1492 = DIRECTION('',(-0.5,-0.866025403784,0.));
#1493 = DIRECTION('',(-0.866025403784,0.5,0.));
#1494 = ADVANCED_FACE('',(#1495),#1513,.T.);
#1495 = FACE_BOUND('',#1496,.T.);
#1496 = EDGE_LOOP('',(#1497,#1498,#1506,#1512));
#1497 = ORIENTED_EDGE('',*,*,#679,.F.);
#1498 = ORIENTED_EDGE('',*,*,#1499,.T.);
#1499 = EDGE_CURVE('',#672,#1500,#1502,.T.);
#1500 = VERTEX_POINT('',#1501);
#1501 = CARTESIAN_POINT('',(-17.9,-15.67431578065,4.));
#1502 = LINE('',#1503,#1504);
#1503 = CARTESIAN_POINT('',(-17.9,-15.67431578065,-0.1));
#1504 = VECTOR('',#1505,1.);
#1505 = DIRECTION('',(0.,0.,1.));
#1506 = ORIENTED_EDGE('',*,*,#1507,.T.);
#1507 = EDGE_CURVE('',#1500,#1452,#1508,.T.);
#1508 = LINE('',#1509,#1510);
#1509 = CARTESIAN_POINT('',(-17.9,-15.67431578065,4.));
#1510 = VECTOR('',#1511,1.);
#1511 = DIRECTION('',(0.866025403784,-0.5,0.));
#1512 = ORIENTED_EDGE('',*,*,#1451,.F.);
#1513 = PLANE('',#1514);
#1514 = AXIS2_PLACEMENT_3D('',#1515,#1516,#1517);
#1515 = CARTESIAN_POINT('',(-17.9,-15.67431578065,-0.1));
#1516 = DIRECTION('',(0.5,0.866025403784,0.));
#1517 = DIRECTION('',(0.866025403784,-0.5,0.));
#1518 = ADVANCED_FACE('',(#1519),#1537,.T.);
#1519 = FACE_BOUND('',#1520,.T.);
#1520 = EDGE_LOOP('',(#1521,#1522,#1523,#1531));
#1521 = ORIENTED_EDGE('',*,*,#663,.F.);
#1522 = ORIENTED_EDGE('',*,*,#1484,.T.);
#1523 = ORIENTED_EDGE('',*,*,#1524,.T.);
#1524 = EDGE_CURVE('',#1477,#1525,#1527,.T.);
#1525 = VERTEX_POINT('',#1526);
#1526 = CARTESIAN_POINT('',(-17.9,-12.32568421935,4.));
#1527 = LINE('',#1528,#1529);
#1528 = CARTESIAN_POINT('',(-15.,-10.6513684387,4.));
#1529 = VECTOR('',#1530,1.);
#1530 = DIRECTION('',(-0.866025403784,-0.5,0.));
#1531 = ORIENTED_EDGE('',*,*,#1532,.F.);
#1532 = EDGE_CURVE('',#664,#1525,#1533,.T.);
#1533 = LINE('',#1534,#1535);
#1534 = CARTESIAN_POINT('',(-17.9,-12.32568421935,-0.1));
#1535 = VECTOR('',#1536,1.);
#1536 = DIRECTION('',(0.,0.,1.));
#1537 = PLANE('',#1538);
#1538 = AXIS2_PLACEMENT_3D('',#1539,#1540,#1541);
#1539 = CARTESIAN_POINT('',(-15.,-10.6513684387,-0.1));
#1540 = DIRECTION('',(0.5,-0.866025403784,0.));
#1541 = DIRECTION('',(-0.866025403784,-0.5,0.));
#1542 = ADVANCED_FACE('',(#1543),#1554,.T.);
#1543 = FACE_BOUND('',#1544,.T.);
#1544 = EDGE_LOOP('',(#1545,#1546,#1547,#1553));
#1545 = ORIENTED_EDGE('',*,*,#671,.F.);
#1546 = ORIENTED_EDGE('',*,*,#1532,.T.);
#1547 = ORIENTED_EDGE('',*,*,#1548,.T.);
#1548 = EDGE_CURVE('',#1525,#1500,#1549,.T.);
#1549 = LINE('',#1550,#1551);
#1550 = CARTESIAN_POINT('',(-17.9,-12.32568421935,4.));
#1551 = VECTOR('',#1552,1.);
#1552 = DIRECTION('',(0.,-1.,0.));
#1553 = ORIENTED_EDGE('',*,*,#1499,.F.);
#1554 = PLANE('',#1555);
#1555 = AXIS2_PLACEMENT_3D('',#1556,#1557,#1558);
#1556 = CARTESIAN_POINT('',(-17.9,-12.32568421935,-0.1));
#1557 = DIRECTION('',(1.,0.,0.));
#1558 = DIRECTION('',(0.,-1.,0.));
#1559 = ADVANCED_FACE('',(#1560),#1579,.F.);
#1560 = FACE_BOUND('',#1561,.F.);
#1561 = EDGE_LOOP('',(#1562,#1571,#1577,#1578));
#1562 = ORIENTED_EDGE('',*,*,#1563,.F.);
#1563 = EDGE_CURVE('',#1564,#1564,#1566,.T.);
#1564 = VERTEX_POINT('',#1565);
#1565 = CARTESIAN_POINT('',(3.25,25.,5.5));
#1566 = CIRCLE('',#1567,3.25);
#1567 = AXIS2_PLACEMENT_3D('',#1568,#1569,#1570);
#1568 = CARTESIAN_POINT('',(0.,25.,5.5));
#1569 = DIRECTION('',(0.,0.,1.));
#1570 = DIRECTION('',(1.,0.,0.));
#1571 = ORIENTED_EDGE('',*,*,#1572,.F.);
#1572 = EDGE_CURVE('',#702,#1564,#1573,.T.);
#1573 = LINE('',#1574,#1575);
#1574 = CARTESIAN_POINT('',(3.25,25.,-0.1));
#1575 = VECTOR('',#1576,1.);
#1576 = DIRECTION('',(0.,0.,1.));
#1577 = ORIENTED_EDGE('',*,*,#701,.T.);
#1578 = ORIENTED_EDGE('',*,*,#1572,.T.);
#1579 = CYLINDRICAL_SURFACE('',#1580,3.25);
#1580 = AXIS2_PLACEMENT_3D('',#1581,#1582,#1583);
#1581 = CARTESIAN_POINT('',(0.,25.,-0.1));
#1582 = DIRECTION('',(0.,0.,1.));
#1583 = DIRECTION('',(1.,0.,0.));
#1584 = ADVANCED_FACE('',(#1585,#1666,#1677,#1688,#1691),#1694,.T.);
#1585 = FACE_BOUND('',#1586,.T.);
#1586 = EDGE_LOOP('',(#1587,#1598,#1605,#1606,#1615,#1622,#1623,#1632,
    #1641,#1650,#1659));
#1587 = ORIENTED_EDGE('',*,*,#1588,.T.);
#1588 = EDGE_CURVE('',#1589,#1591,#1593,.T.);
#1589 = VERTEX_POINT('',#1590);
#1590 = CARTESIAN_POINT('',(16.004857279357,-9.767652914974,5.5));
#1591 = VERTEX_POINT('',#1592);
#1592 = CARTESIAN_POINT('',(18.75,0.,5.5));
#1593 = CIRCLE('',#1594,18.75);
#1594 = AXIS2_PLACEMENT_3D('',#1595,#1596,#1597);
#1595 = CARTESIAN_POINT('',(0.,0.,5.5));
#1596 = DIRECTION('',(0.,0.,1.));
#1597 = DIRECTION('',(1.,0.,0.));
#1598 = ORIENTED_EDGE('',*,*,#1599,.T.);
#1599 = EDGE_CURVE('',#1591,#906,#1600,.T.);
#1600 = CIRCLE('',#1601,18.75);
#1601 = AXIS2_PLACEMENT_3D('',#1602,#1603,#1604);
#1602 = CARTESIAN_POINT('',(0.,0.,5.5));
#1603 = DIRECTION('',(0.,0.,1.));
#1604 = DIRECTION('',(1.,0.,0.));
#1605 = ORIENTED_EDGE('',*,*,#928,.T.);
#1606 = ORIENTED_EDGE('',*,*,#1607,.T.);
#1607 = EDGE_CURVE('',#929,#1608,#1610,.T.);
#1608 = VERTEX_POINT('',#1609);
#1609 = CARTESIAN_POINT('',(6.05,25.,5.5));
#1610 = CIRCLE('',#1611,6.05);
#1611 = AXIS2_PLACEMENT_3D('',#1612,#1613,#1614);
#1612 = CARTESIAN_POINT('',(0.,25.,5.5));
#1613 = DIRECTION('',(0.,0.,1.));
#1614 = DIRECTION('',(1.,0.,0.));
#1615 = ORIENTED_EDGE('',*,*,#1616,.T.);
#1616 = EDGE_CURVE('',#1608,#1203,#1617,.T.);
#1617 = CIRCLE('',#1618,6.05);
#1618 = AXIS2_PLACEMENT_3D('',#1619,#1620,#1621);
#1619 = CARTESIAN_POINT('',(0.,25.,5.5));
#1620 = DIRECTION('',(0.,0.,1.));
#1621 = DIRECTION('',(1.,0.,0.));
#1622 = ORIENTED_EDGE('',*,*,#1229,.T.);
#1623 = ORIENTED_EDGE('',*,*,#1624,.T.);
#1624 = EDGE_CURVE('',#1230,#1625,#1627,.T.);
#1625 = VERTEX_POINT('',#1626);
#1626 = CARTESIAN_POINT('',(-16.00485727935,-9.767652914975,5.5));
#1627 = CIRCLE('',#1628,18.75);
#1628 = AXIS2_PLACEMENT_3D('',#1629,#1630,#1631);
#1629 = CARTESIAN_POINT('',(0.,0.,5.5));
#1630 = DIRECTION('',(0.,0.,1.));
#1631 = DIRECTION('',(1.,0.,0.));
#1632 = ORIENTED_EDGE('',*,*,#1633,.T.);
#1633 = EDGE_CURVE('',#1625,#1634,#1636,.T.);
#1634 = VERTEX_POINT('',#1635);
#1635 = CARTESIAN_POINT('',(-10.84692419332,-15.29400979286,5.5));
#1636 = CIRCLE('',#1637,4.35);
#1637 = AXIS2_PLACEMENT_3D('',#1638,#1639,#1640);
#1638 = CARTESIAN_POINT('',(-15.,-14.,5.5));
#1639 = DIRECTION('',(0.,0.,1.));
#1640 = DIRECTION('',(1.,0.,0.));
#1641 = ORIENTED_EDGE('',*,*,#1642,.T.);
#1642 = EDGE_CURVE('',#1634,#1643,#1645,.T.);
#1643 = VERTEX_POINT('',#1644);
#1644 = CARTESIAN_POINT('',(10.846924193327,-15.29400979286,5.5));
#1645 = CIRCLE('',#1646,18.75);
#1646 = AXIS2_PLACEMENT_3D('',#1647,#1648,#1649);
#1647 = CARTESIAN_POINT('',(0.,0.,5.5));
#1648 = DIRECTION('',(0.,0.,1.));
#1649 = DIRECTION('',(1.,0.,0.));
#1650 = ORIENTED_EDGE('',*,*,#1651,.T.);
#1651 = EDGE_CURVE('',#1643,#1652,#1654,.T.);
#1652 = VERTEX_POINT('',#1653);
#1653 = CARTESIAN_POINT('',(19.35,-14.,5.5));
#1654 = CIRCLE('',#1655,4.35);
#1655 = AXIS2_PLACEMENT_3D('',#1656,#1657,#1658);
#1656 = CARTESIAN_POINT('',(15.,-14.,5.5));
#1657 = DIRECTION('',(0.,0.,1.));
#1658 = DIRECTION('',(1.,0.,0.));
#1659 = ORIENTED_EDGE('',*,*,#1660,.T.);
#1660 = EDGE_CURVE('',#1652,#1589,#1661,.T.);
#1661 = CIRCLE('',#1662,4.35);
#1662 = AXIS2_PLACEMENT_3D('',#1663,#1664,#1665);
#1663 = CARTESIAN_POINT('',(15.,-14.,5.5));
#1664 = DIRECTION('',(0.,0.,1.));
#1665 = DIRECTION('',(1.,0.,0.));
#1666 = FACE_BOUND('',#1667,.T.);
#1667 = EDGE_LOOP('',(#1668));
#1668 = ORIENTED_EDGE('',*,*,#1669,.F.);
#1669 = EDGE_CURVE('',#1670,#1670,#1672,.T.);
#1670 = VERTEX_POINT('',#1671);
#1671 = CARTESIAN_POINT('',(-13.3,-14.,5.5));
#1672 = CIRCLE('',#1673,1.7);
#1673 = AXIS2_PLACEMENT_3D('',#1674,#1675,#1676);
#1674 = CARTESIAN_POINT('',(-15.,-14.,5.5));
#1675 = DIRECTION('',(0.,0.,1.));
#1676 = DIRECTION('',(1.,0.,0.));
#1677 = FACE_BOUND('',#1678,.T.);
#1678 = EDGE_LOOP('',(#1679));
#1679 = ORIENTED_EDGE('',*,*,#1680,.F.);
#1680 = EDGE_CURVE('',#1681,#1681,#1683,.T.);
#1681 = VERTEX_POINT('',#1682);
#1682 = CARTESIAN_POINT('',(16.7,-14.,5.5));
#1683 = CIRCLE('',#1684,1.7);
#1684 = AXIS2_PLACEMENT_3D('',#1685,#1686,#1687);
#1685 = CARTESIAN_POINT('',(15.,-14.,5.5));
#1686 = DIRECTION('',(0.,0.,1.));
#1687 = DIRECTION('',(1.,0.,0.));
#1688 = FACE_BOUND('',#1689,.T.);
#1689 = EDGE_LOOP('',(#1690));
#1690 = ORIENTED_EDGE('',*,*,#727,.F.);
#1691 = FACE_BOUND('',#1692,.T.);
#1692 = EDGE_LOOP('',(#1693));
#1693 = ORIENTED_EDGE('',*,*,#1563,.F.);
#1694 = PLANE('',#1695);
#1695 = AXIS2_PLACEMENT_3D('',#1696,#1697,#1698);
#1696 = CARTESIAN_POINT('',(0.212724845925,1.578919062313,5.5));
#1697 = DIRECTION('',(0.,0.,1.));
#1698 = DIRECTION('',(1.,0.,0.));
#1699 = ADVANCED_FACE('',(#1700),#1729,.T.);
#1700 = FACE_BOUND('',#1701,.T.);
#1701 = EDGE_LOOP('',(#1702,#1703,#1704,#1713,#1722,#1728));
#1702 = ORIENTED_EDGE('',*,*,#817,.T.);
#1703 = ORIENTED_EDGE('',*,*,#897,.T.);
#1704 = ORIENTED_EDGE('',*,*,#1705,.F.);
#1705 = EDGE_CURVE('',#1706,#898,#1708,.T.);
#1706 = VERTEX_POINT('',#1707);
#1707 = CARTESIAN_POINT('',(19.2,0.,5.05));
#1708 = CIRCLE('',#1709,19.2);
#1709 = AXIS2_PLACEMENT_3D('',#1710,#1711,#1712);
#1710 = CARTESIAN_POINT('',(0.,0.,5.05));
#1711 = DIRECTION('',(0.,0.,1.));
#1712 = DIRECTION('',(1.,0.,0.));
#1713 = ORIENTED_EDGE('',*,*,#1714,.F.);
#1714 = EDGE_CURVE('',#1715,#1706,#1717,.T.);
#1715 = VERTEX_POINT('',#1716);
#1716 = CARTESIAN_POINT('',(16.682450177007,-9.504517667492,5.05));
#1717 = CIRCLE('',#1718,19.2);
#1718 = AXIS2_PLACEMENT_3D('',#1719,#1720,#1721);
#1719 = CARTESIAN_POINT('',(0.,0.,5.05));
#1720 = DIRECTION('',(0.,0.,1.));
#1721 = DIRECTION('',(1.,0.,0.));
#1722 = ORIENTED_EDGE('',*,*,#1723,.F.);
#1723 = EDGE_CURVE('',#744,#1715,#1724,.T.);
#1724 = LINE('',#1725,#1726);
#1725 = CARTESIAN_POINT('',(16.682450177007,-9.504517667492,0.));
#1726 = VECTOR('',#1727,1.);
#1727 = DIRECTION('',(0.,0.,1.));
#1728 = ORIENTED_EDGE('',*,*,#743,.T.);
#1729 = CYLINDRICAL_SURFACE('',#1730,19.2);
#1730 = AXIS2_PLACEMENT_3D('',#1731,#1732,#1733);
#1731 = CARTESIAN_POINT('',(0.,0.,0.));
#1732 = DIRECTION('',(0.,0.,1.));
#1733 = DIRECTION('',(1.,0.,0.));
#1734 = ADVANCED_FACE('',(#1735),#1764,.T.);
#1735 = FACE_BOUND('',#1736,.T.);
#1736 = EDGE_LOOP('',(#1737,#1748,#1754,#1755,#1756,#1757));
#1737 = ORIENTED_EDGE('',*,*,#1738,.F.);
#1738 = EDGE_CURVE('',#1739,#1741,#1743,.T.);
#1739 = VERTEX_POINT('',#1740);
#1740 = CARTESIAN_POINT('',(10.631089015392,-15.98811891208,5.05));
#1741 = VERTEX_POINT('',#1742);
#1742 = CARTESIAN_POINT('',(19.8,-14.,5.05));
#1743 = CIRCLE('',#1744,4.8);
#1744 = AXIS2_PLACEMENT_3D('',#1745,#1746,#1747);
#1745 = CARTESIAN_POINT('',(15.,-14.,5.05));
#1746 = DIRECTION('',(0.,0.,1.));
#1747 = DIRECTION('',(1.,0.,0.));
#1748 = ORIENTED_EDGE('',*,*,#1749,.F.);
#1749 = EDGE_CURVE('',#857,#1739,#1750,.T.);
#1750 = LINE('',#1751,#1752);
#1751 = CARTESIAN_POINT('',(10.631089015392,-15.98811891208,0.));
#1752 = VECTOR('',#1753,1.);
#1753 = DIRECTION('',(0.,0.,1.));
#1754 = ORIENTED_EDGE('',*,*,#856,.T.);
#1755 = ORIENTED_EDGE('',*,*,#800,.T.);
#1756 = ORIENTED_EDGE('',*,*,#1723,.T.);
#1757 = ORIENTED_EDGE('',*,*,#1758,.F.);
#1758 = EDGE_CURVE('',#1741,#1715,#1759,.T.);
#1759 = CIRCLE('',#1760,4.8);
#1760 = AXIS2_PLACEMENT_3D('',#1761,#1762,#1763);
#1761 = CARTESIAN_POINT('',(15.,-14.,5.05));
#1762 = DIRECTION('',(0.,0.,1.));
#1763 = DIRECTION('',(1.,0.,0.));
#1764 = CYLINDRICAL_SURFACE('',#1765,4.8);
#1765 = AXIS2_PLACEMENT_3D('',#1766,#1767,#1768);
#1766 = CARTESIAN_POINT('',(15.,-14.,0.));
#1767 = DIRECTION('',(0.,0.,1.));
#1768 = DIRECTION('',(1.,0.,0.));
#1769 = ADVANCED_FACE('',(#1770),#1792,.T.);
#1770 = FACE_BOUND('',#1771,.T.);
#1771 = EDGE_LOOP('',(#1772,#1773,#1774,#1783,#1790,#1791));
#1772 = ORIENTED_EDGE('',*,*,#1109,.T.);
#1773 = ORIENTED_EDGE('',*,*,#1194,.T.);
#1774 = ORIENTED_EDGE('',*,*,#1775,.F.);
#1775 = EDGE_CURVE('',#1776,#1195,#1778,.T.);
#1776 = VERTEX_POINT('',#1777);
#1777 = CARTESIAN_POINT('',(6.5,25.,5.05));
#1778 = CIRCLE('',#1779,6.5);
#1779 = AXIS2_PLACEMENT_3D('',#1780,#1781,#1782);
#1780 = CARTESIAN_POINT('',(0.,25.,5.05));
#1781 = DIRECTION('',(0.,0.,1.));
#1782 = DIRECTION('',(1.,0.,0.));
#1783 = ORIENTED_EDGE('',*,*,#1784,.F.);
#1784 = EDGE_CURVE('',#937,#1776,#1785,.T.);
#1785 = CIRCLE('',#1786,6.5);
#1786 = AXIS2_PLACEMENT_3D('',#1787,#1788,#1789);
#1787 = CARTESIAN_POINT('',(0.,25.,5.05));
#1788 = DIRECTION('',(0.,0.,1.));
#1789 = DIRECTION('',(1.,0.,0.));
#1790 = ORIENTED_EDGE('',*,*,#963,.F.);
#1791 = ORIENTED_EDGE('',*,*,#1043,.T.);
#1792 = CYLINDRICAL_SURFACE('',#1793,6.5);
#1793 = AXIS2_PLACEMENT_3D('',#1794,#1795,#1796);
#1794 = CARTESIAN_POINT('',(0.,25.,0.));
#1795 = DIRECTION('',(0.,0.,1.));
#1796 = DIRECTION('',(1.,0.,0.));
#1797 = ADVANCED_FACE('',(#1798),#1810,.T.);
#1798 = FACE_BOUND('',#1799,.T.);
#1799 = EDGE_LOOP('',(#1800,#1801,#1808,#1809));
#1800 = ORIENTED_EDGE('',*,*,#1784,.T.);
#1801 = ORIENTED_EDGE('',*,*,#1802,.T.);
#1802 = EDGE_CURVE('',#1776,#1608,#1803,.T.);
#1803 = CIRCLE('',#1804,0.45);
#1804 = AXIS2_PLACEMENT_3D('',#1805,#1806,#1807);
#1805 = CARTESIAN_POINT('',(6.05,25.,5.05));
#1806 = DIRECTION('',(0.,-1.,0.));
#1807 = DIRECTION('',(1.,0.,0.));
#1808 = ORIENTED_EDGE('',*,*,#1607,.F.);
#1809 = ORIENTED_EDGE('',*,*,#936,.F.);
#1810 = TOROIDAL_SURFACE('',#1811,6.05,0.45);
#1811 = AXIS2_PLACEMENT_3D('',#1812,#1813,#1814);
#1812 = CARTESIAN_POINT('',(0.,25.,5.05));
#1813 = DIRECTION('',(0.,0.,1.));
#1814 = DIRECTION('',(1.,0.,0.));
#1815 = ADVANCED_FACE('',(#1816),#1828,.T.);
#1816 = FACE_BOUND('',#1817,.T.);
#1817 = EDGE_LOOP('',(#1818,#1825,#1826,#1827));
#1818 = ORIENTED_EDGE('',*,*,#1819,.F.);
#1819 = EDGE_CURVE('',#1706,#1591,#1820,.T.);
#1820 = CIRCLE('',#1821,0.45);
#1821 = AXIS2_PLACEMENT_3D('',#1822,#1823,#1824);
#1822 = CARTESIAN_POINT('',(18.75,0.,5.05));
#1823 = DIRECTION('',(0.,-1.,0.));
#1824 = DIRECTION('',(1.,0.,0.));
#1825 = ORIENTED_EDGE('',*,*,#1705,.T.);
#1826 = ORIENTED_EDGE('',*,*,#905,.T.);
#1827 = ORIENTED_EDGE('',*,*,#1599,.F.);
#1828 = TOROIDAL_SURFACE('',#1829,18.75,0.45);
#1829 = AXIS2_PLACEMENT_3D('',#1830,#1831,#1832);
#1830 = CARTESIAN_POINT('',(0.,0.,5.05));
#1831 = DIRECTION('',(0.,0.,1.));
#1832 = DIRECTION('',(1.,0.,0.));
#1833 = ADVANCED_FACE('',(#1834),#1853,.T.);
#1834 = FACE_BOUND('',#1835,.T.);
#1835 = EDGE_LOOP('',(#1836,#1837,#1838,#1847));
#1836 = ORIENTED_EDGE('',*,*,#1004,.T.);
#1837 = ORIENTED_EDGE('',*,*,#1749,.T.);
#1838 = ORIENTED_EDGE('',*,*,#1839,.F.);
#1839 = EDGE_CURVE('',#1840,#1739,#1842,.T.);
#1840 = VERTEX_POINT('',#1841);
#1841 = CARTESIAN_POINT('',(-10.63108901539,-15.98811891208,5.05));
#1842 = CIRCLE('',#1843,19.2);
#1843 = AXIS2_PLACEMENT_3D('',#1844,#1845,#1846);
#1844 = CARTESIAN_POINT('',(0.,0.,5.05));
#1845 = DIRECTION('',(0.,0.,1.));
#1846 = DIRECTION('',(1.,0.,0.));
#1847 = ORIENTED_EDGE('',*,*,#1848,.F.);
#1848 = EDGE_CURVE('',#1005,#1840,#1849,.T.);
#1849 = LINE('',#1850,#1851);
#1850 = CARTESIAN_POINT('',(-10.63108901539,-15.98811891208,0.));
#1851 = VECTOR('',#1852,1.);
#1852 = DIRECTION('',(0.,0.,1.));
#1853 = CYLINDRICAL_SURFACE('',#1854,19.2);
#1854 = AXIS2_PLACEMENT_3D('',#1855,#1856,#1857);
#1855 = CARTESIAN_POINT('',(0.,0.,0.));
#1856 = DIRECTION('',(0.,0.,1.));
#1857 = DIRECTION('',(1.,0.,0.));
#1858 = ADVANCED_FACE('',(#1859),#1878,.T.);
#1859 = FACE_BOUND('',#1860,.T.);
#1860 = EDGE_LOOP('',(#1861,#1869,#1870,#1871));
#1861 = ORIENTED_EDGE('',*,*,#1862,.F.);
#1862 = EDGE_CURVE('',#1070,#1863,#1865,.T.);
#1863 = VERTEX_POINT('',#1864);
#1864 = CARTESIAN_POINT('',(-16.682450177,-9.504517667492,5.05));
#1865 = LINE('',#1866,#1867);
#1866 = CARTESIAN_POINT('',(-16.682450177,-9.504517667492,0.));
#1867 = VECTOR('',#1868,1.);
#1868 = DIRECTION('',(0.,0.,1.));
#1869 = ORIENTED_EDGE('',*,*,#1091,.T.);
#1870 = ORIENTED_EDGE('',*,*,#1848,.T.);
#1871 = ORIENTED_EDGE('',*,*,#1872,.F.);
#1872 = EDGE_CURVE('',#1863,#1840,#1873,.T.);
#1873 = CIRCLE('',#1874,4.8);
#1874 = AXIS2_PLACEMENT_3D('',#1875,#1876,#1877);
#1875 = CARTESIAN_POINT('',(-15.,-14.,5.05));
#1876 = DIRECTION('',(0.,0.,1.));
#1877 = DIRECTION('',(1.,0.,0.));
#1878 = CYLINDRICAL_SURFACE('',#1879,4.8);
#1879 = AXIS2_PLACEMENT_3D('',#1880,#1881,#1882);
#1880 = CARTESIAN_POINT('',(-15.,-14.,0.));
#1881 = DIRECTION('',(0.,0.,1.));
#1882 = DIRECTION('',(1.,0.,0.));
#1883 = ADVANCED_FACE('',(#1884),#1896,.T.);
#1884 = FACE_BOUND('',#1885,.T.);
#1885 = EDGE_LOOP('',(#1886,#1887,#1888,#1895));
#1886 = ORIENTED_EDGE('',*,*,#1176,.T.);
#1887 = ORIENTED_EDGE('',*,*,#1862,.T.);
#1888 = ORIENTED_EDGE('',*,*,#1889,.F.);
#1889 = EDGE_CURVE('',#1238,#1863,#1890,.T.);
#1890 = CIRCLE('',#1891,19.2);
#1891 = AXIS2_PLACEMENT_3D('',#1892,#1893,#1894);
#1892 = CARTESIAN_POINT('',(0.,0.,5.05));
#1893 = DIRECTION('',(0.,0.,1.));
#1894 = DIRECTION('',(1.,0.,0.));
#1895 = ORIENTED_EDGE('',*,*,#1260,.F.);
#1896 = CYLINDRICAL_SURFACE('',#1897,19.2);
#1897 = AXIS2_PLACEMENT_3D('',#1898,#1899,#1900);
#1898 = CARTESIAN_POINT('',(0.,0.,0.));
#1899 = DIRECTION('',(0.,0.,1.));
#1900 = DIRECTION('',(1.,0.,0.));
#1901 = ADVANCED_FACE('',(#1902),#1927,.T.);
#1902 = FACE_BOUND('',#1903,.T.);
#1903 = EDGE_LOOP('',(#1904,#1905,#1906,#1907));
#1904 = ORIENTED_EDGE('',*,*,#1624,.F.);
#1905 = ORIENTED_EDGE('',*,*,#1237,.F.);
#1906 = ORIENTED_EDGE('',*,*,#1889,.T.);
#1907 = ORIENTED_EDGE('',*,*,#1908,.T.);
#1908 = EDGE_CURVE('',#1863,#1625,#1909,.T.);
#1909 = B_SPLINE_CURVE_WITH_KNOTS('',6,(#1910,#1911,#1912,#1913,#1914,
    #1915,#1916,#1917,#1918,#1919,#1920,#1921,#1922,#1923,#1924,#1925,
    #1926),.UNSPECIFIED.,.F.,.F.,(7,5,5,7),(0.,0.278214844974,
    0.562029413396,1.),.UNSPECIFIED.);
#1910 = CARTESIAN_POINT('',(-16.682450177,-9.504517667492,5.05));
#1911 = CARTESIAN_POINT('',(-16.682450177,-9.504517667492,5.084045010543
    ));
#1912 = CARTESIAN_POINT('',(-16.6779684063,-9.506140560525,
    5.118092401129));
#1913 = CARTESIAN_POINT('',(-16.669003335,-9.509386531622,5.151738829719
    ));
#1914 = CARTESIAN_POINT('',(-16.65566195393,-9.514228377456,
    5.184592091235));
#1915 = CARTESIAN_POINT('',(-16.63814194201,-9.520615195873,
    5.216291244942));
#1916 = CARTESIAN_POINT('',(-16.59485443434,-9.536495173548,
    5.277370798715));
#1917 = CARTESIAN_POINT('',(-16.56892574409,-9.546049026569,
    5.306694503313));
#1918 = CARTESIAN_POINT('',(-16.53921220299,-9.557063082999,
    5.334169620054));
#1919 = CARTESIAN_POINT('',(-16.50606274239,-9.569445390841,
    5.359533371461));
#1920 = CARTESIAN_POINT('',(-16.46986204151,-9.583092131704,
    5.382585329764));
#1921 = CARTESIAN_POINT('',(-16.37103428563,-9.620733465246,
    5.434971777527));
#1922 = CARTESIAN_POINT('',(-16.30473542958,-9.646321801884,
    5.46091665704));
#1923 = CARTESIAN_POINT('',(-16.23353614282,-9.67425708825,
    5.480503621147));
#1924 = CARTESIAN_POINT('',(-16.15891061828,-9.704102819949,
    5.493531667398));
#1925 = CARTESIAN_POINT('',(-16.0822353279,-9.735405080445,5.50000003075
    ));
#1926 = CARTESIAN_POINT('',(-16.00485727933,-9.767652915016,5.5));
#1927 = TOROIDAL_SURFACE('',#1928,18.75,0.45);
#1928 = AXIS2_PLACEMENT_3D('',#1929,#1930,#1931);
#1929 = CARTESIAN_POINT('',(0.,0.,5.05));
#1930 = DIRECTION('',(0.,0.,1.));
#1931 = DIRECTION('',(1.,0.,0.));
#1932 = ADVANCED_FACE('',(#1933),#1939,.T.);
#1933 = FACE_BOUND('',#1934,.T.);
#1934 = EDGE_LOOP('',(#1935,#1936,#1937,#1938));
#1935 = ORIENTED_EDGE('',*,*,#1802,.F.);
#1936 = ORIENTED_EDGE('',*,*,#1775,.T.);
#1937 = ORIENTED_EDGE('',*,*,#1202,.T.);
#1938 = ORIENTED_EDGE('',*,*,#1616,.F.);
#1939 = TOROIDAL_SURFACE('',#1940,6.05,0.45);
#1940 = AXIS2_PLACEMENT_3D('',#1941,#1942,#1943);
#1941 = CARTESIAN_POINT('',(0.,25.,5.05));
#1942 = DIRECTION('',(0.,0.,1.));
#1943 = DIRECTION('',(1.,0.,0.));
#1944 = ADVANCED_FACE('',(#1945,#1953),#1964,.F.);
#1945 = FACE_BOUND('',#1946,.F.);
#1946 = EDGE_LOOP('',(#1947,#1948,#1949,#1950,#1951,#1952));
#1947 = ORIENTED_EDGE('',*,*,#1332,.T.);
#1948 = ORIENTED_EDGE('',*,*,#1380,.T.);
#1949 = ORIENTED_EDGE('',*,*,#1404,.T.);
#1950 = ORIENTED_EDGE('',*,*,#1363,.T.);
#1951 = ORIENTED_EDGE('',*,*,#1315,.T.);
#1952 = ORIENTED_EDGE('',*,*,#1284,.T.);
#1953 = FACE_BOUND('',#1954,.F.);
#1954 = EDGE_LOOP('',(#1955));
#1955 = ORIENTED_EDGE('',*,*,#1956,.F.);
#1956 = EDGE_CURVE('',#1957,#1957,#1959,.T.);
#1957 = VERTEX_POINT('',#1958);
#1958 = CARTESIAN_POINT('',(16.7,-14.,4.));
#1959 = CIRCLE('',#1960,1.7);
#1960 = AXIS2_PLACEMENT_3D('',#1961,#1962,#1963);
#1961 = CARTESIAN_POINT('',(15.,-14.,4.));
#1962 = DIRECTION('',(0.,0.,1.));
#1963 = DIRECTION('',(1.,0.,0.));
#1964 = PLANE('',#1965);
#1965 = AXIS2_PLACEMENT_3D('',#1966,#1967,#1968);
#1966 = CARTESIAN_POINT('',(15.,-14.,4.));
#1967 = DIRECTION('',(0.,0.,1.));
#1968 = DIRECTION('',(1.,0.,0.));
#1969 = ADVANCED_FACE('',(#1970,#1978),#1989,.F.);
#1970 = FACE_BOUND('',#1971,.F.);
#1971 = EDGE_LOOP('',(#1972,#1973,#1974,#1975,#1976,#1977));
#1972 = ORIENTED_EDGE('',*,*,#1476,.T.);
#1973 = ORIENTED_EDGE('',*,*,#1524,.T.);
#1974 = ORIENTED_EDGE('',*,*,#1548,.T.);
#1975 = ORIENTED_EDGE('',*,*,#1507,.T.);
#1976 = ORIENTED_EDGE('',*,*,#1459,.T.);
#1977 = ORIENTED_EDGE('',*,*,#1428,.T.);
#1978 = FACE_BOUND('',#1979,.F.);
#1979 = EDGE_LOOP('',(#1980));
#1980 = ORIENTED_EDGE('',*,*,#1981,.F.);
#1981 = EDGE_CURVE('',#1982,#1982,#1984,.T.);
#1982 = VERTEX_POINT('',#1983);
#1983 = CARTESIAN_POINT('',(-13.3,-14.,4.));
#1984 = CIRCLE('',#1985,1.7);
#1985 = AXIS2_PLACEMENT_3D('',#1986,#1987,#1988);
#1986 = CARTESIAN_POINT('',(-15.,-14.,4.));
#1987 = DIRECTION('',(0.,0.,1.));
#1988 = DIRECTION('',(1.,0.,0.));
#1989 = PLANE('',#1990);
#1990 = AXIS2_PLACEMENT_3D('',#1991,#1992,#1993);
#1991 = CARTESIAN_POINT('',(-15.,-14.,4.));
#1992 = DIRECTION('',(0.,0.,1.));
#1993 = DIRECTION('',(1.,0.,0.));
#1994 = ADVANCED_FACE('',(#1995),#2020,.T.);
#1995 = FACE_BOUND('',#1996,.T.);
#1996 = EDGE_LOOP('',(#1997,#1998,#1999,#2000));
#1997 = ORIENTED_EDGE('',*,*,#1714,.T.);
#1998 = ORIENTED_EDGE('',*,*,#1819,.T.);
#1999 = ORIENTED_EDGE('',*,*,#1588,.F.);
#2000 = ORIENTED_EDGE('',*,*,#2001,.T.);
#2001 = EDGE_CURVE('',#1589,#1715,#2002,.T.);
#2002 = B_SPLINE_CURVE_WITH_KNOTS('',6,(#2003,#2004,#2005,#2006,#2007,
    #2008,#2009,#2010,#2011,#2012,#2013,#2014,#2015,#2016,#2017,#2018,
    #2019),.UNSPECIFIED.,.F.,.F.,(7,5,5,7),(0.,0.437362900733,
    0.719315603253,1.),.UNSPECIFIED.);
#2003 = CARTESIAN_POINT('',(16.004857279373,-9.767652914949,5.5));
#2004 = CARTESIAN_POINT('',(16.0821280505,-9.735449789082,5.500000031102
    ));
#2005 = CARTESIAN_POINT('',(16.158697901781,-9.704189662482,
    5.493549589347));
#2006 = CARTESIAN_POINT('',(16.233225590747,-9.674381293311,
    5.480557805627));
#2007 = CARTESIAN_POINT('',(16.304340410316,-9.646476795234,
    5.461025246817));
#2008 = CARTESIAN_POINT('',(16.370574463613,-9.620910944617,
    5.435151557716));
#2009 = CARTESIAN_POINT('',(16.469136164182,-9.583367107924,
    5.383010898838));
#2010 = CARTESIAN_POINT('',(16.505148229219,-9.56978919286,
    5.360151063829));
#2011 = CARTESIAN_POINT('',(16.538154751911,-9.557457570891,
    5.335007233515));
#2012 = CARTESIAN_POINT('',(16.567778414598,-9.546474118386,
    5.307775079586));
#2013 = CARTESIAN_POINT('',(16.593676367091,-9.536929229898,
    5.278711009444));
#2014 = CARTESIAN_POINT('',(16.637361129451,-9.520899856895,
    5.217697148798));
#2015 = CARTESIAN_POINT('',(16.655186193822,-9.514401040457,
    5.18575814114));
#2016 = CARTESIAN_POINT('',(16.668763534355,-9.509473354404,
    5.152634710941));
#2017 = CARTESIAN_POINT('',(16.677888497052,-9.5061694989,5.118696853186
    ));
#2018 = CARTESIAN_POINT('',(16.682450177007,-9.504517667492,
    5.084347185531));
#2019 = CARTESIAN_POINT('',(16.682450177007,-9.504517667492,5.05));
#2020 = TOROIDAL_SURFACE('',#2021,18.75,0.45);
#2021 = AXIS2_PLACEMENT_3D('',#2022,#2023,#2024);
#2022 = CARTESIAN_POINT('',(0.,0.,5.05));
#2023 = DIRECTION('',(0.,0.,1.));
#2024 = DIRECTION('',(1.,0.,0.));
#2025 = ADVANCED_FACE('',(#2026),#2038,.T.);
#2026 = FACE_BOUND('',#2027,.T.);
#2027 = EDGE_LOOP('',(#2028,#2029,#2036,#2037));
#2028 = ORIENTED_EDGE('',*,*,#1660,.F.);
#2029 = ORIENTED_EDGE('',*,*,#2030,.F.);
#2030 = EDGE_CURVE('',#1741,#1652,#2031,.T.);
#2031 = CIRCLE('',#2032,0.45);
#2032 = AXIS2_PLACEMENT_3D('',#2033,#2034,#2035);
#2033 = CARTESIAN_POINT('',(19.35,-14.,5.05));
#2034 = DIRECTION('',(0.,-1.,0.));
#2035 = DIRECTION('',(1.,0.,0.));
#2036 = ORIENTED_EDGE('',*,*,#1758,.T.);
#2037 = ORIENTED_EDGE('',*,*,#2001,.F.);
#2038 = TOROIDAL_SURFACE('',#2039,4.35,0.45);
#2039 = AXIS2_PLACEMENT_3D('',#2040,#2041,#2042);
#2040 = CARTESIAN_POINT('',(15.,-14.,5.05));
#2041 = DIRECTION('',(0.,0.,1.));
#2042 = DIRECTION('',(1.,0.,0.));
#2043 = ADVANCED_FACE('',(#2044),#2069,.T.);
#2044 = FACE_BOUND('',#2045,.T.);
#2045 = EDGE_LOOP('',(#2046,#2047,#2048,#2049));
#2046 = ORIENTED_EDGE('',*,*,#1738,.T.);
#2047 = ORIENTED_EDGE('',*,*,#2030,.T.);
#2048 = ORIENTED_EDGE('',*,*,#1651,.F.);
#2049 = ORIENTED_EDGE('',*,*,#2050,.F.);
#2050 = EDGE_CURVE('',#1739,#1643,#2051,.T.);
#2051 = B_SPLINE_CURVE_WITH_KNOTS('',6,(#2052,#2053,#2054,#2055,#2056,
    #2057,#2058,#2059,#2060,#2061,#2062,#2063,#2064,#2065,#2066,#2067,
    #2068),.UNSPECIFIED.,.F.,.F.,(7,5,5,7),(0.,0.278370863335,
    0.562190348191,1.),.UNSPECIFIED.);
#2052 = CARTESIAN_POINT('',(10.631089015392,-15.98811891208,5.05));
#2053 = CARTESIAN_POINT('',(10.631089015392,-15.98811891208,
    5.084064102019));
#2054 = CARTESIAN_POINT('',(10.63240080313,-15.98353085491,
    5.118130590439));
#2055 = CARTESIAN_POINT('',(10.635024457976,-15.97435319703,
    5.151795437247));
#2056 = CARTESIAN_POINT('',(10.638940166327,-15.9606947968,
    5.184665784764));
#2057 = CARTESIAN_POINT('',(10.644110681793,-15.94275681206,
    5.216380124149));
#2058 = CARTESIAN_POINT('',(10.656981631323,-15.89844290264,
    5.277468882065));
#2059 = CARTESIAN_POINT('',(10.664730203122,-15.87190634994,
    5.306788169119));
#2060 = CARTESIAN_POINT('',(10.673674693456,-15.84149397063,
    5.334258180002));
#2061 = CARTESIAN_POINT('',(10.683747383485,-15.80756029523,
    5.359616232846));
#2062 = CARTESIAN_POINT('',(10.694871182829,-15.7704963017,
    5.382661998355));
#2063 = CARTESIAN_POINT('',(10.725615830024,-15.66931259166,
    5.435019439617));
#2064 = CARTESIAN_POINT('',(10.746571723673,-15.60142613106,
    5.460945441915));
#2065 = CARTESIAN_POINT('',(10.769529591816,-15.5284945824,
    5.480517979189));
#2066 = CARTESIAN_POINT('',(10.79415586665,-15.4520169694,5.493536420827
    ));
#2067 = CARTESIAN_POINT('',(10.820092900054,-15.37339620931,
    5.500000030648));
#2068 = CARTESIAN_POINT('',(10.846924193295,-15.29400979288,5.5));
#2069 = TOROIDAL_SURFACE('',#2070,4.35,0.45);
#2070 = AXIS2_PLACEMENT_3D('',#2071,#2072,#2073);
#2071 = CARTESIAN_POINT('',(15.,-14.,5.05));
#2072 = DIRECTION('',(0.,0.,1.));
#2073 = DIRECTION('',(1.,0.,0.));
#2074 = ADVANCED_FACE('',(#2075),#2100,.T.);
#2075 = FACE_BOUND('',#2076,.T.);
#2076 = EDGE_LOOP('',(#2077,#2078,#2079,#2080));
#2077 = ORIENTED_EDGE('',*,*,#1839,.T.);
#2078 = ORIENTED_EDGE('',*,*,#2050,.T.);
#2079 = ORIENTED_EDGE('',*,*,#1642,.F.);
#2080 = ORIENTED_EDGE('',*,*,#2081,.T.);
#2081 = EDGE_CURVE('',#1634,#1840,#2082,.T.);
#2082 = B_SPLINE_CURVE_WITH_KNOTS('',6,(#2083,#2084,#2085,#2086,#2087,
    #2088,#2089,#2090,#2091,#2092,#2093,#2094,#2095,#2096,#2097,#2098,
    #2099),.UNSPECIFIED.,.F.,.F.,(7,5,5,7),(0.,0.437014864864,
    0.720682026342,1.),.UNSPECIFIED.);
#2083 = CARTESIAN_POINT('',(-10.84692419331,-15.29400979287,5.5));
#2084 = CARTESIAN_POINT('',(-10.82014157949,-15.37325217999,
    5.500000030859));
#2085 = CARTESIAN_POINT('',(-10.79425002609,-15.45173156151,
    5.493559852412));
#2086 = CARTESIAN_POINT('',(-10.7696636978,-15.52807812868,
    5.480588810926));
#2087 = CARTESIAN_POINT('',(-10.74673841301,-15.60089663298,5.4610874013
    ));
#2088 = CARTESIAN_POINT('',(-10.72580604549,-15.66869643846,
    5.43525447355));
#2089 = CARTESIAN_POINT('',(-10.69506735852,-15.7698443527,
    5.383052990178));
#2090 = CARTESIAN_POINT('',(-10.68393455207,-15.80693254006,
    5.360053675642));
#2091 = CARTESIAN_POINT('',(-10.67385080536,-15.84089836501,
    5.334742436069));
#2092 = CARTESIAN_POINT('',(-10.66489314919,-15.8713512808,
    5.307318698902));
#2093 = CARTESIAN_POINT('',(-10.65712929008,-15.89793691428,
    5.278044101995));
#2094 = CARTESIAN_POINT('',(-10.64419877645,-15.94245119917,
    5.216919451339));
#2095 = CARTESIAN_POINT('',(-10.6389935417,-15.9605086156,5.185113028697
    ));
#2096 = CARTESIAN_POINT('',(-10.63505128197,-15.97425936363,
    5.152139020067));
#2097 = CARTESIAN_POINT('',(-10.63240974413,-15.98349958638,
    5.118362393911));
#2098 = CARTESIAN_POINT('',(-10.63108901539,-15.98811891208,
    5.084179984253));
#2099 = CARTESIAN_POINT('',(-10.63108901539,-15.98811891208,5.05));
#2100 = TOROIDAL_SURFACE('',#2101,18.75,0.45);
#2101 = AXIS2_PLACEMENT_3D('',#2102,#2103,#2104);
#2102 = CARTESIAN_POINT('',(0.,0.,5.05));
#2103 = DIRECTION('',(0.,0.,1.));
#2104 = DIRECTION('',(1.,0.,0.));
#2105 = ADVANCED_FACE('',(#2106),#2112,.T.);
#2106 = FACE_BOUND('',#2107,.T.);
#2107 = EDGE_LOOP('',(#2108,#2109,#2110,#2111));
#2108 = ORIENTED_EDGE('',*,*,#2081,.F.);
#2109 = ORIENTED_EDGE('',*,*,#1633,.F.);
#2110 = ORIENTED_EDGE('',*,*,#1908,.F.);
#2111 = ORIENTED_EDGE('',*,*,#1872,.T.);
#2112 = TOROIDAL_SURFACE('',#2113,4.35,0.45);
#2113 = AXIS2_PLACEMENT_3D('',#2114,#2115,#2116);
#2114 = CARTESIAN_POINT('',(-15.,-14.,5.05));
#2115 = DIRECTION('',(0.,0.,1.));
#2116 = DIRECTION('',(1.,0.,0.));
#2117 = ADVANCED_FACE('',(#2118),#2129,.F.);
#2118 = FACE_BOUND('',#2119,.F.);
#2119 = EDGE_LOOP('',(#2120,#2126,#2127,#2128));
#2120 = ORIENTED_EDGE('',*,*,#2121,.T.);
#2121 = EDGE_CURVE('',#1982,#1670,#2122,.T.);
#2122 = LINE('',#2123,#2124);
#2123 = CARTESIAN_POINT('',(-13.3,-14.,-0.1));
#2124 = VECTOR('',#2125,1.);
#2125 = DIRECTION('',(0.,0.,1.));
#2126 = ORIENTED_EDGE('',*,*,#1669,.F.);
#2127 = ORIENTED_EDGE('',*,*,#2121,.F.);
#2128 = ORIENTED_EDGE('',*,*,#1981,.T.);
#2129 = CYLINDRICAL_SURFACE('',#2130,1.7);
#2130 = AXIS2_PLACEMENT_3D('',#2131,#2132,#2133);
#2131 = CARTESIAN_POINT('',(-15.,-14.,-0.1));
#2132 = DIRECTION('',(0.,0.,1.));
#2133 = DIRECTION('',(1.,0.,0.));
#2134 = ADVANCED_FACE('',(#2135),#2146,.F.);
#2135 = FACE_BOUND('',#2136,.F.);
#2136 = EDGE_LOOP('',(#2137,#2143,#2144,#2145));
#2137 = ORIENTED_EDGE('',*,*,#2138,.T.);
#2138 = EDGE_CURVE('',#1957,#1681,#2139,.T.);
#2139 = LINE('',#2140,#2141);
#2140 = CARTESIAN_POINT('',(16.7,-14.,-0.1));
#2141 = VECTOR('',#2142,1.);
#2142 = DIRECTION('',(0.,0.,1.));
#2143 = ORIENTED_EDGE('',*,*,#1680,.F.);
#2144 = ORIENTED_EDGE('',*,*,#2138,.F.);
#2145 = ORIENTED_EDGE('',*,*,#1956,.T.);
#2146 = CYLINDRICAL_SURFACE('',#2147,1.7);
#2147 = AXIS2_PLACEMENT_3D('',#2148,#2149,#2150);
#2148 = CARTESIAN_POINT('',(15.,-14.,-0.1));
#2149 = DIRECTION('',(0.,0.,1.));
#2150 = DIRECTION('',(1.,0.,0.));
#2151 = MANIFOLD_SOLID_BREP('',#2152);
#2152 = CLOSED_SHELL('',(#2153,#2230,#2284,#2353,#4727,#4766,#4798,#4823
    ,#4857,#4881,#4985,#5002,#5056,#5110,#5128,#5152,#5177,#5202,#5226,
    #5243,#5268,#5285,#5309,#5326,#5350,#5369,#5394,#5418,#5435,#5453,
    #5470,#5489,#5529,#5555,#5567,#5606,#5624,#5649,#5674,#5705,#5729,
    #5753,#5777,#5801,#5825,#5849,#5873,#5897,#5921,#5945,#5969,#5993,
    #6017,#6041,#6065,#6089,#6113,#6137,#6161,#6185,#6209,#6233,#6257,
    #6281,#6305,#6329,#6353,#6377,#6401,#6425,#6449,#6473,#6497,#6521,
    #6545,#6569,#6593,#6617,#6641,#6665,#6689,#6713,#6737,#6761,#6785,
    #6809,#6833,#6857,#6881,#6905,#6929,#6953,#6977,#7001,#7025,#7049,
    #7073,#7097,#7121,#7145,#7169,#7193,#7210,#7241,#7265,#7289,#7313,
    #7337,#7361,#7385,#7409,#7433,#7457,#7481,#7505,#7529,#7553,#7577,
    #7601,#7625,#7649,#7673,#7697,#7721,#7745,#7769,#7793,#7817,#7841,
    #7865,#7889,#7913,#7937,#7961,#7985,#8009,#8033,#8057,#8081,#8105,
    #8129,#8153,#8177,#8201,#8225,#8249,#8273,#8297,#8321,#8345,#8369,
    #8393,#8417,#8441,#8465,#8489,#8513,#8537,#8561,#8585,#8609,#8633,
    #8657,#8681,#8705,#8729,#8746,#8777,#8801,#8825,#8849,#8873,#8897,
    #8921,#8945,#8969,#8993,#9017,#9041,#9065,#9089,#9113,#9137,#9161,
    #9185,#9209,#9233,#9257,#9281,#9305,#9329,#9353,#9377,#9401,#9425,
    #9449,#9473,#9497,#9521,#9545,#9569,#9593,#9617,#9641,#9665,#9689,
    #9713,#9737,#9761,#9785,#9809,#9833,#9857,#9881,#9905,#9929,#9953,
    #9977,#10001,#10025,#10049,#10073,#10097,#10121,#10145,#10169,#10193
    ,#10217,#10241,#10265,#10282,#10313,#10337,#10361,#10385,#10409,
    #10433,#10457,#10481,#10505,#10529,#10553,#10577,#10601,#10625,
    #10649,#10673,#10697,#10721,#10745,#10769,#10793,#10817,#10841,
    #10865,#10889,#10913,#10937,#10961,#10985,#11009,#11033,#11057,
    #11081,#11105,#11129,#11153,#11177,#11201,#11225,#11249,#11273,
    #11297,#11321,#11345,#11369,#11393,#11417,#11441,#11465,#11489,
    #11513,#11537,#11561,#11585,#11609,#11633,#11657,#11681,#11705,
    #11729,#11753,#11777,#11801,#11818,#11843,#11898,#11923,#11957,
    #11992,#12012,#12037,#12072,#12090,#12110,#12130,#12345,#12417,
    #12456,#12561,#12587,#12605,#12631,#12662,#12699,#12711,#12723,
    #12740,#12757,#12782,#12807));
#2153 = ADVANCED_FACE('',(#2154),#2225,.T.);
#2154 = FACE_BOUND('',#2155,.F.);
#2155 = EDGE_LOOP('',(#2156,#2175,#2184,#2206,#2215));
#2156 = ORIENTED_EDGE('',*,*,#2157,.F.);
#2157 = EDGE_CURVE('',#2158,#2160,#2162,.T.);
#2158 = VERTEX_POINT('',#2159);
#2159 = CARTESIAN_POINT('',(17.721568933431,-7.388233519431,10.55));
#2160 = VERTEX_POINT('',#2161);
#2161 = CARTESIAN_POINT('',(17.50149760554,-7.076895119607,
    10.981364623776));
#2162 = B_SPLINE_CURVE_WITH_KNOTS('',6,(#2163,#2164,#2165,#2166,#2167,
    #2168,#2169,#2170,#2171,#2172,#2173,#2174),.UNSPECIFIED.,.F.,.F.,(7,
    5,7),(0.,0.49805799496,1.),.UNSPECIFIED.);
#2163 = CARTESIAN_POINT('',(17.721568933432,-7.38823351943,10.55));
#2164 = CARTESIAN_POINT('',(17.721568933432,-7.38823351943,
    10.609272316969));
#2165 = CARTESIAN_POINT('',(17.715138719834,-7.379311098385,
    10.668555828974));
#2166 = CARTESIAN_POINT('',(17.7022731614,-7.361459660656,
    10.725904089308));
#2167 = CARTESIAN_POINT('',(17.683383222424,-7.33517645221,
    10.779416585569));
#2168 = CARTESIAN_POINT('',(17.659221850406,-7.301368312214,
    10.827486539337));
#2169 = CARTESIAN_POINT('',(17.602064749257,-7.220814382073,
    10.910643330924));
#2170 = CARTESIAN_POINT('',(17.568994072275,-7.173959012714,
    10.945637260789));
#2171 = CARTESIAN_POINT('',(17.532517510404,-7.121904392872,
    10.972652199212));
#2172 = CARTESIAN_POINT('',(17.493798550026,-7.066139651138,
    10.990891880141));
#2173 = CARTESIAN_POINT('',(17.454029892183,-7.008271433696,
    11.00000007623));
#2174 = CARTESIAN_POINT('',(17.414372324255,-6.949973852629,11.));
#2175 = ORIENTED_EDGE('',*,*,#2176,.T.);
#2176 = EDGE_CURVE('',#2158,#2177,#2179,.T.);
#2177 = VERTEX_POINT('',#2178);
#2178 = CARTESIAN_POINT('',(16.682450177007,-9.504517667492,10.55));
#2179 = CIRCLE('',#2180,19.2);
#2180 = AXIS2_PLACEMENT_3D('',#2181,#2182,#2183);
#2181 = CARTESIAN_POINT('',(5.510910596163E-17,0.,10.55));
#2182 = DIRECTION('',(1.224646799147E-16,0.,-1.));
#2183 = DIRECTION('',(-1.,0.,-1.224646799147E-16));
#2184 = ORIENTED_EDGE('',*,*,#2185,.F.);
#2185 = EDGE_CURVE('',#2186,#2177,#2188,.T.);
#2186 = VERTEX_POINT('',#2187);
#2187 = CARTESIAN_POINT('',(16.004857279357,-9.767652914975,11.));
#2188 = B_SPLINE_CURVE_WITH_KNOTS('',6,(#2189,#2190,#2191,#2192,#2193,
    #2194,#2195,#2196,#2197,#2198,#2199,#2200,#2201,#2202,#2203,#2204,
    #2205),.UNSPECIFIED.,.F.,.F.,(7,5,5,7),(0.,0.438372923521,
    0.722175204977,1.),.UNSPECIFIED.);
#2189 = CARTESIAN_POINT('',(16.004857279621,-9.767652914543,11.));
#2190 = CARTESIAN_POINT('',(16.082306415635,-9.735375455019,
    11.000000030964));
#2191 = CARTESIAN_POINT('',(16.159051490351,-9.704045309295,
    10.993519776133));
#2192 = CARTESIAN_POINT('',(16.233741797759,-9.674174840721,
    10.980467702649));
#2193 = CARTESIAN_POINT('',(16.304997049205,-9.646219157291,
    10.960844648277));
#2194 = CARTESIAN_POINT('',(16.371338780694,-9.620615947863,
    10.934852547075));
#2195 = CARTESIAN_POINT('',(16.47017194651,-9.582975100877,
    10.882393559465));
#2196 = CARTESIAN_POINT('',(16.506350120389,-9.569337706875,
    10.859326124702));
#2197 = CARTESIAN_POINT('',(16.539475149995,-9.556965227697,
    10.83394813325));
#2198 = CARTESIAN_POINT('',(16.569162505789,-9.545961429568,
    10.80646025909));
#2199 = CARTESIAN_POINT('',(16.595063487464,-9.536418196107,
    10.777125518666));
#2200 = CARTESIAN_POINT('',(16.638264671271,-9.520570455603,
    10.716069012851));
#2201 = CARTESIAN_POINT('',(16.655736722855,-9.514201242944,
    10.684407842346));
#2202 = CARTESIAN_POINT('',(16.669041018085,-9.509372887976,
    10.651597306122));
#2203 = CARTESIAN_POINT('',(16.677980963575,-9.50613601304,
    10.617996926917));
#2204 = CARTESIAN_POINT('',(16.682450177007,-9.504517667492,
    10.58399728135));
#2205 = CARTESIAN_POINT('',(16.682450177007,-9.504517667492,10.55));
#2206 = ORIENTED_EDGE('',*,*,#2207,.F.);
#2207 = EDGE_CURVE('',#2208,#2186,#2210,.T.);
#2208 = VERTEX_POINT('',#2209);
#2209 = CARTESIAN_POINT('',(17.357627514622,-7.090505416657,11.));
#2210 = CIRCLE('',#2211,18.75);
#2211 = AXIS2_PLACEMENT_3D('',#2212,#2213,#2214);
#2212 = CARTESIAN_POINT('',(0.,0.,11.));
#2213 = DIRECTION('',(1.224646799147E-16,0.,-1.));
#2214 = DIRECTION('',(-1.,0.,-1.224646799147E-16));
#2215 = ORIENTED_EDGE('',*,*,#2216,.T.);
#2216 = EDGE_CURVE('',#2208,#2160,#2217,.T.);
#2217 = B_SPLINE_CURVE_WITH_KNOTS('',6,(#2218,#2219,#2220,#2221,#2222,
    #2223,#2224),.UNSPECIFIED.,.F.,.F.,(7,7),(0.,1.),
  .PIECEWISE_BEZIER_KNOTS.);
#2218 = CARTESIAN_POINT('',(17.357627514622,-7.090505416657,11.));
#2219 = CARTESIAN_POINT('',(17.413783131846,-7.086360678182,11.));
#2220 = CARTESIAN_POINT('',(17.470255723481,-7.081102685199,
    10.993221407967));
#2221 = CARTESIAN_POINT('',(17.52560872053,-7.07480739482,
    10.979708025771));
#2222 = CARTESIAN_POINT('',(17.578471391212,-7.067733854854,
    10.959898572032));
#2223 = CARTESIAN_POINT('',(17.627674694922,-7.060289385463,
    10.934441975538));
#2224 = CARTESIAN_POINT('',(17.672268322077,-7.052898632678,
    10.90411317959));
#2225 = TOROIDAL_SURFACE('',#2226,18.75,0.45);
#2226 = AXIS2_PLACEMENT_3D('',#2227,#2228,#2229);
#2227 = CARTESIAN_POINT('',(5.510910596163E-17,0.,10.55));
#2228 = DIRECTION('',(-1.224646799147E-16,-0.,1.));
#2229 = DIRECTION('',(-1.,0.,-1.224646799147E-16));
#2230 = ADVANCED_FACE('',(#2231),#2279,.T.);
#2231 = FACE_BOUND('',#2232,.F.);
#2232 = EDGE_LOOP('',(#2233,#2245,#2254,#2271,#2278));
#2233 = ORIENTED_EDGE('',*,*,#2234,.T.);
#2234 = EDGE_CURVE('',#2160,#2235,#2237,.T.);
#2235 = VERTEX_POINT('',#2236);
#2236 = CARTESIAN_POINT('',(18.593348430928,-6.765424215464,11.));
#2237 = B_SPLINE_CURVE_WITH_KNOTS('',6,(#2238,#2239,#2240,#2241,#2242,
    #2243,#2244),.UNSPECIFIED.,.F.,.F.,(7,7),(0.,1.),
  .PIECEWISE_BEZIER_KNOTS.);
#2238 = CARTESIAN_POINT('',(17.41486656931,-7.085808233901,
    10.979009063518));
#2239 = CARTESIAN_POINT('',(17.620633165048,-7.06722172032,
    10.984656935835));
#2240 = CARTESIAN_POINT('',(17.824317239793,-7.034128769567,
    10.989981266937));
#2241 = CARTESIAN_POINT('',(18.024630076909,-6.986850835127,
    10.99458158423));
#2242 = CARTESIAN_POINT('',(18.220343740229,-6.9258642716,
    10.998052816337));
#2243 = CARTESIAN_POINT('',(18.410285038074,-6.85178781537,11.));
#2244 = CARTESIAN_POINT('',(18.593348430928,-6.765424215464,11.));
#2245 = ORIENTED_EDGE('',*,*,#2246,.F.);
#2246 = EDGE_CURVE('',#2247,#2235,#2249,.T.);
#2247 = VERTEX_POINT('',#2248);
#2248 = CARTESIAN_POINT('',(18.736282025237,0.71710241304,11.));
#2249 = CIRCLE('',#2250,3.95);
#2250 = AXIS2_PLACEMENT_3D('',#2251,#2252,#2253);
#2251 = CARTESIAN_POINT('',(17.4,-3.,11.));
#2252 = DIRECTION('',(1.224646799147E-16,0.,-1.));
#2253 = DIRECTION('',(-1.,0.,-1.224646799147E-16));
#2254 = ORIENTED_EDGE('',*,*,#2255,.T.);
#2255 = EDGE_CURVE('',#2247,#2256,#2258,.T.);
#2256 = VERTEX_POINT('',#2257);
#2257 = CARTESIAN_POINT('',(19.172503429925,1.02718656023,10.55));
#2258 = B_SPLINE_CURVE_WITH_KNOTS('',6,(#2259,#2260,#2261,#2262,#2263,
    #2264,#2265,#2266,#2267,#2268,#2269,#2270),.UNSPECIFIED.,.F.,.F.,(7,
    5,7),(0.,0.503735959196,1.),.UNSPECIFIED.);
#2259 = CARTESIAN_POINT('',(18.736282025235,0.717102413096,11.));
#2260 = CARTESIAN_POINT('',(18.793375529448,0.758902714367,
    11.000000078269));
#2261 = CARTESIAN_POINT('',(18.850429687012,0.8002581092,10.990826644205
    ));
#2262 = CARTESIAN_POINT('',(18.905772251243,0.839967011792,
    10.972456247389));
#2263 = CARTESIAN_POINT('',(18.957723447984,0.876903232822,
    10.945250292503));
#2264 = CARTESIAN_POINT('',(19.004671637279,0.910043060904,
    10.910016868504));
#2265 = CARTESIAN_POINT('',(19.085280194166,0.966642331442,
    10.826620066234));
#2266 = CARTESIAN_POINT('',(19.119137696402,0.99024544592,10.77864524567
    ));
#2267 = CARTESIAN_POINT('',(19.145551188386,1.008555169064,
    10.725284207388));
#2268 = CARTESIAN_POINT('',(19.163521649811,1.020977565861,
    10.668128666334));
#2269 = CARTESIAN_POINT('',(19.172503429925,1.027186560231,
    10.609058826345));
#2270 = CARTESIAN_POINT('',(19.172503429925,1.027186560231,10.55));
#2271 = ORIENTED_EDGE('',*,*,#2272,.T.);
#2272 = EDGE_CURVE('',#2256,#2158,#2273,.T.);
#2273 = CIRCLE('',#2274,4.4);
#2274 = AXIS2_PLACEMENT_3D('',#2275,#2276,#2277);
#2275 = CARTESIAN_POINT('',(17.4,-3.,10.55));
#2276 = DIRECTION('',(1.224646799147E-16,0.,-1.));
#2277 = DIRECTION('',(-1.,0.,-1.224646799147E-16));
#2278 = ORIENTED_EDGE('',*,*,#2157,.T.);
#2279 = TOROIDAL_SURFACE('',#2280,3.95,0.45);
#2280 = AXIS2_PLACEMENT_3D('',#2281,#2282,#2283);
#2281 = CARTESIAN_POINT('',(17.4,-3.,10.55));
#2282 = DIRECTION('',(-1.224646799147E-16,-0.,1.));
#2283 = DIRECTION('',(-1.,0.,-1.224646799147E-16));
#2284 = ADVANCED_FACE('',(#2285),#2348,.F.);
#2285 = FACE_BOUND('',#2286,.F.);
#2286 = EDGE_LOOP('',(#2287,#2296,#2305,#2313,#2322,#2331,#2339,#2346,
    #2347));
#2287 = ORIENTED_EDGE('',*,*,#2288,.T.);
#2288 = EDGE_CURVE('',#2208,#2289,#2291,.T.);
#2289 = VERTEX_POINT('',#2290);
#2290 = CARTESIAN_POINT('',(13.6,-3.6,11.));
#2291 = CIRCLE('',#2292,3.5);
#2292 = AXIS2_PLACEMENT_3D('',#2293,#2294,#2295);
#2293 = CARTESIAN_POINT('',(17.1,-3.6,11.));
#2294 = DIRECTION('',(1.224646799147E-16,0.,-1.));
#2295 = DIRECTION('',(-1.,0.,-1.224646799147E-16));
#2296 = ORIENTED_EDGE('',*,*,#2297,.T.);
#2297 = EDGE_CURVE('',#2289,#2298,#2300,.T.);
#2298 = VERTEX_POINT('',#2299);
#2299 = CARTESIAN_POINT('',(14.029122536558,-1.920800308323,11.));
#2300 = CIRCLE('',#2301,3.5);
#2301 = AXIS2_PLACEMENT_3D('',#2302,#2303,#2304);
#2302 = CARTESIAN_POINT('',(17.1,-3.6,11.));
#2303 = DIRECTION('',(1.224646799147E-16,0.,-1.));
#2304 = DIRECTION('',(-1.,0.,-1.224646799147E-16));
#2305 = ORIENTED_EDGE('',*,*,#2306,.T.);
#2306 = EDGE_CURVE('',#2298,#2307,#2309,.T.);
#2307 = VERTEX_POINT('',#2308);
#2308 = CARTESIAN_POINT('',(14.029122536558,-1.920800308323,10.6));
#2309 = LINE('',#2310,#2311);
#2310 = CARTESIAN_POINT('',(14.029122536558,-1.920800308323,11.));
#2311 = VECTOR('',#2312,1.);
#2312 = DIRECTION('',(1.224646799147E-16,0.,-1.));
#2313 = ORIENTED_EDGE('',*,*,#2314,.F.);
#2314 = EDGE_CURVE('',#2315,#2307,#2317,.T.);
#2315 = VERTEX_POINT('',#2316);
#2316 = CARTESIAN_POINT('',(13.6,-3.6,10.6));
#2317 = CIRCLE('',#2318,3.5);
#2318 = AXIS2_PLACEMENT_3D('',#2319,#2320,#2321);
#2319 = CARTESIAN_POINT('',(17.1,-3.6,10.6));
#2320 = DIRECTION('',(1.224646799147E-16,0.,-1.));
#2321 = DIRECTION('',(-1.,0.,-1.224646799147E-16));
#2322 = ORIENTED_EDGE('',*,*,#2323,.F.);
#2323 = EDGE_CURVE('',#2324,#2315,#2326,.T.);
#2324 = VERTEX_POINT('',#2325);
#2325 = CARTESIAN_POINT('',(19.078498580903,-0.712865890651,10.6));
#2326 = CIRCLE('',#2327,3.5);
#2327 = AXIS2_PLACEMENT_3D('',#2328,#2329,#2330);
#2328 = CARTESIAN_POINT('',(17.1,-3.6,10.6));
#2329 = DIRECTION('',(1.224646799147E-16,0.,-1.));
#2330 = DIRECTION('',(-1.,0.,-1.224646799147E-16));
#2331 = ORIENTED_EDGE('',*,*,#2332,.F.);
#2332 = EDGE_CURVE('',#2333,#2324,#2335,.T.);
#2333 = VERTEX_POINT('',#2334);
#2334 = CARTESIAN_POINT('',(19.078498580903,-0.712865890651,11.));
#2335 = LINE('',#2336,#2337);
#2336 = CARTESIAN_POINT('',(19.078498580903,-0.712865890651,11.));
#2337 = VECTOR('',#2338,1.);
#2338 = DIRECTION('',(1.224646799147E-16,0.,-1.));
#2339 = ORIENTED_EDGE('',*,*,#2340,.T.);
#2340 = EDGE_CURVE('',#2333,#2235,#2341,.T.);
#2341 = CIRCLE('',#2342,3.5);
#2342 = AXIS2_PLACEMENT_3D('',#2343,#2344,#2345);
#2343 = CARTESIAN_POINT('',(17.1,-3.6,11.));
#2344 = DIRECTION('',(1.224646799147E-16,0.,-1.));
#2345 = DIRECTION('',(-1.,0.,-1.224646799147E-16));
#2346 = ORIENTED_EDGE('',*,*,#2234,.F.);
#2347 = ORIENTED_EDGE('',*,*,#2216,.F.);
#2348 = CYLINDRICAL_SURFACE('',#2349,3.5);
#2349 = AXIS2_PLACEMENT_3D('',#2350,#2351,#2352);
#2350 = CARTESIAN_POINT('',(17.1,-3.6,11.));
#2351 = DIRECTION('',(1.224646799147E-16,0.,-1.));
#2352 = DIRECTION('',(-1.,0.,-1.224646799147E-16));
#2353 = ADVANCED_FACE('',(#2354,#2644,#2655,#2666,#3180,#3694,#4208),
  #4722,.T.);
#2354 = FACE_BOUND('',#2355,.T.);
#2355 = EDGE_LOOP('',(#2356,#2367,#2376,#2385,#2393,#2402,#2411,#2419,
    #2428,#2436,#2444,#2453,#2461,#2470,#2479,#2488,#2497,#2506,#2515,
    #2522,#2523,#2524,#2525,#2534,#2542,#2551,#2560,#2568,#2576,#2585,
    #2594,#2602,#2611,#2620,#2626,#2627,#2628,#2637));
#2356 = ORIENTED_EDGE('',*,*,#2357,.F.);
#2357 = EDGE_CURVE('',#2358,#2360,#2362,.T.);
#2358 = VERTEX_POINT('',#2359);
#2359 = CARTESIAN_POINT('',(-18.59334843092,-6.765424215464,11.));
#2360 = VERTEX_POINT('',#2361);
#2361 = CARTESIAN_POINT('',(-21.35,-3.,11.));
#2362 = CIRCLE('',#2363,3.95);
#2363 = AXIS2_PLACEMENT_3D('',#2364,#2365,#2366);
#2364 = CARTESIAN_POINT('',(-17.4,-3.,11.));
#2365 = DIRECTION('',(1.224646799147E-16,0.,-1.));
#2366 = DIRECTION('',(-1.,0.,-1.224646799147E-16));
#2367 = ORIENTED_EDGE('',*,*,#2368,.T.);
#2368 = EDGE_CURVE('',#2358,#2369,#2371,.T.);
#2369 = VERTEX_POINT('',#2370);
#2370 = CARTESIAN_POINT('',(-20.6,-3.6,11.));
#2371 = CIRCLE('',#2372,3.5);
#2372 = AXIS2_PLACEMENT_3D('',#2373,#2374,#2375);
#2373 = CARTESIAN_POINT('',(-17.1,-3.6,11.));
#2374 = DIRECTION('',(1.224646799147E-16,0.,-1.));
#2375 = DIRECTION('',(-1.,0.,-1.224646799147E-16));
#2376 = ORIENTED_EDGE('',*,*,#2377,.T.);
#2377 = EDGE_CURVE('',#2369,#2378,#2380,.T.);
#2378 = VERTEX_POINT('',#2379);
#2379 = CARTESIAN_POINT('',(-19.0784985809,-0.712865890651,11.));
#2380 = CIRCLE('',#2381,3.5);
#2381 = AXIS2_PLACEMENT_3D('',#2382,#2383,#2384);
#2382 = CARTESIAN_POINT('',(-17.1,-3.6,11.));
#2383 = DIRECTION('',(1.224646799147E-16,0.,-1.));
#2384 = DIRECTION('',(-1.,0.,-1.224646799147E-16));
#2385 = ORIENTED_EDGE('',*,*,#2386,.F.);
#2386 = EDGE_CURVE('',#2387,#2378,#2389,.T.);
#2387 = VERTEX_POINT('',#2388);
#2388 = CARTESIAN_POINT('',(-17.82366235502,4.209953149321,11.));
#2389 = LINE('',#2390,#2391);
#2390 = CARTESIAN_POINT('',(-17.82366235502,4.209953149321,11.));
#2391 = VECTOR('',#2392,1.);
#2392 = DIRECTION('',(-0.247003705083,-0.969014535327,
    -3.024922968079E-17));
#2393 = ORIENTED_EDGE('',*,*,#2394,.T.);
#2394 = EDGE_CURVE('',#2387,#2395,#2397,.T.);
#2395 = VERTEX_POINT('',#2396);
#2396 = CARTESIAN_POINT('',(-16.225,4.349106001094,11.));
#2397 = CIRCLE('',#2398,0.85);
#2398 = AXIS2_PLACEMENT_3D('',#2399,#2400,#2401);
#2399 = CARTESIAN_POINT('',(-17.,4.,11.));
#2400 = DIRECTION('',(1.224646799147E-16,0.,-1.));
#2401 = DIRECTION('',(-1.,0.,-1.224646799147E-16));
#2402 = ORIENTED_EDGE('',*,*,#2403,.T.);
#2403 = EDGE_CURVE('',#2395,#2404,#2406,.T.);
#2404 = VERTEX_POINT('',#2405);
#2405 = CARTESIAN_POINT('',(-14.88428039237,4.634398396556,11.));
#2406 = CIRCLE('',#2407,0.85);
#2407 = AXIS2_PLACEMENT_3D('',#2408,#2409,#2410);
#2408 = CARTESIAN_POINT('',(-15.45,4.,11.));
#2409 = DIRECTION('',(1.224646799147E-16,0.,-1.));
#2410 = DIRECTION('',(-1.,0.,-1.224646799147E-16));
#2411 = ORIENTED_EDGE('',*,*,#2412,.F.);
#2412 = EDGE_CURVE('',#2413,#2404,#2415,.T.);
#2413 = VERTEX_POINT('',#2414);
#2414 = CARTESIAN_POINT('',(-14.71879762525,5.22818950212,11.));
#2415 = LINE('',#2416,#2417);
#2416 = CARTESIAN_POINT('',(-14.71879762525,5.22818950212,11.));
#2417 = VECTOR('',#2418,1.);
#2418 = DIRECTION('',(-0.268458237788,-0.963291323829,
    -3.287665216122E-17));
#2419 = ORIENTED_EDGE('',*,*,#2420,.T.);
#2420 = EDGE_CURVE('',#2413,#2421,#2423,.T.);
#2421 = VERTEX_POINT('',#2422);
#2422 = CARTESIAN_POINT('',(-13.08120237474,4.77181049788,11.));
#2423 = CIRCLE('',#2424,0.85);
#2424 = AXIS2_PLACEMENT_3D('',#2425,#2426,#2427);
#2425 = CARTESIAN_POINT('',(-13.9,5.,11.));
#2426 = DIRECTION('',(1.224646799147E-16,0.,-1.));
#2427 = DIRECTION('',(-1.,0.,-1.224646799147E-16));
#2428 = ORIENTED_EDGE('',*,*,#2429,.F.);
#2429 = EDGE_CURVE('',#2430,#2421,#2432,.T.);
#2430 = VERTEX_POINT('',#2431);
#2431 = CARTESIAN_POINT('',(-13.41276642571,3.582080667949,11.));
#2432 = LINE('',#2433,#2434);
#2433 = CARTESIAN_POINT('',(-14.78120237474,-1.32818950212,11.));
#2434 = VECTOR('',#2435,1.);
#2435 = DIRECTION('',(0.268458237788,0.963291323829,3.287665216122E-17)
  );
#2436 = ORIENTED_EDGE('',*,*,#2437,.F.);
#2437 = EDGE_CURVE('',#2438,#2430,#2440,.T.);
#2438 = VERTEX_POINT('',#2439);
#2439 = CARTESIAN_POINT('',(-13.1465197976,4.296742669697,11.));
#2440 = LINE('',#2441,#2442);
#2441 = CARTESIAN_POINT('',(-13.1465197976,4.296742669697,11.));
#2442 = VECTOR('',#2443,1.);
#2443 = DIRECTION('',(-0.349109023173,-0.937082114833,
    -4.275352477822E-17));
#2444 = ORIENTED_EDGE('',*,*,#2445,.T.);
#2445 = EDGE_CURVE('',#2438,#2446,#2448,.T.);
#2446 = VERTEX_POINT('',#2447);
#2447 = CARTESIAN_POINT('',(-11.55348020239,3.703257330303,11.));
#2448 = CIRCLE('',#2449,0.85);
#2449 = AXIS2_PLACEMENT_3D('',#2450,#2451,#2452);
#2450 = CARTESIAN_POINT('',(-12.35,4.,11.));
#2451 = DIRECTION('',(1.224646799147E-16,0.,-1.));
#2452 = DIRECTION('',(-1.,0.,-1.224646799147E-16));
#2453 = ORIENTED_EDGE('',*,*,#2454,.F.);
#2454 = EDGE_CURVE('',#2455,#2446,#2457,.T.);
#2455 = VERTEX_POINT('',#2456);
#2456 = CARTESIAN_POINT('',(-13.45348020239,-1.396742669697,11.));
#2457 = LINE('',#2458,#2459);
#2458 = CARTESIAN_POINT('',(-13.45348020239,-1.396742669697,11.));
#2459 = VECTOR('',#2460,1.);
#2460 = DIRECTION('',(0.349109023173,0.937082114833,4.275352477822E-17)
  );
#2461 = ORIENTED_EDGE('',*,*,#2462,.T.);
#2462 = EDGE_CURVE('',#2455,#2463,#2465,.T.);
#2463 = VERTEX_POINT('',#2464);
#2464 = CARTESIAN_POINT('',(-14.02912253655,-1.920800308323,11.));
#2465 = CIRCLE('',#2466,0.85);
#2466 = AXIS2_PLACEMENT_3D('',#2467,#2468,#2469);
#2467 = CARTESIAN_POINT('',(-14.25,-1.1,11.));
#2468 = DIRECTION('',(1.224646799147E-16,0.,-1.));
#2469 = DIRECTION('',(-1.,0.,-1.224646799147E-16));
#2470 = ORIENTED_EDGE('',*,*,#2471,.T.);
#2471 = EDGE_CURVE('',#2463,#2472,#2474,.T.);
#2472 = VERTEX_POINT('',#2473);
#2473 = CARTESIAN_POINT('',(-17.35762751462,-7.090505416657,11.));
#2474 = CIRCLE('',#2475,3.5);
#2475 = AXIS2_PLACEMENT_3D('',#2476,#2477,#2478);
#2476 = CARTESIAN_POINT('',(-17.1,-3.6,11.));
#2477 = DIRECTION('',(1.224646799147E-16,0.,-1.));
#2478 = DIRECTION('',(-1.,0.,-1.224646799147E-16));
#2479 = ORIENTED_EDGE('',*,*,#2480,.F.);
#2480 = EDGE_CURVE('',#2481,#2472,#2483,.T.);
#2481 = VERTEX_POINT('',#2482);
#2482 = CARTESIAN_POINT('',(-16.00485727935,-9.767652914974,11.));
#2483 = CIRCLE('',#2484,18.75);
#2484 = AXIS2_PLACEMENT_3D('',#2485,#2486,#2487);
#2485 = CARTESIAN_POINT('',(0.,0.,11.));
#2486 = DIRECTION('',(1.224646799147E-16,0.,-1.));
#2487 = DIRECTION('',(-1.,0.,-1.224646799147E-16));
#2488 = ORIENTED_EDGE('',*,*,#2489,.F.);
#2489 = EDGE_CURVE('',#2490,#2481,#2492,.T.);
#2490 = VERTEX_POINT('',#2491);
#2491 = CARTESIAN_POINT('',(-19.35,-14.,11.));
#2492 = CIRCLE('',#2493,4.35);
#2493 = AXIS2_PLACEMENT_3D('',#2494,#2495,#2496);
#2494 = CARTESIAN_POINT('',(-15.,-14.,11.));
#2495 = DIRECTION('',(1.224646799147E-16,0.,-1.));
#2496 = DIRECTION('',(-1.,0.,-1.224646799147E-16));
#2497 = ORIENTED_EDGE('',*,*,#2498,.F.);
#2498 = EDGE_CURVE('',#2499,#2490,#2501,.T.);
#2499 = VERTEX_POINT('',#2500);
#2500 = CARTESIAN_POINT('',(-10.84692419332,-15.29400979286,11.));
#2501 = CIRCLE('',#2502,4.35);
#2502 = AXIS2_PLACEMENT_3D('',#2503,#2504,#2505);
#2503 = CARTESIAN_POINT('',(-15.,-14.,11.));
#2504 = DIRECTION('',(1.224646799147E-16,0.,-1.));
#2505 = DIRECTION('',(-1.,0.,-1.224646799147E-16));
#2506 = ORIENTED_EDGE('',*,*,#2507,.F.);
#2507 = EDGE_CURVE('',#2508,#2499,#2510,.T.);
#2508 = VERTEX_POINT('',#2509);
#2509 = CARTESIAN_POINT('',(10.846924193327,-15.29400979286,11.));
#2510 = CIRCLE('',#2511,18.75);
#2511 = AXIS2_PLACEMENT_3D('',#2512,#2513,#2514);
#2512 = CARTESIAN_POINT('',(0.,0.,11.));
#2513 = DIRECTION('',(1.224646799147E-16,0.,-1.));
#2514 = DIRECTION('',(-1.,0.,-1.224646799147E-16));
#2515 = ORIENTED_EDGE('',*,*,#2516,.F.);
#2516 = EDGE_CURVE('',#2186,#2508,#2517,.T.);
#2517 = CIRCLE('',#2518,4.35);
#2518 = AXIS2_PLACEMENT_3D('',#2519,#2520,#2521);
#2519 = CARTESIAN_POINT('',(15.,-14.,11.));
#2520 = DIRECTION('',(1.224646799147E-16,0.,-1.));
#2521 = DIRECTION('',(-1.,0.,-1.224646799147E-16));
#2522 = ORIENTED_EDGE('',*,*,#2207,.F.);
#2523 = ORIENTED_EDGE('',*,*,#2288,.T.);
#2524 = ORIENTED_EDGE('',*,*,#2297,.T.);
#2525 = ORIENTED_EDGE('',*,*,#2526,.T.);
#2526 = EDGE_CURVE('',#2298,#2527,#2529,.T.);
#2527 = VERTEX_POINT('',#2528);
#2528 = CARTESIAN_POINT('',(13.453480202392,-1.396742669697,11.));
#2529 = CIRCLE('',#2530,0.85);
#2530 = AXIS2_PLACEMENT_3D('',#2531,#2532,#2533);
#2531 = CARTESIAN_POINT('',(14.25,-1.1,11.));
#2532 = DIRECTION('',(1.224646799147E-16,0.,-1.));
#2533 = DIRECTION('',(-1.,0.,-1.224646799147E-16));
#2534 = ORIENTED_EDGE('',*,*,#2535,.F.);
#2535 = EDGE_CURVE('',#2536,#2527,#2538,.T.);
#2536 = VERTEX_POINT('',#2537);
#2537 = CARTESIAN_POINT('',(11.553480202392,3.703257330303,11.));
#2538 = LINE('',#2539,#2540);
#2539 = CARTESIAN_POINT('',(11.553480202392,3.703257330303,11.));
#2540 = VECTOR('',#2541,1.);
#2541 = DIRECTION('',(0.349109023173,-0.937082114833,4.275352477822E-17)
  );
#2542 = ORIENTED_EDGE('',*,*,#2543,.T.);
#2543 = EDGE_CURVE('',#2536,#2544,#2546,.T.);
#2544 = VERTEX_POINT('',#2545);
#2545 = CARTESIAN_POINT('',(11.5,4.,11.));
#2546 = CIRCLE('',#2547,0.85);
#2547 = AXIS2_PLACEMENT_3D('',#2548,#2549,#2550);
#2548 = CARTESIAN_POINT('',(12.35,4.,11.));
#2549 = DIRECTION('',(1.224646799147E-16,0.,-1.));
#2550 = DIRECTION('',(-1.,0.,-1.224646799147E-16));
#2551 = ORIENTED_EDGE('',*,*,#2552,.T.);
#2552 = EDGE_CURVE('',#2544,#2553,#2555,.T.);
#2553 = VERTEX_POINT('',#2554);
#2554 = CARTESIAN_POINT('',(13.146519797608,4.296742669697,11.));
#2555 = CIRCLE('',#2556,0.85);
#2556 = AXIS2_PLACEMENT_3D('',#2557,#2558,#2559);
#2557 = CARTESIAN_POINT('',(12.35,4.,11.));
#2558 = DIRECTION('',(1.224646799147E-16,0.,-1.));
#2559 = DIRECTION('',(-1.,0.,-1.224646799147E-16));
#2560 = ORIENTED_EDGE('',*,*,#2561,.F.);
#2561 = EDGE_CURVE('',#2562,#2553,#2564,.T.);
#2562 = VERTEX_POINT('',#2563);
#2563 = CARTESIAN_POINT('',(13.41276642571,3.582080667949,11.));
#2564 = LINE('',#2565,#2566);
#2565 = CARTESIAN_POINT('',(15.046519797608,-0.803257330303,11.));
#2566 = VECTOR('',#2567,1.);
#2567 = DIRECTION('',(-0.349109023173,0.937082114833,-4.275352477822E-17
    ));
#2568 = ORIENTED_EDGE('',*,*,#2569,.F.);
#2569 = EDGE_CURVE('',#2570,#2562,#2572,.T.);
#2570 = VERTEX_POINT('',#2571);
#2571 = CARTESIAN_POINT('',(13.081202374746,4.77181049788,11.));
#2572 = LINE('',#2573,#2574);
#2573 = CARTESIAN_POINT('',(13.081202374746,4.77181049788,11.));
#2574 = VECTOR('',#2575,1.);
#2575 = DIRECTION('',(0.268458237788,-0.963291323829,3.287665216122E-17)
  );
#2576 = ORIENTED_EDGE('',*,*,#2577,.T.);
#2577 = EDGE_CURVE('',#2570,#2578,#2580,.T.);
#2578 = VERTEX_POINT('',#2579);
#2579 = CARTESIAN_POINT('',(13.05,5.,11.));
#2580 = CIRCLE('',#2581,0.85);
#2581 = AXIS2_PLACEMENT_3D('',#2582,#2583,#2584);
#2582 = CARTESIAN_POINT('',(13.9,5.,11.));
#2583 = DIRECTION('',(1.224646799147E-16,0.,-1.));
#2584 = DIRECTION('',(-1.,0.,-1.224646799147E-16));
#2585 = ORIENTED_EDGE('',*,*,#2586,.T.);
#2586 = EDGE_CURVE('',#2578,#2587,#2589,.T.);
#2587 = VERTEX_POINT('',#2588);
#2588 = CARTESIAN_POINT('',(14.718797625254,5.22818950212,11.));
#2589 = CIRCLE('',#2590,0.85);
#2590 = AXIS2_PLACEMENT_3D('',#2591,#2592,#2593);
#2591 = CARTESIAN_POINT('',(13.9,5.,11.));
#2592 = DIRECTION('',(1.224646799147E-16,0.,-1.));
#2593 = DIRECTION('',(-1.,0.,-1.224646799147E-16));
#2594 = ORIENTED_EDGE('',*,*,#2595,.F.);
#2595 = EDGE_CURVE('',#2596,#2587,#2598,.T.);
#2596 = VERTEX_POINT('',#2597);
#2597 = CARTESIAN_POINT('',(14.884280392379,4.634398396556,11.));
#2598 = LINE('',#2599,#2600);
#2599 = CARTESIAN_POINT('',(16.418797625254,-0.87181049788,11.));
#2600 = VECTOR('',#2601,1.);
#2601 = DIRECTION('',(-0.268458237788,0.963291323829,-3.287665216122E-17
    ));
#2602 = ORIENTED_EDGE('',*,*,#2603,.T.);
#2603 = EDGE_CURVE('',#2596,#2604,#2606,.T.);
#2604 = VERTEX_POINT('',#2605);
#2605 = CARTESIAN_POINT('',(16.225,4.349106001094,11.));
#2606 = CIRCLE('',#2607,0.85);
#2607 = AXIS2_PLACEMENT_3D('',#2608,#2609,#2610);
#2608 = CARTESIAN_POINT('',(15.45,4.,11.));
#2609 = DIRECTION('',(1.224646799147E-16,0.,-1.));
#2610 = DIRECTION('',(-1.,0.,-1.224646799147E-16));
#2611 = ORIENTED_EDGE('',*,*,#2612,.T.);
#2612 = EDGE_CURVE('',#2604,#2613,#2615,.T.);
#2613 = VERTEX_POINT('',#2614);
#2614 = CARTESIAN_POINT('',(17.823662355028,4.209953149321,11.));
#2615 = CIRCLE('',#2616,0.85);
#2616 = AXIS2_PLACEMENT_3D('',#2617,#2618,#2619);
#2617 = CARTESIAN_POINT('',(17.,4.,11.));
#2618 = DIRECTION('',(1.224646799147E-16,0.,-1.));
#2619 = DIRECTION('',(-1.,0.,-1.224646799147E-16));
#2620 = ORIENTED_EDGE('',*,*,#2621,.F.);
#2621 = EDGE_CURVE('',#2333,#2613,#2622,.T.);
#2622 = LINE('',#2623,#2624);
#2623 = CARTESIAN_POINT('',(19.123662355028,-0.890046850679,11.));
#2624 = VECTOR('',#2625,1.);
#2625 = DIRECTION('',(-0.247003705083,0.969014535327,-3.024922968079E-17
    ));
#2626 = ORIENTED_EDGE('',*,*,#2340,.T.);
#2627 = ORIENTED_EDGE('',*,*,#2246,.F.);
#2628 = ORIENTED_EDGE('',*,*,#2629,.F.);
#2629 = EDGE_CURVE('',#2630,#2247,#2632,.T.);
#2630 = VERTEX_POINT('',#2631);
#2631 = CARTESIAN_POINT('',(-18.73628202523,0.71710241304,11.));
#2632 = CIRCLE('',#2633,18.75);
#2633 = AXIS2_PLACEMENT_3D('',#2634,#2635,#2636);
#2634 = CARTESIAN_POINT('',(0.,0.,11.));
#2635 = DIRECTION('',(1.224646799147E-16,0.,-1.));
#2636 = DIRECTION('',(-1.,0.,-1.224646799147E-16));
#2637 = ORIENTED_EDGE('',*,*,#2638,.F.);
#2638 = EDGE_CURVE('',#2360,#2630,#2639,.T.);
#2639 = CIRCLE('',#2640,3.95);
#2640 = AXIS2_PLACEMENT_3D('',#2641,#2642,#2643);
#2641 = CARTESIAN_POINT('',(-17.4,-3.,11.));
#2642 = DIRECTION('',(1.224646799147E-16,0.,-1.));
#2643 = DIRECTION('',(-1.,0.,-1.224646799147E-16));
#2644 = FACE_BOUND('',#2645,.T.);
#2645 = EDGE_LOOP('',(#2646));
#2646 = ORIENTED_EDGE('',*,*,#2647,.T.);
#2647 = EDGE_CURVE('',#2648,#2648,#2650,.T.);
#2648 = VERTEX_POINT('',#2649);
#2649 = CARTESIAN_POINT('',(-18.15,-14.,11.));
#2650 = CIRCLE('',#2651,3.15);
#2651 = AXIS2_PLACEMENT_3D('',#2652,#2653,#2654);
#2652 = CARTESIAN_POINT('',(-15.,-14.,11.));
#2653 = DIRECTION('',(1.224646799147E-16,0.,-1.));
#2654 = DIRECTION('',(-1.,0.,-1.224646799147E-16));
#2655 = FACE_BOUND('',#2656,.T.);
#2656 = EDGE_LOOP('',(#2657));
#2657 = ORIENTED_EDGE('',*,*,#2658,.T.);
#2658 = EDGE_CURVE('',#2659,#2659,#2661,.T.);
#2659 = VERTEX_POINT('',#2660);
#2660 = CARTESIAN_POINT('',(11.85,-14.,11.));
#2661 = CIRCLE('',#2662,3.15);
#2662 = AXIS2_PLACEMENT_3D('',#2663,#2664,#2665);
#2663 = CARTESIAN_POINT('',(15.,-14.,11.));
#2664 = DIRECTION('',(1.224646799147E-16,0.,-1.));
#2665 = DIRECTION('',(-1.,0.,-1.224646799147E-16));
#2666 = FACE_BOUND('',#2667,.T.);
#2667 = EDGE_LOOP('',(#2668,#2678,#2686,#2694,#2702,#2710,#2718,#2726,
    #2734,#2742,#2750,#2758,#2766,#2774,#2782,#2790,#2798,#2806,#2814,
    #2822,#2830,#2838,#2846,#2854,#2862,#2870,#2878,#2886,#2894,#2902,
    #2910,#2918,#2926,#2934,#2942,#2950,#2958,#2966,#2974,#2982,#2990,
    #2998,#3006,#3014,#3022,#3030,#3038,#3046,#3054,#3062,#3070,#3078,
    #3086,#3094,#3102,#3110,#3118,#3126,#3134,#3142,#3150,#3158,#3166,
    #3174));
#2668 = ORIENTED_EDGE('',*,*,#2669,.T.);
#2669 = EDGE_CURVE('',#2670,#2672,#2674,.T.);
#2670 = VERTEX_POINT('',#2671);
#2671 = CARTESIAN_POINT('',(-3.383628070685,-4.809689129714,11.));
#2672 = VERTEX_POINT('',#2673);
#2673 = CARTESIAN_POINT('',(-3.4,-4.3,11.));
#2674 = LINE('',#2675,#2676);
#2675 = CARTESIAN_POINT('',(-3.409955982733,-3.990051424183,11.));
#2676 = VECTOR('',#2677,1.);
#2677 = DIRECTION('',(-3.210484340328E-02,0.999484506648,
    -3.931709371096E-18));
#2678 = ORIENTED_EDGE('',*,*,#2679,.T.);
#2679 = EDGE_CURVE('',#2672,#2680,#2682,.T.);
#2680 = VERTEX_POINT('',#2681);
#2681 = CARTESIAN_POINT('',(-3.383628070685,-3.790310870286,11.));
#2682 = LINE('',#2683,#2684);
#2683 = CARTESIAN_POINT('',(-3.37854386885,-3.63203004955,11.));
#2684 = VECTOR('',#2685,1.);
#2685 = DIRECTION('',(3.210484340328E-02,0.999484506648,
    3.931709371096E-18));
#2686 = ORIENTED_EDGE('',*,*,#2687,.T.);
#2687 = EDGE_CURVE('',#2680,#2688,#2690,.T.);
#2688 = VERTEX_POINT('',#2689);
#2689 = CARTESIAN_POINT('',(-3.334669953371,-3.285530325516,11.));
#2690 = LINE('',#2691,#2692);
#2691 = CARTESIAN_POINT('',(-3.333922477727,-3.277823510317,11.));
#2692 = VECTOR('',#2693,1.);
#2693 = DIRECTION('',(9.653592824982E-02,0.995329500496,
    1.182224155339E-17));
#2694 = ORIENTED_EDGE('',*,*,#2695,.T.);
#2695 = EDGE_CURVE('',#2688,#2696,#2698,.T.);
#2696 = VERTEX_POINT('',#2697);
#2697 = CARTESIAN_POINT('',(-3.25359714149,-2.790519678277,11.));
#2698 = LINE('',#2699,#2700);
#2699 = CARTESIAN_POINT('',(-3.276014542469,-2.927394814477,11.));
#2700 = VECTOR('',#2701,1.);
#2701 = DIRECTION('',(0.161626555802,0.986851993188,1.979354442201E-17)
  );
#2702 = ORIENTED_EDGE('',*,*,#2703,.T.);
#2703 = EDGE_CURVE('',#2696,#2704,#2706,.T.);
#2704 = VERTEX_POINT('',#2705);
#2705 = CARTESIAN_POINT('',(-3.141190410538,-2.310046151702,11.));
#2706 = LINE('',#2707,#2708);
#2707 = CARTESIAN_POINT('',(-3.20451652744,-2.580728542824,11.));
#2708 = VECTOR('',#2709,1.);
#2709 = DIRECTION('',(0.227798929537,0.973708194328,2.789732299068E-17)
  );
#2710 = ORIENTED_EDGE('',*,*,#2711,.T.);
#2711 = EDGE_CURVE('',#2704,#2712,#2714,.T.);
#2712 = VERTEX_POINT('',#2713);
#2713 = CARTESIAN_POINT('',(-2.998532298784,-1.848736968505,11.));
#2714 = LINE('',#2715,#2716);
#2715 = CARTESIAN_POINT('',(-3.118836420624,-2.23776073658,11.));
#2716 = VECTOR('',#2717,1.);
#2717 = DIRECTION('',(0.295441688645,0.955360774059,3.618117183337E-17)
  );
#2718 = ORIENTED_EDGE('',*,*,#2719,.T.);
#2719 = EDGE_CURVE('',#2712,#2720,#2722,.T.);
#2720 = VERTEX_POINT('',#2721);
#2721 = CARTESIAN_POINT('',(-2.826996681829,-1.411034788298,11.));
#2722 = LINE('',#2723,#2724);
#2723 = CARTESIAN_POINT('',(-3.017972253685,-1.898341306042,11.));
#2724 = VECTOR('',#2725,1.);
#2725 = DIRECTION('',(0.364880487416,0.931054364634,4.46849720985E-17));
#2726 = ORIENTED_EDGE('',*,*,#2727,.T.);
#2727 = EDGE_CURVE('',#2720,#2728,#2730,.T.);
#2728 = VERTEX_POINT('',#2729);
#2729 = CARTESIAN_POINT('',(-2.628235541433,-1.001154922349,11.));
#2730 = LINE('',#2731,#2732);
#2731 = CARTESIAN_POINT('',(-2.900327839348,-1.562256324631,11.));
#2732 = VECTOR('',#2733,1.);
#2733 = DIRECTION('',(0.436329509195,0.899786952231,5.343495368089E-17)
  );
#2734 = ORIENTED_EDGE('',*,*,#2735,.T.);
#2735 = EDGE_CURVE('',#2728,#2736,#2738,.T.);
#2736 = VERTEX_POINT('',#2737);
#2737 = CARTESIAN_POINT('',(-2.404163056034,-0.62304473783,11.));
#2738 = LINE('',#2739,#2740);
#2739 = CARTESIAN_POINT('',(-2.763469239672,-1.229354464578,11.));
#2740 = VECTOR('',#2741,1.);
#2741 = DIRECTION('',(0.509814498918,0.860284358043,6.243426942592E-17)
  );
#2742 = ORIENTED_EDGE('',*,*,#2743,.T.);
#2743 = EDGE_CURVE('',#2736,#2744,#2746,.T.);
#2744 = VERTEX_POINT('',#2745);
#2745 = CARTESIAN_POINT('',(-2.156937166156,-0.280345642514,11.));
#2746 = LINE('',#2747,#2748);
#2747 = CARTESIAN_POINT('',(-2.603848151627,-0.899843828903,11.));
#2748 = VECTOR('',#2749,1.);
#2749 = DIRECTION('',(0.585056534331,0.810992510222,7.164876120885E-17)
  );
#2750 = ORIENTED_EDGE('',*,*,#2751,.T.);
#2751 = EDGE_CURVE('',#2744,#2752,#2754,.T.);
#2752 = VERTEX_POINT('',#2753);
#2753 = CARTESIAN_POINT('',(-1.888938792267,2.364198397324E-02,11.));
#2754 = LINE('',#2755,#2756);
#2755 = CARTESIAN_POINT('',(-2.416569559981,-0.574843829246,11.));
#2756 = VECTOR('',#2757,1.);
#2757 = DIRECTION('',(0.661308020111,0.750114459624,8.098687500795E-17)
  );
#2758 = ORIENTED_EDGE('',*,*,#2759,.T.);
#2759 = EDGE_CURVE('',#2752,#2760,#2762,.T.);
#2760 = VERTEX_POINT('',#2761);
#2761 = CARTESIAN_POINT('',(-1.602748905208,0.285990574611,11.));
#2762 = LINE('',#2763,#2764);
#2763 = CARTESIAN_POINT('',(-2.195373906437,-0.257265287597,11.));
#2764 = VECTOR('',#2765,1.);
#2765 = DIRECTION('',(0.73714405468,0.675735630739,9.027411070738E-17));
#2766 = ORIENTED_EDGE('',*,*,#2767,.T.);
#2767 = EDGE_CURVE('',#2760,#2768,#2770,.T.);
#2768 = VERTEX_POINT('',#2769);
#2769 = CARTESIAN_POINT('',(-1.301123670041,0.504173569059,11.));
#2770 = LINE('',#2771,#2772);
#2771 = CARTESIAN_POINT('',(-1.933132414299,4.700505574594E-02,11.));
#2772 = VECTOR('',#2773,1.);
#2773 = DIRECTION('',(0.810242249642,0.586095126148,9.922605775586E-17)
  );
#2774 = ORIENTED_EDGE('',*,*,#2775,.T.);
#2775 = EDGE_CURVE('',#2768,#2776,#2778,.T.);
#2776 = VERTEX_POINT('',#2777);
#2777 = CARTESIAN_POINT('',(-0.986967902665,0.676089745807,11.));
#2778 = LINE('',#2779,#2780);
#2779 = CARTESIAN_POINT('',(-1.623244354405,0.327898732629,11.));
#2780 = VECTOR('',#2781,1.);
#2781 = DIRECTION('',(0.877239164988,0.480053588061,1.07430813549E-16));
#2782 = ORIENTED_EDGE('',*,*,#2783,.T.);
#2783 = EDGE_CURVE('',#2776,#2784,#2786,.T.);
#2784 = VERTEX_POINT('',#2785);
#2785 = CARTESIAN_POINT('',(-0.663307094855,0.800083458097,11.));
#2786 = LINE('',#2787,#2788);
#2787 = CARTESIAN_POINT('',(-1.262177666131,0.570657517354,11.));
#2788 = VECTOR('',#2789,1.);
#2789 = DIRECTION('',(0.933819638147,0.357744159158,1.143599230837E-16)
  );
#2790 = ORIENTED_EDGE('',*,*,#2791,.T.);
#2791 = EDGE_CURVE('',#2784,#2792,#2794,.T.);
#2792 = VERTEX_POINT('',#2793);
#2793 = CARTESIAN_POINT('',(-0.333258277121,0.874960578695,11.));
#2794 = LINE('',#2795,#2796);
#2795 = CARTESIAN_POINT('',(-0.852740963246,0.757107201716,11.));
#2796 = VECTOR('',#2797,1.);
#2797 = DIRECTION('',(0.975218333177,0.221244666909,1.194298010195E-16)
  );
#2798 = ORIENTED_EDGE('',*,*,#2799,.T.);
#2799 = EDGE_CURVE('',#2792,#2800,#2802,.T.);
#2800 = VERTEX_POINT('',#2801);
#2801 = CARTESIAN_POINT('',(-2.081899558551E-16,0.9,11.));
#2802 = LINE('',#2803,#2804);
#2803 = CARTESIAN_POINT('',(-0.406564657443,0.869452690468,11.));
#2804 = VECTOR('',#2805,1.);
#2805 = DIRECTION('',(0.997189247278,7.4923995583E-02,1.221204619823E-16
    ));
#2806 = ORIENTED_EDGE('',*,*,#2807,.T.);
#2807 = EDGE_CURVE('',#2800,#2808,#2810,.T.);
#2808 = VERTEX_POINT('',#2809);
#2809 = CARTESIAN_POINT('',(0.333258277121,0.874960578695,11.));
#2810 = LINE('',#2811,#2812);
#2811 = CARTESIAN_POINT('',(5.637521873045E-02,0.89576423768,11.));
#2812 = VECTOR('',#2813,1.);
#2813 = DIRECTION('',(0.997189247278,-7.4923995583E-02,
    1.221204619823E-16));
#2814 = ORIENTED_EDGE('',*,*,#2815,.T.);
#2815 = EDGE_CURVE('',#2808,#2816,#2818,.T.);
#2816 = VERTEX_POINT('',#2817);
#2817 = CARTESIAN_POINT('',(0.663307094855,0.800083458097,11.));
#2818 = LINE('',#2819,#2820);
#2819 = CARTESIAN_POINT('',(0.512155856121,0.83437465662,11.));
#2820 = VECTOR('',#2821,1.);
#2821 = DIRECTION('',(0.975218333177,-0.221244666909,1.194298010195E-16)
  );
#2822 = ORIENTED_EDGE('',*,*,#2823,.T.);
#2823 = EDGE_CURVE('',#2816,#2824,#2826,.T.);
#2824 = VERTEX_POINT('',#2825);
#2825 = CARTESIAN_POINT('',(0.986967902665,0.676089745807,11.));
#2826 = LINE('',#2827,#2828);
#2827 = CARTESIAN_POINT('',(0.939375539762,0.694322270755,11.));
#2828 = VECTOR('',#2829,1.);
#2829 = DIRECTION('',(0.933819638147,-0.357744159158,1.143599230837E-16)
  );
#2830 = ORIENTED_EDGE('',*,*,#2831,.T.);
#2831 = EDGE_CURVE('',#2824,#2832,#2834,.T.);
#2832 = VERTEX_POINT('',#2833);
#2833 = CARTESIAN_POINT('',(1.301123670041,0.504173569059,11.));
#2834 = LINE('',#2835,#2836);
#2835 = CARTESIAN_POINT('',(1.32411046108,0.491594454996,11.));
#2836 = VECTOR('',#2837,1.);
#2837 = DIRECTION('',(0.877239164988,-0.480053588061,1.07430813549E-16)
  );
#2838 = ORIENTED_EDGE('',*,*,#2839,.T.);
#2839 = EDGE_CURVE('',#2832,#2840,#2842,.T.);
#2840 = VERTEX_POINT('',#2841);
#2841 = CARTESIAN_POINT('',(1.602748905208,0.285990574611,11.));
#2842 = LINE('',#2843,#2844);
#2843 = CARTESIAN_POINT('',(1.66113354403,0.243757585317,11.));
#2844 = VECTOR('',#2845,1.);
#2845 = DIRECTION('',(0.810242249642,-0.586095126148,9.922605775586E-17)
  );
#2846 = ORIENTED_EDGE('',*,*,#2847,.T.);
#2847 = EDGE_CURVE('',#2840,#2848,#2850,.T.);
#2848 = VERTEX_POINT('',#2849);
#2849 = CARTESIAN_POINT('',(1.888938792267,2.364198397324E-02,11.));
#2850 = LINE('',#2851,#2852);
#2851 = CARTESIAN_POINT('',(1.951972637755,-3.414077242144E-02,11.));
#2852 = VECTOR('',#2853,1.);
#2853 = DIRECTION('',(0.73714405468,-0.675735630739,9.027411070738E-17)
  );
#2854 = ORIENTED_EDGE('',*,*,#2855,.T.);
#2855 = EDGE_CURVE('',#2848,#2856,#2858,.T.);
#2856 = VERTEX_POINT('',#2857);
#2857 = CARTESIAN_POINT('',(2.156937166156,-0.280345642514,11.));
#2858 = LINE('',#2859,#2860);
#2859 = CARTESIAN_POINT('',(2.2018410771,-0.331279657932,11.));
#2860 = VECTOR('',#2861,1.);
#2861 = DIRECTION('',(0.661308020111,-0.750114459624,8.098687500795E-17)
  );
#2862 = ORIENTED_EDGE('',*,*,#2863,.T.);
#2863 = EDGE_CURVE('',#2856,#2864,#2866,.T.);
#2864 = VERTEX_POINT('',#2865);
#2865 = CARTESIAN_POINT('',(2.404163056034,-0.62304473783,11.));
#2866 = LINE('',#2867,#2868);
#2867 = CARTESIAN_POINT('',(2.417049440817,-0.640907561214,11.));
#2868 = VECTOR('',#2869,1.);
#2869 = DIRECTION('',(0.585056534331,-0.810992510222,7.164876120885E-17)
  );
#2870 = ORIENTED_EDGE('',*,*,#2871,.T.);
#2871 = EDGE_CURVE('',#2864,#2872,#2874,.T.);
#2872 = VERTEX_POINT('',#2873);
#2873 = CARTESIAN_POINT('',(2.628235541433,-1.001154922349,11.));
#2874 = LINE('',#2875,#2876);
#2875 = CARTESIAN_POINT('',(2.603454355084,-0.959338012404,11.));
#2876 = VECTOR('',#2877,1.);
#2877 = DIRECTION('',(0.509814498918,-0.860284358043,6.243426942592E-17)
  );
#2878 = ORIENTED_EDGE('',*,*,#2879,.T.);
#2879 = EDGE_CURVE('',#2872,#2880,#2882,.T.);
#2880 = VERTEX_POINT('',#2881);
#2881 = CARTESIAN_POINT('',(2.826996681829,-1.411034788298,11.));
#2882 = LINE('',#2883,#2884);
#2883 = CARTESIAN_POINT('',(2.765803142401,-1.284843120814,11.));
#2884 = VECTOR('',#2885,1.);
#2885 = DIRECTION('',(0.436329509195,-0.899786952231,5.343495368089E-17)
  );
#2886 = ORIENTED_EDGE('',*,*,#2887,.T.);
#2887 = EDGE_CURVE('',#2880,#2888,#2890,.T.);
#2888 = VERTEX_POINT('',#2889);
#2889 = CARTESIAN_POINT('',(2.998532298784,-1.848736968505,11.));
#2890 = LINE('',#2891,#2892);
#2891 = CARTESIAN_POINT('',(2.907627671866,-1.616778416111,11.));
#2892 = VECTOR('',#2893,1.);
#2893 = DIRECTION('',(0.364880487416,-0.931054364634,4.46849720985E-17)
  );
#2894 = ORIENTED_EDGE('',*,*,#2895,.T.);
#2895 = EDGE_CURVE('',#2888,#2896,#2898,.T.);
#2896 = VERTEX_POINT('',#2897);
#2897 = CARTESIAN_POINT('',(3.141190410538,-2.310046151702,11.));
#2898 = LINE('',#2899,#2900);
#2899 = CARTESIAN_POINT('',(3.031394708591,-1.9550031404,11.));
#2900 = VECTOR('',#2901,1.);
#2901 = DIRECTION('',(0.295441688645,-0.955360774059,3.618117183337E-17)
  );
#2902 = ORIENTED_EDGE('',*,*,#2903,.T.);
#2903 = EDGE_CURVE('',#2896,#2904,#2906,.T.);
#2904 = VERTEX_POINT('',#2905);
#2905 = CARTESIAN_POINT('',(3.25359714149,-2.790519678277,11.));
#2906 = LINE('',#2907,#2908);
#2907 = CARTESIAN_POINT('',(3.13873401264,-2.299546476538,11.));
#2908 = VECTOR('',#2909,1.);
#2909 = DIRECTION('',(0.227798929537,-0.973708194328,2.789732299068E-17)
  );
#2910 = ORIENTED_EDGE('',*,*,#2911,.T.);
#2911 = EDGE_CURVE('',#2904,#2912,#2914,.T.);
#2912 = VERTEX_POINT('',#2913);
#2913 = CARTESIAN_POINT('',(3.334669953371,-3.285530325516,11.));
#2914 = LINE('',#2915,#2916);
#2915 = CARTESIAN_POINT('',(3.230655894296,-2.650446065948,11.));
#2916 = VECTOR('',#2917,1.);
#2917 = DIRECTION('',(0.161626555802,-0.986851993188,1.979354442201E-17)
  );
#2918 = ORIENTED_EDGE('',*,*,#2919,.T.);
#2919 = EDGE_CURVE('',#2912,#2920,#2922,.T.);
#2920 = VERTEX_POINT('',#2921);
#2921 = CARTESIAN_POINT('',(3.383628070685,-3.790310870286,11.));
#2922 = LINE('',#2923,#2924);
#2923 = CARTESIAN_POINT('',(3.307723129567,-3.007696267637,11.));
#2924 = VECTOR('',#2925,1.);
#2925 = DIRECTION('',(9.653592824982E-02,-0.995329500496,
    1.182224155339E-17));
#2926 = ORIENTED_EDGE('',*,*,#2927,.T.);
#2927 = EDGE_CURVE('',#2920,#2928,#2930,.T.);
#2928 = VERTEX_POINT('',#2929);
#2929 = CARTESIAN_POINT('',(3.4,-4.3,11.));
#2930 = LINE('',#2931,#2932);
#2931 = CARTESIAN_POINT('',(3.370167636655,-3.371262096331,11.));
#2932 = VECTOR('',#2933,1.);
#2933 = DIRECTION('',(3.210484340328E-02,-0.999484506648,
    3.931709371096E-18));
#2934 = ORIENTED_EDGE('',*,*,#2935,.T.);
#2935 = EDGE_CURVE('',#2928,#2936,#2938,.T.);
#2936 = VERTEX_POINT('',#2937);
#2937 = CARTESIAN_POINT('',(3.383628070685,-4.809689129714,11.));
#2938 = LINE('',#2939,#2940);
#2939 = CARTESIAN_POINT('',(3.417951679852,-3.741130247688,11.));
#2940 = VECTOR('',#2941,1.);
#2941 = DIRECTION('',(-3.210484340328E-02,-0.999484506648,
    -3.931709371096E-18));
#2942 = ORIENTED_EDGE('',*,*,#2943,.T.);
#2943 = EDGE_CURVE('',#2936,#2944,#2946,.T.);
#2944 = VERTEX_POINT('',#2945);
#2945 = CARTESIAN_POINT('',(3.334669953371,-5.314469674484,11.));
#2946 = LINE('',#2947,#2948);
#2947 = CARTESIAN_POINT('',(3.450774515388,-4.117378624416,11.));
#2948 = VECTOR('',#2949,1.);
#2949 = DIRECTION('',(-9.653592824982E-02,-0.995329500496,
    -1.182224155339E-17));
#2950 = ORIENTED_EDGE('',*,*,#2951,.T.);
#2951 = EDGE_CURVE('',#2944,#2952,#2954,.T.);
#2952 = VERTEX_POINT('',#2953);
#2953 = CARTESIAN_POINT('',(3.25359714149,-5.809480321723,11.));
#2954 = LINE('',#2955,#2956);
#2955 = CARTESIAN_POINT('',(3.468022725788,-4.500250447922,11.));
#2956 = VECTOR('',#2957,1.);
#2957 = DIRECTION('',(-0.161626555802,-0.986851993188,
    -1.979354442201E-17));
#2958 = ORIENTED_EDGE('',*,*,#2959,.T.);
#2959 = EDGE_CURVE('',#2952,#2960,#2962,.T.);
#2960 = VERTEX_POINT('',#2961);
#2961 = CARTESIAN_POINT('',(3.141190410538,-6.289953848298,11.));
#2962 = LINE('',#2963,#2964);
#2963 = CARTESIAN_POINT('',(3.468658300129,-4.890218704144,11.));
#2964 = VECTOR('',#2965,1.);
#2965 = DIRECTION('',(-0.227798929537,-0.973708194328,
    -2.789732299068E-17));
#2966 = ORIENTED_EDGE('',*,*,#2967,.T.);
#2967 = EDGE_CURVE('',#2960,#2968,#2970,.T.);
#2968 = VERTEX_POINT('',#2969);
#2969 = CARTESIAN_POINT('',(2.998532298784,-6.751263031495,11.));
#2970 = LINE('',#2971,#2972);
#2971 = CARTESIAN_POINT('',(3.451034349792,-5.288020955886,11.));
#2972 = VECTOR('',#2973,1.);
#2973 = DIRECTION('',(-0.295441688645,-0.955360774059,
    -3.618117183337E-17));
#2974 = ORIENTED_EDGE('',*,*,#2975,.T.);
#2975 = EDGE_CURVE('',#2968,#2976,#2978,.T.);
#2976 = VERTEX_POINT('',#2977);
#2977 = CARTESIAN_POINT('',(2.826996681829,-7.188965211702,11.));
#2978 = LINE('',#2979,#2980);
#2979 = CARTESIAN_POINT('',(3.412626269056,-5.694632129908,11.));
#2980 = VECTOR('',#2981,1.);
#2981 = DIRECTION('',(-0.364880487416,-0.931054364634,-4.46849720985E-17
    ));
#2982 = ORIENTED_EDGE('',*,*,#2983,.T.);
#2983 = EDGE_CURVE('',#2976,#2984,#2986,.T.);
#2984 = VERTEX_POINT('',#2985);
#2985 = CARTESIAN_POINT('',(2.628235541433,-7.598845077651,11.));
#2986 = LINE('',#2987,#2988);
#2987 = CARTESIAN_POINT('',(3.349670309688,-6.111121745439,11.));
#2988 = VECTOR('',#2989,1.);
#2989 = DIRECTION('',(-0.436329509195,-0.899786952231,
    -5.343495368089E-17));
#2990 = ORIENTED_EDGE('',*,*,#2991,.T.);
#2991 = EDGE_CURVE('',#2984,#2992,#2994,.T.);
#2992 = VERTEX_POINT('',#2993);
#2993 = CARTESIAN_POINT('',(2.404163056034,-7.97695526217,11.));
#2994 = LINE('',#2995,#2996);
#2995 = CARTESIAN_POINT('',(3.256720396095,-6.538310920857,11.));
#2996 = VECTOR('',#2997,1.);
#2997 = DIRECTION('',(-0.509814498918,-0.860284358043,
    -6.243426942592E-17));
#2998 = ORIENTED_EDGE('',*,*,#2999,.T.);
#2999 = EDGE_CURVE('',#2992,#3000,#3002,.T.);
#3000 = VERTEX_POINT('',#3001);
#3001 = CARTESIAN_POINT('',(2.156937166156,-8.319654357486,11.));
#3002 = LINE('',#3003,#3004);
#3003 = CARTESIAN_POINT('',(3.126182970717,-6.976107124119,11.));
#3004 = VECTOR('',#3005,1.);
#3005 = DIRECTION('',(-0.585056534331,-0.810992510222,
    -7.164876120885E-17));
#3006 = ORIENTED_EDGE('',*,*,#3007,.T.);
#3007 = EDGE_CURVE('',#3000,#3008,#3010,.T.);
#3008 = VERTEX_POINT('',#3009);
#3009 = CARTESIAN_POINT('',(1.888938792267,-8.623641983973,11.));
#3010 = LINE('',#3011,#3012);
#3011 = CARTESIAN_POINT('',(2.947991622199,-7.422369933614,11.));
#3012 = VECTOR('',#3013,1.);
#3013 = DIRECTION('',(-0.661308020111,-0.750114459624,
    -8.098687500795E-17));
#3014 = ORIENTED_EDGE('',*,*,#3015,.T.);
#3015 = EDGE_CURVE('',#3008,#3016,#3018,.T.);
#3016 = VERTEX_POINT('',#3017);
#3017 = CARTESIAN_POINT('',(1.602748905208,-8.885990574611,11.));
#3018 = LINE('',#3019,#3020);
#3019 = CARTESIAN_POINT('',(2.709758330054,-7.87120152872,11.));
#3020 = VECTOR('',#3021,1.);
#3021 = DIRECTION('',(-0.73714405468,-0.675735630739,-9.027411070738E-17
    ));
#3022 = ORIENTED_EDGE('',*,*,#3023,.T.);
#3023 = EDGE_CURVE('',#3016,#3024,#3026,.T.);
#3024 = VERTEX_POINT('',#3025);
#3025 = CARTESIAN_POINT('',(1.301123670041,-9.104173569059,11.));
#3026 = LINE('',#3027,#3028);
#3027 = CARTESIAN_POINT('',(2.397963527266,-8.310765801483,11.));
#3028 = VECTOR('',#3029,1.);
#3029 = DIRECTION('',(-0.810242249642,-0.586095126148,
    -9.922605775585E-17));
#3030 = ORIENTED_EDGE('',*,*,#3031,.T.);
#3031 = EDGE_CURVE('',#3024,#3032,#3034,.T.);
#3032 = VERTEX_POINT('',#3033);
#3033 = CARTESIAN_POINT('',(0.986967902665,-9.276089745807,11.));
#3034 = LINE('',#3035,#3036);
#3035 = CARTESIAN_POINT('',(2.000867411563,-8.72125120621,11.));
#3036 = VECTOR('',#3037,1.);
#3037 = DIRECTION('',(-0.877239164988,-0.480053588061,-1.07430813549E-16
    ));
#3038 = ORIENTED_EDGE('',*,*,#3039,.T.);
#3039 = EDGE_CURVE('',#3032,#3040,#3042,.T.);
#3040 = VERTEX_POINT('',#3041);
#3041 = CARTESIAN_POINT('',(0.663307094855,-9.400083458097,11.));
#3042 = LINE('',#3043,#3044);
#3043 = CARTESIAN_POINT('',(1.513458203625,-9.074392520425,11.));
#3044 = VECTOR('',#3045,1.);
#3045 = DIRECTION('',(-0.933819638147,-0.357744159158,
    -1.143599230837E-16));
#3046 = ORIENTED_EDGE('',*,*,#3047,.T.);
#3047 = EDGE_CURVE('',#3040,#3048,#3050,.T.);
#3048 = VERTEX_POINT('',#3049);
#3049 = CARTESIAN_POINT('',(0.333258277121,-9.474960578695,11.));
#3050 = LINE('',#3051,#3052);
#3051 = CARTESIAN_POINT('',(0.943437954042,-9.336531065239,11.));
#3052 = VECTOR('',#3053,1.);
#3053 = DIRECTION('',(-0.975218333177,-0.221244666909,
    -1.194298010195E-16));
#3054 = ORIENTED_EDGE('',*,*,#3055,.T.);
#3055 = EDGE_CURVE('',#3048,#3056,#3058,.T.);
#3056 = VERTEX_POINT('',#3057);
#3057 = CARTESIAN_POINT('',(6.245698675652E-16,-9.5,11.));
#3058 = LINE('',#3059,#3060);
#3059 = CARTESIAN_POINT('',(0.315203314022,-9.476317141634,11.));
#3060 = VECTOR('',#3061,1.);
#3061 = DIRECTION('',(-0.997189247278,-7.4923995583E-02,
    -1.221204619823E-16));
#3062 = ORIENTED_EDGE('',*,*,#3063,.T.);
#3063 = EDGE_CURVE('',#3056,#3064,#3066,.T.);
#3064 = VERTEX_POINT('',#3065);
#3065 = CARTESIAN_POINT('',(-0.333258277121,-9.474960578695,11.));
#3066 = LINE('',#3067,#3068);
#3067 = CARTESIAN_POINT('',(-0.332134475613,-9.475045015726,11.));
#3068 = VECTOR('',#3069,1.);
#3069 = DIRECTION('',(-0.997189247278,7.4923995583E-02,
    -1.221204619823E-16));
#3070 = ORIENTED_EDGE('',*,*,#3071,.T.);
#3071 = EDGE_CURVE('',#3064,#3072,#3074,.T.);
#3072 = VERTEX_POINT('',#3073);
#3073 = CARTESIAN_POINT('',(-0.663307094855,-9.400083458097,11.));
#3074 = LINE('',#3075,#3076);
#3075 = CARTESIAN_POINT('',(-0.953974243433,-9.334140730934,11.));
#3076 = VECTOR('',#3077,1.);
#3077 = DIRECTION('',(-0.975218333177,0.221244666909,-1.194298010195E-16
    ));
#3078 = ORIENTED_EDGE('',*,*,#3079,.T.);
#3079 = EDGE_CURVE('',#3072,#3080,#3082,.T.);
#3080 = VERTEX_POINT('',#3081);
#3081 = CARTESIAN_POINT('',(-0.986967902665,-9.276089745807,11.));
#3082 = LINE('',#3083,#3084);
#3083 = CARTESIAN_POINT('',(-1.512599522183,-9.074721479314,11.));
#3084 = VECTOR('',#3085,1.);
#3085 = DIRECTION('',(-0.933819638147,0.357744159158,-1.143599230837E-16
    ));
#3086 = ORIENTED_EDGE('',*,*,#3087,.T.);
#3087 = EDGE_CURVE('',#3080,#3088,#3090,.T.);
#3088 = VERTEX_POINT('',#3089);
#3089 = CARTESIAN_POINT('',(-1.301123670041,-9.104173569059,11.));
#3090 = LINE('',#3091,#3092);
#3091 = CARTESIAN_POINT('',(-1.985845537512,-8.729471660591,11.));
#3092 = VECTOR('',#3093,1.);
#3093 = DIRECTION('',(-0.877239164988,0.480053588061,-1.07430813549E-16)
  );
#3094 = ORIENTED_EDGE('',*,*,#3095,.T.);
#3095 = EDGE_CURVE('',#3088,#3096,#3098,.T.);
#3096 = VERTEX_POINT('',#3097);
#3097 = CARTESIAN_POINT('',(-1.602748905208,-8.885990574611,11.));
#3098 = LINE('',#3099,#3100);
#3099 = CARTESIAN_POINT('',(-2.368337162368,-8.332196266359,11.));
#3100 = VECTOR('',#3101,1.);
#3101 = DIRECTION('',(-0.810242249642,0.586095126148,-9.922605775586E-17
    ));
#3102 = ORIENTED_EDGE('',*,*,#3103,.T.);
#3103 = EDGE_CURVE('',#3096,#3104,#3106,.T.);
#3104 = VERTEX_POINT('',#3105);
#3105 = CARTESIAN_POINT('',(-1.888938792267,-8.623641983973,11.));
#3106 = LINE('',#3107,#3108);
#3107 = CARTESIAN_POINT('',(-2.666969711677,-7.910425604183,11.));
#3108 = VECTOR('',#3109,1.);
#3109 = DIRECTION('',(-0.73714405468,0.675735630739,-9.027411070738E-17)
  );
#3110 = ORIENTED_EDGE('',*,*,#3111,.T.);
#3111 = EDGE_CURVE('',#3104,#3112,#3114,.T.);
#3112 = VERTEX_POINT('',#3113);
#3113 = CARTESIAN_POINT('',(-2.156937166156,-8.319654357486,11.));
#3114 = LINE('',#3115,#3116);
#3115 = CARTESIAN_POINT('',(-2.89472173119,-7.482793388786,11.));
#3116 = VECTOR('',#3117,1.);
#3117 = DIRECTION('',(-0.661308020111,0.750114459624,-8.098687500795E-17
    ));
#3118 = ORIENTED_EDGE('',*,*,#3119,.T.);
#3119 = EDGE_CURVE('',#3112,#3120,#3122,.T.);
#3120 = VERTEX_POINT('',#3121);
#3121 = CARTESIAN_POINT('',(-2.404163056034,-7.97695526217,11.));
#3122 = LINE('',#3123,#3124);
#3123 = CARTESIAN_POINT('',(-3.06575579165,-7.059869951747,11.));
#3124 = VECTOR('',#3125,1.);
#3125 = DIRECTION('',(-0.585056534331,0.810992510222,-7.164876120885E-17
    ));
#3126 = ORIENTED_EDGE('',*,*,#3127,.T.);
#3127 = EDGE_CURVE('',#3120,#3128,#3130,.T.);
#3128 = VERTEX_POINT('',#3129);
#3129 = CARTESIAN_POINT('',(-2.628235541433,-7.598845077651,11.));
#3130 = LINE('',#3131,#3132);
#3131 = CARTESIAN_POINT('',(-3.192662795284,-6.646404653201,11.));
#3132 = VECTOR('',#3133,1.);
#3133 = DIRECTION('',(-0.509814498918,0.860284358043,-6.243426942592E-17
    ));
#3134 = ORIENTED_EDGE('',*,*,#3135,.T.);
#3135 = EDGE_CURVE('',#3128,#3136,#3138,.T.);
#3136 = VERTEX_POINT('',#3137);
#3137 = CARTESIAN_POINT('',(-2.826996681829,-7.188965211702,11.));
#3138 = LINE('',#3139,#3140);
#3139 = CARTESIAN_POINT('',(-3.28543386624,-6.243588407571,11.));
#3140 = VECTOR('',#3141,1.);
#3141 = DIRECTION('',(-0.436329509195,0.899786952231,-5.343495368089E-17
    ));
#3142 = ORIENTED_EDGE('',*,*,#3143,.T.);
#3143 = EDGE_CURVE('',#3136,#3144,#3146,.T.);
#3144 = VERTEX_POINT('',#3145);
#3145 = CARTESIAN_POINT('',(-2.998532298784,-6.751263031495,11.));
#3146 = LINE('',#3147,#3148);
#3147 = CARTESIAN_POINT('',(-3.351435233919,-5.850771420184,11.));
#3148 = VECTOR('',#3149,1.);
#3149 = DIRECTION('',(-0.364880487416,0.931054364634,-4.46849720985E-17)
  );
#3150 = ORIENTED_EDGE('',*,*,#3151,.T.);
#3151 = EDGE_CURVE('',#3144,#3152,#3154,.T.);
#3152 = VERTEX_POINT('',#3153);
#3153 = CARTESIAN_POINT('',(-3.141190410538,-6.289953848298,11.));
#3154 = LINE('',#3155,#3156);
#3155 = CARTESIAN_POINT('',(-3.395817950071,-5.466572542904,11.));
#3156 = VECTOR('',#3157,1.);
#3157 = DIRECTION('',(-0.295441688645,0.955360774059,-3.618117183337E-17
    ));
#3158 = ORIENTED_EDGE('',*,*,#3159,.T.);
#3159 = EDGE_CURVE('',#3152,#3160,#3162,.T.);
#3160 = VERTEX_POINT('',#3161);
#3161 = CARTESIAN_POINT('',(-3.25359714149,-5.809480321723,11.));
#3162 = LINE('',#3163,#3164);
#3163 = CARTESIAN_POINT('',(-3.422034083979,-5.089510164433,11.));
#3164 = VECTOR('',#3165,1.);
#3165 = DIRECTION('',(-0.227798929537,0.973708194328,-2.789732299068E-17
    ));
#3166 = ORIENTED_EDGE('',*,*,#3167,.T.);
#3167 = EDGE_CURVE('',#3160,#3168,#3170,.T.);
#3168 = VERTEX_POINT('',#3169);
#3169 = CARTESIAN_POINT('',(-3.334669953371,-5.314469674484,11.));
#3170 = LINE('',#3171,#3172);
#3171 = CARTESIAN_POINT('',(-3.43230856208,-4.718312346632,11.));
#3172 = VECTOR('',#3173,1.);
#3173 = DIRECTION('',(-0.161626555802,0.986851993188,-1.979354442201E-17
    ));
#3174 = ORIENTED_EDGE('',*,*,#3175,.T.);
#3175 = EDGE_CURVE('',#3168,#2670,#3176,.T.);
#3176 = LINE('',#3177,#3178);
#3177 = CARTESIAN_POINT('',(-3.428015746234,-4.352031926506,11.));
#3178 = VECTOR('',#3179,1.);
#3179 = DIRECTION('',(-9.653592824982E-02,0.995329500496,
    -1.182224155339E-17));
#3180 = FACE_BOUND('',#3181,.T.);
#3181 = EDGE_LOOP('',(#3182,#3192,#3200,#3208,#3216,#3224,#3232,#3240,
    #3248,#3256,#3264,#3272,#3280,#3288,#3296,#3304,#3312,#3320,#3328,
    #3336,#3344,#3352,#3360,#3368,#3376,#3384,#3392,#3400,#3408,#3416,
    #3424,#3432,#3440,#3448,#3456,#3464,#3472,#3480,#3488,#3496,#3504,
    #3512,#3520,#3528,#3536,#3544,#3552,#3560,#3568,#3576,#3584,#3592,
    #3600,#3608,#3616,#3624,#3632,#3640,#3648,#3656,#3664,#3672,#3680,
    #3688));
#3182 = ORIENTED_EDGE('',*,*,#3183,.T.);
#3183 = EDGE_CURVE('',#3184,#3186,#3188,.T.);
#3184 = VERTEX_POINT('',#3185);
#3185 = CARTESIAN_POINT('',(-7.68796181668,4.796146864978,11.));
#3186 = VERTEX_POINT('',#3187);
#3187 = CARTESIAN_POINT('',(-7.7,5.1,11.));
#3188 = LINE('',#3189,#3190);
#3189 = CARTESIAN_POINT('',(-7.526584150322,0.722848714912,11.));
#3190 = VECTOR('',#3191,1.);
#3191 = DIRECTION('',(-3.958737085524E-02,0.999216112795,
    -4.848054700453E-18));
#3192 = ORIENTED_EDGE('',*,*,#3193,.T.);
#3193 = EDGE_CURVE('',#3186,#3194,#3196,.T.);
#3194 = VERTEX_POINT('',#3195);
#3195 = CARTESIAN_POINT('',(-7.68796181668,5.403853135022,11.));
#3196 = LINE('',#3197,#3198);
#3197 = CARTESIAN_POINT('',(-7.855618918868,1.172057127582,11.));
#3198 = VECTOR('',#3199,1.);
#3199 = DIRECTION('',(3.958737085524E-02,0.999216112795,
    4.848054700453E-18));
#3200 = ORIENTED_EDGE('',*,*,#3201,.T.);
#3201 = EDGE_CURVE('',#3194,#3202,#3204,.T.);
#3202 = VERTEX_POINT('',#3203);
#3203 = CARTESIAN_POINT('',(-7.651963201008,5.70477999825,11.));
#3204 = LINE('',#3205,#3206);
#3205 = CARTESIAN_POINT('',(-8.134488419905,1.671158209216,11.));
#3206 = VECTOR('',#3207,1.);
#3207 = DIRECTION('',(0.118778932436,0.992920724534,1.454622394143E-17)
  );
#3208 = ORIENTED_EDGE('',*,*,#3209,.T.);
#3209 = EDGE_CURVE('',#3202,#3210,#3212,.T.);
#3210 = VERTEX_POINT('',#3211);
#3211 = CARTESIAN_POINT('',(-7.592350839331,5.999882499489,11.));
#3212 = LINE('',#3213,#3214);
#3213 = CARTESIAN_POINT('',(-8.356717003839,2.215996730476,11.));
#3214 = VECTOR('',#3215,1.);
#3215 = DIRECTION('',(0.198006062582,0.980200795338,2.424874907524E-17)
  );
#3216 = ORIENTED_EDGE('',*,*,#3217,.T.);
#3217 = EDGE_CURVE('',#3210,#3218,#3220,.T.);
#3218 = VERTEX_POINT('',#3219);
#3219 = CARTESIAN_POINT('',(-7.509698831278,6.286318640332,11.));
#3220 = LINE('',#3221,#3222);
#3221 = CARTESIAN_POINT('',(-8.515112522979,2.801989286601,11.));
#3222 = VECTOR('',#3223,1.);
#3223 = DIRECTION('',(0.277241777037,0.960800185817,3.395232548377E-17)
  );
#3224 = ORIENTED_EDGE('',*,*,#3225,.T.);
#3225 = EDGE_CURVE('',#3218,#3226,#3228,.T.);
#3226 = VERTEX_POINT('',#3227);
#3227 = CARTESIAN_POINT('',(-7.404803160871,6.561329884161,11.));
#3228 = LINE('',#3229,#3230);
#3229 = CARTESIAN_POINT('',(-8.601593624019,3.423632850578,11.));
#3230 = VECTOR('',#3231,1.);
#3231 = DIRECTION('',(0.356379457965,0.934341309127,4.364389624791E-17)
  );
#3232 = ORIENTED_EDGE('',*,*,#3233,.T.);
#3233 = EDGE_CURVE('',#3226,#3234,#3236,.T.);
#3234 = VERTEX_POINT('',#3235);
#3235 = CARTESIAN_POINT('',(-7.278674030756,6.822267722361,11.));
#3236 = LINE('',#3237,#3238);
#3237 = CARTESIAN_POINT('',(-8.607160754345,4.073874441475,11.));
#3238 = VECTOR('',#3239,1.);
#3239 = DIRECTION('',(0.435194322623,0.900336549051,5.329593342068E-17)
  );
#3240 = ORIENTED_EDGE('',*,*,#3241,.T.);
#3241 = EDGE_CURVE('',#3234,#3242,#3244,.T.);
#3242 = VERTEX_POINT('',#3243);
#3243 = CARTESIAN_POINT('',(-7.132526133407,7.066619180907,11.));
#3244 = LINE('',#3245,#3246);
#3245 = CARTESIAN_POINT('',(-8.522087873412,4.743346358866,11.));
#3246 = VECTOR('',#3247,1.);
#3247 = DIRECTION('',(0.51329961757,0.85820947478,6.286107336605E-17));
#3248 = ORIENTED_EDGE('',*,*,#3249,.T.);
#3249 = EDGE_CURVE('',#3242,#3250,#3252,.T.);
#3250 = VERTEX_POINT('',#3251);
#3251 = CARTESIAN_POINT('',(-6.967766952966,7.292031021678,11.));
#3252 = LINE('',#3253,#3254);
#3253 = CARTESIAN_POINT('',(-8.336441571163,5.419507352409,11.));
#3254 = VECTOR('',#3255,1.);
#3255 = DIRECTION('',(0.590098636788,0.807331158114,7.226624067237E-17)
  );
#3256 = ORIENTED_EDGE('',*,*,#3257,.T.);
#3257 = EDGE_CURVE('',#3250,#3258,#3260,.T.);
#3258 = VERTEX_POINT('',#3259);
#3259 = CARTESIAN_POINT('',(-6.785983210409,7.496332405424,11.));
#3260 = LINE('',#3261,#3262);
#3261 = CARTESIAN_POINT('',(-8.041053170917,6.085796314447,11.));
#3262 = VECTOR('',#3263,1.);
#3263 = DIRECTION('',(0.664736580563,0.747077826241,8.140675256625E-17)
  );
#3264 = ORIENTED_EDGE('',*,*,#3265,.T.);
#3265 = EDGE_CURVE('',#3258,#3266,#3268,.T.);
#3266 = VERTEX_POINT('',#3267);
#3267 = CARTESIAN_POINT('',(-6.588925582549,7.677555798138,11.));
#3268 = LINE('',#3269,#3270);
#3269 = CARTESIAN_POINT('',(-7.629053778853,6.72100535836,11.));
#3270 = VECTOR('',#3271,1.);
#3271 = DIRECTION('',(0.736060580988,0.676915667654,9.014142344855E-17)
  );
#3272 = ORIENTED_EDGE('',*,*,#3273,.T.);
#3273 = EDGE_CURVE('',#3266,#3274,#3276,.T.);
#3274 = VERTEX_POINT('',#3275);
#3275 = CARTESIAN_POINT('',(-6.378491842065,7.83395591948,11.));
#3276 = LINE('',#3277,#3278);
#3277 = CARTESIAN_POINT('',(-7.097996446904,7.299200384345,11.));
#3278 = VECTOR('',#3279,1.);
#3279 = DIRECTION('',(0.802601572549,0.596515478208,9.829034468127E-17)
  );
#3280 = ORIENTED_EDGE('',*,*,#3281,.T.);
#3281 = EDGE_CURVE('',#3274,#3282,#3284,.T.);
#3282 = VERTEX_POINT('',#3283);
#3283 = CARTESIAN_POINT('',(-6.156708580913,7.964026550785,11.));
#3284 = LINE('',#3285,#3286);
#3285 = CARTESIAN_POINT('',(-6.45239695722,7.790612319359,11.));
#3286 = VECTOR('',#3287,1.);
#3287 = DIRECTION('',(0.862596558122,0.505892456868,1.05637611386E-16));
#3288 = ORIENTED_EDGE('',*,*,#3289,.T.);
#3289 = EDGE_CURVE('',#3282,#3290,#3292,.T.);
#3290 = VERTEX_POINT('',#3291);
#3291 = CARTESIAN_POINT('',(-5.925711693136,8.06651504077,11.));
#3292 = LINE('',#3293,#3294);
#3293 = CARTESIAN_POINT('',(-5.706220066854,8.163898886754,11.));
#3294 = VECTOR('',#3295,1.);
#3295 = DIRECTION('',(0.914071001405,0.405554194148,1.119414126064E-16)
  );
#3296 = ORIENTED_EDGE('',*,*,#3297,.T.);
#3297 = EDGE_CURVE('',#3290,#3298,#3300,.T.);
#3298 = VERTEX_POINT('',#3299);
#3299 = CARTESIAN_POINT('',(-5.68772580504,8.14043436925,11.));
#3300 = LINE('',#3301,#3302);
#3301 = CARTESIAN_POINT('',(-4.884500197482,8.389919319823,11.));
#3302 = VECTOR('',#3303,1.);
#3303 = DIRECTION('',(0.954994091284,0.296624822989,1.169530457095E-16)
  );
#3304 = ORIENTED_EDGE('',*,*,#3305,.T.);
#3305 = EDGE_CURVE('',#3298,#3306,#3308,.T.);
#3306 = VERTEX_POINT('',#3307);
#3307 = CARTESIAN_POINT('',(-5.445042850824,8.185072652684,11.));
#3308 = LINE('',#3309,#3310);
#3309 = CARTESIAN_POINT('',(-4.0231131232,8.446617607127,11.));
#3310 = VECTOR('',#3311,1.);
#3311 = DIRECTION('',(0.983501148584,0.180901881509,1.204441533571E-16)
  );
#3312 = ORIENTED_EDGE('',*,*,#3313,.T.);
#3313 = EDGE_CURVE('',#3306,#3314,#3316,.T.);
#3314 = VERTEX_POINT('',#3315);
#3315 = CARTESIAN_POINT('',(-5.2,8.2,11.));
#3316 = LINE('',#3317,#3318);
#3317 = CARTESIAN_POINT('',(-3.165968537945,8.323907691998,11.));
#3318 = VECTOR('',#3319,1.);
#3319 = DIRECTION('',(0.998149689834,6.080457782628E-02,
    1.222380822725E-16));
#3320 = ORIENTED_EDGE('',*,*,#3321,.T.);
#3321 = EDGE_CURVE('',#3314,#3322,#3324,.T.);
#3322 = VERTEX_POINT('',#3323);
#3323 = CARTESIAN_POINT('',(-4.954957149176,8.185072652684,11.));
#3324 = LINE('',#3325,#3326);
#3325 = CARTESIAN_POINT('',(-2.359692372768,8.026976146033,11.));
#3326 = VECTOR('',#3327,1.);
#3327 = DIRECTION('',(0.998149689834,-6.080457782628E-02,
    1.222380822725E-16));
#3328 = ORIENTED_EDGE('',*,*,#3329,.T.);
#3329 = EDGE_CURVE('',#3322,#3330,#3332,.T.);
#3330 = VERTEX_POINT('',#3331);
#3331 = CARTESIAN_POINT('',(-4.71227419496,8.14043436925,11.));
#3332 = LINE('',#3333,#3334);
#3333 = CARTESIAN_POINT('',(-1.646956445263,7.576610169205,11.));
#3334 = VECTOR('',#3335,1.);
#3335 = DIRECTION('',(0.983501148584,-0.180901881509,1.204441533571E-16)
  );
#3336 = ORIENTED_EDGE('',*,*,#3337,.T.);
#3337 = EDGE_CURVE('',#3330,#3338,#3340,.T.);
#3338 = VERTEX_POINT('',#3339);
#3339 = CARTESIAN_POINT('',(-4.474288306864,8.06651504077,11.));
#3340 = LINE('',#3341,#3342);
#3341 = CARTESIAN_POINT('',(-1.060376019081,7.006140806725,11.));
#3342 = VECTOR('',#3343,1.);
#3343 = DIRECTION('',(0.954994091284,-0.296624822989,1.169530457095E-16)
  );
#3344 = ORIENTED_EDGE('',*,*,#3345,.T.);
#3345 = EDGE_CURVE('',#3338,#3346,#3348,.T.);
#3346 = VERTEX_POINT('',#3347);
#3347 = CARTESIAN_POINT('',(-4.243291419087,7.964026550785,11.));
#3348 = LINE('',#3349,#3350);
#3349 = CARTESIAN_POINT('',(-0.618779421096,6.355906349766,11.));
#3350 = VECTOR('',#3351,1.);
#3351 = DIRECTION('',(0.914071001405,-0.405554194148,1.119414126064E-16)
  );
#3352 = ORIENTED_EDGE('',*,*,#3353,.T.);
#3353 = EDGE_CURVE('',#3346,#3354,#3356,.T.);
#3354 = VERTEX_POINT('',#3355);
#3355 = CARTESIAN_POINT('',(-4.021508157935,7.83395591948,11.));
#3356 = LINE('',#3357,#3358);
#3357 = CARTESIAN_POINT('',(-0.326669276137,5.667020401312,11.));
#3358 = VECTOR('',#3359,1.);
#3359 = DIRECTION('',(0.862596558122,-0.505892456868,1.05637611386E-16)
  );
#3360 = ORIENTED_EDGE('',*,*,#3361,.T.);
#3361 = EDGE_CURVE('',#3354,#3362,#3364,.T.);
#3362 = VERTEX_POINT('',#3363);
#3363 = CARTESIAN_POINT('',(-3.811074417451,7.677555798138,11.));
#3364 = LINE('',#3365,#3366);
#3365 = CARTESIAN_POINT('',(-0.176451574169,4.976204520466,11.));
#3366 = VECTOR('',#3367,1.);
#3367 = DIRECTION('',(0.802601572549,-0.596515478208,9.829034468127E-17)
  );
#3368 = ORIENTED_EDGE('',*,*,#3369,.T.);
#3369 = EDGE_CURVE('',#3362,#3370,#3372,.T.);
#3370 = VERTEX_POINT('',#3371);
#3371 = CARTESIAN_POINT('',(-3.614016789591,7.496332405424,11.));
#3372 = LINE('',#3373,#3374);
#3373 = CARTESIAN_POINT('',(-0.152203780988,4.312687574361,11.));
#3374 = VECTOR('',#3375,1.);
#3375 = DIRECTION('',(0.736060580988,-0.676915667654,9.014142344855E-17)
  );
#3376 = ORIENTED_EDGE('',*,*,#3377,.T.);
#3377 = EDGE_CURVE('',#3370,#3378,#3380,.T.);
#3378 = VERTEX_POINT('',#3379);
#3379 = CARTESIAN_POINT('',(-3.432233047034,7.292031021678,11.));
#3380 = LINE('',#3381,#3382);
#3381 = CARTESIAN_POINT('',(-0.233658698508,3.69724770263,11.));
#3382 = VECTOR('',#3383,1.);
#3383 = DIRECTION('',(0.664736580563,-0.747077826241,8.140675256625E-17)
  );
#3384 = ORIENTED_EDGE('',*,*,#3385,.T.);
#3385 = EDGE_CURVE('',#3378,#3386,#3388,.T.);
#3386 = VERTEX_POINT('',#3387);
#3387 = CARTESIAN_POINT('',(-3.267473866593,7.066619180907,11.));
#3388 = LINE('',#3389,#3390);
#3389 = CARTESIAN_POINT('',(-0.39949228024,3.142849913854,11.));
#3390 = VECTOR('',#3391,1.);
#3391 = DIRECTION('',(0.590098636788,-0.807331158114,7.226624067237E-17)
  );
#3392 = ORIENTED_EDGE('',*,*,#3393,.T.);
#3393 = EDGE_CURVE('',#3386,#3394,#3396,.T.);
#3394 = VERTEX_POINT('',#3395);
#3395 = CARTESIAN_POINT('',(-3.121325969244,6.822267722361,11.));
#3396 = LINE('',#3397,#3398);
#3397 = CARTESIAN_POINT('',(-0.629545141829,2.656143607,11.));
#3398 = VECTOR('',#3399,1.);
#3399 = DIRECTION('',(0.51329961757,-0.85820947478,6.286107336605E-17));
#3400 = ORIENTED_EDGE('',*,*,#3401,.T.);
#3401 = EDGE_CURVE('',#3394,#3402,#3404,.T.);
#3402 = VERTEX_POINT('',#3403);
#3403 = CARTESIAN_POINT('',(-2.995196839129,6.561329884161,11.));
#3404 = LINE('',#3405,#3406);
#3405 = CARTESIAN_POINT('',(-0.906015996408,2.23920118785,11.));
#3406 = VECTOR('',#3407,1.);
#3407 = DIRECTION('',(0.435194322623,-0.900336549051,5.329593342068E-17)
  );
#3408 = ORIENTED_EDGE('',*,*,#3409,.T.);
#3409 = EDGE_CURVE('',#3402,#3410,#3412,.T.);
#3410 = VERTEX_POINT('',#3411);
#3411 = CARTESIAN_POINT('',(-2.890301168722,6.286318640332,11.));
#3412 = LINE('',#3413,#3414);
#3413 = CARTESIAN_POINT('',(-1.213866285709,1.891109185213,11.));
#3414 = VECTOR('',#3415,1.);
#3415 = DIRECTION('',(0.356379457965,-0.934341309127,4.364389624791E-17)
  );
#3416 = ORIENTED_EDGE('',*,*,#3417,.T.);
#3417 = EDGE_CURVE('',#3410,#3418,#3420,.T.);
#3418 = VERTEX_POINT('',#3419);
#3419 = CARTESIAN_POINT('',(-2.807649160669,5.999882499489,11.));
#3420 = LINE('',#3421,#3422);
#3421 = CARTESIAN_POINT('',(-1.540714511129,1.609234525337,11.));
#3422 = VECTOR('',#3423,1.);
#3423 = DIRECTION('',(0.277241777037,-0.960800185817,3.395232548377E-17)
  );
#3424 = ORIENTED_EDGE('',*,*,#3425,.T.);
#3425 = EDGE_CURVE('',#3418,#3426,#3428,.T.);
#3426 = VERTEX_POINT('',#3427);
#3427 = CARTESIAN_POINT('',(-2.748036798992,5.70477999825,11.));
#3428 = LINE('',#3429,#3430);
#3429 = CARTESIAN_POINT('',(-1.876453259159,1.390129892045,11.));
#3430 = VECTOR('',#3431,1.);
#3431 = DIRECTION('',(0.198006062582,-0.980200795338,2.424874907524E-17)
  );
#3432 = ORIENTED_EDGE('',*,*,#3433,.T.);
#3433 = EDGE_CURVE('',#3426,#3434,#3436,.T.);
#3434 = VERTEX_POINT('',#3435);
#3435 = CARTESIAN_POINT('',(-2.71203818332,5.403853135022,11.));
#3436 = LINE('',#3437,#3438);
#3437 = CARTESIAN_POINT('',(-2.21275139544,1.230114669765,11.));
#3438 = VECTOR('',#3439,1.);
#3439 = DIRECTION('',(0.118778932436,-0.992920724534,1.454622394143E-17)
  );
#3440 = ORIENTED_EDGE('',*,*,#3441,.T.);
#3441 = EDGE_CURVE('',#3434,#3442,#3444,.T.);
#3442 = VERTEX_POINT('',#3443);
#3443 = CARTESIAN_POINT('',(-2.7,5.1,11.));
#3444 = LINE('',#3445,#3446);
#3445 = CARTESIAN_POINT('',(-2.54254023347,1.125592696988,11.));
#3446 = VECTOR('',#3447,1.);
#3447 = DIRECTION('',(3.958737085524E-02,-0.999216112795,
    4.848054700453E-18));
#3448 = ORIENTED_EDGE('',*,*,#3449,.T.);
#3449 = EDGE_CURVE('',#3442,#3450,#3452,.T.);
#3450 = VERTEX_POINT('',#3451);
#3451 = CARTESIAN_POINT('',(-2.71203818332,4.796146864978,11.));
#3452 = LINE('',#3453,#3454);
#3453 = CARTESIAN_POINT('',(-2.859536818696,1.073166280527,11.));
#3454 = VECTOR('',#3455,1.);
#3455 = DIRECTION('',(-3.958737085524E-02,-0.999216112795,
    -4.848054700453E-18));
#3456 = ORIENTED_EDGE('',*,*,#3457,.T.);
#3457 = EDGE_CURVE('',#3450,#3458,#3460,.T.);
#3458 = VERTEX_POINT('',#3459);
#3459 = CARTESIAN_POINT('',(-2.748036798992,4.49522000175,11.));
#3460 = LINE('',#3461,#3462);
#3461 = CARTESIAN_POINT('',(-3.157830183217,1.069592782949,11.));
#3462 = VECTOR('',#3463,1.);
#3463 = DIRECTION('',(-0.118778932436,-0.992920724534,
    -1.454622394143E-17));
#3464 = ORIENTED_EDGE('',*,*,#3465,.T.);
#3465 = EDGE_CURVE('',#3458,#3466,#3468,.T.);
#3466 = VERTEX_POINT('',#3467);
#3467 = CARTESIAN_POINT('',(-2.807649160669,4.200117500511,11.));
#3468 = LINE('',#3469,#3470);
#3469 = CARTESIAN_POINT('',(-3.431544104555,1.111614490906,11.));
#3470 = VECTOR('',#3471,1.);
#3471 = DIRECTION('',(-0.198006062582,-0.980200795338,
    -2.424874907524E-17));
#3472 = ORIENTED_EDGE('',*,*,#3473,.T.);
#3473 = EDGE_CURVE('',#3466,#3474,#3476,.T.);
#3474 = VERTEX_POINT('',#3475);
#3475 = CARTESIAN_POINT('',(-2.890301168722,3.913681359668,11.));
#3476 = LINE('',#3477,#3478);
#3477 = CARTESIAN_POINT('',(-3.674588857173,1.195679170919,11.));
#3478 = VECTOR('',#3479,1.);
#3479 = DIRECTION('',(-0.277241777037,-0.960800185817,
    -3.395232548377E-17));
#3480 = ORIENTED_EDGE('',*,*,#3481,.T.);
#3481 = EDGE_CURVE('',#3474,#3482,#3484,.T.);
#3482 = VERTEX_POINT('',#3483);
#3483 = CARTESIAN_POINT('',(-2.995196839129,3.638670115839,11.));
#3484 = LINE('',#3485,#3486);
#3485 = CARTESIAN_POINT('',(-3.880521866505,1.317560616982,11.));
#3486 = VECTOR('',#3487,1.);
#3487 = DIRECTION('',(-0.356379457965,-0.934341309127,
    -4.364389624791E-17));
#3488 = ORIENTED_EDGE('',*,*,#3489,.T.);
#3489 = EDGE_CURVE('',#3482,#3490,#3492,.T.);
#3490 = VERTEX_POINT('',#3491);
#3491 = CARTESIAN_POINT('',(-3.121325969244,3.377732277639,11.));
#3492 = LINE('',#3493,#3494);
#3493 = CARTESIAN_POINT('',(-4.042550884776,1.471888340265,11.));
#3494 = VECTOR('',#3495,1.);
#3495 = DIRECTION('',(-0.435194322623,-0.900336549051,
    -5.329593342068E-17));
#3496 = ORIENTED_EDGE('',*,*,#3497,.T.);
#3497 = EDGE_CURVE('',#3490,#3498,#3500,.T.);
#3498 = VERTEX_POINT('',#3499);
#3499 = CARTESIAN_POINT('',(-3.267473866593,3.133380819093,11.));
#3500 = LINE('',#3501,#3502);
#3501 = CARTESIAN_POINT('',(-4.153730607142,1.651607005531,11.));
#3502 = VECTOR('',#3503,1.);
#3503 = DIRECTION('',(-0.51329961757,-0.85820947478,-6.286107336605E-17)
  );
#3504 = ORIENTED_EDGE('',*,*,#3505,.T.);
#3505 = EDGE_CURVE('',#3498,#3506,#3508,.T.);
#3506 = VERTEX_POINT('',#3507);
#3507 = CARTESIAN_POINT('',(-3.432233047034,2.907968978322,11.));
#3508 = LINE('',#3509,#3510);
#3509 = CARTESIAN_POINT('',(-4.207419357601,1.84741397472,11.));
#3510 = VECTOR('',#3511,1.);
#3511 = DIRECTION('',(-0.590098636788,-0.807331158114,
    -7.226624067237E-17));
#3512 = ORIENTED_EDGE('',*,*,#3513,.T.);
#3513 = EDGE_CURVE('',#3506,#3514,#3516,.T.);
#3514 = VERTEX_POINT('',#3515);
#3515 = CARTESIAN_POINT('',(-3.614016789591,2.703667594576,11.));
#3516 = LINE('',#3517,#3518);
#3517 = CARTESIAN_POINT('',(-4.198066357887,2.047271520313,11.));
#3518 = VECTOR('',#3519,1.);
#3519 = DIRECTION('',(-0.664736580563,-0.747077826241,
    -8.140675256625E-17));
#3520 = ORIENTED_EDGE('',*,*,#3521,.T.);
#3521 = EDGE_CURVE('',#3514,#3522,#3524,.T.);
#3522 = VERTEX_POINT('',#3523);
#3523 = CARTESIAN_POINT('',(-3.811074417451,2.522444201862,11.));
#3524 = LINE('',#3525,#3526);
#3525 = CARTESIAN_POINT('',(-4.122374682765,2.236157947199,11.));
#3526 = VECTOR('',#3527,1.);
#3527 = DIRECTION('',(-0.736060580988,-0.676915667654,
    -9.014142344855E-17));
#3528 = ORIENTED_EDGE('',*,*,#3529,.T.);
#3529 = EDGE_CURVE('',#3522,#3530,#3532,.T.);
#3530 = VERTEX_POINT('',#3531);
#3531 = CARTESIAN_POINT('',(-4.021508157935,2.36604408052,11.));
#3532 = LINE('',#3533,#3534);
#3533 = CARTESIAN_POINT('',(-3.980806883684,2.396294382667,11.));
#3534 = VECTOR('',#3535,1.);
#3535 = DIRECTION('',(-0.802601572549,-0.596515478208,
    -9.829034468127E-17));
#3536 = ORIENTED_EDGE('',*,*,#3537,.T.);
#3537 = EDGE_CURVE('',#3530,#3538,#3540,.T.);
#3538 = VERTEX_POINT('',#3539);
#3539 = CARTESIAN_POINT('',(-4.243291419087,2.235973449215,11.));
#3540 = LINE('',#3541,#3542);
#3541 = CARTESIAN_POINT('',(-3.779250353993,2.508122546377,11.));
#3542 = VECTOR('',#3543,1.);
#3543 = DIRECTION('',(-0.862596558122,-0.505892456868,-1.05637611386E-16
    ));
#3544 = ORIENTED_EDGE('',*,*,#3545,.T.);
#3545 = EDGE_CURVE('',#3538,#3546,#3548,.T.);
#3546 = VERTEX_POINT('',#3547);
#3547 = CARTESIAN_POINT('',(-4.474288306864,2.13348495923,11.));
#3548 = LINE('',#3549,#3550);
#3549 = CARTESIAN_POINT('',(-3.530447700296,2.552247304838,11.));
#3550 = VECTOR('',#3551,1.);
#3551 = DIRECTION('',(-0.914071001405,-0.405554194148,
    -1.119414126064E-16));
#3552 = ORIENTED_EDGE('',*,*,#3553,.T.);
#3553 = EDGE_CURVE('',#3546,#3554,#3556,.T.);
#3554 = VERTEX_POINT('',#3555);
#3555 = CARTESIAN_POINT('',(-4.71227419496,2.05956563075,11.));
#3556 = LINE('',#3557,#3558);
#3557 = CARTESIAN_POINT('',(-3.254596418456,2.512325931967,11.));
#3558 = VECTOR('',#3559,1.);
#3559 = DIRECTION('',(-0.954994091284,-0.296624822989,
    -1.169530457095E-16));
#3560 = ORIENTED_EDGE('',*,*,#3561,.T.);
#3561 = EDGE_CURVE('',#3554,#3562,#3564,.T.);
#3562 = VERTEX_POINT('',#3563);
#3563 = CARTESIAN_POINT('',(-4.954957149176,2.014927347316,11.));
#3564 = LINE('',#3565,#3566);
#3565 = CARTESIAN_POINT('',(-2.978480657016,2.378473761782,11.));
#3566 = VECTOR('',#3567,1.);
#3567 = DIRECTION('',(-0.983501148584,-0.180901881509,
    -1.204441533571E-16));
#3568 = ORIENTED_EDGE('',*,*,#3569,.T.);
#3569 = EDGE_CURVE('',#3562,#3570,#3572,.T.);
#3570 = VERTEX_POINT('',#3571);
#3571 = CARTESIAN_POINT('',(-5.2,2.,11.));
#3572 = LINE('',#3573,#3574);
#3573 = CARTESIAN_POINT('',(-2.732780268578,2.150296349036,11.));
#3574 = VECTOR('',#3575,1.);
#3575 = DIRECTION('',(-0.998149689834,-6.080457782629E-02,
    -1.222380822725E-16));
#3576 = ORIENTED_EDGE('',*,*,#3577,.T.);
#3577 = EDGE_CURVE('',#3570,#3578,#3580,.T.);
#3578 = VERTEX_POINT('',#3579);
#3579 = CARTESIAN_POINT('',(-5.445042850824,2.014927347316,11.));
#3580 = LINE('',#3581,#3582);
#3581 = CARTESIAN_POINT('',(-2.547837791311,1.838437455756,11.));
#3582 = VECTOR('',#3583,1.);
#3583 = DIRECTION('',(-0.998149689834,6.080457782628E-02,
    -1.222380822725E-16));
#3584 = ORIENTED_EDGE('',*,*,#3585,.T.);
#3585 = EDGE_CURVE('',#3578,#3586,#3588,.T.);
#3586 = VERTEX_POINT('',#3587);
#3587 = CARTESIAN_POINT('',(-5.68772580504,2.05956563075,11.));
#3588 = LINE('',#3589,#3590);
#3589 = CARTESIAN_POINT('',(-2.44890595723,1.463828040426,11.));
#3590 = VECTOR('',#3591,1.);
#3591 = DIRECTION('',(-0.983501148584,0.180901881509,-1.204441533571E-16
    ));
#3592 = ORIENTED_EDGE('',*,*,#3593,.T.);
#3593 = EDGE_CURVE('',#3586,#3594,#3596,.T.);
#3594 = VERTEX_POINT('',#3595);
#3595 = CARTESIAN_POINT('',(-5.925711693136,2.13348495923,11.));
#3596 = LINE('',#3597,#3598);
#3597 = CARTESIAN_POINT('',(-2.452293910012,1.054628090388,11.));
#3598 = VECTOR('',#3599,1.);
#3599 = DIRECTION('',(-0.954994091284,0.296624822989,-1.169530457095E-16
    ));
#3600 = ORIENTED_EDGE('',*,*,#3601,.T.);
#3601 = EDGE_CURVE('',#3594,#3602,#3604,.T.);
#3602 = VERTEX_POINT('',#3603);
#3603 = CARTESIAN_POINT('',(-6.156708580913,2.235973449215,11.));
#3604 = LINE('',#3605,#3606);
#3605 = CARTESIAN_POINT('',(-2.563554899878,0.641766277866,11.));
#3606 = VECTOR('',#3607,1.);
#3607 = DIRECTION('',(-0.914071001405,0.405554194148,-1.119414126064E-16
    ));
#3608 = ORIENTED_EDGE('',*,*,#3609,.T.);
#3609 = EDGE_CURVE('',#3602,#3610,#3612,.T.);
#3610 = VERTEX_POINT('',#3611);
#3611 = CARTESIAN_POINT('',(-6.378491842065,2.36604408052,11.));
#3612 = LINE('',#3613,#3614);
#3613 = CARTESIAN_POINT('',(-2.778032618212,0.254459997025,11.));
#3614 = VECTOR('',#3615,1.);
#3615 = DIRECTION('',(-0.862596558122,0.505892456868,-1.05637611386E-16)
  );
#3616 = ORIENTED_EDGE('',*,*,#3617,.T.);
#3617 = EDGE_CURVE('',#3610,#3618,#3620,.T.);
#3618 = VERTEX_POINT('',#3619);
#3619 = CARTESIAN_POINT('',(-6.588925582549,2.522444201862,11.));
#3620 = LINE('',#3621,#3622);
#3621 = CARTESIAN_POINT('',(-3.083207396904,-8.310160255404E-02,11.));
#3622 = VECTOR('',#3623,1.);
#3623 = DIRECTION('',(-0.802601572549,0.596515478208,-9.829034468127E-17
    ));
#3624 = ORIENTED_EDGE('',*,*,#3625,.T.);
#3625 = EDGE_CURVE('',#3618,#3626,#3628,.T.);
#3626 = VERTEX_POINT('',#3627);
#3627 = CARTESIAN_POINT('',(-6.785983210409,2.703667594576,11.));
#3628 = LINE('',#3629,#3630);
#3629 = CARTESIAN_POINT('',(-3.461825249216,-0.353383229513,11.));
#3630 = VECTOR('',#3631,1.);
#3631 = DIRECTION('',(-0.736060580988,0.676915667654,-9.014142344855E-17
    ));
#3632 = ORIENTED_EDGE('',*,*,#3633,.T.);
#3633 = EDGE_CURVE('',#3626,#3634,#3636,.T.);
#3634 = VERTEX_POINT('',#3635);
#3635 = CARTESIAN_POINT('',(-6.967766952966,2.907968978322,11.));
#3636 = LINE('',#3637,#3638);
#3637 = CARTESIAN_POINT('',(-3.89486176898,-0.54557847525,11.));
#3638 = VECTOR('',#3639,1.);
#3639 = DIRECTION('',(-0.664736580563,0.747077826241,-8.140675256625E-17
    ));
#3640 = ORIENTED_EDGE('',*,*,#3641,.T.);
#3641 = EDGE_CURVE('',#3634,#3642,#3644,.T.);
#3642 = VERTEX_POINT('',#3643);
#3643 = CARTESIAN_POINT('',(-7.132526133407,3.133380819093,11.));
#3644 = LINE('',#3645,#3646);
#3645 = CARTESIAN_POINT('',(-4.363755313361,-0.654655304607,11.));
#3646 = VECTOR('',#3647,1.);
#3647 = DIRECTION('',(-0.590098636788,0.807331158114,-7.226624067237E-17
    ));
#3648 = ORIENTED_EDGE('',*,*,#3649,.T.);
#3649 = EDGE_CURVE('',#3642,#3650,#3652,.T.);
#3650 = VERTEX_POINT('',#3651);
#3651 = CARTESIAN_POINT('',(-7.278674030756,3.377732277639,11.));
#3652 = LINE('',#3653,#3654);
#3653 = CARTESIAN_POINT('',(-4.85175451075,-0.679947204882,11.));
#3654 = VECTOR('',#3655,1.);
#3655 = DIRECTION('',(-0.51329961757,0.85820947478,-6.286107336605E-17)
  );
#3656 = ORIENTED_EDGE('',*,*,#3657,.T.);
#3657 = EDGE_CURVE('',#3650,#3658,#3660,.T.);
#3658 = VERTEX_POINT('',#3659);
#3659 = CARTESIAN_POINT('',(-7.404803160871,3.638670115839,11.));
#3660 = LINE('',#3661,#3662);
#3661 = CARTESIAN_POINT('',(-5.344496735863,-0.623722751561,11.));
#3662 = VECTOR('',#3663,1.);
#3663 = DIRECTION('',(-0.435194322623,0.900336549051,-5.329593342068E-17
    ));
#3664 = ORIENTED_EDGE('',*,*,#3665,.T.);
#3665 = EDGE_CURVE('',#3658,#3666,#3668,.T.);
#3666 = VERTEX_POINT('',#3667);
#3667 = CARTESIAN_POINT('',(-7.509698831278,3.913681359668,11.));
#3668 = LINE('',#3669,#3670);
#3669 = CARTESIAN_POINT('',(-5.830042372815,-0.489974292212,11.));
#3670 = VECTOR('',#3671,1.);
#3671 = DIRECTION('',(-0.356379457965,0.934341309127,-4.364389624791E-17
    ));
#3672 = ORIENTED_EDGE('',*,*,#3673,.T.);
#3673 = EDGE_CURVE('',#3666,#3674,#3676,.T.);
#3674 = VERTEX_POINT('',#3675);
#3675 = CARTESIAN_POINT('',(-7.592350839331,4.200117500511,11.));
#3676 = LINE('',#3677,#3678);
#3677 = CARTESIAN_POINT('',(-6.298586168883,-0.283511731188,11.));
#3678 = VECTOR('',#3679,1.);
#3679 = DIRECTION('',(-0.277241777037,0.960800185817,-3.395232548377E-17
    ));
#3680 = ORIENTED_EDGE('',*,*,#3681,.T.);
#3681 = EDGE_CURVE('',#3674,#3682,#3684,.T.);
#3682 = VERTEX_POINT('',#3683);
#3683 = CARTESIAN_POINT('',(-7.651963201008,4.49522000175,11.));
#3684 = LINE('',#3685,#3686);
#3685 = CARTESIAN_POINT('',(-6.742013796767,-9.354848763937E-03,11.));
#3686 = VECTOR('',#3687,1.);
#3687 = DIRECTION('',(-0.198006062582,0.980200795338,-2.424874907524E-17
    ));
#3688 = ORIENTED_EDGE('',*,*,#3689,.T.);
#3689 = EDGE_CURVE('',#3682,#3184,#3690,.T.);
#3690 = LINE('',#3691,#3692);
#3691 = CARTESIAN_POINT('',(-7.153411016456,0.327622380269,11.));
#3692 = VECTOR('',#3693,1.);
#3693 = DIRECTION('',(-0.118778932436,0.992920724534,-1.454622394143E-17
    ));
#3694 = FACE_BOUND('',#3695,.T.);
#3695 = EDGE_LOOP('',(#3696,#3706,#3714,#3722,#3730,#3738,#3746,#3754,
    #3762,#3770,#3778,#3786,#3794,#3802,#3810,#3818,#3826,#3834,#3842,
    #3850,#3858,#3866,#3874,#3882,#3890,#3898,#3906,#3914,#3922,#3930,
    #3938,#3946,#3954,#3962,#3970,#3978,#3986,#3994,#4002,#4010,#4018,
    #4026,#4034,#4042,#4050,#4058,#4066,#4074,#4082,#4090,#4098,#4106,
    #4114,#4122,#4130,#4138,#4146,#4154,#4162,#4170,#4178,#4186,#4194,
    #4202));
#3696 = ORIENTED_EDGE('',*,*,#3697,.T.);
#3697 = EDGE_CURVE('',#3698,#3700,#3702,.T.);
#3698 = VERTEX_POINT('',#3699);
#3699 = CARTESIAN_POINT('',(2.71203818332,4.796146864978,11.));
#3700 = VERTEX_POINT('',#3701);
#3701 = CARTESIAN_POINT('',(2.7,5.1,11.));
#3702 = LINE('',#3703,#3704);
#3703 = CARTESIAN_POINT('',(2.865266618036,0.928541676785,11.));
#3704 = VECTOR('',#3705,1.);
#3705 = DIRECTION('',(-3.958737085524E-02,0.999216112795,
    -4.848054700453E-18));
#3706 = ORIENTED_EDGE('',*,*,#3707,.T.);
#3707 = EDGE_CURVE('',#3700,#3708,#3710,.T.);
#3708 = VERTEX_POINT('',#3709);
#3709 = CARTESIAN_POINT('',(2.71203818332,5.403853135022,11.));
#3710 = LINE('',#3711,#3712);
#3711 = CARTESIAN_POINT('',(2.53623184949,0.966364165709,11.));
#3712 = VECTOR('',#3713,1.);
#3713 = DIRECTION('',(3.958737085524E-02,0.999216112795,
    4.848054700453E-18));
#3714 = ORIENTED_EDGE('',*,*,#3715,.T.);
#3715 = EDGE_CURVE('',#3708,#3716,#3718,.T.);
#3716 = VERTEX_POINT('',#3717);
#3717 = CARTESIAN_POINT('',(2.748036798992,5.70477999825,11.));
#3718 = LINE('',#3719,#3720);
#3719 = CARTESIAN_POINT('',(2.192147719183,1.057880278215,11.));
#3720 = VECTOR('',#3721,1.);
#3721 = DIRECTION('',(0.118778932436,0.992920724534,1.454622394143E-17)
  );
#3722 = ORIENTED_EDGE('',*,*,#3723,.T.);
#3723 = EDGE_CURVE('',#3716,#3724,#3726,.T.);
#3724 = VERTEX_POINT('',#3725);
#3725 = CARTESIAN_POINT('',(2.807649160669,5.999882499489,11.));
#3726 = LINE('',#3727,#3728);
#3727 = CARTESIAN_POINT('',(1.839409711901,1.20675109035,11.));
#3728 = VECTOR('',#3729,1.);
#3729 = DIRECTION('',(0.198006062582,0.980200795338,2.424874907524E-17)
  );
#3730 = ORIENTED_EDGE('',*,*,#3731,.T.);
#3731 = EDGE_CURVE('',#3724,#3732,#3734,.T.);
#3732 = VERTEX_POINT('',#3733);
#3733 = CARTESIAN_POINT('',(2.890301168722,6.286318640332,11.));
#3734 = LINE('',#3735,#3736);
#3735 = CARTESIAN_POINT('',(1.485199861762,1.416844741958,11.));
#3736 = VECTOR('',#3737,1.);
#3737 = DIRECTION('',(0.277241777037,0.960800185817,3.395232548377E-17)
  );
#3738 = ORIENTED_EDGE('',*,*,#3739,.T.);
#3739 = EDGE_CURVE('',#3732,#3740,#3742,.T.);
#3740 = VERTEX_POINT('',#3741);
#3741 = CARTESIAN_POINT('',(2.995196839129,6.561329884161,11.));
#3742 = LINE('',#3743,#3744);
#3743 = CARTESIAN_POINT('',(1.137973522071,1.692136594212,11.));
#3744 = VECTOR('',#3745,1.);
#3745 = DIRECTION('',(0.356379457965,0.934341309127,4.364389624791E-17)
  );
#3746 = ORIENTED_EDGE('',*,*,#3747,.T.);
#3747 = EDGE_CURVE('',#3740,#3748,#3750,.T.);
#3748 = VERTEX_POINT('',#3749);
#3749 = CARTESIAN_POINT('',(3.121325969244,6.822267722361,11.));
#3750 = LINE('',#3751,#3752);
#3751 = CARTESIAN_POINT('',(0.807989933752,2.036403397573,11.));
#3752 = VECTOR('',#3753,1.);
#3753 = DIRECTION('',(0.435194322623,0.900336549051,5.329593342068E-17)
  );
#3754 = ORIENTED_EDGE('',*,*,#3755,.T.);
#3755 = EDGE_CURVE('',#3748,#3756,#3758,.T.);
#3756 = VERTEX_POINT('',#3757);
#3757 = CARTESIAN_POINT('',(3.267473866593,7.066619180907,11.));
#3758 = LINE('',#3759,#3760);
#3759 = CARTESIAN_POINT('',(0.507834340122,2.452649663828,11.));
#3760 = VECTOR('',#3761,1.);
#3761 = DIRECTION('',(0.51329961757,0.85820947478,6.286107336605E-17));
#3762 = ORIENTED_EDGE('',*,*,#3763,.T.);
#3763 = EDGE_CURVE('',#3756,#3764,#3766,.T.);
#3764 = VERTEX_POINT('',#3765);
#3765 = CARTESIAN_POINT('',(3.432233047034,7.292031021678,11.));
#3766 = LINE('',#3767,#3768);
#3767 = CARTESIAN_POINT('',(0.252833142914,2.942201270045,11.));
#3768 = VECTOR('',#3769,1.);
#3769 = DIRECTION('',(0.590098636788,0.807331158114,7.226624067237E-17)
  );
#3770 = ORIENTED_EDGE('',*,*,#3771,.T.);
#3771 = EDGE_CURVE('',#3764,#3772,#3774,.T.);
#3772 = VERTEX_POINT('',#3773);
#3773 = CARTESIAN_POINT('',(3.614016789591,7.496332405424,11.));
#3774 = LINE('',#3775,#3776);
#3775 = CARTESIAN_POINT('',(6.119827708351E-02,3.503424524371,11.));
#3776 = VECTOR('',#3777,1.);
#3777 = DIRECTION('',(0.664736580563,0.747077826241,8.140675256625E-17)
  );
#3778 = ORIENTED_EDGE('',*,*,#3779,.T.);
#3779 = EDGE_CURVE('',#3772,#3780,#3782,.T.);
#3780 = VERTEX_POINT('',#3781);
#3781 = CARTESIAN_POINT('',(3.811074417451,7.677555798138,11.));
#3782 = LINE('',#3783,#3784);
#3783 = CARTESIAN_POINT('',(-4.633670905222E-02,4.130100472371,11.));
#3784 = VECTOR('',#3785,1.);
#3785 = DIRECTION('',(0.736060580988,0.676915667654,9.014142344855E-17)
  );
#3786 = ORIENTED_EDGE('',*,*,#3787,.T.);
#3787 = EDGE_CURVE('',#3780,#3788,#3790,.T.);
#3788 = VERTEX_POINT('',#3789);
#3789 = CARTESIAN_POINT('',(4.021508157935,7.83395591948,11.));
#3790 = LINE('',#3791,#3792);
#3791 = CARTESIAN_POINT('',(-4.767672504622E-02,4.809626227875,11.));
#3792 = VECTOR('',#3793,1.);
#3793 = DIRECTION('',(0.802601572549,0.596515478208,9.829034468127E-17)
  );
#3794 = ORIENTED_EDGE('',*,*,#3795,.T.);
#3795 = EDGE_CURVE('',#3788,#3796,#3798,.T.);
#3796 = VERTEX_POINT('',#3797);
#3797 = CARTESIAN_POINT('',(4.243291419087,7.964026550785,11.));
#3798 = LINE('',#3799,#3800);
#3799 = CARTESIAN_POINT('',(7.842436794288E-02,5.521430640573,11.));
#3800 = VECTOR('',#3801,1.);
#3801 = DIRECTION('',(0.862596558122,0.505892456868,1.05637611386E-16));
#3802 = ORIENTED_EDGE('',*,*,#3803,.T.);
#3803 = EDGE_CURVE('',#3796,#3804,#3806,.T.);
#3804 = VERTEX_POINT('',#3805);
#3805 = CARTESIAN_POINT('',(4.474288306864,8.06651504077,11.));
#3806 = LINE('',#3807,#3808);
#3807 = CARTESIAN_POINT('',(0.349045795979,6.236231179236,11.));
#3808 = VECTOR('',#3809,1.);
#3809 = DIRECTION('',(0.914071001405,0.405554194148,1.119414126064E-16)
  );
#3810 = ORIENTED_EDGE('',*,*,#3811,.T.);
#3811 = EDGE_CURVE('',#3804,#3812,#3814,.T.);
#3812 = VERTEX_POINT('',#3813);
#3813 = CARTESIAN_POINT('',(4.71227419496,8.14043436925,11.));
#3814 = LINE('',#3815,#3816);
#3815 = CARTESIAN_POINT('',(0.773028487705,6.916889562756,11.));
#3816 = VECTOR('',#3817,1.);
#3817 = DIRECTION('',(0.954994091284,0.296624822989,1.169530457095E-16)
  );
#3818 = ORIENTED_EDGE('',*,*,#3819,.T.);
#3819 = EDGE_CURVE('',#3812,#3820,#3822,.T.);
#3820 = VERTEX_POINT('',#3821);
#3821 = CARTESIAN_POINT('',(4.954957149176,8.185072652684,11.));
#3822 = LINE('',#3823,#3824);
#3823 = CARTESIAN_POINT('',(1.347059428614,7.521448124251,11.));
#3824 = VECTOR('',#3825,1.);
#3825 = DIRECTION('',(0.983501148584,0.180901881509,1.204441533571E-16)
  );
#3826 = ORIENTED_EDGE('',*,*,#3827,.T.);
#3827 = EDGE_CURVE('',#3820,#3828,#3830,.T.);
#3828 = VERTEX_POINT('',#3829);
#3829 = CARTESIAN_POINT('',(5.2,8.2,11.));
#3830 = LINE('',#3831,#3832);
#3831 = CARTESIAN_POINT('',(2.053256884815,8.008308925409,11.));
#3832 = VECTOR('',#3833,1.);
#3833 = DIRECTION('',(0.998149689834,6.080457782628E-02,
    1.222380822725E-16));
#3834 = ORIENTED_EDGE('',*,*,#3835,.T.);
#3835 = EDGE_CURVE('',#3828,#3836,#3838,.T.);
#3836 = VERTEX_POINT('',#3837);
#3837 = CARTESIAN_POINT('',(5.445042850824,8.185072652684,11.));
#3838 = LINE('',#3839,#3840);
#3839 = CARTESIAN_POINT('',(2.859533049992,8.342574912622,11.));
#3840 = VECTOR('',#3841,1.);
#3841 = DIRECTION('',(0.998149689834,-6.080457782628E-02,
    1.222380822725E-16));
#3842 = ORIENTED_EDGE('',*,*,#3843,.T.);
#3843 = EDGE_CURVE('',#3836,#3844,#3846,.T.);
#3844 = VERTEX_POINT('',#3845);
#3845 = CARTESIAN_POINT('',(5.68772580504,8.14043436925,11.));
#3846 = LINE('',#3847,#3848);
#3847 = CARTESIAN_POINT('',(3.723216106552,8.501779652081,11.));
#3848 = VECTOR('',#3849,1.);
#3849 = DIRECTION('',(0.983501148584,-0.180901881509,1.204441533571E-16)
  );
#3850 = ORIENTED_EDGE('',*,*,#3851,.T.);
#3851 = EDGE_CURVE('',#3844,#3852,#3854,.T.);
#3852 = VERTEX_POINT('',#3853);
#3853 = CARTESIAN_POINT('',(5.925711693136,8.06651504077,11.));
#3854 = LINE('',#3855,#3856);
#3855 = CARTESIAN_POINT('',(4.597152666107,8.479170563793,11.));
#3856 = VECTOR('',#3857,1.);
#3857 = DIRECTION('',(0.954994091284,-0.296624822989,1.169530457095E-16)
  );
#3858 = ORIENTED_EDGE('',*,*,#3859,.T.);
#3859 = EDGE_CURVE('',#3852,#3860,#3862,.T.);
#3860 = VERTEX_POINT('',#3861);
#3861 = CARTESIAN_POINT('',(6.156708580913,7.964026550785,11.));
#3862 = LINE('',#3863,#3864);
#3863 = CARTESIAN_POINT('',(5.436486441737,8.283574057283,11.));
#3864 = VECTOR('',#3865,1.);
#3865 = DIRECTION('',(0.914071001405,-0.405554194148,1.119414126064E-16)
  );
#3866 = ORIENTED_EDGE('',*,*,#3867,.T.);
#3867 = EDGE_CURVE('',#3860,#3868,#3870,.T.);
#3868 = VERTEX_POINT('',#3869);
#3869 = CARTESIAN_POINT('',(6.378491842065,7.83395591948,11.));
#3870 = LINE('',#3871,#3872);
#3871 = CARTESIAN_POINT('',(6.204152049026,7.936202080098,11.));
#3872 = VECTOR('',#3873,1.);
#3873 = DIRECTION('',(0.862596558122,-0.505892456868,1.05637611386E-16)
  );
#3874 = ORIENTED_EDGE('',*,*,#3875,.T.);
#3875 = EDGE_CURVE('',#3868,#3876,#3878,.T.);
#3876 = VERTEX_POINT('',#3877);
#3877 = CARTESIAN_POINT('',(6.588925582549,7.677555798138,11.));
#3878 = LINE('',#3879,#3880);
#3879 = CARTESIAN_POINT('',(6.873868147689,7.465778676936,11.));
#3880 = VECTOR('',#3881,1.);
#3881 = DIRECTION('',(0.802601572549,-0.596515478208,9.829034468127E-17)
  );
#3882 = ORIENTED_EDGE('',*,*,#3883,.T.);
#3883 = EDGE_CURVE('',#3876,#3884,#3886,.T.);
#3884 = VERTEX_POINT('',#3885);
#3885 = CARTESIAN_POINT('',(6.785983210409,7.496332405424,11.));
#3886 = LINE('',#3887,#3888);
#3887 = CARTESIAN_POINT('',(7.430513288813,6.903592460351,11.));
#3888 = VECTOR('',#3889,1.);
#3889 = DIRECTION('',(0.736060580988,-0.676915667654,9.014142344855E-17)
  );
#3890 = ORIENTED_EDGE('',*,*,#3891,.T.);
#3891 = EDGE_CURVE('',#3884,#3892,#3894,.T.);
#3892 = VERTEX_POINT('',#3893);
#3893 = CARTESIAN_POINT('',(6.967766952966,7.292031021678,11.));
#3894 = LINE('',#3895,#3896);
#3895 = CARTESIAN_POINT('',(7.868592749493,6.279619492707,11.));
#3896 = VECTOR('',#3897,1.);
#3897 = DIRECTION('',(0.664736580563,-0.747077826241,8.140675256625E-17)
  );
#3898 = ORIENTED_EDGE('',*,*,#3899,.T.);
#3899 = EDGE_CURVE('',#3892,#3900,#3902,.T.);
#3900 = VERTEX_POINT('',#3901);
#3901 = CARTESIAN_POINT('',(7.132526133407,7.066619180907,11.));
#3902 = LINE('',#3903,#3904);
#3903 = CARTESIAN_POINT('',(8.189782433837,5.620155996218,11.));
#3904 = VECTOR('',#3905,1.);
#3905 = DIRECTION('',(0.590098636788,-0.807331158114,7.226624067237E-17)
  );
#3906 = ORIENTED_EDGE('',*,*,#3907,.T.);
#3907 = EDGE_CURVE('',#3900,#3908,#3910,.T.);
#3908 = VERTEX_POINT('',#3909);
#3909 = CARTESIAN_POINT('',(7.278674030756,6.822267722361,11.));
#3910 = LINE('',#3911,#3912);
#3911 = CARTESIAN_POINT('',(8.400377071705,4.946840302038,11.));
#3912 = VECTOR('',#3913,1.);
#3913 = DIRECTION('',(0.51329961757,-0.85820947478,6.286107336605E-17));
#3914 = ORIENTED_EDGE('',*,*,#3915,.T.);
#3915 = EDGE_CURVE('',#3908,#3916,#3918,.T.);
#3916 = VERTEX_POINT('',#3917);
#3917 = CARTESIAN_POINT('',(7.404803160871,6.561329884161,11.));
#3918 = LINE('',#3919,#3920);
#3919 = CARTESIAN_POINT('',(8.509134691688,4.276672231752,11.));
#3920 = VECTOR('',#3921,1.);
#3921 = DIRECTION('',(0.435194322623,-0.900336549051,5.329593342068E-17)
  );
#3922 = ORIENTED_EDGE('',*,*,#3923,.T.);
#3923 = EDGE_CURVE('',#3916,#3924,#3926,.T.);
#3924 = VERTEX_POINT('',#3925);
#3925 = CARTESIAN_POINT('',(7.509698831278,6.286318640332,11.));
#3926 = LINE('',#3927,#3928);
#3927 = CARTESIAN_POINT('',(8.525700860381,3.622605441579,11.));
#3928 = VECTOR('',#3929,1.);
#3929 = DIRECTION('',(0.356379457965,-0.934341309127,4.364389624791E-17)
  );
#3930 = ORIENTED_EDGE('',*,*,#3931,.T.);
#3931 = EDGE_CURVE('',#3924,#3932,#3934,.T.);
#3932 = VERTEX_POINT('',#3933);
#3933 = CARTESIAN_POINT('',(7.592350839331,5.999882499489,11.));
#3934 = LINE('',#3935,#3936);
#3935 = CARTESIAN_POINT('',(8.459597873612,2.99437906998,11.));
#3936 = VECTOR('',#3937,1.);
#3937 = DIRECTION('',(0.277241777037,-0.960800185817,3.395232548377E-17)
  );
#3938 = ORIENTED_EDGE('',*,*,#3939,.T.);
#3939 = EDGE_CURVE('',#3932,#3940,#3942,.T.);
#3940 = VERTEX_POINT('',#3941);
#3941 = CARTESIAN_POINT('',(7.651963201008,5.70477999825,11.));
#3942 = LINE('',#3943,#3944);
#3943 = CARTESIAN_POINT('',(8.319673456581,2.399375532171,11.));
#3944 = VECTOR('',#3945,1.);
#3945 = DIRECTION('',(0.198006062582,-0.980200795338,2.424874907524E-17)
  );
#3946 = ORIENTED_EDGE('',*,*,#3947,.T.);
#3947 = EDGE_CURVE('',#3940,#3948,#3950,.T.);
#3948 = VERTEX_POINT('',#3949);
#3949 = CARTESIAN_POINT('',(7.68796181668,5.403853135022,11.));
#3950 = LINE('',#3951,#3952);
#3951 = CARTESIAN_POINT('',(8.113884743648,1.843392600766,11.));
#3952 = VECTOR('',#3953,1.);
#3953 = DIRECTION('',(0.118778932436,-0.992920724534,1.454622394143E-17)
  );
#3954 = ORIENTED_EDGE('',*,*,#3955,.T.);
#3955 = EDGE_CURVE('',#3948,#3956,#3958,.T.);
#3956 = VERTEX_POINT('',#3957);
#3957 = CARTESIAN_POINT('',(7.7,5.1,11.));
#3958 = LINE('',#3959,#3960);
#3959 = CARTESIAN_POINT('',(7.849310534888,1.331285658861,11.));
#3960 = VECTOR('',#3961,1.);
#3961 = DIRECTION('',(3.958737085525E-02,-0.999216112795,
    4.848054700454E-18));
#3962 = ORIENTED_EDGE('',*,*,#3963,.T.);
#3963 = EDGE_CURVE('',#3956,#3964,#3966,.T.);
#3964 = VERTEX_POINT('',#3965);
#3965 = CARTESIAN_POINT('',(7.68796181668,4.796146864978,11.));
#3966 = LINE('',#3967,#3968);
#3967 = CARTESIAN_POINT('',(7.532313949662,0.867473318654,11.));
#3968 = VECTOR('',#3969,1.);
#3969 = DIRECTION('',(-3.958737085524E-02,-0.999216112795,
    -4.848054700453E-18));
#3970 = ORIENTED_EDGE('',*,*,#3971,.T.);
#3971 = EDGE_CURVE('',#3964,#3972,#3974,.T.);
#3972 = VERTEX_POINT('',#3973);
#3973 = CARTESIAN_POINT('',(7.651963201008,4.49522000175,11.));
#3974 = LINE('',#3975,#3976);
#3975 = CARTESIAN_POINT('',(7.168805955871,0.456314851947,11.));
#3976 = VECTOR('',#3977,1.);
#3977 = DIRECTION('',(-0.118778932436,-0.992920724534,
    -1.454622394143E-17));
#3978 = ORIENTED_EDGE('',*,*,#3979,.T.);
#3979 = EDGE_CURVE('',#3972,#3980,#3982,.T.);
#3980 = VERTEX_POINT('',#3981);
#3981 = CARTESIAN_POINT('',(7.592350839331,4.200117500511,11.));
#3982 = LINE('',#3983,#3984);
#3983 = CARTESIAN_POINT('',(6.764582611186,0.10236885078,11.));
#3984 = VECTOR('',#3985,1.);
#3985 = DIRECTION('',(-0.198006062582,-0.980200795338,
    -2.424874907524E-17));
#3986 = ORIENTED_EDGE('',*,*,#3987,.T.);
#3987 = EDGE_CURVE('',#3980,#3988,#3990,.T.);
#3988 = VERTEX_POINT('',#3989);
#3989 = CARTESIAN_POINT('',(7.509698831278,3.913681359668,11.));
#3990 = LINE('',#3991,#3992);
#3991 = CARTESIAN_POINT('',(6.325723527568,-0.189465373725,11.));
#3992 = VECTOR('',#3993,1.);
#3993 = DIRECTION('',(-0.277241777037,-0.960800185817,
    -3.395232548377E-17));
#3994 = ORIENTED_EDGE('',*,*,#3995,.T.);
#3995 = EDGE_CURVE('',#3988,#3996,#3998,.T.);
#3996 = VERTEX_POINT('',#3997);
#3997 = CARTESIAN_POINT('',(7.404803160871,3.638670115839,11.));
#3998 = LINE('',#3999,#4000);
#3999 = CARTESIAN_POINT('',(5.859045279585,-0.413935639384,11.));
#4000 = VECTOR('',#4001,1.);
#4001 = DIRECTION('',(-0.356379457965,-0.934341309127,
    -4.364389624791E-17));
#4002 = ORIENTED_EDGE('',*,*,#4003,.T.);
#4003 = EDGE_CURVE('',#3996,#4004,#4006,.T.);
#4004 = VERTEX_POINT('',#4005);
#4005 = CARTESIAN_POINT('',(7.278674030756,3.377732277639,11.));
#4006 = LINE('',#4007,#4008);
#4007 = CARTESIAN_POINT('',(5.372599803321,-0.565582703637,11.));
#4008 = VECTOR('',#4009,1.);
#4009 = DIRECTION('',(-0.435194322623,-0.900336549051,
    -5.329593342068E-17));
#4010 = ORIENTED_EDGE('',*,*,#4011,.T.);
#4011 = EDGE_CURVE('',#4004,#4012,#4014,.T.);
#4012 = VERTEX_POINT('',#4013);
#4013 = CARTESIAN_POINT('',(7.132526133407,3.133380819093,11.));
#4014 = LINE('',#4015,#4016);
#4015 = CARTESIAN_POINT('',(4.876191606392,-0.639089689507,11.));
#4016 = VECTOR('',#4017,1.);
#4017 = DIRECTION('',(-0.51329961757,-0.85820947478,-6.286107336605E-17)
  );
#4018 = ORIENTED_EDGE('',*,*,#4019,.T.);
#4019 = EDGE_CURVE('',#4012,#4020,#4022,.T.);
#4020 = VERTEX_POINT('',#4021);
#4021 = CARTESIAN_POINT('',(6.967766952966,2.907968978322,11.));
#4022 = LINE('',#4023,#4024);
#4023 = CARTESIAN_POINT('',(4.381855356476,-0.629892107645,11.));
#4024 = VECTOR('',#4025,1.);
#4025 = DIRECTION('',(-0.590098636788,-0.807331158114,
    -7.226624067237E-17));
#4026 = ORIENTED_EDGE('',*,*,#4027,.T.);
#4027 = EDGE_CURVE('',#4020,#4028,#4030,.T.);
#4028 = VERTEX_POINT('',#4029);
#4029 = CARTESIAN_POINT('',(6.785983210409,2.703667594576,11.));
#4030 = LINE('',#4031,#4032);
#4031 = CARTESIAN_POINT('',(3.904185090113,-0.535100269763,11.));
#4032 = VECTOR('',#4033,1.);
#4033 = DIRECTION('',(-0.664736580563,-0.747077826241,
    -8.140675256625E-17));
#4034 = ORIENTED_EDGE('',*,*,#4035,.T.);
#4035 = EDGE_CURVE('',#4028,#4036,#4038,.T.);
#4036 = VERTEX_POINT('',#4037);
#4037 = CARTESIAN_POINT('',(6.588925582549,2.522444201862,11.));
#4038 = LINE('',#4039,#4040);
#4039 = CARTESIAN_POINT('',(3.460342387035,-0.35474693879,11.));
#4040 = VECTOR('',#4041,1.);
#4041 = DIRECTION('',(-0.736060580988,-0.676915667654,
    -9.014142344855E-17));
#4042 = ORIENTED_EDGE('',*,*,#4043,.T.);
#4043 = EDGE_CURVE('',#4036,#4044,#4046,.T.);
#4044 = VERTEX_POINT('',#4045);
#4045 = CARTESIAN_POINT('',(6.378491842065,2.36604408052,11.));
#4046 = LINE('',#4047,#4048);
#4047 = CARTESIAN_POINT('',(3.069512838173,-9.327977380316E-02,11.));
#4048 = VECTOR('',#4049,1.);
#4049 = DIRECTION('',(-0.802601572549,-0.596515478208,
    -9.829034468127E-17));
#4050 = ORIENTED_EDGE('',*,*,#4051,.T.);
#4051 = EDGE_CURVE('',#4044,#4052,#4054,.T.);
#4052 = VERTEX_POINT('',#4053);
#4053 = CARTESIAN_POINT('',(6.156708580913,2.235973449215,11.));
#4054 = LINE('',#4055,#4056);
#4055 = CARTESIAN_POINT('',(2.75157097117,0.238940867591,11.));
#4056 = VECTOR('',#4057,1.);
#4057 = DIRECTION('',(-0.862596558122,-0.505892456868,-1.05637611386E-16
    ));
#4058 = ORIENTED_EDGE('',*,*,#4059,.T.);
#4059 = EDGE_CURVE('',#4052,#4060,#4062,.T.);
#4060 = VERTEX_POINT('',#4061);
#4061 = CARTESIAN_POINT('',(5.925711693136,2.13348495923,11.));
#4062 = LINE('',#4063,#4064);
#4063 = CARTESIAN_POINT('',(2.524818162537,0.624579597321,11.));
#4064 = VECTOR('',#4065,1.);
#4065 = DIRECTION('',(-0.914071001405,-0.405554194148,
    -1.119414126064E-16));
#4066 = ORIENTED_EDGE('',*,*,#4067,.T.);
#4067 = EDGE_CURVE('',#4060,#4068,#4070,.T.);
#4068 = VERTEX_POINT('',#4069);
#4069 = CARTESIAN_POINT('',(5.68772580504,2.05956563075,11.));
#4070 = LINE('',#4071,#4072);
#4071 = CARTESIAN_POINT('',(2.402932266732,1.039296174899,11.));
#4072 = VECTOR('',#4073,1.);
#4073 = DIRECTION('',(-0.954994091284,-0.296624822989,
    -1.169530457095E-16));
#4074 = ORIENTED_EDGE('',*,*,#4075,.T.);
#4075 = EDGE_CURVE('',#4068,#4076,#4078,.T.);
#4076 = VERTEX_POINT('',#4077);
#4077 = CARTESIAN_POINT('',(5.445042850824,2.014927347316,11.));
#4078 = LINE('',#4079,#4080);
#4079 = CARTESIAN_POINT('',(2.391691894798,1.453304278906,11.));
#4080 = VECTOR('',#4081,1.);
#4081 = DIRECTION('',(-0.983501148584,-0.180901881509,
    -1.204441533571E-16));
#4082 = ORIENTED_EDGE('',*,*,#4083,.T.);
#4083 = EDGE_CURVE('',#4076,#4084,#4086,.T.);
#4084 = VERTEX_POINT('',#4085);
#4085 = CARTESIAN_POINT('',(5.2,2.,11.));
#4086 = LINE('',#4087,#4088);
#4087 = CARTESIAN_POINT('',(2.486445154182,1.834697582448,11.));
#4088 = VECTOR('',#4089,1.);
#4089 = DIRECTION('',(-0.998149689834,-6.080457782629E-02,
    -1.222380822725E-16));
#4090 = ORIENTED_EDGE('',*,*,#4091,.T.);
#4091 = EDGE_CURVE('',#4084,#4092,#4094,.T.);
#4092 = VERTEX_POINT('',#4093);
#4093 = CARTESIAN_POINT('',(4.954957149176,2.014927347316,11.));
#4094 = LINE('',#4095,#4096);
#4095 = CARTESIAN_POINT('',(2.671387631449,2.154036222344,11.));
#4096 = VECTOR('',#4097,1.);
#4097 = DIRECTION('',(-0.998149689834,6.080457782628E-02,
    -1.222380822725E-16));
#4098 = ORIENTED_EDGE('',*,*,#4099,.T.);
#4099 = EDGE_CURVE('',#4092,#4100,#4102,.T.);
#4100 = VERTEX_POINT('',#4101);
#4101 = CARTESIAN_POINT('',(4.71227419496,2.05956563075,11.));
#4102 = LINE('',#4103,#4104);
#4103 = CARTESIAN_POINT('',(2.921266594584,2.388997523302,11.));
#4104 = VECTOR('',#4105,1.);
#4105 = DIRECTION('',(-0.983501148584,0.180901881509,-1.204441533571E-16
    ));
#4106 = ORIENTED_EDGE('',*,*,#4107,.T.);
#4107 = EDGE_CURVE('',#4100,#4108,#4110,.T.);
#4108 = VERTEX_POINT('',#4109);
#4109 = CARTESIAN_POINT('',(4.474288306864,2.13348495923,11.));
#4110 = LINE('',#4111,#4112);
#4111 = CARTESIAN_POINT('',(3.205234775176,2.527657847456,11.));
#4112 = VECTOR('',#4113,1.);
#4113 = DIRECTION('',(-0.954994091284,0.296624822989,-1.169530457095E-16
    ));
#4114 = ORIENTED_EDGE('',*,*,#4115,.T.);
#4115 = EDGE_CURVE('',#4108,#4116,#4118,.T.);
#4116 = VERTEX_POINT('',#4117);
#4117 = CARTESIAN_POINT('',(4.243291419087,2.235973449215,11.));
#4118 = LINE('',#4119,#4120);
#4119 = CARTESIAN_POINT('',(3.491710962956,2.569433985383,11.));
#4120 = VECTOR('',#4121,1.);
#4121 = DIRECTION('',(-0.914071001405,0.405554194148,-1.119414126064E-16
    ));
#4122 = ORIENTED_EDGE('',*,*,#4123,.T.);
#4123 = EDGE_CURVE('',#4116,#4124,#4126,.T.);
#4124 = VERTEX_POINT('',#4125);
#4125 = CARTESIAN_POINT('',(4.021508157935,2.36604408052,11.));
#4126 = LINE('',#4127,#4128);
#4127 = CARTESIAN_POINT('',(3.752788706951,2.523641675811,11.));
#4128 = VECTOR('',#4129,1.);
#4129 = DIRECTION('',(-0.862596558122,0.505892456868,-1.05637611386E-16)
  );
#4130 = ORIENTED_EDGE('',*,*,#4131,.T.);
#4131 = EDGE_CURVE('',#4124,#4132,#4134,.T.);
#4132 = VERTEX_POINT('',#4133);
#4133 = CARTESIAN_POINT('',(3.811074417451,2.522444201862,11.));
#4134 = LINE('',#4135,#4136);
#4135 = CARTESIAN_POINT('',(3.967112324953,2.406472553916,11.));
#4136 = VECTOR('',#4137,1.);
#4137 = DIRECTION('',(-0.802601572549,0.596515478208,-9.829034468127E-17
    ));
#4138 = ORIENTED_EDGE('',*,*,#4139,.T.);
#4139 = EDGE_CURVE('',#4132,#4140,#4142,.T.);
#4140 = VERTEX_POINT('',#4141);
#4141 = CARTESIAN_POINT('',(3.614016789591,2.703667594576,11.));
#4142 = LINE('',#4143,#4144);
#4143 = CARTESIAN_POINT('',(4.120891820585,2.237521656476,11.));
#4144 = VECTOR('',#4145,1.);
#4145 = DIRECTION('',(-0.736060580988,0.676915667654,-9.014142344855E-17
    ));
#4146 = ORIENTED_EDGE('',*,*,#4147,.T.);
#4147 = EDGE_CURVE('',#4140,#4148,#4150,.T.);
#4148 = VERTEX_POINT('',#4149);
#4149 = CARTESIAN_POINT('',(3.432233047034,2.907968978322,11.));
#4150 = LINE('',#4151,#4152);
#4151 = CARTESIAN_POINT('',(4.207389679021,2.036793314826,11.));
#4152 = VECTOR('',#4153,1.);
#4153 = DIRECTION('',(-0.664736580563,0.747077826241,-8.140675256625E-17
    ));
#4154 = ORIENTED_EDGE('',*,*,#4155,.T.);
#4155 = EDGE_CURVE('',#4148,#4156,#4158,.T.);
#4156 = VERTEX_POINT('',#4157);
#4157 = CARTESIAN_POINT('',(3.267473866593,3.133380819093,11.));
#4158 = LINE('',#4159,#4160);
#4159 = CARTESIAN_POINT('',(4.225519400716,1.822650777757,11.));
#4160 = VECTOR('',#4161,1.);
#4161 = DIRECTION('',(-0.590098636788,0.807331158114,-7.226624067237E-17
    ));
#4162 = ORIENTED_EDGE('',*,*,#4163,.T.);
#4163 = EDGE_CURVE('',#4156,#4164,#4166,.T.);
#4164 = VERTEX_POINT('',#4165);
#4165 = CARTESIAN_POINT('',(3.121325969244,3.377732277639,11.));
#4166 = LINE('',#4167,#4168);
#4167 = CARTESIAN_POINT('',(4.178167702784,1.610749490156,11.));
#4168 = VECTOR('',#4169,1.);
#4169 = DIRECTION('',(-0.51329961757,0.85820947478,-6.286107336605E-17)
  );
#4170 = ORIENTED_EDGE('',*,*,#4171,.T.);
#4171 = EDGE_CURVE('',#4164,#4172,#4174,.T.);
#4172 = VERTEX_POINT('',#4173);
#4173 = CARTESIAN_POINT('',(2.995196839129,3.638670115839,11.));
#4174 = LINE('',#4175,#4176);
#4175 = CARTESIAN_POINT('',(4.070653952234,1.413748292341,11.));
#4176 = VECTOR('',#4177,1.);
#4177 = DIRECTION('',(-0.435194322623,0.900336549051,-5.329593342068E-17
    ));
#4178 = ORIENTED_EDGE('',*,*,#4179,.T.);
#4179 = EDGE_CURVE('',#4172,#4180,#4182,.T.);
#4180 = VERTEX_POINT('',#4181);
#4181 = CARTESIAN_POINT('',(2.890301168722,3.913681359668,11.));
#4182 = LINE('',#4183,#4184);
#4183 = CARTESIAN_POINT('',(3.909524773274,1.241521964154,11.));
#4184 = VECTOR('',#4185,1.);
#4185 = DIRECTION('',(-0.356379457965,0.934341309127,-4.364389624791E-17
    ));
#4186 = ORIENTED_EDGE('',*,*,#4187,.T.);
#4187 = EDGE_CURVE('',#4180,#4188,#4190,.T.);
#4188 = VERTEX_POINT('',#4189);
#4189 = CARTESIAN_POINT('',(2.807649160669,4.200117500511,11.));
#4190 = LINE('',#4191,#4192);
#4191 = CARTESIAN_POINT('',(3.701726215858,1.101632813455,11.));
#4192 = VECTOR('',#4193,1.);
#4193 = DIRECTION('',(-0.277241777037,0.960800185817,-3.395232548377E-17
    ));
#4194 = ORIENTED_EDGE('',*,*,#4195,.T.);
#4195 = EDGE_CURVE('',#4188,#4196,#4198,.T.);
#4196 = VERTEX_POINT('',#4197);
#4197 = CARTESIAN_POINT('',(2.748036798992,4.49522000175,11.));
#4198 = LINE('',#4199,#4200);
#4199 = CARTESIAN_POINT('',(3.454112918974,0.999890791362,11.));
#4200 = VECTOR('',#4201,1.);
#4201 = DIRECTION('',(-0.198006062582,0.980200795338,-2.424874907524E-17
    ));
#4202 = ORIENTED_EDGE('',*,*,#4203,.T.);
#4203 = EDGE_CURVE('',#4196,#3698,#4204,.T.);
#4204 = LINE('',#4205,#4206);
#4205 = CARTESIAN_POINT('',(3.173225122633,0.94090031127,11.));
#4206 = VECTOR('',#4207,1.);
#4207 = DIRECTION('',(-0.118778932436,0.992920724534,-1.454622394143E-17
    ));
#4208 = FACE_BOUND('',#4209,.T.);
#4209 = EDGE_LOOP('',(#4210,#4220,#4228,#4236,#4244,#4252,#4260,#4268,
    #4276,#4284,#4292,#4300,#4308,#4316,#4324,#4332,#4340,#4348,#4356,
    #4364,#4372,#4380,#4388,#4396,#4404,#4412,#4420,#4428,#4436,#4444,
    #4452,#4460,#4468,#4476,#4484,#4492,#4500,#4508,#4516,#4524,#4532,
    #4540,#4548,#4556,#4564,#4572,#4580,#4588,#4596,#4604,#4612,#4620,
    #4628,#4636,#4644,#4652,#4660,#4668,#4676,#4684,#4692,#4700,#4708,
    #4716));
#4210 = ORIENTED_EDGE('',*,*,#4211,.T.);
#4211 = EDGE_CURVE('',#4212,#4214,#4216,.T.);
#4212 = VERTEX_POINT('',#4213);
#4213 = CARTESIAN_POINT('',(-11.14606893872,12.115750293044,11.));
#4214 = VERTEX_POINT('',#4215);
#4215 = CARTESIAN_POINT('',(-11.2,12.4,11.));
#4216 = LINE('',#4217,#4218);
#4217 = CARTESIAN_POINT('',(-11.14606893872,12.115750293044,11.));
#4218 = VECTOR('',#4219,1.);
#4219 = DIRECTION('',(-0.186405829909,0.982472832488,-2.2828130294E-17)
  );
#4220 = ORIENTED_EDGE('',*,*,#4221,.T.);
#4221 = EDGE_CURVE('',#4214,#4222,#4224,.T.);
#4222 = VERTEX_POINT('',#4223);
#4223 = CARTESIAN_POINT('',(-11.14606893872,12.684249706956,11.));
#4224 = LINE('',#4225,#4226);
#4225 = CARTESIAN_POINT('',(-11.2,12.4,11.));
#4226 = VECTOR('',#4227,1.);
#4227 = DIRECTION('',(0.186405829909,0.982472832488,2.2828130294E-17));
#4228 = ORIENTED_EDGE('',*,*,#4229,.T.);
#4229 = EDGE_CURVE('',#4222,#4230,#4232,.T.);
#4230 = VERTEX_POINT('',#4231);
#4231 = CARTESIAN_POINT('',(-10.98479514051,12.965761933847,11.));
#4232 = LINE('',#4233,#4234);
#4233 = CARTESIAN_POINT('',(-11.14606893872,12.684249706956,11.));
#4234 = VECTOR('',#4235,1.);
#4235 = DIRECTION('',(0.497090530779,0.867698682844,6.087603274056E-17)
  );
#4236 = ORIENTED_EDGE('',*,*,#4237,.T.);
#4237 = EDGE_CURVE('',#4230,#4238,#4240,.T.);
#4238 = VERTEX_POINT('',#4239);
#4239 = CARTESIAN_POINT('',(-10.7177317602,13.241825564038,11.));
#4240 = LINE('',#4241,#4242);
#4241 = CARTESIAN_POINT('',(-10.98479514051,12.965761933847,11.));
#4242 = VECTOR('',#4243,1.);
#4243 = DIRECTION('',(0.695293736147,0.718725692093,8.514892484397E-17)
  );
#4244 = ORIENTED_EDGE('',*,*,#4245,.T.);
#4245 = EDGE_CURVE('',#4238,#4246,#4248,.T.);
#4246 = VERTEX_POINT('',#4247);
#4247 = CARTESIAN_POINT('',(-10.34745076412,13.509781953859,11.));
#4248 = LINE('',#4249,#4250);
#4249 = CARTESIAN_POINT('',(-10.7177317602,13.241825564038,11.));
#4250 = VECTOR('',#4251,1.);
#4251 = DIRECTION('',(0.810127210389,0.586254128332,9.921196951056E-17)
  );
#4252 = ORIENTED_EDGE('',*,*,#4253,.T.);
#4253 = EDGE_CURVE('',#4246,#4254,#4256,.T.);
#4254 = VERTEX_POINT('',#4255);
#4255 = CARTESIAN_POINT('',(-9.877518160702,13.767050536795,11.));
#4256 = LINE('',#4257,#4258);
#4257 = CARTESIAN_POINT('',(-10.34745076412,13.509781953859,11.));
#4258 = VECTOR('',#4259,1.);
#4259 = DIRECTION('',(0.877155600291,0.480206260764,1.074205798251E-16)
  );
#4260 = ORIENTED_EDGE('',*,*,#4261,.T.);
#4261 = EDGE_CURVE('',#4254,#4262,#4264,.T.);
#4262 = VERTEX_POINT('',#4263);
#4263 = CARTESIAN_POINT('',(-9.312459657789,14.011153675757,11.));
#4264 = LINE('',#4265,#4266);
#4265 = CARTESIAN_POINT('',(-9.877518160702,13.767050536795,11.));
#4266 = VECTOR('',#4267,1.);
#4267 = DIRECTION('',(0.918002857926,0.396573767212,1.124229261567E-16)
  );
#4268 = ORIENTED_EDGE('',*,*,#4269,.T.);
#4269 = EDGE_CURVE('',#4262,#4270,#4272,.T.);
#4270 = VERTEX_POINT('',#4271);
#4271 = CARTESIAN_POINT('',(-8.657717077663,14.239740524075,11.));
#4272 = LINE('',#4273,#4274);
#4273 = CARTESIAN_POINT('',(-9.312459657789,14.011153675757,11.));
#4274 = VECTOR('',#4275,1.);
#4275 = DIRECTION('',(0.944115720652,0.329614177513,1.156208295321E-16)
  );
#4276 = ORIENTED_EDGE('',*,*,#4277,.T.);
#4277 = EDGE_CURVE('',#4270,#4278,#4280,.T.);
#4278 = VERTEX_POINT('',#4279);
#4279 = CARTESIAN_POINT('',(-7.919595949289,14.450609665441,11.));
#4280 = LINE('',#4281,#4282);
#4281 = CARTESIAN_POINT('',(-8.657717077663,14.239740524075,11.));
#4282 = VECTOR('',#4283,1.);
#4283 = DIRECTION('',(0.96153172728,0.274693897701,1.177536752092E-16));
#4284 = ORIENTED_EDGE('',*,*,#4285,.T.);
#4285 = EDGE_CURVE('',#4278,#4286,#4288,.T.);
#4286 = VERTEX_POINT('',#4287);
#4287 = CARTESIAN_POINT('',(-7.105204782633,14.641730314752,11.));
#4288 = LINE('',#4289,#4290);
#4289 = CARTESIAN_POINT('',(-7.919595949289,14.450609665441,11.));
#4290 = VECTOR('',#4291,1.);
#4291 = DIRECTION('',(0.973550478144,0.228472025653,1.192255476867E-16)
  );
#4292 = ORIENTED_EDGE('',*,*,#4293,.T.);
#4293 = EDGE_CURVE('',#4286,#4294,#4296,.T.);
#4294 = VERTEX_POINT('',#4295);
#4295 = CARTESIAN_POINT('',(-6.22238660982,14.811261875677,11.));
#4296 = LINE('',#4297,#4298);
#4297 = CARTESIAN_POINT('',(-7.105204782633,14.641730314752,11.));
#4298 = VECTOR('',#4299,1.);
#4299 = DIRECTION('',(0.982056164151,0.188588680605,1.202671938011E-16)
  );
#4300 = ORIENTED_EDGE('',*,*,#4301,.T.);
#4301 = EDGE_CURVE('',#4294,#4302,#4304,.T.);
#4302 = VERTEX_POINT('',#4303);
#4303 = CARTESIAN_POINT('',(-5.279643452451,14.95757166661,11.));
#4304 = LINE('',#4305,#4306);
#4305 = CARTESIAN_POINT('',(-6.22238660982,14.811261875677,11.));
#4306 = VECTOR('',#4307,1.);
#4307 = DIRECTION('',(0.988170399476,0.153359908712,1.21015971673E-16));
#4308 = ORIENTED_EDGE('',*,*,#4309,.T.);
#4309 = EDGE_CURVE('',#4302,#4310,#4312,.T.);
#4310 = VERTEX_POINT('',#4311);
#4311 = CARTESIAN_POINT('',(-4.286054442489,15.079250644283,11.));
#4312 = LINE('',#4313,#4314);
#4313 = CARTESIAN_POINT('',(-5.279643452451,14.95757166661,11.));
#4314 = VECTOR('',#4315,1.);
#4315 = DIRECTION('',(0.992584578732,0.121555970912,1.215565527227E-16)
  );
#4316 = ORIENTED_EDGE('',*,*,#4317,.T.);
#4317 = EDGE_CURVE('',#4310,#4318,#4320,.T.);
#4318 = VERTEX_POINT('',#4319);
#4319 = CARTESIAN_POINT('',(-3.25118838525,15.175126973623,11.));
#4320 = LINE('',#4321,#4322);
#4321 = CARTESIAN_POINT('',(-4.286054442489,15.079250644283,11.));
#4322 = VECTOR('',#4323,1.);
#4323 = DIRECTION('',(0.995735779107,9.225106073019E-02,
    1.21942463468E-16));
#4324 = ORIENTED_EDGE('',*,*,#4325,.T.);
#4325 = EDGE_CURVE('',#4318,#4326,#4328,.T.);
#4326 = VERTEX_POINT('',#4327);
#4327 = CARTESIAN_POINT('',(-2.185011606581,15.244277313169,11.));
#4328 = LINE('',#4329,#4330);
#4329 = CARTESIAN_POINT('',(-3.25118838525,15.175126973623,11.));
#4330 = VECTOR('',#4331,1.);
#4331 = DIRECTION('',(0.99790331755,6.472224364963E-02,
    1.222079103696E-16));
#4332 = ORIENTED_EDGE('',*,*,#4333,.T.);
#4333 = EDGE_CURVE('',#4326,#4334,#4336,.T.);
#4334 = VERTEX_POINT('',#4335);
#4335 = CARTESIAN_POINT('',(-1.097791971691,15.286035707349,11.));
#4336 = LINE('',#4337,#4338);
#4337 = CARTESIAN_POINT('',(-2.185011606581,15.244277313169,11.));
#4338 = VECTOR('',#4339,1.);
#4339 = DIRECTION('',(0.999263211518,3.838012645934E-02,
    1.223744493491E-16));
#4340 = ORIENTED_EDGE('',*,*,#4341,.T.);
#4341 = EDGE_CURVE('',#4334,#4342,#4344,.T.);
#4342 = VERTEX_POINT('',#4343);
#4343 = CARTESIAN_POINT('',(-6.858022075225E-16,15.3,11.));
#4344 = LINE('',#4345,#4346);
#4345 = CARTESIAN_POINT('',(-1.097791971691,15.286035707349,11.));
#4346 = VECTOR('',#4347,1.);
#4347 = DIRECTION('',(0.999919106228,1.27193160329E-02,
    1.224547732848E-16));
#4348 = ORIENTED_EDGE('',*,*,#4349,.T.);
#4349 = EDGE_CURVE('',#4342,#4350,#4352,.T.);
#4350 = VERTEX_POINT('',#4351);
#4351 = CARTESIAN_POINT('',(1.097791971691,15.286035707349,11.));
#4352 = LINE('',#4353,#4354);
#4353 = CARTESIAN_POINT('',(-6.858022075225E-16,15.3,11.));
#4354 = VECTOR('',#4355,1.);
#4355 = DIRECTION('',(0.999919106228,-1.27193160329E-02,
    1.224547732848E-16));
#4356 = ORIENTED_EDGE('',*,*,#4357,.T.);
#4357 = EDGE_CURVE('',#4350,#4358,#4360,.T.);
#4358 = VERTEX_POINT('',#4359);
#4359 = CARTESIAN_POINT('',(2.185011606581,15.244277313169,11.));
#4360 = LINE('',#4361,#4362);
#4361 = CARTESIAN_POINT('',(1.097791971691,15.286035707349,11.));
#4362 = VECTOR('',#4363,1.);
#4363 = DIRECTION('',(0.999263211518,-3.838012645934E-02,
    1.223744493491E-16));
#4364 = ORIENTED_EDGE('',*,*,#4365,.T.);
#4365 = EDGE_CURVE('',#4358,#4366,#4368,.T.);
#4366 = VERTEX_POINT('',#4367);
#4367 = CARTESIAN_POINT('',(3.25118838525,15.175126973623,11.));
#4368 = LINE('',#4369,#4370);
#4369 = CARTESIAN_POINT('',(2.185011606581,15.244277313169,11.));
#4370 = VECTOR('',#4371,1.);
#4371 = DIRECTION('',(0.99790331755,-6.472224364963E-02,
    1.222079103696E-16));
#4372 = ORIENTED_EDGE('',*,*,#4373,.T.);
#4373 = EDGE_CURVE('',#4366,#4374,#4376,.T.);
#4374 = VERTEX_POINT('',#4375);
#4375 = CARTESIAN_POINT('',(4.286054442489,15.079250644283,11.));
#4376 = LINE('',#4377,#4378);
#4377 = CARTESIAN_POINT('',(3.25118838525,15.175126973623,11.));
#4378 = VECTOR('',#4379,1.);
#4379 = DIRECTION('',(0.995735779107,-9.225106073019E-02,
    1.21942463468E-16));
#4380 = ORIENTED_EDGE('',*,*,#4381,.T.);
#4381 = EDGE_CURVE('',#4374,#4382,#4384,.T.);
#4382 = VERTEX_POINT('',#4383);
#4383 = CARTESIAN_POINT('',(5.279643452451,14.95757166661,11.));
#4384 = LINE('',#4385,#4386);
#4385 = CARTESIAN_POINT('',(4.286054442489,15.079250644283,11.));
#4386 = VECTOR('',#4387,1.);
#4387 = DIRECTION('',(0.992584578732,-0.121555970912,1.215565527227E-16)
  );
#4388 = ORIENTED_EDGE('',*,*,#4389,.T.);
#4389 = EDGE_CURVE('',#4382,#4390,#4392,.T.);
#4390 = VERTEX_POINT('',#4391);
#4391 = CARTESIAN_POINT('',(6.22238660982,14.811261875677,11.));
#4392 = LINE('',#4393,#4394);
#4393 = CARTESIAN_POINT('',(5.279643452451,14.95757166661,11.));
#4394 = VECTOR('',#4395,1.);
#4395 = DIRECTION('',(0.988170399476,-0.153359908712,1.21015971673E-16)
  );
#4396 = ORIENTED_EDGE('',*,*,#4397,.T.);
#4397 = EDGE_CURVE('',#4390,#4398,#4400,.T.);
#4398 = VERTEX_POINT('',#4399);
#4399 = CARTESIAN_POINT('',(7.105204782633,14.641730314752,11.));
#4400 = LINE('',#4401,#4402);
#4401 = CARTESIAN_POINT('',(6.22238660982,14.811261875677,11.));
#4402 = VECTOR('',#4403,1.);
#4403 = DIRECTION('',(0.982056164151,-0.188588680605,1.202671938011E-16)
  );
#4404 = ORIENTED_EDGE('',*,*,#4405,.T.);
#4405 = EDGE_CURVE('',#4398,#4406,#4408,.T.);
#4406 = VERTEX_POINT('',#4407);
#4407 = CARTESIAN_POINT('',(7.919595949289,14.450609665441,11.));
#4408 = LINE('',#4409,#4410);
#4409 = CARTESIAN_POINT('',(7.105204782633,14.641730314752,11.));
#4410 = VECTOR('',#4411,1.);
#4411 = DIRECTION('',(0.973550478144,-0.228472025653,1.192255476867E-16)
  );
#4412 = ORIENTED_EDGE('',*,*,#4413,.T.);
#4413 = EDGE_CURVE('',#4406,#4414,#4416,.T.);
#4414 = VERTEX_POINT('',#4415);
#4415 = CARTESIAN_POINT('',(8.657717077663,14.239740524075,11.));
#4416 = LINE('',#4417,#4418);
#4417 = CARTESIAN_POINT('',(7.919595949289,14.450609665441,11.));
#4418 = VECTOR('',#4419,1.);
#4419 = DIRECTION('',(0.96153172728,-0.274693897701,1.177536752092E-16)
  );
#4420 = ORIENTED_EDGE('',*,*,#4421,.T.);
#4421 = EDGE_CURVE('',#4414,#4422,#4424,.T.);
#4422 = VERTEX_POINT('',#4423);
#4423 = CARTESIAN_POINT('',(9.312459657789,14.011153675757,11.));
#4424 = LINE('',#4425,#4426);
#4425 = CARTESIAN_POINT('',(8.657717077663,14.239740524075,11.));
#4426 = VECTOR('',#4427,1.);
#4427 = DIRECTION('',(0.944115720652,-0.329614177513,1.156208295321E-16)
  );
#4428 = ORIENTED_EDGE('',*,*,#4429,.T.);
#4429 = EDGE_CURVE('',#4422,#4430,#4432,.T.);
#4430 = VERTEX_POINT('',#4431);
#4431 = CARTESIAN_POINT('',(9.877518160702,13.767050536795,11.));
#4432 = LINE('',#4433,#4434);
#4433 = CARTESIAN_POINT('',(9.312459657789,14.011153675757,11.));
#4434 = VECTOR('',#4435,1.);
#4435 = DIRECTION('',(0.918002857926,-0.396573767212,1.124229261567E-16)
  );
#4436 = ORIENTED_EDGE('',*,*,#4437,.T.);
#4437 = EDGE_CURVE('',#4430,#4438,#4440,.T.);
#4438 = VERTEX_POINT('',#4439);
#4439 = CARTESIAN_POINT('',(10.347450764126,13.509781953859,11.));
#4440 = LINE('',#4441,#4442);
#4441 = CARTESIAN_POINT('',(9.877518160702,13.767050536795,11.));
#4442 = VECTOR('',#4443,1.);
#4443 = DIRECTION('',(0.877155600291,-0.480206260764,1.074205798251E-16)
  );
#4444 = ORIENTED_EDGE('',*,*,#4445,.T.);
#4445 = EDGE_CURVE('',#4438,#4446,#4448,.T.);
#4446 = VERTEX_POINT('',#4447);
#4447 = CARTESIAN_POINT('',(10.717731760201,13.241825564038,11.));
#4448 = LINE('',#4449,#4450);
#4449 = CARTESIAN_POINT('',(10.347450764126,13.509781953859,11.));
#4450 = VECTOR('',#4451,1.);
#4451 = DIRECTION('',(0.810127210389,-0.586254128332,9.921196951056E-17)
  );
#4452 = ORIENTED_EDGE('',*,*,#4453,.T.);
#4453 = EDGE_CURVE('',#4446,#4454,#4456,.T.);
#4454 = VERTEX_POINT('',#4455);
#4455 = CARTESIAN_POINT('',(10.984795140516,12.965761933847,11.));
#4456 = LINE('',#4457,#4458);
#4457 = CARTESIAN_POINT('',(10.717731760201,13.241825564038,11.));
#4458 = VECTOR('',#4459,1.);
#4459 = DIRECTION('',(0.695293736147,-0.718725692093,8.514892484397E-17)
  );
#4460 = ORIENTED_EDGE('',*,*,#4461,.T.);
#4461 = EDGE_CURVE('',#4454,#4462,#4464,.T.);
#4462 = VERTEX_POINT('',#4463);
#4463 = CARTESIAN_POINT('',(11.146068938729,12.684249706956,11.));
#4464 = LINE('',#4465,#4466);
#4465 = CARTESIAN_POINT('',(10.984795140516,12.965761933847,11.));
#4466 = VECTOR('',#4467,1.);
#4467 = DIRECTION('',(0.497090530779,-0.867698682844,6.087603274056E-17)
  );
#4468 = ORIENTED_EDGE('',*,*,#4469,.T.);
#4469 = EDGE_CURVE('',#4462,#4470,#4472,.T.);
#4470 = VERTEX_POINT('',#4471);
#4471 = CARTESIAN_POINT('',(11.2,12.4,11.));
#4472 = LINE('',#4473,#4474);
#4473 = CARTESIAN_POINT('',(11.146068938729,12.684249706956,11.));
#4474 = VECTOR('',#4475,1.);
#4475 = DIRECTION('',(0.186405829909,-0.982472832488,2.2828130294E-17));
#4476 = ORIENTED_EDGE('',*,*,#4477,.T.);
#4477 = EDGE_CURVE('',#4470,#4478,#4480,.T.);
#4478 = VERTEX_POINT('',#4479);
#4479 = CARTESIAN_POINT('',(11.146068938729,12.115750293044,11.));
#4480 = LINE('',#4481,#4482);
#4481 = CARTESIAN_POINT('',(11.2,12.4,11.));
#4482 = VECTOR('',#4483,1.);
#4483 = DIRECTION('',(-0.186405829909,-0.982472832488,-2.2828130294E-17)
  );
#4484 = ORIENTED_EDGE('',*,*,#4485,.T.);
#4485 = EDGE_CURVE('',#4478,#4486,#4488,.T.);
#4486 = VERTEX_POINT('',#4487);
#4487 = CARTESIAN_POINT('',(10.984795140516,11.834238066153,11.));
#4488 = LINE('',#4489,#4490);
#4489 = CARTESIAN_POINT('',(11.146068938729,12.115750293044,11.));
#4490 = VECTOR('',#4491,1.);
#4491 = DIRECTION('',(-0.497090530779,-0.867698682844,
    -6.087603274056E-17));
#4492 = ORIENTED_EDGE('',*,*,#4493,.T.);
#4493 = EDGE_CURVE('',#4486,#4494,#4496,.T.);
#4494 = VERTEX_POINT('',#4495);
#4495 = CARTESIAN_POINT('',(10.717731760201,11.558174435962,11.));
#4496 = LINE('',#4497,#4498);
#4497 = CARTESIAN_POINT('',(10.984795140516,11.834238066153,11.));
#4498 = VECTOR('',#4499,1.);
#4499 = DIRECTION('',(-0.695293736147,-0.718725692093,
    -8.514892484397E-17));
#4500 = ORIENTED_EDGE('',*,*,#4501,.T.);
#4501 = EDGE_CURVE('',#4494,#4502,#4504,.T.);
#4502 = VERTEX_POINT('',#4503);
#4503 = CARTESIAN_POINT('',(10.347450764126,11.290218046141,11.));
#4504 = LINE('',#4505,#4506);
#4505 = CARTESIAN_POINT('',(10.717731760201,11.558174435962,11.));
#4506 = VECTOR('',#4507,1.);
#4507 = DIRECTION('',(-0.810127210389,-0.586254128332,
    -9.921196951056E-17));
#4508 = ORIENTED_EDGE('',*,*,#4509,.T.);
#4509 = EDGE_CURVE('',#4502,#4510,#4512,.T.);
#4510 = VERTEX_POINT('',#4511);
#4511 = CARTESIAN_POINT('',(9.877518160702,11.032949463205,11.));
#4512 = LINE('',#4513,#4514);
#4513 = CARTESIAN_POINT('',(10.347450764126,11.290218046141,11.));
#4514 = VECTOR('',#4515,1.);
#4515 = DIRECTION('',(-0.877155600291,-0.480206260764,
    -1.074205798251E-16));
#4516 = ORIENTED_EDGE('',*,*,#4517,.T.);
#4517 = EDGE_CURVE('',#4510,#4518,#4520,.T.);
#4518 = VERTEX_POINT('',#4519);
#4519 = CARTESIAN_POINT('',(9.312459657789,10.788846324243,11.));
#4520 = LINE('',#4521,#4522);
#4521 = CARTESIAN_POINT('',(9.877518160702,11.032949463205,11.));
#4522 = VECTOR('',#4523,1.);
#4523 = DIRECTION('',(-0.918002857926,-0.396573767212,
    -1.124229261567E-16));
#4524 = ORIENTED_EDGE('',*,*,#4525,.T.);
#4525 = EDGE_CURVE('',#4518,#4526,#4528,.T.);
#4526 = VERTEX_POINT('',#4527);
#4527 = CARTESIAN_POINT('',(8.657717077663,10.560259475925,11.));
#4528 = LINE('',#4529,#4530);
#4529 = CARTESIAN_POINT('',(9.312459657789,10.788846324243,11.));
#4530 = VECTOR('',#4531,1.);
#4531 = DIRECTION('',(-0.944115720652,-0.329614177513,
    -1.156208295321E-16));
#4532 = ORIENTED_EDGE('',*,*,#4533,.T.);
#4533 = EDGE_CURVE('',#4526,#4534,#4536,.T.);
#4534 = VERTEX_POINT('',#4535);
#4535 = CARTESIAN_POINT('',(7.919595949289,10.349390334559,11.));
#4536 = LINE('',#4537,#4538);
#4537 = CARTESIAN_POINT('',(8.657717077663,10.560259475925,11.));
#4538 = VECTOR('',#4539,1.);
#4539 = DIRECTION('',(-0.96153172728,-0.274693897701,-1.177536752092E-16
    ));
#4540 = ORIENTED_EDGE('',*,*,#4541,.T.);
#4541 = EDGE_CURVE('',#4534,#4542,#4544,.T.);
#4542 = VERTEX_POINT('',#4543);
#4543 = CARTESIAN_POINT('',(7.105204782633,10.158269685248,11.));
#4544 = LINE('',#4545,#4546);
#4545 = CARTESIAN_POINT('',(7.919595949289,10.349390334559,11.));
#4546 = VECTOR('',#4547,1.);
#4547 = DIRECTION('',(-0.973550478144,-0.228472025653,
    -1.192255476867E-16));
#4548 = ORIENTED_EDGE('',*,*,#4549,.T.);
#4549 = EDGE_CURVE('',#4542,#4550,#4552,.T.);
#4550 = VERTEX_POINT('',#4551);
#4551 = CARTESIAN_POINT('',(6.22238660982,9.988738124323,11.));
#4552 = LINE('',#4553,#4554);
#4553 = CARTESIAN_POINT('',(7.105204782633,10.158269685248,11.));
#4554 = VECTOR('',#4555,1.);
#4555 = DIRECTION('',(-0.982056164151,-0.188588680605,
    -1.202671938011E-16));
#4556 = ORIENTED_EDGE('',*,*,#4557,.T.);
#4557 = EDGE_CURVE('',#4550,#4558,#4560,.T.);
#4558 = VERTEX_POINT('',#4559);
#4559 = CARTESIAN_POINT('',(5.279643452451,9.84242833339,11.));
#4560 = LINE('',#4561,#4562);
#4561 = CARTESIAN_POINT('',(6.22238660982,9.988738124323,11.));
#4562 = VECTOR('',#4563,1.);
#4563 = DIRECTION('',(-0.988170399476,-0.153359908712,-1.21015971673E-16
    ));
#4564 = ORIENTED_EDGE('',*,*,#4565,.T.);
#4565 = EDGE_CURVE('',#4558,#4566,#4568,.T.);
#4566 = VERTEX_POINT('',#4567);
#4567 = CARTESIAN_POINT('',(4.286054442489,9.720749355717,11.));
#4568 = LINE('',#4569,#4570);
#4569 = CARTESIAN_POINT('',(5.279643452451,9.84242833339,11.));
#4570 = VECTOR('',#4571,1.);
#4571 = DIRECTION('',(-0.992584578732,-0.121555970912,
    -1.215565527227E-16));
#4572 = ORIENTED_EDGE('',*,*,#4573,.T.);
#4573 = EDGE_CURVE('',#4566,#4574,#4576,.T.);
#4574 = VERTEX_POINT('',#4575);
#4575 = CARTESIAN_POINT('',(3.25118838525,9.624873026377,11.));
#4576 = LINE('',#4577,#4578);
#4577 = CARTESIAN_POINT('',(4.286054442489,9.720749355717,11.));
#4578 = VECTOR('',#4579,1.);
#4579 = DIRECTION('',(-0.995735779107,-9.225106073019E-02,
    -1.21942463468E-16));
#4580 = ORIENTED_EDGE('',*,*,#4581,.T.);
#4581 = EDGE_CURVE('',#4574,#4582,#4584,.T.);
#4582 = VERTEX_POINT('',#4583);
#4583 = CARTESIAN_POINT('',(2.185011606581,9.555722686831,11.));
#4584 = LINE('',#4585,#4586);
#4585 = CARTESIAN_POINT('',(3.25118838525,9.624873026377,11.));
#4586 = VECTOR('',#4587,1.);
#4587 = DIRECTION('',(-0.99790331755,-6.472224364963E-02,
    -1.222079103696E-16));
#4588 = ORIENTED_EDGE('',*,*,#4589,.T.);
#4589 = EDGE_CURVE('',#4582,#4590,#4592,.T.);
#4590 = VERTEX_POINT('',#4591);
#4591 = CARTESIAN_POINT('',(1.097791971691,9.513964292651,11.));
#4592 = LINE('',#4593,#4594);
#4593 = CARTESIAN_POINT('',(2.185011606581,9.555722686831,11.));
#4594 = VECTOR('',#4595,1.);
#4595 = DIRECTION('',(-0.999263211518,-3.838012645934E-02,
    -1.223744493491E-16));
#4596 = ORIENTED_EDGE('',*,*,#4597,.T.);
#4597 = EDGE_CURVE('',#4590,#4598,#4600,.T.);
#4598 = VERTEX_POINT('',#4599);
#4599 = CARTESIAN_POINT('',(2.057406622568E-15,9.5,11.));
#4600 = LINE('',#4601,#4602);
#4601 = CARTESIAN_POINT('',(1.097791971691,9.513964292651,11.));
#4602 = VECTOR('',#4603,1.);
#4603 = DIRECTION('',(-0.999919106228,-1.27193160329E-02,
    -1.224547732848E-16));
#4604 = ORIENTED_EDGE('',*,*,#4605,.T.);
#4605 = EDGE_CURVE('',#4598,#4606,#4608,.T.);
#4606 = VERTEX_POINT('',#4607);
#4607 = CARTESIAN_POINT('',(-1.097791971691,9.513964292651,11.));
#4608 = LINE('',#4609,#4610);
#4609 = CARTESIAN_POINT('',(2.057406622568E-15,9.5,11.));
#4610 = VECTOR('',#4611,1.);
#4611 = DIRECTION('',(-0.999919106228,1.27193160329E-02,
    -1.224547732848E-16));
#4612 = ORIENTED_EDGE('',*,*,#4613,.T.);
#4613 = EDGE_CURVE('',#4606,#4614,#4616,.T.);
#4614 = VERTEX_POINT('',#4615);
#4615 = CARTESIAN_POINT('',(-2.185011606581,9.555722686831,11.));
#4616 = LINE('',#4617,#4618);
#4617 = CARTESIAN_POINT('',(-1.097791971691,9.513964292651,11.));
#4618 = VECTOR('',#4619,1.);
#4619 = DIRECTION('',(-0.999263211518,3.838012645934E-02,
    -1.223744493491E-16));
#4620 = ORIENTED_EDGE('',*,*,#4621,.T.);
#4621 = EDGE_CURVE('',#4614,#4622,#4624,.T.);
#4622 = VERTEX_POINT('',#4623);
#4623 = CARTESIAN_POINT('',(-3.25118838525,9.624873026377,11.));
#4624 = LINE('',#4625,#4626);
#4625 = CARTESIAN_POINT('',(-2.185011606581,9.555722686831,11.));
#4626 = VECTOR('',#4627,1.);
#4627 = DIRECTION('',(-0.99790331755,6.472224364963E-02,
    -1.222079103696E-16));
#4628 = ORIENTED_EDGE('',*,*,#4629,.T.);
#4629 = EDGE_CURVE('',#4622,#4630,#4632,.T.);
#4630 = VERTEX_POINT('',#4631);
#4631 = CARTESIAN_POINT('',(-4.286054442489,9.720749355717,11.));
#4632 = LINE('',#4633,#4634);
#4633 = CARTESIAN_POINT('',(-3.25118838525,9.624873026377,11.));
#4634 = VECTOR('',#4635,1.);
#4635 = DIRECTION('',(-0.995735779107,9.225106073019E-02,
    -1.21942463468E-16));
#4636 = ORIENTED_EDGE('',*,*,#4637,.T.);
#4637 = EDGE_CURVE('',#4630,#4638,#4640,.T.);
#4638 = VERTEX_POINT('',#4639);
#4639 = CARTESIAN_POINT('',(-5.279643452451,9.84242833339,11.));
#4640 = LINE('',#4641,#4642);
#4641 = CARTESIAN_POINT('',(-4.286054442489,9.720749355717,11.));
#4642 = VECTOR('',#4643,1.);
#4643 = DIRECTION('',(-0.992584578732,0.121555970912,-1.215565527227E-16
    ));
#4644 = ORIENTED_EDGE('',*,*,#4645,.T.);
#4645 = EDGE_CURVE('',#4638,#4646,#4648,.T.);
#4646 = VERTEX_POINT('',#4647);
#4647 = CARTESIAN_POINT('',(-6.22238660982,9.988738124323,11.));
#4648 = LINE('',#4649,#4650);
#4649 = CARTESIAN_POINT('',(-5.279643452451,9.84242833339,11.));
#4650 = VECTOR('',#4651,1.);
#4651 = DIRECTION('',(-0.988170399476,0.153359908712,-1.21015971673E-16)
  );
#4652 = ORIENTED_EDGE('',*,*,#4653,.T.);
#4653 = EDGE_CURVE('',#4646,#4654,#4656,.T.);
#4654 = VERTEX_POINT('',#4655);
#4655 = CARTESIAN_POINT('',(-7.105204782633,10.158269685248,11.));
#4656 = LINE('',#4657,#4658);
#4657 = CARTESIAN_POINT('',(-6.22238660982,9.988738124323,11.));
#4658 = VECTOR('',#4659,1.);
#4659 = DIRECTION('',(-0.982056164151,0.188588680605,-1.202671938011E-16
    ));
#4660 = ORIENTED_EDGE('',*,*,#4661,.T.);
#4661 = EDGE_CURVE('',#4654,#4662,#4664,.T.);
#4662 = VERTEX_POINT('',#4663);
#4663 = CARTESIAN_POINT('',(-7.919595949289,10.349390334559,11.));
#4664 = LINE('',#4665,#4666);
#4665 = CARTESIAN_POINT('',(-7.105204782633,10.158269685248,11.));
#4666 = VECTOR('',#4667,1.);
#4667 = DIRECTION('',(-0.973550478144,0.228472025653,-1.192255476867E-16
    ));
#4668 = ORIENTED_EDGE('',*,*,#4669,.T.);
#4669 = EDGE_CURVE('',#4662,#4670,#4672,.T.);
#4670 = VERTEX_POINT('',#4671);
#4671 = CARTESIAN_POINT('',(-8.657717077663,10.560259475925,11.));
#4672 = LINE('',#4673,#4674);
#4673 = CARTESIAN_POINT('',(-7.919595949289,10.349390334559,11.));
#4674 = VECTOR('',#4675,1.);
#4675 = DIRECTION('',(-0.96153172728,0.274693897701,-1.177536752092E-16)
  );
#4676 = ORIENTED_EDGE('',*,*,#4677,.T.);
#4677 = EDGE_CURVE('',#4670,#4678,#4680,.T.);
#4678 = VERTEX_POINT('',#4679);
#4679 = CARTESIAN_POINT('',(-9.312459657789,10.788846324243,11.));
#4680 = LINE('',#4681,#4682);
#4681 = CARTESIAN_POINT('',(-8.657717077663,10.560259475925,11.));
#4682 = VECTOR('',#4683,1.);
#4683 = DIRECTION('',(-0.944115720652,0.329614177513,-1.156208295321E-16
    ));
#4684 = ORIENTED_EDGE('',*,*,#4685,.T.);
#4685 = EDGE_CURVE('',#4678,#4686,#4688,.T.);
#4686 = VERTEX_POINT('',#4687);
#4687 = CARTESIAN_POINT('',(-9.877518160702,11.032949463205,11.));
#4688 = LINE('',#4689,#4690);
#4689 = CARTESIAN_POINT('',(-9.312459657789,10.788846324243,11.));
#4690 = VECTOR('',#4691,1.);
#4691 = DIRECTION('',(-0.918002857926,0.396573767212,-1.124229261567E-16
    ));
#4692 = ORIENTED_EDGE('',*,*,#4693,.T.);
#4693 = EDGE_CURVE('',#4686,#4694,#4696,.T.);
#4694 = VERTEX_POINT('',#4695);
#4695 = CARTESIAN_POINT('',(-10.34745076412,11.290218046141,11.));
#4696 = LINE('',#4697,#4698);
#4697 = CARTESIAN_POINT('',(-9.877518160702,11.032949463205,11.));
#4698 = VECTOR('',#4699,1.);
#4699 = DIRECTION('',(-0.877155600291,0.480206260764,-1.074205798251E-16
    ));
#4700 = ORIENTED_EDGE('',*,*,#4701,.T.);
#4701 = EDGE_CURVE('',#4694,#4702,#4704,.T.);
#4702 = VERTEX_POINT('',#4703);
#4703 = CARTESIAN_POINT('',(-10.7177317602,11.558174435962,11.));
#4704 = LINE('',#4705,#4706);
#4705 = CARTESIAN_POINT('',(-10.34745076412,11.290218046141,11.));
#4706 = VECTOR('',#4707,1.);
#4707 = DIRECTION('',(-0.810127210389,0.586254128332,-9.921196951056E-17
    ));
#4708 = ORIENTED_EDGE('',*,*,#4709,.T.);
#4709 = EDGE_CURVE('',#4702,#4710,#4712,.T.);
#4710 = VERTEX_POINT('',#4711);
#4711 = CARTESIAN_POINT('',(-10.98479514051,11.834238066153,11.));
#4712 = LINE('',#4713,#4714);
#4713 = CARTESIAN_POINT('',(-10.7177317602,11.558174435962,11.));
#4714 = VECTOR('',#4715,1.);
#4715 = DIRECTION('',(-0.695293736147,0.718725692093,-8.514892484397E-17
    ));
#4716 = ORIENTED_EDGE('',*,*,#4717,.T.);
#4717 = EDGE_CURVE('',#4710,#4212,#4718,.T.);
#4718 = LINE('',#4719,#4720);
#4719 = CARTESIAN_POINT('',(-10.98479514051,11.834238066153,11.));
#4720 = VECTOR('',#4721,1.);
#4721 = DIRECTION('',(-0.497090530779,0.867698682844,-6.087603274056E-17
    ));
#4722 = PLANE('',#4723);
#4723 = AXIS2_PLACEMENT_3D('',#4724,#4725,#4726);
#4724 = CARTESIAN_POINT('',(-0.184596552302,-3.065964963086,11.));
#4725 = DIRECTION('',(-1.224646799147E-16,-0.,1.));
#4726 = DIRECTION('',(1.,0.,1.224646799147E-16));
#4727 = ADVANCED_FACE('',(#4728),#4761,.T.);
#4728 = FACE_BOUND('',#4729,.F.);
#4729 = EDGE_LOOP('',(#4730,#4731,#4740,#4760));
#4730 = ORIENTED_EDGE('',*,*,#2185,.T.);
#4731 = ORIENTED_EDGE('',*,*,#4732,.T.);
#4732 = EDGE_CURVE('',#2177,#4733,#4735,.T.);
#4733 = VERTEX_POINT('',#4734);
#4734 = CARTESIAN_POINT('',(10.631089015392,-15.98811891208,10.55));
#4735 = CIRCLE('',#4736,4.8);
#4736 = AXIS2_PLACEMENT_3D('',#4737,#4738,#4739);
#4737 = CARTESIAN_POINT('',(15.,-14.,10.55));
#4738 = DIRECTION('',(1.224646799147E-16,0.,-1.));
#4739 = DIRECTION('',(-1.,0.,-1.224646799147E-16));
#4740 = ORIENTED_EDGE('',*,*,#4741,.T.);
#4741 = EDGE_CURVE('',#4733,#2508,#4742,.T.);
#4742 = B_SPLINE_CURVE_WITH_KNOTS('',6,(#4743,#4744,#4745,#4746,#4747,
    #4748,#4749,#4750,#4751,#4752,#4753,#4754,#4755,#4756,#4757,#4758,
    #4759),.UNSPECIFIED.,.F.,.F.,(7,5,5,7),(0.,0.278927787637,
    0.562764833867,1.),.UNSPECIFIED.);
#4743 = CARTESIAN_POINT('',(10.631089015392,-15.98811891208,10.55));
#4744 = CARTESIAN_POINT('',(10.631089015392,-15.98811891208,
    10.584132250528));
#4745 = CARTESIAN_POINT('',(10.632406057515,-15.98351247924,
    10.618266910399));
#4746 = CARTESIAN_POINT('',(10.635040221712,-15.9742980537,
    10.651997496294));
#4747 = CARTESIAN_POINT('',(10.638971533814,-15.96058538194,
    10.68492881531));
#4748 = CARTESIAN_POINT('',(10.644162453713,-15.94257720581,
    10.716697326481));
#4749 = CARTESIAN_POINT('',(10.657070879566,-15.89813702531,
    10.777818869657));
#4750 = CARTESIAN_POINT('',(10.664831849479,-15.87155998143,
    10.80712237274));
#4751 = CARTESIAN_POINT('',(10.673788372524,-15.8411093194,
    10.834574144139));
#4752 = CARTESIAN_POINT('',(10.683872655288,-15.80713990479,
    10.859911843359));
#4753 = CARTESIAN_POINT('',(10.695007547886,-15.77004293319,
    10.882935492601));
#4754 = CARTESIAN_POINT('',(10.725753357228,-15.66886709821,
    10.935189434409));
#4755 = CARTESIAN_POINT('',(10.746692242955,-15.60104328782,
    10.961048106373));
#4756 = CARTESIAN_POINT('',(10.769626539886,-15.52819351917,
    10.980569189951));
#4757 = CARTESIAN_POINT('',(10.794223935149,-15.45181064119,
    10.993553374052));
#4758 = CARTESIAN_POINT('',(10.820128108589,-15.37329203722,
    11.000000030326));
#4759 = CARTESIAN_POINT('',(10.846924193293,-15.29400979288,11.));
#4760 = ORIENTED_EDGE('',*,*,#2516,.F.);
#4761 = TOROIDAL_SURFACE('',#4762,4.35,0.45);
#4762 = AXIS2_PLACEMENT_3D('',#4763,#4764,#4765);
#4763 = CARTESIAN_POINT('',(15.,-14.,10.55));
#4764 = DIRECTION('',(-1.224646799147E-16,-0.,1.));
#4765 = DIRECTION('',(-1.,0.,-1.224646799147E-16));
#4766 = ADVANCED_FACE('',(#4767),#4793,.T.);
#4767 = FACE_BOUND('',#4768,.T.);
#4768 = EDGE_LOOP('',(#4769,#4777,#4778,#4786));
#4769 = ORIENTED_EDGE('',*,*,#4770,.F.);
#4770 = EDGE_CURVE('',#2158,#4771,#4773,.T.);
#4771 = VERTEX_POINT('',#4772);
#4772 = CARTESIAN_POINT('',(17.721568933431,-7.388233519431,5.95));
#4773 = LINE('',#4774,#4775);
#4774 = CARTESIAN_POINT('',(17.721568933432,-7.38823351943,11.));
#4775 = VECTOR('',#4776,1.);
#4776 = DIRECTION('',(1.224646799147E-16,0.,-1.));
#4777 = ORIENTED_EDGE('',*,*,#2176,.T.);
#4778 = ORIENTED_EDGE('',*,*,#4779,.T.);
#4779 = EDGE_CURVE('',#2177,#4780,#4782,.T.);
#4780 = VERTEX_POINT('',#4781);
#4781 = CARTESIAN_POINT('',(16.682450177007,-9.504517667492,5.95));
#4782 = LINE('',#4783,#4784);
#4783 = CARTESIAN_POINT('',(16.682450177007,-9.504517667492,11.));
#4784 = VECTOR('',#4785,1.);
#4785 = DIRECTION('',(1.224646799147E-16,0.,-1.));
#4786 = ORIENTED_EDGE('',*,*,#4787,.F.);
#4787 = EDGE_CURVE('',#4771,#4780,#4788,.T.);
#4788 = CIRCLE('',#4789,19.2);
#4789 = AXIS2_PLACEMENT_3D('',#4790,#4791,#4792);
#4790 = CARTESIAN_POINT('',(6.184466335694E-16,0.,5.95));
#4791 = DIRECTION('',(1.224646799147E-16,0.,-1.));
#4792 = DIRECTION('',(-1.,0.,-1.224646799147E-16));
#4793 = CYLINDRICAL_SURFACE('',#4794,19.2);
#4794 = AXIS2_PLACEMENT_3D('',#4795,#4796,#4797);
#4795 = CARTESIAN_POINT('',(0.,0.,11.));
#4796 = DIRECTION('',(1.224646799147E-16,0.,-1.));
#4797 = DIRECTION('',(-1.,0.,-1.224646799147E-16));
#4798 = ADVANCED_FACE('',(#4799),#4818,.T.);
#4799 = FACE_BOUND('',#4800,.T.);
#4800 = EDGE_LOOP('',(#4801,#4809,#4810,#4811));
#4801 = ORIENTED_EDGE('',*,*,#4802,.F.);
#4802 = EDGE_CURVE('',#2256,#4803,#4805,.T.);
#4803 = VERTEX_POINT('',#4804);
#4804 = CARTESIAN_POINT('',(19.172503429925,1.02718656023,5.95));
#4805 = LINE('',#4806,#4807);
#4806 = CARTESIAN_POINT('',(19.172503429925,1.027186560231,11.));
#4807 = VECTOR('',#4808,1.);
#4808 = DIRECTION('',(1.224646799147E-16,0.,-1.));
#4809 = ORIENTED_EDGE('',*,*,#2272,.T.);
#4810 = ORIENTED_EDGE('',*,*,#4770,.T.);
#4811 = ORIENTED_EDGE('',*,*,#4812,.F.);
#4812 = EDGE_CURVE('',#4803,#4771,#4813,.T.);
#4813 = CIRCLE('',#4814,4.4);
#4814 = AXIS2_PLACEMENT_3D('',#4815,#4816,#4817);
#4815 = CARTESIAN_POINT('',(17.4,-3.,5.95));
#4816 = DIRECTION('',(1.224646799147E-16,0.,-1.));
#4817 = DIRECTION('',(-1.,0.,-1.224646799147E-16));
#4818 = CYLINDRICAL_SURFACE('',#4819,4.4);
#4819 = AXIS2_PLACEMENT_3D('',#4820,#4821,#4822);
#4820 = CARTESIAN_POINT('',(17.4,-3.,11.));
#4821 = DIRECTION('',(1.224646799147E-16,0.,-1.));
#4822 = DIRECTION('',(-1.,0.,-1.224646799147E-16));
#4823 = ADVANCED_FACE('',(#4824),#4852,.T.);
#4824 = FACE_BOUND('',#4825,.F.);
#4825 = EDGE_LOOP('',(#4826,#4843,#4850,#4851));
#4826 = ORIENTED_EDGE('',*,*,#4827,.F.);
#4827 = EDGE_CURVE('',#4828,#2630,#4830,.T.);
#4828 = VERTEX_POINT('',#4829);
#4829 = CARTESIAN_POINT('',(-19.17250342992,1.02718656023,10.55));
#4830 = B_SPLINE_CURVE_WITH_KNOTS('',6,(#4831,#4832,#4833,#4834,#4835,
    #4836,#4837,#4838,#4839,#4840,#4841,#4842),.UNSPECIFIED.,.F.,.F.,(7,
    5,7),(0.,0.498087939573,1.),.UNSPECIFIED.);
#4831 = CARTESIAN_POINT('',(-19.17250342992,1.027186560231,10.55));
#4832 = CARTESIAN_POINT('',(-19.17250342992,1.027186560231,
    10.609275880536));
#4833 = CARTESIAN_POINT('',(-19.16345551022,1.020931843277,
    10.668562959173));
#4834 = CARTESIAN_POINT('',(-19.14535262475,1.008417911372,
    10.725914435063));
#4835 = CARTESIAN_POINT('',(-19.11874866027,0.989975761526,
    10.779429455663));
#4836 = CARTESIAN_POINT('',(-19.0846570046,0.966207874248,
    10.827500990478));
#4837 = CARTESIAN_POINT('',(-19.00382090227,0.90944250918,
    10.910653770513));
#4838 = CARTESIAN_POINT('',(-18.95697063453,0.876367967646,
    10.945643708627));
#4839 = CARTESIAN_POINT('',(-18.90517091425,0.839535532382,
    10.972655464084));
#4840 = CARTESIAN_POINT('',(-18.85001644363,0.799958564312,
    10.990892967083));
#4841 = CARTESIAN_POINT('',(-18.7931687856,0.758751350097,
    11.000000076195));
#4842 = CARTESIAN_POINT('',(-18.73628202523,0.717102413017,11.));
#4843 = ORIENTED_EDGE('',*,*,#4844,.T.);
#4844 = EDGE_CURVE('',#4828,#2256,#4845,.T.);
#4845 = CIRCLE('',#4846,19.2);
#4846 = AXIS2_PLACEMENT_3D('',#4847,#4848,#4849);
#4847 = CARTESIAN_POINT('',(5.510910596163E-17,0.,10.55));
#4848 = DIRECTION('',(1.224646799147E-16,0.,-1.));
#4849 = DIRECTION('',(-1.,0.,-1.224646799147E-16));
#4850 = ORIENTED_EDGE('',*,*,#2255,.F.);
#4851 = ORIENTED_EDGE('',*,*,#2629,.F.);
#4852 = TOROIDAL_SURFACE('',#4853,18.75,0.45);
#4853 = AXIS2_PLACEMENT_3D('',#4854,#4855,#4856);
#4854 = CARTESIAN_POINT('',(5.510910596163E-17,0.,10.55));
#4855 = DIRECTION('',(-1.224646799147E-16,-0.,1.));
#4856 = DIRECTION('',(-1.,0.,-1.224646799147E-16));
#4857 = ADVANCED_FACE('',(#4858),#4876,.F.);
#4858 = FACE_BOUND('',#4859,.F.);
#4859 = EDGE_LOOP('',(#4860,#4861,#4862,#4870));
#4860 = ORIENTED_EDGE('',*,*,#2621,.F.);
#4861 = ORIENTED_EDGE('',*,*,#2332,.T.);
#4862 = ORIENTED_EDGE('',*,*,#4863,.T.);
#4863 = EDGE_CURVE('',#2324,#4864,#4866,.T.);
#4864 = VERTEX_POINT('',#4865);
#4865 = CARTESIAN_POINT('',(17.823662355028,4.209953149321,10.6));
#4866 = LINE('',#4867,#4868);
#4867 = CARTESIAN_POINT('',(19.123662355028,-0.890046850679,10.6));
#4868 = VECTOR('',#4869,1.);
#4869 = DIRECTION('',(-0.247003705083,0.969014535327,-3.024922968079E-17
    ));
#4870 = ORIENTED_EDGE('',*,*,#4871,.F.);
#4871 = EDGE_CURVE('',#2613,#4864,#4872,.T.);
#4872 = LINE('',#4873,#4874);
#4873 = CARTESIAN_POINT('',(17.823662355028,4.209953149321,11.));
#4874 = VECTOR('',#4875,1.);
#4875 = DIRECTION('',(1.224646799147E-16,0.,-1.));
#4876 = PLANE('',#4877);
#4877 = AXIS2_PLACEMENT_3D('',#4878,#4879,#4880);
#4878 = CARTESIAN_POINT('',(19.123662355028,-0.890046850679,11.));
#4879 = DIRECTION('',(0.969014535327,0.247003705083,1.186700549016E-16)
  );
#4880 = DIRECTION('',(-0.247003705083,0.969014535327,-3.024922968079E-17
    ));
#4881 = ADVANCED_FACE('',(#4882),#4980,.F.);
#4882 = FACE_BOUND('',#4883,.F.);
#4883 = EDGE_LOOP('',(#4884,#4885,#4886,#4895,#4903,#4912,#4921,#4929,
    #4937,#4946,#4955,#4963,#4972,#4979));
#4884 = ORIENTED_EDGE('',*,*,#2323,.T.);
#4885 = ORIENTED_EDGE('',*,*,#2314,.T.);
#4886 = ORIENTED_EDGE('',*,*,#4887,.T.);
#4887 = EDGE_CURVE('',#2307,#4888,#4890,.T.);
#4888 = VERTEX_POINT('',#4889);
#4889 = CARTESIAN_POINT('',(13.453480202392,-1.396742669697,10.6));
#4890 = CIRCLE('',#4891,0.85);
#4891 = AXIS2_PLACEMENT_3D('',#4892,#4893,#4894);
#4892 = CARTESIAN_POINT('',(14.25,-1.1,10.6));
#4893 = DIRECTION('',(1.224646799147E-16,0.,-1.));
#4894 = DIRECTION('',(-1.,0.,-1.224646799147E-16));
#4895 = ORIENTED_EDGE('',*,*,#4896,.F.);
#4896 = EDGE_CURVE('',#4897,#4888,#4899,.T.);
#4897 = VERTEX_POINT('',#4898);
#4898 = CARTESIAN_POINT('',(11.553480202392,3.703257330303,10.6));
#4899 = LINE('',#4900,#4901);
#4900 = CARTESIAN_POINT('',(11.553480202392,3.703257330303,10.6));
#4901 = VECTOR('',#4902,1.);
#4902 = DIRECTION('',(0.349109023173,-0.937082114833,4.275352477822E-17)
  );
#4903 = ORIENTED_EDGE('',*,*,#4904,.T.);
#4904 = EDGE_CURVE('',#4897,#4905,#4907,.T.);
#4905 = VERTEX_POINT('',#4906);
#4906 = CARTESIAN_POINT('',(11.5,4.,10.6));
#4907 = CIRCLE('',#4908,0.85);
#4908 = AXIS2_PLACEMENT_3D('',#4909,#4910,#4911);
#4909 = CARTESIAN_POINT('',(12.35,4.,10.6));
#4910 = DIRECTION('',(1.224646799147E-16,0.,-1.));
#4911 = DIRECTION('',(-1.,0.,-1.224646799147E-16));
#4912 = ORIENTED_EDGE('',*,*,#4913,.T.);
#4913 = EDGE_CURVE('',#4905,#4914,#4916,.T.);
#4914 = VERTEX_POINT('',#4915);
#4915 = CARTESIAN_POINT('',(13.146519797608,4.296742669697,10.6));
#4916 = CIRCLE('',#4917,0.85);
#4917 = AXIS2_PLACEMENT_3D('',#4918,#4919,#4920);
#4918 = CARTESIAN_POINT('',(12.35,4.,10.6));
#4919 = DIRECTION('',(1.224646799147E-16,0.,-1.));
#4920 = DIRECTION('',(-1.,0.,-1.224646799147E-16));
#4921 = ORIENTED_EDGE('',*,*,#4922,.F.);
#4922 = EDGE_CURVE('',#4923,#4914,#4925,.T.);
#4923 = VERTEX_POINT('',#4924);
#4924 = CARTESIAN_POINT('',(13.41276642571,3.582080667949,10.6));
#4925 = LINE('',#4926,#4927);
#4926 = CARTESIAN_POINT('',(15.046519797608,-0.803257330303,10.6));
#4927 = VECTOR('',#4928,1.);
#4928 = DIRECTION('',(-0.349109023173,0.937082114833,-4.275352477822E-17
    ));
#4929 = ORIENTED_EDGE('',*,*,#4930,.F.);
#4930 = EDGE_CURVE('',#4931,#4923,#4933,.T.);
#4931 = VERTEX_POINT('',#4932);
#4932 = CARTESIAN_POINT('',(13.081202374746,4.77181049788,10.6));
#4933 = LINE('',#4934,#4935);
#4934 = CARTESIAN_POINT('',(13.081202374746,4.77181049788,10.6));
#4935 = VECTOR('',#4936,1.);
#4936 = DIRECTION('',(0.268458237788,-0.963291323829,3.287665216122E-17)
  );
#4937 = ORIENTED_EDGE('',*,*,#4938,.T.);
#4938 = EDGE_CURVE('',#4931,#4939,#4941,.T.);
#4939 = VERTEX_POINT('',#4940);
#4940 = CARTESIAN_POINT('',(13.05,5.,10.6));
#4941 = CIRCLE('',#4942,0.85);
#4942 = AXIS2_PLACEMENT_3D('',#4943,#4944,#4945);
#4943 = CARTESIAN_POINT('',(13.9,5.,10.6));
#4944 = DIRECTION('',(1.224646799147E-16,0.,-1.));
#4945 = DIRECTION('',(-1.,0.,-1.224646799147E-16));
#4946 = ORIENTED_EDGE('',*,*,#4947,.T.);
#4947 = EDGE_CURVE('',#4939,#4948,#4950,.T.);
#4948 = VERTEX_POINT('',#4949);
#4949 = CARTESIAN_POINT('',(14.718797625254,5.22818950212,10.6));
#4950 = CIRCLE('',#4951,0.85);
#4951 = AXIS2_PLACEMENT_3D('',#4952,#4953,#4954);
#4952 = CARTESIAN_POINT('',(13.9,5.,10.6));
#4953 = DIRECTION('',(1.224646799147E-16,0.,-1.));
#4954 = DIRECTION('',(-1.,0.,-1.224646799147E-16));
#4955 = ORIENTED_EDGE('',*,*,#4956,.F.);
#4956 = EDGE_CURVE('',#4957,#4948,#4959,.T.);
#4957 = VERTEX_POINT('',#4958);
#4958 = CARTESIAN_POINT('',(14.884280392379,4.634398396556,10.6));
#4959 = LINE('',#4960,#4961);
#4960 = CARTESIAN_POINT('',(16.418797625254,-0.87181049788,10.6));
#4961 = VECTOR('',#4962,1.);
#4962 = DIRECTION('',(-0.268458237788,0.963291323829,-3.287665216122E-17
    ));
#4963 = ORIENTED_EDGE('',*,*,#4964,.T.);
#4964 = EDGE_CURVE('',#4957,#4965,#4967,.T.);
#4965 = VERTEX_POINT('',#4966);
#4966 = CARTESIAN_POINT('',(16.225,4.349106001094,10.6));
#4967 = CIRCLE('',#4968,0.85);
#4968 = AXIS2_PLACEMENT_3D('',#4969,#4970,#4971);
#4969 = CARTESIAN_POINT('',(15.45,4.,10.6));
#4970 = DIRECTION('',(1.224646799147E-16,0.,-1.));
#4971 = DIRECTION('',(-1.,0.,-1.224646799147E-16));
#4972 = ORIENTED_EDGE('',*,*,#4973,.T.);
#4973 = EDGE_CURVE('',#4965,#4864,#4974,.T.);
#4974 = CIRCLE('',#4975,0.85);
#4975 = AXIS2_PLACEMENT_3D('',#4976,#4977,#4978);
#4976 = CARTESIAN_POINT('',(17.,4.,10.6));
#4977 = DIRECTION('',(1.224646799147E-16,0.,-1.));
#4978 = DIRECTION('',(-1.,0.,-1.224646799147E-16));
#4979 = ORIENTED_EDGE('',*,*,#4863,.F.);
#4980 = PLANE('',#4981);
#4981 = AXIS2_PLACEMENT_3D('',#4982,#4983,#4984);
#4982 = CARTESIAN_POINT('',(15.726919104892,-1.622730352902E-03,10.6));
#4983 = DIRECTION('',(1.224646799147E-16,0.,-1.));
#4984 = DIRECTION('',(-1.,0.,-1.224646799147E-16));
#4985 = ADVANCED_FACE('',(#4986),#4997,.F.);
#4986 = FACE_BOUND('',#4987,.F.);
#4987 = EDGE_LOOP('',(#4988,#4989,#4990,#4991));
#4988 = ORIENTED_EDGE('',*,*,#4887,.F.);
#4989 = ORIENTED_EDGE('',*,*,#2306,.F.);
#4990 = ORIENTED_EDGE('',*,*,#2526,.T.);
#4991 = ORIENTED_EDGE('',*,*,#4992,.T.);
#4992 = EDGE_CURVE('',#2527,#4888,#4993,.T.);
#4993 = LINE('',#4994,#4995);
#4994 = CARTESIAN_POINT('',(13.453480202392,-1.396742669697,11.));
#4995 = VECTOR('',#4996,1.);
#4996 = DIRECTION('',(1.224646799147E-16,0.,-1.));
#4997 = CYLINDRICAL_SURFACE('',#4998,0.85);
#4998 = AXIS2_PLACEMENT_3D('',#4999,#5000,#5001);
#4999 = CARTESIAN_POINT('',(14.25,-1.1,11.));
#5000 = DIRECTION('',(1.224646799147E-16,0.,-1.));
#5001 = DIRECTION('',(-1.,0.,-1.224646799147E-16));
#5002 = ADVANCED_FACE('',(#5003),#5051,.T.);
#5003 = FACE_BOUND('',#5004,.F.);
#5004 = EDGE_LOOP('',(#5005,#5024,#5033,#5040,#5041));
#5005 = ORIENTED_EDGE('',*,*,#5006,.T.);
#5006 = EDGE_CURVE('',#5007,#5009,#5011,.T.);
#5007 = VERTEX_POINT('',#5008);
#5008 = CARTESIAN_POINT('',(-17.50149760554,-7.076895119606,
    10.9813646238));
#5009 = VERTEX_POINT('',#5010);
#5010 = CARTESIAN_POINT('',(-17.72156893343,-7.38823351943,10.55));
#5011 = B_SPLINE_CURVE_WITH_KNOTS('',6,(#5012,#5013,#5014,#5015,#5016,
    #5017,#5018,#5019,#5020,#5021,#5022,#5023),.UNSPECIFIED.,.F.,.F.,(7,
    5,7),(0.,0.502998022837,1.),.UNSPECIFIED.);
#5012 = CARTESIAN_POINT('',(-17.41437232426,-6.949973852617,11.));
#5013 = CARTESIAN_POINT('',(-17.45411333568,-7.008394097325,
    11.000000077426));
#5014 = CARTESIAN_POINT('',(-17.49396592086,-7.066383194904,
    10.99085350695));
#5015 = CARTESIAN_POINT('',(-17.53276192667,-7.122256401755,
    10.972536936186));
#5016 = CARTESIAN_POINT('',(-17.56930103612,-7.174397059777,
    10.945409633397));
#5017 = CARTESIAN_POINT('',(-17.60241253822,-7.221307121194,
    10.910274808047));
#5018 = CARTESIAN_POINT('',(-17.65947776083,-7.301726390504,
    10.826976657476));
#5019 = CARTESIAN_POINT('',(-17.68354328552,-7.335399163205,
    10.778962605826));
#5020 = CARTESIAN_POINT('',(-17.70235493555,-7.361573122977,
    10.725539211609));
#5021 = CARTESIAN_POINT('',(-17.71516595728,-7.379348893352,
    10.668304377912));
#5022 = CARTESIAN_POINT('',(-17.72156893343,-7.38823351943,
    10.609146644943));
#5023 = CARTESIAN_POINT('',(-17.72156893343,-7.38823351943,10.55));
#5024 = ORIENTED_EDGE('',*,*,#5025,.T.);
#5025 = EDGE_CURVE('',#5009,#5026,#5028,.T.);
#5026 = VERTEX_POINT('',#5027);
#5027 = CARTESIAN_POINT('',(-21.8,-3.,10.55));
#5028 = CIRCLE('',#5029,4.4);
#5029 = AXIS2_PLACEMENT_3D('',#5030,#5031,#5032);
#5030 = CARTESIAN_POINT('',(-17.4,-3.,10.55));
#5031 = DIRECTION('',(1.224646799147E-16,0.,-1.));
#5032 = DIRECTION('',(-1.,0.,-1.224646799147E-16));
#5033 = ORIENTED_EDGE('',*,*,#5034,.T.);
#5034 = EDGE_CURVE('',#5026,#2360,#5035,.T.);
#5035 = CIRCLE('',#5036,0.45);
#5036 = AXIS2_PLACEMENT_3D('',#5037,#5038,#5039);
#5037 = CARTESIAN_POINT('',(-21.35,-3.,10.55));
#5038 = DIRECTION('',(0.,1.,0.));
#5039 = DIRECTION('',(-1.,0.,-1.224646799147E-16));
#5040 = ORIENTED_EDGE('',*,*,#2357,.F.);
#5041 = ORIENTED_EDGE('',*,*,#5042,.T.);
#5042 = EDGE_CURVE('',#2358,#5007,#5043,.T.);
#5043 = B_SPLINE_CURVE_WITH_KNOTS('',6,(#5044,#5045,#5046,#5047,#5048,
    #5049,#5050),.UNSPECIFIED.,.F.,.F.,(7,7),(0.,1.),
  .PIECEWISE_BEZIER_KNOTS.);
#5044 = CARTESIAN_POINT('',(-18.59334843092,-6.765424215464,11.));
#5045 = CARTESIAN_POINT('',(-18.41028502843,-6.851787819916,11.));
#5046 = CARTESIAN_POINT('',(-18.22034373603,-6.9258642717,
    10.998052815905));
#5047 = CARTESIAN_POINT('',(-18.02463008108,-6.986850833882,
    10.994581584844));
#5048 = CARTESIAN_POINT('',(-17.8243172357,-7.034128772857,
    10.98998126659));
#5049 = CARTESIAN_POINT('',(-17.6206331422,-7.067221722374,
    10.984656935208));
#5050 = CARTESIAN_POINT('',(-17.41486656948,-7.085808233885,
    10.979009063523));
#5051 = TOROIDAL_SURFACE('',#5052,3.95,0.45);
#5052 = AXIS2_PLACEMENT_3D('',#5053,#5054,#5055);
#5053 = CARTESIAN_POINT('',(-17.4,-3.,10.55));
#5054 = DIRECTION('',(-1.224646799147E-16,-0.,1.));
#5055 = DIRECTION('',(-1.,0.,-1.224646799147E-16));
#5056 = ADVANCED_FACE('',(#5057),#5105,.F.);
#5057 = FACE_BOUND('',#5058,.F.);
#5058 = EDGE_LOOP('',(#5059,#5060,#5061,#5069,#5078,#5087,#5093,#5094,
    #5104));
#5059 = ORIENTED_EDGE('',*,*,#2368,.T.);
#5060 = ORIENTED_EDGE('',*,*,#2377,.T.);
#5061 = ORIENTED_EDGE('',*,*,#5062,.T.);
#5062 = EDGE_CURVE('',#2378,#5063,#5065,.T.);
#5063 = VERTEX_POINT('',#5064);
#5064 = CARTESIAN_POINT('',(-19.0784985809,-0.712865890651,10.6));
#5065 = LINE('',#5066,#5067);
#5066 = CARTESIAN_POINT('',(-19.0784985809,-0.712865890651,11.));
#5067 = VECTOR('',#5068,1.);
#5068 = DIRECTION('',(1.224646799147E-16,0.,-1.));
#5069 = ORIENTED_EDGE('',*,*,#5070,.F.);
#5070 = EDGE_CURVE('',#5071,#5063,#5073,.T.);
#5071 = VERTEX_POINT('',#5072);
#5072 = CARTESIAN_POINT('',(-20.6,-3.6,10.6));
#5073 = CIRCLE('',#5074,3.5);
#5074 = AXIS2_PLACEMENT_3D('',#5075,#5076,#5077);
#5075 = CARTESIAN_POINT('',(-17.1,-3.6,10.6));
#5076 = DIRECTION('',(1.224646799147E-16,0.,-1.));
#5077 = DIRECTION('',(-1.,0.,-1.224646799147E-16));
#5078 = ORIENTED_EDGE('',*,*,#5079,.F.);
#5079 = EDGE_CURVE('',#5080,#5071,#5082,.T.);
#5080 = VERTEX_POINT('',#5081);
#5081 = CARTESIAN_POINT('',(-14.02912253655,-1.920800308323,10.6));
#5082 = CIRCLE('',#5083,3.5);
#5083 = AXIS2_PLACEMENT_3D('',#5084,#5085,#5086);
#5084 = CARTESIAN_POINT('',(-17.1,-3.6,10.6));
#5085 = DIRECTION('',(1.224646799147E-16,0.,-1.));
#5086 = DIRECTION('',(-1.,0.,-1.224646799147E-16));
#5087 = ORIENTED_EDGE('',*,*,#5088,.F.);
#5088 = EDGE_CURVE('',#2463,#5080,#5089,.T.);
#5089 = LINE('',#5090,#5091);
#5090 = CARTESIAN_POINT('',(-14.02912253655,-1.920800308323,11.));
#5091 = VECTOR('',#5092,1.);
#5092 = DIRECTION('',(1.224646799147E-16,0.,-1.));
#5093 = ORIENTED_EDGE('',*,*,#2471,.T.);
#5094 = ORIENTED_EDGE('',*,*,#5095,.F.);
#5095 = EDGE_CURVE('',#5007,#2472,#5096,.T.);
#5096 = B_SPLINE_CURVE_WITH_KNOTS('',6,(#5097,#5098,#5099,#5100,#5101,
    #5102,#5103),.UNSPECIFIED.,.F.,.F.,(7,7),(0.,1.),
  .PIECEWISE_BEZIER_KNOTS.);
#5097 = CARTESIAN_POINT('',(-17.67226832207,-7.052898632677,
    10.904113179589));
#5098 = CARTESIAN_POINT('',(-17.62767469496,-7.060289385456,
    10.934441975511));
#5099 = CARTESIAN_POINT('',(-17.57847139123,-7.067733854852,
    10.959898572033));
#5100 = CARTESIAN_POINT('',(-17.52560872053,-7.074807394819,
    10.979708025763));
#5101 = CARTESIAN_POINT('',(-17.47025572352,-7.081102685194,
    10.993221407954));
#5102 = CARTESIAN_POINT('',(-17.41378313189,-7.086360678178,11.));
#5103 = CARTESIAN_POINT('',(-17.35762751462,-7.090505416657,11.));
#5104 = ORIENTED_EDGE('',*,*,#5042,.F.);
#5105 = CYLINDRICAL_SURFACE('',#5106,3.5);
#5106 = AXIS2_PLACEMENT_3D('',#5107,#5108,#5109);
#5107 = CARTESIAN_POINT('',(-17.1,-3.6,11.));
#5108 = DIRECTION('',(1.224646799147E-16,0.,-1.));
#5109 = DIRECTION('',(-1.,0.,-1.224646799147E-16));
#5110 = ADVANCED_FACE('',(#5111),#5123,.T.);
#5111 = FACE_BOUND('',#5112,.F.);
#5112 = EDGE_LOOP('',(#5113,#5114,#5115,#5116));
#5113 = ORIENTED_EDGE('',*,*,#4827,.T.);
#5114 = ORIENTED_EDGE('',*,*,#2638,.F.);
#5115 = ORIENTED_EDGE('',*,*,#5034,.F.);
#5116 = ORIENTED_EDGE('',*,*,#5117,.T.);
#5117 = EDGE_CURVE('',#5026,#4828,#5118,.T.);
#5118 = CIRCLE('',#5119,4.4);
#5119 = AXIS2_PLACEMENT_3D('',#5120,#5121,#5122);
#5120 = CARTESIAN_POINT('',(-17.4,-3.,10.55));
#5121 = DIRECTION('',(1.224646799147E-16,0.,-1.));
#5122 = DIRECTION('',(-1.,0.,-1.224646799147E-16));
#5123 = TOROIDAL_SURFACE('',#5124,3.95,0.45);
#5124 = AXIS2_PLACEMENT_3D('',#5125,#5126,#5127);
#5125 = CARTESIAN_POINT('',(-17.4,-3.,10.55));
#5126 = DIRECTION('',(-1.224646799147E-16,-0.,1.));
#5127 = DIRECTION('',(-1.,0.,-1.224646799147E-16));
#5128 = ADVANCED_FACE('',(#5129),#5147,.F.);
#5129 = FACE_BOUND('',#5130,.F.);
#5130 = EDGE_LOOP('',(#5131,#5132,#5140,#5146));
#5131 = ORIENTED_EDGE('',*,*,#2386,.F.);
#5132 = ORIENTED_EDGE('',*,*,#5133,.T.);
#5133 = EDGE_CURVE('',#2387,#5134,#5136,.T.);
#5134 = VERTEX_POINT('',#5135);
#5135 = CARTESIAN_POINT('',(-17.82366235502,4.209953149321,10.6));
#5136 = LINE('',#5137,#5138);
#5137 = CARTESIAN_POINT('',(-17.82366235502,4.209953149321,11.));
#5138 = VECTOR('',#5139,1.);
#5139 = DIRECTION('',(1.224646799147E-16,0.,-1.));
#5140 = ORIENTED_EDGE('',*,*,#5141,.T.);
#5141 = EDGE_CURVE('',#5134,#5063,#5142,.T.);
#5142 = LINE('',#5143,#5144);
#5143 = CARTESIAN_POINT('',(-17.82366235502,4.209953149321,10.6));
#5144 = VECTOR('',#5145,1.);
#5145 = DIRECTION('',(-0.247003705083,-0.969014535327,
    -3.024922968079E-17));
#5146 = ORIENTED_EDGE('',*,*,#5062,.F.);
#5147 = PLANE('',#5148);
#5148 = AXIS2_PLACEMENT_3D('',#5149,#5150,#5151);
#5149 = CARTESIAN_POINT('',(-17.82366235502,4.209953149321,11.));
#5150 = DIRECTION('',(-0.969014535327,0.247003705083,-1.186700549016E-16
    ));
#5151 = DIRECTION('',(-0.247003705083,-0.969014535327,
    -3.024922968079E-17));
#5152 = ADVANCED_FACE('',(#5153),#5172,.F.);
#5153 = FACE_BOUND('',#5154,.F.);
#5154 = EDGE_LOOP('',(#5155,#5164,#5165,#5166));
#5155 = ORIENTED_EDGE('',*,*,#5156,.F.);
#5156 = EDGE_CURVE('',#5134,#5157,#5159,.T.);
#5157 = VERTEX_POINT('',#5158);
#5158 = CARTESIAN_POINT('',(-16.225,4.349106001094,10.6));
#5159 = CIRCLE('',#5160,0.85);
#5160 = AXIS2_PLACEMENT_3D('',#5161,#5162,#5163);
#5161 = CARTESIAN_POINT('',(-17.,4.,10.6));
#5162 = DIRECTION('',(1.224646799147E-16,0.,-1.));
#5163 = DIRECTION('',(-1.,0.,-1.224646799147E-16));
#5164 = ORIENTED_EDGE('',*,*,#5133,.F.);
#5165 = ORIENTED_EDGE('',*,*,#2394,.T.);
#5166 = ORIENTED_EDGE('',*,*,#5167,.T.);
#5167 = EDGE_CURVE('',#2395,#5157,#5168,.T.);
#5168 = LINE('',#5169,#5170);
#5169 = CARTESIAN_POINT('',(-16.225,4.349106001094,11.));
#5170 = VECTOR('',#5171,1.);
#5171 = DIRECTION('',(1.224646799147E-16,0.,-1.));
#5172 = CYLINDRICAL_SURFACE('',#5173,0.85);
#5173 = AXIS2_PLACEMENT_3D('',#5174,#5175,#5176);
#5174 = CARTESIAN_POINT('',(-17.,4.,11.));
#5175 = DIRECTION('',(1.224646799147E-16,0.,-1.));
#5176 = DIRECTION('',(-1.,0.,-1.224646799147E-16));
#5177 = ADVANCED_FACE('',(#5178),#5197,.F.);
#5178 = FACE_BOUND('',#5179,.F.);
#5179 = EDGE_LOOP('',(#5180,#5189,#5190,#5191));
#5180 = ORIENTED_EDGE('',*,*,#5181,.F.);
#5181 = EDGE_CURVE('',#5157,#5182,#5184,.T.);
#5182 = VERTEX_POINT('',#5183);
#5183 = CARTESIAN_POINT('',(-14.88428039237,4.634398396556,10.6));
#5184 = CIRCLE('',#5185,0.85);
#5185 = AXIS2_PLACEMENT_3D('',#5186,#5187,#5188);
#5186 = CARTESIAN_POINT('',(-15.45,4.,10.6));
#5187 = DIRECTION('',(1.224646799147E-16,0.,-1.));
#5188 = DIRECTION('',(-1.,0.,-1.224646799147E-16));
#5189 = ORIENTED_EDGE('',*,*,#5167,.F.);
#5190 = ORIENTED_EDGE('',*,*,#2403,.T.);
#5191 = ORIENTED_EDGE('',*,*,#5192,.T.);
#5192 = EDGE_CURVE('',#2404,#5182,#5193,.T.);
#5193 = LINE('',#5194,#5195);
#5194 = CARTESIAN_POINT('',(-14.88428039237,4.634398396556,11.));
#5195 = VECTOR('',#5196,1.);
#5196 = DIRECTION('',(1.224646799147E-16,0.,-1.));
#5197 = CYLINDRICAL_SURFACE('',#5198,0.85);
#5198 = AXIS2_PLACEMENT_3D('',#5199,#5200,#5201);
#5199 = CARTESIAN_POINT('',(-15.45,4.,11.));
#5200 = DIRECTION('',(1.224646799147E-16,0.,-1.));
#5201 = DIRECTION('',(-1.,0.,-1.224646799147E-16));
#5202 = ADVANCED_FACE('',(#5203),#5221,.F.);
#5203 = FACE_BOUND('',#5204,.F.);
#5204 = EDGE_LOOP('',(#5205,#5206,#5214,#5220));
#5205 = ORIENTED_EDGE('',*,*,#2412,.F.);
#5206 = ORIENTED_EDGE('',*,*,#5207,.T.);
#5207 = EDGE_CURVE('',#2413,#5208,#5210,.T.);
#5208 = VERTEX_POINT('',#5209);
#5209 = CARTESIAN_POINT('',(-14.71879762525,5.22818950212,10.6));
#5210 = LINE('',#5211,#5212);
#5211 = CARTESIAN_POINT('',(-14.71879762525,5.22818950212,11.));
#5212 = VECTOR('',#5213,1.);
#5213 = DIRECTION('',(1.224646799147E-16,0.,-1.));
#5214 = ORIENTED_EDGE('',*,*,#5215,.T.);
#5215 = EDGE_CURVE('',#5208,#5182,#5216,.T.);
#5216 = LINE('',#5217,#5218);
#5217 = CARTESIAN_POINT('',(-14.71879762525,5.22818950212,10.6));
#5218 = VECTOR('',#5219,1.);
#5219 = DIRECTION('',(-0.268458237788,-0.963291323829,
    -3.287665216122E-17));
#5220 = ORIENTED_EDGE('',*,*,#5192,.F.);
#5221 = PLANE('',#5222);
#5222 = AXIS2_PLACEMENT_3D('',#5223,#5224,#5225);
#5223 = CARTESIAN_POINT('',(-14.71879762525,5.22818950212,11.));
#5224 = DIRECTION('',(-0.963291323829,0.268458237788,-1.179691636373E-16
    ));
#5225 = DIRECTION('',(-0.268458237788,-0.963291323829,
    -3.287665216122E-17));
#5226 = ADVANCED_FACE('',(#5227),#5238,.F.);
#5227 = FACE_BOUND('',#5228,.F.);
#5228 = EDGE_LOOP('',(#5229,#5230,#5236,#5237));
#5229 = ORIENTED_EDGE('',*,*,#4973,.F.);
#5230 = ORIENTED_EDGE('',*,*,#5231,.F.);
#5231 = EDGE_CURVE('',#2604,#4965,#5232,.T.);
#5232 = LINE('',#5233,#5234);
#5233 = CARTESIAN_POINT('',(16.225,4.349106001094,11.));
#5234 = VECTOR('',#5235,1.);
#5235 = DIRECTION('',(1.224646799147E-16,0.,-1.));
#5236 = ORIENTED_EDGE('',*,*,#2612,.T.);
#5237 = ORIENTED_EDGE('',*,*,#4871,.T.);
#5238 = CYLINDRICAL_SURFACE('',#5239,0.85);
#5239 = AXIS2_PLACEMENT_3D('',#5240,#5241,#5242);
#5240 = CARTESIAN_POINT('',(17.,4.,11.));
#5241 = DIRECTION('',(1.224646799147E-16,0.,-1.));
#5242 = DIRECTION('',(-1.,0.,-1.224646799147E-16));
#5243 = ADVANCED_FACE('',(#5244),#5263,.F.);
#5244 = FACE_BOUND('',#5245,.F.);
#5245 = EDGE_LOOP('',(#5246,#5255,#5256,#5257));
#5246 = ORIENTED_EDGE('',*,*,#5247,.F.);
#5247 = EDGE_CURVE('',#5208,#5248,#5250,.T.);
#5248 = VERTEX_POINT('',#5249);
#5249 = CARTESIAN_POINT('',(-13.08120237474,4.77181049788,10.6));
#5250 = CIRCLE('',#5251,0.85);
#5251 = AXIS2_PLACEMENT_3D('',#5252,#5253,#5254);
#5252 = CARTESIAN_POINT('',(-13.9,5.,10.6));
#5253 = DIRECTION('',(1.224646799147E-16,0.,-1.));
#5254 = DIRECTION('',(-1.,0.,-1.224646799147E-16));
#5255 = ORIENTED_EDGE('',*,*,#5207,.F.);
#5256 = ORIENTED_EDGE('',*,*,#2420,.T.);
#5257 = ORIENTED_EDGE('',*,*,#5258,.T.);
#5258 = EDGE_CURVE('',#2421,#5248,#5259,.T.);
#5259 = LINE('',#5260,#5261);
#5260 = CARTESIAN_POINT('',(-13.08120237474,4.77181049788,11.));
#5261 = VECTOR('',#5262,1.);
#5262 = DIRECTION('',(1.224646799147E-16,0.,-1.));
#5263 = CYLINDRICAL_SURFACE('',#5264,0.85);
#5264 = AXIS2_PLACEMENT_3D('',#5265,#5266,#5267);
#5265 = CARTESIAN_POINT('',(-13.9,5.,11.));
#5266 = DIRECTION('',(1.224646799147E-16,0.,-1.));
#5267 = DIRECTION('',(-1.,0.,-1.224646799147E-16));
#5268 = ADVANCED_FACE('',(#5269),#5280,.F.);
#5269 = FACE_BOUND('',#5270,.F.);
#5270 = EDGE_LOOP('',(#5271,#5272,#5278,#5279));
#5271 = ORIENTED_EDGE('',*,*,#4964,.F.);
#5272 = ORIENTED_EDGE('',*,*,#5273,.F.);
#5273 = EDGE_CURVE('',#2596,#4957,#5274,.T.);
#5274 = LINE('',#5275,#5276);
#5275 = CARTESIAN_POINT('',(14.884280392379,4.634398396556,11.));
#5276 = VECTOR('',#5277,1.);
#5277 = DIRECTION('',(1.224646799147E-16,0.,-1.));
#5278 = ORIENTED_EDGE('',*,*,#2603,.T.);
#5279 = ORIENTED_EDGE('',*,*,#5231,.T.);
#5280 = CYLINDRICAL_SURFACE('',#5281,0.85);
#5281 = AXIS2_PLACEMENT_3D('',#5282,#5283,#5284);
#5282 = CARTESIAN_POINT('',(15.45,4.,11.));
#5283 = DIRECTION('',(1.224646799147E-16,0.,-1.));
#5284 = DIRECTION('',(-1.,0.,-1.224646799147E-16));
#5285 = ADVANCED_FACE('',(#5286),#5304,.F.);
#5286 = FACE_BOUND('',#5287,.F.);
#5287 = EDGE_LOOP('',(#5288,#5289,#5297,#5303));
#5288 = ORIENTED_EDGE('',*,*,#2429,.F.);
#5289 = ORIENTED_EDGE('',*,*,#5290,.F.);
#5290 = EDGE_CURVE('',#5291,#2430,#5293,.T.);
#5291 = VERTEX_POINT('',#5292);
#5292 = CARTESIAN_POINT('',(-13.41276642571,3.582080667949,10.6));
#5293 = LINE('',#5294,#5295);
#5294 = CARTESIAN_POINT('',(-13.41276642571,3.582080667949,11.));
#5295 = VECTOR('',#5296,1.);
#5296 = DIRECTION('',(-1.224646799147E-16,0.,1.));
#5297 = ORIENTED_EDGE('',*,*,#5298,.T.);
#5298 = EDGE_CURVE('',#5291,#5248,#5299,.T.);
#5299 = LINE('',#5300,#5301);
#5300 = CARTESIAN_POINT('',(-14.78120237474,-1.32818950212,10.6));
#5301 = VECTOR('',#5302,1.);
#5302 = DIRECTION('',(0.268458237788,0.963291323829,3.287665216122E-17)
  );
#5303 = ORIENTED_EDGE('',*,*,#5258,.F.);
#5304 = PLANE('',#5305);
#5305 = AXIS2_PLACEMENT_3D('',#5306,#5307,#5308);
#5306 = CARTESIAN_POINT('',(-14.78120237474,-1.32818950212,11.));
#5307 = DIRECTION('',(0.963291323829,-0.268458237788,1.179691636373E-16)
  );
#5308 = DIRECTION('',(0.268458237788,0.963291323829,3.287665216122E-17)
  );
#5309 = ADVANCED_FACE('',(#5310),#5321,.F.);
#5310 = FACE_BOUND('',#5311,.F.);
#5311 = EDGE_LOOP('',(#5312,#5313,#5314,#5315));
#5312 = ORIENTED_EDGE('',*,*,#2595,.F.);
#5313 = ORIENTED_EDGE('',*,*,#5273,.T.);
#5314 = ORIENTED_EDGE('',*,*,#4956,.T.);
#5315 = ORIENTED_EDGE('',*,*,#5316,.F.);
#5316 = EDGE_CURVE('',#2587,#4948,#5317,.T.);
#5317 = LINE('',#5318,#5319);
#5318 = CARTESIAN_POINT('',(14.718797625254,5.22818950212,11.));
#5319 = VECTOR('',#5320,1.);
#5320 = DIRECTION('',(1.224646799147E-16,0.,-1.));
#5321 = PLANE('',#5322);
#5322 = AXIS2_PLACEMENT_3D('',#5323,#5324,#5325);
#5323 = CARTESIAN_POINT('',(16.418797625254,-0.87181049788,11.));
#5324 = DIRECTION('',(0.963291323829,0.268458237788,1.179691636373E-16)
  );
#5325 = DIRECTION('',(-0.268458237788,0.963291323829,-3.287665216122E-17
    ));
#5326 = ADVANCED_FACE('',(#5327),#5345,.F.);
#5327 = FACE_BOUND('',#5328,.F.);
#5328 = EDGE_LOOP('',(#5329,#5330,#5338,#5344));
#5329 = ORIENTED_EDGE('',*,*,#2437,.F.);
#5330 = ORIENTED_EDGE('',*,*,#5331,.T.);
#5331 = EDGE_CURVE('',#2438,#5332,#5334,.T.);
#5332 = VERTEX_POINT('',#5333);
#5333 = CARTESIAN_POINT('',(-13.1465197976,4.296742669697,10.6));
#5334 = LINE('',#5335,#5336);
#5335 = CARTESIAN_POINT('',(-13.1465197976,4.296742669697,11.));
#5336 = VECTOR('',#5337,1.);
#5337 = DIRECTION('',(1.224646799147E-16,0.,-1.));
#5338 = ORIENTED_EDGE('',*,*,#5339,.T.);
#5339 = EDGE_CURVE('',#5332,#5291,#5340,.T.);
#5340 = LINE('',#5341,#5342);
#5341 = CARTESIAN_POINT('',(-13.1465197976,4.296742669697,10.6));
#5342 = VECTOR('',#5343,1.);
#5343 = DIRECTION('',(-0.349109023173,-0.937082114833,
    -4.275352477822E-17));
#5344 = ORIENTED_EDGE('',*,*,#5290,.T.);
#5345 = PLANE('',#5346);
#5346 = AXIS2_PLACEMENT_3D('',#5347,#5348,#5349);
#5347 = CARTESIAN_POINT('',(-13.1465197976,4.296742669697,11.));
#5348 = DIRECTION('',(-0.937082114833,0.349109023173,-1.147594612468E-16
    ));
#5349 = DIRECTION('',(-0.349109023173,-0.937082114833,
    -4.275352477822E-17));
#5350 = ADVANCED_FACE('',(#5351),#5364,.F.);
#5351 = FACE_BOUND('',#5352,.F.);
#5352 = EDGE_LOOP('',(#5353,#5354,#5360,#5361,#5362,#5363));
#5353 = ORIENTED_EDGE('',*,*,#4938,.F.);
#5354 = ORIENTED_EDGE('',*,*,#5355,.F.);
#5355 = EDGE_CURVE('',#2570,#4931,#5356,.T.);
#5356 = LINE('',#5357,#5358);
#5357 = CARTESIAN_POINT('',(13.081202374746,4.77181049788,11.));
#5358 = VECTOR('',#5359,1.);
#5359 = DIRECTION('',(1.224646799147E-16,0.,-1.));
#5360 = ORIENTED_EDGE('',*,*,#2577,.T.);
#5361 = ORIENTED_EDGE('',*,*,#2586,.T.);
#5362 = ORIENTED_EDGE('',*,*,#5316,.T.);
#5363 = ORIENTED_EDGE('',*,*,#4947,.F.);
#5364 = CYLINDRICAL_SURFACE('',#5365,0.85);
#5365 = AXIS2_PLACEMENT_3D('',#5366,#5367,#5368);
#5366 = CARTESIAN_POINT('',(13.9,5.,11.));
#5367 = DIRECTION('',(1.224646799147E-16,0.,-1.));
#5368 = DIRECTION('',(-1.,0.,-1.224646799147E-16));
#5369 = ADVANCED_FACE('',(#5370),#5389,.F.);
#5370 = FACE_BOUND('',#5371,.F.);
#5371 = EDGE_LOOP('',(#5372,#5381,#5382,#5383));
#5372 = ORIENTED_EDGE('',*,*,#5373,.F.);
#5373 = EDGE_CURVE('',#5332,#5374,#5376,.T.);
#5374 = VERTEX_POINT('',#5375);
#5375 = CARTESIAN_POINT('',(-11.55348020239,3.703257330303,10.6));
#5376 = CIRCLE('',#5377,0.85);
#5377 = AXIS2_PLACEMENT_3D('',#5378,#5379,#5380);
#5378 = CARTESIAN_POINT('',(-12.35,4.,10.6));
#5379 = DIRECTION('',(1.224646799147E-16,0.,-1.));
#5380 = DIRECTION('',(-1.,0.,-1.224646799147E-16));
#5381 = ORIENTED_EDGE('',*,*,#5331,.F.);
#5382 = ORIENTED_EDGE('',*,*,#2445,.T.);
#5383 = ORIENTED_EDGE('',*,*,#5384,.T.);
#5384 = EDGE_CURVE('',#2446,#5374,#5385,.T.);
#5385 = LINE('',#5386,#5387);
#5386 = CARTESIAN_POINT('',(-11.55348020239,3.703257330303,11.));
#5387 = VECTOR('',#5388,1.);
#5388 = DIRECTION('',(1.224646799147E-16,0.,-1.));
#5389 = CYLINDRICAL_SURFACE('',#5390,0.85);
#5390 = AXIS2_PLACEMENT_3D('',#5391,#5392,#5393);
#5391 = CARTESIAN_POINT('',(-12.35,4.,11.));
#5392 = DIRECTION('',(1.224646799147E-16,0.,-1.));
#5393 = DIRECTION('',(-1.,0.,-1.224646799147E-16));
#5394 = ADVANCED_FACE('',(#5395),#5413,.F.);
#5395 = FACE_BOUND('',#5396,.F.);
#5396 = EDGE_LOOP('',(#5397,#5405,#5411,#5412));
#5397 = ORIENTED_EDGE('',*,*,#5398,.T.);
#5398 = EDGE_CURVE('',#2455,#5399,#5401,.T.);
#5399 = VERTEX_POINT('',#5400);
#5400 = CARTESIAN_POINT('',(-13.45348020239,-1.396742669697,10.6));
#5401 = LINE('',#5402,#5403);
#5402 = CARTESIAN_POINT('',(-13.45348020239,-1.396742669697,11.));
#5403 = VECTOR('',#5404,1.);
#5404 = DIRECTION('',(1.224646799147E-16,0.,-1.));
#5405 = ORIENTED_EDGE('',*,*,#5406,.T.);
#5406 = EDGE_CURVE('',#5399,#5374,#5407,.T.);
#5407 = LINE('',#5408,#5409);
#5408 = CARTESIAN_POINT('',(-13.45348020239,-1.396742669697,10.6));
#5409 = VECTOR('',#5410,1.);
#5410 = DIRECTION('',(0.349109023173,0.937082114833,4.275352477822E-17)
  );
#5411 = ORIENTED_EDGE('',*,*,#5384,.F.);
#5412 = ORIENTED_EDGE('',*,*,#2454,.F.);
#5413 = PLANE('',#5414);
#5414 = AXIS2_PLACEMENT_3D('',#5415,#5416,#5417);
#5415 = CARTESIAN_POINT('',(-13.45348020239,-1.396742669697,11.));
#5416 = DIRECTION('',(0.937082114833,-0.349109023173,1.147594612468E-16)
  );
#5417 = DIRECTION('',(0.349109023173,0.937082114833,4.275352477822E-17)
  );
#5418 = ADVANCED_FACE('',(#5419),#5430,.F.);
#5419 = FACE_BOUND('',#5420,.F.);
#5420 = EDGE_LOOP('',(#5421,#5422,#5423,#5424));
#5421 = ORIENTED_EDGE('',*,*,#2569,.F.);
#5422 = ORIENTED_EDGE('',*,*,#5355,.T.);
#5423 = ORIENTED_EDGE('',*,*,#4930,.T.);
#5424 = ORIENTED_EDGE('',*,*,#5425,.F.);
#5425 = EDGE_CURVE('',#2562,#4923,#5426,.T.);
#5426 = LINE('',#5427,#5428);
#5427 = CARTESIAN_POINT('',(13.41276642571,3.582080667949,11.));
#5428 = VECTOR('',#5429,1.);
#5429 = DIRECTION('',(1.224646799147E-16,0.,-1.));
#5430 = PLANE('',#5431);
#5431 = AXIS2_PLACEMENT_3D('',#5432,#5433,#5434);
#5432 = CARTESIAN_POINT('',(13.081202374746,4.77181049788,11.));
#5433 = DIRECTION('',(-0.963291323829,-0.268458237788,
    -1.179691636373E-16));
#5434 = DIRECTION('',(0.268458237788,-0.963291323829,3.287665216122E-17)
  );
#5435 = ADVANCED_FACE('',(#5436),#5448,.F.);
#5436 = FACE_BOUND('',#5437,.F.);
#5437 = EDGE_LOOP('',(#5438,#5439,#5440,#5447));
#5438 = ORIENTED_EDGE('',*,*,#2462,.T.);
#5439 = ORIENTED_EDGE('',*,*,#5088,.T.);
#5440 = ORIENTED_EDGE('',*,*,#5441,.F.);
#5441 = EDGE_CURVE('',#5399,#5080,#5442,.T.);
#5442 = CIRCLE('',#5443,0.85);
#5443 = AXIS2_PLACEMENT_3D('',#5444,#5445,#5446);
#5444 = CARTESIAN_POINT('',(-14.25,-1.1,10.6));
#5445 = DIRECTION('',(1.224646799147E-16,0.,-1.));
#5446 = DIRECTION('',(-1.,0.,-1.224646799147E-16));
#5447 = ORIENTED_EDGE('',*,*,#5398,.F.);
#5448 = CYLINDRICAL_SURFACE('',#5449,0.85);
#5449 = AXIS2_PLACEMENT_3D('',#5450,#5451,#5452);
#5450 = CARTESIAN_POINT('',(-14.25,-1.1,11.));
#5451 = DIRECTION('',(1.224646799147E-16,0.,-1.));
#5452 = DIRECTION('',(-1.,0.,-1.224646799147E-16));
#5453 = ADVANCED_FACE('',(#5454),#5465,.F.);
#5454 = FACE_BOUND('',#5455,.F.);
#5455 = EDGE_LOOP('',(#5456,#5457,#5458,#5459));
#5456 = ORIENTED_EDGE('',*,*,#2561,.F.);
#5457 = ORIENTED_EDGE('',*,*,#5425,.T.);
#5458 = ORIENTED_EDGE('',*,*,#4922,.T.);
#5459 = ORIENTED_EDGE('',*,*,#5460,.F.);
#5460 = EDGE_CURVE('',#2553,#4914,#5461,.T.);
#5461 = LINE('',#5462,#5463);
#5462 = CARTESIAN_POINT('',(13.146519797608,4.296742669697,11.));
#5463 = VECTOR('',#5464,1.);
#5464 = DIRECTION('',(1.224646799147E-16,0.,-1.));
#5465 = PLANE('',#5466);
#5466 = AXIS2_PLACEMENT_3D('',#5467,#5468,#5469);
#5467 = CARTESIAN_POINT('',(15.046519797608,-0.803257330303,11.));
#5468 = DIRECTION('',(0.937082114833,0.349109023173,1.147594612468E-16)
  );
#5469 = DIRECTION('',(-0.349109023173,0.937082114833,-4.275352477822E-17
    ));
#5470 = ADVANCED_FACE('',(#5471),#5484,.F.);
#5471 = FACE_BOUND('',#5472,.F.);
#5472 = EDGE_LOOP('',(#5473,#5474,#5480,#5481,#5482,#5483));
#5473 = ORIENTED_EDGE('',*,*,#4904,.F.);
#5474 = ORIENTED_EDGE('',*,*,#5475,.F.);
#5475 = EDGE_CURVE('',#2536,#4897,#5476,.T.);
#5476 = LINE('',#5477,#5478);
#5477 = CARTESIAN_POINT('',(11.553480202392,3.703257330303,11.));
#5478 = VECTOR('',#5479,1.);
#5479 = DIRECTION('',(1.224646799147E-16,0.,-1.));
#5480 = ORIENTED_EDGE('',*,*,#2543,.T.);
#5481 = ORIENTED_EDGE('',*,*,#2552,.T.);
#5482 = ORIENTED_EDGE('',*,*,#5460,.T.);
#5483 = ORIENTED_EDGE('',*,*,#4913,.F.);
#5484 = CYLINDRICAL_SURFACE('',#5485,0.85);
#5485 = AXIS2_PLACEMENT_3D('',#5486,#5487,#5488);
#5486 = CARTESIAN_POINT('',(12.35,4.,11.));
#5487 = DIRECTION('',(1.224646799147E-16,0.,-1.));
#5488 = DIRECTION('',(-1.,0.,-1.224646799147E-16));
#5489 = ADVANCED_FACE('',(#5490),#5524,.T.);
#5490 = FACE_BOUND('',#5491,.F.);
#5491 = EDGE_LOOP('',(#5492,#5493,#5494,#5516,#5523));
#5492 = ORIENTED_EDGE('',*,*,#5095,.T.);
#5493 = ORIENTED_EDGE('',*,*,#2480,.F.);
#5494 = ORIENTED_EDGE('',*,*,#5495,.F.);
#5495 = EDGE_CURVE('',#5496,#2481,#5498,.T.);
#5496 = VERTEX_POINT('',#5497);
#5497 = CARTESIAN_POINT('',(-16.682450177,-9.504517667492,10.55));
#5498 = B_SPLINE_CURVE_WITH_KNOTS('',6,(#5499,#5500,#5501,#5502,#5503,
    #5504,#5505,#5506,#5507,#5508,#5509,#5510,#5511,#5512,#5513,#5514,
    #5515),.UNSPECIFIED.,.F.,.F.,(7,5,5,7),(0.,0.27834366273,
    0.562162290997,1.),.UNSPECIFIED.);
#5499 = CARTESIAN_POINT('',(-16.682450177,-9.504517667492,10.55));
#5500 = CARTESIAN_POINT('',(-16.682450177,-9.504517667492,
    10.584060773496));
#5501 = CARTESIAN_POINT('',(-16.6779642553,-9.506142063769,
    10.618123932246));
#5502 = CARTESIAN_POINT('',(-16.66899087824,-9.509391041751,
    10.651785567964));
#5503 = CARTESIAN_POINT('',(-16.65563723822,-9.514237347112,
    10.684652936771));
#5504 = CARTESIAN_POINT('',(-16.63810137363,-9.520629985038,
    10.716364628875));
#5505 = CARTESIAN_POINT('',(-16.59478534396,-9.536520614682,
    10.777451782699));
#5506 = CARTESIAN_POINT('',(-16.56884750482,-9.546077974425,
    10.806771840071));
#5507 = CARTESIAN_POINT('',(-16.53912531818,-9.557095418187,
    10.834242741264));
#5508 = CARTESIAN_POINT('',(-16.50596779164,-9.569480971404,
    10.85960178774));
#5509 = CARTESIAN_POINT('',(-16.4697596538,-9.583130798468,
    10.882648633036));
#5510 = CARTESIAN_POINT('',(-16.37093370495,-9.62077228523,
    10.93501113094));
#5511 = CARTESIAN_POINT('',(-16.30464901937,-9.646355705414,
    10.960940424097));
#5512 = CARTESIAN_POINT('',(-16.23346822098,-9.67428425339,
    10.980515476377));
#5513 = CARTESIAN_POINT('',(-16.15886409309,-9.704121813356,
    10.993535592154));
#5514 = CARTESIAN_POINT('',(-16.0822118511,-9.735414864734,
    11.000000030662));
#5515 = CARTESIAN_POINT('',(-16.00485727937,-9.767652914943,11.));
#5516 = ORIENTED_EDGE('',*,*,#5517,.T.);
#5517 = EDGE_CURVE('',#5496,#5009,#5518,.T.);
#5518 = CIRCLE('',#5519,19.2);
#5519 = AXIS2_PLACEMENT_3D('',#5520,#5521,#5522);
#5520 = CARTESIAN_POINT('',(5.510910596163E-17,0.,10.55));
#5521 = DIRECTION('',(1.224646799147E-16,0.,-1.));
#5522 = DIRECTION('',(-1.,0.,-1.224646799147E-16));
#5523 = ORIENTED_EDGE('',*,*,#5006,.F.);
#5524 = TOROIDAL_SURFACE('',#5525,18.75,0.45);
#5525 = AXIS2_PLACEMENT_3D('',#5526,#5527,#5528);
#5526 = CARTESIAN_POINT('',(5.510910596163E-17,0.,10.55));
#5527 = DIRECTION('',(-1.224646799147E-16,-0.,1.));
#5528 = DIRECTION('',(-1.,0.,-1.224646799147E-16));
#5529 = ADVANCED_FACE('',(#5530),#5550,.T.);
#5530 = FACE_BOUND('',#5531,.F.);
#5531 = EDGE_LOOP('',(#5532,#5533,#5542,#5549));
#5532 = ORIENTED_EDGE('',*,*,#2489,.F.);
#5533 = ORIENTED_EDGE('',*,*,#5534,.F.);
#5534 = EDGE_CURVE('',#5535,#2490,#5537,.T.);
#5535 = VERTEX_POINT('',#5536);
#5536 = CARTESIAN_POINT('',(-19.8,-14.,10.55));
#5537 = CIRCLE('',#5538,0.45);
#5538 = AXIS2_PLACEMENT_3D('',#5539,#5540,#5541);
#5539 = CARTESIAN_POINT('',(-19.35,-14.,10.55));
#5540 = DIRECTION('',(0.,1.,0.));
#5541 = DIRECTION('',(-1.,0.,-1.224646799147E-16));
#5542 = ORIENTED_EDGE('',*,*,#5543,.T.);
#5543 = EDGE_CURVE('',#5535,#5496,#5544,.T.);
#5544 = CIRCLE('',#5545,4.8);
#5545 = AXIS2_PLACEMENT_3D('',#5546,#5547,#5548);
#5546 = CARTESIAN_POINT('',(-15.,-14.,10.55));
#5547 = DIRECTION('',(1.224646799147E-16,0.,-1.));
#5548 = DIRECTION('',(-1.,0.,-1.224646799147E-16));
#5549 = ORIENTED_EDGE('',*,*,#5495,.T.);
#5550 = TOROIDAL_SURFACE('',#5551,4.35,0.45);
#5551 = AXIS2_PLACEMENT_3D('',#5552,#5553,#5554);
#5552 = CARTESIAN_POINT('',(-15.,-14.,10.55));
#5553 = DIRECTION('',(-1.224646799147E-16,-0.,1.));
#5554 = DIRECTION('',(-1.,0.,-1.224646799147E-16));
#5555 = ADVANCED_FACE('',(#5556),#5562,.F.);
#5556 = FACE_BOUND('',#5557,.F.);
#5557 = EDGE_LOOP('',(#5558,#5559,#5560,#5561));
#5558 = ORIENTED_EDGE('',*,*,#5475,.T.);
#5559 = ORIENTED_EDGE('',*,*,#4896,.T.);
#5560 = ORIENTED_EDGE('',*,*,#4992,.F.);
#5561 = ORIENTED_EDGE('',*,*,#2535,.F.);
#5562 = PLANE('',#5563);
#5563 = AXIS2_PLACEMENT_3D('',#5564,#5565,#5566);
#5564 = CARTESIAN_POINT('',(11.553480202392,3.703257330303,11.));
#5565 = DIRECTION('',(-0.937082114833,-0.349109023173,
    -1.147594612468E-16));
#5566 = DIRECTION('',(0.349109023173,-0.937082114833,4.275352477822E-17)
  );
#5567 = ADVANCED_FACE('',(#5568),#5601,.T.);
#5568 = FACE_BOUND('',#5569,.F.);
#5569 = EDGE_LOOP('',(#5570,#5579,#5580,#5581));
#5570 = ORIENTED_EDGE('',*,*,#5571,.T.);
#5571 = EDGE_CURVE('',#5572,#5535,#5574,.T.);
#5572 = VERTEX_POINT('',#5573);
#5573 = CARTESIAN_POINT('',(-10.63108901539,-15.98811891208,10.55));
#5574 = CIRCLE('',#5575,4.8);
#5575 = AXIS2_PLACEMENT_3D('',#5576,#5577,#5578);
#5576 = CARTESIAN_POINT('',(-15.,-14.,10.55));
#5577 = DIRECTION('',(1.224646799147E-16,0.,-1.));
#5578 = DIRECTION('',(-1.,0.,-1.224646799147E-16));
#5579 = ORIENTED_EDGE('',*,*,#5534,.T.);
#5580 = ORIENTED_EDGE('',*,*,#2498,.F.);
#5581 = ORIENTED_EDGE('',*,*,#5582,.T.);
#5582 = EDGE_CURVE('',#2499,#5572,#5583,.T.);
#5583 = B_SPLINE_CURVE_WITH_KNOTS('',6,(#5584,#5585,#5586,#5587,#5588,
    #5589,#5590,#5591,#5592,#5593,#5594,#5595,#5596,#5597,#5598,#5599,
    #5600),.UNSPECIFIED.,.F.,.F.,(7,5,5,7),(0.,0.437004893626,
    0.722019180685,1.),.UNSPECIFIED.);
#5584 = CARTESIAN_POINT('',(-10.84692419331,-15.29400979287,11.));
#5585 = CARTESIAN_POINT('',(-10.82014222178,-15.3732502801,
    11.000000030183));
#5586 = CARTESIAN_POINT('',(-10.7942512199,-15.45172793808,
    10.993560163534));
#5587 = CARTESIAN_POINT('',(-10.76966540344,-15.52807283753,
    10.980589697313));
#5588 = CARTESIAN_POINT('',(-10.74674056128,-15.60088980938,
    10.961089220142));
#5589 = CARTESIAN_POINT('',(-10.7258085024,-15.66868847972,
    10.935257513051));
#5590 = CARTESIAN_POINT('',(-10.69501233018,-15.7700253454,
    10.882960277939));
#5591 = CARTESIAN_POINT('',(-10.68383106774,-15.80727724636,
    10.859840444212));
#5592 = CARTESIAN_POINT('',(-10.67370923937,-15.84137520924,
    10.834387300139));
#5593 = CARTESIAN_POINT('',(-10.66472495709,-15.87192310509,
    10.806803437629));
#5594 = CARTESIAN_POINT('',(-10.65694680702,-15.89856183105,
    10.777354846467));
#5595 = CARTESIAN_POINT('',(-10.64407448163,-15.94288240057,
    10.716157907197));
#5596 = CARTESIAN_POINT('',(-10.63891823414,-15.96077130051,
    10.684481540886));
#5597 = CARTESIAN_POINT('',(-10.63501343615,-15.97439175258,
    10.651653913623));
#5598 = CARTESIAN_POINT('',(-10.63239712932,-15.98354370298,
    10.618035114909));
#5599 = CARTESIAN_POINT('',(-10.63108901539,-15.98811891208,
    10.584016372177));
#5600 = CARTESIAN_POINT('',(-10.63108901539,-15.98811891208,10.55));
#5601 = TOROIDAL_SURFACE('',#5602,4.35,0.45);
#5602 = AXIS2_PLACEMENT_3D('',#5603,#5604,#5605);
#5603 = CARTESIAN_POINT('',(-15.,-14.,10.55));
#5604 = DIRECTION('',(-1.224646799147E-16,-0.,1.));
#5605 = DIRECTION('',(-1.,0.,-1.224646799147E-16));
#5606 = ADVANCED_FACE('',(#5607),#5619,.T.);
#5607 = FACE_BOUND('',#5608,.F.);
#5608 = EDGE_LOOP('',(#5609,#5616,#5617,#5618));
#5609 = ORIENTED_EDGE('',*,*,#5610,.T.);
#5610 = EDGE_CURVE('',#4733,#5572,#5611,.T.);
#5611 = CIRCLE('',#5612,19.2);
#5612 = AXIS2_PLACEMENT_3D('',#5613,#5614,#5615);
#5613 = CARTESIAN_POINT('',(5.510910596163E-17,0.,10.55));
#5614 = DIRECTION('',(1.224646799147E-16,0.,-1.));
#5615 = DIRECTION('',(-1.,0.,-1.224646799147E-16));
#5616 = ORIENTED_EDGE('',*,*,#5582,.F.);
#5617 = ORIENTED_EDGE('',*,*,#2507,.F.);
#5618 = ORIENTED_EDGE('',*,*,#4741,.F.);
#5619 = TOROIDAL_SURFACE('',#5620,18.75,0.45);
#5620 = AXIS2_PLACEMENT_3D('',#5621,#5622,#5623);
#5621 = CARTESIAN_POINT('',(5.510910596163E-17,0.,10.55));
#5622 = DIRECTION('',(-1.224646799147E-16,-0.,1.));
#5623 = DIRECTION('',(-1.,0.,-1.224646799147E-16));
#5624 = ADVANCED_FACE('',(#5625),#5644,.F.);
#5625 = FACE_BOUND('',#5626,.F.);
#5626 = EDGE_LOOP('',(#5627,#5635,#5642,#5643));
#5627 = ORIENTED_EDGE('',*,*,#5628,.T.);
#5628 = EDGE_CURVE('',#2648,#5629,#5631,.T.);
#5629 = VERTEX_POINT('',#5630);
#5630 = CARTESIAN_POINT('',(-18.15,-14.,8.6));
#5631 = LINE('',#5632,#5633);
#5632 = CARTESIAN_POINT('',(-18.15,-14.,11.1));
#5633 = VECTOR('',#5634,1.);
#5634 = DIRECTION('',(1.224646799147E-16,0.,-1.));
#5635 = ORIENTED_EDGE('',*,*,#5636,.F.);
#5636 = EDGE_CURVE('',#5629,#5629,#5637,.T.);
#5637 = CIRCLE('',#5638,3.15);
#5638 = AXIS2_PLACEMENT_3D('',#5639,#5640,#5641);
#5639 = CARTESIAN_POINT('',(-15.,-14.,8.6));
#5640 = DIRECTION('',(1.224646799147E-16,0.,-1.));
#5641 = DIRECTION('',(-1.,0.,-1.224646799147E-16));
#5642 = ORIENTED_EDGE('',*,*,#5628,.F.);
#5643 = ORIENTED_EDGE('',*,*,#2647,.T.);
#5644 = CYLINDRICAL_SURFACE('',#5645,3.15);
#5645 = AXIS2_PLACEMENT_3D('',#5646,#5647,#5648);
#5646 = CARTESIAN_POINT('',(-15.,-14.,11.1));
#5647 = DIRECTION('',(1.224646799147E-16,0.,-1.));
#5648 = DIRECTION('',(-1.,0.,-1.224646799147E-16));
#5649 = ADVANCED_FACE('',(#5650),#5669,.F.);
#5650 = FACE_BOUND('',#5651,.F.);
#5651 = EDGE_LOOP('',(#5652,#5660,#5667,#5668));
#5652 = ORIENTED_EDGE('',*,*,#5653,.T.);
#5653 = EDGE_CURVE('',#2659,#5654,#5656,.T.);
#5654 = VERTEX_POINT('',#5655);
#5655 = CARTESIAN_POINT('',(11.85,-14.,8.6));
#5656 = LINE('',#5657,#5658);
#5657 = CARTESIAN_POINT('',(11.85,-14.,11.1));
#5658 = VECTOR('',#5659,1.);
#5659 = DIRECTION('',(1.224646799147E-16,0.,-1.));
#5660 = ORIENTED_EDGE('',*,*,#5661,.F.);
#5661 = EDGE_CURVE('',#5654,#5654,#5662,.T.);
#5662 = CIRCLE('',#5663,3.15);
#5663 = AXIS2_PLACEMENT_3D('',#5664,#5665,#5666);
#5664 = CARTESIAN_POINT('',(15.,-14.,8.6));
#5665 = DIRECTION('',(1.224646799147E-16,0.,-1.));
#5666 = DIRECTION('',(-1.,0.,-1.224646799147E-16));
#5667 = ORIENTED_EDGE('',*,*,#5653,.F.);
#5668 = ORIENTED_EDGE('',*,*,#2658,.T.);
#5669 = CYLINDRICAL_SURFACE('',#5670,3.15);
#5670 = AXIS2_PLACEMENT_3D('',#5671,#5672,#5673);
#5671 = CARTESIAN_POINT('',(15.,-14.,11.1));
#5672 = DIRECTION('',(1.224646799147E-16,0.,-1.));
#5673 = DIRECTION('',(-1.,0.,-1.224646799147E-16));
#5674 = ADVANCED_FACE('',(#5675),#5700,.T.);
#5675 = FACE_BOUND('',#5676,.T.);
#5676 = EDGE_LOOP('',(#5677,#5678,#5686,#5694));
#5677 = ORIENTED_EDGE('',*,*,#2669,.F.);
#5678 = ORIENTED_EDGE('',*,*,#5679,.T.);
#5679 = EDGE_CURVE('',#2670,#5680,#5682,.T.);
#5680 = VERTEX_POINT('',#5681);
#5681 = CARTESIAN_POINT('',(-3.383628070685,-4.809689129714,9.8));
#5682 = LINE('',#5683,#5684);
#5683 = CARTESIAN_POINT('',(-3.383628070685,-4.809689129714,11.1));
#5684 = VECTOR('',#5685,1.);
#5685 = DIRECTION('',(1.224646799147E-16,0.,-1.));
#5686 = ORIENTED_EDGE('',*,*,#5687,.F.);
#5687 = EDGE_CURVE('',#5688,#5680,#5690,.T.);
#5688 = VERTEX_POINT('',#5689);
#5689 = CARTESIAN_POINT('',(-3.4,-4.3,9.8));
#5690 = LINE('',#5691,#5692);
#5691 = CARTESIAN_POINT('',(-3.459051640869,-2.461610714011,9.8));
#5692 = VECTOR('',#5693,1.);
#5693 = DIRECTION('',(3.210484340328E-02,-0.999484506648,
    3.931709371096E-18));
#5694 = ORIENTED_EDGE('',*,*,#5695,.F.);
#5695 = EDGE_CURVE('',#2672,#5688,#5696,.T.);
#5696 = LINE('',#5697,#5698);
#5697 = CARTESIAN_POINT('',(-3.4,-4.3,11.1));
#5698 = VECTOR('',#5699,1.);
#5699 = DIRECTION('',(1.224646799147E-16,0.,-1.));
#5700 = PLANE('',#5701);
#5701 = AXIS2_PLACEMENT_3D('',#5702,#5703,#5704);
#5702 = CARTESIAN_POINT('',(-3.383628070685,-4.809689129714,11.1));
#5703 = DIRECTION('',(0.999484506648,3.210484340328E-02,
    1.224015501864E-16));
#5704 = DIRECTION('',(-3.210484340328E-02,0.999484506648,
    -3.931709371096E-18));
#5705 = ADVANCED_FACE('',(#5706),#5724,.T.);
#5706 = FACE_BOUND('',#5707,.T.);
#5707 = EDGE_LOOP('',(#5708,#5709,#5717,#5723));
#5708 = ORIENTED_EDGE('',*,*,#3175,.F.);
#5709 = ORIENTED_EDGE('',*,*,#5710,.T.);
#5710 = EDGE_CURVE('',#3168,#5711,#5713,.T.);
#5711 = VERTEX_POINT('',#5712);
#5712 = CARTESIAN_POINT('',(-3.334669953371,-5.314469674484,9.8));
#5713 = LINE('',#5714,#5715);
#5714 = CARTESIAN_POINT('',(-3.334669953371,-5.314469674484,11.1));
#5715 = VECTOR('',#5716,1.);
#5716 = DIRECTION('',(1.224646799147E-16,0.,-1.));
#5717 = ORIENTED_EDGE('',*,*,#5718,.F.);
#5718 = EDGE_CURVE('',#5680,#5711,#5719,.T.);
#5719 = LINE('',#5720,#5721);
#5720 = CARTESIAN_POINT('',(-3.574452310977,-2.842204078137,9.8));
#5721 = VECTOR('',#5722,1.);
#5722 = DIRECTION('',(9.653592824982E-02,-0.995329500496,
    1.182224155339E-17));
#5723 = ORIENTED_EDGE('',*,*,#5679,.F.);
#5724 = PLANE('',#5725);
#5725 = AXIS2_PLACEMENT_3D('',#5726,#5727,#5728);
#5726 = CARTESIAN_POINT('',(-3.334669953371,-5.314469674484,11.1));
#5727 = DIRECTION('',(0.995329500496,9.653592824982E-02,
    1.218927086879E-16));
#5728 = DIRECTION('',(-9.653592824982E-02,0.995329500496,
    -1.182224155339E-17));
#5729 = ADVANCED_FACE('',(#5730),#5748,.T.);
#5730 = FACE_BOUND('',#5731,.T.);
#5731 = EDGE_LOOP('',(#5732,#5733,#5734,#5742));
#5732 = ORIENTED_EDGE('',*,*,#2679,.F.);
#5733 = ORIENTED_EDGE('',*,*,#5695,.T.);
#5734 = ORIENTED_EDGE('',*,*,#5735,.F.);
#5735 = EDGE_CURVE('',#5736,#5688,#5738,.T.);
#5736 = VERTEX_POINT('',#5737);
#5737 = CARTESIAN_POINT('',(-3.383628070685,-3.790310870286,9.8));
#5738 = LINE('',#5739,#5740);
#5739 = CARTESIAN_POINT('',(-3.329257943176,-2.097665951016,9.8));
#5740 = VECTOR('',#5741,1.);
#5741 = DIRECTION('',(-3.210484340328E-02,-0.999484506648,
    -3.931709371096E-18));
#5742 = ORIENTED_EDGE('',*,*,#5743,.F.);
#5743 = EDGE_CURVE('',#2680,#5736,#5744,.T.);
#5744 = LINE('',#5745,#5746);
#5745 = CARTESIAN_POINT('',(-3.383628070685,-3.790310870286,11.1));
#5746 = VECTOR('',#5747,1.);
#5747 = DIRECTION('',(1.224646799147E-16,0.,-1.));
#5748 = PLANE('',#5749);
#5749 = AXIS2_PLACEMENT_3D('',#5750,#5751,#5752);
#5750 = CARTESIAN_POINT('',(-3.4,-4.3,11.1));
#5751 = DIRECTION('',(0.999484506648,-3.210484340328E-02,
    1.224015501864E-16));
#5752 = DIRECTION('',(3.210484340328E-02,0.999484506648,
    3.931709371096E-18));
#5753 = ADVANCED_FACE('',(#5754),#5772,.T.);
#5754 = FACE_BOUND('',#5755,.T.);
#5755 = EDGE_LOOP('',(#5756,#5757,#5765,#5771));
#5756 = ORIENTED_EDGE('',*,*,#3167,.F.);
#5757 = ORIENTED_EDGE('',*,*,#5758,.T.);
#5758 = EDGE_CURVE('',#3160,#5759,#5761,.T.);
#5759 = VERTEX_POINT('',#5760);
#5760 = CARTESIAN_POINT('',(-3.25359714149,-5.809480321723,9.8));
#5761 = LINE('',#5762,#5763);
#5762 = CARTESIAN_POINT('',(-3.25359714149,-5.809480321723,11.1));
#5763 = VECTOR('',#5764,1.);
#5764 = DIRECTION('',(1.224646799147E-16,0.,-1.));
#5765 = ORIENTED_EDGE('',*,*,#5766,.F.);
#5766 = EDGE_CURVE('',#5711,#5759,#5767,.T.);
#5767 = LINE('',#5768,#5769);
#5768 = CARTESIAN_POINT('',(-3.67441042899,-3.240097898954,9.8));
#5769 = VECTOR('',#5770,1.);
#5770 = DIRECTION('',(0.161626555802,-0.986851993188,1.979354442201E-17)
  );
#5771 = ORIENTED_EDGE('',*,*,#5710,.F.);
#5772 = PLANE('',#5773);
#5773 = AXIS2_PLACEMENT_3D('',#5774,#5775,#5776);
#5774 = CARTESIAN_POINT('',(-3.25359714149,-5.809480321723,11.1));
#5775 = DIRECTION('',(0.986851993188,0.161626555802,1.20854513469E-16));
#5776 = DIRECTION('',(-0.161626555802,0.986851993188,-1.979354442201E-17
    ));
#5777 = ADVANCED_FACE('',(#5778),#5796,.T.);
#5778 = FACE_BOUND('',#5779,.T.);
#5779 = EDGE_LOOP('',(#5780,#5781,#5782,#5790));
#5780 = ORIENTED_EDGE('',*,*,#2687,.F.);
#5781 = ORIENTED_EDGE('',*,*,#5743,.T.);
#5782 = ORIENTED_EDGE('',*,*,#5783,.F.);
#5783 = EDGE_CURVE('',#5784,#5736,#5786,.T.);
#5784 = VERTEX_POINT('',#5785);
#5785 = CARTESIAN_POINT('',(-3.334669953371,-3.285530325516,9.8));
#5786 = LINE('',#5787,#5788);
#5787 = CARTESIAN_POINT('',(-3.185765623481,-1.750258691653,9.8));
#5788 = VECTOR('',#5789,1.);
#5789 = DIRECTION('',(-9.653592824982E-02,-0.995329500496,
    -1.182224155339E-17));
#5790 = ORIENTED_EDGE('',*,*,#5791,.F.);
#5791 = EDGE_CURVE('',#2688,#5784,#5792,.T.);
#5792 = LINE('',#5793,#5794);
#5793 = CARTESIAN_POINT('',(-3.334669953371,-3.285530325516,11.1));
#5794 = VECTOR('',#5795,1.);
#5795 = DIRECTION('',(1.224646799147E-16,0.,-1.));
#5796 = PLANE('',#5797);
#5797 = AXIS2_PLACEMENT_3D('',#5798,#5799,#5800);
#5798 = CARTESIAN_POINT('',(-3.383628070685,-3.790310870286,11.1));
#5799 = DIRECTION('',(0.995329500496,-9.653592824982E-02,
    1.218927086879E-16));
#5800 = DIRECTION('',(9.653592824982E-02,0.995329500496,
    1.182224155339E-17));
#5801 = ADVANCED_FACE('',(#5802),#5820,.T.);
#5802 = FACE_BOUND('',#5803,.T.);
#5803 = EDGE_LOOP('',(#5804,#5805,#5813,#5819));
#5804 = ORIENTED_EDGE('',*,*,#3159,.F.);
#5805 = ORIENTED_EDGE('',*,*,#5806,.T.);
#5806 = EDGE_CURVE('',#3152,#5807,#5809,.T.);
#5807 = VERTEX_POINT('',#5808);
#5808 = CARTESIAN_POINT('',(-3.141190410538,-6.289953848298,9.8));
#5809 = LINE('',#5810,#5811);
#5810 = CARTESIAN_POINT('',(-3.141190410538,-6.289953848298,11.1));
#5811 = VECTOR('',#5812,1.);
#5812 = DIRECTION('',(1.224646799147E-16,0.,-1.));
#5813 = ORIENTED_EDGE('',*,*,#5814,.F.);
#5814 = EDGE_CURVE('',#5759,#5807,#5815,.T.);
#5815 = LINE('',#5816,#5817);
#5816 = CARTESIAN_POINT('',(-3.75727486966,-3.656550401389,9.8));
#5817 = VECTOR('',#5818,1.);
#5818 = DIRECTION('',(0.227798929537,-0.973708194328,2.789732299068E-17)
  );
#5819 = ORIENTED_EDGE('',*,*,#5758,.F.);
#5820 = PLANE('',#5821);
#5821 = AXIS2_PLACEMENT_3D('',#5822,#5823,#5824);
#5822 = CARTESIAN_POINT('',(-3.141190410538,-6.289953848298,11.1));
#5823 = DIRECTION('',(0.973708194328,0.227798929537,1.192448623487E-16)
  );
#5824 = DIRECTION('',(-0.227798929537,0.973708194328,-2.789732299068E-17
    ));
#5825 = ADVANCED_FACE('',(#5826),#5844,.T.);
#5826 = FACE_BOUND('',#5827,.T.);
#5827 = EDGE_LOOP('',(#5828,#5829,#5830,#5838));
#5828 = ORIENTED_EDGE('',*,*,#2695,.F.);
#5829 = ORIENTED_EDGE('',*,*,#5791,.T.);
#5830 = ORIENTED_EDGE('',*,*,#5831,.F.);
#5831 = EDGE_CURVE('',#5832,#5784,#5834,.T.);
#5832 = VERTEX_POINT('',#5833);
#5833 = CARTESIAN_POINT('',(-3.25359714149,-2.790519678277,9.8));
#5834 = LINE('',#5835,#5836);
#5835 = CARTESIAN_POINT('',(-3.029090433326,-1.419736941889,9.8));
#5836 = VECTOR('',#5837,1.);
#5837 = DIRECTION('',(-0.161626555802,-0.986851993188,
    -1.979354442201E-17));
#5838 = ORIENTED_EDGE('',*,*,#5839,.F.);
#5839 = EDGE_CURVE('',#2696,#5832,#5840,.T.);
#5840 = LINE('',#5841,#5842);
#5841 = CARTESIAN_POINT('',(-3.25359714149,-2.790519678277,11.1));
#5842 = VECTOR('',#5843,1.);
#5843 = DIRECTION('',(1.224646799147E-16,0.,-1.));
#5844 = PLANE('',#5845);
#5845 = AXIS2_PLACEMENT_3D('',#5846,#5847,#5848);
#5846 = CARTESIAN_POINT('',(-3.334669953371,-3.285530325516,11.1));
#5847 = DIRECTION('',(0.986851993188,-0.161626555802,1.20854513469E-16)
  );
#5848 = DIRECTION('',(0.161626555802,0.986851993188,1.979354442201E-17)
  );
#5849 = ADVANCED_FACE('',(#5850),#5868,.T.);
#5850 = FACE_BOUND('',#5851,.T.);
#5851 = EDGE_LOOP('',(#5852,#5853,#5861,#5867));
#5852 = ORIENTED_EDGE('',*,*,#3151,.F.);
#5853 = ORIENTED_EDGE('',*,*,#5854,.T.);
#5854 = EDGE_CURVE('',#3144,#5855,#5857,.T.);
#5855 = VERTEX_POINT('',#5856);
#5856 = CARTESIAN_POINT('',(-2.998532298784,-6.751263031495,9.8));
#5857 = LINE('',#5858,#5859);
#5858 = CARTESIAN_POINT('',(-2.998532298784,-6.751263031495,11.1));
#5859 = VECTOR('',#5860,1.);
#5860 = DIRECTION('',(1.224646799147E-16,0.,-1.));
#5861 = ORIENTED_EDGE('',*,*,#5862,.F.);
#5862 = EDGE_CURVE('',#5807,#5855,#5863,.T.);
#5863 = LINE('',#5864,#5865);
#5864 = CARTESIAN_POINT('',(-3.82045114009,-4.093449152739,9.8));
#5865 = VECTOR('',#5866,1.);
#5866 = DIRECTION('',(0.295441688645,-0.955360774059,3.618117183337E-17)
  );
#5867 = ORIENTED_EDGE('',*,*,#5806,.F.);
#5868 = PLANE('',#5869);
#5869 = AXIS2_PLACEMENT_3D('',#5870,#5871,#5872);
#5870 = CARTESIAN_POINT('',(-2.998532298784,-6.751263031495,11.1));
#5871 = DIRECTION('',(0.955360774059,0.295441688645,1.169979513982E-16)
  );
#5872 = DIRECTION('',(-0.295441688645,0.955360774059,-3.618117183337E-17
    ));
#5873 = ADVANCED_FACE('',(#5874),#5892,.T.);
#5874 = FACE_BOUND('',#5875,.T.);
#5875 = EDGE_LOOP('',(#5876,#5877,#5878,#5886));
#5876 = ORIENTED_EDGE('',*,*,#2703,.F.);
#5877 = ORIENTED_EDGE('',*,*,#5839,.T.);
#5878 = ORIENTED_EDGE('',*,*,#5879,.F.);
#5879 = EDGE_CURVE('',#5880,#5832,#5882,.T.);
#5880 = VERTEX_POINT('',#5881);
#5881 = CARTESIAN_POINT('',(-3.141190410538,-2.310046151702,9.8));
#5882 = LINE('',#5883,#5884);
#5883 = CARTESIAN_POINT('',(-2.859696592433,-1.106823476782,9.8));
#5884 = VECTOR('',#5885,1.);
#5885 = DIRECTION('',(-0.227798929537,-0.973708194328,
    -2.789732299068E-17));
#5886 = ORIENTED_EDGE('',*,*,#5887,.F.);
#5887 = EDGE_CURVE('',#2704,#5880,#5888,.T.);
#5888 = LINE('',#5889,#5890);
#5889 = CARTESIAN_POINT('',(-3.141190410538,-2.310046151702,11.1));
#5890 = VECTOR('',#5891,1.);
#5891 = DIRECTION('',(1.224646799147E-16,0.,-1.));
#5892 = PLANE('',#5893);
#5893 = AXIS2_PLACEMENT_3D('',#5894,#5895,#5896);
#5894 = CARTESIAN_POINT('',(-3.25359714149,-2.790519678277,11.1));
#5895 = DIRECTION('',(0.973708194328,-0.227798929537,1.192448623487E-16)
  );
#5896 = DIRECTION('',(0.227798929537,0.973708194328,2.789732299068E-17)
  );
#5897 = ADVANCED_FACE('',(#5898),#5916,.T.);
#5898 = FACE_BOUND('',#5899,.T.);
#5899 = EDGE_LOOP('',(#5900,#5901,#5909,#5915));
#5900 = ORIENTED_EDGE('',*,*,#3143,.F.);
#5901 = ORIENTED_EDGE('',*,*,#5902,.T.);
#5902 = EDGE_CURVE('',#3136,#5903,#5905,.T.);
#5903 = VERTEX_POINT('',#5904);
#5904 = CARTESIAN_POINT('',(-2.826996681829,-7.188965211702,9.8));
#5905 = LINE('',#5906,#5907);
#5906 = CARTESIAN_POINT('',(-2.826996681829,-7.188965211702,11.1));
#5907 = VECTOR('',#5908,1.);
#5908 = DIRECTION('',(1.224646799147E-16,0.,-1.));
#5909 = ORIENTED_EDGE('',*,*,#5910,.F.);
#5910 = EDGE_CURVE('',#5855,#5903,#5911,.T.);
#5911 = LINE('',#5912,#5913);
#5912 = CARTESIAN_POINT('',(-3.859937129205,-4.553242707744,9.8));
#5913 = VECTOR('',#5914,1.);
#5914 = DIRECTION('',(0.364880487416,-0.931054364634,4.46849720985E-17)
  );
#5915 = ORIENTED_EDGE('',*,*,#5854,.F.);
#5916 = PLANE('',#5917);
#5917 = AXIS2_PLACEMENT_3D('',#5918,#5919,#5920);
#5918 = CARTESIAN_POINT('',(-2.826996681829,-7.188965211702,11.1));
#5919 = DIRECTION('',(0.931054364634,0.364880487416,1.140212747481E-16)
  );
#5920 = DIRECTION('',(-0.364880487416,0.931054364634,-4.46849720985E-17)
  );
#5921 = ADVANCED_FACE('',(#5922),#5940,.T.);
#5922 = FACE_BOUND('',#5923,.T.);
#5923 = EDGE_LOOP('',(#5924,#5925,#5926,#5934));
#5924 = ORIENTED_EDGE('',*,*,#2711,.F.);
#5925 = ORIENTED_EDGE('',*,*,#5887,.T.);
#5926 = ORIENTED_EDGE('',*,*,#5927,.F.);
#5927 = EDGE_CURVE('',#5928,#5880,#5930,.T.);
#5928 = VERTEX_POINT('',#5929);
#5929 = CARTESIAN_POINT('',(-2.998532298784,-1.848736968505,9.8));
#5930 = LINE('',#5931,#5932);
#5931 = CARTESIAN_POINT('',(-2.678090574449,-0.812534341834,9.8));
#5932 = VECTOR('',#5933,1.);
#5933 = DIRECTION('',(-0.295441688645,-0.955360774059,
    -3.618117183337E-17));
#5934 = ORIENTED_EDGE('',*,*,#5935,.F.);
#5935 = EDGE_CURVE('',#2712,#5928,#5936,.T.);
#5936 = LINE('',#5937,#5938);
#5937 = CARTESIAN_POINT('',(-2.998532298784,-1.848736968505,11.1));
#5938 = VECTOR('',#5939,1.);
#5939 = DIRECTION('',(1.224646799147E-16,0.,-1.));
#5940 = PLANE('',#5941);
#5941 = AXIS2_PLACEMENT_3D('',#5942,#5943,#5944);
#5942 = CARTESIAN_POINT('',(-3.141190410538,-2.310046151702,11.1));
#5943 = DIRECTION('',(0.955360774059,-0.295441688645,1.169979513982E-16)
  );
#5944 = DIRECTION('',(0.295441688645,0.955360774059,3.618117183337E-17)
  );
#5945 = ADVANCED_FACE('',(#5946),#5964,.T.);
#5946 = FACE_BOUND('',#5947,.T.);
#5947 = EDGE_LOOP('',(#5948,#5949,#5957,#5963));
#5948 = ORIENTED_EDGE('',*,*,#3135,.F.);
#5949 = ORIENTED_EDGE('',*,*,#5950,.T.);
#5950 = EDGE_CURVE('',#3128,#5951,#5953,.T.);
#5951 = VERTEX_POINT('',#5952);
#5952 = CARTESIAN_POINT('',(-2.628235541433,-7.598845077651,9.8));
#5953 = LINE('',#5954,#5955);
#5954 = CARTESIAN_POINT('',(-2.628235541433,-7.598845077651,11.1));
#5955 = VECTOR('',#5956,1.);
#5956 = DIRECTION('',(1.224646799147E-16,0.,-1.));
#5957 = ORIENTED_EDGE('',*,*,#5958,.F.);
#5958 = EDGE_CURVE('',#5903,#5951,#5959,.T.);
#5959 = LINE('',#5960,#5961);
#5960 = CARTESIAN_POINT('',(-3.869716242701,-5.038697040656,9.8));
#5961 = VECTOR('',#5962,1.);
#5962 = DIRECTION('',(0.436329509195,-0.899786952231,5.343495368089E-17)
  );
#5963 = ORIENTED_EDGE('',*,*,#5902,.F.);
#5964 = PLANE('',#5965);
#5965 = AXIS2_PLACEMENT_3D('',#5966,#5967,#5968);
#5966 = CARTESIAN_POINT('',(-2.628235541433,-7.598845077651,11.1));
#5967 = DIRECTION('',(0.899786952231,0.436329509195,1.101921210965E-16)
  );
#5968 = DIRECTION('',(-0.436329509195,0.899786952231,-5.343495368089E-17
    ));
#5969 = ADVANCED_FACE('',(#5970),#5988,.T.);
#5970 = FACE_BOUND('',#5971,.T.);
#5971 = EDGE_LOOP('',(#5972,#5973,#5974,#5982));
#5972 = ORIENTED_EDGE('',*,*,#2719,.F.);
#5973 = ORIENTED_EDGE('',*,*,#5935,.T.);
#5974 = ORIENTED_EDGE('',*,*,#5975,.F.);
#5975 = EDGE_CURVE('',#5976,#5928,#5978,.T.);
#5976 = VERTEX_POINT('',#5977);
#5977 = CARTESIAN_POINT('',(-2.826996681829,-1.411034788298,9.8));
#5978 = LINE('',#5979,#5980);
#5979 = CARTESIAN_POINT('',(-2.484893585058,-0.538100793775,9.8));
#5980 = VECTOR('',#5981,1.);
#5981 = DIRECTION('',(-0.364880487416,-0.931054364634,-4.46849720985E-17
    ));
#5982 = ORIENTED_EDGE('',*,*,#5983,.F.);
#5983 = EDGE_CURVE('',#2720,#5976,#5984,.T.);
#5984 = LINE('',#5985,#5986);
#5985 = CARTESIAN_POINT('',(-2.826996681829,-1.411034788298,11.1));
#5986 = VECTOR('',#5987,1.);
#5987 = DIRECTION('',(1.224646799147E-16,0.,-1.));
#5988 = PLANE('',#5989);
#5989 = AXIS2_PLACEMENT_3D('',#5990,#5991,#5992);
#5990 = CARTESIAN_POINT('',(-2.998532298784,-1.848736968505,11.1));
#5991 = DIRECTION('',(0.931054364634,-0.364880487416,1.140212747481E-16)
  );
#5992 = DIRECTION('',(0.364880487416,0.931054364634,4.46849720985E-17));
#5993 = ADVANCED_FACE('',(#5994),#6012,.T.);
#5994 = FACE_BOUND('',#5995,.T.);
#5995 = EDGE_LOOP('',(#5996,#5997,#6005,#6011));
#5996 = ORIENTED_EDGE('',*,*,#3127,.F.);
#5997 = ORIENTED_EDGE('',*,*,#5998,.T.);
#5998 = EDGE_CURVE('',#3120,#5999,#6001,.T.);
#5999 = VERTEX_POINT('',#6000);
#6000 = CARTESIAN_POINT('',(-2.404163056034,-7.97695526217,9.8));
#6001 = LINE('',#6002,#6003);
#6002 = CARTESIAN_POINT('',(-2.404163056034,-7.97695526217,11.1));
#6003 = VECTOR('',#6004,1.);
#6004 = DIRECTION('',(1.224646799147E-16,0.,-1.));
#6005 = ORIENTED_EDGE('',*,*,#6006,.F.);
#6006 = EDGE_CURVE('',#5951,#5999,#6007,.T.);
#6007 = LINE('',#6008,#6009);
#6008 = CARTESIAN_POINT('',(-3.841017268868,-5.55234159051,9.8));
#6009 = VECTOR('',#6010,1.);
#6010 = DIRECTION('',(0.509814498918,-0.860284358043,6.243426942592E-17)
  );
#6011 = ORIENTED_EDGE('',*,*,#5950,.F.);
#6012 = PLANE('',#6013);
#6013 = AXIS2_PLACEMENT_3D('',#6014,#6015,#6016);
#6014 = CARTESIAN_POINT('',(-2.404163056034,-7.97695526217,11.1));
#6015 = DIRECTION('',(0.860284358043,0.509814498918,1.053544485433E-16)
  );
#6016 = DIRECTION('',(-0.509814498918,0.860284358043,-6.243426942592E-17
    ));
#6017 = ADVANCED_FACE('',(#6018),#6036,.T.);
#6018 = FACE_BOUND('',#6019,.T.);
#6019 = EDGE_LOOP('',(#6020,#6021,#6022,#6030));
#6020 = ORIENTED_EDGE('',*,*,#2727,.F.);
#6021 = ORIENTED_EDGE('',*,*,#5983,.T.);
#6022 = ORIENTED_EDGE('',*,*,#6023,.F.);
#6023 = EDGE_CURVE('',#6024,#5976,#6026,.T.);
#6024 = VERTEX_POINT('',#6025);
#6025 = CARTESIAN_POINT('',(-2.628235541433,-1.001154922349,9.8));
#6026 = LINE('',#6027,#6028);
#6027 = CARTESIAN_POINT('',(-2.280901336137,-0.284891686874,9.8));
#6028 = VECTOR('',#6029,1.);
#6029 = DIRECTION('',(-0.436329509195,-0.899786952231,
    -5.343495368089E-17));
#6030 = ORIENTED_EDGE('',*,*,#6031,.F.);
#6031 = EDGE_CURVE('',#2728,#6024,#6032,.T.);
#6032 = LINE('',#6033,#6034);
#6033 = CARTESIAN_POINT('',(-2.628235541433,-1.001154922349,11.1));
#6034 = VECTOR('',#6035,1.);
#6035 = DIRECTION('',(1.224646799147E-16,0.,-1.));
#6036 = PLANE('',#6037);
#6037 = AXIS2_PLACEMENT_3D('',#6038,#6039,#6040);
#6038 = CARTESIAN_POINT('',(-2.826996681829,-1.411034788298,11.1));
#6039 = DIRECTION('',(0.899786952231,-0.436329509195,1.101921210965E-16)
  );
#6040 = DIRECTION('',(0.436329509195,0.899786952231,5.343495368089E-17)
  );
#6041 = ADVANCED_FACE('',(#6042),#6060,.T.);
#6042 = FACE_BOUND('',#6043,.T.);
#6043 = EDGE_LOOP('',(#6044,#6045,#6053,#6059));
#6044 = ORIENTED_EDGE('',*,*,#3119,.F.);
#6045 = ORIENTED_EDGE('',*,*,#6046,.T.);
#6046 = EDGE_CURVE('',#3112,#6047,#6049,.T.);
#6047 = VERTEX_POINT('',#6048);
#6048 = CARTESIAN_POINT('',(-2.156937166156,-8.319654357486,9.8));
#6049 = LINE('',#6050,#6051);
#6050 = CARTESIAN_POINT('',(-2.156937166156,-8.319654357486,11.1));
#6051 = VECTOR('',#6052,1.);
#6052 = DIRECTION('',(1.224646799147E-16,0.,-1.));
#6053 = ORIENTED_EDGE('',*,*,#6054,.F.);
#6054 = EDGE_CURVE('',#5999,#6047,#6055,.T.);
#6055 = LINE('',#6056,#6057);
#6056 = CARTESIAN_POINT('',(-3.761527021141,-6.095407164247,9.8));
#6057 = VECTOR('',#6058,1.);
#6058 = DIRECTION('',(0.585056534331,-0.810992510222,7.164876120885E-17)
  );
#6059 = ORIENTED_EDGE('',*,*,#5998,.F.);
#6060 = PLANE('',#6061);
#6061 = AXIS2_PLACEMENT_3D('',#6062,#6063,#6064);
#6062 = CARTESIAN_POINT('',(-2.156937166156,-8.319654357486,11.1));
#6063 = DIRECTION('',(0.810992510222,0.585056534331,9.931793817763E-17)
  );
#6064 = DIRECTION('',(-0.585056534331,0.810992510222,-7.164876120885E-17
    ));
#6065 = ADVANCED_FACE('',(#6066),#6084,.T.);
#6066 = FACE_BOUND('',#6067,.T.);
#6067 = EDGE_LOOP('',(#6068,#6069,#6070,#6078));
#6068 = ORIENTED_EDGE('',*,*,#2735,.F.);
#6069 = ORIENTED_EDGE('',*,*,#6031,.T.);
#6070 = ORIENTED_EDGE('',*,*,#6071,.F.);
#6071 = EDGE_CURVE('',#6072,#6024,#6074,.T.);
#6072 = VERTEX_POINT('',#6073);
#6073 = CARTESIAN_POINT('',(-2.404163056034,-0.62304473783,9.8));
#6074 = LINE('',#6075,#6076);
#6075 = CARTESIAN_POINT('',(-2.067136124199,-5.433004197157E-02,9.8));
#6076 = VECTOR('',#6077,1.);
#6077 = DIRECTION('',(-0.509814498918,-0.860284358043,
    -6.243426942592E-17));
#6078 = ORIENTED_EDGE('',*,*,#6079,.F.);
#6079 = EDGE_CURVE('',#2736,#6072,#6080,.T.);
#6080 = LINE('',#6081,#6082);
#6081 = CARTESIAN_POINT('',(-2.404163056034,-0.62304473783,11.1));
#6082 = VECTOR('',#6083,1.);
#6083 = DIRECTION('',(1.224646799147E-16,0.,-1.));
#6084 = PLANE('',#6085);
#6085 = AXIS2_PLACEMENT_3D('',#6086,#6087,#6088);
#6086 = CARTESIAN_POINT('',(-2.628235541433,-1.001154922349,11.1));
#6087 = DIRECTION('',(0.860284358043,-0.509814498918,1.053544485433E-16)
  );
#6088 = DIRECTION('',(0.509814498918,0.860284358043,6.243426942592E-17)
  );
#6089 = ADVANCED_FACE('',(#6090),#6108,.T.);
#6090 = FACE_BOUND('',#6091,.T.);
#6091 = EDGE_LOOP('',(#6092,#6093,#6101,#6107));
#6092 = ORIENTED_EDGE('',*,*,#3111,.F.);
#6093 = ORIENTED_EDGE('',*,*,#6094,.T.);
#6094 = EDGE_CURVE('',#3104,#6095,#6097,.T.);
#6095 = VERTEX_POINT('',#6096);
#6096 = CARTESIAN_POINT('',(-1.888938792267,-8.623641983973,9.8));
#6097 = LINE('',#6098,#6099);
#6098 = CARTESIAN_POINT('',(-1.888938792267,-8.623641983973,11.1));
#6099 = VECTOR('',#6100,1.);
#6100 = DIRECTION('',(1.224646799147E-16,0.,-1.));
#6101 = ORIENTED_EDGE('',*,*,#6102,.F.);
#6102 = EDGE_CURVE('',#6047,#6095,#6103,.T.);
#6103 = LINE('',#6104,#6105);
#6104 = CARTESIAN_POINT('',(-3.614803326669,-6.666012704973,9.8));
#6105 = VECTOR('',#6106,1.);
#6106 = DIRECTION('',(0.661308020111,-0.750114459624,8.098687500795E-17)
  );
#6107 = ORIENTED_EDGE('',*,*,#6046,.F.);
#6108 = PLANE('',#6109);
#6109 = AXIS2_PLACEMENT_3D('',#6110,#6111,#6112);
#6110 = CARTESIAN_POINT('',(-1.888938792267,-8.623641983973,11.1));
#6111 = DIRECTION('',(0.750114459624,0.661308020111,9.186252719725E-17)
  );
#6112 = DIRECTION('',(-0.661308020111,0.750114459624,-8.098687500795E-17
    ));
#6113 = ADVANCED_FACE('',(#6114),#6132,.T.);
#6114 = FACE_BOUND('',#6115,.T.);
#6115 = EDGE_LOOP('',(#6116,#6117,#6118,#6126));
#6116 = ORIENTED_EDGE('',*,*,#2743,.F.);
#6117 = ORIENTED_EDGE('',*,*,#6079,.T.);
#6118 = ORIENTED_EDGE('',*,*,#6119,.F.);
#6119 = EDGE_CURVE('',#6120,#6072,#6122,.T.);
#6120 = VERTEX_POINT('',#6121);
#6121 = CARTESIAN_POINT('',(-2.156937166156,-0.280345642514,9.8));
#6122 = LINE('',#6123,#6124);
#6123 = CARTESIAN_POINT('',(-1.844891156265,0.152205678627,9.8));
#6124 = VECTOR('',#6125,1.);
#6125 = DIRECTION('',(-0.585056534331,-0.810992510222,
    -7.164876120885E-17));
#6126 = ORIENTED_EDGE('',*,*,#6127,.F.);
#6127 = EDGE_CURVE('',#2744,#6120,#6128,.T.);
#6128 = LINE('',#6129,#6130);
#6129 = CARTESIAN_POINT('',(-2.156937166156,-0.280345642514,11.1));
#6130 = VECTOR('',#6131,1.);
#6131 = DIRECTION('',(1.224646799147E-16,0.,-1.));
#6132 = PLANE('',#6133);
#6133 = AXIS2_PLACEMENT_3D('',#6134,#6135,#6136);
#6134 = CARTESIAN_POINT('',(-2.404163056034,-0.62304473783,11.1));
#6135 = DIRECTION('',(0.810992510222,-0.585056534331,9.931793817763E-17)
  );
#6136 = DIRECTION('',(0.585056534331,0.810992510222,7.164876120885E-17)
  );
#6137 = ADVANCED_FACE('',(#6138),#6156,.T.);
#6138 = FACE_BOUND('',#6139,.T.);
#6139 = EDGE_LOOP('',(#6140,#6141,#6149,#6155));
#6140 = ORIENTED_EDGE('',*,*,#3103,.F.);
#6141 = ORIENTED_EDGE('',*,*,#6142,.T.);
#6142 = EDGE_CURVE('',#3096,#6143,#6145,.T.);
#6143 = VERTEX_POINT('',#6144);
#6144 = CARTESIAN_POINT('',(-1.602748905208,-8.885990574611,9.8));
#6145 = LINE('',#6146,#6147);
#6146 = CARTESIAN_POINT('',(-1.602748905208,-8.885990574611,11.1));
#6147 = VECTOR('',#6148,1.);
#6148 = DIRECTION('',(1.224646799147E-16,0.,-1.));
#6149 = ORIENTED_EDGE('',*,*,#6150,.F.);
#6150 = EDGE_CURVE('',#6095,#6143,#6151,.T.);
#6151 = LINE('',#6152,#6153);
#6152 = CARTESIAN_POINT('',(-3.380417355596,-7.256412334182,9.8));
#6153 = VECTOR('',#6154,1.);
#6154 = DIRECTION('',(0.73714405468,-0.675735630739,9.027411070738E-17)
  );
#6155 = ORIENTED_EDGE('',*,*,#6094,.F.);
#6156 = PLANE('',#6157);
#6157 = AXIS2_PLACEMENT_3D('',#6158,#6159,#6160);
#6158 = CARTESIAN_POINT('',(-1.602748905208,-8.885990574611,11.1));
#6159 = DIRECTION('',(0.675735630739,0.73714405468,8.275374772547E-17));
#6160 = DIRECTION('',(-0.73714405468,0.675735630739,-9.027411070738E-17)
  );
#6161 = ADVANCED_FACE('',(#6162),#6180,.T.);
#6162 = FACE_BOUND('',#6163,.T.);
#6163 = EDGE_LOOP('',(#6164,#6165,#6166,#6174));
#6164 = ORIENTED_EDGE('',*,*,#2751,.F.);
#6165 = ORIENTED_EDGE('',*,*,#6127,.T.);
#6166 = ORIENTED_EDGE('',*,*,#6167,.F.);
#6167 = EDGE_CURVE('',#6168,#6120,#6170,.T.);
#6168 = VERTEX_POINT('',#6169);
#6169 = CARTESIAN_POINT('',(-1.888938792267,2.364198397324E-02,9.8));
#6170 = LINE('',#6171,#6172);
#6171 = CARTESIAN_POINT('',(-1.615758668566,0.333507212638,9.8));
#6172 = VECTOR('',#6173,1.);
#6173 = DIRECTION('',(-0.661308020111,-0.750114459624,
    -8.098687500795E-17));
#6174 = ORIENTED_EDGE('',*,*,#6175,.F.);
#6175 = EDGE_CURVE('',#2752,#6168,#6176,.T.);
#6176 = LINE('',#6177,#6178);
#6177 = CARTESIAN_POINT('',(-1.888938792267,2.364198397324E-02,11.1));
#6178 = VECTOR('',#6179,1.);
#6179 = DIRECTION('',(1.224646799147E-16,0.,-1.));
#6180 = PLANE('',#6181);
#6181 = AXIS2_PLACEMENT_3D('',#6182,#6183,#6184);
#6182 = CARTESIAN_POINT('',(-2.156937166156,-0.280345642514,11.1));
#6183 = DIRECTION('',(0.750114459624,-0.661308020111,9.186252719725E-17)
  );
#6184 = DIRECTION('',(0.661308020111,0.750114459624,8.098687500795E-17)
  );
#6185 = ADVANCED_FACE('',(#6186),#6204,.T.);
#6186 = FACE_BOUND('',#6187,.T.);
#6187 = EDGE_LOOP('',(#6188,#6189,#6197,#6203));
#6188 = ORIENTED_EDGE('',*,*,#3095,.F.);
#6189 = ORIENTED_EDGE('',*,*,#6190,.T.);
#6190 = EDGE_CURVE('',#3088,#6191,#6193,.T.);
#6191 = VERTEX_POINT('',#6192);
#6192 = CARTESIAN_POINT('',(-1.301123670041,-9.104173569059,9.8));
#6193 = LINE('',#6194,#6195);
#6194 = CARTESIAN_POINT('',(-1.301123670041,-9.104173569059,11.1));
#6195 = VECTOR('',#6196,1.);
#6196 = DIRECTION('',(1.224646799147E-16,0.,-1.));
#6197 = ORIENTED_EDGE('',*,*,#6198,.F.);
#6198 = EDGE_CURVE('',#6143,#6191,#6199,.T.);
#6199 = LINE('',#6200,#6201);
#6200 = CARTESIAN_POINT('',(-3.035725275255,-7.849435807515,9.8));
#6201 = VECTOR('',#6202,1.);
#6202 = DIRECTION('',(0.810242249642,-0.586095126148,9.922605775586E-17)
  );
#6203 = ORIENTED_EDGE('',*,*,#6142,.F.);
#6204 = PLANE('',#6205);
#6205 = AXIS2_PLACEMENT_3D('',#6206,#6207,#6208);
#6206 = CARTESIAN_POINT('',(-1.301123670041,-9.104173569059,11.1));
#6207 = DIRECTION('',(0.586095126148,0.810242249642,7.177595202329E-17)
  );
#6208 = DIRECTION('',(-0.810242249642,0.586095126148,-9.922605775586E-17
    ));
#6209 = ADVANCED_FACE('',(#6210),#6228,.T.);
#6210 = FACE_BOUND('',#6211,.T.);
#6211 = EDGE_LOOP('',(#6212,#6213,#6214,#6222));
#6212 = ORIENTED_EDGE('',*,*,#2759,.F.);
#6213 = ORIENTED_EDGE('',*,*,#6175,.T.);
#6214 = ORIENTED_EDGE('',*,*,#6215,.F.);
#6215 = EDGE_CURVE('',#6216,#6168,#6218,.T.);
#6216 = VERTEX_POINT('',#6217);
#6217 = CARTESIAN_POINT('',(-1.602748905208,0.285990574611,9.8));
#6218 = LINE('',#6219,#6220);
#6219 = CARTESIAN_POINT('',(-1.381619937366,0.488698202261,9.8));
#6220 = VECTOR('',#6221,1.);
#6221 = DIRECTION('',(-0.73714405468,-0.675735630739,-9.027411070738E-17
    ));
#6222 = ORIENTED_EDGE('',*,*,#6223,.F.);
#6223 = EDGE_CURVE('',#2760,#6216,#6224,.T.);
#6224 = LINE('',#6225,#6226);
#6225 = CARTESIAN_POINT('',(-1.602748905208,0.285990574611,11.1));
#6226 = VECTOR('',#6227,1.);
#6227 = DIRECTION('',(1.224646799147E-16,0.,-1.));
#6228 = PLANE('',#6229);
#6229 = AXIS2_PLACEMENT_3D('',#6230,#6231,#6232);
#6230 = CARTESIAN_POINT('',(-1.888938792267,2.364198397324E-02,11.1));
#6231 = DIRECTION('',(0.675735630739,-0.73714405468,8.275374772547E-17)
  );
#6232 = DIRECTION('',(0.73714405468,0.675735630739,9.027411070738E-17));
#6233 = ADVANCED_FACE('',(#6234),#6252,.T.);
#6234 = FACE_BOUND('',#6235,.T.);
#6235 = EDGE_LOOP('',(#6236,#6237,#6245,#6251));
#6236 = ORIENTED_EDGE('',*,*,#3087,.F.);
#6237 = ORIENTED_EDGE('',*,*,#6238,.T.);
#6238 = EDGE_CURVE('',#3080,#6239,#6241,.T.);
#6239 = VERTEX_POINT('',#6240);
#6240 = CARTESIAN_POINT('',(-0.986967902665,-9.276089745807,9.8));
#6241 = LINE('',#6242,#6243);
#6242 = CARTESIAN_POINT('',(-0.986967902665,-9.276089745807,11.1));
#6243 = VECTOR('',#6244,1.);
#6244 = DIRECTION('',(1.224646799147E-16,0.,-1.));
#6245 = ORIENTED_EDGE('',*,*,#6246,.F.);
#6246 = EDGE_CURVE('',#6191,#6239,#6247,.T.);
#6247 = LINE('',#6248,#6249);
#6248 = CARTESIAN_POINT('',(-2.560389888088,-8.415062445861,9.8));
#6249 = VECTOR('',#6250,1.);
#6250 = DIRECTION('',(0.877239164988,-0.480053588061,1.07430813549E-16)
  );
#6251 = ORIENTED_EDGE('',*,*,#6190,.F.);
#6252 = PLANE('',#6253);
#6253 = AXIS2_PLACEMENT_3D('',#6254,#6255,#6256);
#6254 = CARTESIAN_POINT('',(-0.986967902665,-9.276089745807,11.1));
#6255 = DIRECTION('',(0.480053588061,0.877239164988,5.878960900386E-17)
  );
#6256 = DIRECTION('',(-0.877239164988,0.480053588061,-1.07430813549E-16)
  );
#6257 = ADVANCED_FACE('',(#6258),#6276,.T.);
#6258 = FACE_BOUND('',#6259,.T.);
#6259 = EDGE_LOOP('',(#6260,#6261,#6262,#6270));
#6260 = ORIENTED_EDGE('',*,*,#2767,.F.);
#6261 = ORIENTED_EDGE('',*,*,#6223,.T.);
#6262 = ORIENTED_EDGE('',*,*,#6263,.F.);
#6263 = EDGE_CURVE('',#6264,#6216,#6266,.T.);
#6264 = VERTEX_POINT('',#6265);
#6265 = CARTESIAN_POINT('',(-1.301123670041,0.504173569059,9.8));
#6266 = LINE('',#6267,#6268);
#6267 = CARTESIAN_POINT('',(-1.144558048726,0.617426546937,9.8));
#6268 = VECTOR('',#6269,1.);
#6269 = DIRECTION('',(-0.810242249642,-0.586095126148,
    -9.922605775586E-17));
#6270 = ORIENTED_EDGE('',*,*,#6271,.F.);
#6271 = EDGE_CURVE('',#2768,#6264,#6272,.T.);
#6272 = LINE('',#6273,#6274);
#6273 = CARTESIAN_POINT('',(-1.301123670041,0.504173569059,11.1));
#6274 = VECTOR('',#6275,1.);
#6275 = DIRECTION('',(1.224646799147E-16,0.,-1.));
#6276 = PLANE('',#6277);
#6277 = AXIS2_PLACEMENT_3D('',#6278,#6279,#6280);
#6278 = CARTESIAN_POINT('',(-1.602748905208,0.285990574611,11.1));
#6279 = DIRECTION('',(0.586095126148,-0.810242249642,7.177595202329E-17)
  );
#6280 = DIRECTION('',(0.810242249642,0.586095126148,9.922605775586E-17)
  );
#6281 = ADVANCED_FACE('',(#6282),#6300,.T.);
#6282 = FACE_BOUND('',#6283,.T.);
#6283 = EDGE_LOOP('',(#6284,#6285,#6293,#6299));
#6284 = ORIENTED_EDGE('',*,*,#3079,.F.);
#6285 = ORIENTED_EDGE('',*,*,#6286,.T.);
#6286 = EDGE_CURVE('',#3072,#6287,#6289,.T.);
#6287 = VERTEX_POINT('',#6288);
#6288 = CARTESIAN_POINT('',(-0.663307094855,-9.400083458097,9.8));
#6289 = LINE('',#6290,#6291);
#6290 = CARTESIAN_POINT('',(-0.663307094855,-9.400083458097,11.1));
#6291 = VECTOR('',#6292,1.);
#6292 = DIRECTION('',(1.224646799147E-16,0.,-1.));
#6293 = ORIENTED_EDGE('',*,*,#6294,.F.);
#6294 = EDGE_CURVE('',#6239,#6287,#6295,.T.);
#6295 = LINE('',#6296,#6297);
#6296 = CARTESIAN_POINT('',(-1.944234851669,-8.9093629757,9.8));
#6297 = VECTOR('',#6298,1.);
#6298 = DIRECTION('',(0.933819638147,-0.357744159158,1.143599230837E-16)
  );
#6299 = ORIENTED_EDGE('',*,*,#6238,.F.);
#6300 = PLANE('',#6301);
#6301 = AXIS2_PLACEMENT_3D('',#6302,#6303,#6304);
#6302 = CARTESIAN_POINT('',(-0.663307094855,-9.400083458097,11.1));
#6303 = DIRECTION('',(0.357744159158,0.933819638147,4.381102394264E-17)
  );
#6304 = DIRECTION('',(-0.933819638147,0.357744159158,-1.143599230837E-16
    ));
#6305 = ADVANCED_FACE('',(#6306),#6324,.T.);
#6306 = FACE_BOUND('',#6307,.T.);
#6307 = EDGE_LOOP('',(#6308,#6309,#6310,#6318));
#6308 = ORIENTED_EDGE('',*,*,#2775,.F.);
#6309 = ORIENTED_EDGE('',*,*,#6271,.T.);
#6310 = ORIENTED_EDGE('',*,*,#6311,.F.);
#6311 = EDGE_CURVE('',#6312,#6264,#6314,.T.);
#6312 = VERTEX_POINT('',#6313);
#6313 = CARTESIAN_POINT('',(-0.986967902665,0.676089745807,9.8));
#6314 = LINE('',#6315,#6316);
#6315 = CARTESIAN_POINT('',(-0.906643994192,0.720045581352,9.8));
#6316 = VECTOR('',#6317,1.);
#6317 = DIRECTION('',(-0.877239164988,-0.480053588061,-1.07430813549E-16
    ));
#6318 = ORIENTED_EDGE('',*,*,#6319,.F.);
#6319 = EDGE_CURVE('',#2776,#6312,#6320,.T.);
#6320 = LINE('',#6321,#6322);
#6321 = CARTESIAN_POINT('',(-0.986967902665,0.676089745807,11.1));
#6322 = VECTOR('',#6323,1.);
#6323 = DIRECTION('',(1.224646799147E-16,0.,-1.));
#6324 = PLANE('',#6325);
#6325 = AXIS2_PLACEMENT_3D('',#6326,#6327,#6328);
#6326 = CARTESIAN_POINT('',(-1.301123670041,0.504173569059,11.1));
#6327 = DIRECTION('',(0.480053588061,-0.877239164988,5.878960900386E-17)
  );
#6328 = DIRECTION('',(0.877239164988,0.480053588061,1.07430813549E-16));
#6329 = ADVANCED_FACE('',(#6330),#6348,.T.);
#6330 = FACE_BOUND('',#6331,.T.);
#6331 = EDGE_LOOP('',(#6332,#6333,#6341,#6347));
#6332 = ORIENTED_EDGE('',*,*,#3071,.F.);
#6333 = ORIENTED_EDGE('',*,*,#6334,.T.);
#6334 = EDGE_CURVE('',#3064,#6335,#6337,.T.);
#6335 = VERTEX_POINT('',#6336);
#6336 = CARTESIAN_POINT('',(-0.333258277121,-9.474960578695,9.8));
#6337 = LINE('',#6338,#6339);
#6338 = CARTESIAN_POINT('',(-0.333258277121,-9.474960578695,11.1));
#6339 = VECTOR('',#6340,1.);
#6340 = DIRECTION('',(1.224646799147E-16,0.,-1.));
#6341 = ORIENTED_EDGE('',*,*,#6342,.F.);
#6342 = EDGE_CURVE('',#6287,#6335,#6343,.T.);
#6343 = LINE('',#6344,#6345);
#6344 = CARTESIAN_POINT('',(-1.196953038644,-9.279016908111,9.8));
#6345 = VECTOR('',#6346,1.);
#6346 = DIRECTION('',(0.975218333177,-0.221244666909,1.194298010195E-16)
  );
#6347 = ORIENTED_EDGE('',*,*,#6286,.F.);
#6348 = PLANE('',#6349);
#6349 = AXIS2_PLACEMENT_3D('',#6350,#6351,#6352);
#6350 = CARTESIAN_POINT('',(-0.333258277121,-9.474960578695,11.1));
#6351 = DIRECTION('',(0.221244666909,0.975218333177,2.709465731583E-17)
  );
#6352 = DIRECTION('',(-0.975218333177,0.221244666909,-1.194298010195E-16
    ));
#6353 = ADVANCED_FACE('',(#6354),#6372,.T.);
#6354 = FACE_BOUND('',#6355,.T.);
#6355 = EDGE_LOOP('',(#6356,#6357,#6358,#6366));
#6356 = ORIENTED_EDGE('',*,*,#2783,.F.);
#6357 = ORIENTED_EDGE('',*,*,#6319,.T.);
#6358 = ORIENTED_EDGE('',*,*,#6359,.F.);
#6359 = EDGE_CURVE('',#6360,#6312,#6362,.T.);
#6360 = VERTEX_POINT('',#6361);
#6361 = CARTESIAN_POINT('',(-0.663307094855,0.800083458097,9.8));
#6362 = LINE('',#6363,#6364);
#6363 = CARTESIAN_POINT('',(-0.669570614182,0.797683918225,9.8));
#6364 = VECTOR('',#6365,1.);
#6365 = DIRECTION('',(-0.933819638147,-0.357744159158,
    -1.143599230837E-16));
#6366 = ORIENTED_EDGE('',*,*,#6367,.F.);
#6367 = EDGE_CURVE('',#2784,#6360,#6368,.T.);
#6368 = LINE('',#6369,#6370);
#6369 = CARTESIAN_POINT('',(-0.663307094855,0.800083458097,11.1));
#6370 = VECTOR('',#6371,1.);
#6371 = DIRECTION('',(1.224646799147E-16,0.,-1.));
#6372 = PLANE('',#6373);
#6373 = AXIS2_PLACEMENT_3D('',#6374,#6375,#6376);
#6374 = CARTESIAN_POINT('',(-0.986967902665,0.676089745807,11.1));
#6375 = DIRECTION('',(0.357744159158,-0.933819638147,4.381102394264E-17)
  );
#6376 = DIRECTION('',(0.933819638147,0.357744159158,1.143599230837E-16)
  );
#6377 = ADVANCED_FACE('',(#6378),#6396,.T.);
#6378 = FACE_BOUND('',#6379,.T.);
#6379 = EDGE_LOOP('',(#6380,#6381,#6389,#6395));
#6380 = ORIENTED_EDGE('',*,*,#3063,.F.);
#6381 = ORIENTED_EDGE('',*,*,#6382,.T.);
#6382 = EDGE_CURVE('',#3056,#6383,#6385,.T.);
#6383 = VERTEX_POINT('',#6384);
#6384 = CARTESIAN_POINT('',(7.715274834628E-16,-9.5,9.8));
#6385 = LINE('',#6386,#6387);
#6386 = CARTESIAN_POINT('',(6.123233995737E-16,-9.5,11.1));
#6387 = VECTOR('',#6388,1.);
#6388 = DIRECTION('',(1.224646799147E-16,0.,-1.));
#6389 = ORIENTED_EDGE('',*,*,#6390,.F.);
#6390 = EDGE_CURVE('',#6335,#6383,#6391,.T.);
#6391 = LINE('',#6392,#6393);
#6392 = CARTESIAN_POINT('',(-0.354888663103,-9.473335375708,9.8));
#6393 = VECTOR('',#6394,1.);
#6394 = DIRECTION('',(0.997189247278,-7.4923995583E-02,
    1.221204619823E-16));
#6395 = ORIENTED_EDGE('',*,*,#6334,.F.);
#6396 = PLANE('',#6397);
#6397 = AXIS2_PLACEMENT_3D('',#6398,#6399,#6400);
#6398 = CARTESIAN_POINT('',(6.123233995737E-16,-9.5,11.1));
#6399 = DIRECTION('',(7.4923995583E-02,0.997189247278,9.175543137005E-18
    ));
#6400 = DIRECTION('',(-0.997189247278,7.4923995583E-02,
    -1.221204619823E-16));
#6401 = ADVANCED_FACE('',(#6402),#6420,.T.);
#6402 = FACE_BOUND('',#6403,.T.);
#6403 = EDGE_LOOP('',(#6404,#6405,#6406,#6414));
#6404 = ORIENTED_EDGE('',*,*,#2791,.F.);
#6405 = ORIENTED_EDGE('',*,*,#6367,.T.);
#6406 = ORIENTED_EDGE('',*,*,#6407,.F.);
#6407 = EDGE_CURVE('',#6408,#6360,#6410,.T.);
#6408 = VERTEX_POINT('',#6409);
#6409 = CARTESIAN_POINT('',(-0.333258277121,0.874960578695,9.8));
#6410 = LINE('',#6411,#6412);
#6411 = CARTESIAN_POINT('',(-0.434201469777,0.852059919144,9.8));
#6412 = VECTOR('',#6413,1.);
#6413 = DIRECTION('',(-0.975218333177,-0.221244666909,
    -1.194298010195E-16));
#6414 = ORIENTED_EDGE('',*,*,#6415,.F.);
#6415 = EDGE_CURVE('',#2792,#6408,#6416,.T.);
#6416 = LINE('',#6417,#6418);
#6417 = CARTESIAN_POINT('',(-0.333258277121,0.874960578695,11.1));
#6418 = VECTOR('',#6419,1.);
#6419 = DIRECTION('',(1.224646799147E-16,0.,-1.));
#6420 = PLANE('',#6421);
#6421 = AXIS2_PLACEMENT_3D('',#6422,#6423,#6424);
#6422 = CARTESIAN_POINT('',(-0.663307094855,0.800083458097,11.1));
#6423 = DIRECTION('',(0.221244666909,-0.975218333177,2.709465731583E-17)
  );
#6424 = DIRECTION('',(0.975218333177,0.221244666909,1.194298010195E-16)
  );
#6425 = ADVANCED_FACE('',(#6426),#6444,.T.);
#6426 = FACE_BOUND('',#6427,.T.);
#6427 = EDGE_LOOP('',(#6428,#6429,#6437,#6443));
#6428 = ORIENTED_EDGE('',*,*,#3055,.F.);
#6429 = ORIENTED_EDGE('',*,*,#6430,.T.);
#6430 = EDGE_CURVE('',#3048,#6431,#6433,.T.);
#6431 = VERTEX_POINT('',#6432);
#6432 = CARTESIAN_POINT('',(0.333258277121,-9.474960578695,9.8));
#6433 = LINE('',#6434,#6435);
#6434 = CARTESIAN_POINT('',(0.333258277121,-9.474960578695,11.1));
#6435 = VECTOR('',#6436,1.);
#6436 = DIRECTION('',(1.224646799147E-16,0.,-1.));
#6437 = ORIENTED_EDGE('',*,*,#6438,.F.);
#6438 = EDGE_CURVE('',#6383,#6431,#6439,.T.);
#6439 = LINE('',#6440,#6441);
#6440 = CARTESIAN_POINT('',(0.521517801663,-9.460815665056,9.8));
#6441 = VECTOR('',#6442,1.);
#6442 = DIRECTION('',(0.997189247278,7.4923995583E-02,1.221204619823E-16
    ));
#6443 = ORIENTED_EDGE('',*,*,#6382,.F.);
#6444 = PLANE('',#6445);
#6445 = AXIS2_PLACEMENT_3D('',#6446,#6447,#6448);
#6446 = CARTESIAN_POINT('',(0.333258277121,-9.474960578695,11.1));
#6447 = DIRECTION('',(-7.4923995583E-02,0.997189247278,
    -9.175543137005E-18));
#6448 = DIRECTION('',(-0.997189247278,-7.4923995583E-02,
    -1.221204619823E-16));
#6449 = ADVANCED_FACE('',(#6450),#6468,.T.);
#6450 = FACE_BOUND('',#6451,.T.);
#6451 = EDGE_LOOP('',(#6452,#6453,#6454,#6462));
#6452 = ORIENTED_EDGE('',*,*,#2799,.F.);
#6453 = ORIENTED_EDGE('',*,*,#6415,.T.);
#6454 = ORIENTED_EDGE('',*,*,#6455,.F.);
#6455 = EDGE_CURVE('',#6456,#6408,#6458,.T.);
#6456 = VERTEX_POINT('',#6457);
#6457 = CARTESIAN_POINT('',(-6.123233995737E-17,0.9,9.8));
#6458 = LINE('',#6459,#6460);
#6459 = CARTESIAN_POINT('',(-0.200250169802,0.884954167046,9.8));
#6460 = VECTOR('',#6461,1.);
#6461 = DIRECTION('',(-0.997189247278,-7.4923995583E-02,
    -1.221204619823E-16));
#6462 = ORIENTED_EDGE('',*,*,#6463,.F.);
#6463 = EDGE_CURVE('',#2800,#6456,#6464,.T.);
#6464 = LINE('',#6465,#6466);
#6465 = CARTESIAN_POINT('',(-2.204364238465E-16,0.9,11.1));
#6466 = VECTOR('',#6467,1.);
#6467 = DIRECTION('',(1.224646799147E-16,0.,-1.));
#6468 = PLANE('',#6469);
#6469 = AXIS2_PLACEMENT_3D('',#6470,#6471,#6472);
#6470 = CARTESIAN_POINT('',(-0.333258277121,0.874960578695,11.1));
#6471 = DIRECTION('',(7.4923995583E-02,-0.997189247278,
    9.175543137005E-18));
#6472 = DIRECTION('',(0.997189247278,7.4923995583E-02,1.221204619823E-16
    ));
#6473 = ADVANCED_FACE('',(#6474),#6492,.T.);
#6474 = FACE_BOUND('',#6475,.T.);
#6475 = EDGE_LOOP('',(#6476,#6477,#6485,#6491));
#6476 = ORIENTED_EDGE('',*,*,#3047,.F.);
#6477 = ORIENTED_EDGE('',*,*,#6478,.T.);
#6478 = EDGE_CURVE('',#3040,#6479,#6481,.T.);
#6479 = VERTEX_POINT('',#6480);
#6480 = CARTESIAN_POINT('',(0.663307094855,-9.400083458097,9.8));
#6481 = LINE('',#6482,#6483);
#6482 = CARTESIAN_POINT('',(0.663307094855,-9.400083458097,11.1));
#6483 = VECTOR('',#6484,1.);
#6484 = DIRECTION('',(1.224646799147E-16,0.,-1.));
#6485 = ORIENTED_EDGE('',*,*,#6486,.F.);
#6486 = EDGE_CURVE('',#6431,#6479,#6487,.T.);
#6487 = LINE('',#6488,#6489);
#6488 = CARTESIAN_POINT('',(1.361977447512,-9.241578347811,9.8));
#6489 = VECTOR('',#6490,1.);
#6490 = DIRECTION('',(0.975218333177,0.221244666909,1.194298010195E-16)
  );
#6491 = ORIENTED_EDGE('',*,*,#6430,.F.);
#6492 = PLANE('',#6493);
#6493 = AXIS2_PLACEMENT_3D('',#6494,#6495,#6496);
#6494 = CARTESIAN_POINT('',(0.663307094855,-9.400083458097,11.1));
#6495 = DIRECTION('',(-0.221244666909,0.975218333177,-2.709465731583E-17
    ));
#6496 = DIRECTION('',(-0.975218333177,-0.221244666909,
    -1.194298010195E-16));
#6497 = ADVANCED_FACE('',(#6498),#6516,.T.);
#6498 = FACE_BOUND('',#6499,.T.);
#6499 = EDGE_LOOP('',(#6500,#6501,#6502,#6510));
#6500 = ORIENTED_EDGE('',*,*,#2807,.F.);
#6501 = ORIENTED_EDGE('',*,*,#6463,.T.);
#6502 = ORIENTED_EDGE('',*,*,#6503,.F.);
#6503 = EDGE_CURVE('',#6504,#6456,#6506,.T.);
#6504 = VERTEX_POINT('',#6505);
#6505 = CARTESIAN_POINT('',(0.333258277121,0.874960578695,9.8));
#6506 = LINE('',#6507,#6508);
#6507 = CARTESIAN_POINT('',(3.362103124129E-02,0.897473877699,9.8));
#6508 = VECTOR('',#6509,1.);
#6509 = DIRECTION('',(-0.997189247278,7.4923995583E-02,
    -1.221204619823E-16));
#6510 = ORIENTED_EDGE('',*,*,#6511,.F.);
#6511 = EDGE_CURVE('',#2808,#6504,#6512,.T.);
#6512 = LINE('',#6513,#6514);
#6513 = CARTESIAN_POINT('',(0.333258277121,0.874960578695,11.1));
#6514 = VECTOR('',#6515,1.);
#6515 = DIRECTION('',(1.224646799147E-16,0.,-1.));
#6516 = PLANE('',#6517);
#6517 = AXIS2_PLACEMENT_3D('',#6518,#6519,#6520);
#6518 = CARTESIAN_POINT('',(-2.204364238465E-16,0.9,11.1));
#6519 = DIRECTION('',(-7.4923995583E-02,-0.997189247278,
    -9.175543137005E-18));
#6520 = DIRECTION('',(0.997189247278,-7.4923995583E-02,
    1.221204619823E-16));
#6521 = ADVANCED_FACE('',(#6522),#6540,.T.);
#6522 = FACE_BOUND('',#6523,.T.);
#6523 = EDGE_LOOP('',(#6524,#6525,#6533,#6539));
#6524 = ORIENTED_EDGE('',*,*,#3039,.F.);
#6525 = ORIENTED_EDGE('',*,*,#6526,.T.);
#6526 = EDGE_CURVE('',#3032,#6527,#6529,.T.);
#6527 = VERTEX_POINT('',#6528);
#6528 = CARTESIAN_POINT('',(0.986967902665,-9.276089745807,9.8));
#6529 = LINE('',#6530,#6531);
#6530 = CARTESIAN_POINT('',(0.986967902665,-9.276089745807,11.1));
#6531 = VECTOR('',#6532,1.);
#6532 = DIRECTION('',(1.224646799147E-16,0.,-1.));
#6533 = ORIENTED_EDGE('',*,*,#6534,.F.);
#6534 = EDGE_CURVE('',#6479,#6527,#6535,.T.);
#6535 = LINE('',#6536,#6537);
#6536 = CARTESIAN_POINT('',(2.106065255574,-8.847366119555,9.8));
#6537 = VECTOR('',#6538,1.);
#6538 = DIRECTION('',(0.933819638147,0.357744159158,1.143599230837E-16)
  );
#6539 = ORIENTED_EDGE('',*,*,#6478,.F.);
#6540 = PLANE('',#6541);
#6541 = AXIS2_PLACEMENT_3D('',#6542,#6543,#6544);
#6542 = CARTESIAN_POINT('',(0.986967902665,-9.276089745807,11.1));
#6543 = DIRECTION('',(-0.357744159158,0.933819638147,-4.381102394264E-17
    ));
#6544 = DIRECTION('',(-0.933819638147,-0.357744159158,
    -1.143599230837E-16));
#6545 = ADVANCED_FACE('',(#6546),#6564,.T.);
#6546 = FACE_BOUND('',#6547,.T.);
#6547 = EDGE_LOOP('',(#6548,#6549,#6550,#6558));
#6548 = ORIENTED_EDGE('',*,*,#2815,.F.);
#6549 = ORIENTED_EDGE('',*,*,#6511,.T.);
#6550 = ORIENTED_EDGE('',*,*,#6551,.F.);
#6551 = EDGE_CURVE('',#6552,#6504,#6554,.T.);
#6552 = VERTEX_POINT('',#6553);
#6553 = CARTESIAN_POINT('',(0.663307094855,0.800083458097,9.8));
#6554 = LINE('',#6555,#6556);
#6555 = CARTESIAN_POINT('',(0.26917706091,0.889498479444,9.8));
#6556 = VECTOR('',#6557,1.);
#6557 = DIRECTION('',(-0.975218333177,0.221244666909,-1.194298010195E-16
    ));
#6558 = ORIENTED_EDGE('',*,*,#6559,.F.);
#6559 = EDGE_CURVE('',#2816,#6552,#6560,.T.);
#6560 = LINE('',#6561,#6562);
#6561 = CARTESIAN_POINT('',(0.663307094855,0.800083458097,11.1));
#6562 = VECTOR('',#6563,1.);
#6563 = DIRECTION('',(1.224646799147E-16,0.,-1.));
#6564 = PLANE('',#6565);
#6565 = AXIS2_PLACEMENT_3D('',#6566,#6567,#6568);
#6566 = CARTESIAN_POINT('',(0.333258277121,0.874960578695,11.1));
#6567 = DIRECTION('',(-0.221244666909,-0.975218333177,
    -2.709465731583E-17));
#6568 = DIRECTION('',(0.975218333177,-0.221244666909,1.194298010195E-16)
  );
#6569 = ADVANCED_FACE('',(#6570),#6588,.T.);
#6570 = FACE_BOUND('',#6571,.T.);
#6571 = EDGE_LOOP('',(#6572,#6573,#6581,#6587));
#6572 = ORIENTED_EDGE('',*,*,#3031,.F.);
#6573 = ORIENTED_EDGE('',*,*,#6574,.T.);
#6574 = EDGE_CURVE('',#3024,#6575,#6577,.T.);
#6575 = VERTEX_POINT('',#6576);
#6576 = CARTESIAN_POINT('',(1.301123670041,-9.104173569059,9.8));
#6577 = LINE('',#6578,#6579);
#6578 = CARTESIAN_POINT('',(1.301123670041,-9.104173569059,11.1));
#6579 = VECTOR('',#6580,1.);
#6580 = DIRECTION('',(1.224646799147E-16,0.,-1.));
#6581 = ORIENTED_EDGE('',*,*,#6582,.F.);
#6582 = EDGE_CURVE('',#6527,#6575,#6583,.T.);
#6583 = LINE('',#6584,#6585);
#6584 = CARTESIAN_POINT('',(2.717467771777,-8.329104357487,9.8));
#6585 = VECTOR('',#6586,1.);
#6586 = DIRECTION('',(0.877239164988,0.480053588061,1.07430813549E-16));
#6587 = ORIENTED_EDGE('',*,*,#6526,.F.);
#6588 = PLANE('',#6589);
#6589 = AXIS2_PLACEMENT_3D('',#6590,#6591,#6592);
#6590 = CARTESIAN_POINT('',(1.301123670041,-9.104173569059,11.1));
#6591 = DIRECTION('',(-0.480053588061,0.877239164988,-5.878960900386E-17
    ));
#6592 = DIRECTION('',(-0.877239164988,-0.480053588061,-1.07430813549E-16
    ));
#6593 = ADVANCED_FACE('',(#6594),#6612,.T.);
#6594 = FACE_BOUND('',#6595,.T.);
#6595 = EDGE_LOOP('',(#6596,#6597,#6598,#6606));
#6596 = ORIENTED_EDGE('',*,*,#2823,.F.);
#6597 = ORIENTED_EDGE('',*,*,#6559,.T.);
#6598 = ORIENTED_EDGE('',*,*,#6599,.F.);
#6599 = EDGE_CURVE('',#6600,#6552,#6602,.T.);
#6600 = VERTEX_POINT('',#6601);
#6601 = CARTESIAN_POINT('',(0.986967902665,0.676089745807,9.8));
#6602 = LINE('',#6603,#6604);
#6603 = CARTESIAN_POINT('',(0.507740210277,0.859680774369,9.8));
#6604 = VECTOR('',#6605,1.);
#6605 = DIRECTION('',(-0.933819638147,0.357744159158,-1.143599230837E-16
    ));
#6606 = ORIENTED_EDGE('',*,*,#6607,.F.);
#6607 = EDGE_CURVE('',#2824,#6600,#6608,.T.);
#6608 = LINE('',#6609,#6610);
#6609 = CARTESIAN_POINT('',(0.986967902665,0.676089745807,11.1));
#6610 = VECTOR('',#6611,1.);
#6611 = DIRECTION('',(1.224646799147E-16,0.,-1.));
#6612 = PLANE('',#6613);
#6613 = AXIS2_PLACEMENT_3D('',#6614,#6615,#6616);
#6614 = CARTESIAN_POINT('',(0.663307094855,0.800083458097,11.1));
#6615 = DIRECTION('',(-0.357744159158,-0.933819638147,
    -4.381102394264E-17));
#6616 = DIRECTION('',(0.933819638147,-0.357744159158,1.143599230837E-16)
  );
#6617 = ADVANCED_FACE('',(#6618),#6636,.T.);
#6618 = FACE_BOUND('',#6619,.T.);
#6619 = EDGE_LOOP('',(#6620,#6621,#6629,#6635));
#6620 = ORIENTED_EDGE('',*,*,#3023,.F.);
#6621 = ORIENTED_EDGE('',*,*,#6622,.T.);
#6622 = EDGE_CURVE('',#3016,#6623,#6625,.T.);
#6623 = VERTEX_POINT('',#6624);
#6624 = CARTESIAN_POINT('',(1.602748905208,-8.885990574611,9.8));
#6625 = LINE('',#6626,#6627);
#6626 = CARTESIAN_POINT('',(1.602748905208,-8.885990574611,11.1));
#6627 = VECTOR('',#6628,1.);
#6628 = DIRECTION('',(1.224646799147E-16,0.,-1.));
#6629 = ORIENTED_EDGE('',*,*,#6630,.F.);
#6630 = EDGE_CURVE('',#6575,#6623,#6631,.T.);
#6631 = LINE('',#6632,#6633);
#6632 = CARTESIAN_POINT('',(3.186537892839,-7.740344310291,9.8));
#6633 = VECTOR('',#6634,1.);
#6634 = DIRECTION('',(0.810242249642,0.586095126148,9.922605775585E-17)
  );
#6635 = ORIENTED_EDGE('',*,*,#6574,.F.);
#6636 = PLANE('',#6637);
#6637 = AXIS2_PLACEMENT_3D('',#6638,#6639,#6640);
#6638 = CARTESIAN_POINT('',(1.602748905208,-8.885990574611,11.1));
#6639 = DIRECTION('',(-0.586095126148,0.810242249642,-7.177595202329E-17
    ));
#6640 = DIRECTION('',(-0.810242249642,-0.586095126148,
    -9.922605775585E-17));
#6641 = ADVANCED_FACE('',(#6642),#6660,.T.);
#6642 = FACE_BOUND('',#6643,.T.);
#6643 = EDGE_LOOP('',(#6644,#6645,#6646,#6654));
#6644 = ORIENTED_EDGE('',*,*,#2831,.F.);
#6645 = ORIENTED_EDGE('',*,*,#6607,.T.);
#6646 = ORIENTED_EDGE('',*,*,#6647,.F.);
#6647 = EDGE_CURVE('',#6648,#6600,#6650,.T.);
#6648 = VERTEX_POINT('',#6649);
#6649 = CARTESIAN_POINT('',(1.301123670041,0.504173569059,9.8));
#6650 = LINE('',#6651,#6652);
#6651 = CARTESIAN_POINT('',(0.749566110504,0.806003669727,9.8));
#6652 = VECTOR('',#6653,1.);
#6653 = DIRECTION('',(-0.877239164988,0.480053588061,-1.07430813549E-16)
  );
#6654 = ORIENTED_EDGE('',*,*,#6655,.F.);
#6655 = EDGE_CURVE('',#2832,#6648,#6656,.T.);
#6656 = LINE('',#6657,#6658);
#6657 = CARTESIAN_POINT('',(1.301123670041,0.504173569059,11.1));
#6658 = VECTOR('',#6659,1.);
#6659 = DIRECTION('',(1.224646799147E-16,0.,-1.));
#6660 = PLANE('',#6661);
#6661 = AXIS2_PLACEMENT_3D('',#6662,#6663,#6664);
#6662 = CARTESIAN_POINT('',(0.986967902665,0.676089745807,11.1));
#6663 = DIRECTION('',(-0.480053588061,-0.877239164988,
    -5.878960900386E-17));
#6664 = DIRECTION('',(0.877239164988,-0.480053588061,1.07430813549E-16)
  );
#6665 = ADVANCED_FACE('',(#6666),#6684,.T.);
#6666 = FACE_BOUND('',#6667,.T.);
#6667 = EDGE_LOOP('',(#6668,#6669,#6677,#6683));
#6668 = ORIENTED_EDGE('',*,*,#3015,.F.);
#6669 = ORIENTED_EDGE('',*,*,#6670,.T.);
#6670 = EDGE_CURVE('',#3008,#6671,#6673,.T.);
#6671 = VERTEX_POINT('',#6672);
#6672 = CARTESIAN_POINT('',(1.888938792267,-8.623641983973,9.8));
#6673 = LINE('',#6674,#6675);
#6674 = CARTESIAN_POINT('',(1.888938792267,-8.623641983973,11.1));
#6675 = VECTOR('',#6676,1.);
#6676 = DIRECTION('',(1.224646799147E-16,0.,-1.));
#6677 = ORIENTED_EDGE('',*,*,#6678,.F.);
#6678 = EDGE_CURVE('',#6623,#6671,#6679,.T.);
#6679 = LINE('',#6680,#6681);
#6680 = CARTESIAN_POINT('',(3.523512299125,-7.125238038863,9.8));
#6681 = VECTOR('',#6682,1.);
#6682 = DIRECTION('',(0.73714405468,0.675735630739,9.027411070738E-17));
#6683 = ORIENTED_EDGE('',*,*,#6622,.F.);
#6684 = PLANE('',#6685);
#6685 = AXIS2_PLACEMENT_3D('',#6686,#6687,#6688);
#6686 = CARTESIAN_POINT('',(1.888938792267,-8.623641983973,11.1));
#6687 = DIRECTION('',(-0.675735630739,0.73714405468,-8.275374772547E-17)
  );
#6688 = DIRECTION('',(-0.73714405468,-0.675735630739,-9.027411070738E-17
    ));
#6689 = ADVANCED_FACE('',(#6690),#6708,.T.);
#6690 = FACE_BOUND('',#6691,.T.);
#6691 = EDGE_LOOP('',(#6692,#6693,#6694,#6702));
#6692 = ORIENTED_EDGE('',*,*,#2839,.F.);
#6693 = ORIENTED_EDGE('',*,*,#6655,.T.);
#6694 = ORIENTED_EDGE('',*,*,#6695,.F.);
#6695 = EDGE_CURVE('',#6696,#6648,#6698,.T.);
#6696 = VERTEX_POINT('',#6697);
#6697 = CARTESIAN_POINT('',(1.602748905208,0.285990574611,9.8));
#6698 = LINE('',#6699,#6700);
#6699 = CARTESIAN_POINT('',(0.993745431143,0.726518044161,9.8));
#6700 = VECTOR('',#6701,1.);
#6701 = DIRECTION('',(-0.810242249642,0.586095126148,-9.922605775586E-17
    ));
#6702 = ORIENTED_EDGE('',*,*,#6703,.F.);
#6703 = EDGE_CURVE('',#2840,#6696,#6704,.T.);
#6704 = LINE('',#6705,#6706);
#6705 = CARTESIAN_POINT('',(1.602748905208,0.285990574611,11.1));
#6706 = VECTOR('',#6707,1.);
#6707 = DIRECTION('',(1.224646799147E-16,0.,-1.));
#6708 = PLANE('',#6709);
#6709 = AXIS2_PLACEMENT_3D('',#6710,#6711,#6712);
#6710 = CARTESIAN_POINT('',(1.301123670041,0.504173569059,11.1));
#6711 = DIRECTION('',(-0.586095126148,-0.810242249642,
    -7.177595202329E-17));
#6712 = DIRECTION('',(0.810242249642,-0.586095126148,9.922605775586E-17)
  );
#6713 = ADVANCED_FACE('',(#6714),#6732,.T.);
#6714 = FACE_BOUND('',#6715,.T.);
#6715 = EDGE_LOOP('',(#6716,#6717,#6725,#6731));
#6716 = ORIENTED_EDGE('',*,*,#3007,.F.);
#6717 = ORIENTED_EDGE('',*,*,#6718,.T.);
#6718 = EDGE_CURVE('',#3000,#6719,#6721,.T.);
#6719 = VERTEX_POINT('',#6720);
#6720 = CARTESIAN_POINT('',(2.156937166156,-8.319654357486,9.8));
#6721 = LINE('',#6722,#6723);
#6722 = CARTESIAN_POINT('',(2.156937166156,-8.319654357486,11.1));
#6723 = VECTOR('',#6724,1.);
#6724 = DIRECTION('',(1.224646799147E-16,0.,-1.));
#6725 = ORIENTED_EDGE('',*,*,#6726,.F.);
#6726 = EDGE_CURVE('',#6671,#6719,#6727,.T.);
#6727 = LINE('',#6728,#6729);
#6728 = CARTESIAN_POINT('',(3.748802513614,-6.51401889173,9.8));
#6729 = VECTOR('',#6730,1.);
#6730 = DIRECTION('',(0.661308020111,0.750114459624,8.098687500795E-17)
  );
#6731 = ORIENTED_EDGE('',*,*,#6670,.F.);
#6732 = PLANE('',#6733);
#6733 = AXIS2_PLACEMENT_3D('',#6734,#6735,#6736);
#6734 = CARTESIAN_POINT('',(2.156937166156,-8.319654357486,11.1));
#6735 = DIRECTION('',(-0.750114459624,0.661308020111,-9.186252719725E-17
    ));
#6736 = DIRECTION('',(-0.661308020111,-0.750114459624,
    -8.098687500795E-17));
#6737 = ADVANCED_FACE('',(#6738),#6756,.T.);
#6738 = FACE_BOUND('',#6739,.T.);
#6739 = EDGE_LOOP('',(#6740,#6741,#6742,#6750));
#6740 = ORIENTED_EDGE('',*,*,#2847,.F.);
#6741 = ORIENTED_EDGE('',*,*,#6703,.T.);
#6742 = ORIENTED_EDGE('',*,*,#6743,.F.);
#6743 = EDGE_CURVE('',#6744,#6696,#6746,.T.);
#6744 = VERTEX_POINT('',#6745);
#6745 = CARTESIAN_POINT('',(1.888938792267,2.364198397324E-02,9.8));
#6746 = LINE('',#6747,#6748);
#6747 = CARTESIAN_POINT('',(1.238524993837,0.61987249758,9.8));
#6748 = VECTOR('',#6749,1.);
#6749 = DIRECTION('',(-0.73714405468,0.675735630739,-9.027411070738E-17)
  );
#6750 = ORIENTED_EDGE('',*,*,#6751,.F.);
#6751 = EDGE_CURVE('',#2848,#6744,#6752,.T.);
#6752 = LINE('',#6753,#6754);
#6753 = CARTESIAN_POINT('',(1.888938792267,2.364198397324E-02,11.1));
#6754 = VECTOR('',#6755,1.);
#6755 = DIRECTION('',(1.224646799147E-16,0.,-1.));
#6756 = PLANE('',#6757);
#6757 = AXIS2_PLACEMENT_3D('',#6758,#6759,#6760);
#6758 = CARTESIAN_POINT('',(1.602748905208,0.285990574611,11.1));
#6759 = DIRECTION('',(-0.675735630739,-0.73714405468,-8.275374772547E-17
    ));
#6760 = DIRECTION('',(0.73714405468,-0.675735630739,9.027411070738E-17)
  );
#6761 = ADVANCED_FACE('',(#6762),#6780,.T.);
#6762 = FACE_BOUND('',#6763,.T.);
#6763 = EDGE_LOOP('',(#6764,#6765,#6773,#6779));
#6764 = ORIENTED_EDGE('',*,*,#2999,.F.);
#6765 = ORIENTED_EDGE('',*,*,#6766,.T.);
#6766 = EDGE_CURVE('',#2992,#6767,#6769,.T.);
#6767 = VERTEX_POINT('',#6768);
#6768 = CARTESIAN_POINT('',(2.404163056034,-7.97695526217,9.8));
#6769 = LINE('',#6770,#6771);
#6770 = CARTESIAN_POINT('',(2.404163056034,-7.97695526217,11.1));
#6771 = VECTOR('',#6772,1.);
#6772 = DIRECTION('',(1.224646799147E-16,0.,-1.));
#6773 = ORIENTED_EDGE('',*,*,#6774,.F.);
#6774 = EDGE_CURVE('',#6719,#6767,#6775,.T.);
#6775 = LINE('',#6776,#6777);
#6776 = CARTESIAN_POINT('',(3.88513996608,-5.924057616589,9.8));
#6777 = VECTOR('',#6778,1.);
#6778 = DIRECTION('',(0.585056534331,0.810992510222,7.164876120885E-17)
  );
#6779 = ORIENTED_EDGE('',*,*,#6718,.F.);
#6780 = PLANE('',#6781);
#6781 = AXIS2_PLACEMENT_3D('',#6782,#6783,#6784);
#6782 = CARTESIAN_POINT('',(2.404163056034,-7.97695526217,11.1));
#6783 = DIRECTION('',(-0.810992510222,0.585056534331,-9.931793817763E-17
    ));
#6784 = DIRECTION('',(-0.585056534331,-0.810992510222,
    -7.164876120885E-17));
#6785 = ADVANCED_FACE('',(#6786),#6804,.T.);
#6786 = FACE_BOUND('',#6787,.T.);
#6787 = EDGE_LOOP('',(#6788,#6789,#6790,#6798));
#6788 = ORIENTED_EDGE('',*,*,#2855,.F.);
#6789 = ORIENTED_EDGE('',*,*,#6751,.T.);
#6790 = ORIENTED_EDGE('',*,*,#6791,.F.);
#6791 = EDGE_CURVE('',#6792,#6744,#6794,.T.);
#6792 = VERTEX_POINT('',#6793);
#6793 = CARTESIAN_POINT('',(2.156937166156,-0.280345642514,9.8));
#6794 = LINE('',#6795,#6796);
#6795 = CARTESIAN_POINT('',(1.481759481622,0.485501025881,9.8));
#6796 = VECTOR('',#6797,1.);
#6797 = DIRECTION('',(-0.661308020111,0.750114459624,-8.098687500795E-17
    ));
#6798 = ORIENTED_EDGE('',*,*,#6799,.F.);
#6799 = EDGE_CURVE('',#2856,#6792,#6800,.T.);
#6800 = LINE('',#6801,#6802);
#6801 = CARTESIAN_POINT('',(2.156937166156,-0.280345642514,11.1));
#6802 = VECTOR('',#6803,1.);
#6803 = DIRECTION('',(1.224646799147E-16,0.,-1.));
#6804 = PLANE('',#6805);
#6805 = AXIS2_PLACEMENT_3D('',#6806,#6807,#6808);
#6806 = CARTESIAN_POINT('',(1.888938792267,2.364198397324E-02,11.1));
#6807 = DIRECTION('',(-0.750114459624,-0.661308020111,
    -9.186252719725E-17));
#6808 = DIRECTION('',(0.661308020111,-0.750114459624,8.098687500795E-17)
  );
#6809 = ADVANCED_FACE('',(#6810),#6828,.T.);
#6810 = FACE_BOUND('',#6811,.T.);
#6811 = EDGE_LOOP('',(#6812,#6813,#6821,#6827));
#6812 = ORIENTED_EDGE('',*,*,#2991,.F.);
#6813 = ORIENTED_EDGE('',*,*,#6814,.T.);
#6814 = EDGE_CURVE('',#2984,#6815,#6817,.T.);
#6815 = VERTEX_POINT('',#6816);
#6816 = CARTESIAN_POINT('',(2.628235541433,-7.598845077651,9.8));
#6817 = LINE('',#6818,#6819);
#6818 = CARTESIAN_POINT('',(2.628235541433,-7.598845077651,11.1));
#6819 = VECTOR('',#6820,1.);
#6820 = DIRECTION('',(1.224646799147E-16,0.,-1.));
#6821 = ORIENTED_EDGE('',*,*,#6822,.F.);
#6822 = EDGE_CURVE('',#6767,#6815,#6823,.T.);
#6823 = LINE('',#6824,#6825);
#6824 = CARTESIAN_POINT('',(3.953053511567,-5.36328649825,9.8));
#6825 = VECTOR('',#6826,1.);
#6826 = DIRECTION('',(0.509814498918,0.860284358043,6.243426942592E-17)
  );
#6827 = ORIENTED_EDGE('',*,*,#6766,.F.);
#6828 = PLANE('',#6829);
#6829 = AXIS2_PLACEMENT_3D('',#6830,#6831,#6832);
#6830 = CARTESIAN_POINT('',(2.628235541433,-7.598845077651,11.1));
#6831 = DIRECTION('',(-0.860284358043,0.509814498918,-1.053544485433E-16
    ));
#6832 = DIRECTION('',(-0.509814498918,-0.860284358043,
    -6.243426942592E-17));
#6833 = ADVANCED_FACE('',(#6834),#6852,.T.);
#6834 = FACE_BOUND('',#6835,.T.);
#6835 = EDGE_LOOP('',(#6836,#6837,#6838,#6846));
#6836 = ORIENTED_EDGE('',*,*,#2863,.F.);
#6837 = ORIENTED_EDGE('',*,*,#6799,.T.);
#6838 = ORIENTED_EDGE('',*,*,#6839,.F.);
#6839 = EDGE_CURVE('',#6840,#6792,#6842,.T.);
#6840 = VERTEX_POINT('',#6841);
#6841 = CARTESIAN_POINT('',(2.404163056034,-0.62304473783,9.8));
#6842 = LINE('',#6843,#6844);
#6843 = CARTESIAN_POINT('',(1.721278211326,0.323555226286,9.8));
#6844 = VECTOR('',#6845,1.);
#6845 = DIRECTION('',(-0.585056534331,0.810992510222,-7.164876120885E-17
    ));
#6846 = ORIENTED_EDGE('',*,*,#6847,.F.);
#6847 = EDGE_CURVE('',#2864,#6840,#6848,.T.);
#6848 = LINE('',#6849,#6850);
#6849 = CARTESIAN_POINT('',(2.404163056034,-0.62304473783,11.1));
#6850 = VECTOR('',#6851,1.);
#6851 = DIRECTION('',(1.224646799147E-16,0.,-1.));
#6852 = PLANE('',#6853);
#6853 = AXIS2_PLACEMENT_3D('',#6854,#6855,#6856);
#6854 = CARTESIAN_POINT('',(2.156937166156,-0.280345642514,11.1));
#6855 = DIRECTION('',(-0.810992510222,-0.585056534331,
    -9.931793817763E-17));
#6856 = DIRECTION('',(0.585056534331,-0.810992510222,7.164876120885E-17)
  );
#6857 = ADVANCED_FACE('',(#6858),#6876,.T.);
#6858 = FACE_BOUND('',#6859,.T.);
#6859 = EDGE_LOOP('',(#6860,#6861,#6869,#6875));
#6860 = ORIENTED_EDGE('',*,*,#2983,.F.);
#6861 = ORIENTED_EDGE('',*,*,#6862,.T.);
#6862 = EDGE_CURVE('',#2976,#6863,#6865,.T.);
#6863 = VERTEX_POINT('',#6864);
#6864 = CARTESIAN_POINT('',(2.826996681829,-7.188965211702,9.8));
#6865 = LINE('',#6866,#6867);
#6866 = CARTESIAN_POINT('',(2.826996681829,-7.188965211702,11.1));
#6867 = VECTOR('',#6868,1.);
#6868 = DIRECTION('',(1.224646799147E-16,0.,-1.));
#6869 = ORIENTED_EDGE('',*,*,#6870,.F.);
#6870 = EDGE_CURVE('',#6815,#6863,#6871,.T.);
#6871 = LINE('',#6872,#6873);
#6872 = CARTESIAN_POINT('',(3.969096812899,-4.833757107681,9.8));
#6873 = VECTOR('',#6874,1.);
#6874 = DIRECTION('',(0.436329509195,0.899786952231,5.343495368089E-17)
  );
#6875 = ORIENTED_EDGE('',*,*,#6814,.F.);
#6876 = PLANE('',#6877);
#6877 = AXIS2_PLACEMENT_3D('',#6878,#6879,#6880);
#6878 = CARTESIAN_POINT('',(2.826996681829,-7.188965211702,11.1));
#6879 = DIRECTION('',(-0.899786952231,0.436329509195,-1.101921210965E-16
    ));
#6880 = DIRECTION('',(-0.436329509195,-0.899786952231,
    -5.343495368089E-17));
#6881 = ADVANCED_FACE('',(#6882),#6900,.T.);
#6882 = FACE_BOUND('',#6883,.T.);
#6883 = EDGE_LOOP('',(#6884,#6885,#6886,#6894));
#6884 = ORIENTED_EDGE('',*,*,#2871,.F.);
#6885 = ORIENTED_EDGE('',*,*,#6847,.T.);
#6886 = ORIENTED_EDGE('',*,*,#6887,.F.);
#6887 = EDGE_CURVE('',#6888,#6840,#6890,.T.);
#6888 = VERTEX_POINT('',#6889);
#6889 = CARTESIAN_POINT('',(2.628235541433,-1.001154922349,9.8));
#6890 = LINE('',#6891,#6892);
#6891 = CARTESIAN_POINT('',(1.9550998815,0.134725050288,9.8));
#6892 = VECTOR('',#6893,1.);
#6893 = DIRECTION('',(-0.509814498918,0.860284358043,-6.243426942592E-17
    ));
#6894 = ORIENTED_EDGE('',*,*,#6895,.F.);
#6895 = EDGE_CURVE('',#2872,#6888,#6896,.T.);
#6896 = LINE('',#6897,#6898);
#6897 = CARTESIAN_POINT('',(2.628235541433,-1.001154922349,11.1));
#6898 = VECTOR('',#6899,1.);
#6899 = DIRECTION('',(1.224646799147E-16,0.,-1.));
#6900 = PLANE('',#6901);
#6901 = AXIS2_PLACEMENT_3D('',#6902,#6903,#6904);
#6902 = CARTESIAN_POINT('',(2.404163056034,-0.62304473783,11.1));
#6903 = DIRECTION('',(-0.860284358043,-0.509814498918,
    -1.053544485433E-16));
#6904 = DIRECTION('',(0.509814498918,-0.860284358043,6.243426942592E-17)
  );
#6905 = ADVANCED_FACE('',(#6906),#6924,.T.);
#6906 = FACE_BOUND('',#6907,.T.);
#6907 = EDGE_LOOP('',(#6908,#6909,#6917,#6923));
#6908 = ORIENTED_EDGE('',*,*,#2975,.F.);
#6909 = ORIENTED_EDGE('',*,*,#6910,.T.);
#6910 = EDGE_CURVE('',#2968,#6911,#6913,.T.);
#6911 = VERTEX_POINT('',#6912);
#6912 = CARTESIAN_POINT('',(2.998532298784,-6.751263031495,9.8));
#6913 = LINE('',#6914,#6915);
#6914 = CARTESIAN_POINT('',(2.998532298784,-6.751263031495,11.1));
#6915 = VECTOR('',#6916,1.);
#6916 = DIRECTION('',(1.224646799147E-16,0.,-1.));
#6917 = ORIENTED_EDGE('',*,*,#6918,.F.);
#6918 = EDGE_CURVE('',#6863,#6911,#6919,.T.);
#6919 = LINE('',#6920,#6921);
#6920 = CARTESIAN_POINT('',(3.945704937683,-4.334391617641,9.8));
#6921 = VECTOR('',#6922,1.);
#6922 = DIRECTION('',(0.364880487416,0.931054364634,4.46849720985E-17));
#6923 = ORIENTED_EDGE('',*,*,#6862,.F.);
#6924 = PLANE('',#6925);
#6925 = AXIS2_PLACEMENT_3D('',#6926,#6927,#6928);
#6926 = CARTESIAN_POINT('',(2.998532298784,-6.751263031495,11.1));
#6927 = DIRECTION('',(-0.931054364634,0.364880487416,-1.140212747481E-16
    ));
#6928 = DIRECTION('',(-0.364880487416,-0.931054364634,-4.46849720985E-17
    ));
#6929 = ADVANCED_FACE('',(#6930),#6948,.T.);
#6930 = FACE_BOUND('',#6931,.T.);
#6931 = EDGE_LOOP('',(#6932,#6933,#6934,#6942));
#6932 = ORIENTED_EDGE('',*,*,#2879,.F.);
#6933 = ORIENTED_EDGE('',*,*,#6895,.T.);
#6934 = ORIENTED_EDGE('',*,*,#6935,.F.);
#6935 = EDGE_CURVE('',#6936,#6888,#6938,.T.);
#6936 = VERTEX_POINT('',#6937);
#6937 = CARTESIAN_POINT('',(2.826996681829,-1.411034788298,9.8));
#6938 = LINE('',#6939,#6940);
#6939 = CARTESIAN_POINT('',(2.181520765939,-7.995175389903E-02,9.8));
#6940 = VECTOR('',#6941,1.);
#6941 = DIRECTION('',(-0.436329509195,0.899786952231,-5.343495368089E-17
    ));
#6942 = ORIENTED_EDGE('',*,*,#6943,.F.);
#6943 = EDGE_CURVE('',#2880,#6936,#6944,.T.);
#6944 = LINE('',#6945,#6946);
#6945 = CARTESIAN_POINT('',(2.826996681829,-1.411034788298,11.1));
#6946 = VECTOR('',#6947,1.);
#6947 = DIRECTION('',(1.224646799147E-16,0.,-1.));
#6948 = PLANE('',#6949);
#6949 = AXIS2_PLACEMENT_3D('',#6950,#6951,#6952);
#6950 = CARTESIAN_POINT('',(2.628235541433,-1.001154922349,11.1));
#6951 = DIRECTION('',(-0.899786952231,-0.436329509195,
    -1.101921210965E-16));
#6952 = DIRECTION('',(0.436329509195,-0.899786952231,5.343495368089E-17)
  );
#6953 = ADVANCED_FACE('',(#6954),#6972,.T.);
#6954 = FACE_BOUND('',#6955,.T.);
#6955 = EDGE_LOOP('',(#6956,#6957,#6965,#6971));
#6956 = ORIENTED_EDGE('',*,*,#2967,.F.);
#6957 = ORIENTED_EDGE('',*,*,#6958,.T.);
#6958 = EDGE_CURVE('',#2960,#6959,#6961,.T.);
#6959 = VERTEX_POINT('',#6960);
#6960 = CARTESIAN_POINT('',(3.141190410538,-6.289953848298,9.8));
#6961 = LINE('',#6962,#6963);
#6962 = CARTESIAN_POINT('',(3.141190410538,-6.289953848298,11.1));
#6963 = VECTOR('',#6964,1.);
#6964 = DIRECTION('',(1.224646799147E-16,0.,-1.));
#6965 = ORIENTED_EDGE('',*,*,#6966,.F.);
#6966 = EDGE_CURVE('',#6911,#6959,#6967,.T.);
#6967 = LINE('',#6968,#6969);
#6968 = CARTESIAN_POINT('',(3.891780195967,-3.862794561141,9.8));
#6969 = VECTOR('',#6970,1.);
#6970 = DIRECTION('',(0.295441688645,0.955360774059,3.618117183337E-17)
  );
#6971 = ORIENTED_EDGE('',*,*,#6910,.F.);
#6972 = PLANE('',#6973);
#6973 = AXIS2_PLACEMENT_3D('',#6974,#6975,#6976);
#6974 = CARTESIAN_POINT('',(3.141190410538,-6.289953848298,11.1));
#6975 = DIRECTION('',(-0.955360774059,0.295441688645,-1.169979513982E-16
    ));
#6976 = DIRECTION('',(-0.295441688645,-0.955360774059,
    -3.618117183337E-17));
#6977 = ADVANCED_FACE('',(#6978),#6996,.T.);
#6978 = FACE_BOUND('',#6979,.T.);
#6979 = EDGE_LOOP('',(#6980,#6981,#6982,#6990));
#6980 = ORIENTED_EDGE('',*,*,#2887,.F.);
#6981 = ORIENTED_EDGE('',*,*,#6943,.T.);
#6982 = ORIENTED_EDGE('',*,*,#6983,.F.);
#6983 = EDGE_CURVE('',#6984,#6936,#6986,.T.);
#6984 = VERTEX_POINT('',#6985);
#6985 = CARTESIAN_POINT('',(2.998532298784,-1.848736968505,9.8));
#6986 = LINE('',#6987,#6988);
#6987 = CARTESIAN_POINT('',(2.39912577658,-0.319249703672,9.8));
#6988 = VECTOR('',#6989,1.);
#6989 = DIRECTION('',(-0.364880487416,0.931054364634,-4.46849720985E-17)
  );
#6990 = ORIENTED_EDGE('',*,*,#6991,.F.);
#6991 = EDGE_CURVE('',#2888,#6984,#6992,.T.);
#6992 = LINE('',#6993,#6994);
#6993 = CARTESIAN_POINT('',(2.998532298784,-1.848736968505,11.1));
#6994 = VECTOR('',#6995,1.);
#6995 = DIRECTION('',(1.224646799147E-16,0.,-1.));
#6996 = PLANE('',#6997);
#6997 = AXIS2_PLACEMENT_3D('',#6998,#6999,#7000);
#6998 = CARTESIAN_POINT('',(2.826996681829,-1.411034788298,11.1));
#6999 = DIRECTION('',(-0.931054364634,-0.364880487416,
    -1.140212747481E-16));
#7000 = DIRECTION('',(0.364880487416,-0.931054364634,4.46849720985E-17)
  );
#7001 = ADVANCED_FACE('',(#7002),#7020,.T.);
#7002 = FACE_BOUND('',#7003,.T.);
#7003 = EDGE_LOOP('',(#7004,#7005,#7013,#7019));
#7004 = ORIENTED_EDGE('',*,*,#2959,.F.);
#7005 = ORIENTED_EDGE('',*,*,#7006,.T.);
#7006 = EDGE_CURVE('',#2952,#7007,#7009,.T.);
#7007 = VERTEX_POINT('',#7008);
#7008 = CARTESIAN_POINT('',(3.25359714149,-5.809480321723,9.8));
#7009 = LINE('',#7010,#7011);
#7010 = CARTESIAN_POINT('',(3.25359714149,-5.809480321723,11.1));
#7011 = VECTOR('',#7012,1.);
#7012 = DIRECTION('',(1.224646799147E-16,0.,-1.));
#7013 = ORIENTED_EDGE('',*,*,#7014,.F.);
#7014 = EDGE_CURVE('',#6959,#7007,#7015,.T.);
#7015 = LINE('',#7016,#7017);
#7016 = CARTESIAN_POINT('',(3.813478235136,-3.416313638101,9.8));
#7017 = VECTOR('',#7018,1.);
#7018 = DIRECTION('',(0.227798929537,0.973708194328,2.789732299068E-17)
  );
#7019 = ORIENTED_EDGE('',*,*,#6958,.F.);
#7020 = PLANE('',#7021);
#7021 = AXIS2_PLACEMENT_3D('',#7022,#7023,#7024);
#7022 = CARTESIAN_POINT('',(3.25359714149,-5.809480321723,11.1));
#7023 = DIRECTION('',(-0.973708194328,0.227798929537,-1.192448623487E-16
    ));
#7024 = DIRECTION('',(-0.227798929537,-0.973708194328,
    -2.789732299068E-17));
#7025 = ADVANCED_FACE('',(#7026),#7044,.T.);
#7026 = FACE_BOUND('',#7027,.T.);
#7027 = EDGE_LOOP('',(#7028,#7029,#7030,#7038));
#7028 = ORIENTED_EDGE('',*,*,#2895,.F.);
#7029 = ORIENTED_EDGE('',*,*,#6991,.T.);
#7030 = ORIENTED_EDGE('',*,*,#7031,.F.);
#7031 = EDGE_CURVE('',#7032,#6984,#7034,.T.);
#7032 = VERTEX_POINT('',#7033);
#7033 = CARTESIAN_POINT('',(3.141190410538,-2.310046151702,9.8));
#7034 = LINE('',#7035,#7036);
#7035 = CARTESIAN_POINT('',(2.606761518572,-0.581879750235,9.8));
#7036 = VECTOR('',#7037,1.);
#7037 = DIRECTION('',(-0.295441688645,0.955360774059,-3.618117183337E-17
    ));
#7038 = ORIENTED_EDGE('',*,*,#7039,.F.);
#7039 = EDGE_CURVE('',#2896,#7032,#7040,.T.);
#7040 = LINE('',#7041,#7042);
#7041 = CARTESIAN_POINT('',(3.141190410538,-2.310046151702,11.1));
#7042 = VECTOR('',#7043,1.);
#7043 = DIRECTION('',(1.224646799147E-16,0.,-1.));
#7044 = PLANE('',#7045);
#7045 = AXIS2_PLACEMENT_3D('',#7046,#7047,#7048);
#7046 = CARTESIAN_POINT('',(2.998532298784,-1.848736968505,11.1));
#7047 = DIRECTION('',(-0.955360774059,-0.295441688645,
    -1.169979513982E-16));
#7048 = DIRECTION('',(0.295441688645,-0.955360774059,3.618117183337E-17)
  );
#7049 = ADVANCED_FACE('',(#7050),#7068,.T.);
#7050 = FACE_BOUND('',#7051,.T.);
#7051 = EDGE_LOOP('',(#7052,#7053,#7061,#7067));
#7052 = ORIENTED_EDGE('',*,*,#2951,.F.);
#7053 = ORIENTED_EDGE('',*,*,#7054,.T.);
#7054 = EDGE_CURVE('',#2944,#7055,#7057,.T.);
#7055 = VERTEX_POINT('',#7056);
#7056 = CARTESIAN_POINT('',(3.334669953371,-5.314469674484,9.8));
#7057 = LINE('',#7058,#7059);
#7058 = CARTESIAN_POINT('',(3.334669953371,-5.314469674484,11.1));
#7059 = VECTOR('',#7060,1.);
#7060 = DIRECTION('',(1.224646799147E-16,0.,-1.));
#7061 = ORIENTED_EDGE('',*,*,#7062,.F.);
#7062 = EDGE_CURVE('',#7007,#7055,#7063,.T.);
#7063 = LINE('',#7064,#7065);
#7064 = CARTESIAN_POINT('',(3.714946834931,-2.992592575334,9.8));
#7065 = VECTOR('',#7066,1.);
#7066 = DIRECTION('',(0.161626555802,0.986851993188,1.979354442201E-17)
  );
#7067 = ORIENTED_EDGE('',*,*,#7006,.F.);
#7068 = PLANE('',#7069);
#7069 = AXIS2_PLACEMENT_3D('',#7070,#7071,#7072);
#7070 = CARTESIAN_POINT('',(3.334669953371,-5.314469674484,11.1));
#7071 = DIRECTION('',(-0.986851993188,0.161626555802,-1.20854513469E-16)
  );
#7072 = DIRECTION('',(-0.161626555802,-0.986851993188,
    -1.979354442201E-17));
#7073 = ADVANCED_FACE('',(#7074),#7092,.T.);
#7074 = FACE_BOUND('',#7075,.T.);
#7075 = EDGE_LOOP('',(#7076,#7077,#7078,#7086));
#7076 = ORIENTED_EDGE('',*,*,#2903,.F.);
#7077 = ORIENTED_EDGE('',*,*,#7039,.T.);
#7078 = ORIENTED_EDGE('',*,*,#7079,.F.);
#7079 = EDGE_CURVE('',#7080,#7032,#7082,.T.);
#7080 = VERTEX_POINT('',#7081);
#7081 = CARTESIAN_POINT('',(3.25359714149,-2.790519678277,9.8));
#7082 = LINE('',#7083,#7084);
#7083 = CARTESIAN_POINT('',(2.803493226958,-0.866586713494,9.8));
#7084 = VECTOR('',#7085,1.);
#7085 = DIRECTION('',(-0.227798929537,0.973708194328,-2.789732299068E-17
    ));
#7086 = ORIENTED_EDGE('',*,*,#7087,.F.);
#7087 = EDGE_CURVE('',#2904,#7080,#7088,.T.);
#7088 = LINE('',#7089,#7090);
#7089 = CARTESIAN_POINT('',(3.25359714149,-2.790519678277,11.1));
#7090 = VECTOR('',#7091,1.);
#7091 = DIRECTION('',(1.224646799147E-16,0.,-1.));
#7092 = PLANE('',#7093);
#7093 = AXIS2_PLACEMENT_3D('',#7094,#7095,#7096);
#7094 = CARTESIAN_POINT('',(3.141190410538,-2.310046151702,11.1));
#7095 = DIRECTION('',(-0.973708194328,-0.227798929537,
    -1.192448623487E-16));
#7096 = DIRECTION('',(0.227798929537,-0.973708194328,2.789732299068E-17)
  );
#7097 = ADVANCED_FACE('',(#7098),#7116,.T.);
#7098 = FACE_BOUND('',#7099,.T.);
#7099 = EDGE_LOOP('',(#7100,#7101,#7109,#7115));
#7100 = ORIENTED_EDGE('',*,*,#2943,.F.);
#7101 = ORIENTED_EDGE('',*,*,#7102,.T.);
#7102 = EDGE_CURVE('',#2936,#7103,#7105,.T.);
#7103 = VERTEX_POINT('',#7104);
#7104 = CARTESIAN_POINT('',(3.383628070685,-4.809689129714,9.8));
#7105 = LINE('',#7106,#7107);
#7106 = CARTESIAN_POINT('',(3.383628070685,-4.809689129714,11.1));
#7107 = VECTOR('',#7108,1.);
#7108 = DIRECTION('',(1.224646799147E-16,0.,-1.));
#7109 = ORIENTED_EDGE('',*,*,#7110,.F.);
#7110 = EDGE_CURVE('',#7055,#7103,#7111,.T.);
#7111 = LINE('',#7112,#7113);
#7112 = CARTESIAN_POINT('',(3.598931369634,-2.589813805752,9.8));
#7113 = VECTOR('',#7114,1.);
#7114 = DIRECTION('',(9.653592824982E-02,0.995329500496,
    1.182224155339E-17));
#7115 = ORIENTED_EDGE('',*,*,#7054,.F.);
#7116 = PLANE('',#7117);
#7117 = AXIS2_PLACEMENT_3D('',#7118,#7119,#7120);
#7118 = CARTESIAN_POINT('',(3.383628070685,-4.809689129714,11.1));
#7119 = DIRECTION('',(-0.995329500496,9.653592824982E-02,
    -1.218927086879E-16));
#7120 = DIRECTION('',(-9.653592824982E-02,-0.995329500496,
    -1.182224155339E-17));
#7121 = ADVANCED_FACE('',(#7122),#7140,.T.);
#7122 = FACE_BOUND('',#7123,.T.);
#7123 = EDGE_LOOP('',(#7124,#7125,#7126,#7134));
#7124 = ORIENTED_EDGE('',*,*,#2911,.F.);
#7125 = ORIENTED_EDGE('',*,*,#7087,.T.);
#7126 = ORIENTED_EDGE('',*,*,#7127,.F.);
#7127 = EDGE_CURVE('',#7128,#7080,#7130,.T.);
#7128 = VERTEX_POINT('',#7129);
#7129 = CARTESIAN_POINT('',(3.334669953371,-3.285530325516,9.8));
#7130 = LINE('',#7131,#7132);
#7131 = CARTESIAN_POINT('',(2.988554027385,-1.17223161827,9.8));
#7132 = VECTOR('',#7133,1.);
#7133 = DIRECTION('',(-0.161626555802,0.986851993188,-1.979354442201E-17
    ));
#7134 = ORIENTED_EDGE('',*,*,#7135,.F.);
#7135 = EDGE_CURVE('',#2912,#7128,#7136,.T.);
#7136 = LINE('',#7137,#7138);
#7137 = CARTESIAN_POINT('',(3.334669953371,-3.285530325516,11.1));
#7138 = VECTOR('',#7139,1.);
#7139 = DIRECTION('',(1.224646799147E-16,0.,-1.));
#7140 = PLANE('',#7141);
#7141 = AXIS2_PLACEMENT_3D('',#7142,#7143,#7144);
#7142 = CARTESIAN_POINT('',(3.25359714149,-2.790519678277,11.1));
#7143 = DIRECTION('',(-0.986851993188,-0.161626555802,-1.20854513469E-16
    ));
#7144 = DIRECTION('',(0.161626555802,-0.986851993188,1.979354442201E-17)
  );
#7145 = ADVANCED_FACE('',(#7146),#7164,.T.);
#7146 = FACE_BOUND('',#7147,.T.);
#7147 = EDGE_LOOP('',(#7148,#7149,#7157,#7163));
#7148 = ORIENTED_EDGE('',*,*,#2935,.F.);
#7149 = ORIENTED_EDGE('',*,*,#7150,.T.);
#7150 = EDGE_CURVE('',#2928,#7151,#7153,.T.);
#7151 = VERTEX_POINT('',#7152);
#7152 = CARTESIAN_POINT('',(3.4,-4.3,9.8));
#7153 = LINE('',#7154,#7155);
#7154 = CARTESIAN_POINT('',(3.4,-4.3,11.1));
#7155 = VECTOR('',#7156,1.);
#7156 = DIRECTION('',(1.224646799147E-16,0.,-1.));
#7157 = ORIENTED_EDGE('',*,*,#7158,.F.);
#7158 = EDGE_CURVE('',#7103,#7151,#7159,.T.);
#7159 = LINE('',#7160,#7161);
#7160 = CARTESIAN_POINT('',(3.467237605526,-2.206766149154,9.8));
#7161 = VECTOR('',#7162,1.);
#7162 = DIRECTION('',(3.210484340328E-02,0.999484506648,
    3.931709371096E-18));
#7163 = ORIENTED_EDGE('',*,*,#7102,.F.);
#7164 = PLANE('',#7165);
#7165 = AXIS2_PLACEMENT_3D('',#7166,#7167,#7168);
#7166 = CARTESIAN_POINT('',(3.4,-4.3,11.1));
#7167 = DIRECTION('',(-0.999484506648,3.210484340328E-02,
    -1.224015501864E-16));
#7168 = DIRECTION('',(-3.210484340328E-02,-0.999484506648,
    -3.931709371096E-18));
#7169 = ADVANCED_FACE('',(#7170),#7188,.T.);
#7170 = FACE_BOUND('',#7171,.T.);
#7171 = EDGE_LOOP('',(#7172,#7173,#7174,#7182));
#7172 = ORIENTED_EDGE('',*,*,#2919,.F.);
#7173 = ORIENTED_EDGE('',*,*,#7135,.T.);
#7174 = ORIENTED_EDGE('',*,*,#7175,.F.);
#7175 = EDGE_CURVE('',#7176,#7128,#7178,.T.);
#7176 = VERTEX_POINT('',#7177);
#7177 = CARTESIAN_POINT('',(3.383628070685,-3.790310870286,9.8));
#7178 = LINE('',#7179,#7180);
#7179 = CARTESIAN_POINT('',(3.161286564824,-1.497868419268,9.8));
#7180 = VECTOR('',#7181,1.);
#7181 = DIRECTION('',(-9.653592824982E-02,0.995329500496,
    -1.182224155339E-17));
#7182 = ORIENTED_EDGE('',*,*,#7183,.F.);
#7183 = EDGE_CURVE('',#2920,#7176,#7184,.T.);
#7184 = LINE('',#7185,#7186);
#7185 = CARTESIAN_POINT('',(3.383628070685,-3.790310870286,11.1));
#7186 = VECTOR('',#7187,1.);
#7187 = DIRECTION('',(1.224646799147E-16,0.,-1.));
#7188 = PLANE('',#7189);
#7189 = AXIS2_PLACEMENT_3D('',#7190,#7191,#7192);
#7190 = CARTESIAN_POINT('',(3.334669953371,-3.285530325516,11.1));
#7191 = DIRECTION('',(-0.995329500496,-9.653592824982E-02,
    -1.218927086879E-16));
#7192 = DIRECTION('',(9.653592824982E-02,-0.995329500496,
    1.182224155339E-17));
#7193 = ADVANCED_FACE('',(#7194),#7205,.T.);
#7194 = FACE_BOUND('',#7195,.T.);
#7195 = EDGE_LOOP('',(#7196,#7197,#7198,#7204));
#7196 = ORIENTED_EDGE('',*,*,#2927,.F.);
#7197 = ORIENTED_EDGE('',*,*,#7183,.T.);
#7198 = ORIENTED_EDGE('',*,*,#7199,.F.);
#7199 = EDGE_CURVE('',#7151,#7176,#7200,.T.);
#7200 = LINE('',#7201,#7202);
#7201 = CARTESIAN_POINT('',(3.321071978518,-1.84282138616,9.8));
#7202 = VECTOR('',#7203,1.);
#7203 = DIRECTION('',(-3.210484340328E-02,0.999484506648,
    -3.931709371096E-18));
#7204 = ORIENTED_EDGE('',*,*,#7150,.F.);
#7205 = PLANE('',#7206);
#7206 = AXIS2_PLACEMENT_3D('',#7207,#7208,#7209);
#7207 = CARTESIAN_POINT('',(3.383628070685,-3.790310870286,11.1));
#7208 = DIRECTION('',(-0.999484506648,-3.210484340328E-02,
    -1.224015501864E-16));
#7209 = DIRECTION('',(3.210484340328E-02,-0.999484506648,
    3.931709371096E-18));
#7210 = ADVANCED_FACE('',(#7211),#7236,.T.);
#7211 = FACE_BOUND('',#7212,.T.);
#7212 = EDGE_LOOP('',(#7213,#7214,#7222,#7230));
#7213 = ORIENTED_EDGE('',*,*,#3183,.F.);
#7214 = ORIENTED_EDGE('',*,*,#7215,.T.);
#7215 = EDGE_CURVE('',#3184,#7216,#7218,.T.);
#7216 = VERTEX_POINT('',#7217);
#7217 = CARTESIAN_POINT('',(-7.68796181668,4.796146864978,9.8));
#7218 = LINE('',#7219,#7220);
#7219 = CARTESIAN_POINT('',(-7.68796181668,4.796146864978,11.1));
#7220 = VECTOR('',#7221,1.);
#7221 = DIRECTION('',(1.224646799147E-16,0.,-1.));
#7222 = ORIENTED_EDGE('',*,*,#7223,.F.);
#7223 = EDGE_CURVE('',#7224,#7216,#7226,.T.);
#7224 = VERTEX_POINT('',#7225);
#7225 = CARTESIAN_POINT('',(-7.7,5.1,9.8));
#7226 = LINE('',#7227,#7228);
#7227 = CARTESIAN_POINT('',(-7.58707867861,2.24977778585,9.8));
#7228 = VECTOR('',#7229,1.);
#7229 = DIRECTION('',(3.958737085524E-02,-0.999216112795,
    4.848054700453E-18));
#7230 = ORIENTED_EDGE('',*,*,#7231,.F.);
#7231 = EDGE_CURVE('',#3186,#7224,#7232,.T.);
#7232 = LINE('',#7233,#7234);
#7233 = CARTESIAN_POINT('',(-7.7,5.1,11.1));
#7234 = VECTOR('',#7235,1.);
#7235 = DIRECTION('',(1.224646799147E-16,0.,-1.));
#7236 = PLANE('',#7237);
#7237 = AXIS2_PLACEMENT_3D('',#7238,#7239,#7240);
#7238 = CARTESIAN_POINT('',(-7.68796181668,4.796146864978,11.1));
#7239 = DIRECTION('',(0.999216112795,3.958737085524E-02,
    1.223686814191E-16));
#7240 = DIRECTION('',(-3.958737085524E-02,0.999216112795,
    -4.848054700453E-18));
#7241 = ADVANCED_FACE('',(#7242),#7260,.T.);
#7242 = FACE_BOUND('',#7243,.T.);
#7243 = EDGE_LOOP('',(#7244,#7245,#7253,#7259));
#7244 = ORIENTED_EDGE('',*,*,#3689,.F.);
#7245 = ORIENTED_EDGE('',*,*,#7246,.T.);
#7246 = EDGE_CURVE('',#3682,#7247,#7249,.T.);
#7247 = VERTEX_POINT('',#7248);
#7248 = CARTESIAN_POINT('',(-7.651963201008,4.49522000175,9.8));
#7249 = LINE('',#7250,#7251);
#7250 = CARTESIAN_POINT('',(-7.651963201008,4.49522000175,11.1));
#7251 = VECTOR('',#7252,1.);
#7252 = DIRECTION('',(1.224646799147E-16,0.,-1.));
#7253 = ORIENTED_EDGE('',*,*,#7254,.F.);
#7254 = EDGE_CURVE('',#7216,#7247,#7255,.T.);
#7255 = LINE('',#7256,#7257);
#7256 = CARTESIAN_POINT('',(-7.332905817734,1.828091398468,9.8));
#7257 = VECTOR('',#7258,1.);
#7258 = DIRECTION('',(0.118778932436,-0.992920724534,1.454622394143E-17)
  );
#7259 = ORIENTED_EDGE('',*,*,#7215,.F.);
#7260 = PLANE('',#7261);
#7261 = AXIS2_PLACEMENT_3D('',#7262,#7263,#7264);
#7262 = CARTESIAN_POINT('',(-7.651963201008,4.49522000175,11.1));
#7263 = DIRECTION('',(0.992920724534,0.118778932436,1.215977187108E-16)
  );
#7264 = DIRECTION('',(-0.118778932436,0.992920724534,-1.454622394143E-17
    ));
#7265 = ADVANCED_FACE('',(#7266),#7284,.T.);
#7266 = FACE_BOUND('',#7267,.T.);
#7267 = EDGE_LOOP('',(#7268,#7269,#7270,#7278));
#7268 = ORIENTED_EDGE('',*,*,#3193,.F.);
#7269 = ORIENTED_EDGE('',*,*,#7231,.T.);
#7270 = ORIENTED_EDGE('',*,*,#7271,.F.);
#7271 = EDGE_CURVE('',#7272,#7224,#7274,.T.);
#7272 = VERTEX_POINT('',#7273);
#7273 = CARTESIAN_POINT('',(-7.68796181668,5.403853135022,9.8));
#7274 = LINE('',#7275,#7276);
#7275 = CARTESIAN_POINT('',(-7.79483509826,2.706288162288,9.8));
#7276 = VECTOR('',#7277,1.);
#7277 = DIRECTION('',(-3.958737085524E-02,-0.999216112795,
    -4.848054700453E-18));
#7278 = ORIENTED_EDGE('',*,*,#7279,.F.);
#7279 = EDGE_CURVE('',#3194,#7272,#7280,.T.);
#7280 = LINE('',#7281,#7282);
#7281 = CARTESIAN_POINT('',(-7.68796181668,5.403853135022,11.1));
#7282 = VECTOR('',#7283,1.);
#7283 = DIRECTION('',(1.224646799147E-16,0.,-1.));
#7284 = PLANE('',#7285);
#7285 = AXIS2_PLACEMENT_3D('',#7286,#7287,#7288);
#7286 = CARTESIAN_POINT('',(-7.7,5.1,11.1));
#7287 = DIRECTION('',(0.999216112795,-3.958737085524E-02,
    1.223686814191E-16));
#7288 = DIRECTION('',(3.958737085524E-02,0.999216112795,
    4.848054700453E-18));
#7289 = ADVANCED_FACE('',(#7290),#7308,.T.);
#7290 = FACE_BOUND('',#7291,.T.);
#7291 = EDGE_LOOP('',(#7292,#7293,#7301,#7307));
#7292 = ORIENTED_EDGE('',*,*,#3681,.F.);
#7293 = ORIENTED_EDGE('',*,*,#7294,.T.);
#7294 = EDGE_CURVE('',#3674,#7295,#7297,.T.);
#7295 = VERTEX_POINT('',#7296);
#7296 = CARTESIAN_POINT('',(-7.592350839331,4.200117500511,9.8));
#7297 = LINE('',#7298,#7299);
#7298 = CARTESIAN_POINT('',(-7.592350839331,4.200117500511,11.1));
#7299 = VECTOR('',#7300,1.);
#7300 = DIRECTION('',(1.224646799147E-16,0.,-1.));
#7301 = ORIENTED_EDGE('',*,*,#7302,.F.);
#7302 = EDGE_CURVE('',#7247,#7295,#7303,.T.);
#7303 = LINE('',#7304,#7305);
#7304 = CARTESIAN_POINT('',(-7.035925091612,1.445611131621,9.8));
#7305 = VECTOR('',#7306,1.);
#7306 = DIRECTION('',(0.198006062582,-0.980200795338,2.424874907524E-17)
  );
#7307 = ORIENTED_EDGE('',*,*,#7246,.F.);
#7308 = PLANE('',#7309);
#7309 = AXIS2_PLACEMENT_3D('',#7310,#7311,#7312);
#7310 = CARTESIAN_POINT('',(-7.592350839331,4.200117500511,11.1));
#7311 = DIRECTION('',(0.980200795338,0.198006062582,1.200399766532E-16)
  );
#7312 = DIRECTION('',(-0.198006062582,0.980200795338,-2.424874907524E-17
    ));
#7313 = ADVANCED_FACE('',(#7314),#7332,.T.);
#7314 = FACE_BOUND('',#7315,.T.);
#7315 = EDGE_LOOP('',(#7316,#7317,#7318,#7326));
#7316 = ORIENTED_EDGE('',*,*,#3201,.F.);
#7317 = ORIENTED_EDGE('',*,*,#7279,.T.);
#7318 = ORIENTED_EDGE('',*,*,#7319,.F.);
#7319 = EDGE_CURVE('',#7320,#7272,#7322,.T.);
#7320 = VERTEX_POINT('',#7321);
#7321 = CARTESIAN_POINT('',(-7.651963201008,5.70477999825,9.8));
#7322 = LINE('',#7323,#7324);
#7323 = CARTESIAN_POINT('',(-7.952389250206,3.193398187351,9.8));
#7324 = VECTOR('',#7325,1.);
#7325 = DIRECTION('',(-0.118778932436,-0.992920724534,
    -1.454622394143E-17));
#7326 = ORIENTED_EDGE('',*,*,#7327,.F.);
#7327 = EDGE_CURVE('',#3202,#7320,#7328,.T.);
#7328 = LINE('',#7329,#7330);
#7329 = CARTESIAN_POINT('',(-7.651963201008,5.70477999825,11.1));
#7330 = VECTOR('',#7331,1.);
#7331 = DIRECTION('',(1.224646799147E-16,0.,-1.));
#7332 = PLANE('',#7333);
#7333 = AXIS2_PLACEMENT_3D('',#7334,#7335,#7336);
#7334 = CARTESIAN_POINT('',(-7.68796181668,5.403853135022,11.1));
#7335 = DIRECTION('',(0.992920724534,-0.118778932436,1.215977187108E-16)
  );
#7336 = DIRECTION('',(0.118778932436,0.992920724534,1.454622394143E-17)
  );
#7337 = ADVANCED_FACE('',(#7338),#7356,.T.);
#7338 = FACE_BOUND('',#7339,.T.);
#7339 = EDGE_LOOP('',(#7340,#7341,#7349,#7355));
#7340 = ORIENTED_EDGE('',*,*,#3673,.F.);
#7341 = ORIENTED_EDGE('',*,*,#7342,.T.);
#7342 = EDGE_CURVE('',#3666,#7343,#7345,.T.);
#7343 = VERTEX_POINT('',#7344);
#7344 = CARTESIAN_POINT('',(-7.509698831278,3.913681359668,9.8));
#7345 = LINE('',#7346,#7347);
#7346 = CARTESIAN_POINT('',(-7.509698831278,3.913681359668,11.1));
#7347 = VECTOR('',#7348,1.);
#7348 = DIRECTION('',(1.224646799147E-16,0.,-1.));
#7349 = ORIENTED_EDGE('',*,*,#7350,.F.);
#7350 = EDGE_CURVE('',#7295,#7343,#7351,.T.);
#7351 = LINE('',#7352,#7353);
#7352 = CARTESIAN_POINT('',(-6.69983844647,1.107055256899,9.8));
#7353 = VECTOR('',#7354,1.);
#7354 = DIRECTION('',(0.277241777037,-0.960800185817,3.395232548377E-17)
  );
#7355 = ORIENTED_EDGE('',*,*,#7294,.F.);
#7356 = PLANE('',#7357);
#7357 = AXIS2_PLACEMENT_3D('',#7358,#7359,#7360);
#7358 = CARTESIAN_POINT('',(-7.509698831278,3.913681359668,11.1));
#7359 = DIRECTION('',(0.960800185817,0.277241777037,1.176640872181E-16)
  );
#7360 = DIRECTION('',(-0.277241777037,0.960800185817,-3.395232548377E-17
    ));
#7361 = ADVANCED_FACE('',(#7362),#7380,.T.);
#7362 = FACE_BOUND('',#7363,.T.);
#7363 = EDGE_LOOP('',(#7364,#7365,#7366,#7374));
#7364 = ORIENTED_EDGE('',*,*,#3209,.F.);
#7365 = ORIENTED_EDGE('',*,*,#7327,.T.);
#7366 = ORIENTED_EDGE('',*,*,#7367,.F.);
#7367 = EDGE_CURVE('',#7368,#7320,#7370,.T.);
#7368 = VERTEX_POINT('',#7369);
#7369 = CARTESIAN_POINT('',(-7.592350839331,5.999882499489,9.8));
#7370 = LINE('',#7371,#7372);
#7371 = CARTESIAN_POINT('',(-8.055568342575,3.706790261937,9.8));
#7372 = VECTOR('',#7373,1.);
#7373 = DIRECTION('',(-0.198006062582,-0.980200795338,
    -2.424874907524E-17));
#7374 = ORIENTED_EDGE('',*,*,#7375,.F.);
#7375 = EDGE_CURVE('',#3210,#7368,#7376,.T.);
#7376 = LINE('',#7377,#7378);
#7377 = CARTESIAN_POINT('',(-7.592350839331,5.999882499489,11.1));
#7378 = VECTOR('',#7379,1.);
#7379 = DIRECTION('',(1.224646799147E-16,0.,-1.));
#7380 = PLANE('',#7381);
#7381 = AXIS2_PLACEMENT_3D('',#7382,#7383,#7384);
#7382 = CARTESIAN_POINT('',(-7.651963201008,5.70477999825,11.1));
#7383 = DIRECTION('',(0.980200795338,-0.198006062582,1.200399766532E-16)
  );
#7384 = DIRECTION('',(0.198006062582,0.980200795338,2.424874907524E-17)
  );
#7385 = ADVANCED_FACE('',(#7386),#7404,.T.);
#7386 = FACE_BOUND('',#7387,.T.);
#7387 = EDGE_LOOP('',(#7388,#7389,#7397,#7403));
#7388 = ORIENTED_EDGE('',*,*,#3665,.F.);
#7389 = ORIENTED_EDGE('',*,*,#7390,.T.);
#7390 = EDGE_CURVE('',#3658,#7391,#7393,.T.);
#7391 = VERTEX_POINT('',#7392);
#7392 = CARTESIAN_POINT('',(-7.404803160871,3.638670115839,9.8));
#7393 = LINE('',#7394,#7395);
#7394 = CARTESIAN_POINT('',(-7.404803160871,3.638670115839,11.1));
#7395 = VECTOR('',#7396,1.);
#7396 = DIRECTION('',(1.224646799147E-16,0.,-1.));
#7397 = ORIENTED_EDGE('',*,*,#7398,.F.);
#7398 = EDGE_CURVE('',#7343,#7391,#7399,.T.);
#7399 = LINE('',#7400,#7401);
#7400 = CARTESIAN_POINT('',(-6.32877249088,0.817576244157,9.8));
#7401 = VECTOR('',#7402,1.);
#7402 = DIRECTION('',(0.356379457965,-0.934341309127,4.364389624791E-17)
  );
#7403 = ORIENTED_EDGE('',*,*,#7342,.F.);
#7404 = PLANE('',#7405);
#7405 = AXIS2_PLACEMENT_3D('',#7406,#7407,#7408);
#7406 = CARTESIAN_POINT('',(-7.404803160871,3.638670115839,11.1));
#7407 = DIRECTION('',(0.934341309127,0.356379457965,1.144238093533E-16)
  );
#7408 = DIRECTION('',(-0.356379457965,0.934341309127,-4.364389624791E-17
    ));
#7409 = ADVANCED_FACE('',(#7410),#7428,.T.);
#7410 = FACE_BOUND('',#7411,.T.);
#7411 = EDGE_LOOP('',(#7412,#7413,#7414,#7422));
#7412 = ORIENTED_EDGE('',*,*,#3217,.F.);
#7413 = ORIENTED_EDGE('',*,*,#7375,.T.);
#7414 = ORIENTED_EDGE('',*,*,#7415,.F.);
#7415 = EDGE_CURVE('',#7416,#7368,#7418,.T.);
#7416 = VERTEX_POINT('',#7417);
#7417 = CARTESIAN_POINT('',(-7.509698831278,6.286318640332,9.8));
#7418 = LINE('',#7419,#7420);
#7419 = CARTESIAN_POINT('',(-8.09967160005,4.241727987645,9.8));
#7420 = VECTOR('',#7421,1.);
#7421 = DIRECTION('',(-0.277241777037,-0.960800185817,
    -3.395232548377E-17));
#7422 = ORIENTED_EDGE('',*,*,#7423,.F.);
#7423 = EDGE_CURVE('',#3218,#7416,#7424,.T.);
#7424 = LINE('',#7425,#7426);
#7425 = CARTESIAN_POINT('',(-7.509698831278,6.286318640332,11.1));
#7426 = VECTOR('',#7427,1.);
#7427 = DIRECTION('',(1.224646799147E-16,0.,-1.));
#7428 = PLANE('',#7429);
#7429 = AXIS2_PLACEMENT_3D('',#7430,#7431,#7432);
#7430 = CARTESIAN_POINT('',(-7.592350839331,5.999882499489,11.1));
#7431 = DIRECTION('',(0.960800185817,-0.277241777037,1.176640872181E-16)
  );
#7432 = DIRECTION('',(0.277241777037,0.960800185817,3.395232548377E-17)
  );
#7433 = ADVANCED_FACE('',(#7434),#7452,.T.);
#7434 = FACE_BOUND('',#7435,.T.);
#7435 = EDGE_LOOP('',(#7436,#7437,#7445,#7451));
#7436 = ORIENTED_EDGE('',*,*,#3657,.F.);
#7437 = ORIENTED_EDGE('',*,*,#7438,.T.);
#7438 = EDGE_CURVE('',#3650,#7439,#7441,.T.);
#7439 = VERTEX_POINT('',#7440);
#7440 = CARTESIAN_POINT('',(-7.278674030756,3.377732277639,9.8));
#7441 = LINE('',#7442,#7443);
#7442 = CARTESIAN_POINT('',(-7.278674030756,3.377732277639,11.1));
#7443 = VECTOR('',#7444,1.);
#7444 = DIRECTION('',(1.224646799147E-16,0.,-1.));
#7445 = ORIENTED_EDGE('',*,*,#7446,.F.);
#7446 = EDGE_CURVE('',#7391,#7439,#7447,.T.);
#7447 = LINE('',#7448,#7449);
#7448 = CARTESIAN_POINT('',(-5.927671259554,0.582757459373,9.8));
#7449 = VECTOR('',#7450,1.);
#7450 = DIRECTION('',(0.435194322623,-0.900336549051,5.329593342068E-17)
  );
#7451 = ORIENTED_EDGE('',*,*,#7390,.F.);
#7452 = PLANE('',#7453);
#7453 = AXIS2_PLACEMENT_3D('',#7454,#7455,#7456);
#7454 = CARTESIAN_POINT('',(-7.278674030756,3.377732277639,11.1));
#7455 = DIRECTION('',(0.900336549051,0.435194322623,1.102594272951E-16)
  );
#7456 = DIRECTION('',(-0.435194322623,0.900336549051,-5.329593342068E-17
    ));
#7457 = ADVANCED_FACE('',(#7458),#7476,.T.);
#7458 = FACE_BOUND('',#7459,.T.);
#7459 = EDGE_LOOP('',(#7460,#7461,#7462,#7470));
#7460 = ORIENTED_EDGE('',*,*,#3225,.F.);
#7461 = ORIENTED_EDGE('',*,*,#7423,.T.);
#7462 = ORIENTED_EDGE('',*,*,#7463,.F.);
#7463 = EDGE_CURVE('',#7464,#7416,#7466,.T.);
#7464 = VERTEX_POINT('',#7465);
#7465 = CARTESIAN_POINT('',(-7.404803160871,6.561329884161,9.8));
#7466 = LINE('',#7467,#7468);
#7467 = CARTESIAN_POINT('',(-8.07941857752,4.792650356033,9.8));
#7468 = VECTOR('',#7469,1.);
#7469 = DIRECTION('',(-0.356379457965,-0.934341309127,
    -4.364389624791E-17));
#7470 = ORIENTED_EDGE('',*,*,#7471,.F.);
#7471 = EDGE_CURVE('',#3226,#7464,#7472,.T.);
#7472 = LINE('',#7473,#7474);
#7473 = CARTESIAN_POINT('',(-7.404803160871,6.561329884161,11.1));
#7474 = VECTOR('',#7475,1.);
#7475 = DIRECTION('',(1.224646799147E-16,0.,-1.));
#7476 = PLANE('',#7477);
#7477 = AXIS2_PLACEMENT_3D('',#7478,#7479,#7480);
#7478 = CARTESIAN_POINT('',(-7.509698831278,6.286318640332,11.1));
#7479 = DIRECTION('',(0.934341309127,-0.356379457965,1.144238093533E-16)
  );
#7480 = DIRECTION('',(0.356379457965,0.934341309127,4.364389624791E-17)
  );
#7481 = ADVANCED_FACE('',(#7482),#7500,.T.);
#7482 = FACE_BOUND('',#7483,.T.);
#7483 = EDGE_LOOP('',(#7484,#7485,#7493,#7499));
#7484 = ORIENTED_EDGE('',*,*,#3649,.F.);
#7485 = ORIENTED_EDGE('',*,*,#7486,.T.);
#7486 = EDGE_CURVE('',#3642,#7487,#7489,.T.);
#7487 = VERTEX_POINT('',#7488);
#7488 = CARTESIAN_POINT('',(-7.132526133407,3.133380819093,9.8));
#7489 = LINE('',#7490,#7491);
#7490 = CARTESIAN_POINT('',(-7.132526133407,3.133380819093,11.1));
#7491 = VECTOR('',#7492,1.);
#7492 = DIRECTION('',(1.224646799147E-16,0.,-1.));
#7493 = ORIENTED_EDGE('',*,*,#7494,.F.);
#7494 = EDGE_CURVE('',#7439,#7487,#7495,.T.);
#7495 = LINE('',#7496,#7497);
#7496 = CARTESIAN_POINT('',(-5.502743373468,0.408471314903,9.8));
#7497 = VECTOR('',#7498,1.);
#7498 = DIRECTION('',(0.51329961757,-0.85820947478,6.286107336605E-17));
#7499 = ORIENTED_EDGE('',*,*,#7438,.F.);
#7500 = PLANE('',#7501);
#7501 = AXIS2_PLACEMENT_3D('',#7502,#7503,#7504);
#7502 = CARTESIAN_POINT('',(-7.132526133407,3.133380819093,11.1));
#7503 = DIRECTION('',(0.85820947478,0.51329961757,1.051003486288E-16));
#7504 = DIRECTION('',(-0.51329961757,0.85820947478,-6.286107336605E-17)
  );
#7505 = ADVANCED_FACE('',(#7506),#7524,.T.);
#7506 = FACE_BOUND('',#7507,.T.);
#7507 = EDGE_LOOP('',(#7508,#7509,#7510,#7518));
#7508 = ORIENTED_EDGE('',*,*,#3233,.F.);
#7509 = ORIENTED_EDGE('',*,*,#7471,.T.);
#7510 = ORIENTED_EDGE('',*,*,#7511,.F.);
#7511 = EDGE_CURVE('',#7512,#7464,#7514,.T.);
#7512 = VERTEX_POINT('',#7513);
#7513 = CARTESIAN_POINT('',(-7.278674030756,6.822267722361,9.8));
#7514 = LINE('',#7515,#7516);
#7515 = CARTESIAN_POINT('',(-7.989024733054,5.352683523586,9.8));
#7516 = VECTOR('',#7517,1.);
#7517 = DIRECTION('',(-0.435194322623,-0.900336549051,
    -5.329593342068E-17));
#7518 = ORIENTED_EDGE('',*,*,#7519,.F.);
#7519 = EDGE_CURVE('',#3234,#7512,#7520,.T.);
#7520 = LINE('',#7521,#7522);
#7521 = CARTESIAN_POINT('',(-7.278674030756,6.822267722361,11.1));
#7522 = VECTOR('',#7523,1.);
#7523 = DIRECTION('',(1.224646799147E-16,0.,-1.));
#7524 = PLANE('',#7525);
#7525 = AXIS2_PLACEMENT_3D('',#7526,#7527,#7528);
#7526 = CARTESIAN_POINT('',(-7.404803160871,6.561329884161,11.1));
#7527 = DIRECTION('',(0.900336549051,-0.435194322623,1.102594272951E-16)
  );
#7528 = DIRECTION('',(0.435194322623,0.900336549051,5.329593342068E-17)
  );
#7529 = ADVANCED_FACE('',(#7530),#7548,.T.);
#7530 = FACE_BOUND('',#7531,.T.);
#7531 = EDGE_LOOP('',(#7532,#7533,#7541,#7547));
#7532 = ORIENTED_EDGE('',*,*,#3641,.F.);
#7533 = ORIENTED_EDGE('',*,*,#7534,.T.);
#7534 = EDGE_CURVE('',#3634,#7535,#7537,.T.);
#7535 = VERTEX_POINT('',#7536);
#7536 = CARTESIAN_POINT('',(-6.967766952966,2.907968978322,9.8));
#7537 = LINE('',#7538,#7539);
#7538 = CARTESIAN_POINT('',(-6.967766952966,2.907968978322,11.1));
#7539 = VECTOR('',#7540,1.);
#7540 = DIRECTION('',(1.224646799147E-16,0.,-1.));
#7541 = ORIENTED_EDGE('',*,*,#7542,.F.);
#7542 = EDGE_CURVE('',#7487,#7535,#7543,.T.);
#7543 = LINE('',#7544,#7545);
#7544 = CARTESIAN_POINT('',(-5.061936083209,0.300546172492,9.8));
#7545 = VECTOR('',#7546,1.);
#7546 = DIRECTION('',(0.590098636788,-0.807331158114,7.226624067237E-17)
  );
#7547 = ORIENTED_EDGE('',*,*,#7486,.F.);
#7548 = PLANE('',#7549);
#7549 = AXIS2_PLACEMENT_3D('',#7550,#7551,#7552);
#7550 = CARTESIAN_POINT('',(-6.967766952966,2.907968978322,11.1));
#7551 = DIRECTION('',(0.807331158114,0.590098636788,9.886955186357E-17)
  );
#7552 = DIRECTION('',(-0.590098636788,0.807331158114,-7.226624067237E-17
    ));
#7553 = ADVANCED_FACE('',(#7554),#7572,.T.);
#7554 = FACE_BOUND('',#7555,.T.);
#7555 = EDGE_LOOP('',(#7556,#7557,#7558,#7566));
#7556 = ORIENTED_EDGE('',*,*,#3241,.F.);
#7557 = ORIENTED_EDGE('',*,*,#7519,.T.);
#7558 = ORIENTED_EDGE('',*,*,#7559,.F.);
#7559 = EDGE_CURVE('',#7560,#7512,#7562,.T.);
#7560 = VERTEX_POINT('',#7561);
#7561 = CARTESIAN_POINT('',(-7.132526133407,7.066619180907,9.8));
#7562 = LINE('',#7563,#7564);
#7563 = CARTESIAN_POINT('',(-7.822462157661,5.91308309255,9.8));
#7564 = VECTOR('',#7565,1.);
#7565 = DIRECTION('',(-0.51329961757,-0.85820947478,-6.286107336605E-17)
  );
#7566 = ORIENTED_EDGE('',*,*,#7567,.F.);
#7567 = EDGE_CURVE('',#3242,#7560,#7568,.T.);
#7568 = LINE('',#7569,#7570);
#7569 = CARTESIAN_POINT('',(-7.132526133407,7.066619180907,11.1));
#7570 = VECTOR('',#7571,1.);
#7571 = DIRECTION('',(1.224646799147E-16,0.,-1.));
#7572 = PLANE('',#7573);
#7573 = AXIS2_PLACEMENT_3D('',#7574,#7575,#7576);
#7574 = CARTESIAN_POINT('',(-7.278674030756,6.822267722361,11.1));
#7575 = DIRECTION('',(0.85820947478,-0.51329961757,1.051003486288E-16));
#7576 = DIRECTION('',(0.51329961757,0.85820947478,6.286107336605E-17));
#7577 = ADVANCED_FACE('',(#7578),#7596,.T.);
#7578 = FACE_BOUND('',#7579,.T.);
#7579 = EDGE_LOOP('',(#7580,#7581,#7589,#7595));
#7580 = ORIENTED_EDGE('',*,*,#3633,.F.);
#7581 = ORIENTED_EDGE('',*,*,#7582,.T.);
#7582 = EDGE_CURVE('',#3626,#7583,#7585,.T.);
#7583 = VERTEX_POINT('',#7584);
#7584 = CARTESIAN_POINT('',(-6.785983210409,2.703667594576,9.8));
#7585 = LINE('',#7586,#7587);
#7586 = CARTESIAN_POINT('',(-6.785983210409,2.703667594576,11.1));
#7587 = VECTOR('',#7588,1.);
#7588 = DIRECTION('',(1.224646799147E-16,0.,-1.));
#7589 = ORIENTED_EDGE('',*,*,#7590,.F.);
#7590 = EDGE_CURVE('',#7535,#7583,#7591,.T.);
#7591 = LINE('',#7592,#7593);
#7592 = CARTESIAN_POINT('',(-4.61537186218,0.264181555945,9.8));
#7593 = VECTOR('',#7594,1.);
#7594 = DIRECTION('',(0.664736580563,-0.747077826241,8.140675256625E-17)
  );
#7595 = ORIENTED_EDGE('',*,*,#7534,.F.);
#7596 = PLANE('',#7597);
#7597 = AXIS2_PLACEMENT_3D('',#7598,#7599,#7600);
#7598 = CARTESIAN_POINT('',(-6.785983210409,2.703667594576,11.1));
#7599 = DIRECTION('',(0.747077826241,0.664736580563,9.149064686205E-17)
  );
#7600 = DIRECTION('',(-0.664736580563,0.747077826241,-8.140675256625E-17
    ));
#7601 = ADVANCED_FACE('',(#7602),#7620,.T.);
#7602 = FACE_BOUND('',#7603,.T.);
#7603 = EDGE_LOOP('',(#7604,#7605,#7606,#7614));
#7604 = ORIENTED_EDGE('',*,*,#3249,.F.);
#7605 = ORIENTED_EDGE('',*,*,#7567,.T.);
#7606 = ORIENTED_EDGE('',*,*,#7607,.F.);
#7607 = EDGE_CURVE('',#7608,#7560,#7610,.T.);
#7608 = VERTEX_POINT('',#7609);
#7609 = CARTESIAN_POINT('',(-6.967766952966,7.292031021678,9.8));
#7610 = LINE('',#7611,#7612);
#7611 = CARTESIAN_POINT('',(-7.573981254209,6.462651552931,9.8));
#7612 = VECTOR('',#7613,1.);
#7613 = DIRECTION('',(-0.590098636788,-0.807331158114,
    -7.226624067237E-17));
#7614 = ORIENTED_EDGE('',*,*,#7615,.F.);
#7615 = EDGE_CURVE('',#3250,#7608,#7616,.T.);
#7616 = LINE('',#7617,#7618);
#7617 = CARTESIAN_POINT('',(-6.967766952966,7.292031021678,11.1));
#7618 = VECTOR('',#7619,1.);
#7619 = DIRECTION('',(1.224646799147E-16,0.,-1.));
#7620 = PLANE('',#7621);
#7621 = AXIS2_PLACEMENT_3D('',#7622,#7623,#7624);
#7622 = CARTESIAN_POINT('',(-7.132526133407,7.066619180907,11.1));
#7623 = DIRECTION('',(0.807331158114,-0.590098636788,9.886955186357E-17)
  );
#7624 = DIRECTION('',(0.590098636788,0.807331158114,7.226624067237E-17)
  );
#7625 = ADVANCED_FACE('',(#7626),#7644,.T.);
#7626 = FACE_BOUND('',#7627,.T.);
#7627 = EDGE_LOOP('',(#7628,#7629,#7637,#7643));
#7628 = ORIENTED_EDGE('',*,*,#3625,.F.);
#7629 = ORIENTED_EDGE('',*,*,#7630,.T.);
#7630 = EDGE_CURVE('',#3618,#7631,#7633,.T.);
#7631 = VERTEX_POINT('',#7632);
#7632 = CARTESIAN_POINT('',(-6.588925582549,2.522444201862,9.8));
#7633 = LINE('',#7634,#7635);
#7634 = CARTESIAN_POINT('',(-6.588925582549,2.522444201862,11.1));
#7635 = VECTOR('',#7636,1.);
#7636 = DIRECTION('',(1.224646799147E-16,0.,-1.));
#7637 = ORIENTED_EDGE('',*,*,#7638,.F.);
#7638 = EDGE_CURVE('',#7583,#7631,#7639,.T.);
#7639 = LINE('',#7640,#7641);
#7640 = CARTESIAN_POINT('',(-4.175629373,0.303064361223,9.8));
#7641 = VECTOR('',#7642,1.);
#7642 = DIRECTION('',(0.736060580988,-0.676915667654,9.014142344855E-17)
  );
#7643 = ORIENTED_EDGE('',*,*,#7582,.F.);
#7644 = PLANE('',#7645);
#7645 = AXIS2_PLACEMENT_3D('',#7646,#7647,#7648);
#7646 = CARTESIAN_POINT('',(-6.588925582549,2.522444201862,11.1));
#7647 = DIRECTION('',(0.676915667654,0.736060580988,8.289826056852E-17)
  );
#7648 = DIRECTION('',(-0.736060580988,0.676915667654,-9.014142344855E-17
    ));
#7649 = ADVANCED_FACE('',(#7650),#7668,.T.);
#7650 = FACE_BOUND('',#7651,.T.);
#7651 = EDGE_LOOP('',(#7652,#7653,#7654,#7662));
#7652 = ORIENTED_EDGE('',*,*,#3257,.F.);
#7653 = ORIENTED_EDGE('',*,*,#7615,.T.);
#7654 = ORIENTED_EDGE('',*,*,#7655,.F.);
#7655 = EDGE_CURVE('',#7656,#7608,#7658,.T.);
#7656 = VERTEX_POINT('',#7657);
#7657 = CARTESIAN_POINT('',(-6.785983210409,7.496332405424,9.8));
#7658 = LINE('',#7659,#7660);
#7659 = CARTESIAN_POINT('',(-7.238974527571,6.987228832028,9.8));
#7660 = VECTOR('',#7661,1.);
#7661 = DIRECTION('',(-0.664736580563,-0.747077826241,
    -8.140675256625E-17));
#7662 = ORIENTED_EDGE('',*,*,#7663,.F.);
#7663 = EDGE_CURVE('',#3258,#7656,#7664,.T.);
#7664 = LINE('',#7665,#7666);
#7665 = CARTESIAN_POINT('',(-6.785983210409,7.496332405424,11.1));
#7666 = VECTOR('',#7667,1.);
#7667 = DIRECTION('',(1.224646799147E-16,0.,-1.));
#7668 = PLANE('',#7669);
#7669 = AXIS2_PLACEMENT_3D('',#7670,#7671,#7672);
#7670 = CARTESIAN_POINT('',(-6.967766952966,7.292031021678,11.1));
#7671 = DIRECTION('',(0.747077826241,-0.664736580563,9.149064686205E-17)
  );
#7672 = DIRECTION('',(0.664736580563,0.747077826241,8.140675256625E-17)
  );
#7673 = ADVANCED_FACE('',(#7674),#7692,.T.);
#7674 = FACE_BOUND('',#7675,.T.);
#7675 = EDGE_LOOP('',(#7676,#7677,#7685,#7691));
#7676 = ORIENTED_EDGE('',*,*,#3617,.F.);
#7677 = ORIENTED_EDGE('',*,*,#7678,.T.);
#7678 = EDGE_CURVE('',#3610,#7679,#7681,.T.);
#7679 = VERTEX_POINT('',#7680);
#7680 = CARTESIAN_POINT('',(-6.378491842065,2.36604408052,9.8));
#7681 = LINE('',#7682,#7683);
#7682 = CARTESIAN_POINT('',(-6.378491842065,2.36604408052,11.1));
#7683 = VECTOR('',#7684,1.);
#7684 = DIRECTION('',(1.224646799147E-16,0.,-1.));
#7685 = ORIENTED_EDGE('',*,*,#7686,.F.);
#7686 = EDGE_CURVE('',#7631,#7679,#7687,.T.);
#7687 = LINE('',#7688,#7689);
#7688 = CARTESIAN_POINT('',(-3.757688907105,0.418191535113,9.8));
#7689 = VECTOR('',#7690,1.);
#7690 = DIRECTION('',(0.802601572549,-0.596515478208,9.829034468127E-17)
  );
#7691 = ORIENTED_EDGE('',*,*,#7630,.F.);
#7692 = PLANE('',#7693);
#7693 = AXIS2_PLACEMENT_3D('',#7694,#7695,#7696);
#7694 = CARTESIAN_POINT('',(-6.378491842065,2.36604408052,11.1));
#7695 = DIRECTION('',(0.596515478208,0.802601572549,7.305207710295E-17)
  );
#7696 = DIRECTION('',(-0.802601572549,0.596515478208,-9.829034468127E-17
    ));
#7697 = ADVANCED_FACE('',(#7698),#7716,.T.);
#7698 = FACE_BOUND('',#7699,.T.);
#7699 = EDGE_LOOP('',(#7700,#7701,#7702,#7710));
#7700 = ORIENTED_EDGE('',*,*,#3265,.F.);
#7701 = ORIENTED_EDGE('',*,*,#7663,.T.);
#7702 = ORIENTED_EDGE('',*,*,#7703,.F.);
#7703 = EDGE_CURVE('',#7704,#7656,#7706,.T.);
#7704 = VERTEX_POINT('',#7705);
#7705 = CARTESIAN_POINT('',(-6.588925582549,7.677555798138,9.8));
#7706 = LINE('',#7707,#7708);
#7707 = CARTESIAN_POINT('',(-6.815237978958,7.469428354731,9.8));
#7708 = VECTOR('',#7709,1.);
#7709 = DIRECTION('',(-0.736060580988,-0.676915667654,
    -9.014142344855E-17));
#7710 = ORIENTED_EDGE('',*,*,#7711,.F.);
#7711 = EDGE_CURVE('',#3266,#7704,#7712,.T.);
#7712 = LINE('',#7713,#7714);
#7713 = CARTESIAN_POINT('',(-6.588925582549,7.677555798138,11.1));
#7714 = VECTOR('',#7715,1.);
#7715 = DIRECTION('',(1.224646799147E-16,0.,-1.));
#7716 = PLANE('',#7717);
#7717 = AXIS2_PLACEMENT_3D('',#7718,#7719,#7720);
#7718 = CARTESIAN_POINT('',(-6.785983210409,7.496332405424,11.1));
#7719 = DIRECTION('',(0.676915667654,-0.736060580988,8.289826056853E-17)
  );
#7720 = DIRECTION('',(0.736060580988,0.676915667654,9.014142344855E-17)
  );
#7721 = ADVANCED_FACE('',(#7722),#7740,.T.);
#7722 = FACE_BOUND('',#7723,.T.);
#7723 = EDGE_LOOP('',(#7724,#7725,#7733,#7739));
#7724 = ORIENTED_EDGE('',*,*,#3609,.F.);
#7725 = ORIENTED_EDGE('',*,*,#7726,.T.);
#7726 = EDGE_CURVE('',#3602,#7727,#7729,.T.);
#7727 = VERTEX_POINT('',#7728);
#7728 = CARTESIAN_POINT('',(-6.156708580913,2.235973449215,9.8));
#7729 = LINE('',#7730,#7731);
#7730 = CARTESIAN_POINT('',(-6.156708580913,2.235973449215,11.1));
#7731 = VECTOR('',#7732,1.);
#7732 = DIRECTION('',(1.224646799147E-16,0.,-1.));
#7733 = ORIENTED_EDGE('',*,*,#7734,.F.);
#7734 = EDGE_CURVE('',#7679,#7727,#7735,.T.);
#7735 = LINE('',#7736,#7737);
#7736 = CARTESIAN_POINT('',(-3.37832054883,0.606514654778,9.8));
#7737 = VECTOR('',#7738,1.);
#7738 = DIRECTION('',(0.862596558122,-0.505892456868,1.05637611386E-16)
  );
#7739 = ORIENTED_EDGE('',*,*,#7678,.F.);
#7740 = PLANE('',#7741);
#7741 = AXIS2_PLACEMENT_3D('',#7742,#7743,#7744);
#7742 = CARTESIAN_POINT('',(-6.156708580913,2.235973449215,11.1));
#7743 = DIRECTION('',(0.505892456868,0.862596558122,6.195395780163E-17)
  );
#7744 = DIRECTION('',(-0.862596558122,0.505892456868,-1.05637611386E-16)
  );
#7745 = ADVANCED_FACE('',(#7746),#7764,.T.);
#7746 = FACE_BOUND('',#7747,.T.);
#7747 = EDGE_LOOP('',(#7748,#7749,#7750,#7758));
#7748 = ORIENTED_EDGE('',*,*,#3273,.F.);
#7749 = ORIENTED_EDGE('',*,*,#7711,.T.);
#7750 = ORIENTED_EDGE('',*,*,#7751,.F.);
#7751 = EDGE_CURVE('',#7752,#7704,#7754,.T.);
#7752 = VERTEX_POINT('',#7753);
#7753 = CARTESIAN_POINT('',(-6.378491842065,7.83395591948,9.8));
#7754 = LINE('',#7755,#7756);
#7755 = CARTESIAN_POINT('',(-6.304603507731,7.888871753932,9.8));
#7756 = VECTOR('',#7757,1.);
#7757 = DIRECTION('',(-0.802601572549,-0.596515478208,
    -9.829034468127E-17));
#7758 = ORIENTED_EDGE('',*,*,#7759,.F.);
#7759 = EDGE_CURVE('',#3274,#7752,#7760,.T.);
#7760 = LINE('',#7761,#7762);
#7761 = CARTESIAN_POINT('',(-6.378491842065,7.83395591948,11.1));
#7762 = VECTOR('',#7763,1.);
#7763 = DIRECTION('',(1.224646799147E-16,0.,-1.));
#7764 = PLANE('',#7765);
#7765 = AXIS2_PLACEMENT_3D('',#7766,#7767,#7768);
#7766 = CARTESIAN_POINT('',(-6.588925582549,7.677555798138,11.1));
#7767 = DIRECTION('',(0.596515478208,-0.802601572549,7.305207710295E-17)
  );
#7768 = DIRECTION('',(0.802601572549,0.596515478208,9.829034468127E-17)
  );
#7769 = ADVANCED_FACE('',(#7770),#7788,.T.);
#7770 = FACE_BOUND('',#7771,.T.);
#7771 = EDGE_LOOP('',(#7772,#7773,#7781,#7787));
#7772 = ORIENTED_EDGE('',*,*,#3601,.F.);
#7773 = ORIENTED_EDGE('',*,*,#7774,.T.);
#7774 = EDGE_CURVE('',#3594,#7775,#7777,.T.);
#7775 = VERTEX_POINT('',#7776);
#7776 = CARTESIAN_POINT('',(-5.925711693136,2.13348495923,9.8));
#7777 = LINE('',#7778,#7779);
#7778 = CARTESIAN_POINT('',(-5.925711693136,2.13348495923,11.1));
#7779 = VECTOR('',#7780,1.);
#7780 = DIRECTION('',(1.224646799147E-16,0.,-1.));
#7781 = ORIENTED_EDGE('',*,*,#7782,.F.);
#7782 = EDGE_CURVE('',#7727,#7775,#7783,.T.);
#7783 = LINE('',#7784,#7785);
#7784 = CARTESIAN_POINT('',(-3.054722083467,0.859686889094,9.8));
#7785 = VECTOR('',#7786,1.);
#7786 = DIRECTION('',(0.914071001405,-0.405554194148,1.119414126064E-16)
  );
#7787 = ORIENTED_EDGE('',*,*,#7726,.F.);
#7788 = PLANE('',#7789);
#7789 = AXIS2_PLACEMENT_3D('',#7790,#7791,#7792);
#7790 = CARTESIAN_POINT('',(-5.925711693136,2.13348495923,11.1));
#7791 = DIRECTION('',(0.405554194148,0.914071001405,4.966606457441E-17)
  );
#7792 = DIRECTION('',(-0.914071001405,0.405554194148,-1.119414126064E-16
    ));
#7793 = ADVANCED_FACE('',(#7794),#7812,.T.);
#7794 = FACE_BOUND('',#7795,.T.);
#7795 = EDGE_LOOP('',(#7796,#7797,#7798,#7806));
#7796 = ORIENTED_EDGE('',*,*,#3281,.F.);
#7797 = ORIENTED_EDGE('',*,*,#7759,.T.);
#7798 = ORIENTED_EDGE('',*,*,#7799,.F.);
#7799 = EDGE_CURVE('',#7800,#7752,#7802,.T.);
#7800 = VERTEX_POINT('',#7801);
#7801 = CARTESIAN_POINT('',(-6.156708580913,7.964026550785,9.8));
#7802 = LINE('',#7803,#7804);
#7803 = CARTESIAN_POINT('',(-5.714755748985,8.223221422198,9.8));
#7804 = VECTOR('',#7805,1.);
#7805 = DIRECTION('',(-0.862596558122,-0.505892456868,-1.05637611386E-16
    ));
#7806 = ORIENTED_EDGE('',*,*,#7807,.F.);
#7807 = EDGE_CURVE('',#3282,#7800,#7808,.T.);
#7808 = LINE('',#7809,#7810);
#7809 = CARTESIAN_POINT('',(-6.156708580913,7.964026550785,11.1));
#7810 = VECTOR('',#7811,1.);
#7811 = DIRECTION('',(1.224646799147E-16,0.,-1.));
#7812 = PLANE('',#7813);
#7813 = AXIS2_PLACEMENT_3D('',#7814,#7815,#7816);
#7814 = CARTESIAN_POINT('',(-6.378491842065,7.83395591948,11.1));
#7815 = DIRECTION('',(0.505892456868,-0.862596558122,6.195395780163E-17)
  );
#7816 = DIRECTION('',(0.862596558122,0.505892456868,1.05637611386E-16));
#7817 = ADVANCED_FACE('',(#7818),#7836,.T.);
#7818 = FACE_BOUND('',#7819,.T.);
#7819 = EDGE_LOOP('',(#7820,#7821,#7829,#7835));
#7820 = ORIENTED_EDGE('',*,*,#3593,.F.);
#7821 = ORIENTED_EDGE('',*,*,#7822,.T.);
#7822 = EDGE_CURVE('',#3586,#7823,#7825,.T.);
#7823 = VERTEX_POINT('',#7824);
#7824 = CARTESIAN_POINT('',(-5.68772580504,2.05956563075,9.8));
#7825 = LINE('',#7826,#7827);
#7826 = CARTESIAN_POINT('',(-5.68772580504,2.05956563075,11.1));
#7827 = VECTOR('',#7828,1.);
#7828 = DIRECTION('',(1.224646799147E-16,0.,-1.));
#7829 = ORIENTED_EDGE('',*,*,#7830,.F.);
#7830 = EDGE_CURVE('',#7775,#7823,#7831,.T.);
#7831 = LINE('',#7832,#7833);
#7832 = CARTESIAN_POINT('',(-2.802372157189,1.163363734984,9.8));
#7833 = VECTOR('',#7834,1.);
#7834 = DIRECTION('',(0.954994091284,-0.296624822989,1.169530457095E-16)
  );
#7835 = ORIENTED_EDGE('',*,*,#7774,.F.);
#7836 = PLANE('',#7837);
#7837 = AXIS2_PLACEMENT_3D('',#7838,#7839,#7840);
#7838 = CARTESIAN_POINT('',(-5.68772580504,2.05956563075,11.1));
#7839 = DIRECTION('',(0.296624822989,0.954994091284,3.632606400207E-17)
  );
#7840 = DIRECTION('',(-0.954994091284,0.296624822989,-1.169530457095E-16
    ));
#7841 = ADVANCED_FACE('',(#7842),#7860,.T.);
#7842 = FACE_BOUND('',#7843,.T.);
#7843 = EDGE_LOOP('',(#7844,#7845,#7846,#7854));
#7844 = ORIENTED_EDGE('',*,*,#3289,.F.);
#7845 = ORIENTED_EDGE('',*,*,#7807,.T.);
#7846 = ORIENTED_EDGE('',*,*,#7847,.F.);
#7847 = EDGE_CURVE('',#7848,#7800,#7850,.T.);
#7848 = VERTEX_POINT('',#7849);
#7849 = CARTESIAN_POINT('',(-5.925711693136,8.06651504077,9.8));
#7850 = LINE('',#7851,#7852);
#7851 = CARTESIAN_POINT('',(-5.060817702036,8.450250423519,9.8));
#7852 = VECTOR('',#7853,1.);
#7853 = DIRECTION('',(-0.914071001405,-0.405554194148,
    -1.119414126064E-16));
#7854 = ORIENTED_EDGE('',*,*,#7855,.F.);
#7855 = EDGE_CURVE('',#3290,#7848,#7856,.T.);
#7856 = LINE('',#7857,#7858);
#7857 = CARTESIAN_POINT('',(-5.925711693136,8.06651504077,11.1));
#7858 = VECTOR('',#7859,1.);
#7859 = DIRECTION('',(1.224646799147E-16,0.,-1.));
#7860 = PLANE('',#7861);
#7861 = AXIS2_PLACEMENT_3D('',#7862,#7863,#7864);
#7862 = CARTESIAN_POINT('',(-6.156708580913,7.964026550785,11.1));
#7863 = DIRECTION('',(0.405554194148,-0.914071001405,4.966606457441E-17)
  );
#7864 = DIRECTION('',(0.914071001405,0.405554194148,1.119414126064E-16)
  );
#7865 = ADVANCED_FACE('',(#7866),#7884,.T.);
#7866 = FACE_BOUND('',#7867,.T.);
#7867 = EDGE_LOOP('',(#7868,#7869,#7877,#7883));
#7868 = ORIENTED_EDGE('',*,*,#3585,.F.);
#7869 = ORIENTED_EDGE('',*,*,#7870,.T.);
#7870 = EDGE_CURVE('',#3578,#7871,#7873,.T.);
#7871 = VERTEX_POINT('',#7872);
#7872 = CARTESIAN_POINT('',(-5.445042850824,2.014927347316,9.8));
#7873 = LINE('',#7874,#7875);
#7874 = CARTESIAN_POINT('',(-5.445042850824,2.014927347316,11.1));
#7875 = VECTOR('',#7876,1.);
#7876 = DIRECTION('',(1.224646799147E-16,0.,-1.));
#7877 = ORIENTED_EDGE('',*,*,#7878,.F.);
#7878 = EDGE_CURVE('',#7823,#7871,#7879,.T.);
#7879 = LINE('',#7880,#7881);
#7880 = CARTESIAN_POINT('',(-2.632372150865,1.497574192802,9.8));
#7881 = VECTOR('',#7882,1.);
#7882 = DIRECTION('',(0.983501148584,-0.180901881509,1.204441533571E-16)
  );
#7883 = ORIENTED_EDGE('',*,*,#7822,.F.);
#7884 = PLANE('',#7885);
#7885 = AXIS2_PLACEMENT_3D('',#7886,#7887,#7888);
#7886 = CARTESIAN_POINT('',(-5.445042850824,2.014927347316,11.1));
#7887 = DIRECTION('',(0.180901881509,0.983501148584,2.2154091015E-17));
#7888 = DIRECTION('',(-0.983501148584,0.180901881509,-1.204441533571E-16
    ));
#7889 = ADVANCED_FACE('',(#7890),#7908,.T.);
#7890 = FACE_BOUND('',#7891,.T.);
#7891 = EDGE_LOOP('',(#7892,#7893,#7894,#7902));
#7892 = ORIENTED_EDGE('',*,*,#3297,.F.);
#7893 = ORIENTED_EDGE('',*,*,#7855,.T.);
#7894 = ORIENTED_EDGE('',*,*,#7895,.F.);
#7895 = EDGE_CURVE('',#7896,#7848,#7898,.T.);
#7896 = VERTEX_POINT('',#7897);
#7897 = CARTESIAN_POINT('',(-5.68772580504,8.14043436925,9.8));
#7898 = LINE('',#7899,#7900);
#7899 = CARTESIAN_POINT('',(-4.366067362977,8.550946544149,9.8));
#7900 = VECTOR('',#7901,1.);
#7901 = DIRECTION('',(-0.954994091284,-0.296624822989,
    -1.169530457095E-16));
#7902 = ORIENTED_EDGE('',*,*,#7903,.F.);
#7903 = EDGE_CURVE('',#3298,#7896,#7904,.T.);
#7904 = LINE('',#7905,#7906);
#7905 = CARTESIAN_POINT('',(-5.68772580504,8.14043436925,11.1));
#7906 = VECTOR('',#7907,1.);
#7907 = DIRECTION('',(1.224646799147E-16,0.,-1.));
#7908 = PLANE('',#7909);
#7909 = AXIS2_PLACEMENT_3D('',#7910,#7911,#7912);
#7910 = CARTESIAN_POINT('',(-5.925711693136,8.06651504077,11.1));
#7911 = DIRECTION('',(0.296624822989,-0.954994091284,3.632606400207E-17)
  );
#7912 = DIRECTION('',(0.954994091284,0.296624822989,1.169530457095E-16)
  );
#7913 = ADVANCED_FACE('',(#7914),#7932,.T.);
#7914 = FACE_BOUND('',#7915,.T.);
#7915 = EDGE_LOOP('',(#7916,#7917,#7925,#7931));
#7916 = ORIENTED_EDGE('',*,*,#3577,.F.);
#7917 = ORIENTED_EDGE('',*,*,#7918,.T.);
#7918 = EDGE_CURVE('',#3570,#7919,#7921,.T.);
#7919 = VERTEX_POINT('',#7920);
#7920 = CARTESIAN_POINT('',(-5.2,2.,9.8));
#7921 = LINE('',#7922,#7923);
#7922 = CARTESIAN_POINT('',(-5.2,2.,11.1));
#7923 = VECTOR('',#7924,1.);
#7924 = DIRECTION('',(1.224646799147E-16,0.,-1.));
#7925 = ORIENTED_EDGE('',*,*,#7926,.F.);
#7926 = EDGE_CURVE('',#7871,#7919,#7927,.T.);
#7927 = LINE('',#7928,#7929);
#7928 = CARTESIAN_POINT('',(-2.548920640882,1.838503420021,9.8));
#7929 = VECTOR('',#7930,1.);
#7930 = DIRECTION('',(0.998149689834,-6.080457782628E-02,
    1.222380822725E-16));
#7931 = ORIENTED_EDGE('',*,*,#7870,.F.);
#7932 = PLANE('',#7933);
#7933 = AXIS2_PLACEMENT_3D('',#7934,#7935,#7936);
#7934 = CARTESIAN_POINT('',(-5.2,2.,11.1));
#7935 = DIRECTION('',(6.080457782628E-02,0.998149689834,
    7.446413160847E-18));
#7936 = DIRECTION('',(-0.998149689834,6.080457782628E-02,
    -1.222380822725E-16));
#7937 = ADVANCED_FACE('',(#7938),#7956,.T.);
#7938 = FACE_BOUND('',#7939,.T.);
#7939 = EDGE_LOOP('',(#7940,#7941,#7942,#7950));
#7940 = ORIENTED_EDGE('',*,*,#3305,.F.);
#7941 = ORIENTED_EDGE('',*,*,#7903,.T.);
#7942 = ORIENTED_EDGE('',*,*,#7943,.F.);
#7943 = EDGE_CURVE('',#7944,#7896,#7946,.T.);
#7944 = VERTEX_POINT('',#7945);
#7945 = CARTESIAN_POINT('',(-5.445042850824,8.185072652684,9.8));
#7946 = LINE('',#7947,#7948);
#7947 = CARTESIAN_POINT('',(-3.661091390025,8.51320666274,9.8));
#7948 = VECTOR('',#7949,1.);
#7949 = DIRECTION('',(-0.983501148584,-0.180901881509,
    -1.204441533571E-16));
#7950 = ORIENTED_EDGE('',*,*,#7951,.F.);
#7951 = EDGE_CURVE('',#3306,#7944,#7952,.T.);
#7952 = LINE('',#7953,#7954);
#7953 = CARTESIAN_POINT('',(-5.445042850824,8.185072652684,11.1));
#7954 = VECTOR('',#7955,1.);
#7955 = DIRECTION('',(1.224646799147E-16,0.,-1.));
#7956 = PLANE('',#7957);
#7957 = AXIS2_PLACEMENT_3D('',#7958,#7959,#7960);
#7958 = CARTESIAN_POINT('',(-5.68772580504,8.14043436925,11.1));
#7959 = DIRECTION('',(0.180901881509,-0.983501148584,2.2154091015E-17));
#7960 = DIRECTION('',(0.983501148584,0.180901881509,1.204441533571E-16)
  );
#7961 = ADVANCED_FACE('',(#7962),#7980,.T.);
#7962 = FACE_BOUND('',#7963,.T.);
#7963 = EDGE_LOOP('',(#7964,#7965,#7973,#7979));
#7964 = ORIENTED_EDGE('',*,*,#3569,.F.);
#7965 = ORIENTED_EDGE('',*,*,#7966,.T.);
#7966 = EDGE_CURVE('',#3562,#7967,#7969,.T.);
#7967 = VERTEX_POINT('',#7968);
#7968 = CARTESIAN_POINT('',(-4.954957149176,2.014927347316,9.8));
#7969 = LINE('',#7970,#7971);
#7970 = CARTESIAN_POINT('',(-4.954957149176,2.014927347316,11.1));
#7971 = VECTOR('',#7972,1.);
#7972 = DIRECTION('',(1.224646799147E-16,0.,-1.));
#7973 = ORIENTED_EDGE('',*,*,#7974,.F.);
#7974 = EDGE_CURVE('',#7919,#7967,#7975,.T.);
#7975 = LINE('',#7976,#7977);
#7976 = CARTESIAN_POINT('',(-2.547783356466,2.161565860268,9.8));
#7977 = VECTOR('',#7978,1.);
#7978 = DIRECTION('',(0.998149689834,6.080457782629E-02,
    1.222380822725E-16));
#7979 = ORIENTED_EDGE('',*,*,#7918,.F.);
#7980 = PLANE('',#7981);
#7981 = AXIS2_PLACEMENT_3D('',#7982,#7983,#7984);
#7982 = CARTESIAN_POINT('',(-4.954957149176,2.014927347316,11.1));
#7983 = DIRECTION('',(-6.080457782629E-02,0.998149689834,
    -7.446413160847E-18));
#7984 = DIRECTION('',(-0.998149689834,-6.080457782629E-02,
    -1.222380822725E-16));
#7985 = ADVANCED_FACE('',(#7986),#8004,.T.);
#7986 = FACE_BOUND('',#7987,.T.);
#7987 = EDGE_LOOP('',(#7988,#7989,#7990,#7998));
#7988 = ORIENTED_EDGE('',*,*,#3313,.F.);
#7989 = ORIENTED_EDGE('',*,*,#7951,.T.);
#7990 = ORIENTED_EDGE('',*,*,#7991,.F.);
#7991 = EDGE_CURVE('',#7992,#7944,#7994,.T.);
#7992 = VERTEX_POINT('',#7993);
#7993 = CARTESIAN_POINT('',(-5.2,8.2,9.8));
#7994 = LINE('',#7995,#7996);
#7995 = CARTESIAN_POINT('',(-2.980971625833,8.335177203229,9.8));
#7996 = VECTOR('',#7997,1.);
#7997 = DIRECTION('',(-0.998149689834,-6.080457782628E-02,
    -1.222380822725E-16));
#7998 = ORIENTED_EDGE('',*,*,#7999,.F.);
#7999 = EDGE_CURVE('',#3314,#7992,#8000,.T.);
#8000 = LINE('',#8001,#8002);
#8001 = CARTESIAN_POINT('',(-5.2,8.2,11.1));
#8002 = VECTOR('',#8003,1.);
#8003 = DIRECTION('',(1.224646799147E-16,0.,-1.));
#8004 = PLANE('',#8005);
#8005 = AXIS2_PLACEMENT_3D('',#8006,#8007,#8008);
#8006 = CARTESIAN_POINT('',(-5.445042850824,8.185072652684,11.1));
#8007 = DIRECTION('',(6.080457782628E-02,-0.998149689834,
    7.446413160846E-18));
#8008 = DIRECTION('',(0.998149689834,6.080457782628E-02,
    1.222380822725E-16));
#8009 = ADVANCED_FACE('',(#8010),#8028,.T.);
#8010 = FACE_BOUND('',#8011,.T.);
#8011 = EDGE_LOOP('',(#8012,#8013,#8021,#8027));
#8012 = ORIENTED_EDGE('',*,*,#3561,.F.);
#8013 = ORIENTED_EDGE('',*,*,#8014,.T.);
#8014 = EDGE_CURVE('',#3554,#8015,#8017,.T.);
#8015 = VERTEX_POINT('',#8016);
#8016 = CARTESIAN_POINT('',(-4.71227419496,2.05956563075,9.8));
#8017 = LINE('',#8018,#8019);
#8018 = CARTESIAN_POINT('',(-4.71227419496,2.05956563075,11.1));
#8019 = VECTOR('',#8020,1.);
#8020 = DIRECTION('',(1.224646799147E-16,0.,-1.));
#8021 = ORIENTED_EDGE('',*,*,#8022,.F.);
#8022 = EDGE_CURVE('',#7967,#8015,#8023,.T.);
#8023 = LINE('',#8024,#8025);
#8024 = CARTESIAN_POINT('',(-2.616458923841,2.445062817395,9.8));
#8025 = VECTOR('',#8026,1.);
#8026 = DIRECTION('',(0.983501148584,0.180901881509,1.204441533571E-16)
  );
#8027 = ORIENTED_EDGE('',*,*,#7966,.F.);
#8028 = PLANE('',#8029);
#8029 = AXIS2_PLACEMENT_3D('',#8030,#8031,#8032);
#8030 = CARTESIAN_POINT('',(-4.71227419496,2.05956563075,11.1));
#8031 = DIRECTION('',(-0.180901881509,0.983501148584,-2.2154091015E-17)
  );
#8032 = DIRECTION('',(-0.983501148584,-0.180901881509,
    -1.204441533571E-16));
#8033 = ADVANCED_FACE('',(#8034),#8052,.T.);
#8034 = FACE_BOUND('',#8035,.T.);
#8035 = EDGE_LOOP('',(#8036,#8037,#8038,#8046));
#8036 = ORIENTED_EDGE('',*,*,#3321,.F.);
#8037 = ORIENTED_EDGE('',*,*,#7999,.T.);
#8038 = ORIENTED_EDGE('',*,*,#8039,.F.);
#8039 = EDGE_CURVE('',#8040,#7992,#8042,.T.);
#8040 = VERTEX_POINT('',#8041);
#8041 = CARTESIAN_POINT('',(-4.954957149176,8.185072652684,9.8));
#8042 = LINE('',#8043,#8044);
#8043 = CARTESIAN_POINT('',(-2.360775222339,8.027042110299,9.8));
#8044 = VECTOR('',#8045,1.);
#8045 = DIRECTION('',(-0.998149689834,6.080457782628E-02,
    -1.222380822725E-16));
#8046 = ORIENTED_EDGE('',*,*,#8047,.F.);
#8047 = EDGE_CURVE('',#3322,#8040,#8048,.T.);
#8048 = LINE('',#8049,#8050);
#8049 = CARTESIAN_POINT('',(-4.954957149176,8.185072652684,11.1));
#8050 = VECTOR('',#8051,1.);
#8051 = DIRECTION('',(1.224646799147E-16,0.,-1.));
#8052 = PLANE('',#8053);
#8053 = AXIS2_PLACEMENT_3D('',#8054,#8055,#8056);
#8054 = CARTESIAN_POINT('',(-5.2,8.2,11.1));
#8055 = DIRECTION('',(-6.080457782628E-02,-0.998149689834,
    -7.446413160846E-18));
#8056 = DIRECTION('',(0.998149689834,-6.080457782628E-02,
    1.222380822725E-16));
#8057 = ADVANCED_FACE('',(#8058),#8076,.T.);
#8058 = FACE_BOUND('',#8059,.T.);
#8059 = EDGE_LOOP('',(#8060,#8061,#8069,#8075));
#8060 = ORIENTED_EDGE('',*,*,#3553,.F.);
#8061 = ORIENTED_EDGE('',*,*,#8062,.T.);
#8062 = EDGE_CURVE('',#3546,#8063,#8065,.T.);
#8063 = VERTEX_POINT('',#8064);
#8064 = CARTESIAN_POINT('',(-4.474288306864,2.13348495923,9.8));
#8065 = LINE('',#8066,#8067);
#8066 = CARTESIAN_POINT('',(-4.474288306864,2.13348495923,11.1));
#8067 = VECTOR('',#8068,1.);
#8068 = DIRECTION('',(1.224646799147E-16,0.,-1.));
#8069 = ORIENTED_EDGE('',*,*,#8070,.F.);
#8070 = EDGE_CURVE('',#8015,#8063,#8071,.T.);
#8071 = LINE('',#8072,#8073);
#8072 = CARTESIAN_POINT('',(-2.736163583951,2.673353156292,9.8));
#8073 = VECTOR('',#8074,1.);
#8074 = DIRECTION('',(0.954994091284,0.296624822989,1.169530457095E-16)
  );
#8075 = ORIENTED_EDGE('',*,*,#8014,.F.);
#8076 = PLANE('',#8077);
#8077 = AXIS2_PLACEMENT_3D('',#8078,#8079,#8080);
#8078 = CARTESIAN_POINT('',(-4.474288306864,2.13348495923,11.1));
#8079 = DIRECTION('',(-0.296624822989,0.954994091284,-3.632606400207E-17
    ));
#8080 = DIRECTION('',(-0.954994091284,-0.296624822989,
    -1.169530457095E-16));
#8081 = ADVANCED_FACE('',(#8082),#8100,.T.);
#8082 = FACE_BOUND('',#8083,.T.);
#8083 = EDGE_LOOP('',(#8084,#8085,#8086,#8094));
#8084 = ORIENTED_EDGE('',*,*,#3329,.F.);
#8085 = ORIENTED_EDGE('',*,*,#8047,.T.);
#8086 = ORIENTED_EDGE('',*,*,#8087,.F.);
#8087 = EDGE_CURVE('',#8088,#8040,#8090,.T.);
#8088 = VERTEX_POINT('',#8089);
#8089 = CARTESIAN_POINT('',(-4.71227419496,8.14043436925,9.8));
#8090 = LINE('',#8091,#8092);
#8091 = CARTESIAN_POINT('',(-1.830422638898,7.610356321581,9.8));
#8092 = VECTOR('',#8093,1.);
#8093 = DIRECTION('',(-0.983501148584,0.180901881509,-1.204441533571E-16
    ));
#8094 = ORIENTED_EDGE('',*,*,#8095,.F.);
#8095 = EDGE_CURVE('',#3330,#8088,#8096,.T.);
#8096 = LINE('',#8097,#8098);
#8097 = CARTESIAN_POINT('',(-4.71227419496,8.14043436925,11.1));
#8098 = VECTOR('',#8099,1.);
#8099 = DIRECTION('',(1.224646799147E-16,0.,-1.));
#8100 = PLANE('',#8101);
#8101 = AXIS2_PLACEMENT_3D('',#8102,#8103,#8104);
#8102 = CARTESIAN_POINT('',(-4.954957149176,8.185072652684,11.1));
#8103 = DIRECTION('',(-0.180901881509,-0.983501148584,-2.2154091015E-17)
  );
#8104 = DIRECTION('',(0.983501148584,-0.180901881509,1.204441533571E-16)
  );
#8105 = ADVANCED_FACE('',(#8106),#8124,.T.);
#8106 = FACE_BOUND('',#8107,.T.);
#8107 = EDGE_LOOP('',(#8108,#8109,#8117,#8123));
#8108 = ORIENTED_EDGE('',*,*,#3545,.F.);
#8109 = ORIENTED_EDGE('',*,*,#8110,.T.);
#8110 = EDGE_CURVE('',#3538,#8111,#8113,.T.);
#8111 = VERTEX_POINT('',#8112);
#8112 = CARTESIAN_POINT('',(-4.243291419087,2.235973449215,9.8));
#8113 = LINE('',#8114,#8115);
#8114 = CARTESIAN_POINT('',(-4.243291419087,2.235973449215,11.1));
#8115 = VECTOR('',#8116,1.);
#8116 = DIRECTION('',(1.224646799147E-16,0.,-1.));
#8117 = ORIENTED_EDGE('',*,*,#8118,.F.);
#8118 = EDGE_CURVE('',#8063,#8111,#8119,.T.);
#8119 = LINE('',#8120,#8121);
#8120 = CARTESIAN_POINT('',(-2.885045335478,2.838598841604,9.8));
#8121 = VECTOR('',#8122,1.);
#8122 = DIRECTION('',(0.914071001405,0.405554194148,1.119414126064E-16)
  );
#8123 = ORIENTED_EDGE('',*,*,#8062,.F.);
#8124 = PLANE('',#8125);
#8125 = AXIS2_PLACEMENT_3D('',#8126,#8127,#8128);
#8126 = CARTESIAN_POINT('',(-4.243291419087,2.235973449215,11.1));
#8127 = DIRECTION('',(-0.405554194148,0.914071001405,-4.966606457441E-17
    ));
#8128 = DIRECTION('',(-0.914071001405,-0.405554194148,
    -1.119414126064E-16));
#8129 = ADVANCED_FACE('',(#8130),#8148,.T.);
#8130 = FACE_BOUND('',#8131,.T.);
#8131 = EDGE_LOOP('',(#8132,#8133,#8134,#8142));
#8132 = ORIENTED_EDGE('',*,*,#3337,.F.);
#8133 = ORIENTED_EDGE('',*,*,#8095,.T.);
#8134 = ORIENTED_EDGE('',*,*,#8135,.F.);
#8135 = EDGE_CURVE('',#8136,#8088,#8138,.T.);
#8136 = VERTEX_POINT('',#8137);
#8137 = CARTESIAN_POINT('',(-4.474288306864,8.06651504077,9.8));
#8138 = LINE('',#8139,#8140);
#8139 = CARTESIAN_POINT('',(-1.410454266259,7.114876451321,9.8));
#8140 = VECTOR('',#8141,1.);
#8141 = DIRECTION('',(-0.954994091284,0.296624822989,-1.169530457095E-16
    ));
#8142 = ORIENTED_EDGE('',*,*,#8143,.F.);
#8143 = EDGE_CURVE('',#3338,#8136,#8144,.T.);
#8144 = LINE('',#8145,#8146);
#8145 = CARTESIAN_POINT('',(-4.474288306864,8.06651504077,11.1));
#8146 = VECTOR('',#8147,1.);
#8147 = DIRECTION('',(1.224646799147E-16,0.,-1.));
#8148 = PLANE('',#8149);
#8149 = AXIS2_PLACEMENT_3D('',#8150,#8151,#8152);
#8150 = CARTESIAN_POINT('',(-4.71227419496,8.14043436925,11.1));
#8151 = DIRECTION('',(-0.296624822989,-0.954994091284,
    -3.632606400207E-17));
#8152 = DIRECTION('',(0.954994091284,-0.296624822989,1.169530457095E-16)
  );
#8153 = ADVANCED_FACE('',(#8154),#8172,.T.);
#8154 = FACE_BOUND('',#8155,.T.);
#8155 = EDGE_LOOP('',(#8156,#8157,#8165,#8171));
#8156 = ORIENTED_EDGE('',*,*,#3537,.F.);
#8157 = ORIENTED_EDGE('',*,*,#8158,.T.);
#8158 = EDGE_CURVE('',#3530,#8159,#8161,.T.);
#8159 = VERTEX_POINT('',#8160);
#8160 = CARTESIAN_POINT('',(-4.021508157935,2.36604408052,9.8));
#8161 = LINE('',#8162,#8163);
#8162 = CARTESIAN_POINT('',(-4.021508157935,2.36604408052,11.1));
#8163 = VECTOR('',#8164,1.);
#8164 = DIRECTION('',(1.224646799147E-16,0.,-1.));
#8165 = ORIENTED_EDGE('',*,*,#8166,.F.);
#8166 = EDGE_CURVE('',#8111,#8159,#8167,.T.);
#8167 = LINE('',#8168,#8169);
#8168 = CARTESIAN_POINT('',(-3.041609145757,2.940731649217,9.8));
#8169 = VECTOR('',#8170,1.);
#8170 = DIRECTION('',(0.862596558122,0.505892456868,1.05637611386E-16));
#8171 = ORIENTED_EDGE('',*,*,#8110,.F.);
#8172 = PLANE('',#8173);
#8173 = AXIS2_PLACEMENT_3D('',#8174,#8175,#8176);
#8174 = CARTESIAN_POINT('',(-4.021508157935,2.36604408052,11.1));
#8175 = DIRECTION('',(-0.505892456868,0.862596558122,-6.195395780163E-17
    ));
#8176 = DIRECTION('',(-0.862596558122,-0.505892456868,-1.05637611386E-16
    ));
#8177 = ADVANCED_FACE('',(#8178),#8196,.T.);
#8178 = FACE_BOUND('',#8179,.T.);
#8179 = EDGE_LOOP('',(#8180,#8181,#8182,#8190));
#8180 = ORIENTED_EDGE('',*,*,#3345,.F.);
#8181 = ORIENTED_EDGE('',*,*,#8143,.T.);
#8182 = ORIENTED_EDGE('',*,*,#8183,.F.);
#8183 = EDGE_CURVE('',#8184,#8136,#8186,.T.);
#8184 = VERTEX_POINT('',#8185);
#8185 = CARTESIAN_POINT('',(-4.243291419087,7.964026550785,9.8));
#8186 = LINE('',#8187,#8188);
#8187 = CARTESIAN_POINT('',(-1.109946604686,6.573826960994,9.8));
#8188 = VECTOR('',#8189,1.);
#8189 = DIRECTION('',(-0.914071001405,0.405554194148,-1.119414126064E-16
    ));
#8190 = ORIENTED_EDGE('',*,*,#8191,.F.);
#8191 = EDGE_CURVE('',#3346,#8184,#8192,.T.);
#8192 = LINE('',#8193,#8194);
#8193 = CARTESIAN_POINT('',(-4.243291419087,7.964026550785,11.1));
#8194 = VECTOR('',#8195,1.);
#8195 = DIRECTION('',(1.224646799147E-16,0.,-1.));
#8196 = PLANE('',#8197);
#8197 = AXIS2_PLACEMENT_3D('',#8198,#8199,#8200);
#8198 = CARTESIAN_POINT('',(-4.474288306864,8.06651504077,11.1));
#8199 = DIRECTION('',(-0.405554194148,-0.914071001405,
    -4.966606457441E-17));
#8200 = DIRECTION('',(0.914071001405,-0.405554194148,1.119414126064E-16)
  );
#8201 = ADVANCED_FACE('',(#8202),#8220,.T.);
#8202 = FACE_BOUND('',#8203,.T.);
#8203 = EDGE_LOOP('',(#8204,#8205,#8213,#8219));
#8204 = ORIENTED_EDGE('',*,*,#3529,.F.);
#8205 = ORIENTED_EDGE('',*,*,#8206,.T.);
#8206 = EDGE_CURVE('',#3522,#8207,#8209,.T.);
#8207 = VERTEX_POINT('',#8208);
#8208 = CARTESIAN_POINT('',(-3.811074417451,2.522444201862,9.8));
#8209 = LINE('',#8210,#8211);
#8210 = CARTESIAN_POINT('',(-3.811074417451,2.522444201862,11.1));
#8211 = VECTOR('',#8212,1.);
#8212 = DIRECTION('',(1.224646799147E-16,0.,-1.));
#8213 = ORIENTED_EDGE('',*,*,#8214,.F.);
#8214 = EDGE_CURVE('',#8159,#8207,#8215,.T.);
#8215 = LINE('',#8216,#8217);
#8216 = CARTESIAN_POINT('',(-3.187413944511,2.985965752254,9.8));
#8217 = VECTOR('',#8218,1.);
#8218 = DIRECTION('',(0.802601572549,0.596515478208,9.829034468127E-17)
  );
#8219 = ORIENTED_EDGE('',*,*,#8158,.F.);
#8220 = PLANE('',#8221);
#8221 = AXIS2_PLACEMENT_3D('',#8222,#8223,#8224);
#8222 = CARTESIAN_POINT('',(-3.811074417451,2.522444201862,11.1));
#8223 = DIRECTION('',(-0.596515478208,0.802601572549,-7.305207710295E-17
    ));
#8224 = DIRECTION('',(-0.802601572549,-0.596515478208,
    -9.829034468127E-17));
#8225 = ADVANCED_FACE('',(#8226),#8244,.T.);
#8226 = FACE_BOUND('',#8227,.T.);
#8227 = EDGE_LOOP('',(#8228,#8229,#8230,#8238));
#8228 = ORIENTED_EDGE('',*,*,#3353,.F.);
#8229 = ORIENTED_EDGE('',*,*,#8191,.T.);
#8230 = ORIENTED_EDGE('',*,*,#8231,.F.);
#8231 = EDGE_CURVE('',#8232,#8184,#8234,.T.);
#8232 = VERTEX_POINT('',#8233);
#8233 = CARTESIAN_POINT('',(-4.021508157935,7.83395591948,9.8));
#8234 = LINE('',#8235,#8236);
#8235 = CARTESIAN_POINT('',(-0.926957206755,6.019075059064,9.8));
#8236 = VECTOR('',#8237,1.);
#8237 = DIRECTION('',(-0.862596558122,0.505892456868,-1.05637611386E-16)
  );
#8238 = ORIENTED_EDGE('',*,*,#8239,.F.);
#8239 = EDGE_CURVE('',#3354,#8232,#8240,.T.);
#8240 = LINE('',#8241,#8242);
#8241 = CARTESIAN_POINT('',(-4.021508157935,7.83395591948,11.1));
#8242 = VECTOR('',#8243,1.);
#8243 = DIRECTION('',(1.224646799147E-16,0.,-1.));
#8244 = PLANE('',#8245);
#8245 = AXIS2_PLACEMENT_3D('',#8246,#8247,#8248);
#8246 = CARTESIAN_POINT('',(-4.243291419087,7.964026550785,11.1));
#8247 = DIRECTION('',(-0.505892456868,-0.862596558122,
    -6.195395780163E-17));
#8248 = DIRECTION('',(0.862596558122,-0.505892456868,1.05637611386E-16)
  );
#8249 = ADVANCED_FACE('',(#8250),#8268,.T.);
#8250 = FACE_BOUND('',#8251,.T.);
#8251 = EDGE_LOOP('',(#8252,#8253,#8261,#8267));
#8252 = ORIENTED_EDGE('',*,*,#3521,.F.);
#8253 = ORIENTED_EDGE('',*,*,#8254,.T.);
#8254 = EDGE_CURVE('',#3514,#8255,#8257,.T.);
#8255 = VERTEX_POINT('',#8256);
#8256 = CARTESIAN_POINT('',(-3.614016789591,2.703667594576,9.8));
#8257 = LINE('',#8258,#8259);
#8258 = CARTESIAN_POINT('',(-3.614016789591,2.703667594576,11.1));
#8259 = VECTOR('',#8260,1.);
#8260 = DIRECTION('',(1.224646799147E-16,0.,-1.));
#8261 = ORIENTED_EDGE('',*,*,#8262,.F.);
#8262 = EDGE_CURVE('',#8207,#8255,#8263,.T.);
#8263 = LINE('',#8264,#8265);
#8264 = CARTESIAN_POINT('',(-3.308558882871,2.984580943569,9.8));
#8265 = VECTOR('',#8266,1.);
#8266 = DIRECTION('',(0.736060580988,0.676915667654,9.014142344855E-17)
  );
#8267 = ORIENTED_EDGE('',*,*,#8206,.F.);
#8268 = PLANE('',#8269);
#8269 = AXIS2_PLACEMENT_3D('',#8270,#8271,#8272);
#8270 = CARTESIAN_POINT('',(-3.614016789591,2.703667594576,11.1));
#8271 = DIRECTION('',(-0.676915667654,0.736060580988,-8.289826056852E-17
    ));
#8272 = DIRECTION('',(-0.736060580988,-0.676915667654,
    -9.014142344855E-17));
#8273 = ADVANCED_FACE('',(#8274),#8292,.T.);
#8274 = FACE_BOUND('',#8275,.T.);
#8275 = EDGE_LOOP('',(#8276,#8277,#8278,#8286));
#8276 = ORIENTED_EDGE('',*,*,#3361,.F.);
#8277 = ORIENTED_EDGE('',*,*,#8239,.T.);
#8278 = ORIENTED_EDGE('',*,*,#8279,.F.);
#8279 = EDGE_CURVE('',#8280,#8232,#8282,.T.);
#8280 = VERTEX_POINT('',#8281);
#8281 = CARTESIAN_POINT('',(-3.811074417451,7.677555798138,9.8));
#8282 = LINE('',#8283,#8284);
#8283 = CARTESIAN_POINT('',(-0.850933084369,5.477497658133,9.8));
#8284 = VECTOR('',#8285,1.);
#8285 = DIRECTION('',(-0.802601572549,0.596515478208,-9.829034468127E-17
    ));
#8286 = ORIENTED_EDGE('',*,*,#8287,.F.);
#8287 = EDGE_CURVE('',#3362,#8280,#8288,.T.);
#8288 = LINE('',#8289,#8290);
#8289 = CARTESIAN_POINT('',(-3.811074417451,7.677555798138,11.1));
#8290 = VECTOR('',#8291,1.);
#8291 = DIRECTION('',(1.224646799147E-16,0.,-1.));
#8292 = PLANE('',#8293);
#8293 = AXIS2_PLACEMENT_3D('',#8294,#8295,#8296);
#8294 = CARTESIAN_POINT('',(-4.021508157935,7.83395591948,11.1));
#8295 = DIRECTION('',(-0.596515478208,-0.802601572549,
    -7.305207710295E-17));
#8296 = DIRECTION('',(0.802601572549,-0.596515478208,9.829034468127E-17)
  );
#8297 = ADVANCED_FACE('',(#8298),#8316,.T.);
#8298 = FACE_BOUND('',#8299,.T.);
#8299 = EDGE_LOOP('',(#8300,#8301,#8309,#8315));
#8300 = ORIENTED_EDGE('',*,*,#3513,.F.);
#8301 = ORIENTED_EDGE('',*,*,#8302,.T.);
#8302 = EDGE_CURVE('',#3506,#8303,#8305,.T.);
#8303 = VERTEX_POINT('',#8304);
#8304 = CARTESIAN_POINT('',(-3.432233047034,2.907968978322,9.8));
#8305 = LINE('',#8306,#8307);
#8306 = CARTESIAN_POINT('',(-3.432233047034,2.907968978322,11.1));
#8307 = VECTOR('',#8308,1.);
#8308 = DIRECTION('',(1.224646799147E-16,0.,-1.));
#8309 = ORIENTED_EDGE('',*,*,#8310,.F.);
#8310 = EDGE_CURVE('',#8255,#8303,#8311,.T.);
#8311 = LINE('',#8312,#8313);
#8312 = CARTESIAN_POINT('',(-3.395987714542,2.948704037894,9.8));
#8313 = VECTOR('',#8314,1.);
#8314 = DIRECTION('',(0.664736580563,0.747077826241,8.140675256625E-17)
  );
#8315 = ORIENTED_EDGE('',*,*,#8254,.F.);
#8316 = PLANE('',#8317);
#8317 = AXIS2_PLACEMENT_3D('',#8318,#8319,#8320);
#8318 = CARTESIAN_POINT('',(-3.432233047034,2.907968978322,11.1));
#8319 = DIRECTION('',(-0.747077826241,0.664736580563,-9.149064686205E-17
    ));
#8320 = DIRECTION('',(-0.664736580563,-0.747077826241,
    -8.140675256625E-17));
#8321 = ADVANCED_FACE('',(#8322),#8340,.T.);
#8322 = FACE_BOUND('',#8323,.T.);
#8323 = EDGE_LOOP('',(#8324,#8325,#8326,#8334));
#8324 = ORIENTED_EDGE('',*,*,#3369,.F.);
#8325 = ORIENTED_EDGE('',*,*,#8287,.T.);
#8326 = ORIENTED_EDGE('',*,*,#8327,.F.);
#8327 = EDGE_CURVE('',#8328,#8280,#8330,.T.);
#8328 = VERTEX_POINT('',#8329);
#8329 = CARTESIAN_POINT('',(-3.614016789591,7.496332405424,9.8));
#8330 = LINE('',#8331,#8332);
#8331 = CARTESIAN_POINT('',(-0.866007904773,4.969135165098,9.8));
#8332 = VECTOR('',#8333,1.);
#8333 = DIRECTION('',(-0.736060580988,0.676915667654,-9.014142344855E-17
    ));
#8334 = ORIENTED_EDGE('',*,*,#8335,.F.);
#8335 = EDGE_CURVE('',#3370,#8328,#8336,.T.);
#8336 = LINE('',#8337,#8338);
#8337 = CARTESIAN_POINT('',(-3.614016789591,7.496332405424,11.1));
#8338 = VECTOR('',#8339,1.);
#8339 = DIRECTION('',(1.224646799147E-16,0.,-1.));
#8340 = PLANE('',#8341);
#8341 = AXIS2_PLACEMENT_3D('',#8342,#8343,#8344);
#8342 = CARTESIAN_POINT('',(-3.811074417451,7.677555798138,11.1));
#8343 = DIRECTION('',(-0.676915667654,-0.736060580988,
    -8.289826056852E-17));
#8344 = DIRECTION('',(0.736060580988,-0.676915667654,9.014142344855E-17)
  );
#8345 = ADVANCED_FACE('',(#8346),#8364,.T.);
#8346 = FACE_BOUND('',#8347,.T.);
#8347 = EDGE_LOOP('',(#8348,#8349,#8357,#8363));
#8348 = ORIENTED_EDGE('',*,*,#3505,.F.);
#8349 = ORIENTED_EDGE('',*,*,#8350,.T.);
#8350 = EDGE_CURVE('',#3498,#8351,#8353,.T.);
#8351 = VERTEX_POINT('',#8352);
#8352 = CARTESIAN_POINT('',(-3.267473866593,3.133380819093,9.8));
#8353 = LINE('',#8354,#8355);
#8354 = CARTESIAN_POINT('',(-3.267473866593,3.133380819093,11.1));
#8355 = VECTOR('',#8356,1.);
#8356 = DIRECTION('',(1.224646799147E-16,0.,-1.));
#8357 = ORIENTED_EDGE('',*,*,#8358,.F.);
#8358 = EDGE_CURVE('',#8303,#8351,#8359,.T.);
#8359 = LINE('',#8360,#8361);
#8360 = CARTESIAN_POINT('',(-3.444959040648,2.890558175242,9.8));
#8361 = VECTOR('',#8362,1.);
#8362 = DIRECTION('',(0.590098636788,0.807331158114,7.226624067237E-17)
  );
#8363 = ORIENTED_EDGE('',*,*,#8302,.F.);
#8364 = PLANE('',#8365);
#8365 = AXIS2_PLACEMENT_3D('',#8366,#8367,#8368);
#8366 = CARTESIAN_POINT('',(-3.267473866593,3.133380819093,11.1));
#8367 = DIRECTION('',(-0.807331158114,0.590098636788,-9.886955186357E-17
    ));
#8368 = DIRECTION('',(-0.590098636788,-0.807331158114,
    -7.226624067237E-17));
#8369 = ADVANCED_FACE('',(#8370),#8388,.T.);
#8370 = FACE_BOUND('',#8371,.T.);
#8371 = EDGE_LOOP('',(#8372,#8373,#8374,#8382));
#8372 = ORIENTED_EDGE('',*,*,#3377,.F.);
#8373 = ORIENTED_EDGE('',*,*,#8335,.T.);
#8374 = ORIENTED_EDGE('',*,*,#8375,.F.);
#8375 = EDGE_CURVE('',#8376,#8328,#8378,.T.);
#8376 = VERTEX_POINT('',#8377);
#8377 = CARTESIAN_POINT('',(-3.432233047034,7.292031021678,9.8));
#8378 = LINE('',#8379,#8380);
#8379 = CARTESIAN_POINT('',(-0.954168791707,4.507007733825,9.8));
#8380 = VECTOR('',#8381,1.);
#8381 = DIRECTION('',(-0.664736580563,0.747077826241,-8.140675256625E-17
    ));
#8382 = ORIENTED_EDGE('',*,*,#8383,.F.);
#8383 = EDGE_CURVE('',#3378,#8376,#8384,.T.);
#8384 = LINE('',#8385,#8386);
#8385 = CARTESIAN_POINT('',(-3.432233047034,7.292031021678,11.1));
#8386 = VECTOR('',#8387,1.);
#8387 = DIRECTION('',(1.224646799147E-16,0.,-1.));
#8388 = PLANE('',#8389);
#8389 = AXIS2_PLACEMENT_3D('',#8390,#8391,#8392);
#8390 = CARTESIAN_POINT('',(-3.614016789591,7.496332405424,11.1));
#8391 = DIRECTION('',(-0.747077826241,-0.664736580563,
    -9.149064686205E-17));
#8392 = DIRECTION('',(0.664736580563,-0.747077826241,8.140675256625E-17)
  );
#8393 = ADVANCED_FACE('',(#8394),#8412,.T.);
#8394 = FACE_BOUND('',#8395,.T.);
#8395 = EDGE_LOOP('',(#8396,#8397,#8405,#8411));
#8396 = ORIENTED_EDGE('',*,*,#3497,.F.);
#8397 = ORIENTED_EDGE('',*,*,#8398,.T.);
#8398 = EDGE_CURVE('',#3490,#8399,#8401,.T.);
#8399 = VERTEX_POINT('',#8400);
#8400 = CARTESIAN_POINT('',(-3.121325969244,3.377732277639,9.8));
#8401 = LINE('',#8402,#8403);
#8402 = CARTESIAN_POINT('',(-3.121325969244,3.377732277639,11.1));
#8403 = VECTOR('',#8404,1.);
#8404 = DIRECTION('',(1.224646799147E-16,0.,-1.));
#8405 = ORIENTED_EDGE('',*,*,#8406,.F.);
#8406 = EDGE_CURVE('',#8351,#8399,#8407,.T.);
#8407 = LINE('',#8408,#8409);
#8408 = CARTESIAN_POINT('',(-3.454104891391,2.821343739214,9.8));
#8409 = VECTOR('',#8410,1.);
#8410 = DIRECTION('',(0.51329961757,0.85820947478,6.286107336605E-17));
#8411 = ORIENTED_EDGE('',*,*,#8350,.F.);
#8412 = PLANE('',#8413);
#8413 = AXIS2_PLACEMENT_3D('',#8414,#8415,#8416);
#8414 = CARTESIAN_POINT('',(-3.121325969244,3.377732277639,11.1));
#8415 = DIRECTION('',(-0.85820947478,0.51329961757,-1.051003486288E-16)
  );
#8416 = DIRECTION('',(-0.51329961757,-0.85820947478,-6.286107336605E-17)
  );
#8417 = ADVANCED_FACE('',(#8418),#8436,.T.);
#8418 = FACE_BOUND('',#8419,.T.);
#8419 = EDGE_LOOP('',(#8420,#8421,#8422,#8430));
#8420 = ORIENTED_EDGE('',*,*,#3385,.F.);
#8421 = ORIENTED_EDGE('',*,*,#8383,.T.);
#8422 = ORIENTED_EDGE('',*,*,#8423,.F.);
#8423 = EDGE_CURVE('',#8424,#8376,#8426,.T.);
#8424 = VERTEX_POINT('',#8425);
#8425 = CARTESIAN_POINT('',(-3.267473866593,7.066619180907,9.8));
#8426 = LINE('',#8427,#8428);
#8427 = CARTESIAN_POINT('',(-1.097673050088,4.098051390953,9.8));
#8428 = VECTOR('',#8429,1.);
#8429 = DIRECTION('',(-0.590098636788,0.807331158114,-7.226624067237E-17
    ));
#8430 = ORIENTED_EDGE('',*,*,#8431,.F.);
#8431 = EDGE_CURVE('',#3386,#8424,#8432,.T.);
#8432 = LINE('',#8433,#8434);
#8433 = CARTESIAN_POINT('',(-3.267473866593,7.066619180907,11.1));
#8434 = VECTOR('',#8435,1.);
#8435 = DIRECTION('',(1.224646799147E-16,0.,-1.));
#8436 = PLANE('',#8437);
#8437 = AXIS2_PLACEMENT_3D('',#8438,#8439,#8440);
#8438 = CARTESIAN_POINT('',(-3.432233047034,7.292031021678,11.1));
#8439 = DIRECTION('',(-0.807331158114,-0.590098636788,
    -9.886955186357E-17));
#8440 = DIRECTION('',(0.590098636788,-0.807331158114,7.226624067237E-17)
  );
#8441 = ADVANCED_FACE('',(#8442),#8460,.T.);
#8442 = FACE_BOUND('',#8443,.T.);
#8443 = EDGE_LOOP('',(#8444,#8445,#8453,#8459));
#8444 = ORIENTED_EDGE('',*,*,#3489,.F.);
#8445 = ORIENTED_EDGE('',*,*,#8446,.T.);
#8446 = EDGE_CURVE('',#3482,#8447,#8449,.T.);
#8447 = VERTEX_POINT('',#8448);
#8448 = CARTESIAN_POINT('',(-2.995196839129,3.638670115839,9.8));
#8449 = LINE('',#8450,#8451);
#8450 = CARTESIAN_POINT('',(-2.995196839129,3.638670115839,11.1));
#8451 = VECTOR('',#8452,1.);
#8452 = DIRECTION('',(1.224646799147E-16,0.,-1.));
#8453 = ORIENTED_EDGE('',*,*,#8454,.F.);
#8454 = EDGE_CURVE('',#8399,#8447,#8455,.T.);
#8455 = LINE('',#8456,#8457);
#8456 = CARTESIAN_POINT('',(-3.424414863485,2.750697422375,9.8));
#8457 = VECTOR('',#8458,1.);
#8458 = DIRECTION('',(0.435194322623,0.900336549051,5.329593342068E-17)
  );
#8459 = ORIENTED_EDGE('',*,*,#8398,.F.);
#8460 = PLANE('',#8461);
#8461 = AXIS2_PLACEMENT_3D('',#8462,#8463,#8464);
#8462 = CARTESIAN_POINT('',(-2.995196839129,3.638670115839,11.1));
#8463 = DIRECTION('',(-0.900336549051,0.435194322623,-1.102594272951E-16
    ));
#8464 = DIRECTION('',(-0.435194322623,-0.900336549051,
    -5.329593342068E-17));
#8465 = ADVANCED_FACE('',(#8466),#8484,.T.);
#8466 = FACE_BOUND('',#8467,.T.);
#8467 = EDGE_LOOP('',(#8468,#8469,#8470,#8478));
#8468 = ORIENTED_EDGE('',*,*,#3393,.F.);
#8469 = ORIENTED_EDGE('',*,*,#8431,.T.);
#8470 = ORIENTED_EDGE('',*,*,#8471,.F.);
#8471 = EDGE_CURVE('',#8472,#8424,#8474,.T.);
#8472 = VERTEX_POINT('',#8473);
#8473 = CARTESIAN_POINT('',(-3.121325969244,6.822267722361,9.8));
#8474 = LINE('',#8475,#8476);
#8475 = CARTESIAN_POINT('',(-1.280534004548,3.744562126785,9.8));
#8476 = VECTOR('',#8477,1.);
#8477 = DIRECTION('',(-0.51329961757,0.85820947478,-6.286107336605E-17)
  );
#8478 = ORIENTED_EDGE('',*,*,#8479,.F.);
#8479 = EDGE_CURVE('',#3394,#8472,#8480,.T.);
#8480 = LINE('',#8481,#8482);
#8481 = CARTESIAN_POINT('',(-3.121325969244,6.822267722361,11.1));
#8482 = VECTOR('',#8483,1.);
#8483 = DIRECTION('',(1.224646799147E-16,0.,-1.));
#8484 = PLANE('',#8485);
#8485 = AXIS2_PLACEMENT_3D('',#8486,#8487,#8488);
#8486 = CARTESIAN_POINT('',(-3.267473866593,7.066619180907,11.1));
#8487 = DIRECTION('',(-0.85820947478,-0.51329961757,-1.051003486288E-16)
  );
#8488 = DIRECTION('',(0.51329961757,-0.85820947478,6.286107336605E-17));
#8489 = ADVANCED_FACE('',(#8490),#8508,.T.);
#8490 = FACE_BOUND('',#8491,.T.);
#8491 = EDGE_LOOP('',(#8492,#8493,#8501,#8507));
#8492 = ORIENTED_EDGE('',*,*,#3481,.F.);
#8493 = ORIENTED_EDGE('',*,*,#8494,.T.);
#8494 = EDGE_CURVE('',#3474,#8495,#8497,.T.);
#8495 = VERTEX_POINT('',#8496);
#8496 = CARTESIAN_POINT('',(-2.890301168722,3.913681359668,9.8));
#8497 = LINE('',#8498,#8499);
#8498 = CARTESIAN_POINT('',(-2.890301168722,3.913681359668,11.1));
#8499 = VECTOR('',#8500,1.);
#8500 = DIRECTION('',(1.224646799147E-16,0.,-1.));
#8501 = ORIENTED_EDGE('',*,*,#8502,.F.);
#8502 = EDGE_CURVE('',#8447,#8495,#8503,.T.);
#8503 = LINE('',#8504,#8505);
#8504 = CARTESIAN_POINT('',(-3.358346820006,2.686578122437,9.8));
#8505 = VECTOR('',#8506,1.);
#8506 = DIRECTION('',(0.356379457965,0.934341309127,4.364389624791E-17)
  );
#8507 = ORIENTED_EDGE('',*,*,#8446,.F.);
#8508 = PLANE('',#8509);
#8509 = AXIS2_PLACEMENT_3D('',#8510,#8511,#8512);
#8510 = CARTESIAN_POINT('',(-2.890301168722,3.913681359668,11.1));
#8511 = DIRECTION('',(-0.934341309127,0.356379457965,-1.144238093533E-16
    ));
#8512 = DIRECTION('',(-0.356379457965,-0.934341309127,
    -4.364389624791E-17));
#8513 = ADVANCED_FACE('',(#8514),#8532,.T.);
#8514 = FACE_BOUND('',#8515,.T.);
#8515 = EDGE_LOOP('',(#8516,#8517,#8518,#8526));
#8516 = ORIENTED_EDGE('',*,*,#3401,.F.);
#8517 = ORIENTED_EDGE('',*,*,#8479,.T.);
#8518 = ORIENTED_EDGE('',*,*,#8519,.F.);
#8519 = EDGE_CURVE('',#8520,#8472,#8522,.T.);
#8520 = VERTEX_POINT('',#8521);
#8521 = CARTESIAN_POINT('',(-2.995196839129,6.561329884161,9.8));
#8522 = LINE('',#8523,#8524);
#8523 = CARTESIAN_POINT('',(-1.4891905201,3.445681398783,9.8));
#8524 = VECTOR('',#8525,1.);
#8525 = DIRECTION('',(-0.435194322623,0.900336549051,-5.329593342068E-17
    ));
#8526 = ORIENTED_EDGE('',*,*,#8527,.F.);
#8527 = EDGE_CURVE('',#3402,#8520,#8528,.T.);
#8528 = LINE('',#8529,#8530);
#8529 = CARTESIAN_POINT('',(-2.995196839129,6.561329884161,11.1));
#8530 = VECTOR('',#8531,1.);
#8531 = DIRECTION('',(1.224646799147E-16,0.,-1.));
#8532 = PLANE('',#8533);
#8533 = AXIS2_PLACEMENT_3D('',#8534,#8535,#8536);
#8534 = CARTESIAN_POINT('',(-3.121325969244,6.822267722361,11.1));
#8535 = DIRECTION('',(-0.900336549051,-0.435194322623,
    -1.102594272951E-16));
#8536 = DIRECTION('',(0.435194322623,-0.900336549051,5.329593342068E-17)
  );
#8537 = ADVANCED_FACE('',(#8538),#8556,.T.);
#8538 = FACE_BOUND('',#8539,.T.);
#8539 = EDGE_LOOP('',(#8540,#8541,#8549,#8555));
#8540 = ORIENTED_EDGE('',*,*,#3473,.F.);
#8541 = ORIENTED_EDGE('',*,*,#8542,.T.);
#8542 = EDGE_CURVE('',#3466,#8543,#8545,.T.);
#8543 = VERTEX_POINT('',#8544);
#8544 = CARTESIAN_POINT('',(-2.807649160669,4.200117500511,9.8));
#8545 = LINE('',#8546,#8547);
#8546 = CARTESIAN_POINT('',(-2.807649160669,4.200117500511,11.1));
#8547 = VECTOR('',#8548,1.);
#8548 = DIRECTION('',(1.224646799147E-16,0.,-1.));
#8549 = ORIENTED_EDGE('',*,*,#8550,.F.);
#8550 = EDGE_CURVE('',#8495,#8543,#8551,.T.);
#8551 = LINE('',#8552,#8553);
#8552 = CARTESIAN_POINT('',(-3.259147934245,2.635417871963,9.8));
#8553 = VECTOR('',#8554,1.);
#8554 = DIRECTION('',(0.277241777037,0.960800185817,3.395232548377E-17)
  );
#8555 = ORIENTED_EDGE('',*,*,#8494,.F.);
#8556 = PLANE('',#8557);
#8557 = AXIS2_PLACEMENT_3D('',#8558,#8559,#8560);
#8558 = CARTESIAN_POINT('',(-2.807649160669,4.200117500511,11.1));
#8559 = DIRECTION('',(-0.960800185817,0.277241777037,-1.176640872181E-16
    ));
#8560 = DIRECTION('',(-0.277241777037,-0.960800185817,
    -3.395232548377E-17));
#8561 = ADVANCED_FACE('',(#8562),#8580,.T.);
#8562 = FACE_BOUND('',#8563,.T.);
#8563 = EDGE_LOOP('',(#8564,#8565,#8566,#8574));
#8564 = ORIENTED_EDGE('',*,*,#3409,.F.);
#8565 = ORIENTED_EDGE('',*,*,#8527,.T.);
#8566 = ORIENTED_EDGE('',*,*,#8567,.F.);
#8567 = EDGE_CURVE('',#8568,#8520,#8570,.T.);
#8568 = VERTEX_POINT('',#8569);
#8569 = CARTESIAN_POINT('',(-2.890301168722,6.286318640332,9.8));
#8570 = LINE('',#8571,#8572);
#8571 = CARTESIAN_POINT('',(-1.712596403774,3.198659721581,9.8));
#8572 = VECTOR('',#8573,1.);
#8573 = DIRECTION('',(-0.356379457965,0.934341309127,-4.364389624791E-17
    ));
#8574 = ORIENTED_EDGE('',*,*,#8575,.F.);
#8575 = EDGE_CURVE('',#3410,#8568,#8576,.T.);
#8576 = LINE('',#8577,#8578);
#8577 = CARTESIAN_POINT('',(-2.890301168722,6.286318640332,11.1));
#8578 = VECTOR('',#8579,1.);
#8579 = DIRECTION('',(1.224646799147E-16,0.,-1.));
#8580 = PLANE('',#8581);
#8581 = AXIS2_PLACEMENT_3D('',#8582,#8583,#8584);
#8582 = CARTESIAN_POINT('',(-2.995196839129,6.561329884161,11.1));
#8583 = DIRECTION('',(-0.934341309127,-0.356379457965,
    -1.144238093533E-16));
#8584 = DIRECTION('',(0.356379457965,-0.934341309127,4.364389624791E-17)
  );
#8585 = ADVANCED_FACE('',(#8586),#8604,.T.);
#8586 = FACE_BOUND('',#8587,.T.);
#8587 = EDGE_LOOP('',(#8588,#8589,#8597,#8603));
#8588 = ORIENTED_EDGE('',*,*,#3465,.F.);
#8589 = ORIENTED_EDGE('',*,*,#8590,.T.);
#8590 = EDGE_CURVE('',#3458,#8591,#8593,.T.);
#8591 = VERTEX_POINT('',#8592);
#8592 = CARTESIAN_POINT('',(-2.748036798992,4.49522000175,9.8));
#8593 = LINE('',#8594,#8595);
#8594 = CARTESIAN_POINT('',(-2.748036798992,4.49522000175,11.1));
#8595 = VECTOR('',#8596,1.);
#8596 = DIRECTION('',(1.224646799147E-16,0.,-1.));
#8597 = ORIENTED_EDGE('',*,*,#8598,.F.);
#8598 = EDGE_CURVE('',#8543,#8591,#8599,.T.);
#8599 = LINE('',#8600,#8601);
#8600 = CARTESIAN_POINT('',(-3.13039544329,2.602408022367,9.8));
#8601 = VECTOR('',#8602,1.);
#8602 = DIRECTION('',(0.198006062582,0.980200795338,2.424874907524E-17)
  );
#8603 = ORIENTED_EDGE('',*,*,#8542,.F.);
#8604 = PLANE('',#8605);
#8605 = AXIS2_PLACEMENT_3D('',#8606,#8607,#8608);
#8606 = CARTESIAN_POINT('',(-2.748036798992,4.49522000175,11.1));
#8607 = DIRECTION('',(-0.980200795338,0.198006062582,-1.200399766532E-16
    ));
#8608 = DIRECTION('',(-0.198006062582,-0.980200795338,
    -2.424874907524E-17));
#8609 = ADVANCED_FACE('',(#8610),#8628,.T.);
#8610 = FACE_BOUND('',#8611,.T.);
#8611 = EDGE_LOOP('',(#8612,#8613,#8614,#8622));
#8612 = ORIENTED_EDGE('',*,*,#3417,.F.);
#8613 = ORIENTED_EDGE('',*,*,#8575,.T.);
#8614 = ORIENTED_EDGE('',*,*,#8615,.F.);
#8615 = EDGE_CURVE('',#8616,#8568,#8618,.T.);
#8616 = VERTEX_POINT('',#8617);
#8617 = CARTESIAN_POINT('',(-2.807649160669,5.999882499489,9.8));
#8618 = LINE('',#8619,#8620);
#8619 = CARTESIAN_POINT('',(-1.941966788717,2.999801513424,9.8));
#8620 = VECTOR('',#8621,1.);
#8621 = DIRECTION('',(-0.277241777037,0.960800185817,-3.395232548377E-17
    ));
#8622 = ORIENTED_EDGE('',*,*,#8623,.F.);
#8623 = EDGE_CURVE('',#3418,#8616,#8624,.T.);
#8624 = LINE('',#8625,#8626);
#8625 = CARTESIAN_POINT('',(-2.807649160669,5.999882499489,11.1));
#8626 = VECTOR('',#8627,1.);
#8627 = DIRECTION('',(1.224646799147E-16,0.,-1.));
#8628 = PLANE('',#8629);
#8629 = AXIS2_PLACEMENT_3D('',#8630,#8631,#8632);
#8630 = CARTESIAN_POINT('',(-2.890301168722,6.286318640332,11.1));
#8631 = DIRECTION('',(-0.960800185817,-0.277241777037,
    -1.176640872181E-16));
#8632 = DIRECTION('',(0.277241777037,-0.960800185817,3.395232548377E-17)
  );
#8633 = ADVANCED_FACE('',(#8634),#8652,.T.);
#8634 = FACE_BOUND('',#8635,.T.);
#8635 = EDGE_LOOP('',(#8636,#8637,#8645,#8651));
#8636 = ORIENTED_EDGE('',*,*,#3457,.F.);
#8637 = ORIENTED_EDGE('',*,*,#8638,.T.);
#8638 = EDGE_CURVE('',#3450,#8639,#8641,.T.);
#8639 = VERTEX_POINT('',#8640);
#8640 = CARTESIAN_POINT('',(-2.71203818332,4.796146864978,9.8));
#8641 = LINE('',#8642,#8643);
#8642 = CARTESIAN_POINT('',(-2.71203818332,4.796146864978,11.1));
#8643 = VECTOR('',#8644,1.);
#8644 = DIRECTION('',(1.224646799147E-16,0.,-1.));
#8645 = ORIENTED_EDGE('',*,*,#8646,.F.);
#8646 = EDGE_CURVE('',#8591,#8639,#8647,.T.);
#8647 = LINE('',#8648,#8649);
#8648 = CARTESIAN_POINT('',(-2.975731013518,2.591832761083,9.8));
#8649 = VECTOR('',#8650,1.);
#8650 = DIRECTION('',(0.118778932436,0.992920724534,1.454622394143E-17)
  );
#8651 = ORIENTED_EDGE('',*,*,#8590,.F.);
#8652 = PLANE('',#8653);
#8653 = AXIS2_PLACEMENT_3D('',#8654,#8655,#8656);
#8654 = CARTESIAN_POINT('',(-2.71203818332,4.796146864978,11.1));
#8655 = DIRECTION('',(-0.992920724534,0.118778932436,-1.215977187108E-16
    ));
#8656 = DIRECTION('',(-0.118778932436,-0.992920724534,
    -1.454622394143E-17));
#8657 = ADVANCED_FACE('',(#8658),#8676,.T.);
#8658 = FACE_BOUND('',#8659,.T.);
#8659 = EDGE_LOOP('',(#8660,#8661,#8662,#8670));
#8660 = ORIENTED_EDGE('',*,*,#3425,.F.);
#8661 = ORIENTED_EDGE('',*,*,#8623,.T.);
#8662 = ORIENTED_EDGE('',*,*,#8663,.F.);
#8663 = EDGE_CURVE('',#8664,#8616,#8666,.T.);
#8664 = VERTEX_POINT('',#8665);
#8665 = CARTESIAN_POINT('',(-2.748036798992,5.70477999825,9.8));
#8666 = LINE('',#8667,#8668);
#8667 = CARTESIAN_POINT('',(-2.170364554005,2.84509587243,9.8));
#8668 = VECTOR('',#8669,1.);
#8669 = DIRECTION('',(-0.198006062582,0.980200795338,-2.424874907524E-17
    ));
#8670 = ORIENTED_EDGE('',*,*,#8671,.F.);
#8671 = EDGE_CURVE('',#3426,#8664,#8672,.T.);
#8672 = LINE('',#8673,#8674);
#8673 = CARTESIAN_POINT('',(-2.748036798992,5.70477999825,11.1));
#8674 = VECTOR('',#8675,1.);
#8675 = DIRECTION('',(1.224646799147E-16,0.,-1.));
#8676 = PLANE('',#8677);
#8677 = AXIS2_PLACEMENT_3D('',#8678,#8679,#8680);
#8678 = CARTESIAN_POINT('',(-2.807649160669,5.999882499489,11.1));
#8679 = DIRECTION('',(-0.980200795338,-0.198006062582,
    -1.200399766532E-16));
#8680 = DIRECTION('',(0.198006062582,-0.980200795338,2.424874907524E-17)
  );
#8681 = ADVANCED_FACE('',(#8682),#8700,.T.);
#8682 = FACE_BOUND('',#8683,.T.);
#8683 = EDGE_LOOP('',(#8684,#8685,#8693,#8699));
#8684 = ORIENTED_EDGE('',*,*,#3449,.F.);
#8685 = ORIENTED_EDGE('',*,*,#8686,.T.);
#8686 = EDGE_CURVE('',#3442,#8687,#8689,.T.);
#8687 = VERTEX_POINT('',#8688);
#8688 = CARTESIAN_POINT('',(-2.7,5.1,9.8));
#8689 = LINE('',#8690,#8691);
#8690 = CARTESIAN_POINT('',(-2.7,5.1,11.1));
#8691 = VECTOR('',#8692,1.);
#8692 = DIRECTION('',(1.224646799147E-16,0.,-1.));
#8693 = ORIENTED_EDGE('',*,*,#8694,.F.);
#8694 = EDGE_CURVE('',#8639,#8687,#8695,.T.);
#8695 = LINE('',#8696,#8697);
#8696 = CARTESIAN_POINT('',(-2.798752998088,2.607397315234,9.8));
#8697 = VECTOR('',#8698,1.);
#8698 = DIRECTION('',(3.958737085524E-02,0.999216112795,
    4.848054700453E-18));
#8699 = ORIENTED_EDGE('',*,*,#8638,.F.);
#8700 = PLANE('',#8701);
#8701 = AXIS2_PLACEMENT_3D('',#8702,#8703,#8704);
#8702 = CARTESIAN_POINT('',(-2.7,5.1,11.1));
#8703 = DIRECTION('',(-0.999216112795,3.958737085524E-02,
    -1.223686814191E-16));
#8704 = DIRECTION('',(-3.958737085524E-02,-0.999216112795,
    -4.848054700453E-18));
#8705 = ADVANCED_FACE('',(#8706),#8724,.T.);
#8706 = FACE_BOUND('',#8707,.T.);
#8707 = EDGE_LOOP('',(#8708,#8709,#8710,#8718));
#8708 = ORIENTED_EDGE('',*,*,#3433,.F.);
#8709 = ORIENTED_EDGE('',*,*,#8671,.T.);
#8710 = ORIENTED_EDGE('',*,*,#8711,.F.);
#8711 = EDGE_CURVE('',#8712,#8664,#8714,.T.);
#8712 = VERTEX_POINT('',#8713);
#8713 = CARTESIAN_POINT('',(-2.71203818332,5.403853135022,9.8));
#8714 = LINE('',#8715,#8716);
#8715 = CARTESIAN_POINT('',(-2.392246196718,2.730583687964,9.8));
#8716 = VECTOR('',#8717,1.);
#8717 = DIRECTION('',(-0.118778932436,0.992920724534,-1.454622394143E-17
    ));
#8718 = ORIENTED_EDGE('',*,*,#8719,.F.);
#8719 = EDGE_CURVE('',#3434,#8712,#8720,.T.);
#8720 = LINE('',#8721,#8722);
#8721 = CARTESIAN_POINT('',(-2.71203818332,5.403853135022,11.1));
#8722 = VECTOR('',#8723,1.);
#8723 = DIRECTION('',(1.224646799147E-16,0.,-1.));
#8724 = PLANE('',#8725);
#8725 = AXIS2_PLACEMENT_3D('',#8726,#8727,#8728);
#8726 = CARTESIAN_POINT('',(-2.748036798992,5.70477999825,11.1));
#8727 = DIRECTION('',(-0.992920724534,-0.118778932436,
    -1.215977187108E-16));
#8728 = DIRECTION('',(0.118778932436,-0.992920724534,1.454622394143E-17)
  );
#8729 = ADVANCED_FACE('',(#8730),#8741,.T.);
#8730 = FACE_BOUND('',#8731,.T.);
#8731 = EDGE_LOOP('',(#8732,#8733,#8734,#8740));
#8732 = ORIENTED_EDGE('',*,*,#3441,.F.);
#8733 = ORIENTED_EDGE('',*,*,#8719,.T.);
#8734 = ORIENTED_EDGE('',*,*,#8735,.F.);
#8735 = EDGE_CURVE('',#8687,#8712,#8736,.T.);
#8736 = LINE('',#8737,#8738);
#8737 = CARTESIAN_POINT('',(-2.603034761757,2.652521767926,9.8));
#8738 = VECTOR('',#8739,1.);
#8739 = DIRECTION('',(-3.958737085524E-02,0.999216112795,
    -4.848054700453E-18));
#8740 = ORIENTED_EDGE('',*,*,#8686,.F.);
#8741 = PLANE('',#8742);
#8742 = AXIS2_PLACEMENT_3D('',#8743,#8744,#8745);
#8743 = CARTESIAN_POINT('',(-2.71203818332,5.403853135022,11.1));
#8744 = DIRECTION('',(-0.999216112795,-3.958737085524E-02,
    -1.223686814191E-16));
#8745 = DIRECTION('',(3.958737085524E-02,-0.999216112795,
    4.848054700453E-18));
#8746 = ADVANCED_FACE('',(#8747),#8772,.T.);
#8747 = FACE_BOUND('',#8748,.T.);
#8748 = EDGE_LOOP('',(#8749,#8750,#8758,#8766));
#8749 = ORIENTED_EDGE('',*,*,#3697,.F.);
#8750 = ORIENTED_EDGE('',*,*,#8751,.T.);
#8751 = EDGE_CURVE('',#3698,#8752,#8754,.T.);
#8752 = VERTEX_POINT('',#8753);
#8753 = CARTESIAN_POINT('',(2.71203818332,4.796146864978,9.8));
#8754 = LINE('',#8755,#8756);
#8755 = CARTESIAN_POINT('',(2.71203818332,4.796146864978,11.1));
#8756 = VECTOR('',#8757,1.);
#8757 = DIRECTION('',(1.224646799147E-16,0.,-1.));
#8758 = ORIENTED_EDGE('',*,*,#8759,.F.);
#8759 = EDGE_CURVE('',#8760,#8752,#8762,.T.);
#8760 = VERTEX_POINT('',#8761);
#8761 = CARTESIAN_POINT('',(2.7,5.1,9.8));
#8762 = LINE('',#8763,#8764);
#8763 = CARTESIAN_POINT('',(2.804772089748,2.455470747723,9.8));
#8764 = VECTOR('',#8765,1.);
#8765 = DIRECTION('',(3.958737085524E-02,-0.999216112795,
    4.848054700453E-18));
#8766 = ORIENTED_EDGE('',*,*,#8767,.F.);
#8767 = EDGE_CURVE('',#3700,#8760,#8768,.T.);
#8768 = LINE('',#8769,#8770);
#8769 = CARTESIAN_POINT('',(2.7,5.1,11.1));
#8770 = VECTOR('',#8771,1.);
#8771 = DIRECTION('',(1.224646799147E-16,0.,-1.));
#8772 = PLANE('',#8773);
#8773 = AXIS2_PLACEMENT_3D('',#8774,#8775,#8776);
#8774 = CARTESIAN_POINT('',(2.71203818332,4.796146864978,11.1));
#8775 = DIRECTION('',(0.999216112795,3.958737085524E-02,
    1.223686814191E-16));
#8776 = DIRECTION('',(-3.958737085524E-02,0.999216112795,
    -4.848054700453E-18));
#8777 = ADVANCED_FACE('',(#8778),#8796,.T.);
#8778 = FACE_BOUND('',#8779,.T.);
#8779 = EDGE_LOOP('',(#8780,#8781,#8789,#8795));
#8780 = ORIENTED_EDGE('',*,*,#4203,.F.);
#8781 = ORIENTED_EDGE('',*,*,#8782,.T.);
#8782 = EDGE_CURVE('',#4196,#8783,#8785,.T.);
#8783 = VERTEX_POINT('',#8784);
#8784 = CARTESIAN_POINT('',(2.748036798992,4.49522000175,9.8));
#8785 = LINE('',#8786,#8787);
#8786 = CARTESIAN_POINT('',(2.748036798992,4.49522000175,11.1));
#8787 = VECTOR('',#8788,1.);
#8788 = DIRECTION('',(1.224646799147E-16,0.,-1.));
#8789 = ORIENTED_EDGE('',*,*,#8790,.F.);
#8790 = EDGE_CURVE('',#8752,#8783,#8791,.T.);
#8791 = LINE('',#8792,#8793);
#8792 = CARTESIAN_POINT('',(2.993730321354,2.441369329469,9.8));
#8793 = VECTOR('',#8794,1.);
#8794 = DIRECTION('',(0.118778932436,-0.992920724534,1.454622394143E-17)
  );
#8795 = ORIENTED_EDGE('',*,*,#8751,.F.);
#8796 = PLANE('',#8797);
#8797 = AXIS2_PLACEMENT_3D('',#8798,#8799,#8800);
#8798 = CARTESIAN_POINT('',(2.748036798992,4.49522000175,11.1));
#8799 = DIRECTION('',(0.992920724534,0.118778932436,1.215977187108E-16)
  );
#8800 = DIRECTION('',(-0.118778932436,0.992920724534,-1.454622394143E-17
    ));
#8801 = ADVANCED_FACE('',(#8802),#8820,.T.);
#8802 = FACE_BOUND('',#8803,.T.);
#8803 = EDGE_LOOP('',(#8804,#8805,#8806,#8814));
#8804 = ORIENTED_EDGE('',*,*,#3707,.F.);
#8805 = ORIENTED_EDGE('',*,*,#8767,.T.);
#8806 = ORIENTED_EDGE('',*,*,#8807,.F.);
#8807 = EDGE_CURVE('',#8808,#8760,#8810,.T.);
#8808 = VERTEX_POINT('',#8809);
#8809 = CARTESIAN_POINT('',(2.71203818332,5.403853135022,9.8));
#8810 = LINE('',#8811,#8812);
#8811 = CARTESIAN_POINT('',(2.597015670097,2.500595200415,9.8));
#8812 = VECTOR('',#8813,1.);
#8813 = DIRECTION('',(-3.958737085524E-02,-0.999216112795,
    -4.848054700453E-18));
#8814 = ORIENTED_EDGE('',*,*,#8815,.F.);
#8815 = EDGE_CURVE('',#3708,#8808,#8816,.T.);
#8816 = LINE('',#8817,#8818);
#8817 = CARTESIAN_POINT('',(2.71203818332,5.403853135022,11.1));
#8818 = VECTOR('',#8819,1.);
#8819 = DIRECTION('',(1.224646799147E-16,0.,-1.));
#8820 = PLANE('',#8821);
#8821 = AXIS2_PLACEMENT_3D('',#8822,#8823,#8824);
#8822 = CARTESIAN_POINT('',(2.7,5.1,11.1));
#8823 = DIRECTION('',(0.999216112795,-3.958737085524E-02,
    1.223686814191E-16));
#8824 = DIRECTION('',(3.958737085524E-02,0.999216112795,
    4.848054700453E-18));
#8825 = ADVANCED_FACE('',(#8826),#8844,.T.);
#8826 = FACE_BOUND('',#8827,.T.);
#8827 = EDGE_LOOP('',(#8828,#8829,#8837,#8843));
#8828 = ORIENTED_EDGE('',*,*,#4195,.F.);
#8829 = ORIENTED_EDGE('',*,*,#8830,.T.);
#8830 = EDGE_CURVE('',#4188,#8831,#8833,.T.);
#8831 = VERTEX_POINT('',#8832);
#8832 = CARTESIAN_POINT('',(2.807649160669,4.200117500511,9.8));
#8833 = LINE('',#8834,#8835);
#8834 = CARTESIAN_POINT('',(2.807649160669,4.200117500511,11.1));
#8835 = VECTOR('',#8836,1.);
#8836 = DIRECTION('',(1.224646799147E-16,0.,-1.));
#8837 = ORIENTED_EDGE('',*,*,#8838,.F.);
#8838 = EDGE_CURVE('',#8783,#8831,#8839,.T.);
#8839 = LINE('',#8840,#8841);
#8840 = CARTESIAN_POINT('',(3.160201624129,2.454856771747,9.8));
#8841 = VECTOR('',#8842,1.);
#8842 = DIRECTION('',(0.198006062582,-0.980200795338,2.424874907524E-17)
  );
#8843 = ORIENTED_EDGE('',*,*,#8782,.F.);
#8844 = PLANE('',#8845);
#8845 = AXIS2_PLACEMENT_3D('',#8846,#8847,#8848);
#8846 = CARTESIAN_POINT('',(2.807649160669,4.200117500511,11.1));
#8847 = DIRECTION('',(0.980200795338,0.198006062582,1.200399766532E-16)
  );
#8848 = DIRECTION('',(-0.198006062582,0.980200795338,-2.424874907524E-17
    ));
#8849 = ADVANCED_FACE('',(#8850),#8868,.T.);
#8850 = FACE_BOUND('',#8851,.T.);
#8851 = EDGE_LOOP('',(#8852,#8853,#8854,#8862));
#8852 = ORIENTED_EDGE('',*,*,#3715,.F.);
#8853 = ORIENTED_EDGE('',*,*,#8815,.T.);
#8854 = ORIENTED_EDGE('',*,*,#8855,.F.);
#8855 = EDGE_CURVE('',#8856,#8808,#8858,.T.);
#8856 = VERTEX_POINT('',#8857);
#8857 = CARTESIAN_POINT('',(2.748036798992,5.70477999825,9.8));
#8858 = LINE('',#8859,#8860);
#8859 = CARTESIAN_POINT('',(2.374246888882,2.58012025635,9.8));
#8860 = VECTOR('',#8861,1.);
#8861 = DIRECTION('',(-0.118778932436,-0.992920724534,
    -1.454622394143E-17));
#8862 = ORIENTED_EDGE('',*,*,#8863,.F.);
#8863 = EDGE_CURVE('',#3716,#8856,#8864,.T.);
#8864 = LINE('',#8865,#8866);
#8865 = CARTESIAN_POINT('',(2.748036798992,5.70477999825,11.1));
#8866 = VECTOR('',#8867,1.);
#8867 = DIRECTION('',(1.224646799147E-16,0.,-1.));
#8868 = PLANE('',#8869);
#8869 = AXIS2_PLACEMENT_3D('',#8870,#8871,#8872);
#8870 = CARTESIAN_POINT('',(2.71203818332,5.403853135022,11.1));
#8871 = DIRECTION('',(0.992920724534,-0.118778932436,1.215977187108E-16)
  );
#8872 = DIRECTION('',(0.118778932436,0.992920724534,1.454622394143E-17)
  );
#8873 = ADVANCED_FACE('',(#8874),#8892,.T.);
#8874 = FACE_BOUND('',#8875,.T.);
#8875 = EDGE_LOOP('',(#8876,#8877,#8885,#8891));
#8876 = ORIENTED_EDGE('',*,*,#4187,.F.);
#8877 = ORIENTED_EDGE('',*,*,#8878,.T.);
#8878 = EDGE_CURVE('',#4180,#8879,#8881,.T.);
#8879 = VERTEX_POINT('',#8880);
#8880 = CARTESIAN_POINT('',(2.890301168722,3.913681359668,9.8));
#8881 = LINE('',#8882,#8883);
#8882 = CARTESIAN_POINT('',(2.890301168722,3.913681359668,11.1));
#8883 = VECTOR('',#8884,1.);
#8884 = DIRECTION('',(1.224646799147E-16,0.,-1.));
#8885 = ORIENTED_EDGE('',*,*,#8886,.F.);
#8886 = EDGE_CURVE('',#8831,#8879,#8887,.T.);
#8887 = LINE('',#8888,#8889);
#8888 = CARTESIAN_POINT('',(3.300473938271,2.492199801542,9.8));
#8889 = VECTOR('',#8890,1.);
#8890 = DIRECTION('',(0.277241777037,-0.960800185817,3.395232548377E-17)
  );
#8891 = ORIENTED_EDGE('',*,*,#8830,.F.);
#8892 = PLANE('',#8893);
#8893 = AXIS2_PLACEMENT_3D('',#8894,#8895,#8896);
#8894 = CARTESIAN_POINT('',(2.890301168722,3.913681359668,11.1));
#8895 = DIRECTION('',(0.960800185817,0.277241777037,1.176640872181E-16)
  );
#8896 = DIRECTION('',(-0.277241777037,0.960800185817,-3.395232548377E-17
    ));
#8897 = ADVANCED_FACE('',(#8898),#8916,.T.);
#8898 = FACE_BOUND('',#8899,.T.);
#8899 = EDGE_LOOP('',(#8900,#8901,#8902,#8910));
#8900 = ORIENTED_EDGE('',*,*,#3723,.F.);
#8901 = ORIENTED_EDGE('',*,*,#8863,.T.);
#8902 = ORIENTED_EDGE('',*,*,#8903,.F.);
#8903 = EDGE_CURVE('',#8904,#8856,#8906,.T.);
#8904 = VERTEX_POINT('',#8905);
#8905 = CARTESIAN_POINT('',(2.807649160669,5.999882499489,9.8));
#8906 = LINE('',#8907,#8908);
#8907 = CARTESIAN_POINT('',(2.140558373166,2.697544621811,9.8));
#8908 = VECTOR('',#8909,1.);
#8909 = DIRECTION('',(-0.198006062582,-0.980200795338,
    -2.424874907524E-17));
#8910 = ORIENTED_EDGE('',*,*,#8911,.F.);
#8911 = EDGE_CURVE('',#3724,#8904,#8912,.T.);
#8912 = LINE('',#8913,#8914);
#8913 = CARTESIAN_POINT('',(2.807649160669,5.999882499489,11.1));
#8914 = VECTOR('',#8915,1.);
#8915 = DIRECTION('',(1.224646799147E-16,0.,-1.));
#8916 = PLANE('',#8917);
#8917 = AXIS2_PLACEMENT_3D('',#8918,#8919,#8920);
#8918 = CARTESIAN_POINT('',(2.748036798992,5.70477999825,11.1));
#8919 = DIRECTION('',(0.980200795338,-0.198006062582,1.200399766532E-16)
  );
#8920 = DIRECTION('',(0.198006062582,0.980200795338,2.424874907524E-17)
  );
#8921 = ADVANCED_FACE('',(#8922),#8940,.T.);
#8922 = FACE_BOUND('',#8923,.T.);
#8923 = EDGE_LOOP('',(#8924,#8925,#8933,#8939));
#8924 = ORIENTED_EDGE('',*,*,#4179,.F.);
#8925 = ORIENTED_EDGE('',*,*,#8926,.T.);
#8926 = EDGE_CURVE('',#4172,#8927,#8929,.T.);
#8927 = VERTEX_POINT('',#8928);
#8928 = CARTESIAN_POINT('',(2.995196839129,3.638670115839,9.8));
#8929 = LINE('',#8930,#8931);
#8930 = CARTESIAN_POINT('',(2.995196839129,3.638670115839,11.1));
#8931 = VECTOR('',#8932,1.);
#8932 = DIRECTION('',(1.224646799147E-16,0.,-1.));
#8933 = ORIENTED_EDGE('',*,*,#8934,.F.);
#8934 = EDGE_CURVE('',#8879,#8927,#8935,.T.);
#8935 = LINE('',#8936,#8937);
#8936 = CARTESIAN_POINT('',(3.41079465521,2.549072500523,9.8));
#8937 = VECTOR('',#8938,1.);
#8938 = DIRECTION('',(0.356379457965,-0.934341309127,4.364389624791E-17)
  );
#8939 = ORIENTED_EDGE('',*,*,#8878,.F.);
#8940 = PLANE('',#8941);
#8941 = AXIS2_PLACEMENT_3D('',#8942,#8943,#8944);
#8942 = CARTESIAN_POINT('',(2.995196839129,3.638670115839,11.1));
#8943 = DIRECTION('',(0.934341309127,0.356379457965,1.144238093533E-16)
  );
#8944 = DIRECTION('',(-0.356379457965,0.934341309127,-4.364389624791E-17
    ));
#8945 = ADVANCED_FACE('',(#8946),#8964,.T.);
#8946 = FACE_BOUND('',#8947,.T.);
#8947 = EDGE_LOOP('',(#8948,#8949,#8950,#8958));
#8948 = ORIENTED_EDGE('',*,*,#3731,.F.);
#8949 = ORIENTED_EDGE('',*,*,#8911,.T.);
#8950 = ORIENTED_EDGE('',*,*,#8951,.F.);
#8951 = EDGE_CURVE('',#8952,#8904,#8954,.T.);
#8952 = VERTEX_POINT('',#8953);
#8953 = CARTESIAN_POINT('',(2.890301168722,6.286318640332,9.8));
#8954 = LINE('',#8955,#8956);
#8955 = CARTESIAN_POINT('',(1.900640784691,2.856583443002,9.8));
#8956 = VECTOR('',#8957,1.);
#8957 = DIRECTION('',(-0.277241777037,-0.960800185817,
    -3.395232548377E-17));
#8958 = ORIENTED_EDGE('',*,*,#8959,.F.);
#8959 = EDGE_CURVE('',#3732,#8952,#8960,.T.);
#8960 = LINE('',#8961,#8962);
#8961 = CARTESIAN_POINT('',(2.890301168722,6.286318640332,11.1));
#8962 = VECTOR('',#8963,1.);
#8963 = DIRECTION('',(1.224646799147E-16,0.,-1.));
#8964 = PLANE('',#8965);
#8965 = AXIS2_PLACEMENT_3D('',#8966,#8967,#8968);
#8966 = CARTESIAN_POINT('',(2.807649160669,5.999882499489,11.1));
#8967 = DIRECTION('',(0.960800185817,-0.277241777037,1.176640872181E-16)
  );
#8968 = DIRECTION('',(0.277241777037,0.960800185817,3.395232548377E-17)
  );
#8969 = ADVANCED_FACE('',(#8970),#8988,.T.);
#8970 = FACE_BOUND('',#8971,.T.);
#8971 = EDGE_LOOP('',(#8972,#8973,#8981,#8987));
#8972 = ORIENTED_EDGE('',*,*,#4171,.F.);
#8973 = ORIENTED_EDGE('',*,*,#8974,.T.);
#8974 = EDGE_CURVE('',#4164,#8975,#8977,.T.);
#8975 = VERTEX_POINT('',#8976);
#8976 = CARTESIAN_POINT('',(3.121325969244,3.377732277639,9.8));
#8977 = LINE('',#8978,#8979);
#8978 = CARTESIAN_POINT('',(3.121325969244,3.377732277639,11.1));
#8979 = VECTOR('',#8980,1.);
#8980 = DIRECTION('',(1.224646799147E-16,0.,-1.));
#8981 = ORIENTED_EDGE('',*,*,#8982,.F.);
#8982 = EDGE_CURVE('',#8927,#8975,#8983,.T.);
#8983 = LINE('',#8984,#8985);
#8984 = CARTESIAN_POINT('',(3.487479428543,2.620228503275,9.8));
#8985 = VECTOR('',#8986,1.);
#8986 = DIRECTION('',(0.435194322623,-0.900336549051,5.329593342068E-17)
  );
#8987 = ORIENTED_EDGE('',*,*,#8926,.F.);
#8988 = PLANE('',#8989);
#8989 = AXIS2_PLACEMENT_3D('',#8990,#8991,#8992);
#8990 = CARTESIAN_POINT('',(3.121325969244,3.377732277639,11.1));
#8991 = DIRECTION('',(0.900336549051,0.435194322623,1.102594272951E-16)
  );
#8992 = DIRECTION('',(-0.435194322623,0.900336549051,-5.329593342068E-17
    ));
#8993 = ADVANCED_FACE('',(#8994),#9012,.T.);
#8994 = FACE_BOUND('',#8995,.T.);
#8995 = EDGE_LOOP('',(#8996,#8997,#8998,#9006));
#8996 = ORIENTED_EDGE('',*,*,#3739,.F.);
#8997 = ORIENTED_EDGE('',*,*,#8959,.T.);
#8998 = ORIENTED_EDGE('',*,*,#8999,.F.);
#8999 = EDGE_CURVE('',#9000,#8952,#9002,.T.);
#9000 = VERTEX_POINT('',#9001);
#9001 = CARTESIAN_POINT('',(2.995196839129,6.561329884161,9.8));
#9002 = LINE('',#9003,#9004);
#9003 = CARTESIAN_POINT('',(1.66014856857,3.061154099667,9.8));
#9004 = VECTOR('',#9005,1.);
#9005 = DIRECTION('',(-0.356379457965,-0.934341309127,
    -4.364389624791E-17));
#9006 = ORIENTED_EDGE('',*,*,#9007,.F.);
#9007 = EDGE_CURVE('',#3740,#9000,#9008,.T.);
#9008 = LINE('',#9009,#9010);
#9009 = CARTESIAN_POINT('',(2.995196839129,6.561329884161,11.1));
#9010 = VECTOR('',#9011,1.);
#9011 = DIRECTION('',(1.224646799147E-16,0.,-1.));
#9012 = PLANE('',#9013);
#9013 = AXIS2_PLACEMENT_3D('',#9014,#9015,#9016);
#9014 = CARTESIAN_POINT('',(2.890301168722,6.286318640332,11.1));
#9015 = DIRECTION('',(0.934341309127,-0.356379457965,1.144238093533E-16)
  );
#9016 = DIRECTION('',(0.356379457965,0.934341309127,4.364389624791E-17)
  );
#9017 = ADVANCED_FACE('',(#9018),#9036,.T.);
#9018 = FACE_BOUND('',#9019,.T.);
#9019 = EDGE_LOOP('',(#9020,#9021,#9029,#9035));
#9020 = ORIENTED_EDGE('',*,*,#4163,.F.);
#9021 = ORIENTED_EDGE('',*,*,#9022,.T.);
#9022 = EDGE_CURVE('',#4156,#9023,#9025,.T.);
#9023 = VERTEX_POINT('',#9024);
#9024 = CARTESIAN_POINT('',(3.267473866593,3.133380819093,9.8));
#9025 = LINE('',#9026,#9027);
#9026 = CARTESIAN_POINT('',(3.267473866593,3.133380819093,11.1));
#9027 = VECTOR('',#9028,1.);
#9028 = DIRECTION('',(1.224646799147E-16,0.,-1.));
#9029 = ORIENTED_EDGE('',*,*,#9030,.F.);
#9030 = EDGE_CURVE('',#8975,#9023,#9031,.T.);
#9031 = LINE('',#9032,#9033);
#9032 = CARTESIAN_POINT('',(3.527178840065,2.699168009941,9.8));
#9033 = VECTOR('',#9034,1.);
#9034 = DIRECTION('',(0.51329961757,-0.85820947478,6.286107336605E-17));
#9035 = ORIENTED_EDGE('',*,*,#8974,.F.);
#9036 = PLANE('',#9037);
#9037 = AXIS2_PLACEMENT_3D('',#9038,#9039,#9040);
#9038 = CARTESIAN_POINT('',(3.267473866593,3.133380819093,11.1));
#9039 = DIRECTION('',(0.85820947478,0.51329961757,1.051003486288E-16));
#9040 = DIRECTION('',(-0.51329961757,0.85820947478,-6.286107336605E-17)
  );
#9041 = ADVANCED_FACE('',(#9042),#9060,.T.);
#9042 = FACE_BOUND('',#9043,.T.);
#9043 = EDGE_LOOP('',(#9044,#9045,#9046,#9054));
#9044 = ORIENTED_EDGE('',*,*,#3747,.F.);
#9045 = ORIENTED_EDGE('',*,*,#9007,.T.);
#9046 = ORIENTED_EDGE('',*,*,#9047,.F.);
#9047 = EDGE_CURVE('',#9048,#9000,#9050,.T.);
#9048 = VERTEX_POINT('',#9049);
#9049 = CARTESIAN_POINT('',(3.121325969244,6.822267722361,9.8));
#9050 = LINE('',#9051,#9052);
#9051 = CARTESIAN_POINT('',(1.426125955043,3.315212479683,9.8));
#9052 = VECTOR('',#9053,1.);
#9053 = DIRECTION('',(-0.435194322623,-0.900336549051,
    -5.329593342068E-17));
#9054 = ORIENTED_EDGE('',*,*,#9055,.F.);
#9055 = EDGE_CURVE('',#3748,#9048,#9056,.T.);
#9056 = LINE('',#9057,#9058);
#9057 = CARTESIAN_POINT('',(3.121325969244,6.822267722361,11.1));
#9058 = VECTOR('',#9059,1.);
#9059 = DIRECTION('',(1.224646799147E-16,0.,-1.));
#9060 = PLANE('',#9061);
#9061 = AXIS2_PLACEMENT_3D('',#9062,#9063,#9064);
#9062 = CARTESIAN_POINT('',(2.995196839129,6.561329884161,11.1));
#9063 = DIRECTION('',(0.900336549051,-0.435194322623,1.102594272951E-16)
  );
#9064 = DIRECTION('',(0.435194322623,0.900336549051,5.329593342068E-17)
  );
#9065 = ADVANCED_FACE('',(#9066),#9084,.T.);
#9066 = FACE_BOUND('',#9067,.T.);
#9067 = EDGE_LOOP('',(#9068,#9069,#9077,#9083));
#9068 = ORIENTED_EDGE('',*,*,#4155,.F.);
#9069 = ORIENTED_EDGE('',*,*,#9070,.T.);
#9070 = EDGE_CURVE('',#4148,#9071,#9073,.T.);
#9071 = VERTEX_POINT('',#9072);
#9072 = CARTESIAN_POINT('',(3.432233047034,2.907968978322,9.8));
#9073 = LINE('',#9074,#9075);
#9074 = CARTESIAN_POINT('',(3.432233047034,2.907968978322,11.1));
#9075 = VECTOR('',#9076,1.);
#9076 = DIRECTION('',(1.224646799147E-16,0.,-1.));
#9077 = ORIENTED_EDGE('',*,*,#9078,.F.);
#9078 = EDGE_CURVE('',#9023,#9071,#9079,.T.);
#9079 = LINE('',#9080,#9081);
#9080 = CARTESIAN_POINT('',(3.527338630868,2.777852254857,9.8));
#9081 = VECTOR('',#9082,1.);
#9082 = DIRECTION('',(0.590098636788,-0.807331158114,7.226624067237E-17)
  );
#9083 = ORIENTED_EDGE('',*,*,#9022,.F.);
#9084 = PLANE('',#9085);
#9085 = AXIS2_PLACEMENT_3D('',#9086,#9087,#9088);
#9086 = CARTESIAN_POINT('',(3.432233047034,2.907968978322,11.1));
#9087 = DIRECTION('',(0.807331158114,0.590098636788,9.886955186357E-17)
  );
#9088 = DIRECTION('',(-0.590098636788,0.807331158114,-7.226624067237E-17
    ));
#9089 = ADVANCED_FACE('',(#9090),#9108,.T.);
#9090 = FACE_BOUND('',#9091,.T.);
#9091 = EDGE_LOOP('',(#9092,#9093,#9094,#9102));
#9092 = ORIENTED_EDGE('',*,*,#3755,.F.);
#9093 = ORIENTED_EDGE('',*,*,#9055,.T.);
#9094 = ORIENTED_EDGE('',*,*,#9095,.F.);
#9095 = EDGE_CURVE('',#9096,#9048,#9098,.T.);
#9096 = VERTEX_POINT('',#9097);
#9097 = CARTESIAN_POINT('',(3.267473866593,7.066619180907,9.8));
#9098 = LINE('',#9099,#9100);
#9099 = CARTESIAN_POINT('',(1.207460055873,3.622386397512,9.8));
#9100 = VECTOR('',#9101,1.);
#9101 = DIRECTION('',(-0.51329961757,-0.85820947478,-6.286107336605E-17)
  );
#9102 = ORIENTED_EDGE('',*,*,#9103,.F.);
#9103 = EDGE_CURVE('',#3756,#9096,#9104,.T.);
#9104 = LINE('',#9105,#9106);
#9105 = CARTESIAN_POINT('',(3.267473866593,7.066619180907,11.1));
#9106 = VECTOR('',#9107,1.);
#9107 = DIRECTION('',(1.224646799147E-16,0.,-1.));
#9108 = PLANE('',#9109);
#9109 = AXIS2_PLACEMENT_3D('',#9110,#9111,#9112);
#9110 = CARTESIAN_POINT('',(3.121325969244,6.822267722361,11.1));
#9111 = DIRECTION('',(0.85820947478,-0.51329961757,1.051003486288E-16));
#9112 = DIRECTION('',(0.51329961757,0.85820947478,6.286107336605E-17));
#9113 = ADVANCED_FACE('',(#9114),#9132,.T.);
#9114 = FACE_BOUND('',#9115,.T.);
#9115 = EDGE_LOOP('',(#9116,#9117,#9125,#9131));
#9116 = ORIENTED_EDGE('',*,*,#4147,.F.);
#9117 = ORIENTED_EDGE('',*,*,#9118,.T.);
#9118 = EDGE_CURVE('',#4140,#9119,#9121,.T.);
#9119 = VERTEX_POINT('',#9120);
#9120 = CARTESIAN_POINT('',(3.614016789591,2.703667594576,9.8));
#9121 = LINE('',#9122,#9123);
#9122 = CARTESIAN_POINT('',(3.614016789591,2.703667594576,11.1));
#9123 = VECTOR('',#9124,1.);
#9124 = DIRECTION('',(1.224646799147E-16,0.,-1.));
#9125 = ORIENTED_EDGE('',*,*,#9126,.F.);
#9126 = EDGE_CURVE('',#9071,#9119,#9127,.T.);
#9127 = LINE('',#9128,#9129);
#9128 = CARTESIAN_POINT('',(3.486879585821,2.846553346021,9.8));
#9129 = VECTOR('',#9130,1.);
#9130 = DIRECTION('',(0.664736580563,-0.747077826241,8.140675256625E-17)
  );
#9131 = ORIENTED_EDGE('',*,*,#9070,.F.);
#9132 = PLANE('',#9133);
#9133 = AXIS2_PLACEMENT_3D('',#9134,#9135,#9136);
#9134 = CARTESIAN_POINT('',(3.614016789591,2.703667594576,11.1));
#9135 = DIRECTION('',(0.747077826241,0.664736580563,9.149064686205E-17)
  );
#9136 = DIRECTION('',(-0.664736580563,0.747077826241,-8.140675256625E-17
    ));
#9137 = ADVANCED_FACE('',(#9138),#9156,.T.);
#9138 = FACE_BOUND('',#9139,.T.);
#9139 = EDGE_LOOP('',(#9140,#9141,#9142,#9150));
#9140 = ORIENTED_EDGE('',*,*,#3763,.F.);
#9141 = ORIENTED_EDGE('',*,*,#9103,.T.);
#9142 = ORIENTED_EDGE('',*,*,#9143,.F.);
#9143 = EDGE_CURVE('',#9144,#9096,#9146,.T.);
#9144 = VERTEX_POINT('',#9145);
#9145 = CARTESIAN_POINT('',(3.432233047034,7.292031021678,9.8));
#9146 = LINE('',#9147,#9148);
#9147 = CARTESIAN_POINT('',(1.015293459867,3.985345470567,9.8));
#9148 = VECTOR('',#9149,1.);
#9149 = DIRECTION('',(-0.590098636788,-0.807331158114,
    -7.226624067237E-17));
#9150 = ORIENTED_EDGE('',*,*,#9151,.F.);
#9151 = EDGE_CURVE('',#3764,#9144,#9152,.T.);
#9152 = LINE('',#9153,#9154);
#9153 = CARTESIAN_POINT('',(3.432233047034,7.292031021678,11.1));
#9154 = VECTOR('',#9155,1.);
#9155 = DIRECTION('',(1.224646799147E-16,0.,-1.));
#9156 = PLANE('',#9157);
#9157 = AXIS2_PLACEMENT_3D('',#9158,#9159,#9160);
#9158 = CARTESIAN_POINT('',(3.267473866593,7.066619180907,11.1));
#9159 = DIRECTION('',(0.807331158114,-0.590098636788,9.886955186357E-17)
  );
#9160 = DIRECTION('',(0.590098636788,0.807331158114,7.226624067237E-17)
  );
#9161 = ADVANCED_FACE('',(#9162),#9180,.T.);
#9162 = FACE_BOUND('',#9163,.T.);
#9163 = EDGE_LOOP('',(#9164,#9165,#9173,#9179));
#9164 = ORIENTED_EDGE('',*,*,#4139,.F.);
#9165 = ORIENTED_EDGE('',*,*,#9166,.T.);
#9166 = EDGE_CURVE('',#4132,#9167,#9169,.T.);
#9167 = VERTEX_POINT('',#9168);
#9168 = CARTESIAN_POINT('',(3.811074417451,2.522444201862,9.8));
#9169 = LINE('',#9170,#9171);
#9170 = CARTESIAN_POINT('',(3.811074417451,2.522444201862,11.1));
#9171 = VECTOR('',#9172,1.);
#9172 = DIRECTION('',(1.224646799147E-16,0.,-1.));
#9173 = ORIENTED_EDGE('',*,*,#9174,.F.);
#9174 = EDGE_CURVE('',#9119,#9167,#9175,.T.);
#9175 = LINE('',#9176,#9177);
#9176 = CARTESIAN_POINT('',(3.407087696801,2.893969247213,9.8));
#9177 = VECTOR('',#9178,1.);
#9178 = DIRECTION('',(0.736060580988,-0.676915667654,9.014142344855E-17)
  );
#9179 = ORIENTED_EDGE('',*,*,#9118,.F.);
#9180 = PLANE('',#9181);
#9181 = AXIS2_PLACEMENT_3D('',#9182,#9183,#9184);
#9182 = CARTESIAN_POINT('',(3.811074417451,2.522444201862,11.1));
#9183 = DIRECTION('',(0.676915667654,0.736060580988,8.289826056853E-17)
  );
#9184 = DIRECTION('',(-0.736060580988,0.676915667654,-9.014142344855E-17
    ));
#9185 = ADVANCED_FACE('',(#9186),#9204,.T.);
#9186 = FACE_BOUND('',#9187,.T.);
#9187 = EDGE_LOOP('',(#9188,#9189,#9190,#9198));
#9188 = ORIENTED_EDGE('',*,*,#3771,.F.);
#9189 = ORIENTED_EDGE('',*,*,#9151,.T.);
#9190 = ORIENTED_EDGE('',*,*,#9191,.F.);
#9191 = EDGE_CURVE('',#9192,#9144,#9194,.T.);
#9192 = VERTEX_POINT('',#9193);
#9193 = CARTESIAN_POINT('',(3.614016789591,7.496332405424,9.8));
#9194 = LINE('',#9195,#9196);
#9195 = CARTESIAN_POINT('',(0.863276920429,4.404857041952,9.8));
#9196 = VECTOR('',#9197,1.);
#9197 = DIRECTION('',(-0.664736580563,-0.747077826241,
    -8.140675256625E-17));
#9198 = ORIENTED_EDGE('',*,*,#9199,.F.);
#9199 = EDGE_CURVE('',#3772,#9192,#9200,.T.);
#9200 = LINE('',#9201,#9202);
#9201 = CARTESIAN_POINT('',(3.614016789591,7.496332405424,11.1));
#9202 = VECTOR('',#9203,1.);
#9203 = DIRECTION('',(1.224646799147E-16,0.,-1.));
#9204 = PLANE('',#9205);
#9205 = AXIS2_PLACEMENT_3D('',#9206,#9207,#9208);
#9206 = CARTESIAN_POINT('',(3.432233047034,7.292031021678,11.1));
#9207 = DIRECTION('',(0.747077826241,-0.664736580563,9.149064686205E-17)
  );
#9208 = DIRECTION('',(0.664736580563,0.747077826241,8.140675256625E-17)
  );
#9209 = ADVANCED_FACE('',(#9210),#9228,.T.);
#9210 = FACE_BOUND('',#9211,.T.);
#9211 = EDGE_LOOP('',(#9212,#9213,#9221,#9227));
#9212 = ORIENTED_EDGE('',*,*,#4131,.F.);
#9213 = ORIENTED_EDGE('',*,*,#9214,.T.);
#9214 = EDGE_CURVE('',#4124,#9215,#9217,.T.);
#9215 = VERTEX_POINT('',#9216);
#9216 = CARTESIAN_POINT('',(4.021508157935,2.36604408052,9.8));
#9217 = LINE('',#9218,#9219);
#9218 = CARTESIAN_POINT('',(4.021508157935,2.36604408052,11.1));
#9219 = VECTOR('',#9220,1.);
#9220 = DIRECTION('',(1.224646799147E-16,0.,-1.));
#9221 = ORIENTED_EDGE('',*,*,#9222,.F.);
#9222 = EDGE_CURVE('',#9167,#9215,#9223,.T.);
#9223 = LINE('',#9224,#9225);
#9224 = CARTESIAN_POINT('',(3.292630814753,2.907765691583,9.8));
#9225 = VECTOR('',#9226,1.);
#9226 = DIRECTION('',(0.802601572549,-0.596515478208,9.829034468127E-17)
  );
#9227 = ORIENTED_EDGE('',*,*,#9166,.F.);
#9228 = PLANE('',#9229);
#9229 = AXIS2_PLACEMENT_3D('',#9230,#9231,#9232);
#9230 = CARTESIAN_POINT('',(4.021508157935,2.36604408052,11.1));
#9231 = DIRECTION('',(0.596515478208,0.802601572549,7.305207710295E-17)
  );
#9232 = DIRECTION('',(-0.802601572549,0.596515478208,-9.829034468127E-17
    ));
#9233 = ADVANCED_FACE('',(#9234),#9252,.T.);
#9234 = FACE_BOUND('',#9235,.T.);
#9235 = EDGE_LOOP('',(#9236,#9237,#9238,#9246));
#9236 = ORIENTED_EDGE('',*,*,#3779,.F.);
#9237 = ORIENTED_EDGE('',*,*,#9199,.T.);
#9238 = ORIENTED_EDGE('',*,*,#9239,.F.);
#9239 = EDGE_CURVE('',#9240,#9192,#9242,.T.);
#9240 = VERTEX_POINT('',#9241);
#9241 = CARTESIAN_POINT('',(3.811074417451,7.677555798138,9.8));
#9242 = LINE('',#9243,#9244);
#9243 = CARTESIAN_POINT('',(0.767479090843,4.878523468741,9.8));
#9244 = VECTOR('',#9245,1.);
#9245 = DIRECTION('',(-0.736060580988,-0.676915667654,
    -9.014142344855E-17));
#9246 = ORIENTED_EDGE('',*,*,#9247,.F.);
#9247 = EDGE_CURVE('',#3780,#9240,#9248,.T.);
#9248 = LINE('',#9249,#9250);
#9249 = CARTESIAN_POINT('',(3.811074417451,7.677555798138,11.1));
#9250 = VECTOR('',#9251,1.);
#9251 = DIRECTION('',(1.224646799147E-16,0.,-1.));
#9252 = PLANE('',#9253);
#9253 = AXIS2_PLACEMENT_3D('',#9254,#9255,#9256);
#9254 = CARTESIAN_POINT('',(3.614016789591,7.496332405424,11.1));
#9255 = DIRECTION('',(0.676915667654,-0.736060580988,8.289826056853E-17)
  );
#9256 = DIRECTION('',(0.736060580988,0.676915667654,9.014142344855E-17)
  );
#9257 = ADVANCED_FACE('',(#9258),#9276,.T.);
#9258 = FACE_BOUND('',#9259,.T.);
#9259 = EDGE_LOOP('',(#9260,#9261,#9269,#9275));
#9260 = ORIENTED_EDGE('',*,*,#4123,.F.);
#9261 = ORIENTED_EDGE('',*,*,#9262,.T.);
#9262 = EDGE_CURVE('',#4116,#9263,#9265,.T.);
#9263 = VERTEX_POINT('',#9264);
#9264 = CARTESIAN_POINT('',(4.243291419087,2.235973449215,9.8));
#9265 = LINE('',#9266,#9267);
#9266 = CARTESIAN_POINT('',(4.243291419087,2.235973449215,11.1));
#9267 = VECTOR('',#9268,1.);
#9268 = DIRECTION('',(1.224646799147E-16,0.,-1.));
#9269 = ORIENTED_EDGE('',*,*,#9270,.F.);
#9270 = EDGE_CURVE('',#9215,#9263,#9271,.T.);
#9271 = LINE('',#9272,#9273);
#9272 = CARTESIAN_POINT('',(3.152500776334,2.875696333564,9.8));
#9273 = VECTOR('',#9274,1.);
#9274 = DIRECTION('',(0.862596558122,-0.505892456868,1.05637611386E-16)
  );
#9275 = ORIENTED_EDGE('',*,*,#9214,.F.);
#9276 = PLANE('',#9277);
#9277 = AXIS2_PLACEMENT_3D('',#9278,#9279,#9280);
#9278 = CARTESIAN_POINT('',(4.243291419087,2.235973449215,11.1));
#9279 = DIRECTION('',(0.505892456868,0.862596558122,6.195395780163E-17)
  );
#9280 = DIRECTION('',(-0.862596558122,0.505892456868,-1.05637611386E-16)
  );
#9281 = ADVANCED_FACE('',(#9282),#9300,.T.);
#9282 = FACE_BOUND('',#9283,.T.);
#9283 = EDGE_LOOP('',(#9284,#9285,#9286,#9294));
#9284 = ORIENTED_EDGE('',*,*,#3787,.F.);
#9285 = ORIENTED_EDGE('',*,*,#9247,.T.);
#9286 = ORIENTED_EDGE('',*,*,#9287,.F.);
#9287 = EDGE_CURVE('',#9288,#9240,#9290,.T.);
#9288 = VERTEX_POINT('',#9289);
#9289 = CARTESIAN_POINT('',(4.021508157935,7.83395591948,9.8));
#9290 = LINE('',#9291,#9292);
#9291 = CARTESIAN_POINT('',(0.745716214127,5.399297597462,9.8));
#9292 = VECTOR('',#9293,1.);
#9293 = DIRECTION('',(-0.802601572549,-0.596515478208,
    -9.829034468127E-17));
#9294 = ORIENTED_EDGE('',*,*,#9295,.F.);
#9295 = EDGE_CURVE('',#3788,#9288,#9296,.T.);
#9296 = LINE('',#9297,#9298);
#9297 = CARTESIAN_POINT('',(4.021508157935,7.83395591948,11.1));
#9298 = VECTOR('',#9299,1.);
#9299 = DIRECTION('',(1.224646799147E-16,0.,-1.));
#9300 = PLANE('',#9301);
#9301 = AXIS2_PLACEMENT_3D('',#9302,#9303,#9304);
#9302 = CARTESIAN_POINT('',(3.811074417451,7.677555798138,11.1));
#9303 = DIRECTION('',(0.596515478208,-0.802601572549,7.305207710295E-17)
  );
#9304 = DIRECTION('',(0.802601572549,0.596515478208,9.829034468127E-17)
  );
#9305 = ADVANCED_FACE('',(#9306),#9324,.T.);
#9306 = FACE_BOUND('',#9307,.T.);
#9307 = EDGE_LOOP('',(#9308,#9309,#9317,#9323));
#9308 = ORIENTED_EDGE('',*,*,#4115,.F.);
#9309 = ORIENTED_EDGE('',*,*,#9310,.T.);
#9310 = EDGE_CURVE('',#4108,#9311,#9313,.T.);
#9311 = VERTEX_POINT('',#9312);
#9312 = CARTESIAN_POINT('',(4.474288306864,2.13348495923,9.8));
#9313 = LINE('',#9314,#9315);
#9314 = CARTESIAN_POINT('',(4.474288306864,2.13348495923,11.1));
#9315 = VECTOR('',#9316,1.);
#9316 = DIRECTION('',(1.224646799147E-16,0.,-1.));
#9317 = ORIENTED_EDGE('',*,*,#9318,.F.);
#9318 = EDGE_CURVE('',#9263,#9311,#9319,.T.);
#9319 = LINE('',#9320,#9321);
#9320 = CARTESIAN_POINT('',(3.000543779366,2.787354596611,9.8));
#9321 = VECTOR('',#9322,1.);
#9322 = DIRECTION('',(0.914071001405,-0.405554194148,1.119414126064E-16)
  );
#9323 = ORIENTED_EDGE('',*,*,#9262,.F.);
#9324 = PLANE('',#9325);
#9325 = AXIS2_PLACEMENT_3D('',#9326,#9327,#9328);
#9326 = CARTESIAN_POINT('',(4.474288306864,2.13348495923,11.1));
#9327 = DIRECTION('',(0.405554194148,0.914071001405,4.966606457441E-17)
  );
#9328 = DIRECTION('',(-0.914071001405,0.405554194148,-1.119414126064E-16
    ));
#9329 = ADVANCED_FACE('',(#9330),#9348,.T.);
#9330 = FACE_BOUND('',#9331,.T.);
#9331 = EDGE_LOOP('',(#9332,#9333,#9334,#9342));
#9332 = ORIENTED_EDGE('',*,*,#3795,.F.);
#9333 = ORIENTED_EDGE('',*,*,#9295,.T.);
#9334 = ORIENTED_EDGE('',*,*,#9335,.F.);
#9335 = EDGE_CURVE('',#9336,#9288,#9338,.T.);
#9336 = VERTEX_POINT('',#9337);
#9337 = CARTESIAN_POINT('',(4.243291419087,7.964026550785,9.8));
#9338 = LINE('',#9339,#9340);
#9339 = CARTESIAN_POINT('',(0.816065576178,5.954039743412,9.8));
#9340 = VECTOR('',#9341,1.);
#9341 = DIRECTION('',(-0.862596558122,-0.505892456868,-1.05637611386E-16
    ));
#9342 = ORIENTED_EDGE('',*,*,#9343,.F.);
#9343 = EDGE_CURVE('',#3796,#9336,#9344,.T.);
#9344 = LINE('',#9345,#9346);
#9345 = CARTESIAN_POINT('',(4.243291419087,7.964026550785,11.1));
#9346 = VECTOR('',#9347,1.);
#9347 = DIRECTION('',(1.224646799147E-16,0.,-1.));
#9348 = PLANE('',#9349);
#9349 = AXIS2_PLACEMENT_3D('',#9350,#9351,#9352);
#9350 = CARTESIAN_POINT('',(4.021508157935,7.83395591948,11.1));
#9351 = DIRECTION('',(0.505892456868,-0.862596558122,6.195395780163E-17)
  );
#9352 = DIRECTION('',(0.862596558122,0.505892456868,1.05637611386E-16));
#9353 = ADVANCED_FACE('',(#9354),#9372,.T.);
#9354 = FACE_BOUND('',#9355,.T.);
#9355 = EDGE_LOOP('',(#9356,#9357,#9365,#9371));
#9356 = ORIENTED_EDGE('',*,*,#4107,.F.);
#9357 = ORIENTED_EDGE('',*,*,#9358,.T.);
#9358 = EDGE_CURVE('',#4100,#9359,#9361,.T.);
#9359 = VERTEX_POINT('',#9360);
#9360 = CARTESIAN_POINT('',(4.71227419496,2.05956563075,9.8));
#9361 = LINE('',#9362,#9363);
#9362 = CARTESIAN_POINT('',(4.71227419496,2.05956563075,11.1));
#9363 = VECTOR('',#9364,1.);
#9364 = DIRECTION('',(1.224646799147E-16,0.,-1.));
#9365 = ORIENTED_EDGE('',*,*,#9366,.F.);
#9366 = EDGE_CURVE('',#9311,#9359,#9367,.T.);
#9367 = LINE('',#9368,#9369);
#9368 = CARTESIAN_POINT('',(2.855156527998,2.636393492052,9.8));
#9369 = VECTOR('',#9370,1.);
#9370 = DIRECTION('',(0.954994091284,-0.296624822989,1.169530457095E-16)
  );
#9371 = ORIENTED_EDGE('',*,*,#9310,.F.);
#9372 = PLANE('',#9373);
#9373 = AXIS2_PLACEMENT_3D('',#9374,#9375,#9376);
#9374 = CARTESIAN_POINT('',(4.71227419496,2.05956563075,11.1));
#9375 = DIRECTION('',(0.296624822989,0.954994091284,3.632606400207E-17)
  );
#9376 = DIRECTION('',(-0.954994091284,0.296624822989,-1.169530457095E-16
    ));
#9377 = ADVANCED_FACE('',(#9378),#9396,.T.);
#9378 = FACE_BOUND('',#9379,.T.);
#9379 = EDGE_LOOP('',(#9380,#9381,#9382,#9390));
#9380 = ORIENTED_EDGE('',*,*,#3803,.F.);
#9381 = ORIENTED_EDGE('',*,*,#9343,.T.);
#9382 = ORIENTED_EDGE('',*,*,#9383,.F.);
#9383 = EDGE_CURVE('',#9384,#9336,#9386,.T.);
#9384 = VERTEX_POINT('',#9385);
#9385 = CARTESIAN_POINT('',(4.474288306864,8.06651504077,9.8));
#9386 = LINE('',#9387,#9388);
#9387 = CARTESIAN_POINT('',(0.994448160797,6.522582716002,9.8));
#9388 = VECTOR('',#9389,1.);
#9389 = DIRECTION('',(-0.914071001405,-0.405554194148,
    -1.119414126064E-16));
#9390 = ORIENTED_EDGE('',*,*,#9391,.F.);
#9391 = EDGE_CURVE('',#3804,#9384,#9392,.T.);
#9392 = LINE('',#9393,#9394);
#9393 = CARTESIAN_POINT('',(4.474288306864,8.06651504077,11.1));
#9394 = VECTOR('',#9395,1.);
#9395 = DIRECTION('',(1.224646799147E-16,0.,-1.));
#9396 = PLANE('',#9397);
#9397 = AXIS2_PLACEMENT_3D('',#9398,#9399,#9400);
#9398 = CARTESIAN_POINT('',(4.243291419087,7.964026550785,11.1));
#9399 = DIRECTION('',(0.405554194148,-0.914071001405,4.966606457441E-17)
  );
#9400 = DIRECTION('',(0.914071001405,0.405554194148,1.119414126064E-16)
  );
#9401 = ADVANCED_FACE('',(#9402),#9420,.T.);
#9402 = FACE_BOUND('',#9403,.T.);
#9403 = EDGE_LOOP('',(#9404,#9405,#9413,#9419));
#9404 = ORIENTED_EDGE('',*,*,#4099,.F.);
#9405 = ORIENTED_EDGE('',*,*,#9406,.T.);
#9406 = EDGE_CURVE('',#4092,#9407,#9409,.T.);
#9407 = VERTEX_POINT('',#9408);
#9408 = CARTESIAN_POINT('',(4.954957149176,2.014927347316,9.8));
#9409 = LINE('',#9410,#9411);
#9410 = CARTESIAN_POINT('',(4.954957149176,2.014927347316,11.1));
#9411 = VECTOR('',#9412,1.);
#9412 = DIRECTION('',(1.224646799147E-16,0.,-1.));
#9413 = ORIENTED_EDGE('',*,*,#9414,.F.);
#9414 = EDGE_CURVE('',#9359,#9407,#9415,.T.);
#9415 = LINE('',#9416,#9417);
#9416 = CARTESIAN_POINT('',(2.737800400949,2.422743675678,9.8));
#9417 = VECTOR('',#9418,1.);
#9418 = DIRECTION('',(0.983501148584,-0.180901881509,1.204441533571E-16)
  );
#9419 = ORIENTED_EDGE('',*,*,#9358,.F.);
#9420 = PLANE('',#9421);
#9421 = AXIS2_PLACEMENT_3D('',#9422,#9423,#9424);
#9422 = CARTESIAN_POINT('',(4.954957149176,2.014927347316,11.1));
#9423 = DIRECTION('',(0.180901881509,0.983501148584,2.2154091015E-17));
#9424 = DIRECTION('',(-0.983501148584,0.180901881509,-1.204441533571E-16
    ));
#9425 = ADVANCED_FACE('',(#9426),#9444,.T.);
#9426 = FACE_BOUND('',#9427,.T.);
#9427 = EDGE_LOOP('',(#9428,#9429,#9430,#9438));
#9428 = ORIENTED_EDGE('',*,*,#3811,.F.);
#9429 = ORIENTED_EDGE('',*,*,#9391,.T.);
#9430 = ORIENTED_EDGE('',*,*,#9431,.F.);
#9431 = EDGE_CURVE('',#9432,#9384,#9434,.T.);
#9432 = VERTEX_POINT('',#9433);
#9433 = CARTESIAN_POINT('',(4.71227419496,8.14043436925,9.8));
#9434 = LINE('',#9435,#9436);
#9435 = CARTESIAN_POINT('',(1.291461322211,7.077916787081,9.8));
#9436 = VECTOR('',#9437,1.);
#9437 = DIRECTION('',(-0.954994091284,-0.296624822989,
    -1.169530457095E-16));
#9438 = ORIENTED_EDGE('',*,*,#9439,.F.);
#9439 = EDGE_CURVE('',#3812,#9432,#9440,.T.);
#9440 = LINE('',#9441,#9442);
#9441 = CARTESIAN_POINT('',(4.71227419496,8.14043436925,11.1));
#9442 = VECTOR('',#9443,1.);
#9443 = DIRECTION('',(1.224646799147E-16,0.,-1.));
#9444 = PLANE('',#9445);
#9445 = AXIS2_PLACEMENT_3D('',#9446,#9447,#9448);
#9446 = CARTESIAN_POINT('',(4.474288306864,8.06651504077,11.1));
#9447 = DIRECTION('',(0.296624822989,-0.954994091284,3.632606400207E-17)
  );
#9448 = DIRECTION('',(0.954994091284,0.296624822989,1.169530457095E-16)
  );
#9449 = ADVANCED_FACE('',(#9450),#9468,.T.);
#9450 = FACE_BOUND('',#9451,.T.);
#9451 = EDGE_LOOP('',(#9452,#9453,#9461,#9467));
#9452 = ORIENTED_EDGE('',*,*,#4091,.F.);
#9453 = ORIENTED_EDGE('',*,*,#9454,.T.);
#9454 = EDGE_CURVE('',#4084,#9455,#9457,.T.);
#9455 = VERTEX_POINT('',#9456);
#9456 = CARTESIAN_POINT('',(5.2,2.,9.8));
#9457 = LINE('',#9458,#9459);
#9458 = CARTESIAN_POINT('',(5.2,2.,11.1));
#9459 = VECTOR('',#9460,1.);
#9460 = DIRECTION('',(1.224646799147E-16,0.,-1.));
#9461 = ORIENTED_EDGE('',*,*,#9462,.F.);
#9462 = EDGE_CURVE('',#9407,#9455,#9463,.T.);
#9463 = LINE('',#9464,#9465);
#9464 = CARTESIAN_POINT('',(2.670304781878,2.15410218661,9.8));
#9465 = VECTOR('',#9466,1.);
#9466 = DIRECTION('',(0.998149689834,-6.080457782628E-02,
    1.222380822725E-16));
#9467 = ORIENTED_EDGE('',*,*,#9406,.F.);
#9468 = PLANE('',#9469);
#9469 = AXIS2_PLACEMENT_3D('',#9470,#9471,#9472);
#9470 = CARTESIAN_POINT('',(5.2,2.,11.1));
#9471 = DIRECTION('',(6.080457782628E-02,0.998149689834,
    7.446413160847E-18));
#9472 = DIRECTION('',(-0.998149689834,6.080457782628E-02,
    -1.222380822725E-16));
#9473 = ADVANCED_FACE('',(#9474),#9492,.T.);
#9474 = FACE_BOUND('',#9475,.T.);
#9475 = EDGE_LOOP('',(#9476,#9477,#9478,#9486));
#9476 = ORIENTED_EDGE('',*,*,#3819,.F.);
#9477 = ORIENTED_EDGE('',*,*,#9439,.T.);
#9478 = ORIENTED_EDGE('',*,*,#9479,.F.);
#9479 = EDGE_CURVE('',#9480,#9432,#9482,.T.);
#9480 = VERTEX_POINT('',#9481);
#9481 = CARTESIAN_POINT('',(4.954957149176,8.185072652684,9.8));
#9482 = LINE('',#9483,#9484);
#9483 = CARTESIAN_POINT('',(1.70908116179,7.588037179864,9.8));
#9484 = VECTOR('',#9485,1.);
#9485 = DIRECTION('',(-0.983501148584,-0.180901881509,
    -1.204441533571E-16));
#9486 = ORIENTED_EDGE('',*,*,#9487,.F.);
#9487 = EDGE_CURVE('',#3820,#9480,#9488,.T.);
#9488 = LINE('',#9489,#9490);
#9489 = CARTESIAN_POINT('',(4.954957149176,8.185072652684,11.1));
#9490 = VECTOR('',#9491,1.);
#9491 = DIRECTION('',(1.224646799147E-16,0.,-1.));
#9492 = PLANE('',#9493);
#9493 = AXIS2_PLACEMENT_3D('',#9494,#9495,#9496);
#9494 = CARTESIAN_POINT('',(4.71227419496,8.14043436925,11.1));
#9495 = DIRECTION('',(0.180901881509,-0.983501148584,2.2154091015E-17));
#9496 = DIRECTION('',(0.983501148584,0.180901881509,1.204441533571E-16)
  );
#9497 = ADVANCED_FACE('',(#9498),#9516,.T.);
#9498 = FACE_BOUND('',#9499,.T.);
#9499 = EDGE_LOOP('',(#9500,#9501,#9509,#9515));
#9500 = ORIENTED_EDGE('',*,*,#4083,.F.);
#9501 = ORIENTED_EDGE('',*,*,#9502,.T.);
#9502 = EDGE_CURVE('',#4076,#9503,#9505,.T.);
#9503 = VERTEX_POINT('',#9504);
#9504 = CARTESIAN_POINT('',(5.445042850824,2.014927347316,9.8));
#9505 = LINE('',#9506,#9507);
#9506 = CARTESIAN_POINT('',(5.445042850824,2.014927347316,11.1));
#9507 = VECTOR('',#9508,1.);
#9508 = DIRECTION('',(1.224646799147E-16,0.,-1.));
#9509 = ORIENTED_EDGE('',*,*,#9510,.F.);
#9510 = EDGE_CURVE('',#9455,#9503,#9511,.T.);
#9511 = LINE('',#9512,#9513);
#9512 = CARTESIAN_POINT('',(2.671442066294,1.845967093679,9.8));
#9513 = VECTOR('',#9514,1.);
#9514 = DIRECTION('',(0.998149689834,6.080457782629E-02,
    1.222380822725E-16));
#9515 = ORIENTED_EDGE('',*,*,#9454,.F.);
#9516 = PLANE('',#9517);
#9517 = AXIS2_PLACEMENT_3D('',#9518,#9519,#9520);
#9518 = CARTESIAN_POINT('',(5.445042850824,2.014927347316,11.1));
#9519 = DIRECTION('',(-6.080457782629E-02,0.998149689834,
    -7.446413160847E-18));
#9520 = DIRECTION('',(-0.998149689834,-6.080457782629E-02,
    -1.222380822725E-16));
#9521 = ADVANCED_FACE('',(#9522),#9540,.T.);
#9522 = FACE_BOUND('',#9523,.T.);
#9523 = EDGE_LOOP('',(#9524,#9525,#9526,#9534));
#9524 = ORIENTED_EDGE('',*,*,#3827,.F.);
#9525 = ORIENTED_EDGE('',*,*,#9487,.T.);
#9526 = ORIENTED_EDGE('',*,*,#9527,.F.);
#9527 = EDGE_CURVE('',#9528,#9480,#9530,.T.);
#9528 = VERTEX_POINT('',#9529);
#9529 = CARTESIAN_POINT('',(5.2,8.2,9.8));
#9530 = LINE('',#9531,#9532);
#9531 = CARTESIAN_POINT('',(2.238253796927,8.019578436641,9.8));
#9532 = VECTOR('',#9533,1.);
#9533 = DIRECTION('',(-0.998149689834,-6.080457782628E-02,
    -1.222380822725E-16));
#9534 = ORIENTED_EDGE('',*,*,#9535,.F.);
#9535 = EDGE_CURVE('',#3828,#9528,#9536,.T.);
#9536 = LINE('',#9537,#9538);
#9537 = CARTESIAN_POINT('',(5.2,8.2,11.1));
#9538 = VECTOR('',#9539,1.);
#9539 = DIRECTION('',(1.224646799147E-16,0.,-1.));
#9540 = PLANE('',#9541);
#9541 = AXIS2_PLACEMENT_3D('',#9542,#9543,#9544);
#9542 = CARTESIAN_POINT('',(4.954957149176,8.185072652684,11.1));
#9543 = DIRECTION('',(6.080457782628E-02,-0.998149689834,
    7.446413160846E-18));
#9544 = DIRECTION('',(0.998149689834,6.080457782628E-02,
    1.222380822725E-16));
#9545 = ADVANCED_FACE('',(#9546),#9564,.T.);
#9546 = FACE_BOUND('',#9547,.T.);
#9547 = EDGE_LOOP('',(#9548,#9549,#9557,#9563));
#9548 = ORIENTED_EDGE('',*,*,#4075,.F.);
#9549 = ORIENTED_EDGE('',*,*,#9550,.T.);
#9550 = EDGE_CURVE('',#4068,#9551,#9553,.T.);
#9551 = VERTEX_POINT('',#9552);
#9552 = CARTESIAN_POINT('',(5.68772580504,2.05956563075,9.8));
#9553 = LINE('',#9554,#9555);
#9554 = CARTESIAN_POINT('',(5.68772580504,2.05956563075,11.1));
#9555 = VECTOR('',#9556,1.);
#9556 = DIRECTION('',(1.224646799147E-16,0.,-1.));
#9557 = ORIENTED_EDGE('',*,*,#9558,.F.);
#9558 = EDGE_CURVE('',#9503,#9551,#9559,.T.);
#9559 = LINE('',#9560,#9561);
#9560 = CARTESIAN_POINT('',(2.753713627974,1.519893334519,9.8));
#9561 = VECTOR('',#9562,1.);
#9562 = DIRECTION('',(0.983501148584,0.180901881509,1.204441533571E-16)
  );
#9563 = ORIENTED_EDGE('',*,*,#9502,.F.);
#9564 = PLANE('',#9565);
#9565 = AXIS2_PLACEMENT_3D('',#9566,#9567,#9568);
#9566 = CARTESIAN_POINT('',(5.68772580504,2.05956563075,11.1));
#9567 = DIRECTION('',(-0.180901881509,0.983501148584,-2.2154091015E-17)
  );
#9568 = DIRECTION('',(-0.983501148584,-0.180901881509,
    -1.204441533571E-16));
#9569 = ADVANCED_FACE('',(#9570),#9588,.T.);
#9570 = FACE_BOUND('',#9571,.T.);
#9571 = EDGE_LOOP('',(#9572,#9573,#9574,#9582));
#9572 = ORIENTED_EDGE('',*,*,#3835,.F.);
#9573 = ORIENTED_EDGE('',*,*,#9535,.T.);
#9574 = ORIENTED_EDGE('',*,*,#9575,.F.);
#9575 = EDGE_CURVE('',#9576,#9528,#9578,.T.);
#9576 = VERTEX_POINT('',#9577);
#9577 = CARTESIAN_POINT('',(5.445042850824,8.185072652684,9.8));
#9578 = LINE('',#9579,#9580);
#9579 = CARTESIAN_POINT('',(2.858450200421,8.342640876887,9.8));
#9580 = VECTOR('',#9581,1.);
#9581 = DIRECTION('',(-0.998149689834,6.080457782628E-02,
    -1.222380822725E-16));
#9582 = ORIENTED_EDGE('',*,*,#9583,.F.);
#9583 = EDGE_CURVE('',#3836,#9576,#9584,.T.);
#9584 = LINE('',#9585,#9586);
#9585 = CARTESIAN_POINT('',(5.445042850824,8.185072652684,11.1));
#9586 = VECTOR('',#9587,1.);
#9587 = DIRECTION('',(1.224646799147E-16,0.,-1.));
#9588 = PLANE('',#9589);
#9589 = AXIS2_PLACEMENT_3D('',#9590,#9591,#9592);
#9590 = CARTESIAN_POINT('',(5.2,8.2,11.1));
#9591 = DIRECTION('',(-6.080457782628E-02,-0.998149689834,
    -7.446413160846E-18));
#9592 = DIRECTION('',(0.998149689834,-6.080457782628E-02,
    1.222380822725E-16));
#9593 = ADVANCED_FACE('',(#9594),#9612,.T.);
#9594 = FACE_BOUND('',#9595,.T.);
#9595 = EDGE_LOOP('',(#9596,#9597,#9605,#9611));
#9596 = ORIENTED_EDGE('',*,*,#4067,.F.);
#9597 = ORIENTED_EDGE('',*,*,#9598,.T.);
#9598 = EDGE_CURVE('',#4060,#9599,#9601,.T.);
#9599 = VERTEX_POINT('',#9600);
#9600 = CARTESIAN_POINT('',(5.925711693136,2.13348495923,9.8));
#9601 = LINE('',#9602,#9603);
#9602 = CARTESIAN_POINT('',(5.925711693136,2.13348495923,11.1));
#9603 = VECTOR('',#9604,1.);
#9604 = DIRECTION('',(1.224646799147E-16,0.,-1.));
#9605 = ORIENTED_EDGE('',*,*,#9606,.F.);
#9606 = EDGE_CURVE('',#9551,#9599,#9607,.T.);
#9607 = LINE('',#9608,#9609);
#9608 = CARTESIAN_POINT('',(2.921365101237,1.200323399225,9.8));
#9609 = VECTOR('',#9610,1.);
#9610 = DIRECTION('',(0.954994091284,0.296624822989,1.169530457095E-16)
  );
#9611 = ORIENTED_EDGE('',*,*,#9550,.F.);
#9612 = PLANE('',#9613);
#9613 = AXIS2_PLACEMENT_3D('',#9614,#9615,#9616);
#9614 = CARTESIAN_POINT('',(5.925711693136,2.13348495923,11.1));
#9615 = DIRECTION('',(-0.296624822989,0.954994091284,-3.632606400207E-17
    ));
#9616 = DIRECTION('',(-0.954994091284,-0.296624822989,
    -1.169530457095E-16));
#9617 = ADVANCED_FACE('',(#9618),#9636,.T.);
#9618 = FACE_BOUND('',#9619,.T.);
#9619 = EDGE_LOOP('',(#9620,#9621,#9622,#9630));
#9620 = ORIENTED_EDGE('',*,*,#3843,.F.);
#9621 = ORIENTED_EDGE('',*,*,#9583,.T.);
#9622 = ORIENTED_EDGE('',*,*,#9623,.F.);
#9623 = EDGE_CURVE('',#9624,#9576,#9626,.T.);
#9624 = VERTEX_POINT('',#9625);
#9625 = CARTESIAN_POINT('',(5.68772580504,8.14043436925,9.8));
#9626 = LINE('',#9627,#9628);
#9627 = CARTESIAN_POINT('',(3.539749912917,8.535525804457,9.8));
#9628 = VECTOR('',#9629,1.);
#9629 = DIRECTION('',(-0.983501148584,0.180901881509,-1.204441533571E-16
    ));
#9630 = ORIENTED_EDGE('',*,*,#9631,.F.);
#9631 = EDGE_CURVE('',#3844,#9624,#9632,.T.);
#9632 = LINE('',#9633,#9634);
#9633 = CARTESIAN_POINT('',(5.68772580504,8.14043436925,11.1));
#9634 = VECTOR('',#9635,1.);
#9635 = DIRECTION('',(1.224646799147E-16,0.,-1.));
#9636 = PLANE('',#9637);
#9637 = AXIS2_PLACEMENT_3D('',#9638,#9639,#9640);
#9638 = CARTESIAN_POINT('',(5.445042850824,8.185072652684,11.1));
#9639 = DIRECTION('',(-0.180901881509,-0.983501148584,-2.2154091015E-17)
  );
#9640 = DIRECTION('',(0.983501148584,-0.180901881509,1.204441533571E-16)
  );
#9641 = ADVANCED_FACE('',(#9642),#9660,.T.);
#9642 = FACE_BOUND('',#9643,.T.);
#9643 = EDGE_LOOP('',(#9644,#9645,#9653,#9659));
#9644 = ORIENTED_EDGE('',*,*,#4059,.F.);
#9645 = ORIENTED_EDGE('',*,*,#9646,.T.);
#9646 = EDGE_CURVE('',#4052,#9647,#9649,.T.);
#9647 = VERTEX_POINT('',#9648);
#9648 = CARTESIAN_POINT('',(6.156708580913,2.235973449215,9.8));
#9649 = LINE('',#9650,#9651);
#9650 = CARTESIAN_POINT('',(6.156708580913,2.235973449215,11.1));
#9651 = VECTOR('',#9652,1.);
#9652 = DIRECTION('',(1.224646799147E-16,0.,-1.));
#9653 = ORIENTED_EDGE('',*,*,#9654,.F.);
#9654 = EDGE_CURVE('',#9599,#9647,#9655,.T.);
#9655 = LINE('',#9656,#9657);
#9656 = CARTESIAN_POINT('',(3.170220527355,0.910931134087,9.8));
#9657 = VECTOR('',#9658,1.);
#9658 = DIRECTION('',(0.914071001405,0.405554194148,1.119414126064E-16)
  );
#9659 = ORIENTED_EDGE('',*,*,#9598,.F.);
#9660 = PLANE('',#9661);
#9661 = AXIS2_PLACEMENT_3D('',#9662,#9663,#9664);
#9662 = CARTESIAN_POINT('',(6.156708580913,2.235973449215,11.1));
#9663 = DIRECTION('',(-0.405554194148,0.914071001405,-4.966606457441E-17
    ));
#9664 = DIRECTION('',(-0.914071001405,-0.405554194148,
    -1.119414126064E-16));
#9665 = ADVANCED_FACE('',(#9666),#9684,.T.);
#9666 = FACE_BOUND('',#9667,.T.);
#9667 = EDGE_LOOP('',(#9668,#9669,#9670,#9678));
#9668 = ORIENTED_EDGE('',*,*,#3851,.F.);
#9669 = ORIENTED_EDGE('',*,*,#9631,.T.);
#9670 = ORIENTED_EDGE('',*,*,#9671,.F.);
#9671 = EDGE_CURVE('',#9672,#9624,#9674,.T.);
#9672 = VERTEX_POINT('',#9673);
#9673 = CARTESIAN_POINT('',(5.925711693136,8.06651504077,9.8));
#9674 = LINE('',#9675,#9676);
#9675 = CARTESIAN_POINT('',(4.247074418929,8.587906208389,9.8));
#9676 = VECTOR('',#9677,1.);
#9677 = DIRECTION('',(-0.954994091284,0.296624822989,-1.169530457095E-16
    ));
#9678 = ORIENTED_EDGE('',*,*,#9679,.F.);
#9679 = EDGE_CURVE('',#3852,#9672,#9680,.T.);
#9680 = LINE('',#9681,#9682);
#9681 = CARTESIAN_POINT('',(5.925711693136,8.06651504077,11.1));
#9682 = VECTOR('',#9683,1.);
#9683 = DIRECTION('',(1.224646799147E-16,0.,-1.));
#9684 = PLANE('',#9685);
#9685 = AXIS2_PLACEMENT_3D('',#9686,#9687,#9688);
#9686 = CARTESIAN_POINT('',(5.68772580504,8.14043436925,11.1));
#9687 = DIRECTION('',(-0.296624822989,-0.954994091284,
    -3.632606400207E-17));
#9688 = DIRECTION('',(0.954994091284,-0.296624822989,1.169530457095E-16)
  );
#9689 = ADVANCED_FACE('',(#9690),#9708,.T.);
#9690 = FACE_BOUND('',#9691,.T.);
#9691 = EDGE_LOOP('',(#9692,#9693,#9701,#9707));
#9692 = ORIENTED_EDGE('',*,*,#4051,.F.);
#9693 = ORIENTED_EDGE('',*,*,#9694,.T.);
#9694 = EDGE_CURVE('',#4044,#9695,#9697,.T.);
#9695 = VERTEX_POINT('',#9696);
#9696 = CARTESIAN_POINT('',(6.378491842065,2.36604408052,9.8));
#9697 = LINE('',#9698,#9699);
#9698 = CARTESIAN_POINT('',(6.378491842065,2.36604408052,11.1));
#9699 = VECTOR('',#9700,1.);
#9700 = DIRECTION('',(1.224646799147E-16,0.,-1.));
#9701 = ORIENTED_EDGE('',*,*,#9702,.F.);
#9702 = EDGE_CURVE('',#9647,#9695,#9703,.T.);
#9703 = LINE('',#9704,#9705);
#9704 = CARTESIAN_POINT('',(3.489212179406,0.67154997043,9.8));
#9705 = VECTOR('',#9706,1.);
#9706 = DIRECTION('',(0.862596558122,0.505892456868,1.05637611386E-16));
#9707 = ORIENTED_EDGE('',*,*,#9646,.F.);
#9708 = PLANE('',#9709);
#9709 = AXIS2_PLACEMENT_3D('',#9710,#9711,#9712);
#9710 = CARTESIAN_POINT('',(6.378491842065,2.36604408052,11.1));
#9711 = DIRECTION('',(-0.505892456868,0.862596558122,-6.195395780163E-17
    ));
#9712 = DIRECTION('',(-0.862596558122,-0.505892456868,-1.05637611386E-16
    ));
#9713 = ADVANCED_FACE('',(#9714),#9732,.T.);
#9714 = FACE_BOUND('',#9715,.T.);
#9715 = EDGE_LOOP('',(#9716,#9717,#9718,#9726));
#9716 = ORIENTED_EDGE('',*,*,#3859,.F.);
#9717 = ORIENTED_EDGE('',*,*,#9679,.T.);
#9718 = ORIENTED_EDGE('',*,*,#9719,.F.);
#9719 = EDGE_CURVE('',#9720,#9672,#9722,.T.);
#9720 = VERTEX_POINT('',#9721);
#9721 = CARTESIAN_POINT('',(6.156708580913,7.964026550785,9.8));
#9722 = LINE('',#9723,#9724);
#9723 = CARTESIAN_POINT('',(4.945319258147,8.501494668512,9.8));
#9724 = VECTOR('',#9725,1.);
#9725 = DIRECTION('',(-0.914071001405,0.405554194148,-1.119414126064E-16
    ));
#9726 = ORIENTED_EDGE('',*,*,#9727,.F.);
#9727 = EDGE_CURVE('',#3860,#9720,#9728,.T.);
#9728 = LINE('',#9729,#9730);
#9729 = CARTESIAN_POINT('',(6.156708580913,7.964026550785,11.1));
#9730 = VECTOR('',#9731,1.);
#9731 = DIRECTION('',(1.224646799147E-16,0.,-1.));
#9732 = PLANE('',#9733);
#9733 = AXIS2_PLACEMENT_3D('',#9734,#9735,#9736);
#9734 = CARTESIAN_POINT('',(5.925711693136,8.06651504077,11.1));
#9735 = DIRECTION('',(-0.405554194148,-0.914071001405,
    -4.966606457441E-17));
#9736 = DIRECTION('',(0.914071001405,-0.405554194148,1.119414126064E-16)
  );
#9737 = ADVANCED_FACE('',(#9738),#9756,.T.);
#9738 = FACE_BOUND('',#9739,.T.);
#9739 = EDGE_LOOP('',(#9740,#9741,#9749,#9755));
#9740 = ORIENTED_EDGE('',*,*,#4043,.F.);
#9741 = ORIENTED_EDGE('',*,*,#9742,.T.);
#9742 = EDGE_CURVE('',#4036,#9743,#9745,.T.);
#9743 = VERTEX_POINT('',#9744);
#9744 = CARTESIAN_POINT('',(6.588925582549,2.522444201862,9.8));
#9745 = LINE('',#9746,#9747);
#9746 = CARTESIAN_POINT('',(6.588925582549,2.522444201862,11.1));
#9747 = VECTOR('',#9748,1.);
#9748 = DIRECTION('',(1.224646799147E-16,0.,-1.));
#9749 = ORIENTED_EDGE('',*,*,#9750,.F.);
#9750 = EDGE_CURVE('',#9695,#9743,#9751,.T.);
#9751 = LINE('',#9752,#9753);
#9752 = CARTESIAN_POINT('',(3.862905777347,0.496391595784,9.8));
#9753 = VECTOR('',#9754,1.);
#9754 = DIRECTION('',(0.802601572549,0.596515478208,9.829034468127E-17)
  );
#9755 = ORIENTED_EDGE('',*,*,#9694,.F.);
#9756 = PLANE('',#9757);
#9757 = AXIS2_PLACEMENT_3D('',#9758,#9759,#9760);
#9758 = CARTESIAN_POINT('',(6.588925582549,2.522444201862,11.1));
#9759 = DIRECTION('',(-0.596515478208,0.802601572549,-7.305207710295E-17
    ));
#9760 = DIRECTION('',(-0.802601572549,-0.596515478208,
    -9.829034468127E-17));
#9761 = ADVANCED_FACE('',(#9762),#9780,.T.);
#9762 = FACE_BOUND('',#9763,.T.);
#9763 = EDGE_LOOP('',(#9764,#9765,#9766,#9774));
#9764 = ORIENTED_EDGE('',*,*,#3867,.F.);
#9765 = ORIENTED_EDGE('',*,*,#9727,.T.);
#9766 = ORIENTED_EDGE('',*,*,#9767,.F.);
#9767 = EDGE_CURVE('',#9768,#9720,#9770,.T.);
#9768 = VERTEX_POINT('',#9769);
#9769 = CARTESIAN_POINT('',(6.378491842065,7.83395591948,9.8));
#9770 = LINE('',#9771,#9772);
#9771 = CARTESIAN_POINT('',(5.603864118409,8.288256737851,9.8));
#9772 = VECTOR('',#9773,1.);
#9773 = DIRECTION('',(-0.862596558122,0.505892456868,-1.05637611386E-16)
  );
#9774 = ORIENTED_EDGE('',*,*,#9775,.F.);
#9775 = EDGE_CURVE('',#3868,#9768,#9776,.T.);
#9776 = LINE('',#9777,#9778);
#9777 = CARTESIAN_POINT('',(6.378491842065,7.83395591948,11.1));
#9778 = VECTOR('',#9779,1.);
#9779 = DIRECTION('',(1.224646799147E-16,0.,-1.));
#9780 = PLANE('',#9781);
#9781 = AXIS2_PLACEMENT_3D('',#9782,#9783,#9784);
#9782 = CARTESIAN_POINT('',(6.156708580913,7.964026550785,11.1));
#9783 = DIRECTION('',(-0.505892456868,-0.862596558122,
    -6.195395780163E-17));
#9784 = DIRECTION('',(0.862596558122,-0.505892456868,1.05637611386E-16)
  );
#9785 = ADVANCED_FACE('',(#9786),#9804,.T.);
#9786 = FACE_BOUND('',#9787,.T.);
#9787 = EDGE_LOOP('',(#9788,#9789,#9797,#9803));
#9788 = ORIENTED_EDGE('',*,*,#4035,.F.);
#9789 = ORIENTED_EDGE('',*,*,#9790,.T.);
#9790 = EDGE_CURVE('',#4028,#9791,#9793,.T.);
#9791 = VERTEX_POINT('',#9792);
#9792 = CARTESIAN_POINT('',(6.785983210409,2.703667594576,9.8));
#9793 = LINE('',#9794,#9795);
#9794 = CARTESIAN_POINT('',(6.785983210409,2.703667594576,11.1));
#9795 = VECTOR('',#9796,1.);
#9796 = DIRECTION('',(1.224646799147E-16,0.,-1.));
#9797 = ORIENTED_EDGE('',*,*,#9798,.F.);
#9798 = EDGE_CURVE('',#9743,#9791,#9799,.T.);
#9799 = LINE('',#9800,#9801);
#9800 = CARTESIAN_POINT('',(4.27415818693,0.39367605758,9.8));
#9801 = VECTOR('',#9802,1.);
#9802 = DIRECTION('',(0.736060580988,0.676915667654,9.014142344855E-17)
  );
#9803 = ORIENTED_EDGE('',*,*,#9742,.F.);
#9804 = PLANE('',#9805);
#9805 = AXIS2_PLACEMENT_3D('',#9806,#9807,#9808);
#9806 = CARTESIAN_POINT('',(6.785983210409,2.703667594576,11.1));
#9807 = DIRECTION('',(-0.676915667654,0.736060580988,-8.289826056853E-17
    ));
#9808 = DIRECTION('',(-0.736060580988,-0.676915667654,
    -9.014142344855E-17));
#9809 = ADVANCED_FACE('',(#9810),#9828,.T.);
#9810 = FACE_BOUND('',#9811,.T.);
#9811 = EDGE_LOOP('',(#9812,#9813,#9814,#9822));
#9812 = ORIENTED_EDGE('',*,*,#3875,.F.);
#9813 = ORIENTED_EDGE('',*,*,#9775,.T.);
#9814 = ORIENTED_EDGE('',*,*,#9815,.F.);
#9815 = EDGE_CURVE('',#9816,#9768,#9818,.T.);
#9816 = VERTEX_POINT('',#9817);
#9817 = CARTESIAN_POINT('',(6.588925582549,7.677555798138,9.8));
#9818 = LINE('',#9819,#9820);
#9819 = CARTESIAN_POINT('',(6.199386637489,7.967071814603,9.8));
#9820 = VECTOR('',#9821,1.);
#9821 = DIRECTION('',(-0.802601572549,0.596515478208,-9.829034468127E-17
    ));
#9822 = ORIENTED_EDGE('',*,*,#9823,.F.);
#9823 = EDGE_CURVE('',#3876,#9816,#9824,.T.);
#9824 = LINE('',#9825,#9826);
#9825 = CARTESIAN_POINT('',(6.588925582549,7.677555798138,11.1));
#9826 = VECTOR('',#9827,1.);
#9827 = DIRECTION('',(1.224646799147E-16,0.,-1.));
#9828 = PLANE('',#9829);
#9829 = AXIS2_PLACEMENT_3D('',#9830,#9831,#9832);
#9830 = CARTESIAN_POINT('',(6.378491842065,7.83395591948,11.1));
#9831 = DIRECTION('',(-0.596515478208,-0.802601572549,
    -7.305207710295E-17));
#9832 = DIRECTION('',(0.802601572549,-0.596515478208,9.829034468127E-17)
  );
#9833 = ADVANCED_FACE('',(#9834),#9852,.T.);
#9834 = FACE_BOUND('',#9835,.T.);
#9835 = EDGE_LOOP('',(#9836,#9837,#9845,#9851));
#9836 = ORIENTED_EDGE('',*,*,#4027,.F.);
#9837 = ORIENTED_EDGE('',*,*,#9838,.T.);
#9838 = EDGE_CURVE('',#4020,#9839,#9841,.T.);
#9839 = VERTEX_POINT('',#9840);
#9840 = CARTESIAN_POINT('',(6.967766952966,2.907968978322,9.8));
#9841 = LINE('',#9842,#9843);
#9842 = CARTESIAN_POINT('',(6.967766952966,2.907968978322,11.1));
#9843 = VECTOR('',#9844,1.);
#9844 = DIRECTION('',(1.224646799147E-16,0.,-1.));
#9845 = ORIENTED_EDGE('',*,*,#9846,.F.);
#9846 = EDGE_CURVE('',#9791,#9839,#9847,.T.);
#9847 = LINE('',#9848,#9849);
#9848 = CARTESIAN_POINT('',(4.706263733458,0.366332247818,9.8));
#9849 = VECTOR('',#9850,1.);
#9850 = DIRECTION('',(0.664736580563,0.747077826241,8.140675256625E-17)
  );
#9851 = ORIENTED_EDGE('',*,*,#9790,.F.);
#9852 = PLANE('',#9853);
#9853 = AXIS2_PLACEMENT_3D('',#9854,#9855,#9856);
#9854 = CARTESIAN_POINT('',(6.967766952966,2.907968978322,11.1));
#9855 = DIRECTION('',(-0.747077826241,0.664736580563,-9.149064686205E-17
    ));
#9856 = DIRECTION('',(-0.664736580563,-0.747077826241,
    -8.140675256625E-17));
#9857 = ADVANCED_FACE('',(#9858),#9876,.T.);
#9858 = FACE_BOUND('',#9859,.T.);
#9859 = EDGE_LOOP('',(#9860,#9861,#9862,#9870));
#9860 = ORIENTED_EDGE('',*,*,#3883,.F.);
#9861 = ORIENTED_EDGE('',*,*,#9823,.T.);
#9862 = ORIENTED_EDGE('',*,*,#9863,.F.);
#9863 = EDGE_CURVE('',#9864,#9816,#9866,.T.);
#9864 = VERTEX_POINT('',#9865);
#9865 = CARTESIAN_POINT('',(6.785983210409,7.496332405424,9.8));
#9866 = LINE('',#9867,#9868);
#9867 = CARTESIAN_POINT('',(6.716709165028,7.560040051087,9.8));
#9868 = VECTOR('',#9869,1.);
#9869 = DIRECTION('',(-0.736060580988,0.676915667654,-9.014142344855E-17
    ));
#9870 = ORIENTED_EDGE('',*,*,#9871,.F.);
#9871 = EDGE_CURVE('',#3884,#9864,#9872,.T.);
#9872 = LINE('',#9873,#9874);
#9873 = CARTESIAN_POINT('',(6.785983210409,7.496332405424,11.1));
#9874 = VECTOR('',#9875,1.);
#9875 = DIRECTION('',(1.224646799147E-16,0.,-1.));
#9876 = PLANE('',#9877);
#9877 = AXIS2_PLACEMENT_3D('',#9878,#9879,#9880);
#9878 = CARTESIAN_POINT('',(6.588925582549,7.677555798138,11.1));
#9879 = DIRECTION('',(-0.676915667654,-0.736060580988,
    -8.289826056852E-17));
#9880 = DIRECTION('',(0.736060580988,-0.676915667654,9.014142344855E-17)
  );
#9881 = ADVANCED_FACE('',(#9882),#9900,.T.);
#9882 = FACE_BOUND('',#9883,.T.);
#9883 = EDGE_LOOP('',(#9884,#9885,#9893,#9899));
#9884 = ORIENTED_EDGE('',*,*,#4019,.F.);
#9885 = ORIENTED_EDGE('',*,*,#9886,.T.);
#9886 = EDGE_CURVE('',#4012,#9887,#9889,.T.);
#9887 = VERTEX_POINT('',#9888);
#9888 = CARTESIAN_POINT('',(7.132526133407,3.133380819093,9.8));
#9889 = LINE('',#9890,#9891);
#9890 = CARTESIAN_POINT('',(7.132526133407,3.133380819093,11.1));
#9891 = VECTOR('',#9892,1.);
#9892 = DIRECTION('',(1.224646799147E-16,0.,-1.));
#9893 = ORIENTED_EDGE('',*,*,#9894,.F.);
#9894 = EDGE_CURVE('',#9839,#9887,#9895,.T.);
#9895 = LINE('',#9896,#9897);
#9896 = CARTESIAN_POINT('',(5.144315673429,0.413252092878,9.8));
#9897 = VECTOR('',#9898,1.);
#9898 = DIRECTION('',(0.590098636788,0.807331158114,7.226624067237E-17)
  );
#9899 = ORIENTED_EDGE('',*,*,#9838,.F.);
#9900 = PLANE('',#9901);
#9901 = AXIS2_PLACEMENT_3D('',#9902,#9903,#9904);
#9902 = CARTESIAN_POINT('',(7.132526133407,3.133380819093,11.1));
#9903 = DIRECTION('',(-0.807331158114,0.590098636788,-9.886955186357E-17
    ));
#9904 = DIRECTION('',(-0.590098636788,-0.807331158114,
    -7.226624067237E-17));
#9905 = ADVANCED_FACE('',(#9906),#9924,.T.);
#9906 = FACE_BOUND('',#9907,.T.);
#9907 = EDGE_LOOP('',(#9908,#9909,#9910,#9918));
#9908 = ORIENTED_EDGE('',*,*,#3891,.F.);
#9909 = ORIENTED_EDGE('',*,*,#9871,.T.);
#9910 = ORIENTED_EDGE('',*,*,#9911,.F.);
#9911 = EDGE_CURVE('',#9912,#9864,#9914,.T.);
#9912 = VERTEX_POINT('',#9913);
#9913 = CARTESIAN_POINT('',(6.967766952966,7.292031021678,9.8));
#9914 = LINE('',#9915,#9916);
#9915 = CARTESIAN_POINT('',(7.148082656293,7.089379523901,9.8));
#9916 = VECTOR('',#9917,1.);
#9917 = DIRECTION('',(-0.664736580563,0.747077826241,-8.140675256625E-17
    ));
#9918 = ORIENTED_EDGE('',*,*,#9919,.F.);
#9919 = EDGE_CURVE('',#3892,#9912,#9920,.T.);
#9920 = LINE('',#9921,#9922);
#9921 = CARTESIAN_POINT('',(6.967766952966,7.292031021678,11.1));
#9922 = VECTOR('',#9923,1.);
#9923 = DIRECTION('',(1.224646799147E-16,0.,-1.));
#9924 = PLANE('',#9925);
#9925 = AXIS2_PLACEMENT_3D('',#9926,#9927,#9928);
#9926 = CARTESIAN_POINT('',(6.785983210409,7.496332405424,11.1));
#9927 = DIRECTION('',(-0.747077826241,-0.664736580563,
    -9.149064686205E-17));
#9928 = DIRECTION('',(0.664736580563,-0.747077826241,8.140675256625E-17)
  );
#9929 = ADVANCED_FACE('',(#9930),#9948,.T.);
#9930 = FACE_BOUND('',#9931,.T.);
#9931 = EDGE_LOOP('',(#9932,#9933,#9941,#9947));
#9932 = ORIENTED_EDGE('',*,*,#4011,.F.);
#9933 = ORIENTED_EDGE('',*,*,#9934,.T.);
#9934 = EDGE_CURVE('',#4004,#9935,#9937,.T.);
#9935 = VERTEX_POINT('',#9936);
#9936 = CARTESIAN_POINT('',(7.278674030756,3.377732277639,9.8));
#9937 = LINE('',#9938,#9939);
#9938 = CARTESIAN_POINT('',(7.278674030756,3.377732277639,11.1));
#9939 = VECTOR('',#9940,1.);
#9940 = DIRECTION('',(1.224646799147E-16,0.,-1.));
#9941 = ORIENTED_EDGE('',*,*,#9942,.F.);
#9942 = EDGE_CURVE('',#9887,#9935,#9943,.T.);
#9943 = LINE('',#9944,#9945);
#9944 = CARTESIAN_POINT('',(5.575817322143,0.530647044177,9.8));
#9945 = VECTOR('',#9946,1.);
#9946 = DIRECTION('',(0.51329961757,0.85820947478,6.286107336605E-17));
#9947 = ORIENTED_EDGE('',*,*,#9886,.F.);
#9948 = PLANE('',#9949);
#9949 = AXIS2_PLACEMENT_3D('',#9950,#9951,#9952);
#9950 = CARTESIAN_POINT('',(7.278674030756,3.377732277639,11.1));
#9951 = DIRECTION('',(-0.85820947478,0.51329961757,-1.051003486288E-16)
  );
#9952 = DIRECTION('',(-0.51329961757,-0.85820947478,-6.286107336605E-17)
  );
#9953 = ADVANCED_FACE('',(#9954),#9972,.T.);
#9954 = FACE_BOUND('',#9955,.T.);
#9955 = EDGE_LOOP('',(#9956,#9957,#9958,#9966));
#9956 = ORIENTED_EDGE('',*,*,#3899,.F.);
#9957 = ORIENTED_EDGE('',*,*,#9919,.T.);
#9958 = ORIENTED_EDGE('',*,*,#9959,.F.);
#9959 = EDGE_CURVE('',#9960,#9912,#9962,.T.);
#9960 = VERTEX_POINT('',#9961);
#9961 = CARTESIAN_POINT('',(7.132526133407,7.066619180907,9.8));
#9962 = LINE('',#9963,#9964);
#9963 = CARTESIAN_POINT('',(7.491601663989,6.575357473317,9.8));
#9964 = VECTOR('',#9965,1.);
#9965 = DIRECTION('',(-0.590098636788,0.807331158114,-7.226624067237E-17
    ));
#9966 = ORIENTED_EDGE('',*,*,#9967,.F.);
#9967 = EDGE_CURVE('',#3900,#9960,#9968,.T.);
#9968 = LINE('',#9969,#9970);
#9969 = CARTESIAN_POINT('',(7.132526133407,7.066619180907,11.1));
#9970 = VECTOR('',#9971,1.);
#9971 = DIRECTION('',(1.224646799147E-16,0.,-1.));
#9972 = PLANE('',#9973);
#9973 = AXIS2_PLACEMENT_3D('',#9974,#9975,#9976);
#9974 = CARTESIAN_POINT('',(6.967766952966,7.292031021678,11.1));
#9975 = DIRECTION('',(-0.807331158114,-0.590098636788,
    -9.886955186357E-17));
#9976 = DIRECTION('',(0.590098636788,-0.807331158114,7.226624067237E-17)
  );
#9977 = ADVANCED_FACE('',(#9978),#9996,.T.);
#9978 = FACE_BOUND('',#9979,.T.);
#9979 = EDGE_LOOP('',(#9980,#9981,#9989,#9995));
#9980 = ORIENTED_EDGE('',*,*,#4003,.F.);
#9981 = ORIENTED_EDGE('',*,*,#9982,.T.);
#9982 = EDGE_CURVE('',#3996,#9983,#9985,.T.);
#9983 = VERTEX_POINT('',#9984);
#9984 = CARTESIAN_POINT('',(7.404803160871,3.638670115839,9.8));
#9985 = LINE('',#9986,#9987);
#9986 = CARTESIAN_POINT('',(7.404803160871,3.638670115839,11.1));
#9987 = VECTOR('',#9988,1.);
#9988 = DIRECTION('',(1.224646799147E-16,0.,-1.));
#9989 = ORIENTED_EDGE('',*,*,#9990,.F.);
#9990 = EDGE_CURVE('',#9935,#9983,#9991,.T.);
#9991 = LINE('',#9992,#9993);
#9992 = CARTESIAN_POINT('',(5.990735824612,0.713226378473,9.8));
#9993 = VECTOR('',#9994,1.);
#9994 = DIRECTION('',(0.435194322623,0.900336549051,5.329593342068E-17)
  );
#9995 = ORIENTED_EDGE('',*,*,#9934,.F.);
#9996 = PLANE('',#9997);
#9997 = AXIS2_PLACEMENT_3D('',#9998,#9999,#10000);
#9998 = CARTESIAN_POINT('',(7.404803160871,3.638670115839,11.1));
#9999 = DIRECTION('',(-0.900336549051,0.435194322623,-1.102594272951E-16
    ));
#10000 = DIRECTION('',(-0.435194322623,-0.900336549051,
    -5.329593342068E-17));
#10001 = ADVANCED_FACE('',(#10002),#10020,.T.);
#10002 = FACE_BOUND('',#10003,.T.);
#10003 = EDGE_LOOP('',(#10004,#10005,#10006,#10014));
#10004 = ORIENTED_EDGE('',*,*,#3907,.F.);
#10005 = ORIENTED_EDGE('',*,*,#9967,.T.);
#10006 = ORIENTED_EDGE('',*,*,#10007,.F.);
#10007 = EDGE_CURVE('',#10008,#9960,#10010,.T.);
#10008 = VERTEX_POINT('',#10009);
#10009 = CARTESIAN_POINT('',(7.278674030756,6.822267722361,9.8));
#10010 = LINE('',#10011,#10012);
#10011 = CARTESIAN_POINT('',(7.749388208986,6.035258821823,9.8));
#10012 = VECTOR('',#10013,1.);
#10013 = DIRECTION('',(-0.51329961757,0.85820947478,-6.286107336605E-17)
  );
#10014 = ORIENTED_EDGE('',*,*,#10015,.F.);
#10015 = EDGE_CURVE('',#3908,#10008,#10016,.T.);
#10016 = LINE('',#10017,#10018);
#10017 = CARTESIAN_POINT('',(7.278674030756,6.822267722361,11.1));
#10018 = VECTOR('',#10019,1.);
#10019 = DIRECTION('',(1.224646799147E-16,0.,-1.));
#10020 = PLANE('',#10021);
#10021 = AXIS2_PLACEMENT_3D('',#10022,#10023,#10024);
#10022 = CARTESIAN_POINT('',(7.132526133407,7.066619180907,11.1));
#10023 = DIRECTION('',(-0.85820947478,-0.51329961757,-1.051003486288E-16
    ));
#10024 = DIRECTION('',(0.51329961757,-0.85820947478,6.286107336605E-17)
  );
#10025 = ADVANCED_FACE('',(#10026),#10044,.T.);
#10026 = FACE_BOUND('',#10027,.T.);
#10027 = EDGE_LOOP('',(#10028,#10029,#10037,#10043));
#10028 = ORIENTED_EDGE('',*,*,#3995,.F.);
#10029 = ORIENTED_EDGE('',*,*,#10030,.T.);
#10030 = EDGE_CURVE('',#3988,#10031,#10033,.T.);
#10031 = VERTEX_POINT('',#10032);
#10032 = CARTESIAN_POINT('',(7.509698831278,3.913681359668,9.8));
#10033 = LINE('',#10034,#10035);
#10034 = CARTESIAN_POINT('',(7.509698831278,3.913681359668,11.1));
#10035 = VECTOR('',#10036,1.);
#10036 = DIRECTION('',(1.224646799147E-16,0.,-1.));
#10037 = ORIENTED_EDGE('',*,*,#10038,.F.);
#10038 = EDGE_CURVE('',#9983,#10031,#10039,.T.);
#10039 = LINE('',#10040,#10041);
#10040 = CARTESIAN_POINT('',(6.381220326084,0.955081866071,9.8));
#10041 = VECTOR('',#10042,1.);
#10042 = DIRECTION('',(0.356379457965,0.934341309127,4.364389624791E-17)
  );
#10043 = ORIENTED_EDGE('',*,*,#9982,.F.);
#10044 = PLANE('',#10045);
#10045 = AXIS2_PLACEMENT_3D('',#10046,#10047,#10048);
#10046 = CARTESIAN_POINT('',(7.509698831278,3.913681359668,11.1));
#10047 = DIRECTION('',(-0.934341309127,0.356379457965,
    -1.144238093533E-16));
#10048 = DIRECTION('',(-0.356379457965,-0.934341309127,
    -4.364389624791E-17));
#10049 = ADVANCED_FACE('',(#10050),#10068,.T.);
#10050 = FACE_BOUND('',#10051,.T.);
#10051 = EDGE_LOOP('',(#10052,#10053,#10054,#10062));
#10052 = ORIENTED_EDGE('',*,*,#3915,.F.);
#10053 = ORIENTED_EDGE('',*,*,#10015,.T.);
#10054 = ORIENTED_EDGE('',*,*,#10055,.F.);
#10055 = EDGE_CURVE('',#10056,#10008,#10058,.T.);
#10056 = VERTEX_POINT('',#10057);
#10057 = CARTESIAN_POINT('',(7.404803160871,6.561329884161,9.8));
#10058 = LINE('',#10059,#10060);
#10059 = CARTESIAN_POINT('',(7.925960167997,5.483152442686,9.8));
#10060 = VECTOR('',#10061,1.);
#10061 = DIRECTION('',(-0.435194322623,0.900336549051,
    -5.329593342068E-17));
#10062 = ORIENTED_EDGE('',*,*,#10063,.F.);
#10063 = EDGE_CURVE('',#3916,#10056,#10064,.T.);
#10064 = LINE('',#10065,#10066);
#10065 = CARTESIAN_POINT('',(7.404803160871,6.561329884161,11.1));
#10066 = VECTOR('',#10067,1.);
#10067 = DIRECTION('',(1.224646799147E-16,0.,-1.));
#10068 = PLANE('',#10069);
#10069 = AXIS2_PLACEMENT_3D('',#10070,#10071,#10072);
#10070 = CARTESIAN_POINT('',(7.278674030756,6.822267722361,11.1));
#10071 = DIRECTION('',(-0.900336549051,-0.435194322623,
    -1.102594272951E-16));
#10072 = DIRECTION('',(0.435194322623,-0.900336549051,5.329593342068E-17
    ));
#10073 = ADVANCED_FACE('',(#10074),#10092,.T.);
#10074 = FACE_BOUND('',#10075,.T.);
#10075 = EDGE_LOOP('',(#10076,#10077,#10085,#10091));
#10076 = ORIENTED_EDGE('',*,*,#3987,.F.);
#10077 = ORIENTED_EDGE('',*,*,#10078,.T.);
#10078 = EDGE_CURVE('',#3980,#10079,#10081,.T.);
#10079 = VERTEX_POINT('',#10080);
#10080 = CARTESIAN_POINT('',(7.592350839331,4.200117500511,9.8));
#10081 = LINE('',#10082,#10083);
#10082 = CARTESIAN_POINT('',(7.592350839331,4.200117500511,11.1));
#10083 = VECTOR('',#10084,1.);
#10084 = DIRECTION('',(1.224646799147E-16,0.,-1.));
#10085 = ORIENTED_EDGE('',*,*,#10086,.F.);
#10086 = EDGE_CURVE('',#10031,#10079,#10087,.T.);
#10087 = LINE('',#10088,#10089);
#10088 = CARTESIAN_POINT('',(6.741164450497,1.25027332732,9.8));
#10089 = VECTOR('',#10090,1.);
#10090 = DIRECTION('',(0.277241777037,0.960800185817,3.395232548377E-17)
  );
#10091 = ORIENTED_EDGE('',*,*,#10030,.F.);
#10092 = PLANE('',#10093);
#10093 = AXIS2_PLACEMENT_3D('',#10094,#10095,#10096);
#10094 = CARTESIAN_POINT('',(7.592350839331,4.200117500511,11.1));
#10095 = DIRECTION('',(-0.960800185817,0.277241777037,
    -1.176640872181E-16));
#10096 = DIRECTION('',(-0.277241777037,-0.960800185817,
    -3.395232548377E-17));
#10097 = ADVANCED_FACE('',(#10098),#10116,.T.);
#10098 = FACE_BOUND('',#10099,.T.);
#10099 = EDGE_LOOP('',(#10100,#10101,#10102,#10110));
#10100 = ORIENTED_EDGE('',*,*,#3923,.F.);
#10101 = ORIENTED_EDGE('',*,*,#10063,.T.);
#10102 = ORIENTED_EDGE('',*,*,#10103,.F.);
#10103 = EDGE_CURVE('',#10104,#10056,#10106,.T.);
#10104 = VERTEX_POINT('',#10105);
#10105 = CARTESIAN_POINT('',(7.509698831278,6.286318640332,9.8));
#10106 = LINE('',#10107,#10108);
#10107 = CARTESIAN_POINT('',(8.026970742316,4.930155977947,9.8));
#10108 = VECTOR('',#10109,1.);
#10109 = DIRECTION('',(-0.356379457965,0.934341309127,
    -4.364389624791E-17));
#10110 = ORIENTED_EDGE('',*,*,#10111,.F.);
#10111 = EDGE_CURVE('',#3924,#10104,#10112,.T.);
#10112 = LINE('',#10113,#10114);
#10113 = CARTESIAN_POINT('',(7.509698831278,6.286318640332,11.1));
#10114 = VECTOR('',#10115,1.);
#10115 = DIRECTION('',(1.224646799147E-16,0.,-1.));
#10116 = PLANE('',#10117);
#10117 = AXIS2_PLACEMENT_3D('',#10118,#10119,#10120);
#10118 = CARTESIAN_POINT('',(7.404803160871,6.561329884161,11.1));
#10119 = DIRECTION('',(-0.934341309127,-0.356379457965,
    -1.144238093533E-16));
#10120 = DIRECTION('',(0.356379457965,-0.934341309127,4.364389624791E-17
    ));
#10121 = ADVANCED_FACE('',(#10122),#10140,.T.);
#10122 = FACE_BOUND('',#10123,.T.);
#10123 = EDGE_LOOP('',(#10124,#10125,#10133,#10139));
#10124 = ORIENTED_EDGE('',*,*,#3979,.F.);
#10125 = ORIENTED_EDGE('',*,*,#10126,.T.);
#10126 = EDGE_CURVE('',#3972,#10127,#10129,.T.);
#10127 = VERTEX_POINT('',#10128);
#10128 = CARTESIAN_POINT('',(7.651963201008,4.49522000175,9.8));
#10129 = LINE('',#10130,#10131);
#10130 = CARTESIAN_POINT('',(7.651963201008,4.49522000175,11.1));
#10131 = VECTOR('',#10132,1.);
#10132 = DIRECTION('',(1.224646799147E-16,0.,-1.));
#10133 = ORIENTED_EDGE('',*,*,#10134,.F.);
#10134 = EDGE_CURVE('',#10079,#10127,#10135,.T.);
#10135 = LINE('',#10136,#10137);
#10136 = CARTESIAN_POINT('',(7.065731272451,1.593162382241,9.8));
#10137 = VECTOR('',#10138,1.);
#10138 = DIRECTION('',(0.198006062582,0.980200795338,2.424874907524E-17)
  );
#10139 = ORIENTED_EDGE('',*,*,#10078,.F.);
#10140 = PLANE('',#10141);
#10141 = AXIS2_PLACEMENT_3D('',#10142,#10143,#10144);
#10142 = CARTESIAN_POINT('',(7.651963201008,4.49522000175,11.1));
#10143 = DIRECTION('',(-0.980200795338,0.198006062582,
    -1.200399766532E-16));
#10144 = DIRECTION('',(-0.198006062582,-0.980200795338,
    -2.424874907524E-17));
#10145 = ADVANCED_FACE('',(#10146),#10164,.T.);
#10146 = FACE_BOUND('',#10147,.T.);
#10147 = EDGE_LOOP('',(#10148,#10149,#10150,#10158));
#10148 = ORIENTED_EDGE('',*,*,#3931,.F.);
#10149 = ORIENTED_EDGE('',*,*,#10111,.T.);
#10150 = ORIENTED_EDGE('',*,*,#10151,.F.);
#10151 = EDGE_CURVE('',#10152,#10104,#10154,.T.);
#10152 = VERTEX_POINT('',#10153);
#10153 = CARTESIAN_POINT('',(7.592350839331,5.999882499489,9.8));
#10154 = LINE('',#10155,#10156);
#10155 = CARTESIAN_POINT('',(8.058345596024,4.384946058067,9.8));
#10156 = VECTOR('',#10157,1.);
#10157 = DIRECTION('',(-0.277241777037,0.960800185817,
    -3.395232548377E-17));
#10158 = ORIENTED_EDGE('',*,*,#10159,.F.);
#10159 = EDGE_CURVE('',#3932,#10152,#10160,.T.);
#10160 = LINE('',#10161,#10162);
#10161 = CARTESIAN_POINT('',(7.592350839331,5.999882499489,11.1));
#10162 = VECTOR('',#10163,1.);
#10163 = DIRECTION('',(1.224646799147E-16,0.,-1.));
#10164 = PLANE('',#10165);
#10165 = AXIS2_PLACEMENT_3D('',#10166,#10167,#10168);
#10166 = CARTESIAN_POINT('',(7.509698831278,6.286318640332,11.1));
#10167 = DIRECTION('',(-0.960800185817,-0.277241777037,
    -1.176640872181E-16));
#10168 = DIRECTION('',(0.277241777037,-0.960800185817,3.395232548377E-17
    ));
#10169 = ADVANCED_FACE('',(#10170),#10188,.T.);
#10170 = FACE_BOUND('',#10171,.T.);
#10171 = EDGE_LOOP('',(#10172,#10173,#10181,#10187));
#10172 = ORIENTED_EDGE('',*,*,#3971,.F.);
#10173 = ORIENTED_EDGE('',*,*,#10174,.T.);
#10174 = EDGE_CURVE('',#3964,#10175,#10177,.T.);
#10175 = VERTEX_POINT('',#10176);
#10176 = CARTESIAN_POINT('',(7.68796181668,4.796146864978,9.8));
#10177 = LINE('',#10178,#10179);
#10178 = CARTESIAN_POINT('',(7.68796181668,4.796146864978,11.1));
#10179 = VECTOR('',#10180,1.);
#10180 = DIRECTION('',(1.224646799147E-16,0.,-1.));
#10181 = ORIENTED_EDGE('',*,*,#10182,.F.);
#10182 = EDGE_CURVE('',#10127,#10175,#10183,.T.);
#10183 = LINE('',#10184,#10185);
#10184 = CARTESIAN_POINT('',(7.35090512557,1.978554830082,9.8));
#10185 = VECTOR('',#10186,1.);
#10186 = DIRECTION('',(0.118778932436,0.992920724534,1.454622394143E-17)
  );
#10187 = ORIENTED_EDGE('',*,*,#10126,.F.);
#10188 = PLANE('',#10189);
#10189 = AXIS2_PLACEMENT_3D('',#10190,#10191,#10192);
#10190 = CARTESIAN_POINT('',(7.68796181668,4.796146864978,11.1));
#10191 = DIRECTION('',(-0.992920724534,0.118778932436,
    -1.215977187108E-16));
#10192 = DIRECTION('',(-0.118778932436,-0.992920724534,
    -1.454622394143E-17));
#10193 = ADVANCED_FACE('',(#10194),#10212,.T.);
#10194 = FACE_BOUND('',#10195,.T.);
#10195 = EDGE_LOOP('',(#10196,#10197,#10198,#10206));
#10196 = ORIENTED_EDGE('',*,*,#3939,.F.);
#10197 = ORIENTED_EDGE('',*,*,#10159,.T.);
#10198 = ORIENTED_EDGE('',*,*,#10199,.F.);
#10199 = EDGE_CURVE('',#10200,#10152,#10202,.T.);
#10200 = VERTEX_POINT('',#10201);
#10201 = CARTESIAN_POINT('',(7.651963201008,5.70477999825,9.8));
#10202 = LINE('',#10203,#10204);
#10203 = CARTESIAN_POINT('',(8.025762161736,3.854341512556,9.8));
#10204 = VECTOR('',#10205,1.);
#10205 = DIRECTION('',(-0.198006062582,0.980200795338,
    -2.424874907524E-17));
#10206 = ORIENTED_EDGE('',*,*,#10207,.F.);
#10207 = EDGE_CURVE('',#3940,#10200,#10208,.T.);
#10208 = LINE('',#10209,#10210);
#10209 = CARTESIAN_POINT('',(7.651963201008,5.70477999825,11.1));
#10210 = VECTOR('',#10211,1.);
#10211 = DIRECTION('',(1.224646799147E-16,0.,-1.));
#10212 = PLANE('',#10213);
#10213 = AXIS2_PLACEMENT_3D('',#10214,#10215,#10216);
#10214 = CARTESIAN_POINT('',(7.592350839331,5.999882499489,11.1));
#10215 = DIRECTION('',(-0.980200795338,-0.198006062582,
    -1.200399766532E-16));
#10216 = DIRECTION('',(0.198006062582,-0.980200795338,2.424874907524E-17
    ));
#10217 = ADVANCED_FACE('',(#10218),#10236,.T.);
#10218 = FACE_BOUND('',#10219,.T.);
#10219 = EDGE_LOOP('',(#10220,#10221,#10229,#10235));
#10220 = ORIENTED_EDGE('',*,*,#3963,.F.);
#10221 = ORIENTED_EDGE('',*,*,#10222,.T.);
#10222 = EDGE_CURVE('',#3956,#10223,#10225,.T.);
#10223 = VERTEX_POINT('',#10224);
#10224 = CARTESIAN_POINT('',(7.7,5.1,9.8));
#10225 = LINE('',#10226,#10227);
#10226 = CARTESIAN_POINT('',(7.7,5.1,11.1));
#10227 = VECTOR('',#10228,1.);
#10228 = DIRECTION('',(1.224646799147E-16,0.,-1.));
#10229 = ORIENTED_EDGE('',*,*,#10230,.F.);
#10230 = EDGE_CURVE('',#10175,#10223,#10231,.T.);
#10231 = LINE('',#10232,#10233);
#10232 = CARTESIAN_POINT('',(7.593097770269,2.401704353361,9.8));
#10233 = VECTOR('',#10234,1.);
#10234 = DIRECTION('',(3.958737085524E-02,0.999216112795,
    4.848054700453E-18));
#10235 = ORIENTED_EDGE('',*,*,#10174,.F.);
#10236 = PLANE('',#10237);
#10237 = AXIS2_PLACEMENT_3D('',#10238,#10239,#10240);
#10238 = CARTESIAN_POINT('',(7.7,5.1,11.1));
#10239 = DIRECTION('',(-0.999216112795,3.958737085524E-02,
    -1.223686814191E-16));
#10240 = DIRECTION('',(-3.958737085524E-02,-0.999216112795,
    -4.848054700453E-18));
#10241 = ADVANCED_FACE('',(#10242),#10260,.T.);
#10242 = FACE_BOUND('',#10243,.T.);
#10243 = EDGE_LOOP('',(#10244,#10245,#10246,#10254));
#10244 = ORIENTED_EDGE('',*,*,#3947,.F.);
#10245 = ORIENTED_EDGE('',*,*,#10207,.T.);
#10246 = ORIENTED_EDGE('',*,*,#10247,.F.);
#10247 = EDGE_CURVE('',#10248,#10200,#10250,.T.);
#10248 = VERTEX_POINT('',#10249);
#10249 = CARTESIAN_POINT('',(7.68796181668,5.403853135022,9.8));
#10250 = LINE('',#10251,#10252);
#10251 = CARTESIAN_POINT('',(7.93438994237,3.343861618965,9.8));
#10252 = VECTOR('',#10253,1.);
#10253 = DIRECTION('',(-0.118778932436,0.992920724534,
    -1.454622394143E-17));
#10254 = ORIENTED_EDGE('',*,*,#10255,.F.);
#10255 = EDGE_CURVE('',#3948,#10248,#10256,.T.);
#10256 = LINE('',#10257,#10258);
#10257 = CARTESIAN_POINT('',(7.68796181668,5.403853135022,11.1));
#10258 = VECTOR('',#10259,1.);
#10259 = DIRECTION('',(1.224646799147E-16,0.,-1.));
#10260 = PLANE('',#10261);
#10261 = AXIS2_PLACEMENT_3D('',#10262,#10263,#10264);
#10262 = CARTESIAN_POINT('',(7.651963201008,5.70477999825,11.1));
#10263 = DIRECTION('',(-0.992920724534,-0.118778932436,
    -1.215977187108E-16));
#10264 = DIRECTION('',(0.118778932436,-0.992920724534,1.454622394143E-17
    ));
#10265 = ADVANCED_FACE('',(#10266),#10277,.T.);
#10266 = FACE_BOUND('',#10267,.T.);
#10267 = EDGE_LOOP('',(#10268,#10269,#10270,#10276));
#10268 = ORIENTED_EDGE('',*,*,#3955,.F.);
#10269 = ORIENTED_EDGE('',*,*,#10255,.T.);
#10270 = ORIENTED_EDGE('',*,*,#10271,.F.);
#10271 = EDGE_CURVE('',#10223,#10248,#10272,.T.);
#10272 = LINE('',#10273,#10274);
#10273 = CARTESIAN_POINT('',(7.7888160066,2.858214729799,9.8));
#10274 = VECTOR('',#10275,1.);
#10275 = DIRECTION('',(-3.958737085525E-02,0.999216112795,
    -4.848054700454E-18));
#10276 = ORIENTED_EDGE('',*,*,#10222,.F.);
#10277 = PLANE('',#10278);
#10278 = AXIS2_PLACEMENT_3D('',#10279,#10280,#10281);
#10279 = CARTESIAN_POINT('',(7.68796181668,5.403853135022,11.1));
#10280 = DIRECTION('',(-0.999216112795,-3.958737085525E-02,
    -1.223686814191E-16));
#10281 = DIRECTION('',(3.958737085525E-02,-0.999216112795,
    4.848054700454E-18));
#10282 = ADVANCED_FACE('',(#10283),#10308,.T.);
#10283 = FACE_BOUND('',#10284,.T.);
#10284 = EDGE_LOOP('',(#10285,#10293,#10301,#10307));
#10285 = ORIENTED_EDGE('',*,*,#10286,.T.);
#10286 = EDGE_CURVE('',#4212,#10287,#10289,.T.);
#10287 = VERTEX_POINT('',#10288);
#10288 = CARTESIAN_POINT('',(-11.14606893872,12.115750293044,10.6));
#10289 = LINE('',#10290,#10291);
#10290 = CARTESIAN_POINT('',(-11.14606893872,12.115750293044,11.));
#10291 = VECTOR('',#10292,1.);
#10292 = DIRECTION('',(1.224646799147E-16,0.,-1.));
#10293 = ORIENTED_EDGE('',*,*,#10294,.T.);
#10294 = EDGE_CURVE('',#10287,#10295,#10297,.T.);
#10295 = VERTEX_POINT('',#10296);
#10296 = CARTESIAN_POINT('',(-11.2,12.4,10.6));
#10297 = LINE('',#10298,#10299);
#10298 = CARTESIAN_POINT('',(-11.14606893872,12.115750293044,10.6));
#10299 = VECTOR('',#10300,1.);
#10300 = DIRECTION('',(-0.186405829909,0.982472832488,-2.2828130294E-17)
  );
#10301 = ORIENTED_EDGE('',*,*,#10302,.F.);
#10302 = EDGE_CURVE('',#4214,#10295,#10303,.T.);
#10303 = LINE('',#10304,#10305);
#10304 = CARTESIAN_POINT('',(-11.2,12.4,11.));
#10305 = VECTOR('',#10306,1.);
#10306 = DIRECTION('',(1.224646799147E-16,0.,-1.));
#10307 = ORIENTED_EDGE('',*,*,#4211,.F.);
#10308 = PLANE('',#10309);
#10309 = AXIS2_PLACEMENT_3D('',#10310,#10311,#10312);
#10310 = CARTESIAN_POINT('',(-11.14606893872,12.115750293044,11.));
#10311 = DIRECTION('',(0.982472832488,0.186405829909,1.203182209555E-16)
  );
#10312 = DIRECTION('',(-0.186405829909,0.982472832488,-2.2828130294E-17)
  );
#10313 = ADVANCED_FACE('',(#10314),#10332,.T.);
#10314 = FACE_BOUND('',#10315,.T.);
#10315 = EDGE_LOOP('',(#10316,#10324,#10330,#10331));
#10316 = ORIENTED_EDGE('',*,*,#10317,.T.);
#10317 = EDGE_CURVE('',#4710,#10318,#10320,.T.);
#10318 = VERTEX_POINT('',#10319);
#10319 = CARTESIAN_POINT('',(-10.98479514051,11.834238066153,10.6));
#10320 = LINE('',#10321,#10322);
#10321 = CARTESIAN_POINT('',(-10.98479514051,11.834238066153,11.));
#10322 = VECTOR('',#10323,1.);
#10323 = DIRECTION('',(1.224646799147E-16,0.,-1.));
#10324 = ORIENTED_EDGE('',*,*,#10325,.T.);
#10325 = EDGE_CURVE('',#10318,#10287,#10326,.T.);
#10326 = LINE('',#10327,#10328);
#10327 = CARTESIAN_POINT('',(-10.98479514051,11.834238066153,10.6));
#10328 = VECTOR('',#10329,1.);
#10329 = DIRECTION('',(-0.497090530779,0.867698682844,
    -6.087603274056E-17));
#10330 = ORIENTED_EDGE('',*,*,#10286,.F.);
#10331 = ORIENTED_EDGE('',*,*,#4717,.F.);
#10332 = PLANE('',#10333);
#10333 = AXIS2_PLACEMENT_3D('',#10334,#10335,#10336);
#10334 = CARTESIAN_POINT('',(-10.98479514051,11.834238066153,11.));
#10335 = DIRECTION('',(0.867698682844,0.497090530779,1.062624414569E-16)
  );
#10336 = DIRECTION('',(-0.497090530779,0.867698682844,
    -6.087603274056E-17));
#10337 = ADVANCED_FACE('',(#10338),#10356,.T.);
#10338 = FACE_BOUND('',#10339,.T.);
#10339 = EDGE_LOOP('',(#10340,#10348,#10354,#10355));
#10340 = ORIENTED_EDGE('',*,*,#10341,.T.);
#10341 = EDGE_CURVE('',#4702,#10342,#10344,.T.);
#10342 = VERTEX_POINT('',#10343);
#10343 = CARTESIAN_POINT('',(-10.7177317602,11.558174435962,10.6));
#10344 = LINE('',#10345,#10346);
#10345 = CARTESIAN_POINT('',(-10.7177317602,11.558174435962,11.));
#10346 = VECTOR('',#10347,1.);
#10347 = DIRECTION('',(1.224646799147E-16,0.,-1.));
#10348 = ORIENTED_EDGE('',*,*,#10349,.T.);
#10349 = EDGE_CURVE('',#10342,#10318,#10350,.T.);
#10350 = LINE('',#10351,#10352);
#10351 = CARTESIAN_POINT('',(-10.7177317602,11.558174435962,10.6));
#10352 = VECTOR('',#10353,1.);
#10353 = DIRECTION('',(-0.695293736147,0.718725692093,
    -8.514892484397E-17));
#10354 = ORIENTED_EDGE('',*,*,#10317,.F.);
#10355 = ORIENTED_EDGE('',*,*,#4709,.F.);
#10356 = PLANE('',#10357);
#10357 = AXIS2_PLACEMENT_3D('',#10358,#10359,#10360);
#10358 = CARTESIAN_POINT('',(-10.7177317602,11.558174435962,11.));
#10359 = DIRECTION('',(0.718725692093,0.695293736147,8.801851182868E-17)
  );
#10360 = DIRECTION('',(-0.695293736147,0.718725692093,
    -8.514892484397E-17));
#10361 = ADVANCED_FACE('',(#10362),#10380,.T.);
#10362 = FACE_BOUND('',#10363,.T.);
#10363 = EDGE_LOOP('',(#10364,#10372,#10378,#10379));
#10364 = ORIENTED_EDGE('',*,*,#10365,.T.);
#10365 = EDGE_CURVE('',#4694,#10366,#10368,.T.);
#10366 = VERTEX_POINT('',#10367);
#10367 = CARTESIAN_POINT('',(-10.34745076412,11.290218046141,10.6));
#10368 = LINE('',#10369,#10370);
#10369 = CARTESIAN_POINT('',(-10.34745076412,11.290218046141,11.));
#10370 = VECTOR('',#10371,1.);
#10371 = DIRECTION('',(1.224646799147E-16,0.,-1.));
#10372 = ORIENTED_EDGE('',*,*,#10373,.T.);
#10373 = EDGE_CURVE('',#10366,#10342,#10374,.T.);
#10374 = LINE('',#10375,#10376);
#10375 = CARTESIAN_POINT('',(-10.34745076412,11.290218046141,10.6));
#10376 = VECTOR('',#10377,1.);
#10377 = DIRECTION('',(-0.810127210389,0.586254128332,
    -9.921196951056E-17));
#10378 = ORIENTED_EDGE('',*,*,#10341,.F.);
#10379 = ORIENTED_EDGE('',*,*,#4701,.F.);
#10380 = PLANE('',#10381);
#10381 = AXIS2_PLACEMENT_3D('',#10382,#10383,#10384);
#10382 = CARTESIAN_POINT('',(-10.34745076412,11.290218046141,11.));
#10383 = DIRECTION('',(0.586254128332,0.810127210389,7.17954241749E-17)
  );
#10384 = DIRECTION('',(-0.810127210389,0.586254128332,
    -9.921196951056E-17));
#10385 = ADVANCED_FACE('',(#10386),#10404,.T.);
#10386 = FACE_BOUND('',#10387,.T.);
#10387 = EDGE_LOOP('',(#10388,#10396,#10402,#10403));
#10388 = ORIENTED_EDGE('',*,*,#10389,.T.);
#10389 = EDGE_CURVE('',#4686,#10390,#10392,.T.);
#10390 = VERTEX_POINT('',#10391);
#10391 = CARTESIAN_POINT('',(-9.877518160702,11.032949463205,10.6));
#10392 = LINE('',#10393,#10394);
#10393 = CARTESIAN_POINT('',(-9.877518160702,11.032949463205,11.));
#10394 = VECTOR('',#10395,1.);
#10395 = DIRECTION('',(1.224646799147E-16,0.,-1.));
#10396 = ORIENTED_EDGE('',*,*,#10397,.T.);
#10397 = EDGE_CURVE('',#10390,#10366,#10398,.T.);
#10398 = LINE('',#10399,#10400);
#10399 = CARTESIAN_POINT('',(-9.877518160702,11.032949463205,10.6));
#10400 = VECTOR('',#10401,1.);
#10401 = DIRECTION('',(-0.877155600291,0.480206260764,
    -1.074205798251E-16));
#10402 = ORIENTED_EDGE('',*,*,#10365,.F.);
#10403 = ORIENTED_EDGE('',*,*,#4693,.F.);
#10404 = PLANE('',#10405);
#10405 = AXIS2_PLACEMENT_3D('',#10406,#10407,#10408);
#10406 = CARTESIAN_POINT('',(-9.877518160702,11.032949463205,11.));
#10407 = DIRECTION('',(0.480206260764,0.877155600291,5.880830601756E-17)
  );
#10408 = DIRECTION('',(-0.877155600291,0.480206260764,
    -1.074205798251E-16));
#10409 = ADVANCED_FACE('',(#10410),#10428,.T.);
#10410 = FACE_BOUND('',#10411,.T.);
#10411 = EDGE_LOOP('',(#10412,#10420,#10426,#10427));
#10412 = ORIENTED_EDGE('',*,*,#10413,.T.);
#10413 = EDGE_CURVE('',#4678,#10414,#10416,.T.);
#10414 = VERTEX_POINT('',#10415);
#10415 = CARTESIAN_POINT('',(-9.312459657789,10.788846324243,10.6));
#10416 = LINE('',#10417,#10418);
#10417 = CARTESIAN_POINT('',(-9.312459657789,10.788846324243,11.));
#10418 = VECTOR('',#10419,1.);
#10419 = DIRECTION('',(1.224646799147E-16,0.,-1.));
#10420 = ORIENTED_EDGE('',*,*,#10421,.T.);
#10421 = EDGE_CURVE('',#10414,#10390,#10422,.T.);
#10422 = LINE('',#10423,#10424);
#10423 = CARTESIAN_POINT('',(-9.312459657789,10.788846324243,10.6));
#10424 = VECTOR('',#10425,1.);
#10425 = DIRECTION('',(-0.918002857926,0.396573767212,
    -1.124229261567E-16));
#10426 = ORIENTED_EDGE('',*,*,#10389,.F.);
#10427 = ORIENTED_EDGE('',*,*,#4685,.F.);
#10428 = PLANE('',#10429);
#10429 = AXIS2_PLACEMENT_3D('',#10430,#10431,#10432);
#10430 = CARTESIAN_POINT('',(-9.312459657789,10.788846324243,11.));
#10431 = DIRECTION('',(0.396573767212,0.918002857926,4.856627946416E-17)
  );
#10432 = DIRECTION('',(-0.918002857926,0.396573767212,
    -1.124229261567E-16));
#10433 = ADVANCED_FACE('',(#10434),#10452,.T.);
#10434 = FACE_BOUND('',#10435,.T.);
#10435 = EDGE_LOOP('',(#10436,#10444,#10450,#10451));
#10436 = ORIENTED_EDGE('',*,*,#10437,.T.);
#10437 = EDGE_CURVE('',#4670,#10438,#10440,.T.);
#10438 = VERTEX_POINT('',#10439);
#10439 = CARTESIAN_POINT('',(-8.657717077663,10.560259475925,10.6));
#10440 = LINE('',#10441,#10442);
#10441 = CARTESIAN_POINT('',(-8.657717077663,10.560259475925,11.));
#10442 = VECTOR('',#10443,1.);
#10443 = DIRECTION('',(1.224646799147E-16,0.,-1.));
#10444 = ORIENTED_EDGE('',*,*,#10445,.T.);
#10445 = EDGE_CURVE('',#10438,#10414,#10446,.T.);
#10446 = LINE('',#10447,#10448);
#10447 = CARTESIAN_POINT('',(-8.657717077663,10.560259475925,10.6));
#10448 = VECTOR('',#10449,1.);
#10449 = DIRECTION('',(-0.944115720652,0.329614177513,
    -1.156208295321E-16));
#10450 = ORIENTED_EDGE('',*,*,#10413,.F.);
#10451 = ORIENTED_EDGE('',*,*,#4677,.F.);
#10452 = PLANE('',#10453);
#10453 = AXIS2_PLACEMENT_3D('',#10454,#10455,#10456);
#10454 = CARTESIAN_POINT('',(-8.657717077663,10.560259475925,11.));
#10455 = DIRECTION('',(0.329614177513,0.944115720652,4.036609474451E-17)
  );
#10456 = DIRECTION('',(-0.944115720652,0.329614177513,
    -1.156208295321E-16));
#10457 = ADVANCED_FACE('',(#10458),#10476,.T.);
#10458 = FACE_BOUND('',#10459,.T.);
#10459 = EDGE_LOOP('',(#10460,#10468,#10474,#10475));
#10460 = ORIENTED_EDGE('',*,*,#10461,.T.);
#10461 = EDGE_CURVE('',#4662,#10462,#10464,.T.);
#10462 = VERTEX_POINT('',#10463);
#10463 = CARTESIAN_POINT('',(-7.919595949289,10.349390334559,10.6));
#10464 = LINE('',#10465,#10466);
#10465 = CARTESIAN_POINT('',(-7.919595949289,10.349390334559,11.));
#10466 = VECTOR('',#10467,1.);
#10467 = DIRECTION('',(1.224646799147E-16,0.,-1.));
#10468 = ORIENTED_EDGE('',*,*,#10469,.T.);
#10469 = EDGE_CURVE('',#10462,#10438,#10470,.T.);
#10470 = LINE('',#10471,#10472);
#10471 = CARTESIAN_POINT('',(-7.919595949289,10.349390334559,10.6));
#10472 = VECTOR('',#10473,1.);
#10473 = DIRECTION('',(-0.96153172728,0.274693897701,-1.177536752092E-16
    ));
#10474 = ORIENTED_EDGE('',*,*,#10437,.F.);
#10475 = ORIENTED_EDGE('',*,*,#4669,.F.);
#10476 = PLANE('',#10477);
#10477 = AXIS2_PLACEMENT_3D('',#10478,#10479,#10480);
#10478 = CARTESIAN_POINT('',(-7.919595949289,10.349390334559,11.));
#10479 = DIRECTION('',(0.274693897701,0.96153172728,3.364030025645E-17)
  );
#10480 = DIRECTION('',(-0.96153172728,0.274693897701,-1.177536752092E-16
    ));
#10481 = ADVANCED_FACE('',(#10482),#10500,.T.);
#10482 = FACE_BOUND('',#10483,.T.);
#10483 = EDGE_LOOP('',(#10484,#10492,#10498,#10499));
#10484 = ORIENTED_EDGE('',*,*,#10485,.T.);
#10485 = EDGE_CURVE('',#4654,#10486,#10488,.T.);
#10486 = VERTEX_POINT('',#10487);
#10487 = CARTESIAN_POINT('',(-7.105204782633,10.158269685248,10.6));
#10488 = LINE('',#10489,#10490);
#10489 = CARTESIAN_POINT('',(-7.105204782633,10.158269685248,11.));
#10490 = VECTOR('',#10491,1.);
#10491 = DIRECTION('',(1.224646799147E-16,0.,-1.));
#10492 = ORIENTED_EDGE('',*,*,#10493,.T.);
#10493 = EDGE_CURVE('',#10486,#10462,#10494,.T.);
#10494 = LINE('',#10495,#10496);
#10495 = CARTESIAN_POINT('',(-7.105204782633,10.158269685248,10.6));
#10496 = VECTOR('',#10497,1.);
#10497 = DIRECTION('',(-0.973550478144,0.228472025653,
    -1.192255476867E-16));
#10498 = ORIENTED_EDGE('',*,*,#10461,.F.);
#10499 = ORIENTED_EDGE('',*,*,#4661,.F.);
#10500 = PLANE('',#10501);
#10501 = AXIS2_PLACEMENT_3D('',#10502,#10503,#10504);
#10502 = CARTESIAN_POINT('',(-7.105204782633,10.158269685248,11.));
#10503 = DIRECTION('',(0.228472025653,0.973550478144,2.797975349105E-17)
  );
#10504 = DIRECTION('',(-0.973550478144,0.228472025653,
    -1.192255476867E-16));
#10505 = ADVANCED_FACE('',(#10506),#10524,.T.);
#10506 = FACE_BOUND('',#10507,.T.);
#10507 = EDGE_LOOP('',(#10508,#10516,#10522,#10523));
#10508 = ORIENTED_EDGE('',*,*,#10509,.T.);
#10509 = EDGE_CURVE('',#4646,#10510,#10512,.T.);
#10510 = VERTEX_POINT('',#10511);
#10511 = CARTESIAN_POINT('',(-6.22238660982,9.988738124323,10.6));
#10512 = LINE('',#10513,#10514);
#10513 = CARTESIAN_POINT('',(-6.22238660982,9.988738124323,11.));
#10514 = VECTOR('',#10515,1.);
#10515 = DIRECTION('',(1.224646799147E-16,0.,-1.));
#10516 = ORIENTED_EDGE('',*,*,#10517,.T.);
#10517 = EDGE_CURVE('',#10510,#10486,#10518,.T.);
#10518 = LINE('',#10519,#10520);
#10519 = CARTESIAN_POINT('',(-6.22238660982,9.988738124323,10.6));
#10520 = VECTOR('',#10521,1.);
#10521 = DIRECTION('',(-0.982056164151,0.188588680605,
    -1.202671938011E-16));
#10522 = ORIENTED_EDGE('',*,*,#10485,.F.);
#10523 = ORIENTED_EDGE('',*,*,#4653,.F.);
#10524 = PLANE('',#10525);
#10525 = AXIS2_PLACEMENT_3D('',#10526,#10527,#10528);
#10526 = CARTESIAN_POINT('',(-6.22238660982,9.988738124323,11.));
#10527 = DIRECTION('',(0.188588680605,0.982056164151,2.309545240584E-17)
  );
#10528 = DIRECTION('',(-0.982056164151,0.188588680605,
    -1.202671938011E-16));
#10529 = ADVANCED_FACE('',(#10530),#10548,.T.);
#10530 = FACE_BOUND('',#10531,.T.);
#10531 = EDGE_LOOP('',(#10532,#10540,#10546,#10547));
#10532 = ORIENTED_EDGE('',*,*,#10533,.T.);
#10533 = EDGE_CURVE('',#4638,#10534,#10536,.T.);
#10534 = VERTEX_POINT('',#10535);
#10535 = CARTESIAN_POINT('',(-5.279643452451,9.84242833339,10.6));
#10536 = LINE('',#10537,#10538);
#10537 = CARTESIAN_POINT('',(-5.279643452451,9.84242833339,11.));
#10538 = VECTOR('',#10539,1.);
#10539 = DIRECTION('',(1.224646799147E-16,0.,-1.));
#10540 = ORIENTED_EDGE('',*,*,#10541,.T.);
#10541 = EDGE_CURVE('',#10534,#10510,#10542,.T.);
#10542 = LINE('',#10543,#10544);
#10543 = CARTESIAN_POINT('',(-5.279643452451,9.84242833339,10.6));
#10544 = VECTOR('',#10545,1.);
#10545 = DIRECTION('',(-0.988170399476,0.153359908712,-1.21015971673E-16
    ));
#10546 = ORIENTED_EDGE('',*,*,#10509,.F.);
#10547 = ORIENTED_EDGE('',*,*,#4645,.F.);
#10548 = PLANE('',#10549);
#10549 = AXIS2_PLACEMENT_3D('',#10550,#10551,#10552);
#10550 = CARTESIAN_POINT('',(-5.279643452451,9.84242833339,11.));
#10551 = DIRECTION('',(0.153359908712,0.988170399476,1.878117213222E-17)
  );
#10552 = DIRECTION('',(-0.988170399476,0.153359908712,-1.21015971673E-16
    ));
#10553 = ADVANCED_FACE('',(#10554),#10572,.T.);
#10554 = FACE_BOUND('',#10555,.T.);
#10555 = EDGE_LOOP('',(#10556,#10564,#10570,#10571));
#10556 = ORIENTED_EDGE('',*,*,#10557,.T.);
#10557 = EDGE_CURVE('',#4630,#10558,#10560,.T.);
#10558 = VERTEX_POINT('',#10559);
#10559 = CARTESIAN_POINT('',(-4.286054442489,9.720749355717,10.6));
#10560 = LINE('',#10561,#10562);
#10561 = CARTESIAN_POINT('',(-4.286054442489,9.720749355717,11.));
#10562 = VECTOR('',#10563,1.);
#10563 = DIRECTION('',(1.224646799147E-16,0.,-1.));
#10564 = ORIENTED_EDGE('',*,*,#10565,.T.);
#10565 = EDGE_CURVE('',#10558,#10534,#10566,.T.);
#10566 = LINE('',#10567,#10568);
#10567 = CARTESIAN_POINT('',(-4.286054442489,9.720749355717,10.6));
#10568 = VECTOR('',#10569,1.);
#10569 = DIRECTION('',(-0.992584578732,0.121555970912,
    -1.215565527227E-16));
#10570 = ORIENTED_EDGE('',*,*,#10533,.F.);
#10571 = ORIENTED_EDGE('',*,*,#4637,.F.);
#10572 = PLANE('',#10573);
#10573 = AXIS2_PLACEMENT_3D('',#10574,#10575,#10576);
#10574 = CARTESIAN_POINT('',(-4.286054442489,9.720749355717,11.));
#10575 = DIRECTION('',(0.121555970912,0.992584578732,1.488631306948E-17)
  );
#10576 = DIRECTION('',(-0.992584578732,0.121555970912,
    -1.215565527227E-16));
#10577 = ADVANCED_FACE('',(#10578),#10596,.T.);
#10578 = FACE_BOUND('',#10579,.T.);
#10579 = EDGE_LOOP('',(#10580,#10588,#10594,#10595));
#10580 = ORIENTED_EDGE('',*,*,#10581,.T.);
#10581 = EDGE_CURVE('',#4622,#10582,#10584,.T.);
#10582 = VERTEX_POINT('',#10583);
#10583 = CARTESIAN_POINT('',(-3.25118838525,9.624873026377,10.6));
#10584 = LINE('',#10585,#10586);
#10585 = CARTESIAN_POINT('',(-3.25118838525,9.624873026377,11.));
#10586 = VECTOR('',#10587,1.);
#10587 = DIRECTION('',(1.224646799147E-16,0.,-1.));
#10588 = ORIENTED_EDGE('',*,*,#10589,.T.);
#10589 = EDGE_CURVE('',#10582,#10558,#10590,.T.);
#10590 = LINE('',#10591,#10592);
#10591 = CARTESIAN_POINT('',(-3.25118838525,9.624873026377,10.6));
#10592 = VECTOR('',#10593,1.);
#10593 = DIRECTION('',(-0.995735779107,9.225106073019E-02,
    -1.21942463468E-16));
#10594 = ORIENTED_EDGE('',*,*,#10557,.F.);
#10595 = ORIENTED_EDGE('',*,*,#4629,.F.);
#10596 = PLANE('',#10597);
#10597 = AXIS2_PLACEMENT_3D('',#10598,#10599,#10600);
#10598 = CARTESIAN_POINT('',(-3.25118838525,9.624873026377,11.));
#10599 = DIRECTION('',(9.225106073019E-02,0.995735779107,
    1.129749662412E-17));
#10600 = DIRECTION('',(-0.995735779107,9.225106073019E-02,
    -1.21942463468E-16));
#10601 = ADVANCED_FACE('',(#10602),#10620,.T.);
#10602 = FACE_BOUND('',#10603,.T.);
#10603 = EDGE_LOOP('',(#10604,#10612,#10618,#10619));
#10604 = ORIENTED_EDGE('',*,*,#10605,.T.);
#10605 = EDGE_CURVE('',#4614,#10606,#10608,.T.);
#10606 = VERTEX_POINT('',#10607);
#10607 = CARTESIAN_POINT('',(-2.185011606581,9.555722686831,10.6));
#10608 = LINE('',#10609,#10610);
#10609 = CARTESIAN_POINT('',(-2.185011606581,9.555722686831,11.));
#10610 = VECTOR('',#10611,1.);
#10611 = DIRECTION('',(1.224646799147E-16,0.,-1.));
#10612 = ORIENTED_EDGE('',*,*,#10613,.T.);
#10613 = EDGE_CURVE('',#10606,#10582,#10614,.T.);
#10614 = LINE('',#10615,#10616);
#10615 = CARTESIAN_POINT('',(-2.185011606581,9.555722686831,10.6));
#10616 = VECTOR('',#10617,1.);
#10617 = DIRECTION('',(-0.99790331755,6.472224364963E-02,
    -1.222079103696E-16));
#10618 = ORIENTED_EDGE('',*,*,#10581,.F.);
#10619 = ORIENTED_EDGE('',*,*,#4621,.F.);
#10620 = PLANE('',#10621);
#10621 = AXIS2_PLACEMENT_3D('',#10622,#10623,#10624);
#10622 = CARTESIAN_POINT('',(-2.185011606581,9.555722686831,11.));
#10623 = DIRECTION('',(6.472224364963E-02,0.99790331755,
    7.926188851915E-18));
#10624 = DIRECTION('',(-0.99790331755,6.472224364963E-02,
    -1.222079103696E-16));
#10625 = ADVANCED_FACE('',(#10626),#10644,.T.);
#10626 = FACE_BOUND('',#10627,.T.);
#10627 = EDGE_LOOP('',(#10628,#10636,#10642,#10643));
#10628 = ORIENTED_EDGE('',*,*,#10629,.T.);
#10629 = EDGE_CURVE('',#4606,#10630,#10632,.T.);
#10630 = VERTEX_POINT('',#10631);
#10631 = CARTESIAN_POINT('',(-1.097791971691,9.513964292651,10.6));
#10632 = LINE('',#10633,#10634);
#10633 = CARTESIAN_POINT('',(-1.097791971691,9.513964292651,11.));
#10634 = VECTOR('',#10635,1.);
#10635 = DIRECTION('',(1.224646799147E-16,0.,-1.));
#10636 = ORIENTED_EDGE('',*,*,#10637,.T.);
#10637 = EDGE_CURVE('',#10630,#10606,#10638,.T.);
#10638 = LINE('',#10639,#10640);
#10639 = CARTESIAN_POINT('',(-1.097791971691,9.513964292651,10.6));
#10640 = VECTOR('',#10641,1.);
#10641 = DIRECTION('',(-0.999263211518,3.838012645934E-02,
    -1.223744493491E-16));
#10642 = ORIENTED_EDGE('',*,*,#10605,.F.);
#10643 = ORIENTED_EDGE('',*,*,#4613,.F.);
#10644 = PLANE('',#10645);
#10645 = AXIS2_PLACEMENT_3D('',#10646,#10647,#10648);
#10646 = CARTESIAN_POINT('',(-1.097791971691,9.513964292651,11.));
#10647 = DIRECTION('',(3.838012645934E-02,0.999263211518,
    4.70020990193E-18));
#10648 = DIRECTION('',(-0.999263211518,3.838012645934E-02,
    -1.223744493491E-16));
#10649 = ADVANCED_FACE('',(#10650),#10668,.T.);
#10650 = FACE_BOUND('',#10651,.T.);
#10651 = EDGE_LOOP('',(#10652,#10660,#10666,#10667));
#10652 = ORIENTED_EDGE('',*,*,#10653,.T.);
#10653 = EDGE_CURVE('',#4598,#10654,#10656,.T.);
#10654 = VERTEX_POINT('',#10655);
#10655 = CARTESIAN_POINT('',(2.106392494533E-15,9.5,10.6));
#10656 = LINE('',#10657,#10658);
#10657 = CARTESIAN_POINT('',(2.057406622568E-15,9.5,11.));
#10658 = VECTOR('',#10659,1.);
#10659 = DIRECTION('',(1.224646799147E-16,0.,-1.));
#10660 = ORIENTED_EDGE('',*,*,#10661,.T.);
#10661 = EDGE_CURVE('',#10654,#10630,#10662,.T.);
#10662 = LINE('',#10663,#10664);
#10663 = CARTESIAN_POINT('',(2.106392494533E-15,9.5,10.6));
#10664 = VECTOR('',#10665,1.);
#10665 = DIRECTION('',(-0.999919106228,1.27193160329E-02,
    -1.224547732848E-16));
#10666 = ORIENTED_EDGE('',*,*,#10629,.F.);
#10667 = ORIENTED_EDGE('',*,*,#4605,.F.);
#10668 = PLANE('',#10669);
#10669 = AXIS2_PLACEMENT_3D('',#10670,#10671,#10672);
#10670 = CARTESIAN_POINT('',(2.057406622568E-15,9.5,11.));
#10671 = DIRECTION('',(1.27193160329E-02,0.999919106228,
    1.557666966704E-18));
#10672 = DIRECTION('',(-0.999919106228,1.27193160329E-02,
    -1.224547732848E-16));
#10673 = ADVANCED_FACE('',(#10674),#10692,.T.);
#10674 = FACE_BOUND('',#10675,.T.);
#10675 = EDGE_LOOP('',(#10676,#10684,#10690,#10691));
#10676 = ORIENTED_EDGE('',*,*,#10677,.T.);
#10677 = EDGE_CURVE('',#4590,#10678,#10680,.T.);
#10678 = VERTEX_POINT('',#10679);
#10679 = CARTESIAN_POINT('',(1.097791971691,9.513964292651,10.6));
#10680 = LINE('',#10681,#10682);
#10681 = CARTESIAN_POINT('',(1.097791971691,9.513964292651,11.));
#10682 = VECTOR('',#10683,1.);
#10683 = DIRECTION('',(1.224646799147E-16,0.,-1.));
#10684 = ORIENTED_EDGE('',*,*,#10685,.T.);
#10685 = EDGE_CURVE('',#10678,#10654,#10686,.T.);
#10686 = LINE('',#10687,#10688);
#10687 = CARTESIAN_POINT('',(1.097791971691,9.513964292651,10.6));
#10688 = VECTOR('',#10689,1.);
#10689 = DIRECTION('',(-0.999919106228,-1.27193160329E-02,
    -1.224547732848E-16));
#10690 = ORIENTED_EDGE('',*,*,#10653,.F.);
#10691 = ORIENTED_EDGE('',*,*,#4597,.F.);
#10692 = PLANE('',#10693);
#10693 = AXIS2_PLACEMENT_3D('',#10694,#10695,#10696);
#10694 = CARTESIAN_POINT('',(1.097791971691,9.513964292651,11.));
#10695 = DIRECTION('',(-1.27193160329E-02,0.999919106228,
    -1.557666966704E-18));
#10696 = DIRECTION('',(-0.999919106228,-1.27193160329E-02,
    -1.224547732848E-16));
#10697 = ADVANCED_FACE('',(#10698),#10716,.T.);
#10698 = FACE_BOUND('',#10699,.T.);
#10699 = EDGE_LOOP('',(#10700,#10708,#10714,#10715));
#10700 = ORIENTED_EDGE('',*,*,#10701,.T.);
#10701 = EDGE_CURVE('',#4582,#10702,#10704,.T.);
#10702 = VERTEX_POINT('',#10703);
#10703 = CARTESIAN_POINT('',(2.185011606581,9.555722686831,10.6));
#10704 = LINE('',#10705,#10706);
#10705 = CARTESIAN_POINT('',(2.185011606581,9.555722686831,11.));
#10706 = VECTOR('',#10707,1.);
#10707 = DIRECTION('',(1.224646799147E-16,0.,-1.));
#10708 = ORIENTED_EDGE('',*,*,#10709,.T.);
#10709 = EDGE_CURVE('',#10702,#10678,#10710,.T.);
#10710 = LINE('',#10711,#10712);
#10711 = CARTESIAN_POINT('',(2.185011606581,9.555722686831,10.6));
#10712 = VECTOR('',#10713,1.);
#10713 = DIRECTION('',(-0.999263211518,-3.838012645934E-02,
    -1.223744493491E-16));
#10714 = ORIENTED_EDGE('',*,*,#10677,.F.);
#10715 = ORIENTED_EDGE('',*,*,#4589,.F.);
#10716 = PLANE('',#10717);
#10717 = AXIS2_PLACEMENT_3D('',#10718,#10719,#10720);
#10718 = CARTESIAN_POINT('',(2.185011606581,9.555722686831,11.));
#10719 = DIRECTION('',(-3.838012645934E-02,0.999263211518,
    -4.70020990193E-18));
#10720 = DIRECTION('',(-0.999263211518,-3.838012645934E-02,
    -1.223744493491E-16));
#10721 = ADVANCED_FACE('',(#10722),#10740,.T.);
#10722 = FACE_BOUND('',#10723,.T.);
#10723 = EDGE_LOOP('',(#10724,#10732,#10738,#10739));
#10724 = ORIENTED_EDGE('',*,*,#10725,.T.);
#10725 = EDGE_CURVE('',#4574,#10726,#10728,.T.);
#10726 = VERTEX_POINT('',#10727);
#10727 = CARTESIAN_POINT('',(3.25118838525,9.624873026377,10.6));
#10728 = LINE('',#10729,#10730);
#10729 = CARTESIAN_POINT('',(3.25118838525,9.624873026377,11.));
#10730 = VECTOR('',#10731,1.);
#10731 = DIRECTION('',(1.224646799147E-16,0.,-1.));
#10732 = ORIENTED_EDGE('',*,*,#10733,.T.);
#10733 = EDGE_CURVE('',#10726,#10702,#10734,.T.);
#10734 = LINE('',#10735,#10736);
#10735 = CARTESIAN_POINT('',(3.25118838525,9.624873026377,10.6));
#10736 = VECTOR('',#10737,1.);
#10737 = DIRECTION('',(-0.99790331755,-6.472224364963E-02,
    -1.222079103696E-16));
#10738 = ORIENTED_EDGE('',*,*,#10701,.F.);
#10739 = ORIENTED_EDGE('',*,*,#4581,.F.);
#10740 = PLANE('',#10741);
#10741 = AXIS2_PLACEMENT_3D('',#10742,#10743,#10744);
#10742 = CARTESIAN_POINT('',(3.25118838525,9.624873026377,11.));
#10743 = DIRECTION('',(-6.472224364963E-02,0.99790331755,
    -7.926188851915E-18));
#10744 = DIRECTION('',(-0.99790331755,-6.472224364963E-02,
    -1.222079103696E-16));
#10745 = ADVANCED_FACE('',(#10746),#10764,.T.);
#10746 = FACE_BOUND('',#10747,.T.);
#10747 = EDGE_LOOP('',(#10748,#10756,#10762,#10763));
#10748 = ORIENTED_EDGE('',*,*,#10749,.T.);
#10749 = EDGE_CURVE('',#4566,#10750,#10752,.T.);
#10750 = VERTEX_POINT('',#10751);
#10751 = CARTESIAN_POINT('',(4.286054442489,9.720749355717,10.6));
#10752 = LINE('',#10753,#10754);
#10753 = CARTESIAN_POINT('',(4.286054442489,9.720749355717,11.));
#10754 = VECTOR('',#10755,1.);
#10755 = DIRECTION('',(1.224646799147E-16,0.,-1.));
#10756 = ORIENTED_EDGE('',*,*,#10757,.T.);
#10757 = EDGE_CURVE('',#10750,#10726,#10758,.T.);
#10758 = LINE('',#10759,#10760);
#10759 = CARTESIAN_POINT('',(4.286054442489,9.720749355717,10.6));
#10760 = VECTOR('',#10761,1.);
#10761 = DIRECTION('',(-0.995735779107,-9.225106073019E-02,
    -1.21942463468E-16));
#10762 = ORIENTED_EDGE('',*,*,#10725,.F.);
#10763 = ORIENTED_EDGE('',*,*,#4573,.F.);
#10764 = PLANE('',#10765);
#10765 = AXIS2_PLACEMENT_3D('',#10766,#10767,#10768);
#10766 = CARTESIAN_POINT('',(4.286054442489,9.720749355717,11.));
#10767 = DIRECTION('',(-9.225106073019E-02,0.995735779107,
    -1.129749662412E-17));
#10768 = DIRECTION('',(-0.995735779107,-9.225106073019E-02,
    -1.21942463468E-16));
#10769 = ADVANCED_FACE('',(#10770),#10788,.T.);
#10770 = FACE_BOUND('',#10771,.T.);
#10771 = EDGE_LOOP('',(#10772,#10780,#10786,#10787));
#10772 = ORIENTED_EDGE('',*,*,#10773,.T.);
#10773 = EDGE_CURVE('',#4558,#10774,#10776,.T.);
#10774 = VERTEX_POINT('',#10775);
#10775 = CARTESIAN_POINT('',(5.279643452451,9.84242833339,10.6));
#10776 = LINE('',#10777,#10778);
#10777 = CARTESIAN_POINT('',(5.279643452451,9.84242833339,11.));
#10778 = VECTOR('',#10779,1.);
#10779 = DIRECTION('',(1.224646799147E-16,0.,-1.));
#10780 = ORIENTED_EDGE('',*,*,#10781,.T.);
#10781 = EDGE_CURVE('',#10774,#10750,#10782,.T.);
#10782 = LINE('',#10783,#10784);
#10783 = CARTESIAN_POINT('',(5.279643452451,9.84242833339,10.6));
#10784 = VECTOR('',#10785,1.);
#10785 = DIRECTION('',(-0.992584578732,-0.121555970912,
    -1.215565527227E-16));
#10786 = ORIENTED_EDGE('',*,*,#10749,.F.);
#10787 = ORIENTED_EDGE('',*,*,#4565,.F.);
#10788 = PLANE('',#10789);
#10789 = AXIS2_PLACEMENT_3D('',#10790,#10791,#10792);
#10790 = CARTESIAN_POINT('',(5.279643452451,9.84242833339,11.));
#10791 = DIRECTION('',(-0.121555970912,0.992584578732,
    -1.488631306947E-17));
#10792 = DIRECTION('',(-0.992584578732,-0.121555970912,
    -1.215565527227E-16));
#10793 = ADVANCED_FACE('',(#10794),#10812,.T.);
#10794 = FACE_BOUND('',#10795,.T.);
#10795 = EDGE_LOOP('',(#10796,#10804,#10810,#10811));
#10796 = ORIENTED_EDGE('',*,*,#10797,.T.);
#10797 = EDGE_CURVE('',#4550,#10798,#10800,.T.);
#10798 = VERTEX_POINT('',#10799);
#10799 = CARTESIAN_POINT('',(6.22238660982,9.988738124323,10.6));
#10800 = LINE('',#10801,#10802);
#10801 = CARTESIAN_POINT('',(6.22238660982,9.988738124323,11.));
#10802 = VECTOR('',#10803,1.);
#10803 = DIRECTION('',(1.224646799147E-16,0.,-1.));
#10804 = ORIENTED_EDGE('',*,*,#10805,.T.);
#10805 = EDGE_CURVE('',#10798,#10774,#10806,.T.);
#10806 = LINE('',#10807,#10808);
#10807 = CARTESIAN_POINT('',(6.22238660982,9.988738124323,10.6));
#10808 = VECTOR('',#10809,1.);
#10809 = DIRECTION('',(-0.988170399476,-0.153359908712,
    -1.21015971673E-16));
#10810 = ORIENTED_EDGE('',*,*,#10773,.F.);
#10811 = ORIENTED_EDGE('',*,*,#4557,.F.);
#10812 = PLANE('',#10813);
#10813 = AXIS2_PLACEMENT_3D('',#10814,#10815,#10816);
#10814 = CARTESIAN_POINT('',(6.22238660982,9.988738124323,11.));
#10815 = DIRECTION('',(-0.153359908712,0.988170399476,
    -1.878117213222E-17));
#10816 = DIRECTION('',(-0.988170399476,-0.153359908712,
    -1.21015971673E-16));
#10817 = ADVANCED_FACE('',(#10818),#10836,.T.);
#10818 = FACE_BOUND('',#10819,.T.);
#10819 = EDGE_LOOP('',(#10820,#10828,#10834,#10835));
#10820 = ORIENTED_EDGE('',*,*,#10821,.T.);
#10821 = EDGE_CURVE('',#4542,#10822,#10824,.T.);
#10822 = VERTEX_POINT('',#10823);
#10823 = CARTESIAN_POINT('',(7.105204782633,10.158269685248,10.6));
#10824 = LINE('',#10825,#10826);
#10825 = CARTESIAN_POINT('',(7.105204782633,10.158269685248,11.));
#10826 = VECTOR('',#10827,1.);
#10827 = DIRECTION('',(1.224646799147E-16,0.,-1.));
#10828 = ORIENTED_EDGE('',*,*,#10829,.T.);
#10829 = EDGE_CURVE('',#10822,#10798,#10830,.T.);
#10830 = LINE('',#10831,#10832);
#10831 = CARTESIAN_POINT('',(7.105204782633,10.158269685248,10.6));
#10832 = VECTOR('',#10833,1.);
#10833 = DIRECTION('',(-0.982056164151,-0.188588680605,
    -1.202671938011E-16));
#10834 = ORIENTED_EDGE('',*,*,#10797,.F.);
#10835 = ORIENTED_EDGE('',*,*,#4549,.F.);
#10836 = PLANE('',#10837);
#10837 = AXIS2_PLACEMENT_3D('',#10838,#10839,#10840);
#10838 = CARTESIAN_POINT('',(7.105204782633,10.158269685248,11.));
#10839 = DIRECTION('',(-0.188588680605,0.982056164151,
    -2.309545240584E-17));
#10840 = DIRECTION('',(-0.982056164151,-0.188588680605,
    -1.202671938011E-16));
#10841 = ADVANCED_FACE('',(#10842),#10860,.T.);
#10842 = FACE_BOUND('',#10843,.T.);
#10843 = EDGE_LOOP('',(#10844,#10852,#10858,#10859));
#10844 = ORIENTED_EDGE('',*,*,#10845,.T.);
#10845 = EDGE_CURVE('',#4534,#10846,#10848,.T.);
#10846 = VERTEX_POINT('',#10847);
#10847 = CARTESIAN_POINT('',(7.919595949289,10.349390334559,10.6));
#10848 = LINE('',#10849,#10850);
#10849 = CARTESIAN_POINT('',(7.919595949289,10.349390334559,11.));
#10850 = VECTOR('',#10851,1.);
#10851 = DIRECTION('',(1.224646799147E-16,0.,-1.));
#10852 = ORIENTED_EDGE('',*,*,#10853,.T.);
#10853 = EDGE_CURVE('',#10846,#10822,#10854,.T.);
#10854 = LINE('',#10855,#10856);
#10855 = CARTESIAN_POINT('',(7.919595949289,10.349390334559,10.6));
#10856 = VECTOR('',#10857,1.);
#10857 = DIRECTION('',(-0.973550478144,-0.228472025653,
    -1.192255476867E-16));
#10858 = ORIENTED_EDGE('',*,*,#10821,.F.);
#10859 = ORIENTED_EDGE('',*,*,#4541,.F.);
#10860 = PLANE('',#10861);
#10861 = AXIS2_PLACEMENT_3D('',#10862,#10863,#10864);
#10862 = CARTESIAN_POINT('',(7.919595949289,10.349390334559,11.));
#10863 = DIRECTION('',(-0.228472025653,0.973550478144,
    -2.797975349105E-17));
#10864 = DIRECTION('',(-0.973550478144,-0.228472025653,
    -1.192255476867E-16));
#10865 = ADVANCED_FACE('',(#10866),#10884,.T.);
#10866 = FACE_BOUND('',#10867,.T.);
#10867 = EDGE_LOOP('',(#10868,#10876,#10882,#10883));
#10868 = ORIENTED_EDGE('',*,*,#10869,.T.);
#10869 = EDGE_CURVE('',#4526,#10870,#10872,.T.);
#10870 = VERTEX_POINT('',#10871);
#10871 = CARTESIAN_POINT('',(8.657717077663,10.560259475925,10.6));
#10872 = LINE('',#10873,#10874);
#10873 = CARTESIAN_POINT('',(8.657717077663,10.560259475925,11.));
#10874 = VECTOR('',#10875,1.);
#10875 = DIRECTION('',(1.224646799147E-16,0.,-1.));
#10876 = ORIENTED_EDGE('',*,*,#10877,.T.);
#10877 = EDGE_CURVE('',#10870,#10846,#10878,.T.);
#10878 = LINE('',#10879,#10880);
#10879 = CARTESIAN_POINT('',(8.657717077663,10.560259475925,10.6));
#10880 = VECTOR('',#10881,1.);
#10881 = DIRECTION('',(-0.96153172728,-0.274693897701,
    -1.177536752092E-16));
#10882 = ORIENTED_EDGE('',*,*,#10845,.F.);
#10883 = ORIENTED_EDGE('',*,*,#4533,.F.);
#10884 = PLANE('',#10885);
#10885 = AXIS2_PLACEMENT_3D('',#10886,#10887,#10888);
#10886 = CARTESIAN_POINT('',(8.657717077663,10.560259475925,11.));
#10887 = DIRECTION('',(-0.274693897701,0.96153172728,-3.364030025645E-17
    ));
#10888 = DIRECTION('',(-0.96153172728,-0.274693897701,
    -1.177536752092E-16));
#10889 = ADVANCED_FACE('',(#10890),#10908,.T.);
#10890 = FACE_BOUND('',#10891,.T.);
#10891 = EDGE_LOOP('',(#10892,#10900,#10906,#10907));
#10892 = ORIENTED_EDGE('',*,*,#10893,.T.);
#10893 = EDGE_CURVE('',#4518,#10894,#10896,.T.);
#10894 = VERTEX_POINT('',#10895);
#10895 = CARTESIAN_POINT('',(9.312459657789,10.788846324243,10.6));
#10896 = LINE('',#10897,#10898);
#10897 = CARTESIAN_POINT('',(9.312459657789,10.788846324243,11.));
#10898 = VECTOR('',#10899,1.);
#10899 = DIRECTION('',(1.224646799147E-16,0.,-1.));
#10900 = ORIENTED_EDGE('',*,*,#10901,.T.);
#10901 = EDGE_CURVE('',#10894,#10870,#10902,.T.);
#10902 = LINE('',#10903,#10904);
#10903 = CARTESIAN_POINT('',(9.312459657789,10.788846324243,10.6));
#10904 = VECTOR('',#10905,1.);
#10905 = DIRECTION('',(-0.944115720652,-0.329614177513,
    -1.156208295321E-16));
#10906 = ORIENTED_EDGE('',*,*,#10869,.F.);
#10907 = ORIENTED_EDGE('',*,*,#4525,.F.);
#10908 = PLANE('',#10909);
#10909 = AXIS2_PLACEMENT_3D('',#10910,#10911,#10912);
#10910 = CARTESIAN_POINT('',(9.312459657789,10.788846324243,11.));
#10911 = DIRECTION('',(-0.329614177513,0.944115720652,
    -4.036609474451E-17));
#10912 = DIRECTION('',(-0.944115720652,-0.329614177513,
    -1.156208295321E-16));
#10913 = ADVANCED_FACE('',(#10914),#10932,.T.);
#10914 = FACE_BOUND('',#10915,.T.);
#10915 = EDGE_LOOP('',(#10916,#10924,#10930,#10931));
#10916 = ORIENTED_EDGE('',*,*,#10917,.T.);
#10917 = EDGE_CURVE('',#4510,#10918,#10920,.T.);
#10918 = VERTEX_POINT('',#10919);
#10919 = CARTESIAN_POINT('',(9.877518160702,11.032949463205,10.6));
#10920 = LINE('',#10921,#10922);
#10921 = CARTESIAN_POINT('',(9.877518160702,11.032949463205,11.));
#10922 = VECTOR('',#10923,1.);
#10923 = DIRECTION('',(1.224646799147E-16,0.,-1.));
#10924 = ORIENTED_EDGE('',*,*,#10925,.T.);
#10925 = EDGE_CURVE('',#10918,#10894,#10926,.T.);
#10926 = LINE('',#10927,#10928);
#10927 = CARTESIAN_POINT('',(9.877518160702,11.032949463205,10.6));
#10928 = VECTOR('',#10929,1.);
#10929 = DIRECTION('',(-0.918002857926,-0.396573767212,
    -1.124229261567E-16));
#10930 = ORIENTED_EDGE('',*,*,#10893,.F.);
#10931 = ORIENTED_EDGE('',*,*,#4517,.F.);
#10932 = PLANE('',#10933);
#10933 = AXIS2_PLACEMENT_3D('',#10934,#10935,#10936);
#10934 = CARTESIAN_POINT('',(9.877518160702,11.032949463205,11.));
#10935 = DIRECTION('',(-0.396573767212,0.918002857926,
    -4.856627946416E-17));
#10936 = DIRECTION('',(-0.918002857926,-0.396573767212,
    -1.124229261567E-16));
#10937 = ADVANCED_FACE('',(#10938),#10956,.T.);
#10938 = FACE_BOUND('',#10939,.T.);
#10939 = EDGE_LOOP('',(#10940,#10948,#10954,#10955));
#10940 = ORIENTED_EDGE('',*,*,#10941,.T.);
#10941 = EDGE_CURVE('',#4502,#10942,#10944,.T.);
#10942 = VERTEX_POINT('',#10943);
#10943 = CARTESIAN_POINT('',(10.347450764126,11.290218046141,10.6));
#10944 = LINE('',#10945,#10946);
#10945 = CARTESIAN_POINT('',(10.347450764126,11.290218046141,11.));
#10946 = VECTOR('',#10947,1.);
#10947 = DIRECTION('',(1.224646799147E-16,0.,-1.));
#10948 = ORIENTED_EDGE('',*,*,#10949,.T.);
#10949 = EDGE_CURVE('',#10942,#10918,#10950,.T.);
#10950 = LINE('',#10951,#10952);
#10951 = CARTESIAN_POINT('',(10.347450764126,11.290218046141,10.6));
#10952 = VECTOR('',#10953,1.);
#10953 = DIRECTION('',(-0.877155600291,-0.480206260764,
    -1.074205798251E-16));
#10954 = ORIENTED_EDGE('',*,*,#10917,.F.);
#10955 = ORIENTED_EDGE('',*,*,#4509,.F.);
#10956 = PLANE('',#10957);
#10957 = AXIS2_PLACEMENT_3D('',#10958,#10959,#10960);
#10958 = CARTESIAN_POINT('',(10.347450764126,11.290218046141,11.));
#10959 = DIRECTION('',(-0.480206260764,0.877155600291,
    -5.880830601756E-17));
#10960 = DIRECTION('',(-0.877155600291,-0.480206260764,
    -1.074205798251E-16));
#10961 = ADVANCED_FACE('',(#10962),#10980,.T.);
#10962 = FACE_BOUND('',#10963,.T.);
#10963 = EDGE_LOOP('',(#10964,#10972,#10978,#10979));
#10964 = ORIENTED_EDGE('',*,*,#10965,.T.);
#10965 = EDGE_CURVE('',#4494,#10966,#10968,.T.);
#10966 = VERTEX_POINT('',#10967);
#10967 = CARTESIAN_POINT('',(10.717731760201,11.558174435962,10.6));
#10968 = LINE('',#10969,#10970);
#10969 = CARTESIAN_POINT('',(10.717731760201,11.558174435962,11.));
#10970 = VECTOR('',#10971,1.);
#10971 = DIRECTION('',(1.224646799147E-16,0.,-1.));
#10972 = ORIENTED_EDGE('',*,*,#10973,.T.);
#10973 = EDGE_CURVE('',#10966,#10942,#10974,.T.);
#10974 = LINE('',#10975,#10976);
#10975 = CARTESIAN_POINT('',(10.717731760201,11.558174435962,10.6));
#10976 = VECTOR('',#10977,1.);
#10977 = DIRECTION('',(-0.810127210389,-0.586254128332,
    -9.921196951056E-17));
#10978 = ORIENTED_EDGE('',*,*,#10941,.F.);
#10979 = ORIENTED_EDGE('',*,*,#4501,.F.);
#10980 = PLANE('',#10981);
#10981 = AXIS2_PLACEMENT_3D('',#10982,#10983,#10984);
#10982 = CARTESIAN_POINT('',(10.717731760201,11.558174435962,11.));
#10983 = DIRECTION('',(-0.586254128332,0.810127210389,-7.17954241749E-17
    ));
#10984 = DIRECTION('',(-0.810127210389,-0.586254128332,
    -9.921196951056E-17));
#10985 = ADVANCED_FACE('',(#10986),#11004,.T.);
#10986 = FACE_BOUND('',#10987,.T.);
#10987 = EDGE_LOOP('',(#10988,#10996,#11002,#11003));
#10988 = ORIENTED_EDGE('',*,*,#10989,.T.);
#10989 = EDGE_CURVE('',#4486,#10990,#10992,.T.);
#10990 = VERTEX_POINT('',#10991);
#10991 = CARTESIAN_POINT('',(10.984795140516,11.834238066153,10.6));
#10992 = LINE('',#10993,#10994);
#10993 = CARTESIAN_POINT('',(10.984795140516,11.834238066153,11.));
#10994 = VECTOR('',#10995,1.);
#10995 = DIRECTION('',(1.224646799147E-16,0.,-1.));
#10996 = ORIENTED_EDGE('',*,*,#10997,.T.);
#10997 = EDGE_CURVE('',#10990,#10966,#10998,.T.);
#10998 = LINE('',#10999,#11000);
#10999 = CARTESIAN_POINT('',(10.984795140516,11.834238066153,10.6));
#11000 = VECTOR('',#11001,1.);
#11001 = DIRECTION('',(-0.695293736147,-0.718725692093,
    -8.514892484397E-17));
#11002 = ORIENTED_EDGE('',*,*,#10965,.F.);
#11003 = ORIENTED_EDGE('',*,*,#4493,.F.);
#11004 = PLANE('',#11005);
#11005 = AXIS2_PLACEMENT_3D('',#11006,#11007,#11008);
#11006 = CARTESIAN_POINT('',(10.984795140516,11.834238066153,11.));
#11007 = DIRECTION('',(-0.718725692093,0.695293736147,
    -8.801851182868E-17));
#11008 = DIRECTION('',(-0.695293736147,-0.718725692093,
    -8.514892484397E-17));
#11009 = ADVANCED_FACE('',(#11010),#11028,.T.);
#11010 = FACE_BOUND('',#11011,.T.);
#11011 = EDGE_LOOP('',(#11012,#11020,#11026,#11027));
#11012 = ORIENTED_EDGE('',*,*,#11013,.T.);
#11013 = EDGE_CURVE('',#4478,#11014,#11016,.T.);
#11014 = VERTEX_POINT('',#11015);
#11015 = CARTESIAN_POINT('',(11.146068938729,12.115750293044,10.6));
#11016 = LINE('',#11017,#11018);
#11017 = CARTESIAN_POINT('',(11.146068938729,12.115750293044,11.));
#11018 = VECTOR('',#11019,1.);
#11019 = DIRECTION('',(1.224646799147E-16,0.,-1.));
#11020 = ORIENTED_EDGE('',*,*,#11021,.T.);
#11021 = EDGE_CURVE('',#11014,#10990,#11022,.T.);
#11022 = LINE('',#11023,#11024);
#11023 = CARTESIAN_POINT('',(11.146068938729,12.115750293044,10.6));
#11024 = VECTOR('',#11025,1.);
#11025 = DIRECTION('',(-0.497090530779,-0.867698682844,
    -6.087603274056E-17));
#11026 = ORIENTED_EDGE('',*,*,#10989,.F.);
#11027 = ORIENTED_EDGE('',*,*,#4485,.F.);
#11028 = PLANE('',#11029);
#11029 = AXIS2_PLACEMENT_3D('',#11030,#11031,#11032);
#11030 = CARTESIAN_POINT('',(11.146068938729,12.115750293044,11.));
#11031 = DIRECTION('',(-0.867698682844,0.497090530779,
    -1.062624414569E-16));
#11032 = DIRECTION('',(-0.497090530779,-0.867698682844,
    -6.087603274056E-17));
#11033 = ADVANCED_FACE('',(#11034),#11052,.T.);
#11034 = FACE_BOUND('',#11035,.T.);
#11035 = EDGE_LOOP('',(#11036,#11044,#11050,#11051));
#11036 = ORIENTED_EDGE('',*,*,#11037,.T.);
#11037 = EDGE_CURVE('',#4470,#11038,#11040,.T.);
#11038 = VERTEX_POINT('',#11039);
#11039 = CARTESIAN_POINT('',(11.2,12.4,10.6));
#11040 = LINE('',#11041,#11042);
#11041 = CARTESIAN_POINT('',(11.2,12.4,11.));
#11042 = VECTOR('',#11043,1.);
#11043 = DIRECTION('',(1.224646799147E-16,0.,-1.));
#11044 = ORIENTED_EDGE('',*,*,#11045,.T.);
#11045 = EDGE_CURVE('',#11038,#11014,#11046,.T.);
#11046 = LINE('',#11047,#11048);
#11047 = CARTESIAN_POINT('',(11.2,12.4,10.6));
#11048 = VECTOR('',#11049,1.);
#11049 = DIRECTION('',(-0.186405829909,-0.982472832488,-2.2828130294E-17
    ));
#11050 = ORIENTED_EDGE('',*,*,#11013,.F.);
#11051 = ORIENTED_EDGE('',*,*,#4477,.F.);
#11052 = PLANE('',#11053);
#11053 = AXIS2_PLACEMENT_3D('',#11054,#11055,#11056);
#11054 = CARTESIAN_POINT('',(11.2,12.4,11.));
#11055 = DIRECTION('',(-0.982472832488,0.186405829909,
    -1.203182209555E-16));
#11056 = DIRECTION('',(-0.186405829909,-0.982472832488,-2.2828130294E-17
    ));
#11057 = ADVANCED_FACE('',(#11058),#11076,.T.);
#11058 = FACE_BOUND('',#11059,.T.);
#11059 = EDGE_LOOP('',(#11060,#11068,#11074,#11075));
#11060 = ORIENTED_EDGE('',*,*,#11061,.T.);
#11061 = EDGE_CURVE('',#4462,#11062,#11064,.T.);
#11062 = VERTEX_POINT('',#11063);
#11063 = CARTESIAN_POINT('',(11.146068938729,12.684249706956,10.6));
#11064 = LINE('',#11065,#11066);
#11065 = CARTESIAN_POINT('',(11.146068938729,12.684249706956,11.));
#11066 = VECTOR('',#11067,1.);
#11067 = DIRECTION('',(1.224646799147E-16,0.,-1.));
#11068 = ORIENTED_EDGE('',*,*,#11069,.T.);
#11069 = EDGE_CURVE('',#11062,#11038,#11070,.T.);
#11070 = LINE('',#11071,#11072);
#11071 = CARTESIAN_POINT('',(11.146068938729,12.684249706956,10.6));
#11072 = VECTOR('',#11073,1.);
#11073 = DIRECTION('',(0.186405829909,-0.982472832488,2.2828130294E-17)
  );
#11074 = ORIENTED_EDGE('',*,*,#11037,.F.);
#11075 = ORIENTED_EDGE('',*,*,#4469,.F.);
#11076 = PLANE('',#11077);
#11077 = AXIS2_PLACEMENT_3D('',#11078,#11079,#11080);
#11078 = CARTESIAN_POINT('',(11.146068938729,12.684249706956,11.));
#11079 = DIRECTION('',(-0.982472832488,-0.186405829909,
    -1.203182209555E-16));
#11080 = DIRECTION('',(0.186405829909,-0.982472832488,2.2828130294E-17)
  );
#11081 = ADVANCED_FACE('',(#11082),#11100,.T.);
#11082 = FACE_BOUND('',#11083,.T.);
#11083 = EDGE_LOOP('',(#11084,#11092,#11098,#11099));
#11084 = ORIENTED_EDGE('',*,*,#11085,.T.);
#11085 = EDGE_CURVE('',#4454,#11086,#11088,.T.);
#11086 = VERTEX_POINT('',#11087);
#11087 = CARTESIAN_POINT('',(10.984795140516,12.965761933847,10.6));
#11088 = LINE('',#11089,#11090);
#11089 = CARTESIAN_POINT('',(10.984795140516,12.965761933847,11.));
#11090 = VECTOR('',#11091,1.);
#11091 = DIRECTION('',(1.224646799147E-16,0.,-1.));
#11092 = ORIENTED_EDGE('',*,*,#11093,.T.);
#11093 = EDGE_CURVE('',#11086,#11062,#11094,.T.);
#11094 = LINE('',#11095,#11096);
#11095 = CARTESIAN_POINT('',(10.984795140516,12.965761933847,10.6));
#11096 = VECTOR('',#11097,1.);
#11097 = DIRECTION('',(0.497090530779,-0.867698682844,6.087603274056E-17
    ));
#11098 = ORIENTED_EDGE('',*,*,#11061,.F.);
#11099 = ORIENTED_EDGE('',*,*,#4461,.F.);
#11100 = PLANE('',#11101);
#11101 = AXIS2_PLACEMENT_3D('',#11102,#11103,#11104);
#11102 = CARTESIAN_POINT('',(10.984795140516,12.965761933847,11.));
#11103 = DIRECTION('',(-0.867698682844,-0.497090530779,
    -1.062624414569E-16));
#11104 = DIRECTION('',(0.497090530779,-0.867698682844,6.087603274056E-17
    ));
#11105 = ADVANCED_FACE('',(#11106),#11124,.T.);
#11106 = FACE_BOUND('',#11107,.T.);
#11107 = EDGE_LOOP('',(#11108,#11116,#11122,#11123));
#11108 = ORIENTED_EDGE('',*,*,#11109,.T.);
#11109 = EDGE_CURVE('',#4446,#11110,#11112,.T.);
#11110 = VERTEX_POINT('',#11111);
#11111 = CARTESIAN_POINT('',(10.717731760201,13.241825564038,10.6));
#11112 = LINE('',#11113,#11114);
#11113 = CARTESIAN_POINT('',(10.717731760201,13.241825564038,11.));
#11114 = VECTOR('',#11115,1.);
#11115 = DIRECTION('',(1.224646799147E-16,0.,-1.));
#11116 = ORIENTED_EDGE('',*,*,#11117,.T.);
#11117 = EDGE_CURVE('',#11110,#11086,#11118,.T.);
#11118 = LINE('',#11119,#11120);
#11119 = CARTESIAN_POINT('',(10.717731760201,13.241825564038,10.6));
#11120 = VECTOR('',#11121,1.);
#11121 = DIRECTION('',(0.695293736147,-0.718725692093,8.514892484397E-17
    ));
#11122 = ORIENTED_EDGE('',*,*,#11085,.F.);
#11123 = ORIENTED_EDGE('',*,*,#4453,.F.);
#11124 = PLANE('',#11125);
#11125 = AXIS2_PLACEMENT_3D('',#11126,#11127,#11128);
#11126 = CARTESIAN_POINT('',(10.717731760201,13.241825564038,11.));
#11127 = DIRECTION('',(-0.718725692093,-0.695293736147,
    -8.801851182868E-17));
#11128 = DIRECTION('',(0.695293736147,-0.718725692093,8.514892484397E-17
    ));
#11129 = ADVANCED_FACE('',(#11130),#11148,.T.);
#11130 = FACE_BOUND('',#11131,.T.);
#11131 = EDGE_LOOP('',(#11132,#11140,#11146,#11147));
#11132 = ORIENTED_EDGE('',*,*,#11133,.T.);
#11133 = EDGE_CURVE('',#4438,#11134,#11136,.T.);
#11134 = VERTEX_POINT('',#11135);
#11135 = CARTESIAN_POINT('',(10.347450764126,13.509781953859,10.6));
#11136 = LINE('',#11137,#11138);
#11137 = CARTESIAN_POINT('',(10.347450764126,13.509781953859,11.));
#11138 = VECTOR('',#11139,1.);
#11139 = DIRECTION('',(1.224646799147E-16,0.,-1.));
#11140 = ORIENTED_EDGE('',*,*,#11141,.T.);
#11141 = EDGE_CURVE('',#11134,#11110,#11142,.T.);
#11142 = LINE('',#11143,#11144);
#11143 = CARTESIAN_POINT('',(10.347450764126,13.509781953859,10.6));
#11144 = VECTOR('',#11145,1.);
#11145 = DIRECTION('',(0.810127210389,-0.586254128332,9.921196951056E-17
    ));
#11146 = ORIENTED_EDGE('',*,*,#11109,.F.);
#11147 = ORIENTED_EDGE('',*,*,#4445,.F.);
#11148 = PLANE('',#11149);
#11149 = AXIS2_PLACEMENT_3D('',#11150,#11151,#11152);
#11150 = CARTESIAN_POINT('',(10.347450764126,13.509781953859,11.));
#11151 = DIRECTION('',(-0.586254128332,-0.810127210389,
    -7.17954241749E-17));
#11152 = DIRECTION('',(0.810127210389,-0.586254128332,9.921196951056E-17
    ));
#11153 = ADVANCED_FACE('',(#11154),#11172,.T.);
#11154 = FACE_BOUND('',#11155,.T.);
#11155 = EDGE_LOOP('',(#11156,#11164,#11170,#11171));
#11156 = ORIENTED_EDGE('',*,*,#11157,.T.);
#11157 = EDGE_CURVE('',#4430,#11158,#11160,.T.);
#11158 = VERTEX_POINT('',#11159);
#11159 = CARTESIAN_POINT('',(9.877518160702,13.767050536795,10.6));
#11160 = LINE('',#11161,#11162);
#11161 = CARTESIAN_POINT('',(9.877518160702,13.767050536795,11.));
#11162 = VECTOR('',#11163,1.);
#11163 = DIRECTION('',(1.224646799147E-16,0.,-1.));
#11164 = ORIENTED_EDGE('',*,*,#11165,.T.);
#11165 = EDGE_CURVE('',#11158,#11134,#11166,.T.);
#11166 = LINE('',#11167,#11168);
#11167 = CARTESIAN_POINT('',(9.877518160702,13.767050536795,10.6));
#11168 = VECTOR('',#11169,1.);
#11169 = DIRECTION('',(0.877155600291,-0.480206260764,1.074205798251E-16
    ));
#11170 = ORIENTED_EDGE('',*,*,#11133,.F.);
#11171 = ORIENTED_EDGE('',*,*,#4437,.F.);
#11172 = PLANE('',#11173);
#11173 = AXIS2_PLACEMENT_3D('',#11174,#11175,#11176);
#11174 = CARTESIAN_POINT('',(9.877518160702,13.767050536795,11.));
#11175 = DIRECTION('',(-0.480206260764,-0.877155600291,
    -5.880830601756E-17));
#11176 = DIRECTION('',(0.877155600291,-0.480206260764,1.074205798251E-16
    ));
#11177 = ADVANCED_FACE('',(#11178),#11196,.T.);
#11178 = FACE_BOUND('',#11179,.T.);
#11179 = EDGE_LOOP('',(#11180,#11188,#11194,#11195));
#11180 = ORIENTED_EDGE('',*,*,#11181,.T.);
#11181 = EDGE_CURVE('',#4422,#11182,#11184,.T.);
#11182 = VERTEX_POINT('',#11183);
#11183 = CARTESIAN_POINT('',(9.312459657789,14.011153675757,10.6));
#11184 = LINE('',#11185,#11186);
#11185 = CARTESIAN_POINT('',(9.312459657789,14.011153675757,11.));
#11186 = VECTOR('',#11187,1.);
#11187 = DIRECTION('',(1.224646799147E-16,0.,-1.));
#11188 = ORIENTED_EDGE('',*,*,#11189,.T.);
#11189 = EDGE_CURVE('',#11182,#11158,#11190,.T.);
#11190 = LINE('',#11191,#11192);
#11191 = CARTESIAN_POINT('',(9.312459657789,14.011153675757,10.6));
#11192 = VECTOR('',#11193,1.);
#11193 = DIRECTION('',(0.918002857926,-0.396573767212,1.124229261567E-16
    ));
#11194 = ORIENTED_EDGE('',*,*,#11157,.F.);
#11195 = ORIENTED_EDGE('',*,*,#4429,.F.);
#11196 = PLANE('',#11197);
#11197 = AXIS2_PLACEMENT_3D('',#11198,#11199,#11200);
#11198 = CARTESIAN_POINT('',(9.312459657789,14.011153675757,11.));
#11199 = DIRECTION('',(-0.396573767212,-0.918002857926,
    -4.856627946416E-17));
#11200 = DIRECTION('',(0.918002857926,-0.396573767212,1.124229261567E-16
    ));
#11201 = ADVANCED_FACE('',(#11202),#11220,.T.);
#11202 = FACE_BOUND('',#11203,.T.);
#11203 = EDGE_LOOP('',(#11204,#11212,#11218,#11219));
#11204 = ORIENTED_EDGE('',*,*,#11205,.T.);
#11205 = EDGE_CURVE('',#4414,#11206,#11208,.T.);
#11206 = VERTEX_POINT('',#11207);
#11207 = CARTESIAN_POINT('',(8.657717077663,14.239740524075,10.6));
#11208 = LINE('',#11209,#11210);
#11209 = CARTESIAN_POINT('',(8.657717077663,14.239740524075,11.));
#11210 = VECTOR('',#11211,1.);
#11211 = DIRECTION('',(1.224646799147E-16,0.,-1.));
#11212 = ORIENTED_EDGE('',*,*,#11213,.T.);
#11213 = EDGE_CURVE('',#11206,#11182,#11214,.T.);
#11214 = LINE('',#11215,#11216);
#11215 = CARTESIAN_POINT('',(8.657717077663,14.239740524075,10.6));
#11216 = VECTOR('',#11217,1.);
#11217 = DIRECTION('',(0.944115720652,-0.329614177513,1.156208295321E-16
    ));
#11218 = ORIENTED_EDGE('',*,*,#11181,.F.);
#11219 = ORIENTED_EDGE('',*,*,#4421,.F.);
#11220 = PLANE('',#11221);
#11221 = AXIS2_PLACEMENT_3D('',#11222,#11223,#11224);
#11222 = CARTESIAN_POINT('',(8.657717077663,14.239740524075,11.));
#11223 = DIRECTION('',(-0.329614177513,-0.944115720652,
    -4.036609474451E-17));
#11224 = DIRECTION('',(0.944115720652,-0.329614177513,1.156208295321E-16
    ));
#11225 = ADVANCED_FACE('',(#11226),#11244,.T.);
#11226 = FACE_BOUND('',#11227,.T.);
#11227 = EDGE_LOOP('',(#11228,#11236,#11242,#11243));
#11228 = ORIENTED_EDGE('',*,*,#11229,.T.);
#11229 = EDGE_CURVE('',#4406,#11230,#11232,.T.);
#11230 = VERTEX_POINT('',#11231);
#11231 = CARTESIAN_POINT('',(7.919595949289,14.450609665441,10.6));
#11232 = LINE('',#11233,#11234);
#11233 = CARTESIAN_POINT('',(7.919595949289,14.450609665441,11.));
#11234 = VECTOR('',#11235,1.);
#11235 = DIRECTION('',(1.224646799147E-16,0.,-1.));
#11236 = ORIENTED_EDGE('',*,*,#11237,.T.);
#11237 = EDGE_CURVE('',#11230,#11206,#11238,.T.);
#11238 = LINE('',#11239,#11240);
#11239 = CARTESIAN_POINT('',(7.919595949289,14.450609665441,10.6));
#11240 = VECTOR('',#11241,1.);
#11241 = DIRECTION('',(0.96153172728,-0.274693897701,1.177536752092E-16)
  );
#11242 = ORIENTED_EDGE('',*,*,#11205,.F.);
#11243 = ORIENTED_EDGE('',*,*,#4413,.F.);
#11244 = PLANE('',#11245);
#11245 = AXIS2_PLACEMENT_3D('',#11246,#11247,#11248);
#11246 = CARTESIAN_POINT('',(7.919595949289,14.450609665441,11.));
#11247 = DIRECTION('',(-0.274693897701,-0.96153172728,
    -3.364030025645E-17));
#11248 = DIRECTION('',(0.96153172728,-0.274693897701,1.177536752092E-16)
  );
#11249 = ADVANCED_FACE('',(#11250),#11268,.T.);
#11250 = FACE_BOUND('',#11251,.T.);
#11251 = EDGE_LOOP('',(#11252,#11260,#11266,#11267));
#11252 = ORIENTED_EDGE('',*,*,#11253,.T.);
#11253 = EDGE_CURVE('',#4398,#11254,#11256,.T.);
#11254 = VERTEX_POINT('',#11255);
#11255 = CARTESIAN_POINT('',(7.105204782633,14.641730314752,10.6));
#11256 = LINE('',#11257,#11258);
#11257 = CARTESIAN_POINT('',(7.105204782633,14.641730314752,11.));
#11258 = VECTOR('',#11259,1.);
#11259 = DIRECTION('',(1.224646799147E-16,0.,-1.));
#11260 = ORIENTED_EDGE('',*,*,#11261,.T.);
#11261 = EDGE_CURVE('',#11254,#11230,#11262,.T.);
#11262 = LINE('',#11263,#11264);
#11263 = CARTESIAN_POINT('',(7.105204782633,14.641730314752,10.6));
#11264 = VECTOR('',#11265,1.);
#11265 = DIRECTION('',(0.973550478144,-0.228472025653,1.192255476867E-16
    ));
#11266 = ORIENTED_EDGE('',*,*,#11229,.F.);
#11267 = ORIENTED_EDGE('',*,*,#4405,.F.);
#11268 = PLANE('',#11269);
#11269 = AXIS2_PLACEMENT_3D('',#11270,#11271,#11272);
#11270 = CARTESIAN_POINT('',(7.105204782633,14.641730314752,11.));
#11271 = DIRECTION('',(-0.228472025653,-0.973550478144,
    -2.797975349105E-17));
#11272 = DIRECTION('',(0.973550478144,-0.228472025653,1.192255476867E-16
    ));
#11273 = ADVANCED_FACE('',(#11274),#11292,.T.);
#11274 = FACE_BOUND('',#11275,.T.);
#11275 = EDGE_LOOP('',(#11276,#11284,#11290,#11291));
#11276 = ORIENTED_EDGE('',*,*,#11277,.T.);
#11277 = EDGE_CURVE('',#4390,#11278,#11280,.T.);
#11278 = VERTEX_POINT('',#11279);
#11279 = CARTESIAN_POINT('',(6.22238660982,14.811261875677,10.6));
#11280 = LINE('',#11281,#11282);
#11281 = CARTESIAN_POINT('',(6.22238660982,14.811261875677,11.));
#11282 = VECTOR('',#11283,1.);
#11283 = DIRECTION('',(1.224646799147E-16,0.,-1.));
#11284 = ORIENTED_EDGE('',*,*,#11285,.T.);
#11285 = EDGE_CURVE('',#11278,#11254,#11286,.T.);
#11286 = LINE('',#11287,#11288);
#11287 = CARTESIAN_POINT('',(6.22238660982,14.811261875677,10.6));
#11288 = VECTOR('',#11289,1.);
#11289 = DIRECTION('',(0.982056164151,-0.188588680605,1.202671938011E-16
    ));
#11290 = ORIENTED_EDGE('',*,*,#11253,.F.);
#11291 = ORIENTED_EDGE('',*,*,#4397,.F.);
#11292 = PLANE('',#11293);
#11293 = AXIS2_PLACEMENT_3D('',#11294,#11295,#11296);
#11294 = CARTESIAN_POINT('',(6.22238660982,14.811261875677,11.));
#11295 = DIRECTION('',(-0.188588680605,-0.982056164151,
    -2.309545240584E-17));
#11296 = DIRECTION('',(0.982056164151,-0.188588680605,1.202671938011E-16
    ));
#11297 = ADVANCED_FACE('',(#11298),#11316,.T.);
#11298 = FACE_BOUND('',#11299,.T.);
#11299 = EDGE_LOOP('',(#11300,#11308,#11314,#11315));
#11300 = ORIENTED_EDGE('',*,*,#11301,.T.);
#11301 = EDGE_CURVE('',#4382,#11302,#11304,.T.);
#11302 = VERTEX_POINT('',#11303);
#11303 = CARTESIAN_POINT('',(5.279643452451,14.95757166661,10.6));
#11304 = LINE('',#11305,#11306);
#11305 = CARTESIAN_POINT('',(5.279643452451,14.95757166661,11.));
#11306 = VECTOR('',#11307,1.);
#11307 = DIRECTION('',(1.224646799147E-16,0.,-1.));
#11308 = ORIENTED_EDGE('',*,*,#11309,.T.);
#11309 = EDGE_CURVE('',#11302,#11278,#11310,.T.);
#11310 = LINE('',#11311,#11312);
#11311 = CARTESIAN_POINT('',(5.279643452451,14.95757166661,10.6));
#11312 = VECTOR('',#11313,1.);
#11313 = DIRECTION('',(0.988170399476,-0.153359908712,1.21015971673E-16)
  );
#11314 = ORIENTED_EDGE('',*,*,#11277,.F.);
#11315 = ORIENTED_EDGE('',*,*,#4389,.F.);
#11316 = PLANE('',#11317);
#11317 = AXIS2_PLACEMENT_3D('',#11318,#11319,#11320);
#11318 = CARTESIAN_POINT('',(5.279643452451,14.95757166661,11.));
#11319 = DIRECTION('',(-0.153359908712,-0.988170399476,
    -1.878117213222E-17));
#11320 = DIRECTION('',(0.988170399476,-0.153359908712,1.21015971673E-16)
  );
#11321 = ADVANCED_FACE('',(#11322),#11340,.T.);
#11322 = FACE_BOUND('',#11323,.T.);
#11323 = EDGE_LOOP('',(#11324,#11332,#11338,#11339));
#11324 = ORIENTED_EDGE('',*,*,#11325,.T.);
#11325 = EDGE_CURVE('',#4374,#11326,#11328,.T.);
#11326 = VERTEX_POINT('',#11327);
#11327 = CARTESIAN_POINT('',(4.286054442489,15.079250644283,10.6));
#11328 = LINE('',#11329,#11330);
#11329 = CARTESIAN_POINT('',(4.286054442489,15.079250644283,11.));
#11330 = VECTOR('',#11331,1.);
#11331 = DIRECTION('',(1.224646799147E-16,0.,-1.));
#11332 = ORIENTED_EDGE('',*,*,#11333,.T.);
#11333 = EDGE_CURVE('',#11326,#11302,#11334,.T.);
#11334 = LINE('',#11335,#11336);
#11335 = CARTESIAN_POINT('',(4.286054442489,15.079250644283,10.6));
#11336 = VECTOR('',#11337,1.);
#11337 = DIRECTION('',(0.992584578732,-0.121555970912,1.215565527227E-16
    ));
#11338 = ORIENTED_EDGE('',*,*,#11301,.F.);
#11339 = ORIENTED_EDGE('',*,*,#4381,.F.);
#11340 = PLANE('',#11341);
#11341 = AXIS2_PLACEMENT_3D('',#11342,#11343,#11344);
#11342 = CARTESIAN_POINT('',(4.286054442489,15.079250644283,11.));
#11343 = DIRECTION('',(-0.121555970912,-0.992584578732,
    -1.488631306947E-17));
#11344 = DIRECTION('',(0.992584578732,-0.121555970912,1.215565527227E-16
    ));
#11345 = ADVANCED_FACE('',(#11346),#11364,.T.);
#11346 = FACE_BOUND('',#11347,.T.);
#11347 = EDGE_LOOP('',(#11348,#11356,#11362,#11363));
#11348 = ORIENTED_EDGE('',*,*,#11349,.T.);
#11349 = EDGE_CURVE('',#4366,#11350,#11352,.T.);
#11350 = VERTEX_POINT('',#11351);
#11351 = CARTESIAN_POINT('',(3.25118838525,15.175126973623,10.6));
#11352 = LINE('',#11353,#11354);
#11353 = CARTESIAN_POINT('',(3.25118838525,15.175126973623,11.));
#11354 = VECTOR('',#11355,1.);
#11355 = DIRECTION('',(1.224646799147E-16,0.,-1.));
#11356 = ORIENTED_EDGE('',*,*,#11357,.T.);
#11357 = EDGE_CURVE('',#11350,#11326,#11358,.T.);
#11358 = LINE('',#11359,#11360);
#11359 = CARTESIAN_POINT('',(3.25118838525,15.175126973623,10.6));
#11360 = VECTOR('',#11361,1.);
#11361 = DIRECTION('',(0.995735779107,-9.225106073019E-02,
    1.21942463468E-16));
#11362 = ORIENTED_EDGE('',*,*,#11325,.F.);
#11363 = ORIENTED_EDGE('',*,*,#4373,.F.);
#11364 = PLANE('',#11365);
#11365 = AXIS2_PLACEMENT_3D('',#11366,#11367,#11368);
#11366 = CARTESIAN_POINT('',(3.25118838525,15.175126973623,11.));
#11367 = DIRECTION('',(-9.225106073019E-02,-0.995735779107,
    -1.129749662412E-17));
#11368 = DIRECTION('',(0.995735779107,-9.225106073019E-02,
    1.21942463468E-16));
#11369 = ADVANCED_FACE('',(#11370),#11388,.T.);
#11370 = FACE_BOUND('',#11371,.T.);
#11371 = EDGE_LOOP('',(#11372,#11380,#11386,#11387));
#11372 = ORIENTED_EDGE('',*,*,#11373,.T.);
#11373 = EDGE_CURVE('',#4358,#11374,#11376,.T.);
#11374 = VERTEX_POINT('',#11375);
#11375 = CARTESIAN_POINT('',(2.185011606581,15.244277313169,10.6));
#11376 = LINE('',#11377,#11378);
#11377 = CARTESIAN_POINT('',(2.185011606581,15.244277313169,11.));
#11378 = VECTOR('',#11379,1.);
#11379 = DIRECTION('',(1.224646799147E-16,0.,-1.));
#11380 = ORIENTED_EDGE('',*,*,#11381,.T.);
#11381 = EDGE_CURVE('',#11374,#11350,#11382,.T.);
#11382 = LINE('',#11383,#11384);
#11383 = CARTESIAN_POINT('',(2.185011606581,15.244277313169,10.6));
#11384 = VECTOR('',#11385,1.);
#11385 = DIRECTION('',(0.99790331755,-6.472224364963E-02,
    1.222079103696E-16));
#11386 = ORIENTED_EDGE('',*,*,#11349,.F.);
#11387 = ORIENTED_EDGE('',*,*,#4365,.F.);
#11388 = PLANE('',#11389);
#11389 = AXIS2_PLACEMENT_3D('',#11390,#11391,#11392);
#11390 = CARTESIAN_POINT('',(2.185011606581,15.244277313169,11.));
#11391 = DIRECTION('',(-6.472224364963E-02,-0.99790331755,
    -7.926188851915E-18));
#11392 = DIRECTION('',(0.99790331755,-6.472224364963E-02,
    1.222079103696E-16));
#11393 = ADVANCED_FACE('',(#11394),#11412,.T.);
#11394 = FACE_BOUND('',#11395,.T.);
#11395 = EDGE_LOOP('',(#11396,#11404,#11410,#11411));
#11396 = ORIENTED_EDGE('',*,*,#11397,.T.);
#11397 = EDGE_CURVE('',#4350,#11398,#11400,.T.);
#11398 = VERTEX_POINT('',#11399);
#11399 = CARTESIAN_POINT('',(1.097791971691,15.286035707349,10.6));
#11400 = LINE('',#11401,#11402);
#11401 = CARTESIAN_POINT('',(1.097791971691,15.286035707349,11.));
#11402 = VECTOR('',#11403,1.);
#11403 = DIRECTION('',(1.224646799147E-16,0.,-1.));
#11404 = ORIENTED_EDGE('',*,*,#11405,.T.);
#11405 = EDGE_CURVE('',#11398,#11374,#11406,.T.);
#11406 = LINE('',#11407,#11408);
#11407 = CARTESIAN_POINT('',(1.097791971691,15.286035707349,10.6));
#11408 = VECTOR('',#11409,1.);
#11409 = DIRECTION('',(0.999263211518,-3.838012645934E-02,
    1.223744493491E-16));
#11410 = ORIENTED_EDGE('',*,*,#11373,.F.);
#11411 = ORIENTED_EDGE('',*,*,#4357,.F.);
#11412 = PLANE('',#11413);
#11413 = AXIS2_PLACEMENT_3D('',#11414,#11415,#11416);
#11414 = CARTESIAN_POINT('',(1.097791971691,15.286035707349,11.));
#11415 = DIRECTION('',(-3.838012645934E-02,-0.999263211518,
    -4.70020990193E-18));
#11416 = DIRECTION('',(0.999263211518,-3.838012645934E-02,
    1.223744493491E-16));
#11417 = ADVANCED_FACE('',(#11418),#11436,.T.);
#11418 = FACE_BOUND('',#11419,.T.);
#11419 = EDGE_LOOP('',(#11420,#11428,#11434,#11435));
#11420 = ORIENTED_EDGE('',*,*,#11421,.T.);
#11421 = EDGE_CURVE('',#4342,#11422,#11424,.T.);
#11422 = VERTEX_POINT('',#11423);
#11423 = CARTESIAN_POINT('',(-6.368163355566E-16,15.3,10.6));
#11424 = LINE('',#11425,#11426);
#11425 = CARTESIAN_POINT('',(-6.858022075225E-16,15.3,11.));
#11426 = VECTOR('',#11427,1.);
#11427 = DIRECTION('',(1.224646799147E-16,0.,-1.));
#11428 = ORIENTED_EDGE('',*,*,#11429,.T.);
#11429 = EDGE_CURVE('',#11422,#11398,#11430,.T.);
#11430 = LINE('',#11431,#11432);
#11431 = CARTESIAN_POINT('',(-6.368163355566E-16,15.3,10.6));
#11432 = VECTOR('',#11433,1.);
#11433 = DIRECTION('',(0.999919106228,-1.27193160329E-02,
    1.224547732848E-16));
#11434 = ORIENTED_EDGE('',*,*,#11397,.F.);
#11435 = ORIENTED_EDGE('',*,*,#4349,.F.);
#11436 = PLANE('',#11437);
#11437 = AXIS2_PLACEMENT_3D('',#11438,#11439,#11440);
#11438 = CARTESIAN_POINT('',(-6.858022075225E-16,15.3,11.));
#11439 = DIRECTION('',(-1.27193160329E-02,-0.999919106228,
    -1.557666966704E-18));
#11440 = DIRECTION('',(0.999919106228,-1.27193160329E-02,
    1.224547732848E-16));
#11441 = ADVANCED_FACE('',(#11442),#11460,.T.);
#11442 = FACE_BOUND('',#11443,.T.);
#11443 = EDGE_LOOP('',(#11444,#11452,#11458,#11459));
#11444 = ORIENTED_EDGE('',*,*,#11445,.T.);
#11445 = EDGE_CURVE('',#4334,#11446,#11448,.T.);
#11446 = VERTEX_POINT('',#11447);
#11447 = CARTESIAN_POINT('',(-1.097791971691,15.286035707349,10.6));
#11448 = LINE('',#11449,#11450);
#11449 = CARTESIAN_POINT('',(-1.097791971691,15.286035707349,11.));
#11450 = VECTOR('',#11451,1.);
#11451 = DIRECTION('',(1.224646799147E-16,0.,-1.));
#11452 = ORIENTED_EDGE('',*,*,#11453,.T.);
#11453 = EDGE_CURVE('',#11446,#11422,#11454,.T.);
#11454 = LINE('',#11455,#11456);
#11455 = CARTESIAN_POINT('',(-1.097791971691,15.286035707349,10.6));
#11456 = VECTOR('',#11457,1.);
#11457 = DIRECTION('',(0.999919106228,1.27193160329E-02,
    1.224547732848E-16));
#11458 = ORIENTED_EDGE('',*,*,#11421,.F.);
#11459 = ORIENTED_EDGE('',*,*,#4341,.F.);
#11460 = PLANE('',#11461);
#11461 = AXIS2_PLACEMENT_3D('',#11462,#11463,#11464);
#11462 = CARTESIAN_POINT('',(-1.097791971691,15.286035707349,11.));
#11463 = DIRECTION('',(1.27193160329E-02,-0.999919106228,
    1.557666966704E-18));
#11464 = DIRECTION('',(0.999919106228,1.27193160329E-02,
    1.224547732848E-16));
#11465 = ADVANCED_FACE('',(#11466),#11484,.T.);
#11466 = FACE_BOUND('',#11467,.T.);
#11467 = EDGE_LOOP('',(#11468,#11476,#11482,#11483));
#11468 = ORIENTED_EDGE('',*,*,#11469,.T.);
#11469 = EDGE_CURVE('',#4326,#11470,#11472,.T.);
#11470 = VERTEX_POINT('',#11471);
#11471 = CARTESIAN_POINT('',(-2.185011606581,15.244277313169,10.6));
#11472 = LINE('',#11473,#11474);
#11473 = CARTESIAN_POINT('',(-2.185011606581,15.244277313169,11.));
#11474 = VECTOR('',#11475,1.);
#11475 = DIRECTION('',(1.224646799147E-16,0.,-1.));
#11476 = ORIENTED_EDGE('',*,*,#11477,.T.);
#11477 = EDGE_CURVE('',#11470,#11446,#11478,.T.);
#11478 = LINE('',#11479,#11480);
#11479 = CARTESIAN_POINT('',(-2.185011606581,15.244277313169,10.6));
#11480 = VECTOR('',#11481,1.);
#11481 = DIRECTION('',(0.999263211518,3.838012645934E-02,
    1.223744493491E-16));
#11482 = ORIENTED_EDGE('',*,*,#11445,.F.);
#11483 = ORIENTED_EDGE('',*,*,#4333,.F.);
#11484 = PLANE('',#11485);
#11485 = AXIS2_PLACEMENT_3D('',#11486,#11487,#11488);
#11486 = CARTESIAN_POINT('',(-2.185011606581,15.244277313169,11.));
#11487 = DIRECTION('',(3.838012645934E-02,-0.999263211518,
    4.70020990193E-18));
#11488 = DIRECTION('',(0.999263211518,3.838012645934E-02,
    1.223744493491E-16));
#11489 = ADVANCED_FACE('',(#11490),#11508,.T.);
#11490 = FACE_BOUND('',#11491,.T.);
#11491 = EDGE_LOOP('',(#11492,#11500,#11506,#11507));
#11492 = ORIENTED_EDGE('',*,*,#11493,.T.);
#11493 = EDGE_CURVE('',#4318,#11494,#11496,.T.);
#11494 = VERTEX_POINT('',#11495);
#11495 = CARTESIAN_POINT('',(-3.25118838525,15.175126973623,10.6));
#11496 = LINE('',#11497,#11498);
#11497 = CARTESIAN_POINT('',(-3.25118838525,15.175126973623,11.));
#11498 = VECTOR('',#11499,1.);
#11499 = DIRECTION('',(1.224646799147E-16,0.,-1.));
#11500 = ORIENTED_EDGE('',*,*,#11501,.T.);
#11501 = EDGE_CURVE('',#11494,#11470,#11502,.T.);
#11502 = LINE('',#11503,#11504);
#11503 = CARTESIAN_POINT('',(-3.25118838525,15.175126973623,10.6));
#11504 = VECTOR('',#11505,1.);
#11505 = DIRECTION('',(0.99790331755,6.472224364963E-02,
    1.222079103696E-16));
#11506 = ORIENTED_EDGE('',*,*,#11469,.F.);
#11507 = ORIENTED_EDGE('',*,*,#4325,.F.);
#11508 = PLANE('',#11509);
#11509 = AXIS2_PLACEMENT_3D('',#11510,#11511,#11512);
#11510 = CARTESIAN_POINT('',(-3.25118838525,15.175126973623,11.));
#11511 = DIRECTION('',(6.472224364963E-02,-0.99790331755,
    7.926188851915E-18));
#11512 = DIRECTION('',(0.99790331755,6.472224364963E-02,
    1.222079103696E-16));
#11513 = ADVANCED_FACE('',(#11514),#11532,.T.);
#11514 = FACE_BOUND('',#11515,.T.);
#11515 = EDGE_LOOP('',(#11516,#11524,#11530,#11531));
#11516 = ORIENTED_EDGE('',*,*,#11517,.T.);
#11517 = EDGE_CURVE('',#4310,#11518,#11520,.T.);
#11518 = VERTEX_POINT('',#11519);
#11519 = CARTESIAN_POINT('',(-4.286054442489,15.079250644283,10.6));
#11520 = LINE('',#11521,#11522);
#11521 = CARTESIAN_POINT('',(-4.286054442489,15.079250644283,11.));
#11522 = VECTOR('',#11523,1.);
#11523 = DIRECTION('',(1.224646799147E-16,0.,-1.));
#11524 = ORIENTED_EDGE('',*,*,#11525,.T.);
#11525 = EDGE_CURVE('',#11518,#11494,#11526,.T.);
#11526 = LINE('',#11527,#11528);
#11527 = CARTESIAN_POINT('',(-4.286054442489,15.079250644283,10.6));
#11528 = VECTOR('',#11529,1.);
#11529 = DIRECTION('',(0.995735779107,9.225106073019E-02,
    1.21942463468E-16));
#11530 = ORIENTED_EDGE('',*,*,#11493,.F.);
#11531 = ORIENTED_EDGE('',*,*,#4317,.F.);
#11532 = PLANE('',#11533);
#11533 = AXIS2_PLACEMENT_3D('',#11534,#11535,#11536);
#11534 = CARTESIAN_POINT('',(-4.286054442489,15.079250644283,11.));
#11535 = DIRECTION('',(9.225106073019E-02,-0.995735779107,
    1.129749662412E-17));
#11536 = DIRECTION('',(0.995735779107,9.225106073019E-02,
    1.21942463468E-16));
#11537 = ADVANCED_FACE('',(#11538),#11556,.T.);
#11538 = FACE_BOUND('',#11539,.T.);
#11539 = EDGE_LOOP('',(#11540,#11548,#11554,#11555));
#11540 = ORIENTED_EDGE('',*,*,#11541,.T.);
#11541 = EDGE_CURVE('',#4302,#11542,#11544,.T.);
#11542 = VERTEX_POINT('',#11543);
#11543 = CARTESIAN_POINT('',(-5.279643452451,14.95757166661,10.6));
#11544 = LINE('',#11545,#11546);
#11545 = CARTESIAN_POINT('',(-5.279643452451,14.95757166661,11.));
#11546 = VECTOR('',#11547,1.);
#11547 = DIRECTION('',(1.224646799147E-16,0.,-1.));
#11548 = ORIENTED_EDGE('',*,*,#11549,.T.);
#11549 = EDGE_CURVE('',#11542,#11518,#11550,.T.);
#11550 = LINE('',#11551,#11552);
#11551 = CARTESIAN_POINT('',(-5.279643452451,14.95757166661,10.6));
#11552 = VECTOR('',#11553,1.);
#11553 = DIRECTION('',(0.992584578732,0.121555970912,1.215565527227E-16)
  );
#11554 = ORIENTED_EDGE('',*,*,#11517,.F.);
#11555 = ORIENTED_EDGE('',*,*,#4309,.F.);
#11556 = PLANE('',#11557);
#11557 = AXIS2_PLACEMENT_3D('',#11558,#11559,#11560);
#11558 = CARTESIAN_POINT('',(-5.279643452451,14.95757166661,11.));
#11559 = DIRECTION('',(0.121555970912,-0.992584578732,1.488631306947E-17
    ));
#11560 = DIRECTION('',(0.992584578732,0.121555970912,1.215565527227E-16)
  );
#11561 = ADVANCED_FACE('',(#11562),#11580,.T.);
#11562 = FACE_BOUND('',#11563,.T.);
#11563 = EDGE_LOOP('',(#11564,#11572,#11578,#11579));
#11564 = ORIENTED_EDGE('',*,*,#11565,.T.);
#11565 = EDGE_CURVE('',#4294,#11566,#11568,.T.);
#11566 = VERTEX_POINT('',#11567);
#11567 = CARTESIAN_POINT('',(-6.22238660982,14.811261875677,10.6));
#11568 = LINE('',#11569,#11570);
#11569 = CARTESIAN_POINT('',(-6.22238660982,14.811261875677,11.));
#11570 = VECTOR('',#11571,1.);
#11571 = DIRECTION('',(1.224646799147E-16,0.,-1.));
#11572 = ORIENTED_EDGE('',*,*,#11573,.T.);
#11573 = EDGE_CURVE('',#11566,#11542,#11574,.T.);
#11574 = LINE('',#11575,#11576);
#11575 = CARTESIAN_POINT('',(-6.22238660982,14.811261875677,10.6));
#11576 = VECTOR('',#11577,1.);
#11577 = DIRECTION('',(0.988170399476,0.153359908712,1.21015971673E-16)
  );
#11578 = ORIENTED_EDGE('',*,*,#11541,.F.);
#11579 = ORIENTED_EDGE('',*,*,#4301,.F.);
#11580 = PLANE('',#11581);
#11581 = AXIS2_PLACEMENT_3D('',#11582,#11583,#11584);
#11582 = CARTESIAN_POINT('',(-6.22238660982,14.811261875677,11.));
#11583 = DIRECTION('',(0.153359908712,-0.988170399476,1.878117213222E-17
    ));
#11584 = DIRECTION('',(0.988170399476,0.153359908712,1.21015971673E-16)
  );
#11585 = ADVANCED_FACE('',(#11586),#11604,.T.);
#11586 = FACE_BOUND('',#11587,.T.);
#11587 = EDGE_LOOP('',(#11588,#11596,#11602,#11603));
#11588 = ORIENTED_EDGE('',*,*,#11589,.T.);
#11589 = EDGE_CURVE('',#4286,#11590,#11592,.T.);
#11590 = VERTEX_POINT('',#11591);
#11591 = CARTESIAN_POINT('',(-7.105204782633,14.641730314752,10.6));
#11592 = LINE('',#11593,#11594);
#11593 = CARTESIAN_POINT('',(-7.105204782633,14.641730314752,11.));
#11594 = VECTOR('',#11595,1.);
#11595 = DIRECTION('',(1.224646799147E-16,0.,-1.));
#11596 = ORIENTED_EDGE('',*,*,#11597,.T.);
#11597 = EDGE_CURVE('',#11590,#11566,#11598,.T.);
#11598 = LINE('',#11599,#11600);
#11599 = CARTESIAN_POINT('',(-7.105204782633,14.641730314752,10.6));
#11600 = VECTOR('',#11601,1.);
#11601 = DIRECTION('',(0.982056164151,0.188588680605,1.202671938011E-16)
  );
#11602 = ORIENTED_EDGE('',*,*,#11565,.F.);
#11603 = ORIENTED_EDGE('',*,*,#4293,.F.);
#11604 = PLANE('',#11605);
#11605 = AXIS2_PLACEMENT_3D('',#11606,#11607,#11608);
#11606 = CARTESIAN_POINT('',(-7.105204782633,14.641730314752,11.));
#11607 = DIRECTION('',(0.188588680605,-0.982056164151,2.309545240584E-17
    ));
#11608 = DIRECTION('',(0.982056164151,0.188588680605,1.202671938011E-16)
  );
#11609 = ADVANCED_FACE('',(#11610),#11628,.T.);
#11610 = FACE_BOUND('',#11611,.T.);
#11611 = EDGE_LOOP('',(#11612,#11620,#11626,#11627));
#11612 = ORIENTED_EDGE('',*,*,#11613,.T.);
#11613 = EDGE_CURVE('',#4278,#11614,#11616,.T.);
#11614 = VERTEX_POINT('',#11615);
#11615 = CARTESIAN_POINT('',(-7.919595949289,14.450609665441,10.6));
#11616 = LINE('',#11617,#11618);
#11617 = CARTESIAN_POINT('',(-7.919595949289,14.450609665441,11.));
#11618 = VECTOR('',#11619,1.);
#11619 = DIRECTION('',(1.224646799147E-16,0.,-1.));
#11620 = ORIENTED_EDGE('',*,*,#11621,.T.);
#11621 = EDGE_CURVE('',#11614,#11590,#11622,.T.);
#11622 = LINE('',#11623,#11624);
#11623 = CARTESIAN_POINT('',(-7.919595949289,14.450609665441,10.6));
#11624 = VECTOR('',#11625,1.);
#11625 = DIRECTION('',(0.973550478144,0.228472025653,1.192255476867E-16)
  );
#11626 = ORIENTED_EDGE('',*,*,#11589,.F.);
#11627 = ORIENTED_EDGE('',*,*,#4285,.F.);
#11628 = PLANE('',#11629);
#11629 = AXIS2_PLACEMENT_3D('',#11630,#11631,#11632);
#11630 = CARTESIAN_POINT('',(-7.919595949289,14.450609665441,11.));
#11631 = DIRECTION('',(0.228472025653,-0.973550478144,2.797975349105E-17
    ));
#11632 = DIRECTION('',(0.973550478144,0.228472025653,1.192255476867E-16)
  );
#11633 = ADVANCED_FACE('',(#11634),#11652,.T.);
#11634 = FACE_BOUND('',#11635,.T.);
#11635 = EDGE_LOOP('',(#11636,#11644,#11650,#11651));
#11636 = ORIENTED_EDGE('',*,*,#11637,.T.);
#11637 = EDGE_CURVE('',#4270,#11638,#11640,.T.);
#11638 = VERTEX_POINT('',#11639);
#11639 = CARTESIAN_POINT('',(-8.657717077663,14.239740524075,10.6));
#11640 = LINE('',#11641,#11642);
#11641 = CARTESIAN_POINT('',(-8.657717077663,14.239740524075,11.));
#11642 = VECTOR('',#11643,1.);
#11643 = DIRECTION('',(1.224646799147E-16,0.,-1.));
#11644 = ORIENTED_EDGE('',*,*,#11645,.T.);
#11645 = EDGE_CURVE('',#11638,#11614,#11646,.T.);
#11646 = LINE('',#11647,#11648);
#11647 = CARTESIAN_POINT('',(-8.657717077663,14.239740524075,10.6));
#11648 = VECTOR('',#11649,1.);
#11649 = DIRECTION('',(0.96153172728,0.274693897701,1.177536752092E-16)
  );
#11650 = ORIENTED_EDGE('',*,*,#11613,.F.);
#11651 = ORIENTED_EDGE('',*,*,#4277,.F.);
#11652 = PLANE('',#11653);
#11653 = AXIS2_PLACEMENT_3D('',#11654,#11655,#11656);
#11654 = CARTESIAN_POINT('',(-8.657717077663,14.239740524075,11.));
#11655 = DIRECTION('',(0.274693897701,-0.96153172728,3.364030025645E-17)
  );
#11656 = DIRECTION('',(0.96153172728,0.274693897701,1.177536752092E-16)
  );
#11657 = ADVANCED_FACE('',(#11658),#11676,.T.);
#11658 = FACE_BOUND('',#11659,.T.);
#11659 = EDGE_LOOP('',(#11660,#11668,#11674,#11675));
#11660 = ORIENTED_EDGE('',*,*,#11661,.T.);
#11661 = EDGE_CURVE('',#4262,#11662,#11664,.T.);
#11662 = VERTEX_POINT('',#11663);
#11663 = CARTESIAN_POINT('',(-9.312459657789,14.011153675757,10.6));
#11664 = LINE('',#11665,#11666);
#11665 = CARTESIAN_POINT('',(-9.312459657789,14.011153675757,11.));
#11666 = VECTOR('',#11667,1.);
#11667 = DIRECTION('',(1.224646799147E-16,0.,-1.));
#11668 = ORIENTED_EDGE('',*,*,#11669,.T.);
#11669 = EDGE_CURVE('',#11662,#11638,#11670,.T.);
#11670 = LINE('',#11671,#11672);
#11671 = CARTESIAN_POINT('',(-9.312459657789,14.011153675757,10.6));
#11672 = VECTOR('',#11673,1.);
#11673 = DIRECTION('',(0.944115720652,0.329614177513,1.156208295321E-16)
  );
#11674 = ORIENTED_EDGE('',*,*,#11637,.F.);
#11675 = ORIENTED_EDGE('',*,*,#4269,.F.);
#11676 = PLANE('',#11677);
#11677 = AXIS2_PLACEMENT_3D('',#11678,#11679,#11680);
#11678 = CARTESIAN_POINT('',(-9.312459657789,14.011153675757,11.));
#11679 = DIRECTION('',(0.329614177513,-0.944115720652,4.036609474451E-17
    ));
#11680 = DIRECTION('',(0.944115720652,0.329614177513,1.156208295321E-16)
  );
#11681 = ADVANCED_FACE('',(#11682),#11700,.T.);
#11682 = FACE_BOUND('',#11683,.T.);
#11683 = EDGE_LOOP('',(#11684,#11692,#11698,#11699));
#11684 = ORIENTED_EDGE('',*,*,#11685,.T.);
#11685 = EDGE_CURVE('',#4254,#11686,#11688,.T.);
#11686 = VERTEX_POINT('',#11687);
#11687 = CARTESIAN_POINT('',(-9.877518160702,13.767050536795,10.6));
#11688 = LINE('',#11689,#11690);
#11689 = CARTESIAN_POINT('',(-9.877518160702,13.767050536795,11.));
#11690 = VECTOR('',#11691,1.);
#11691 = DIRECTION('',(1.224646799147E-16,0.,-1.));
#11692 = ORIENTED_EDGE('',*,*,#11693,.T.);
#11693 = EDGE_CURVE('',#11686,#11662,#11694,.T.);
#11694 = LINE('',#11695,#11696);
#11695 = CARTESIAN_POINT('',(-9.877518160702,13.767050536795,10.6));
#11696 = VECTOR('',#11697,1.);
#11697 = DIRECTION('',(0.918002857926,0.396573767212,1.124229261567E-16)
  );
#11698 = ORIENTED_EDGE('',*,*,#11661,.F.);
#11699 = ORIENTED_EDGE('',*,*,#4261,.F.);
#11700 = PLANE('',#11701);
#11701 = AXIS2_PLACEMENT_3D('',#11702,#11703,#11704);
#11702 = CARTESIAN_POINT('',(-9.877518160702,13.767050536795,11.));
#11703 = DIRECTION('',(0.396573767212,-0.918002857926,4.856627946416E-17
    ));
#11704 = DIRECTION('',(0.918002857926,0.396573767212,1.124229261567E-16)
  );
#11705 = ADVANCED_FACE('',(#11706),#11724,.T.);
#11706 = FACE_BOUND('',#11707,.T.);
#11707 = EDGE_LOOP('',(#11708,#11716,#11722,#11723));
#11708 = ORIENTED_EDGE('',*,*,#11709,.T.);
#11709 = EDGE_CURVE('',#4246,#11710,#11712,.T.);
#11710 = VERTEX_POINT('',#11711);
#11711 = CARTESIAN_POINT('',(-10.34745076412,13.509781953859,10.6));
#11712 = LINE('',#11713,#11714);
#11713 = CARTESIAN_POINT('',(-10.34745076412,13.509781953859,11.));
#11714 = VECTOR('',#11715,1.);
#11715 = DIRECTION('',(1.224646799147E-16,0.,-1.));
#11716 = ORIENTED_EDGE('',*,*,#11717,.T.);
#11717 = EDGE_CURVE('',#11710,#11686,#11718,.T.);
#11718 = LINE('',#11719,#11720);
#11719 = CARTESIAN_POINT('',(-10.34745076412,13.509781953859,10.6));
#11720 = VECTOR('',#11721,1.);
#11721 = DIRECTION('',(0.877155600291,0.480206260764,1.074205798251E-16)
  );
#11722 = ORIENTED_EDGE('',*,*,#11685,.F.);
#11723 = ORIENTED_EDGE('',*,*,#4253,.F.);
#11724 = PLANE('',#11725);
#11725 = AXIS2_PLACEMENT_3D('',#11726,#11727,#11728);
#11726 = CARTESIAN_POINT('',(-10.34745076412,13.509781953859,11.));
#11727 = DIRECTION('',(0.480206260764,-0.877155600291,5.880830601756E-17
    ));
#11728 = DIRECTION('',(0.877155600291,0.480206260764,1.074205798251E-16)
  );
#11729 = ADVANCED_FACE('',(#11730),#11748,.T.);
#11730 = FACE_BOUND('',#11731,.T.);
#11731 = EDGE_LOOP('',(#11732,#11740,#11746,#11747));
#11732 = ORIENTED_EDGE('',*,*,#11733,.T.);
#11733 = EDGE_CURVE('',#4238,#11734,#11736,.T.);
#11734 = VERTEX_POINT('',#11735);
#11735 = CARTESIAN_POINT('',(-10.7177317602,13.241825564038,10.6));
#11736 = LINE('',#11737,#11738);
#11737 = CARTESIAN_POINT('',(-10.7177317602,13.241825564038,11.));
#11738 = VECTOR('',#11739,1.);
#11739 = DIRECTION('',(1.224646799147E-16,0.,-1.));
#11740 = ORIENTED_EDGE('',*,*,#11741,.T.);
#11741 = EDGE_CURVE('',#11734,#11710,#11742,.T.);
#11742 = LINE('',#11743,#11744);
#11743 = CARTESIAN_POINT('',(-10.7177317602,13.241825564038,10.6));
#11744 = VECTOR('',#11745,1.);
#11745 = DIRECTION('',(0.810127210389,0.586254128332,9.921196951056E-17)
  );
#11746 = ORIENTED_EDGE('',*,*,#11709,.F.);
#11747 = ORIENTED_EDGE('',*,*,#4245,.F.);
#11748 = PLANE('',#11749);
#11749 = AXIS2_PLACEMENT_3D('',#11750,#11751,#11752);
#11750 = CARTESIAN_POINT('',(-10.7177317602,13.241825564038,11.));
#11751 = DIRECTION('',(0.586254128332,-0.810127210389,7.17954241749E-17)
  );
#11752 = DIRECTION('',(0.810127210389,0.586254128332,9.921196951056E-17)
  );
#11753 = ADVANCED_FACE('',(#11754),#11772,.T.);
#11754 = FACE_BOUND('',#11755,.T.);
#11755 = EDGE_LOOP('',(#11756,#11764,#11770,#11771));
#11756 = ORIENTED_EDGE('',*,*,#11757,.T.);
#11757 = EDGE_CURVE('',#4230,#11758,#11760,.T.);
#11758 = VERTEX_POINT('',#11759);
#11759 = CARTESIAN_POINT('',(-10.98479514051,12.965761933847,10.6));
#11760 = LINE('',#11761,#11762);
#11761 = CARTESIAN_POINT('',(-10.98479514051,12.965761933847,11.));
#11762 = VECTOR('',#11763,1.);
#11763 = DIRECTION('',(1.224646799147E-16,0.,-1.));
#11764 = ORIENTED_EDGE('',*,*,#11765,.T.);
#11765 = EDGE_CURVE('',#11758,#11734,#11766,.T.);
#11766 = LINE('',#11767,#11768);
#11767 = CARTESIAN_POINT('',(-10.98479514051,12.965761933847,10.6));
#11768 = VECTOR('',#11769,1.);
#11769 = DIRECTION('',(0.695293736147,0.718725692093,8.514892484397E-17)
  );
#11770 = ORIENTED_EDGE('',*,*,#11733,.F.);
#11771 = ORIENTED_EDGE('',*,*,#4237,.F.);
#11772 = PLANE('',#11773);
#11773 = AXIS2_PLACEMENT_3D('',#11774,#11775,#11776);
#11774 = CARTESIAN_POINT('',(-10.98479514051,12.965761933847,11.));
#11775 = DIRECTION('',(0.718725692093,-0.695293736147,8.801851182868E-17
    ));
#11776 = DIRECTION('',(0.695293736147,0.718725692093,8.514892484397E-17)
  );
#11777 = ADVANCED_FACE('',(#11778),#11796,.T.);
#11778 = FACE_BOUND('',#11779,.T.);
#11779 = EDGE_LOOP('',(#11780,#11788,#11794,#11795));
#11780 = ORIENTED_EDGE('',*,*,#11781,.T.);
#11781 = EDGE_CURVE('',#4222,#11782,#11784,.T.);
#11782 = VERTEX_POINT('',#11783);
#11783 = CARTESIAN_POINT('',(-11.14606893872,12.684249706956,10.6));
#11784 = LINE('',#11785,#11786);
#11785 = CARTESIAN_POINT('',(-11.14606893872,12.684249706956,11.));
#11786 = VECTOR('',#11787,1.);
#11787 = DIRECTION('',(1.224646799147E-16,0.,-1.));
#11788 = ORIENTED_EDGE('',*,*,#11789,.T.);
#11789 = EDGE_CURVE('',#11782,#11758,#11790,.T.);
#11790 = LINE('',#11791,#11792);
#11791 = CARTESIAN_POINT('',(-11.14606893872,12.684249706956,10.6));
#11792 = VECTOR('',#11793,1.);
#11793 = DIRECTION('',(0.497090530779,0.867698682844,6.087603274056E-17)
  );
#11794 = ORIENTED_EDGE('',*,*,#11757,.F.);
#11795 = ORIENTED_EDGE('',*,*,#4229,.F.);
#11796 = PLANE('',#11797);
#11797 = AXIS2_PLACEMENT_3D('',#11798,#11799,#11800);
#11798 = CARTESIAN_POINT('',(-11.14606893872,12.684249706956,11.));
#11799 = DIRECTION('',(0.867698682844,-0.497090530779,1.062624414569E-16
    ));
#11800 = DIRECTION('',(0.497090530779,0.867698682844,6.087603274056E-17)
  );
#11801 = ADVANCED_FACE('',(#11802),#11813,.T.);
#11802 = FACE_BOUND('',#11803,.T.);
#11803 = EDGE_LOOP('',(#11804,#11805,#11811,#11812));
#11804 = ORIENTED_EDGE('',*,*,#10302,.T.);
#11805 = ORIENTED_EDGE('',*,*,#11806,.T.);
#11806 = EDGE_CURVE('',#10295,#11782,#11807,.T.);
#11807 = LINE('',#11808,#11809);
#11808 = CARTESIAN_POINT('',(-11.2,12.4,10.6));
#11809 = VECTOR('',#11810,1.);
#11810 = DIRECTION('',(0.186405829909,0.982472832488,2.2828130294E-17));
#11811 = ORIENTED_EDGE('',*,*,#11781,.F.);
#11812 = ORIENTED_EDGE('',*,*,#4221,.F.);
#11813 = PLANE('',#11814);
#11814 = AXIS2_PLACEMENT_3D('',#11815,#11816,#11817);
#11815 = CARTESIAN_POINT('',(-11.2,12.4,11.));
#11816 = DIRECTION('',(0.982472832488,-0.186405829909,1.203182209555E-16
    ));
#11817 = DIRECTION('',(0.186405829909,0.982472832488,2.2828130294E-17));
#11818 = ADVANCED_FACE('',(#11819),#11838,.T.);
#11819 = FACE_BOUND('',#11820,.T.);
#11820 = EDGE_LOOP('',(#11821,#11822,#11823,#11831));
#11821 = ORIENTED_EDGE('',*,*,#4779,.F.);
#11822 = ORIENTED_EDGE('',*,*,#4732,.T.);
#11823 = ORIENTED_EDGE('',*,*,#11824,.T.);
#11824 = EDGE_CURVE('',#4733,#11825,#11827,.T.);
#11825 = VERTEX_POINT('',#11826);
#11826 = CARTESIAN_POINT('',(10.631089015392,-15.98811891208,5.95));
#11827 = LINE('',#11828,#11829);
#11828 = CARTESIAN_POINT('',(10.631089015392,-15.98811891208,11.));
#11829 = VECTOR('',#11830,1.);
#11830 = DIRECTION('',(1.224646799147E-16,0.,-1.));
#11831 = ORIENTED_EDGE('',*,*,#11832,.F.);
#11832 = EDGE_CURVE('',#4780,#11825,#11833,.T.);
#11833 = CIRCLE('',#11834,4.8);
#11834 = AXIS2_PLACEMENT_3D('',#11835,#11836,#11837);
#11835 = CARTESIAN_POINT('',(15.,-14.,5.95));
#11836 = DIRECTION('',(1.224646799147E-16,0.,-1.));
#11837 = DIRECTION('',(-1.,0.,-1.224646799147E-16));
#11838 = CYLINDRICAL_SURFACE('',#11839,4.8);
#11839 = AXIS2_PLACEMENT_3D('',#11840,#11841,#11842);
#11840 = CARTESIAN_POINT('',(15.,-14.,11.));
#11841 = DIRECTION('',(1.224646799147E-16,0.,-1.));
#11842 = DIRECTION('',(-1.,0.,-1.224646799147E-16));
#11843 = ADVANCED_FACE('',(#11844),#11893,.T.);
#11844 = FACE_BOUND('',#11845,.T.);
#11845 = EDGE_LOOP('',(#11846,#11863,#11864,#11886));
#11846 = ORIENTED_EDGE('',*,*,#11847,.T.);
#11847 = EDGE_CURVE('',#11848,#4771,#11850,.T.);
#11848 = VERTEX_POINT('',#11849);
#11849 = CARTESIAN_POINT('',(17.414372324263,-6.949973852609,5.5));
#11850 = B_SPLINE_CURVE_WITH_KNOTS('',6,(#11851,#11852,#11853,#11854,
    #11855,#11856,#11857,#11858,#11859,#11860,#11861,#11862),
  .UNSPECIFIED.,.F.,.F.,(7,5,7),(0.,0.502741474911,1.),.UNSPECIFIED.);
#11851 = CARTESIAN_POINT('',(17.414372324256,-6.949973852625,5.5));
#11852 = CARTESIAN_POINT('',(17.454093064023,-7.008364297552,
    5.499999922866));
#11853 = CARTESIAN_POINT('',(17.49392525984,-7.066324028956,
    5.509137163287));
#11854 = CARTESIAN_POINT('',(17.532702550969,-7.122170890157,
    5.52743503961));
#11855 = CARTESIAN_POINT('',(17.569226473578,-7.174290659175,
    5.554535024115));
#11856 = CARTESIAN_POINT('',(17.602328074474,-7.221187458002,
    5.589635598419));
#11857 = CARTESIAN_POINT('',(17.659415633737,-7.301639461447,
    5.672899427268));
#11858 = CARTESIAN_POINT('',(17.683504429839,-7.335345099857,
    5.720927085716));
#11859 = CARTESIAN_POINT('',(17.702335085389,-7.361545580702,
    5.774372140473));
#11860 = CARTESIAN_POINT('',(17.715159345555,-7.379339718853,
    5.831634534908));
#11861 = CARTESIAN_POINT('',(17.721568933432,-7.38823351943,
    5.890822824339));
#11862 = CARTESIAN_POINT('',(17.721568933432,-7.38823351943,5.95));
#11863 = ORIENTED_EDGE('',*,*,#4787,.T.);
#11864 = ORIENTED_EDGE('',*,*,#11865,.T.);
#11865 = EDGE_CURVE('',#4780,#11866,#11868,.T.);
#11866 = VERTEX_POINT('',#11867);
#11867 = CARTESIAN_POINT('',(16.004857279357,-9.767652914975,5.5));
#11868 = B_SPLINE_CURVE_WITH_KNOTS('',6,(#11869,#11870,#11871,#11872,
    #11873,#11874,#11875,#11876,#11877,#11878,#11879,#11880,#11881,
    #11882,#11883,#11884,#11885),.UNSPECIFIED.,.F.,.F.,(7,5,5,7),(0.,
    0.278214844974,0.562029413396,1.),.UNSPECIFIED.);
#11869 = CARTESIAN_POINT('',(16.682450177007,-9.504517667492,5.95));
#11870 = CARTESIAN_POINT('',(16.682450177007,-9.504517667492,
    5.915954989457));
#11871 = CARTESIAN_POINT('',(16.677968406306,-9.506140560525,
    5.881907598871));
#11872 = CARTESIAN_POINT('',(16.669003335,-9.509386531622,5.848261170281
    ));
#11873 = CARTESIAN_POINT('',(16.655661953932,-9.514228377456,
    5.815407908765));
#11874 = CARTESIAN_POINT('',(16.63814194201,-9.520615195873,
    5.783708755058));
#11875 = CARTESIAN_POINT('',(16.594854434345,-9.536495173548,
    5.722629201285));
#11876 = CARTESIAN_POINT('',(16.568925744098,-9.546049026569,
    5.693305496687));
#11877 = CARTESIAN_POINT('',(16.539212202994,-9.557063082999,
    5.665830379946));
#11878 = CARTESIAN_POINT('',(16.50606274239,-9.569445390841,
    5.640466628539));
#11879 = CARTESIAN_POINT('',(16.469862041511,-9.583092131704,
    5.617414670236));
#11880 = CARTESIAN_POINT('',(16.371034285638,-9.620733465246,
    5.565028222473));
#11881 = CARTESIAN_POINT('',(16.30473542958,-9.646321801884,
    5.53908334296));
#11882 = CARTESIAN_POINT('',(16.233536142828,-9.67425708825,
    5.519496378853));
#11883 = CARTESIAN_POINT('',(16.15891061828,-9.704102819949,
    5.506468332602));
#11884 = CARTESIAN_POINT('',(16.082235327909,-9.735405080445,
    5.49999996925));
#11885 = CARTESIAN_POINT('',(16.004857279332,-9.767652915016,5.5));
#11886 = ORIENTED_EDGE('',*,*,#11887,.F.);
#11887 = EDGE_CURVE('',#11848,#11866,#11888,.T.);
#11888 = CIRCLE('',#11889,18.75);
#11889 = AXIS2_PLACEMENT_3D('',#11890,#11891,#11892);
#11890 = CARTESIAN_POINT('',(6.73555739531E-16,0.,5.5));
#11891 = DIRECTION('',(1.224646799147E-16,0.,-1.));
#11892 = DIRECTION('',(-1.,0.,-1.224646799147E-16));
#11893 = TOROIDAL_SURFACE('',#11894,18.75,0.45);
#11894 = AXIS2_PLACEMENT_3D('',#11895,#11896,#11897);
#11895 = CARTESIAN_POINT('',(6.184466335694E-16,0.,5.95));
#11896 = DIRECTION('',(1.224646799147E-16,0.,-1.));
#11897 = DIRECTION('',(-1.,0.,-1.224646799147E-16));
#11898 = ADVANCED_FACE('',(#11899),#11918,.T.);
#11899 = FACE_BOUND('',#11900,.T.);
#11900 = EDGE_LOOP('',(#11901,#11909,#11910,#11911));
#11901 = ORIENTED_EDGE('',*,*,#11902,.F.);
#11902 = EDGE_CURVE('',#4828,#11903,#11905,.T.);
#11903 = VERTEX_POINT('',#11904);
#11904 = CARTESIAN_POINT('',(-19.17250342992,1.02718656023,5.95));
#11905 = LINE('',#11906,#11907);
#11906 = CARTESIAN_POINT('',(-19.17250342992,1.027186560231,11.));
#11907 = VECTOR('',#11908,1.);
#11908 = DIRECTION('',(1.224646799147E-16,0.,-1.));
#11909 = ORIENTED_EDGE('',*,*,#4844,.T.);
#11910 = ORIENTED_EDGE('',*,*,#4802,.T.);
#11911 = ORIENTED_EDGE('',*,*,#11912,.F.);
#11912 = EDGE_CURVE('',#11903,#4803,#11913,.T.);
#11913 = CIRCLE('',#11914,19.2);
#11914 = AXIS2_PLACEMENT_3D('',#11915,#11916,#11917);
#11915 = CARTESIAN_POINT('',(6.184466335694E-16,0.,5.95));
#11916 = DIRECTION('',(1.224646799147E-16,0.,-1.));
#11917 = DIRECTION('',(-1.,0.,-1.224646799147E-16));
#11918 = CYLINDRICAL_SURFACE('',#11919,19.2);
#11919 = AXIS2_PLACEMENT_3D('',#11920,#11921,#11922);
#11920 = CARTESIAN_POINT('',(0.,0.,11.));
#11921 = DIRECTION('',(1.224646799147E-16,0.,-1.));
#11922 = DIRECTION('',(-1.,0.,-1.224646799147E-16));
#11923 = ADVANCED_FACE('',(#11924),#11952,.T.);
#11924 = FACE_BOUND('',#11925,.T.);
#11925 = EDGE_LOOP('',(#11926,#11927,#11936,#11951));
#11926 = ORIENTED_EDGE('',*,*,#11847,.F.);
#11927 = ORIENTED_EDGE('',*,*,#11928,.F.);
#11928 = EDGE_CURVE('',#11929,#11848,#11931,.T.);
#11929 = VERTEX_POINT('',#11930);
#11930 = CARTESIAN_POINT('',(18.736282025237,0.71710241304,5.5));
#11931 = CIRCLE('',#11932,3.95);
#11932 = AXIS2_PLACEMENT_3D('',#11933,#11934,#11935);
#11933 = CARTESIAN_POINT('',(17.4,-3.,5.5));
#11934 = DIRECTION('',(1.224646799147E-16,0.,-1.));
#11935 = DIRECTION('',(-1.,0.,-1.224646799147E-16));
#11936 = ORIENTED_EDGE('',*,*,#11937,.F.);
#11937 = EDGE_CURVE('',#4803,#11929,#11938,.T.);
#11938 = B_SPLINE_CURVE_WITH_KNOTS('',6,(#11939,#11940,#11941,#11942,
    #11943,#11944,#11945,#11946,#11947,#11948,#11949,#11950),
  .UNSPECIFIED.,.F.,.F.,(7,5,7),(0.,0.497063485564,1.),.UNSPECIFIED.);
#11939 = CARTESIAN_POINT('',(19.172503429925,1.027186560231,5.95));
#11940 = CARTESIAN_POINT('',(19.172503429925,1.027186560231,
    5.890846035257));
#11941 = CARTESIAN_POINT('',(19.163492689595,1.020957545542,
    5.831680976169));
#11942 = CARTESIAN_POINT('',(19.145464244567,1.008495068881,
    5.774439534514));
#11943 = CARTESIAN_POINT('',(19.118967343876,0.990127356271,
    5.721010946175));
#11944 = CARTESIAN_POINT('',(19.085007287194,0.96645207754,
    5.672993630787));
#11945 = CARTESIAN_POINT('',(19.004298907599,0.909779951759,
    5.589703707784));
#11946 = CARTESIAN_POINT('',(18.957393543226,0.876668671021,
    5.554577095534));
#11947 = CARTESIAN_POINT('',(18.905508691878,0.839777903251,
    5.527456343603));
#11948 = CARTESIAN_POINT('',(18.850248555851,0.800126815163,
    5.50914425577));
#11949 = CARTESIAN_POINT('',(18.79328491023,0.75883636898,5.499999922643
    ));
#11950 = CARTESIAN_POINT('',(18.736282025237,0.717102413042,5.5));
#11951 = ORIENTED_EDGE('',*,*,#4812,.T.);
#11952 = TOROIDAL_SURFACE('',#11953,3.95,0.45);
#11953 = AXIS2_PLACEMENT_3D('',#11954,#11955,#11956);
#11954 = CARTESIAN_POINT('',(17.4,-3.,5.95));
#11955 = DIRECTION('',(1.224646799147E-16,0.,-1.));
#11956 = DIRECTION('',(-1.,0.,-1.224646799147E-16));
#11957 = ADVANCED_FACE('',(#11958),#11987,.T.);
#11958 = FACE_BOUND('',#11959,.T.);
#11959 = EDGE_LOOP('',(#11960,#11961,#11962,#11971,#11980,#11986));
#11960 = ORIENTED_EDGE('',*,*,#5117,.T.);
#11961 = ORIENTED_EDGE('',*,*,#11902,.T.);
#11962 = ORIENTED_EDGE('',*,*,#11963,.F.);
#11963 = EDGE_CURVE('',#11964,#11903,#11966,.T.);
#11964 = VERTEX_POINT('',#11965);
#11965 = CARTESIAN_POINT('',(-21.8,-3.,5.95));
#11966 = CIRCLE('',#11967,4.4);
#11967 = AXIS2_PLACEMENT_3D('',#11968,#11969,#11970);
#11968 = CARTESIAN_POINT('',(-17.4,-3.,5.95));
#11969 = DIRECTION('',(1.224646799147E-16,0.,-1.));
#11970 = DIRECTION('',(-1.,0.,-1.224646799147E-16));
#11971 = ORIENTED_EDGE('',*,*,#11972,.F.);
#11972 = EDGE_CURVE('',#11973,#11964,#11975,.T.);
#11973 = VERTEX_POINT('',#11974);
#11974 = CARTESIAN_POINT('',(-17.72156893343,-7.38823351943,5.95));
#11975 = CIRCLE('',#11976,4.4);
#11976 = AXIS2_PLACEMENT_3D('',#11977,#11978,#11979);
#11977 = CARTESIAN_POINT('',(-17.4,-3.,5.95));
#11978 = DIRECTION('',(1.224646799147E-16,0.,-1.));
#11979 = DIRECTION('',(-1.,0.,-1.224646799147E-16));
#11980 = ORIENTED_EDGE('',*,*,#11981,.F.);
#11981 = EDGE_CURVE('',#5009,#11973,#11982,.T.);
#11982 = LINE('',#11983,#11984);
#11983 = CARTESIAN_POINT('',(-17.72156893343,-7.38823351943,11.));
#11984 = VECTOR('',#11985,1.);
#11985 = DIRECTION('',(1.224646799147E-16,0.,-1.));
#11986 = ORIENTED_EDGE('',*,*,#5025,.T.);
#11987 = CYLINDRICAL_SURFACE('',#11988,4.4);
#11988 = AXIS2_PLACEMENT_3D('',#11989,#11990,#11991);
#11989 = CARTESIAN_POINT('',(-17.4,-3.,11.));
#11990 = DIRECTION('',(1.224646799147E-16,0.,-1.));
#11991 = DIRECTION('',(-1.,0.,-1.224646799147E-16));
#11992 = ADVANCED_FACE('',(#11993),#12007,.F.);
#11993 = FACE_BOUND('',#11994,.F.);
#11994 = EDGE_LOOP('',(#11995,#11996,#11997,#11998,#11999,#12000,#12001,
    #12002,#12003,#12004,#12005,#12006));
#11995 = ORIENTED_EDGE('',*,*,#5079,.T.);
#11996 = ORIENTED_EDGE('',*,*,#5070,.T.);
#11997 = ORIENTED_EDGE('',*,*,#5141,.F.);
#11998 = ORIENTED_EDGE('',*,*,#5156,.T.);
#11999 = ORIENTED_EDGE('',*,*,#5181,.T.);
#12000 = ORIENTED_EDGE('',*,*,#5215,.F.);
#12001 = ORIENTED_EDGE('',*,*,#5247,.T.);
#12002 = ORIENTED_EDGE('',*,*,#5298,.F.);
#12003 = ORIENTED_EDGE('',*,*,#5339,.F.);
#12004 = ORIENTED_EDGE('',*,*,#5373,.T.);
#12005 = ORIENTED_EDGE('',*,*,#5406,.F.);
#12006 = ORIENTED_EDGE('',*,*,#5441,.T.);
#12007 = PLANE('',#12008);
#12008 = AXIS2_PLACEMENT_3D('',#12009,#12010,#12011);
#12009 = CARTESIAN_POINT('',(-15.82849643513,-4.843001083731E-02,10.6));
#12010 = DIRECTION('',(1.224646799147E-16,0.,-1.));
#12011 = DIRECTION('',(-1.,0.,-1.224646799147E-16));
#12012 = ADVANCED_FACE('',(#12013),#12032,.T.);
#12013 = FACE_BOUND('',#12014,.T.);
#12014 = EDGE_LOOP('',(#12015,#12016,#12017,#12026));
#12015 = ORIENTED_EDGE('',*,*,#5517,.T.);
#12016 = ORIENTED_EDGE('',*,*,#11981,.T.);
#12017 = ORIENTED_EDGE('',*,*,#12018,.F.);
#12018 = EDGE_CURVE('',#12019,#11973,#12021,.T.);
#12019 = VERTEX_POINT('',#12020);
#12020 = CARTESIAN_POINT('',(-16.682450177,-9.504517667492,5.95));
#12021 = CIRCLE('',#12022,19.2);
#12022 = AXIS2_PLACEMENT_3D('',#12023,#12024,#12025);
#12023 = CARTESIAN_POINT('',(6.184466335694E-16,0.,5.95));
#12024 = DIRECTION('',(1.224646799147E-16,0.,-1.));
#12025 = DIRECTION('',(-1.,0.,-1.224646799147E-16));
#12026 = ORIENTED_EDGE('',*,*,#12027,.F.);
#12027 = EDGE_CURVE('',#5496,#12019,#12028,.T.);
#12028 = LINE('',#12029,#12030);
#12029 = CARTESIAN_POINT('',(-16.682450177,-9.504517667492,11.));
#12030 = VECTOR('',#12031,1.);
#12031 = DIRECTION('',(1.224646799147E-16,0.,-1.));
#12032 = CYLINDRICAL_SURFACE('',#12033,19.2);
#12033 = AXIS2_PLACEMENT_3D('',#12034,#12035,#12036);
#12034 = CARTESIAN_POINT('',(0.,0.,11.));
#12035 = DIRECTION('',(1.224646799147E-16,0.,-1.));
#12036 = DIRECTION('',(-1.,0.,-1.224646799147E-16));
#12037 = ADVANCED_FACE('',(#12038),#12067,.T.);
#12038 = FACE_BOUND('',#12039,.T.);
#12039 = EDGE_LOOP('',(#12040,#12051,#12057,#12058,#12059,#12060));
#12040 = ORIENTED_EDGE('',*,*,#12041,.F.);
#12041 = EDGE_CURVE('',#12042,#12044,#12046,.T.);
#12042 = VERTEX_POINT('',#12043);
#12043 = CARTESIAN_POINT('',(-10.63108901539,-15.98811891208,5.95));
#12044 = VERTEX_POINT('',#12045);
#12045 = CARTESIAN_POINT('',(-19.8,-14.,5.95));
#12046 = CIRCLE('',#12047,4.8);
#12047 = AXIS2_PLACEMENT_3D('',#12048,#12049,#12050);
#12048 = CARTESIAN_POINT('',(-15.,-14.,5.95));
#12049 = DIRECTION('',(1.224646799147E-16,0.,-1.));
#12050 = DIRECTION('',(-1.,0.,-1.224646799147E-16));
#12051 = ORIENTED_EDGE('',*,*,#12052,.F.);
#12052 = EDGE_CURVE('',#5572,#12042,#12053,.T.);
#12053 = LINE('',#12054,#12055);
#12054 = CARTESIAN_POINT('',(-10.63108901539,-15.98811891208,11.));
#12055 = VECTOR('',#12056,1.);
#12056 = DIRECTION('',(1.224646799147E-16,0.,-1.));
#12057 = ORIENTED_EDGE('',*,*,#5571,.T.);
#12058 = ORIENTED_EDGE('',*,*,#5543,.T.);
#12059 = ORIENTED_EDGE('',*,*,#12027,.T.);
#12060 = ORIENTED_EDGE('',*,*,#12061,.F.);
#12061 = EDGE_CURVE('',#12044,#12019,#12062,.T.);
#12062 = CIRCLE('',#12063,4.8);
#12063 = AXIS2_PLACEMENT_3D('',#12064,#12065,#12066);
#12064 = CARTESIAN_POINT('',(-15.,-14.,5.95));
#12065 = DIRECTION('',(1.224646799147E-16,0.,-1.));
#12066 = DIRECTION('',(-1.,0.,-1.224646799147E-16));
#12067 = CYLINDRICAL_SURFACE('',#12068,4.8);
#12068 = AXIS2_PLACEMENT_3D('',#12069,#12070,#12071);
#12069 = CARTESIAN_POINT('',(-15.,-14.,11.));
#12070 = DIRECTION('',(1.224646799147E-16,0.,-1.));
#12071 = DIRECTION('',(-1.,0.,-1.224646799147E-16));
#12072 = ADVANCED_FACE('',(#12073),#12085,.T.);
#12073 = FACE_BOUND('',#12074,.T.);
#12074 = EDGE_LOOP('',(#12075,#12076,#12077,#12084));
#12075 = ORIENTED_EDGE('',*,*,#5610,.T.);
#12076 = ORIENTED_EDGE('',*,*,#12052,.T.);
#12077 = ORIENTED_EDGE('',*,*,#12078,.F.);
#12078 = EDGE_CURVE('',#11825,#12042,#12079,.T.);
#12079 = CIRCLE('',#12080,19.2);
#12080 = AXIS2_PLACEMENT_3D('',#12081,#12082,#12083);
#12081 = CARTESIAN_POINT('',(6.184466335694E-16,0.,5.95));
#12082 = DIRECTION('',(1.224646799147E-16,0.,-1.));
#12083 = DIRECTION('',(-1.,0.,-1.224646799147E-16));
#12084 = ORIENTED_EDGE('',*,*,#11824,.F.);
#12085 = CYLINDRICAL_SURFACE('',#12086,19.2);
#12086 = AXIS2_PLACEMENT_3D('',#12087,#12088,#12089);
#12087 = CARTESIAN_POINT('',(0.,0.,11.));
#12088 = DIRECTION('',(1.224646799147E-16,0.,-1.));
#12089 = DIRECTION('',(-1.,0.,-1.224646799147E-16));
#12090 = ADVANCED_FACE('',(#12091,#12094),#12105,.F.);
#12091 = FACE_BOUND('',#12092,.F.);
#12092 = EDGE_LOOP('',(#12093));
#12093 = ORIENTED_EDGE('',*,*,#5636,.T.);
#12094 = FACE_BOUND('',#12095,.F.);
#12095 = EDGE_LOOP('',(#12096));
#12096 = ORIENTED_EDGE('',*,*,#12097,.F.);
#12097 = EDGE_CURVE('',#12098,#12098,#12100,.T.);
#12098 = VERTEX_POINT('',#12099);
#12099 = CARTESIAN_POINT('',(-16.7,-14.,8.6));
#12100 = CIRCLE('',#12101,1.7);
#12101 = AXIS2_PLACEMENT_3D('',#12102,#12103,#12104);
#12102 = CARTESIAN_POINT('',(-15.,-14.,8.6));
#12103 = DIRECTION('',(1.224646799147E-16,0.,-1.));
#12104 = DIRECTION('',(-1.,0.,-1.224646799147E-16));
#12105 = PLANE('',#12106);
#12106 = AXIS2_PLACEMENT_3D('',#12107,#12108,#12109);
#12107 = CARTESIAN_POINT('',(-15.,-14.,8.6));
#12108 = DIRECTION('',(1.224646799147E-16,0.,-1.));
#12109 = DIRECTION('',(-1.,0.,-1.224646799147E-16));
#12110 = ADVANCED_FACE('',(#12111,#12114),#12125,.F.);
#12111 = FACE_BOUND('',#12112,.F.);
#12112 = EDGE_LOOP('',(#12113));
#12113 = ORIENTED_EDGE('',*,*,#5661,.T.);
#12114 = FACE_BOUND('',#12115,.F.);
#12115 = EDGE_LOOP('',(#12116));
#12116 = ORIENTED_EDGE('',*,*,#12117,.F.);
#12117 = EDGE_CURVE('',#12118,#12118,#12120,.T.);
#12118 = VERTEX_POINT('',#12119);
#12119 = CARTESIAN_POINT('',(13.3,-14.,8.6));
#12120 = CIRCLE('',#12121,1.7);
#12121 = AXIS2_PLACEMENT_3D('',#12122,#12123,#12124);
#12122 = CARTESIAN_POINT('',(15.,-14.,8.6));
#12123 = DIRECTION('',(1.224646799147E-16,0.,-1.));
#12124 = DIRECTION('',(-1.,0.,-1.224646799147E-16));
#12125 = PLANE('',#12126);
#12126 = AXIS2_PLACEMENT_3D('',#12127,#12128,#12129);
#12127 = CARTESIAN_POINT('',(15.,-14.,8.6));
#12128 = DIRECTION('',(1.224646799147E-16,0.,-1.));
#12129 = DIRECTION('',(-1.,0.,-1.224646799147E-16));
#12130 = ADVANCED_FACE('',(#12131,#12142,#12208,#12274),#12340,.T.);
#12131 = FACE_BOUND('',#12132,.T.);
#12132 = EDGE_LOOP('',(#12133));
#12133 = ORIENTED_EDGE('',*,*,#12134,.T.);
#12134 = EDGE_CURVE('',#12135,#12135,#12137,.T.);
#12135 = VERTEX_POINT('',#12136);
#12136 = CARTESIAN_POINT('',(-16.25,-3.980102097229E-15,9.8));
#12137 = CIRCLE('',#12138,16.25);
#12138 = AXIS2_PLACEMENT_3D('',#12139,#12140,#12141);
#12139 = CARTESIAN_POINT('',(1.469576158977E-16,0.,9.8));
#12140 = DIRECTION('',(1.224646799147E-16,0.,-1.));
#12141 = DIRECTION('',(-1.,0.,-1.224646799147E-16));
#12142 = FACE_BOUND('',#12143,.T.);
#12143 = EDGE_LOOP('',(#12144,#12145,#12146,#12147,#12148,#12149,#12150,
    #12151,#12152,#12153,#12154,#12155,#12156,#12157,#12158,#12159,
    #12160,#12161,#12162,#12163,#12164,#12165,#12166,#12167,#12168,
    #12169,#12170,#12171,#12172,#12173,#12174,#12175,#12176,#12177,
    #12178,#12179,#12180,#12181,#12182,#12183,#12184,#12185,#12186,
    #12187,#12188,#12189,#12190,#12191,#12192,#12193,#12194,#12195,
    #12196,#12197,#12198,#12199,#12200,#12201,#12202,#12203,#12204,
    #12205,#12206,#12207));
#12144 = ORIENTED_EDGE('',*,*,#5783,.T.);
#12145 = ORIENTED_EDGE('',*,*,#5735,.T.);
#12146 = ORIENTED_EDGE('',*,*,#5687,.T.);
#12147 = ORIENTED_EDGE('',*,*,#5718,.T.);
#12148 = ORIENTED_EDGE('',*,*,#5766,.T.);
#12149 = ORIENTED_EDGE('',*,*,#5814,.T.);
#12150 = ORIENTED_EDGE('',*,*,#5862,.T.);
#12151 = ORIENTED_EDGE('',*,*,#5910,.T.);
#12152 = ORIENTED_EDGE('',*,*,#5958,.T.);
#12153 = ORIENTED_EDGE('',*,*,#6006,.T.);
#12154 = ORIENTED_EDGE('',*,*,#6054,.T.);
#12155 = ORIENTED_EDGE('',*,*,#6102,.T.);
#12156 = ORIENTED_EDGE('',*,*,#6150,.T.);
#12157 = ORIENTED_EDGE('',*,*,#6198,.T.);
#12158 = ORIENTED_EDGE('',*,*,#6246,.T.);
#12159 = ORIENTED_EDGE('',*,*,#6294,.T.);
#12160 = ORIENTED_EDGE('',*,*,#6342,.T.);
#12161 = ORIENTED_EDGE('',*,*,#6390,.T.);
#12162 = ORIENTED_EDGE('',*,*,#6438,.T.);
#12163 = ORIENTED_EDGE('',*,*,#6486,.T.);
#12164 = ORIENTED_EDGE('',*,*,#6534,.T.);
#12165 = ORIENTED_EDGE('',*,*,#6582,.T.);
#12166 = ORIENTED_EDGE('',*,*,#6630,.T.);
#12167 = ORIENTED_EDGE('',*,*,#6678,.T.);
#12168 = ORIENTED_EDGE('',*,*,#6726,.T.);
#12169 = ORIENTED_EDGE('',*,*,#6774,.T.);
#12170 = ORIENTED_EDGE('',*,*,#6822,.T.);
#12171 = ORIENTED_EDGE('',*,*,#6870,.T.);
#12172 = ORIENTED_EDGE('',*,*,#6918,.T.);
#12173 = ORIENTED_EDGE('',*,*,#6966,.T.);
#12174 = ORIENTED_EDGE('',*,*,#7014,.T.);
#12175 = ORIENTED_EDGE('',*,*,#7062,.T.);
#12176 = ORIENTED_EDGE('',*,*,#7110,.T.);
#12177 = ORIENTED_EDGE('',*,*,#7158,.T.);
#12178 = ORIENTED_EDGE('',*,*,#7199,.T.);
#12179 = ORIENTED_EDGE('',*,*,#7175,.T.);
#12180 = ORIENTED_EDGE('',*,*,#7127,.T.);
#12181 = ORIENTED_EDGE('',*,*,#7079,.T.);
#12182 = ORIENTED_EDGE('',*,*,#7031,.T.);
#12183 = ORIENTED_EDGE('',*,*,#6983,.T.);
#12184 = ORIENTED_EDGE('',*,*,#6935,.T.);
#12185 = ORIENTED_EDGE('',*,*,#6887,.T.);
#12186 = ORIENTED_EDGE('',*,*,#6839,.T.);
#12187 = ORIENTED_EDGE('',*,*,#6791,.T.);
#12188 = ORIENTED_EDGE('',*,*,#6743,.T.);
#12189 = ORIENTED_EDGE('',*,*,#6695,.T.);
#12190 = ORIENTED_EDGE('',*,*,#6647,.T.);
#12191 = ORIENTED_EDGE('',*,*,#6599,.T.);
#12192 = ORIENTED_EDGE('',*,*,#6551,.T.);
#12193 = ORIENTED_EDGE('',*,*,#6503,.T.);
#12194 = ORIENTED_EDGE('',*,*,#6455,.T.);
#12195 = ORIENTED_EDGE('',*,*,#6407,.T.);
#12196 = ORIENTED_EDGE('',*,*,#6359,.T.);
#12197 = ORIENTED_EDGE('',*,*,#6311,.T.);
#12198 = ORIENTED_EDGE('',*,*,#6263,.T.);
#12199 = ORIENTED_EDGE('',*,*,#6215,.T.);
#12200 = ORIENTED_EDGE('',*,*,#6167,.T.);
#12201 = ORIENTED_EDGE('',*,*,#6119,.T.);
#12202 = ORIENTED_EDGE('',*,*,#6071,.T.);
#12203 = ORIENTED_EDGE('',*,*,#6023,.T.);
#12204 = ORIENTED_EDGE('',*,*,#5975,.T.);
#12205 = ORIENTED_EDGE('',*,*,#5927,.T.);
#12206 = ORIENTED_EDGE('',*,*,#5879,.T.);
#12207 = ORIENTED_EDGE('',*,*,#5831,.T.);
#12208 = FACE_BOUND('',#12209,.T.);
#12209 = EDGE_LOOP('',(#12210,#12211,#12212,#12213,#12214,#12215,#12216,
    #12217,#12218,#12219,#12220,#12221,#12222,#12223,#12224,#12225,
    #12226,#12227,#12228,#12229,#12230,#12231,#12232,#12233,#12234,
    #12235,#12236,#12237,#12238,#12239,#12240,#12241,#12242,#12243,
    #12244,#12245,#12246,#12247,#12248,#12249,#12250,#12251,#12252,
    #12253,#12254,#12255,#12256,#12257,#12258,#12259,#12260,#12261,
    #12262,#12263,#12264,#12265,#12266,#12267,#12268,#12269,#12270,
    #12271,#12272,#12273));
#12210 = ORIENTED_EDGE('',*,*,#8855,.T.);
#12211 = ORIENTED_EDGE('',*,*,#8807,.T.);
#12212 = ORIENTED_EDGE('',*,*,#8759,.T.);
#12213 = ORIENTED_EDGE('',*,*,#8790,.T.);
#12214 = ORIENTED_EDGE('',*,*,#8838,.T.);
#12215 = ORIENTED_EDGE('',*,*,#8886,.T.);
#12216 = ORIENTED_EDGE('',*,*,#8934,.T.);
#12217 = ORIENTED_EDGE('',*,*,#8982,.T.);
#12218 = ORIENTED_EDGE('',*,*,#9030,.T.);
#12219 = ORIENTED_EDGE('',*,*,#9078,.T.);
#12220 = ORIENTED_EDGE('',*,*,#9126,.T.);
#12221 = ORIENTED_EDGE('',*,*,#9174,.T.);
#12222 = ORIENTED_EDGE('',*,*,#9222,.T.);
#12223 = ORIENTED_EDGE('',*,*,#9270,.T.);
#12224 = ORIENTED_EDGE('',*,*,#9318,.T.);
#12225 = ORIENTED_EDGE('',*,*,#9366,.T.);
#12226 = ORIENTED_EDGE('',*,*,#9414,.T.);
#12227 = ORIENTED_EDGE('',*,*,#9462,.T.);
#12228 = ORIENTED_EDGE('',*,*,#9510,.T.);
#12229 = ORIENTED_EDGE('',*,*,#9558,.T.);
#12230 = ORIENTED_EDGE('',*,*,#9606,.T.);
#12231 = ORIENTED_EDGE('',*,*,#9654,.T.);
#12232 = ORIENTED_EDGE('',*,*,#9702,.T.);
#12233 = ORIENTED_EDGE('',*,*,#9750,.T.);
#12234 = ORIENTED_EDGE('',*,*,#9798,.T.);
#12235 = ORIENTED_EDGE('',*,*,#9846,.T.);
#12236 = ORIENTED_EDGE('',*,*,#9894,.T.);
#12237 = ORIENTED_EDGE('',*,*,#9942,.T.);
#12238 = ORIENTED_EDGE('',*,*,#9990,.T.);
#12239 = ORIENTED_EDGE('',*,*,#10038,.T.);
#12240 = ORIENTED_EDGE('',*,*,#10086,.T.);
#12241 = ORIENTED_EDGE('',*,*,#10134,.T.);
#12242 = ORIENTED_EDGE('',*,*,#10182,.T.);
#12243 = ORIENTED_EDGE('',*,*,#10230,.T.);
#12244 = ORIENTED_EDGE('',*,*,#10271,.T.);
#12245 = ORIENTED_EDGE('',*,*,#10247,.T.);
#12246 = ORIENTED_EDGE('',*,*,#10199,.T.);
#12247 = ORIENTED_EDGE('',*,*,#10151,.T.);
#12248 = ORIENTED_EDGE('',*,*,#10103,.T.);
#12249 = ORIENTED_EDGE('',*,*,#10055,.T.);
#12250 = ORIENTED_EDGE('',*,*,#10007,.T.);
#12251 = ORIENTED_EDGE('',*,*,#9959,.T.);
#12252 = ORIENTED_EDGE('',*,*,#9911,.T.);
#12253 = ORIENTED_EDGE('',*,*,#9863,.T.);
#12254 = ORIENTED_EDGE('',*,*,#9815,.T.);
#12255 = ORIENTED_EDGE('',*,*,#9767,.T.);
#12256 = ORIENTED_EDGE('',*,*,#9719,.T.);
#12257 = ORIENTED_EDGE('',*,*,#9671,.T.);
#12258 = ORIENTED_EDGE('',*,*,#9623,.T.);
#12259 = ORIENTED_EDGE('',*,*,#9575,.T.);
#12260 = ORIENTED_EDGE('',*,*,#9527,.T.);
#12261 = ORIENTED_EDGE('',*,*,#9479,.T.);
#12262 = ORIENTED_EDGE('',*,*,#9431,.T.);
#12263 = ORIENTED_EDGE('',*,*,#9383,.T.);
#12264 = ORIENTED_EDGE('',*,*,#9335,.T.);
#12265 = ORIENTED_EDGE('',*,*,#9287,.T.);
#12266 = ORIENTED_EDGE('',*,*,#9239,.T.);
#12267 = ORIENTED_EDGE('',*,*,#9191,.T.);
#12268 = ORIENTED_EDGE('',*,*,#9143,.T.);
#12269 = ORIENTED_EDGE('',*,*,#9095,.T.);
#12270 = ORIENTED_EDGE('',*,*,#9047,.T.);
#12271 = ORIENTED_EDGE('',*,*,#8999,.T.);
#12272 = ORIENTED_EDGE('',*,*,#8951,.T.);
#12273 = ORIENTED_EDGE('',*,*,#8903,.T.);
#12274 = FACE_BOUND('',#12275,.T.);
#12275 = EDGE_LOOP('',(#12276,#12277,#12278,#12279,#12280,#12281,#12282,
    #12283,#12284,#12285,#12286,#12287,#12288,#12289,#12290,#12291,
    #12292,#12293,#12294,#12295,#12296,#12297,#12298,#12299,#12300,
    #12301,#12302,#12303,#12304,#12305,#12306,#12307,#12308,#12309,
    #12310,#12311,#12312,#12313,#12314,#12315,#12316,#12317,#12318,
    #12319,#12320,#12321,#12322,#12323,#12324,#12325,#12326,#12327,
    #12328,#12329,#12330,#12331,#12332,#12333,#12334,#12335,#12336,
    #12337,#12338,#12339));
#12276 = ORIENTED_EDGE('',*,*,#7319,.T.);
#12277 = ORIENTED_EDGE('',*,*,#7271,.T.);
#12278 = ORIENTED_EDGE('',*,*,#7223,.T.);
#12279 = ORIENTED_EDGE('',*,*,#7254,.T.);
#12280 = ORIENTED_EDGE('',*,*,#7302,.T.);
#12281 = ORIENTED_EDGE('',*,*,#7350,.T.);
#12282 = ORIENTED_EDGE('',*,*,#7398,.T.);
#12283 = ORIENTED_EDGE('',*,*,#7446,.T.);
#12284 = ORIENTED_EDGE('',*,*,#7494,.T.);
#12285 = ORIENTED_EDGE('',*,*,#7542,.T.);
#12286 = ORIENTED_EDGE('',*,*,#7590,.T.);
#12287 = ORIENTED_EDGE('',*,*,#7638,.T.);
#12288 = ORIENTED_EDGE('',*,*,#7686,.T.);
#12289 = ORIENTED_EDGE('',*,*,#7734,.T.);
#12290 = ORIENTED_EDGE('',*,*,#7782,.T.);
#12291 = ORIENTED_EDGE('',*,*,#7830,.T.);
#12292 = ORIENTED_EDGE('',*,*,#7878,.T.);
#12293 = ORIENTED_EDGE('',*,*,#7926,.T.);
#12294 = ORIENTED_EDGE('',*,*,#7974,.T.);
#12295 = ORIENTED_EDGE('',*,*,#8022,.T.);
#12296 = ORIENTED_EDGE('',*,*,#8070,.T.);
#12297 = ORIENTED_EDGE('',*,*,#8118,.T.);
#12298 = ORIENTED_EDGE('',*,*,#8166,.T.);
#12299 = ORIENTED_EDGE('',*,*,#8214,.T.);
#12300 = ORIENTED_EDGE('',*,*,#8262,.T.);
#12301 = ORIENTED_EDGE('',*,*,#8310,.T.);
#12302 = ORIENTED_EDGE('',*,*,#8358,.T.);
#12303 = ORIENTED_EDGE('',*,*,#8406,.T.);
#12304 = ORIENTED_EDGE('',*,*,#8454,.T.);
#12305 = ORIENTED_EDGE('',*,*,#8502,.T.);
#12306 = ORIENTED_EDGE('',*,*,#8550,.T.);
#12307 = ORIENTED_EDGE('',*,*,#8598,.T.);
#12308 = ORIENTED_EDGE('',*,*,#8646,.T.);
#12309 = ORIENTED_EDGE('',*,*,#8694,.T.);
#12310 = ORIENTED_EDGE('',*,*,#8735,.T.);
#12311 = ORIENTED_EDGE('',*,*,#8711,.T.);
#12312 = ORIENTED_EDGE('',*,*,#8663,.T.);
#12313 = ORIENTED_EDGE('',*,*,#8615,.T.);
#12314 = ORIENTED_EDGE('',*,*,#8567,.T.);
#12315 = ORIENTED_EDGE('',*,*,#8519,.T.);
#12316 = ORIENTED_EDGE('',*,*,#8471,.T.);
#12317 = ORIENTED_EDGE('',*,*,#8423,.T.);
#12318 = ORIENTED_EDGE('',*,*,#8375,.T.);
#12319 = ORIENTED_EDGE('',*,*,#8327,.T.);
#12320 = ORIENTED_EDGE('',*,*,#8279,.T.);
#12321 = ORIENTED_EDGE('',*,*,#8231,.T.);
#12322 = ORIENTED_EDGE('',*,*,#8183,.T.);
#12323 = ORIENTED_EDGE('',*,*,#8135,.T.);
#12324 = ORIENTED_EDGE('',*,*,#8087,.T.);
#12325 = ORIENTED_EDGE('',*,*,#8039,.T.);
#12326 = ORIENTED_EDGE('',*,*,#7991,.T.);
#12327 = ORIENTED_EDGE('',*,*,#7943,.T.);
#12328 = ORIENTED_EDGE('',*,*,#7895,.T.);
#12329 = ORIENTED_EDGE('',*,*,#7847,.T.);
#12330 = ORIENTED_EDGE('',*,*,#7799,.T.);
#12331 = ORIENTED_EDGE('',*,*,#7751,.T.);
#12332 = ORIENTED_EDGE('',*,*,#7703,.T.);
#12333 = ORIENTED_EDGE('',*,*,#7655,.T.);
#12334 = ORIENTED_EDGE('',*,*,#7607,.T.);
#12335 = ORIENTED_EDGE('',*,*,#7559,.T.);
#12336 = ORIENTED_EDGE('',*,*,#7511,.T.);
#12337 = ORIENTED_EDGE('',*,*,#7463,.T.);
#12338 = ORIENTED_EDGE('',*,*,#7415,.T.);
#12339 = ORIENTED_EDGE('',*,*,#7367,.T.);
#12340 = PLANE('',#12341);
#12341 = AXIS2_PLACEMENT_3D('',#12342,#12343,#12344);
#12342 = CARTESIAN_POINT('',(1.469576158977E-16,0.,9.8));
#12343 = DIRECTION('',(1.224646799147E-16,0.,-1.));
#12344 = DIRECTION('',(-1.,0.,-1.224646799147E-16));
#12345 = ADVANCED_FACE('',(#12346),#12412,.F.);
#12346 = FACE_BOUND('',#12347,.F.);
#12347 = EDGE_LOOP('',(#12348,#12349,#12350,#12351,#12352,#12353,#12354,
    #12355,#12356,#12357,#12358,#12359,#12360,#12361,#12362,#12363,
    #12364,#12365,#12366,#12367,#12368,#12369,#12370,#12371,#12372,
    #12373,#12374,#12375,#12376,#12377,#12378,#12379,#12380,#12381,
    #12382,#12383,#12384,#12385,#12386,#12387,#12388,#12389,#12390,
    #12391,#12392,#12393,#12394,#12395,#12396,#12397,#12398,#12399,
    #12400,#12401,#12402,#12403,#12404,#12405,#12406,#12407,#12408,
    #12409,#12410,#12411));
#12348 = ORIENTED_EDGE('',*,*,#11806,.T.);
#12349 = ORIENTED_EDGE('',*,*,#11789,.T.);
#12350 = ORIENTED_EDGE('',*,*,#11765,.T.);
#12351 = ORIENTED_EDGE('',*,*,#11741,.T.);
#12352 = ORIENTED_EDGE('',*,*,#11717,.T.);
#12353 = ORIENTED_EDGE('',*,*,#11693,.T.);
#12354 = ORIENTED_EDGE('',*,*,#11669,.T.);
#12355 = ORIENTED_EDGE('',*,*,#11645,.T.);
#12356 = ORIENTED_EDGE('',*,*,#11621,.T.);
#12357 = ORIENTED_EDGE('',*,*,#11597,.T.);
#12358 = ORIENTED_EDGE('',*,*,#11573,.T.);
#12359 = ORIENTED_EDGE('',*,*,#11549,.T.);
#12360 = ORIENTED_EDGE('',*,*,#11525,.T.);
#12361 = ORIENTED_EDGE('',*,*,#11501,.T.);
#12362 = ORIENTED_EDGE('',*,*,#11477,.T.);
#12363 = ORIENTED_EDGE('',*,*,#11453,.T.);
#12364 = ORIENTED_EDGE('',*,*,#11429,.T.);
#12365 = ORIENTED_EDGE('',*,*,#11405,.T.);
#12366 = ORIENTED_EDGE('',*,*,#11381,.T.);
#12367 = ORIENTED_EDGE('',*,*,#11357,.T.);
#12368 = ORIENTED_EDGE('',*,*,#11333,.T.);
#12369 = ORIENTED_EDGE('',*,*,#11309,.T.);
#12370 = ORIENTED_EDGE('',*,*,#11285,.T.);
#12371 = ORIENTED_EDGE('',*,*,#11261,.T.);
#12372 = ORIENTED_EDGE('',*,*,#11237,.T.);
#12373 = ORIENTED_EDGE('',*,*,#11213,.T.);
#12374 = ORIENTED_EDGE('',*,*,#11189,.T.);
#12375 = ORIENTED_EDGE('',*,*,#11165,.T.);
#12376 = ORIENTED_EDGE('',*,*,#11141,.T.);
#12377 = ORIENTED_EDGE('',*,*,#11117,.T.);
#12378 = ORIENTED_EDGE('',*,*,#11093,.T.);
#12379 = ORIENTED_EDGE('',*,*,#11069,.T.);
#12380 = ORIENTED_EDGE('',*,*,#11045,.T.);
#12381 = ORIENTED_EDGE('',*,*,#11021,.T.);
#12382 = ORIENTED_EDGE('',*,*,#10997,.T.);
#12383 = ORIENTED_EDGE('',*,*,#10973,.T.);
#12384 = ORIENTED_EDGE('',*,*,#10949,.T.);
#12385 = ORIENTED_EDGE('',*,*,#10925,.T.);
#12386 = ORIENTED_EDGE('',*,*,#10901,.T.);
#12387 = ORIENTED_EDGE('',*,*,#10877,.T.);
#12388 = ORIENTED_EDGE('',*,*,#10853,.T.);
#12389 = ORIENTED_EDGE('',*,*,#10829,.T.);
#12390 = ORIENTED_EDGE('',*,*,#10805,.T.);
#12391 = ORIENTED_EDGE('',*,*,#10781,.T.);
#12392 = ORIENTED_EDGE('',*,*,#10757,.T.);
#12393 = ORIENTED_EDGE('',*,*,#10733,.T.);
#12394 = ORIENTED_EDGE('',*,*,#10709,.T.);
#12395 = ORIENTED_EDGE('',*,*,#10685,.T.);
#12396 = ORIENTED_EDGE('',*,*,#10661,.T.);
#12397 = ORIENTED_EDGE('',*,*,#10637,.T.);
#12398 = ORIENTED_EDGE('',*,*,#10613,.T.);
#12399 = ORIENTED_EDGE('',*,*,#10589,.T.);
#12400 = ORIENTED_EDGE('',*,*,#10565,.T.);
#12401 = ORIENTED_EDGE('',*,*,#10541,.T.);
#12402 = ORIENTED_EDGE('',*,*,#10517,.T.);
#12403 = ORIENTED_EDGE('',*,*,#10493,.T.);
#12404 = ORIENTED_EDGE('',*,*,#10469,.T.);
#12405 = ORIENTED_EDGE('',*,*,#10445,.T.);
#12406 = ORIENTED_EDGE('',*,*,#10421,.T.);
#12407 = ORIENTED_EDGE('',*,*,#10397,.T.);
#12408 = ORIENTED_EDGE('',*,*,#10373,.T.);
#12409 = ORIENTED_EDGE('',*,*,#10349,.T.);
#12410 = ORIENTED_EDGE('',*,*,#10325,.T.);
#12411 = ORIENTED_EDGE('',*,*,#10294,.T.);
#12412 = PLANE('',#12413);
#12413 = AXIS2_PLACEMENT_3D('',#12414,#12415,#12416);
#12414 = CARTESIAN_POINT('',(-2.135659284811E-16,12.4,10.6));
#12415 = DIRECTION('',(1.224646799147E-16,0.,-1.));
#12416 = DIRECTION('',(-1.,0.,-1.224646799147E-16));
#12417 = ADVANCED_FACE('',(#12418),#12451,.T.);
#12418 = FACE_BOUND('',#12419,.T.);
#12419 = EDGE_LOOP('',(#12420,#12442,#12449,#12450));
#12420 = ORIENTED_EDGE('',*,*,#12421,.F.);
#12421 = EDGE_CURVE('',#12422,#11825,#12424,.T.);
#12422 = VERTEX_POINT('',#12423);
#12423 = CARTESIAN_POINT('',(10.846924193327,-15.29400979286,5.5));
#12424 = B_SPLINE_CURVE_WITH_KNOTS('',6,(#12425,#12426,#12427,#12428,
    #12429,#12430,#12431,#12432,#12433,#12434,#12435,#12436,#12437,
    #12438,#12439,#12440,#12441),.UNSPECIFIED.,.F.,.F.,(7,5,5,7),(0.,
    0.437014864864,0.720682026342,1.),.UNSPECIFIED.);
#12425 = CARTESIAN_POINT('',(10.846924193313,-15.29400979287,5.5));
#12426 = CARTESIAN_POINT('',(10.820141579498,-15.37325217999,
    5.499999969141));
#12427 = CARTESIAN_POINT('',(10.794250026091,-15.45173156151,
    5.506440147588));
#12428 = CARTESIAN_POINT('',(10.769663697802,-15.52807812868,
    5.519411189074));
#12429 = CARTESIAN_POINT('',(10.746738413012,-15.60089663298,
    5.5389125987));
#12430 = CARTESIAN_POINT('',(10.725806045494,-15.66869643846,
    5.56474552645));
#12431 = CARTESIAN_POINT('',(10.695067358526,-15.7698443527,
    5.616947009822));
#12432 = CARTESIAN_POINT('',(10.683934552079,-15.80693254006,
    5.639946324358));
#12433 = CARTESIAN_POINT('',(10.673850805367,-15.84089836501,
    5.665257563931));
#12434 = CARTESIAN_POINT('',(10.664893149197,-15.8713512808,
    5.692681301098));
#12435 = CARTESIAN_POINT('',(10.657129290084,-15.89793691428,
    5.721955898005));
#12436 = CARTESIAN_POINT('',(10.644198776451,-15.94245119917,
    5.783080548661));
#12437 = CARTESIAN_POINT('',(10.638993541701,-15.9605086156,
    5.814886971303));
#12438 = CARTESIAN_POINT('',(10.635051281976,-15.97425936363,
    5.847860979933));
#12439 = CARTESIAN_POINT('',(10.632409744132,-15.98349958638,
    5.881637606089));
#12440 = CARTESIAN_POINT('',(10.631089015392,-15.98811891208,
    5.915820015747));
#12441 = CARTESIAN_POINT('',(10.631089015392,-15.98811891208,5.95));
#12442 = ORIENTED_EDGE('',*,*,#12443,.F.);
#12443 = EDGE_CURVE('',#11866,#12422,#12444,.T.);
#12444 = CIRCLE('',#12445,4.35);
#12445 = AXIS2_PLACEMENT_3D('',#12446,#12447,#12448);
#12446 = CARTESIAN_POINT('',(15.,-14.,5.5));
#12447 = DIRECTION('',(1.224646799147E-16,0.,-1.));
#12448 = DIRECTION('',(-1.,0.,-1.224646799147E-16));
#12449 = ORIENTED_EDGE('',*,*,#11865,.F.);
#12450 = ORIENTED_EDGE('',*,*,#11832,.T.);
#12451 = TOROIDAL_SURFACE('',#12452,4.35,0.45);
#12452 = AXIS2_PLACEMENT_3D('',#12453,#12454,#12455);
#12453 = CARTESIAN_POINT('',(15.,-14.,5.95));
#12454 = DIRECTION('',(1.224646799147E-16,0.,-1.));
#12455 = DIRECTION('',(-1.,0.,-1.224646799147E-16));
#12456 = ADVANCED_FACE('',(#12457,#12523,#12534,#12545),#12556,.T.);
#12457 = FACE_BOUND('',#12458,.T.);
#12458 = EDGE_LOOP('',(#12459,#12470,#12479,#12486,#12487,#12488,#12489,
    #12498,#12507,#12516));
#12459 = ORIENTED_EDGE('',*,*,#12460,.T.);
#12460 = EDGE_CURVE('',#12461,#12463,#12465,.T.);
#12461 = VERTEX_POINT('',#12462);
#12462 = CARTESIAN_POINT('',(-17.41437232426,-6.949973852609,5.5));
#12463 = VERTEX_POINT('',#12464);
#12464 = CARTESIAN_POINT('',(-21.35,-3.,5.5));
#12465 = CIRCLE('',#12466,3.95);
#12466 = AXIS2_PLACEMENT_3D('',#12467,#12468,#12469);
#12467 = CARTESIAN_POINT('',(-17.4,-3.,5.5));
#12468 = DIRECTION('',(1.224646799147E-16,0.,-1.));
#12469 = DIRECTION('',(-1.,0.,-1.224646799147E-16));
#12470 = ORIENTED_EDGE('',*,*,#12471,.T.);
#12471 = EDGE_CURVE('',#12463,#12472,#12474,.T.);
#12472 = VERTEX_POINT('',#12473);
#12473 = CARTESIAN_POINT('',(-18.73628202523,0.71710241304,5.5));
#12474 = CIRCLE('',#12475,3.95);
#12475 = AXIS2_PLACEMENT_3D('',#12476,#12477,#12478);
#12476 = CARTESIAN_POINT('',(-17.4,-3.,5.5));
#12477 = DIRECTION('',(1.224646799147E-16,0.,-1.));
#12478 = DIRECTION('',(-1.,0.,-1.224646799147E-16));
#12479 = ORIENTED_EDGE('',*,*,#12480,.T.);
#12480 = EDGE_CURVE('',#12472,#11929,#12481,.T.);
#12481 = CIRCLE('',#12482,18.75);
#12482 = AXIS2_PLACEMENT_3D('',#12483,#12484,#12485);
#12483 = CARTESIAN_POINT('',(6.73555739531E-16,0.,5.5));
#12484 = DIRECTION('',(1.224646799147E-16,0.,-1.));
#12485 = DIRECTION('',(-1.,0.,-1.224646799147E-16));
#12486 = ORIENTED_EDGE('',*,*,#11928,.T.);
#12487 = ORIENTED_EDGE('',*,*,#11887,.T.);
#12488 = ORIENTED_EDGE('',*,*,#12443,.T.);
#12489 = ORIENTED_EDGE('',*,*,#12490,.T.);
#12490 = EDGE_CURVE('',#12422,#12491,#12493,.T.);
#12491 = VERTEX_POINT('',#12492);
#12492 = CARTESIAN_POINT('',(-10.84692419332,-15.29400979286,5.5));
#12493 = CIRCLE('',#12494,18.75);
#12494 = AXIS2_PLACEMENT_3D('',#12495,#12496,#12497);
#12495 = CARTESIAN_POINT('',(6.73555739531E-16,0.,5.5));
#12496 = DIRECTION('',(1.224646799147E-16,0.,-1.));
#12497 = DIRECTION('',(-1.,0.,-1.224646799147E-16));
#12498 = ORIENTED_EDGE('',*,*,#12499,.T.);
#12499 = EDGE_CURVE('',#12491,#12500,#12502,.T.);
#12500 = VERTEX_POINT('',#12501);
#12501 = CARTESIAN_POINT('',(-19.35,-14.,5.5));
#12502 = CIRCLE('',#12503,4.35);
#12503 = AXIS2_PLACEMENT_3D('',#12504,#12505,#12506);
#12504 = CARTESIAN_POINT('',(-15.,-14.,5.5));
#12505 = DIRECTION('',(1.224646799147E-16,0.,-1.));
#12506 = DIRECTION('',(-1.,0.,-1.224646799147E-16));
#12507 = ORIENTED_EDGE('',*,*,#12508,.T.);
#12508 = EDGE_CURVE('',#12500,#12509,#12511,.T.);
#12509 = VERTEX_POINT('',#12510);
#12510 = CARTESIAN_POINT('',(-16.00485727935,-9.767652914974,5.5));
#12511 = CIRCLE('',#12512,4.35);
#12512 = AXIS2_PLACEMENT_3D('',#12513,#12514,#12515);
#12513 = CARTESIAN_POINT('',(-15.,-14.,5.5));
#12514 = DIRECTION('',(1.224646799147E-16,0.,-1.));
#12515 = DIRECTION('',(-1.,0.,-1.224646799147E-16));
#12516 = ORIENTED_EDGE('',*,*,#12517,.T.);
#12517 = EDGE_CURVE('',#12509,#12461,#12518,.T.);
#12518 = CIRCLE('',#12519,18.75);
#12519 = AXIS2_PLACEMENT_3D('',#12520,#12521,#12522);
#12520 = CARTESIAN_POINT('',(6.73555739531E-16,0.,5.5));
#12521 = DIRECTION('',(1.224646799147E-16,0.,-1.));
#12522 = DIRECTION('',(-1.,0.,-1.224646799147E-16));
#12523 = FACE_BOUND('',#12524,.T.);
#12524 = EDGE_LOOP('',(#12525));
#12525 = ORIENTED_EDGE('',*,*,#12526,.F.);
#12526 = EDGE_CURVE('',#12527,#12527,#12529,.T.);
#12527 = VERTEX_POINT('',#12528);
#12528 = CARTESIAN_POINT('',(13.3,-14.,5.5));
#12529 = CIRCLE('',#12530,1.7);
#12530 = AXIS2_PLACEMENT_3D('',#12531,#12532,#12533);
#12531 = CARTESIAN_POINT('',(15.,-14.,5.5));
#12532 = DIRECTION('',(1.224646799147E-16,0.,-1.));
#12533 = DIRECTION('',(-1.,0.,-1.224646799147E-16));
#12534 = FACE_BOUND('',#12535,.T.);
#12535 = EDGE_LOOP('',(#12536));
#12536 = ORIENTED_EDGE('',*,*,#12537,.F.);
#12537 = EDGE_CURVE('',#12538,#12538,#12540,.T.);
#12538 = VERTEX_POINT('',#12539);
#12539 = CARTESIAN_POINT('',(-16.7,-14.,5.5));
#12540 = CIRCLE('',#12541,1.7);
#12541 = AXIS2_PLACEMENT_3D('',#12542,#12543,#12544);
#12542 = CARTESIAN_POINT('',(-15.,-14.,5.5));
#12543 = DIRECTION('',(1.224646799147E-16,0.,-1.));
#12544 = DIRECTION('',(-1.,0.,-1.224646799147E-16));
#12545 = FACE_BOUND('',#12546,.T.);
#12546 = EDGE_LOOP('',(#12547));
#12547 = ORIENTED_EDGE('',*,*,#12548,.F.);
#12548 = EDGE_CURVE('',#12549,#12549,#12551,.T.);
#12549 = VERTEX_POINT('',#12550);
#12550 = CARTESIAN_POINT('',(-17.65,-4.32300320099E-15,5.5));
#12551 = CIRCLE('',#12552,17.65);
#12552 = AXIS2_PLACEMENT_3D('',#12553,#12554,#12555);
#12553 = CARTESIAN_POINT('',(6.73555739531E-16,0.,5.5));
#12554 = DIRECTION('',(1.224646799147E-16,0.,-1.));
#12555 = DIRECTION('',(-1.,0.,-1.224646799147E-16));
#12556 = PLANE('',#12557);
#12557 = AXIS2_PLACEMENT_3D('',#12558,#12559,#12560);
#12558 = CARTESIAN_POINT('',(-0.184596552302,-3.065964963086,5.5));
#12559 = DIRECTION('',(1.224646799147E-16,0.,-1.));
#12560 = DIRECTION('',(-1.,0.,-1.224646799147E-16));
#12561 = ADVANCED_FACE('',(#12562),#12582,.T.);
#12562 = FACE_BOUND('',#12563,.T.);
#12563 = EDGE_LOOP('',(#12564,#12579,#12580,#12581));
#12564 = ORIENTED_EDGE('',*,*,#12565,.T.);
#12565 = EDGE_CURVE('',#12472,#11903,#12566,.T.);
#12566 = B_SPLINE_CURVE_WITH_KNOTS('',6,(#12567,#12568,#12569,#12570,
    #12571,#12572,#12573,#12574,#12575,#12576,#12577,#12578),
  .UNSPECIFIED.,.F.,.F.,(7,5,7),(0.,0.502711531063,1.),.UNSPECIFIED.);
#12567 = CARTESIAN_POINT('',(-18.73628202523,0.717102412994,5.5));
#12568 = CARTESIAN_POINT('',(-18.79325940781,0.758817697893,
    5.499999922906));
#12569 = CARTESIAN_POINT('',(-18.85019758091,0.800089865159,
    5.50913607463));
#12570 = CARTESIAN_POINT('',(-18.90543451518,0.839724679105,
    5.527431769625));
#12571 = CARTESIAN_POINT('',(-18.95730068131,0.87660264434,
    5.554528566426));
#12572 = CARTESIAN_POINT('',(-19.00419396678,0.909705871832,
    5.589625143939));
#12573 = CARTESIAN_POINT('',(-19.08493041478,0.966398485865,
    5.672884965988));
#12574 = CARTESIAN_POINT('',(-19.11891935511,0.9900940899,5.720914211498
    ));
#12575 = CARTESIAN_POINT('',(-19.14543975108,1.008478137692,
    5.774361793865));
#12576 = CARTESIAN_POINT('',(-19.16348453107,1.020951905522,
    5.831627404901));
#12577 = CARTESIAN_POINT('',(-19.17250342992,1.027186560231,
    5.890819260859));
#12578 = CARTESIAN_POINT('',(-19.17250342992,1.027186560231,5.95));
#12579 = ORIENTED_EDGE('',*,*,#11912,.T.);
#12580 = ORIENTED_EDGE('',*,*,#11937,.T.);
#12581 = ORIENTED_EDGE('',*,*,#12480,.F.);
#12582 = TOROIDAL_SURFACE('',#12583,18.75,0.45);
#12583 = AXIS2_PLACEMENT_3D('',#12584,#12585,#12586);
#12584 = CARTESIAN_POINT('',(6.184466335694E-16,0.,5.95));
#12585 = DIRECTION('',(1.224646799147E-16,0.,-1.));
#12586 = DIRECTION('',(-1.,0.,-1.224646799147E-16));
#12587 = ADVANCED_FACE('',(#12588),#12600,.T.);
#12588 = FACE_BOUND('',#12589,.T.);
#12589 = EDGE_LOOP('',(#12590,#12591,#12598,#12599));
#12590 = ORIENTED_EDGE('',*,*,#12471,.F.);
#12591 = ORIENTED_EDGE('',*,*,#12592,.F.);
#12592 = EDGE_CURVE('',#11964,#12463,#12593,.T.);
#12593 = CIRCLE('',#12594,0.45);
#12594 = AXIS2_PLACEMENT_3D('',#12595,#12596,#12597);
#12595 = CARTESIAN_POINT('',(-21.35,-3.,5.95));
#12596 = DIRECTION('',(0.,-1.,-0.));
#12597 = DIRECTION('',(-1.,0.,-1.224646799147E-16));
#12598 = ORIENTED_EDGE('',*,*,#11963,.T.);
#12599 = ORIENTED_EDGE('',*,*,#12565,.F.);
#12600 = TOROIDAL_SURFACE('',#12601,3.95,0.45);
#12601 = AXIS2_PLACEMENT_3D('',#12602,#12603,#12604);
#12602 = CARTESIAN_POINT('',(-17.4,-3.,5.95));
#12603 = DIRECTION('',(1.224646799147E-16,0.,-1.));
#12604 = DIRECTION('',(-1.,0.,-1.224646799147E-16));
#12605 = ADVANCED_FACE('',(#12606),#12626,.T.);
#12606 = FACE_BOUND('',#12607,.T.);
#12607 = EDGE_LOOP('',(#12608,#12609,#12610,#12611));
#12608 = ORIENTED_EDGE('',*,*,#11972,.T.);
#12609 = ORIENTED_EDGE('',*,*,#12592,.T.);
#12610 = ORIENTED_EDGE('',*,*,#12460,.F.);
#12611 = ORIENTED_EDGE('',*,*,#12612,.F.);
#12612 = EDGE_CURVE('',#11973,#12461,#12613,.T.);
#12613 = B_SPLINE_CURVE_WITH_KNOTS('',6,(#12614,#12615,#12616,#12617,
    #12618,#12619,#12620,#12621,#12622,#12623,#12624,#12625),
  .UNSPECIFIED.,.F.,.F.,(7,5,7),(0.,0.49820117982,1.),.UNSPECIFIED.);
#12614 = CARTESIAN_POINT('',(-17.72156893343,-7.38823351943,5.95));
#12615 = CARTESIAN_POINT('',(-17.72156893343,-7.38823351943,
    5.89071064332));
#12616 = CARTESIAN_POINT('',(-17.71513502227,-7.379305967606,
    5.831410076794));
#12617 = CARTESIAN_POINT('',(-17.70226206033,-7.361444257842,
    5.774046441298));
#12618 = CARTESIAN_POINT('',(-17.68336149453,-7.335146219921,
    5.720521875545));
#12619 = CARTESIAN_POINT('',(-17.65918711524,-7.301319708614,
    5.672444363859));
#12620 = CARTESIAN_POINT('',(-17.60201756955,-7.220747536443,
    5.58930675568));
#12621 = CARTESIAN_POINT('',(-17.56895244208,-7.173899603027,
    5.554331911284));
#12622 = CARTESIAN_POINT('',(-17.53248436801,-7.121856659953,
    5.52733219103));
#12623 = CARTESIAN_POINT('',(-17.49377585643,-7.066106628909,
    5.509102923076));
#12624 = CARTESIAN_POINT('',(-17.45401857811,-7.008254801823,
    5.499999923931));
#12625 = CARTESIAN_POINT('',(-17.41437232425,-6.949973852622,5.5));
#12626 = TOROIDAL_SURFACE('',#12627,3.95,0.45);
#12627 = AXIS2_PLACEMENT_3D('',#12628,#12629,#12630);
#12628 = CARTESIAN_POINT('',(-17.4,-3.,5.95));
#12629 = DIRECTION('',(1.224646799147E-16,0.,-1.));
#12630 = DIRECTION('',(-1.,0.,-1.224646799147E-16));
#12631 = ADVANCED_FACE('',(#12632),#12657,.T.);
#12632 = FACE_BOUND('',#12633,.T.);
#12633 = EDGE_LOOP('',(#12634,#12635,#12636,#12637));
#12634 = ORIENTED_EDGE('',*,*,#12018,.T.);
#12635 = ORIENTED_EDGE('',*,*,#12612,.T.);
#12636 = ORIENTED_EDGE('',*,*,#12517,.F.);
#12637 = ORIENTED_EDGE('',*,*,#12638,.T.);
#12638 = EDGE_CURVE('',#12509,#12019,#12639,.T.);
#12639 = B_SPLINE_CURVE_WITH_KNOTS('',6,(#12640,#12641,#12642,#12643,
    #12644,#12645,#12646,#12647,#12648,#12649,#12650,#12651,#12652,
    #12653,#12654,#12655,#12656),.UNSPECIFIED.,.F.,.F.,(7,5,5,7),(0.,
    0.437362900733,0.719315603253,1.),.UNSPECIFIED.);
#12640 = CARTESIAN_POINT('',(-16.00485727937,-9.767652914949,5.5));
#12641 = CARTESIAN_POINT('',(-16.0821280505,-9.735449789082,
    5.499999968898));
#12642 = CARTESIAN_POINT('',(-16.15869790178,-9.704189662482,
    5.506450410653));
#12643 = CARTESIAN_POINT('',(-16.23322559074,-9.674381293311,
    5.519442194373));
#12644 = CARTESIAN_POINT('',(-16.30434041031,-9.646476795234,
    5.538974753183));
#12645 = CARTESIAN_POINT('',(-16.37057446361,-9.620910944617,
    5.564848442284));
#12646 = CARTESIAN_POINT('',(-16.46913616418,-9.583367107924,
    5.616989101162));
#12647 = CARTESIAN_POINT('',(-16.50514822921,-9.56978919286,
    5.639848936171));
#12648 = CARTESIAN_POINT('',(-16.53815475191,-9.557457570891,
    5.664992766485));
#12649 = CARTESIAN_POINT('',(-16.56777841459,-9.546474118386,
    5.692224920414));
#12650 = CARTESIAN_POINT('',(-16.59367636709,-9.536929229898,
    5.721288990556));
#12651 = CARTESIAN_POINT('',(-16.63736112945,-9.520899856895,
    5.782302851202));
#12652 = CARTESIAN_POINT('',(-16.65518619382,-9.514401040457,
    5.81424185886));
#12653 = CARTESIAN_POINT('',(-16.66876353435,-9.509473354404,
    5.847365289059));
#12654 = CARTESIAN_POINT('',(-16.67788849705,-9.5061694989,
    5.881303146814));
#12655 = CARTESIAN_POINT('',(-16.682450177,-9.504517667492,
    5.915652814469));
#12656 = CARTESIAN_POINT('',(-16.682450177,-9.504517667492,5.95));
#12657 = TOROIDAL_SURFACE('',#12658,18.75,0.45);
#12658 = AXIS2_PLACEMENT_3D('',#12659,#12660,#12661);
#12659 = CARTESIAN_POINT('',(6.184466335694E-16,0.,5.95));
#12660 = DIRECTION('',(1.224646799147E-16,0.,-1.));
#12661 = DIRECTION('',(-1.,0.,-1.224646799147E-16));
#12662 = ADVANCED_FACE('',(#12663),#12694,.T.);
#12663 = FACE_BOUND('',#12664,.T.);
#12664 = EDGE_LOOP('',(#12665,#12666,#12673,#12674));
#12665 = ORIENTED_EDGE('',*,*,#12041,.T.);
#12666 = ORIENTED_EDGE('',*,*,#12667,.T.);
#12667 = EDGE_CURVE('',#12044,#12500,#12668,.T.);
#12668 = CIRCLE('',#12669,0.45);
#12669 = AXIS2_PLACEMENT_3D('',#12670,#12671,#12672);
#12670 = CARTESIAN_POINT('',(-19.35,-14.,5.95));
#12671 = DIRECTION('',(0.,-1.,-0.));
#12672 = DIRECTION('',(-1.,0.,-1.224646799147E-16));
#12673 = ORIENTED_EDGE('',*,*,#12499,.F.);
#12674 = ORIENTED_EDGE('',*,*,#12675,.F.);
#12675 = EDGE_CURVE('',#12042,#12491,#12676,.T.);
#12676 = B_SPLINE_CURVE_WITH_KNOTS('',6,(#12677,#12678,#12679,#12680,
    #12681,#12682,#12683,#12684,#12685,#12686,#12687,#12688,#12689,
    #12690,#12691,#12692,#12693),.UNSPECIFIED.,.F.,.F.,(7,5,5,7),(0.,
    0.278370863335,0.562190348191,1.),.UNSPECIFIED.);
#12677 = CARTESIAN_POINT('',(-10.63108901539,-15.98811891208,5.95));
#12678 = CARTESIAN_POINT('',(-10.63108901539,-15.98811891208,
    5.915935897981));
#12679 = CARTESIAN_POINT('',(-10.63240080313,-15.98353085491,
    5.881869409561));
#12680 = CARTESIAN_POINT('',(-10.63502445797,-15.97435319703,
    5.848204562753));
#12681 = CARTESIAN_POINT('',(-10.63894016632,-15.9606947968,
    5.815334215236));
#12682 = CARTESIAN_POINT('',(-10.64411068179,-15.94275681206,
    5.783619875851));
#12683 = CARTESIAN_POINT('',(-10.65698163132,-15.89844290264,
    5.722531117935));
#12684 = CARTESIAN_POINT('',(-10.66473020312,-15.87190634994,
    5.693211830881));
#12685 = CARTESIAN_POINT('',(-10.67367469345,-15.84149397063,
    5.665741819998));
#12686 = CARTESIAN_POINT('',(-10.68374738348,-15.80756029523,
    5.640383767154));
#12687 = CARTESIAN_POINT('',(-10.69487118282,-15.7704963017,
    5.617338001645));
#12688 = CARTESIAN_POINT('',(-10.72561583002,-15.66931259166,
    5.564980560383));
#12689 = CARTESIAN_POINT('',(-10.74657172367,-15.60142613106,
    5.539054558085));
#12690 = CARTESIAN_POINT('',(-10.76952959181,-15.5284945824,
    5.519482020811));
#12691 = CARTESIAN_POINT('',(-10.79415586665,-15.4520169694,
    5.506463579173));
#12692 = CARTESIAN_POINT('',(-10.82009290005,-15.37339620931,
    5.499999969352));
#12693 = CARTESIAN_POINT('',(-10.84692419329,-15.29400979288,5.5));
#12694 = TOROIDAL_SURFACE('',#12695,4.35,0.45);
#12695 = AXIS2_PLACEMENT_3D('',#12696,#12697,#12698);
#12696 = CARTESIAN_POINT('',(-15.,-14.,5.95));
#12697 = DIRECTION('',(1.224646799147E-16,0.,-1.));
#12698 = DIRECTION('',(-1.,0.,-1.224646799147E-16));
#12699 = ADVANCED_FACE('',(#12700),#12706,.T.);
#12700 = FACE_BOUND('',#12701,.T.);
#12701 = EDGE_LOOP('',(#12702,#12703,#12704,#12705));
#12702 = ORIENTED_EDGE('',*,*,#12508,.F.);
#12703 = ORIENTED_EDGE('',*,*,#12667,.F.);
#12704 = ORIENTED_EDGE('',*,*,#12061,.T.);
#12705 = ORIENTED_EDGE('',*,*,#12638,.F.);
#12706 = TOROIDAL_SURFACE('',#12707,4.35,0.45);
#12707 = AXIS2_PLACEMENT_3D('',#12708,#12709,#12710);
#12708 = CARTESIAN_POINT('',(-15.,-14.,5.95));
#12709 = DIRECTION('',(1.224646799147E-16,0.,-1.));
#12710 = DIRECTION('',(-1.,0.,-1.224646799147E-16));
#12711 = ADVANCED_FACE('',(#12712),#12718,.T.);
#12712 = FACE_BOUND('',#12713,.T.);
#12713 = EDGE_LOOP('',(#12714,#12715,#12716,#12717));
#12714 = ORIENTED_EDGE('',*,*,#12078,.T.);
#12715 = ORIENTED_EDGE('',*,*,#12675,.T.);
#12716 = ORIENTED_EDGE('',*,*,#12490,.F.);
#12717 = ORIENTED_EDGE('',*,*,#12421,.T.);
#12718 = TOROIDAL_SURFACE('',#12719,18.75,0.45);
#12719 = AXIS2_PLACEMENT_3D('',#12720,#12721,#12722);
#12720 = CARTESIAN_POINT('',(6.184466335694E-16,0.,5.95));
#12721 = DIRECTION('',(1.224646799147E-16,0.,-1.));
#12722 = DIRECTION('',(-1.,0.,-1.224646799147E-16));
#12723 = ADVANCED_FACE('',(#12724),#12735,.F.);
#12724 = FACE_BOUND('',#12725,.F.);
#12725 = EDGE_LOOP('',(#12726,#12732,#12733,#12734));
#12726 = ORIENTED_EDGE('',*,*,#12727,.T.);
#12727 = EDGE_CURVE('',#12098,#12538,#12728,.T.);
#12728 = LINE('',#12729,#12730);
#12729 = CARTESIAN_POINT('',(-16.7,-14.,11.1));
#12730 = VECTOR('',#12731,1.);
#12731 = DIRECTION('',(1.224646799147E-16,0.,-1.));
#12732 = ORIENTED_EDGE('',*,*,#12537,.F.);
#12733 = ORIENTED_EDGE('',*,*,#12727,.F.);
#12734 = ORIENTED_EDGE('',*,*,#12097,.T.);
#12735 = CYLINDRICAL_SURFACE('',#12736,1.7);
#12736 = AXIS2_PLACEMENT_3D('',#12737,#12738,#12739);
#12737 = CARTESIAN_POINT('',(-15.,-14.,11.1));
#12738 = DIRECTION('',(1.224646799147E-16,0.,-1.));
#12739 = DIRECTION('',(-1.,0.,-1.224646799147E-16));
#12740 = ADVANCED_FACE('',(#12741),#12752,.F.);
#12741 = FACE_BOUND('',#12742,.F.);
#12742 = EDGE_LOOP('',(#12743,#12749,#12750,#12751));
#12743 = ORIENTED_EDGE('',*,*,#12744,.T.);
#12744 = EDGE_CURVE('',#12118,#12527,#12745,.T.);
#12745 = LINE('',#12746,#12747);
#12746 = CARTESIAN_POINT('',(13.3,-14.,11.1));
#12747 = VECTOR('',#12748,1.);
#12748 = DIRECTION('',(1.224646799147E-16,0.,-1.));
#12749 = ORIENTED_EDGE('',*,*,#12526,.F.);
#12750 = ORIENTED_EDGE('',*,*,#12744,.F.);
#12751 = ORIENTED_EDGE('',*,*,#12117,.T.);
#12752 = CYLINDRICAL_SURFACE('',#12753,1.7);
#12753 = AXIS2_PLACEMENT_3D('',#12754,#12755,#12756);
#12754 = CARTESIAN_POINT('',(15.,-14.,11.1));
#12755 = DIRECTION('',(1.224646799147E-16,0.,-1.));
#12756 = DIRECTION('',(-1.,0.,-1.224646799147E-16));
#12757 = ADVANCED_FACE('',(#12758),#12777,.F.);
#12758 = FACE_BOUND('',#12759,.F.);
#12759 = EDGE_LOOP('',(#12760,#12769,#12775,#12776));
#12760 = ORIENTED_EDGE('',*,*,#12761,.F.);
#12761 = EDGE_CURVE('',#12762,#12762,#12764,.T.);
#12762 = VERTEX_POINT('',#12763);
#12763 = CARTESIAN_POINT('',(-16.25,-3.980102097229E-15,6.45));
#12764 = CIRCLE('',#12765,16.25);
#12765 = AXIS2_PLACEMENT_3D('',#12766,#12767,#12768);
#12766 = CARTESIAN_POINT('',(5.57214293612E-16,0.,6.45));
#12767 = DIRECTION('',(1.224646799147E-16,0.,-1.));
#12768 = DIRECTION('',(-1.,0.,-1.224646799147E-16));
#12769 = ORIENTED_EDGE('',*,*,#12770,.F.);
#12770 = EDGE_CURVE('',#12135,#12762,#12771,.T.);
#12771 = LINE('',#12772,#12773);
#12772 = CARTESIAN_POINT('',(-16.25,-3.980102097229E-15,9.8));
#12773 = VECTOR('',#12774,1.);
#12774 = DIRECTION('',(1.224646799147E-16,0.,-1.));
#12775 = ORIENTED_EDGE('',*,*,#12134,.T.);
#12776 = ORIENTED_EDGE('',*,*,#12770,.T.);
#12777 = CYLINDRICAL_SURFACE('',#12778,16.25);
#12778 = AXIS2_PLACEMENT_3D('',#12779,#12780,#12781);
#12779 = CARTESIAN_POINT('',(1.469576158977E-16,0.,9.8));
#12780 = DIRECTION('',(1.224646799147E-16,0.,-1.));
#12781 = DIRECTION('',(-1.,0.,-1.224646799147E-16));
#12782 = ADVANCED_FACE('',(#12783),#12802,.F.);
#12783 = FACE_BOUND('',#12784,.F.);
#12784 = EDGE_LOOP('',(#12785,#12786,#12794,#12801));
#12785 = ORIENTED_EDGE('',*,*,#12548,.F.);
#12786 = ORIENTED_EDGE('',*,*,#12787,.F.);
#12787 = EDGE_CURVE('',#12788,#12549,#12790,.T.);
#12788 = VERTEX_POINT('',#12789);
#12789 = CARTESIAN_POINT('',(-17.65,-4.32300320099E-15,6.45));
#12790 = LINE('',#12791,#12792);
#12791 = CARTESIAN_POINT('',(-17.65,-4.32300320099E-15,6.45));
#12792 = VECTOR('',#12793,1.);
#12793 = DIRECTION('',(1.224646799147E-16,0.,-1.));
#12794 = ORIENTED_EDGE('',*,*,#12795,.T.);
#12795 = EDGE_CURVE('',#12788,#12788,#12796,.T.);
#12796 = CIRCLE('',#12797,17.65);
#12797 = AXIS2_PLACEMENT_3D('',#12798,#12799,#12800);
#12798 = CARTESIAN_POINT('',(5.57214293612E-16,0.,6.45));
#12799 = DIRECTION('',(1.224646799147E-16,0.,-1.));
#12800 = DIRECTION('',(-1.,0.,-1.224646799147E-16));
#12801 = ORIENTED_EDGE('',*,*,#12787,.T.);
#12802 = CYLINDRICAL_SURFACE('',#12803,17.65);
#12803 = AXIS2_PLACEMENT_3D('',#12804,#12805,#12806);
#12804 = CARTESIAN_POINT('',(5.57214293612E-16,0.,6.45));
#12805 = DIRECTION('',(1.224646799147E-16,0.,-1.));
#12806 = DIRECTION('',(-1.,0.,-1.224646799147E-16));
#12807 = ADVANCED_FACE('',(#12808,#12811),#12814,.T.);
#12808 = FACE_BOUND('',#12809,.T.);
#12809 = EDGE_LOOP('',(#12810));
#12810 = ORIENTED_EDGE('',*,*,#12795,.T.);
#12811 = FACE_BOUND('',#12812,.T.);
#12812 = EDGE_LOOP('',(#12813));
#12813 = ORIENTED_EDGE('',*,*,#12761,.F.);
#12814 = PLANE('',#12815);
#12815 = AXIS2_PLACEMENT_3D('',#12816,#12817,#12818);
#12816 = CARTESIAN_POINT('',(5.57214293612E-16,0.,6.45));
#12817 = DIRECTION('',(1.224646799147E-16,0.,-1.));
#12818 = DIRECTION('',(-1.,0.,-1.224646799147E-16));
#12819 = ( GEOMETRIC_REPRESENTATION_CONTEXT(3) 
GLOBAL_UNCERTAINTY_ASSIGNED_CONTEXT((#12823)) 
GLOBAL_UNIT_ASSIGNED_CONTEXT((#12820,#12821,#12822)) 
REPRESENTATION_CONTEXT('Context #1',
  '3D Context with UNIT and UNCERTAINTY') );
#12820 = ( LENGTH_UNIT() NAMED_UNIT(*) SI_UNIT(.MILLI.,.METRE.) );
#12821 = ( NAMED_UNIT(*) PLANE_ANGLE_UNIT() SI_UNIT($,.RADIAN.) );
#12822 = ( NAMED_UNIT(*) SI_UNIT($,.STERADIAN.) SOLID_ANGLE_UNIT() );
#12823 = UNCERTAINTY_MEASURE_WITH_UNIT(LENGTH_MEASURE(2.E-07),#12820,
  'distance_accuracy_value','confusion accuracy');
#12824 = PRODUCT_RELATED_PRODUCT_CATEGORY('part',$,(#7));
ENDSEC;
END-ISO-10303-21;
