ISO-10303-21;
HEADER;
FILE_DESCRIPTION(('FreeCAD Model'),'2;1');
FILE_NAME('Open CASCADE Shape Model','2026-09-24T13:32:26',('FreeCAD'),(
    'FreeCAD'),'Open CASCADE STEP processor 7.8','FreeCAD','Unknown');
FILE_SCHEMA(('AUTOMOTIVE_DESIGN { 1 0 10303 214 1 1 1 1 }'));
ENDSEC;
DATA;
#1 = APPLICATION_PROTOCOL_DEFINITION('international standard',
  'automotive_design',2000,#2);
#2 = APPLICATION_CONTEXT(
  'core data for automotive mechanical design processes');
#3 = SHAPE_DEFINITION_REPRESENTATION(#4,#10);
#4 = PRODUCT_DEFINITION_SHAPE('','',#5);
#5 = PRODUCT_DEFINITION('design','',#6,#9);
#6 = PRODUCT_DEFINITION_FORMATION('','',#7);
#7 = PRODUCT('Open CASCADE STEP translator 7.8 3',
  'Open CASCADE STEP translator 7.8 3','',(#8));
#8 = PRODUCT_CONTEXT('',#2,'mechanical');
#9 = PRODUCT_DEFINITION_CONTEXT('part definition',#2,'design');
#10 = SHAPE_REPRESENTATION('',(#11,#15,#2151),#8828);
#11 = AXIS2_PLACEMENT_3D('',#12,#13,#14);
#12 = CARTESIAN_POINT('',(0.,0.,0.));
#13 = DIRECTION('',(0.,0.,1.));
#14 = DIRECTION('',(1.,0.,-0.));
#15 = MANIFOLD_SOLID_BREP('',#16);
#16 = CLOSED_SHELL('',(#17,#142,#166,#197,#222,#246,#264,#295,#320,#345,
    #362,#393,#418,#443,#460,#480,#714,#739,#786,#812,#852,#891,#1000,
    #1039,#1065,#1104,#1148,#1188,#1271,#1302,#1326,#1350,#1374,#1398,
    #1415,#1446,#1470,#1494,#1518,#1542,#1559,#1584,#1699,#1734,#1769,
    #1797,#1815,#1833,#1858,#1883,#1901,#1932,#1944,#1969,#1994,#2025,
    #2043,#2074,#2105,#2117,#2134));
#17 = ADVANCED_FACE('',(#18,#29,#65,#101),#137,.T.);
#18 = FACE_BOUND('',#19,.T.);
#19 = EDGE_LOOP('',(#20));
#20 = ORIENTED_EDGE('',*,*,#21,.T.);
#21 = EDGE_CURVE('',#22,#22,#24,.T.);
#22 = VERTEX_POINT('',#23);
#23 = CARTESIAN_POINT('',(16.25,-3.980102097229E-15,1.2));
#24 = CIRCLE('',#25,16.25);
#25 = AXIS2_PLACEMENT_3D('',#26,#27,#28);
#26 = CARTESIAN_POINT('',(0.,0.,1.2));
#27 = DIRECTION('',(0.,0.,1.));
#28 = DIRECTION('',(1.,0.,0.));
#29 = FACE_BOUND('',#30,.T.);
#30 = EDGE_LOOP('',(#31,#41,#50,#58));
#31 = ORIENTED_EDGE('',*,*,#32,.F.);
#32 = EDGE_CURVE('',#33,#35,#37,.T.);
#33 = VERTEX_POINT('',#34);
#34 = CARTESIAN_POINT('',(0.9,-9.5,1.2));
#35 = VERTEX_POINT('',#36);
#36 = CARTESIAN_POINT('',(0.9,-5.2,1.2));
#37 = LINE('',#38,#39);
#38 = CARTESIAN_POINT('',(0.9,-2.6,1.2));
#39 = VECTOR('',#40,1.);
#40 = DIRECTION('',(1.807339807529E-16,1.,0.));
#41 = ORIENTED_EDGE('',*,*,#42,.F.);
#42 = EDGE_CURVE('',#43,#33,#45,.T.);
#43 = VERTEX_POINT('',#44);
#44 = CARTESIAN_POINT('',(-0.9,-9.5,1.2));
#45 = CIRCLE('',#46,0.9);
#46 = AXIS2_PLACEMENT_3D('',#47,#48,#49);
#47 = CARTESIAN_POINT('',(-1.745121688785E-15,-9.5,1.2));
#48 = DIRECTION('',(0.,0.,1.));
#49 = DIRECTION('',(1.,0.,0.));
#50 = ORIENTED_EDGE('',*,*,#51,.F.);
#51 = EDGE_CURVE('',#52,#43,#54,.T.);
#52 = VERTEX_POINT('',#53);
#53 = CARTESIAN_POINT('',(-0.9,-5.2,1.2));
#54 = LINE('',#55,#56);
#55 = CARTESIAN_POINT('',(-0.9,-4.75,1.2));
#56 = VECTOR('',#57,1.);
#57 = DIRECTION('',(-1.807339807529E-16,-1.,0.));
#58 = ORIENTED_EDGE('',*,*,#59,.F.);
#59 = EDGE_CURVE('',#35,#52,#60,.T.);
#60 = CIRCLE('',#61,0.9);
#61 = AXIS2_PLACEMENT_3D('',#62,#63,#64);
#62 = CARTESIAN_POINT('',(-9.552245033349E-16,-5.2,1.2));
#63 = DIRECTION('',(0.,0.,1.));
#64 = DIRECTION('',(1.,0.,0.));
#65 = FACE_BOUND('',#66,.T.);
#66 = EDGE_LOOP('',(#67,#77,#86,#94));
#67 = ORIENTED_EDGE('',*,*,#68,.F.);
#68 = EDGE_CURVE('',#69,#71,#73,.T.);
#69 = VERTEX_POINT('',#70);
#70 = CARTESIAN_POINT('',(-8.677241335952,3.970577136594,1.2));
#71 = VERTEX_POINT('',#72);
#72 = CARTESIAN_POINT('',(-4.953332099679,1.820577136594,1.2));
#73 = LINE('',#74,#75);
#74 = CARTESIAN_POINT('',(-2.70166604984,0.520577136594,1.2));
#75 = VECTOR('',#76,1.);
#76 = DIRECTION('',(0.866025403784,-0.5,0.));
#77 = ORIENTED_EDGE('',*,*,#78,.F.);
#78 = EDGE_CURVE('',#79,#69,#81,.T.);
#79 = VERTEX_POINT('',#80);
#80 = CARTESIAN_POINT('',(-7.777241335952,5.529422863406,1.2));
#81 = CIRCLE('',#82,0.9);
#82 = AXIS2_PLACEMENT_3D('',#83,#84,#85);
#83 = CARTESIAN_POINT('',(-8.227241335952,4.75,1.2));
#84 = DIRECTION('',(0.,0.,1.));
#85 = DIRECTION('',(1.,0.,0.));
#86 = ORIENTED_EDGE('',*,*,#87,.F.);
#87 = EDGE_CURVE('',#88,#79,#90,.T.);
#88 = VERTEX_POINT('',#89);
#89 = CARTESIAN_POINT('',(-4.053332099679,3.379422863406,1.2));
#90 = LINE('',#91,#92);
#91 = CARTESIAN_POINT('',(-3.663620667976,3.154422863406,1.2));
#92 = VECTOR('',#93,1.);
#93 = DIRECTION('',(-0.866025403784,0.5,0.));
#94 = ORIENTED_EDGE('',*,*,#95,.F.);
#95 = EDGE_CURVE('',#71,#88,#96,.T.);
#96 = CIRCLE('',#97,0.9);
#97 = AXIS2_PLACEMENT_3D('',#98,#99,#100);
#98 = CARTESIAN_POINT('',(-4.503332099679,2.6,1.2));
#99 = DIRECTION('',(0.,0.,1.));
#100 = DIRECTION('',(1.,0.,0.));
#101 = FACE_BOUND('',#102,.T.);
#102 = EDGE_LOOP('',(#103,#113,#122,#130));
#103 = ORIENTED_EDGE('',*,*,#104,.F.);
#104 = EDGE_CURVE('',#105,#107,#109,.T.);
#105 = VERTEX_POINT('',#106);
#106 = CARTESIAN_POINT('',(7.777241335952,5.529422863406,1.2));
#107 = VERTEX_POINT('',#108);
#108 = CARTESIAN_POINT('',(4.053332099679,3.379422863406,1.2));
#109 = LINE('',#110,#111);
#110 = CARTESIAN_POINT('',(1.80166604984,2.079422863406,1.2));
#111 = VECTOR('',#112,1.);
#112 = DIRECTION('',(-0.866025403784,-0.5,0.));
#113 = ORIENTED_EDGE('',*,*,#114,.F.);
#114 = EDGE_CURVE('',#115,#105,#117,.T.);
#115 = VERTEX_POINT('',#116);
#116 = CARTESIAN_POINT('',(8.677241335952,3.970577136594,1.2));
#117 = CIRCLE('',#118,0.9);
#118 = AXIS2_PLACEMENT_3D('',#119,#120,#121);
#119 = CARTESIAN_POINT('',(8.227241335952,4.75,1.2));
#120 = DIRECTION('',(0.,0.,1.));
#121 = DIRECTION('',(1.,0.,0.));
#122 = ORIENTED_EDGE('',*,*,#123,.F.);
#123 = EDGE_CURVE('',#124,#115,#126,.T.);
#124 = VERTEX_POINT('',#125);
#125 = CARTESIAN_POINT('',(4.953332099679,1.820577136594,1.2));
#126 = LINE('',#127,#128);
#127 = CARTESIAN_POINT('',(4.563620667976,1.595577136594,1.2));
#128 = VECTOR('',#129,1.);
#129 = DIRECTION('',(0.866025403784,0.5,0.));
#130 = ORIENTED_EDGE('',*,*,#131,.F.);
#131 = EDGE_CURVE('',#107,#124,#132,.T.);
#132 = CIRCLE('',#133,0.9);
#133 = AXIS2_PLACEMENT_3D('',#134,#135,#136);
#134 = CARTESIAN_POINT('',(4.503332099679,2.6,1.2));
#135 = DIRECTION('',(0.,0.,1.));
#136 = DIRECTION('',(1.,0.,0.));
#137 = PLANE('',#138);
#138 = AXIS2_PLACEMENT_3D('',#139,#140,#141);
#139 = CARTESIAN_POINT('',(0.,0.,1.2));
#140 = DIRECTION('',(0.,0.,1.));
#141 = DIRECTION('',(1.,0.,0.));
#142 = ADVANCED_FACE('',(#143),#161,.F.);
#143 = FACE_BOUND('',#144,.F.);
#144 = EDGE_LOOP('',(#145,#146,#153,#160));
#145 = ORIENTED_EDGE('',*,*,#21,.T.);
#146 = ORIENTED_EDGE('',*,*,#147,.T.);
#147 = EDGE_CURVE('',#22,#148,#150,.T.);
#148 = VERTEX_POINT('',#149);
#149 = CARTESIAN_POINT('',(16.25,-3.980102097229E-15,6.3));
#150 = B_SPLINE_CURVE_WITH_KNOTS('',1,(#151,#152),.UNSPECIFIED.,.F.,.F.,
  (2,2),(-4.2,0.9),.PIECEWISE_BEZIER_KNOTS.);
#151 = CARTESIAN_POINT('',(16.25,0.,1.2));
#152 = CARTESIAN_POINT('',(16.25,0.,6.3));
#153 = ORIENTED_EDGE('',*,*,#154,.F.);
#154 = EDGE_CURVE('',#148,#148,#155,.T.);
#155 = CIRCLE('',#156,16.25);
#156 = AXIS2_PLACEMENT_3D('',#157,#158,#159);
#157 = CARTESIAN_POINT('',(0.,0.,6.3));
#158 = DIRECTION('',(0.,0.,1.));
#159 = DIRECTION('',(1.,0.,0.));
#160 = ORIENTED_EDGE('',*,*,#147,.F.);
#161 = CYLINDRICAL_SURFACE('',#162,16.25);
#162 = AXIS2_PLACEMENT_3D('',#163,#164,#165);
#163 = CARTESIAN_POINT('',(0.,0.,5.4));
#164 = DIRECTION('',(0.,0.,1.));
#165 = DIRECTION('',(1.,0.,0.));
#166 = ADVANCED_FACE('',(#167),#192,.F.);
#167 = FACE_BOUND('',#168,.F.);
#168 = EDGE_LOOP('',(#169,#179,#185,#186));
#169 = ORIENTED_EDGE('',*,*,#170,.F.);
#170 = EDGE_CURVE('',#171,#173,#175,.T.);
#171 = VERTEX_POINT('',#172);
#172 = CARTESIAN_POINT('',(0.9,-5.2,0.));
#173 = VERTEX_POINT('',#174);
#174 = CARTESIAN_POINT('',(0.9,-9.5,0.));
#175 = LINE('',#176,#177);
#176 = CARTESIAN_POINT('',(0.9,-1.810540468843,0.));
#177 = VECTOR('',#178,1.);
#178 = DIRECTION('',(-1.807339807529E-16,-1.,0.));
#179 = ORIENTED_EDGE('',*,*,#180,.T.);
#180 = EDGE_CURVE('',#171,#35,#181,.T.);
#181 = LINE('',#182,#183);
#182 = CARTESIAN_POINT('',(0.9,-5.2,-0.1));
#183 = VECTOR('',#184,1.);
#184 = DIRECTION('',(0.,0.,1.));
#185 = ORIENTED_EDGE('',*,*,#32,.F.);
#186 = ORIENTED_EDGE('',*,*,#187,.F.);
#187 = EDGE_CURVE('',#173,#33,#188,.T.);
#188 = LINE('',#189,#190);
#189 = CARTESIAN_POINT('',(0.9,-9.5,-0.1));
#190 = VECTOR('',#191,1.);
#191 = DIRECTION('',(0.,0.,1.));
#192 = PLANE('',#193);
#193 = AXIS2_PLACEMENT_3D('',#194,#195,#196);
#194 = CARTESIAN_POINT('',(0.9,-5.2,-0.1));
#195 = DIRECTION('',(1.,-1.807339807529E-16,0.));
#196 = DIRECTION('',(-1.807339807529E-16,-1.,0.));
#197 = ADVANCED_FACE('',(#198),#217,.F.);
#198 = FACE_BOUND('',#199,.F.);
#199 = EDGE_LOOP('',(#200,#201,#202,#211));
#200 = ORIENTED_EDGE('',*,*,#59,.F.);
#201 = ORIENTED_EDGE('',*,*,#180,.F.);
#202 = ORIENTED_EDGE('',*,*,#203,.T.);
#203 = EDGE_CURVE('',#171,#204,#206,.T.);
#204 = VERTEX_POINT('',#205);
#205 = CARTESIAN_POINT('',(-0.9,-5.2,0.));
#206 = CIRCLE('',#207,0.9);
#207 = AXIS2_PLACEMENT_3D('',#208,#209,#210);
#208 = CARTESIAN_POINT('',(-9.552245033349E-16,-5.2,0.));
#209 = DIRECTION('',(0.,0.,1.));
#210 = DIRECTION('',(1.,0.,0.));
#211 = ORIENTED_EDGE('',*,*,#212,.T.);
#212 = EDGE_CURVE('',#204,#52,#213,.T.);
#213 = LINE('',#214,#215);
#214 = CARTESIAN_POINT('',(-0.9,-5.2,-0.1));
#215 = VECTOR('',#216,1.);
#216 = DIRECTION('',(0.,0.,1.));
#217 = CYLINDRICAL_SURFACE('',#218,0.9);
#218 = AXIS2_PLACEMENT_3D('',#219,#220,#221);
#219 = CARTESIAN_POINT('',(-9.552245033349E-16,-5.2,-0.1));
#220 = DIRECTION('',(0.,0.,1.));
#221 = DIRECTION('',(1.,0.,0.));
#222 = ADVANCED_FACE('',(#223),#241,.F.);
#223 = FACE_BOUND('',#224,.F.);
#224 = EDGE_LOOP('',(#225,#233,#239,#240));
#225 = ORIENTED_EDGE('',*,*,#226,.F.);
#226 = EDGE_CURVE('',#227,#204,#229,.T.);
#227 = VERTEX_POINT('',#228);
#228 = CARTESIAN_POINT('',(-0.9,-9.5,0.));
#229 = LINE('',#230,#231);
#230 = CARTESIAN_POINT('',(-0.9,-3.960540468843,0.));
#231 = VECTOR('',#232,1.);
#232 = DIRECTION('',(1.807339807529E-16,1.,0.));
#233 = ORIENTED_EDGE('',*,*,#234,.T.);
#234 = EDGE_CURVE('',#227,#43,#235,.T.);
#235 = LINE('',#236,#237);
#236 = CARTESIAN_POINT('',(-0.9,-9.5,-0.1));
#237 = VECTOR('',#238,1.);
#238 = DIRECTION('',(0.,0.,1.));
#239 = ORIENTED_EDGE('',*,*,#51,.F.);
#240 = ORIENTED_EDGE('',*,*,#212,.F.);
#241 = PLANE('',#242);
#242 = AXIS2_PLACEMENT_3D('',#243,#244,#245);
#243 = CARTESIAN_POINT('',(-0.9,-9.5,-0.1));
#244 = DIRECTION('',(-1.,1.807339807529E-16,0.));
#245 = DIRECTION('',(1.807339807529E-16,1.,0.));
#246 = ADVANCED_FACE('',(#247),#259,.F.);
#247 = FACE_BOUND('',#248,.F.);
#248 = EDGE_LOOP('',(#249,#256,#257,#258));
#249 = ORIENTED_EDGE('',*,*,#250,.T.);
#250 = EDGE_CURVE('',#227,#173,#251,.T.);
#251 = CIRCLE('',#252,0.9);
#252 = AXIS2_PLACEMENT_3D('',#253,#254,#255);
#253 = CARTESIAN_POINT('',(-1.745121688785E-15,-9.5,0.));
#254 = DIRECTION('',(0.,0.,1.));
#255 = DIRECTION('',(1.,0.,0.));
#256 = ORIENTED_EDGE('',*,*,#187,.T.);
#257 = ORIENTED_EDGE('',*,*,#42,.F.);
#258 = ORIENTED_EDGE('',*,*,#234,.F.);
#259 = CYLINDRICAL_SURFACE('',#260,0.9);
#260 = AXIS2_PLACEMENT_3D('',#261,#262,#263);
#261 = CARTESIAN_POINT('',(-1.745121688785E-15,-9.5,-0.1));
#262 = DIRECTION('',(0.,0.,1.));
#263 = DIRECTION('',(1.,0.,0.));
#264 = ADVANCED_FACE('',(#265),#290,.F.);
#265 = FACE_BOUND('',#266,.F.);
#266 = EDGE_LOOP('',(#267,#277,#283,#284));
#267 = ORIENTED_EDGE('',*,*,#268,.F.);
#268 = EDGE_CURVE('',#269,#271,#273,.T.);
#269 = VERTEX_POINT('',#270);
#270 = CARTESIAN_POINT('',(-4.953332099679,1.820577136594,0.));
#271 = VERTEX_POINT('',#272);
#272 = CARTESIAN_POINT('',(-8.677241335952,3.970577136594,0.));
#273 = LINE('',#274,#275);
#274 = CARTESIAN_POINT('',(-2.963740237238,0.671885739236,0.));
#275 = VECTOR('',#276,1.);
#276 = DIRECTION('',(-0.866025403784,0.5,0.));
#277 = ORIENTED_EDGE('',*,*,#278,.T.);
#278 = EDGE_CURVE('',#269,#71,#279,.T.);
#279 = LINE('',#280,#281);
#280 = CARTESIAN_POINT('',(-4.953332099679,1.820577136594,-0.1));
#281 = VECTOR('',#282,1.);
#282 = DIRECTION('',(0.,0.,1.));
#283 = ORIENTED_EDGE('',*,*,#68,.F.);
#284 = ORIENTED_EDGE('',*,*,#285,.F.);
#285 = EDGE_CURVE('',#271,#69,#286,.T.);
#286 = LINE('',#287,#288);
#287 = CARTESIAN_POINT('',(-8.677241335952,3.970577136594,-0.1));
#288 = VECTOR('',#289,1.);
#289 = DIRECTION('',(0.,0.,1.));
#290 = PLANE('',#291);
#291 = AXIS2_PLACEMENT_3D('',#292,#293,#294);
#292 = CARTESIAN_POINT('',(-4.953332099679,1.820577136594,-0.1));
#293 = DIRECTION('',(-0.5,-0.866025403784,0.));
#294 = DIRECTION('',(-0.866025403784,0.5,0.));
#295 = ADVANCED_FACE('',(#296),#315,.F.);
#296 = FACE_BOUND('',#297,.F.);
#297 = EDGE_LOOP('',(#298,#299,#307,#314));
#298 = ORIENTED_EDGE('',*,*,#78,.F.);
#299 = ORIENTED_EDGE('',*,*,#300,.F.);
#300 = EDGE_CURVE('',#301,#79,#303,.T.);
#301 = VERTEX_POINT('',#302);
#302 = CARTESIAN_POINT('',(-7.777241335952,5.529422863406,0.));
#303 = LINE('',#304,#305);
#304 = CARTESIAN_POINT('',(-7.777241335952,5.529422863406,-0.1));
#305 = VECTOR('',#306,1.);
#306 = DIRECTION('',(0.,0.,1.));
#307 = ORIENTED_EDGE('',*,*,#308,.T.);
#308 = EDGE_CURVE('',#301,#271,#309,.T.);
#309 = CIRCLE('',#310,0.9);
#310 = AXIS2_PLACEMENT_3D('',#311,#312,#313);
#311 = CARTESIAN_POINT('',(-8.227241335952,4.75,0.));
#312 = DIRECTION('',(0.,0.,1.));
#313 = DIRECTION('',(1.,0.,0.));
#314 = ORIENTED_EDGE('',*,*,#285,.T.);
#315 = CYLINDRICAL_SURFACE('',#316,0.9);
#316 = AXIS2_PLACEMENT_3D('',#317,#318,#319);
#317 = CARTESIAN_POINT('',(-8.227241335952,4.75,-0.1));
#318 = DIRECTION('',(0.,0.,1.));
#319 = DIRECTION('',(1.,0.,0.));
#320 = ADVANCED_FACE('',(#321),#340,.F.);
#321 = FACE_BOUND('',#322,.F.);
#322 = EDGE_LOOP('',(#323,#332,#338,#339));
#323 = ORIENTED_EDGE('',*,*,#324,.T.);
#324 = EDGE_CURVE('',#269,#325,#327,.T.);
#325 = VERTEX_POINT('',#326);
#326 = CARTESIAN_POINT('',(-4.053332099679,3.379422863406,0.));
#327 = CIRCLE('',#328,0.9);
#328 = AXIS2_PLACEMENT_3D('',#329,#330,#331);
#329 = CARTESIAN_POINT('',(-4.503332099679,2.6,0.));
#330 = DIRECTION('',(0.,0.,1.));
#331 = DIRECTION('',(1.,0.,0.));
#332 = ORIENTED_EDGE('',*,*,#333,.T.);
#333 = EDGE_CURVE('',#325,#88,#334,.T.);
#334 = LINE('',#335,#336);
#335 = CARTESIAN_POINT('',(-4.053332099679,3.379422863406,-0.1));
#336 = VECTOR('',#337,1.);
#337 = DIRECTION('',(0.,0.,1.));
#338 = ORIENTED_EDGE('',*,*,#95,.F.);
#339 = ORIENTED_EDGE('',*,*,#278,.F.);
#340 = CYLINDRICAL_SURFACE('',#341,0.9);
#341 = AXIS2_PLACEMENT_3D('',#342,#343,#344);
#342 = CARTESIAN_POINT('',(-4.503332099679,2.6,-0.1));
#343 = DIRECTION('',(0.,0.,1.));
#344 = DIRECTION('',(1.,0.,0.));
#345 = ADVANCED_FACE('',(#346),#357,.F.);
#346 = FACE_BOUND('',#347,.F.);
#347 = EDGE_LOOP('',(#348,#354,#355,#356));
#348 = ORIENTED_EDGE('',*,*,#349,.F.);
#349 = EDGE_CURVE('',#301,#325,#350,.T.);
#350 = LINE('',#351,#352);
#351 = CARTESIAN_POINT('',(-3.925694855375,3.305731466048,
    1.387778780781E-17));
#352 = VECTOR('',#353,1.);
#353 = DIRECTION('',(0.866025403784,-0.5,0.));
#354 = ORIENTED_EDGE('',*,*,#300,.T.);
#355 = ORIENTED_EDGE('',*,*,#87,.F.);
#356 = ORIENTED_EDGE('',*,*,#333,.F.);
#357 = PLANE('',#358);
#358 = AXIS2_PLACEMENT_3D('',#359,#360,#361);
#359 = CARTESIAN_POINT('',(-7.777241335952,5.529422863406,-0.1));
#360 = DIRECTION('',(0.5,0.866025403784,0.));
#361 = DIRECTION('',(0.866025403784,-0.5,0.));
#362 = ADVANCED_FACE('',(#363),#388,.F.);
#363 = FACE_BOUND('',#364,.F.);
#364 = EDGE_LOOP('',(#365,#375,#381,#382));
#365 = ORIENTED_EDGE('',*,*,#366,.F.);
#366 = EDGE_CURVE('',#367,#369,#371,.T.);
#367 = VERTEX_POINT('',#368);
#368 = CARTESIAN_POINT('',(4.053332099679,3.379422863406,0.));
#369 = VERTEX_POINT('',#370);
#370 = CARTESIAN_POINT('',(7.777241335952,5.529422863406,0.));
#371 = LINE('',#372,#373);
#372 = CARTESIAN_POINT('',(2.223283871682,2.322844026342,
    1.387778780781E-17));
#373 = VECTOR('',#374,1.);
#374 = DIRECTION('',(0.866025403784,0.5,0.));
#375 = ORIENTED_EDGE('',*,*,#376,.T.);
#376 = EDGE_CURVE('',#367,#107,#377,.T.);
#377 = LINE('',#378,#379);
#378 = CARTESIAN_POINT('',(4.053332099679,3.379422863406,-0.1));
#379 = VECTOR('',#380,1.);
#380 = DIRECTION('',(0.,0.,1.));
#381 = ORIENTED_EDGE('',*,*,#104,.F.);
#382 = ORIENTED_EDGE('',*,*,#383,.F.);
#383 = EDGE_CURVE('',#369,#105,#384,.T.);
#384 = LINE('',#385,#386);
#385 = CARTESIAN_POINT('',(7.777241335952,5.529422863406,-0.1));
#386 = VECTOR('',#387,1.);
#387 = DIRECTION('',(0.,0.,1.));
#388 = PLANE('',#389);
#389 = AXIS2_PLACEMENT_3D('',#390,#391,#392);
#390 = CARTESIAN_POINT('',(4.053332099679,3.379422863406,-0.1));
#391 = DIRECTION('',(-0.5,0.866025403784,0.));
#392 = DIRECTION('',(0.866025403784,0.5,0.));
#393 = ADVANCED_FACE('',(#394),#413,.F.);
#394 = FACE_BOUND('',#395,.F.);
#395 = EDGE_LOOP('',(#396,#397,#405,#412));
#396 = ORIENTED_EDGE('',*,*,#114,.F.);
#397 = ORIENTED_EDGE('',*,*,#398,.F.);
#398 = EDGE_CURVE('',#399,#115,#401,.T.);
#399 = VERTEX_POINT('',#400);
#400 = CARTESIAN_POINT('',(8.677241335952,3.970577136594,0.));
#401 = LINE('',#402,#403);
#402 = CARTESIAN_POINT('',(8.677241335952,3.970577136594,-0.1));
#403 = VECTOR('',#404,1.);
#404 = DIRECTION('',(0.,0.,1.));
#405 = ORIENTED_EDGE('',*,*,#406,.T.);
#406 = EDGE_CURVE('',#399,#369,#407,.T.);
#407 = CIRCLE('',#408,0.9);
#408 = AXIS2_PLACEMENT_3D('',#409,#410,#411);
#409 = CARTESIAN_POINT('',(8.227241335952,4.75,0.));
#410 = DIRECTION('',(0.,0.,1.));
#411 = DIRECTION('',(1.,0.,0.));
#412 = ORIENTED_EDGE('',*,*,#383,.T.);
#413 = CYLINDRICAL_SURFACE('',#414,0.9);
#414 = AXIS2_PLACEMENT_3D('',#415,#416,#417);
#415 = CARTESIAN_POINT('',(8.227241335952,4.75,-0.1));
#416 = DIRECTION('',(0.,0.,1.));
#417 = DIRECTION('',(1.,0.,0.));
#418 = ADVANCED_FACE('',(#419),#438,.F.);
#419 = FACE_BOUND('',#420,.F.);
#420 = EDGE_LOOP('',(#421,#422,#423,#432));
#421 = ORIENTED_EDGE('',*,*,#131,.F.);
#422 = ORIENTED_EDGE('',*,*,#376,.F.);
#423 = ORIENTED_EDGE('',*,*,#424,.T.);
#424 = EDGE_CURVE('',#367,#425,#427,.T.);
#425 = VERTEX_POINT('',#426);
#426 = CARTESIAN_POINT('',(4.953332099679,1.820577136594,0.));
#427 = CIRCLE('',#428,0.9);
#428 = AXIS2_PLACEMENT_3D('',#429,#430,#431);
#429 = CARTESIAN_POINT('',(4.503332099679,2.6,0.));
#430 = DIRECTION('',(0.,0.,1.));
#431 = DIRECTION('',(1.,0.,0.));
#432 = ORIENTED_EDGE('',*,*,#433,.T.);
#433 = EDGE_CURVE('',#425,#124,#434,.T.);
#434 = LINE('',#435,#436);
#435 = CARTESIAN_POINT('',(4.953332099679,1.820577136594,-0.1));
#436 = VECTOR('',#437,1.);
#437 = DIRECTION('',(0.,0.,1.));
#438 = CYLINDRICAL_SURFACE('',#439,0.9);
#439 = AXIS2_PLACEMENT_3D('',#440,#441,#442);
#440 = CARTESIAN_POINT('',(4.503332099679,2.6,-0.1));
#441 = DIRECTION('',(0.,0.,1.));
#442 = DIRECTION('',(1.,0.,0.));
#443 = ADVANCED_FACE('',(#444),#455,.F.);
#444 = FACE_BOUND('',#445,.F.);
#445 = EDGE_LOOP('',(#446,#452,#453,#454));
#446 = ORIENTED_EDGE('',*,*,#447,.F.);
#447 = EDGE_CURVE('',#399,#425,#448,.T.);
#448 = LINE('',#449,#450);
#449 = CARTESIAN_POINT('',(4.985238489819,1.83899829953,0.));
#450 = VECTOR('',#451,1.);
#451 = DIRECTION('',(-0.866025403784,-0.5,0.));
#452 = ORIENTED_EDGE('',*,*,#398,.T.);
#453 = ORIENTED_EDGE('',*,*,#123,.F.);
#454 = ORIENTED_EDGE('',*,*,#433,.F.);
#455 = PLANE('',#456);
#456 = AXIS2_PLACEMENT_3D('',#457,#458,#459);
#457 = CARTESIAN_POINT('',(8.677241335952,3.970577136594,-0.1));
#458 = DIRECTION('',(0.5,-0.866025403784,0.));
#459 = DIRECTION('',(-0.866025403784,-0.5,0.));
#460 = ADVANCED_FACE('',(#461,#472),#475,.T.);
#461 = FACE_BOUND('',#462,.T.);
#462 = EDGE_LOOP('',(#463));
#463 = ORIENTED_EDGE('',*,*,#464,.T.);
#464 = EDGE_CURVE('',#465,#465,#467,.T.);
#465 = VERTEX_POINT('',#466);
#466 = CARTESIAN_POINT('',(17.35,-4.249524393041E-15,6.3));
#467 = CIRCLE('',#468,17.35);
#468 = AXIS2_PLACEMENT_3D('',#469,#470,#471);
#469 = CARTESIAN_POINT('',(0.,0.,6.3));
#470 = DIRECTION('',(0.,0.,1.));
#471 = DIRECTION('',(1.,0.,0.));
#472 = FACE_BOUND('',#473,.T.);
#473 = EDGE_LOOP('',(#474));
#474 = ORIENTED_EDGE('',*,*,#154,.F.);
#475 = PLANE('',#476);
#476 = AXIS2_PLACEMENT_3D('',#477,#478,#479);
#477 = CARTESIAN_POINT('',(0.,0.,6.3));
#478 = DIRECTION('',(0.,0.,1.));
#479 = DIRECTION('',(1.,0.,0.));
#480 = ADVANCED_FACE('',(#481,#580,#630,#636,#642,#692,#698),#709,.T.);
#481 = FACE_BOUND('',#482,.T.);
#482 = EDGE_LOOP('',(#483,#494,#503,#512,#521,#530,#539,#547,#556,#565,
    #573));
#483 = ORIENTED_EDGE('',*,*,#484,.F.);
#484 = EDGE_CURVE('',#485,#487,#489,.T.);
#485 = VERTEX_POINT('',#486);
#486 = CARTESIAN_POINT('',(16.004857279357,-9.767652914974,0.));
#487 = VERTEX_POINT('',#488);
#488 = CARTESIAN_POINT('',(18.75,0.,0.));
#489 = CIRCLE('',#490,18.75);
#490 = AXIS2_PLACEMENT_3D('',#491,#492,#493);
#491 = CARTESIAN_POINT('',(0.,0.,0.));
#492 = DIRECTION('',(0.,0.,1.));
#493 = DIRECTION('',(1.,0.,0.));
#494 = ORIENTED_EDGE('',*,*,#495,.F.);
#495 = EDGE_CURVE('',#496,#485,#498,.T.);
#496 = VERTEX_POINT('',#497);
#497 = CARTESIAN_POINT('',(19.35,-14.,0.));
#498 = CIRCLE('',#499,4.35);
#499 = AXIS2_PLACEMENT_3D('',#500,#501,#502);
#500 = CARTESIAN_POINT('',(15.,-14.,0.));
#501 = DIRECTION('',(0.,0.,1.));
#502 = DIRECTION('',(1.,0.,0.));
#503 = ORIENTED_EDGE('',*,*,#504,.F.);
#504 = EDGE_CURVE('',#505,#496,#507,.T.);
#505 = VERTEX_POINT('',#506);
#506 = CARTESIAN_POINT('',(10.846924193327,-15.29400979286,0.));
#507 = CIRCLE('',#508,4.35);
#508 = AXIS2_PLACEMENT_3D('',#509,#510,#511);
#509 = CARTESIAN_POINT('',(15.,-14.,0.));
#510 = DIRECTION('',(0.,0.,1.));
#511 = DIRECTION('',(1.,0.,0.));
#512 = ORIENTED_EDGE('',*,*,#513,.F.);
#513 = EDGE_CURVE('',#514,#505,#516,.T.);
#514 = VERTEX_POINT('',#515);
#515 = CARTESIAN_POINT('',(-10.84692419332,-15.29400979286,0.));
#516 = CIRCLE('',#517,18.75);
#517 = AXIS2_PLACEMENT_3D('',#518,#519,#520);
#518 = CARTESIAN_POINT('',(0.,0.,0.));
#519 = DIRECTION('',(0.,0.,1.));
#520 = DIRECTION('',(1.,0.,0.));
#521 = ORIENTED_EDGE('',*,*,#522,.F.);
#522 = EDGE_CURVE('',#523,#514,#525,.T.);
#523 = VERTEX_POINT('',#524);
#524 = CARTESIAN_POINT('',(-16.00485727935,-9.767652914975,0.));
#525 = CIRCLE('',#526,4.35);
#526 = AXIS2_PLACEMENT_3D('',#527,#528,#529);
#527 = CARTESIAN_POINT('',(-15.,-14.,0.));
#528 = DIRECTION('',(0.,0.,1.));
#529 = DIRECTION('',(1.,0.,0.));
#530 = ORIENTED_EDGE('',*,*,#531,.F.);
#531 = EDGE_CURVE('',#532,#523,#534,.T.);
#532 = VERTEX_POINT('',#533);
#533 = CARTESIAN_POINT('',(-7.350142588901,17.249287055493,0.));
#534 = CIRCLE('',#535,18.75);
#535 = AXIS2_PLACEMENT_3D('',#536,#537,#538);
#536 = CARTESIAN_POINT('',(0.,0.,0.));
#537 = DIRECTION('',(0.,0.,1.));
#538 = DIRECTION('',(1.,0.,0.));
#539 = ORIENTED_EDGE('',*,*,#540,.F.);
#540 = EDGE_CURVE('',#541,#532,#543,.T.);
#541 = VERTEX_POINT('',#542);
#542 = CARTESIAN_POINT('',(-5.981528590111,24.092357049447,0.));
#543 = LINE('',#544,#545);
#544 = CARTESIAN_POINT('',(-5.8,25.,0.));
#545 = VECTOR('',#546,1.);
#546 = DIRECTION('',(-0.196116135138,-0.980580675691,0.));
#547 = ORIENTED_EDGE('',*,*,#548,.F.);
#548 = EDGE_CURVE('',#549,#541,#551,.T.);
#549 = VERTEX_POINT('',#550);
#550 = CARTESIAN_POINT('',(6.05,25.,0.));
#551 = CIRCLE('',#552,6.05);
#552 = AXIS2_PLACEMENT_3D('',#553,#554,#555);
#553 = CARTESIAN_POINT('',(0.,25.,0.));
#554 = DIRECTION('',(0.,0.,1.));
#555 = DIRECTION('',(1.,0.,0.));
#556 = ORIENTED_EDGE('',*,*,#557,.F.);
#557 = EDGE_CURVE('',#558,#549,#560,.T.);
#558 = VERTEX_POINT('',#559);
#559 = CARTESIAN_POINT('',(5.981528590111,24.092357049447,0.));
#560 = CIRCLE('',#561,6.05);
#561 = AXIS2_PLACEMENT_3D('',#562,#563,#564);
#562 = CARTESIAN_POINT('',(0.,25.,0.));
#563 = DIRECTION('',(0.,0.,1.));
#564 = DIRECTION('',(1.,0.,0.));
#565 = ORIENTED_EDGE('',*,*,#566,.F.);
#566 = EDGE_CURVE('',#567,#558,#569,.T.);
#567 = VERTEX_POINT('',#568);
#568 = CARTESIAN_POINT('',(7.350142588901,17.249287055493,0.));
#569 = LINE('',#570,#571);
#570 = CARTESIAN_POINT('',(8.,14.,0.));
#571 = VECTOR('',#572,1.);
#572 = DIRECTION('',(-0.196116135138,0.980580675691,0.));
#573 = ORIENTED_EDGE('',*,*,#574,.F.);
#574 = EDGE_CURVE('',#487,#567,#575,.T.);
#575 = CIRCLE('',#576,18.75);
#576 = AXIS2_PLACEMENT_3D('',#577,#578,#579);
#577 = CARTESIAN_POINT('',(0.,0.,0.));
#578 = DIRECTION('',(0.,0.,1.));
#579 = DIRECTION('',(1.,0.,0.));
#580 = FACE_BOUND('',#581,.T.);
#581 = EDGE_LOOP('',(#582,#592,#600,#608,#616,#624));
#582 = ORIENTED_EDGE('',*,*,#583,.T.);
#583 = EDGE_CURVE('',#584,#586,#588,.T.);
#584 = VERTEX_POINT('',#585);
#585 = CARTESIAN_POINT('',(17.9,-15.67431578065,0.));
#586 = VERTEX_POINT('',#587);
#587 = CARTESIAN_POINT('',(17.9,-12.32568421935,0.));
#588 = LINE('',#589,#590);
#589 = CARTESIAN_POINT('',(17.9,-7.047698359168,0.));
#590 = VECTOR('',#591,1.);
#591 = DIRECTION('',(0.,1.,0.));
#592 = ORIENTED_EDGE('',*,*,#593,.T.);
#593 = EDGE_CURVE('',#586,#594,#596,.T.);
#594 = VERTEX_POINT('',#595);
#595 = CARTESIAN_POINT('',(15.,-10.6513684387,0.));
#596 = LINE('',#597,#598);
#597 = CARTESIAN_POINT('',(8.256836899356,-6.758201407354,0.));
#598 = VECTOR('',#599,1.);
#599 = DIRECTION('',(-0.866025403784,0.5,0.));
#600 = ORIENTED_EDGE('',*,*,#601,.T.);
#601 = EDGE_CURVE('',#594,#602,#604,.T.);
#602 = VERTEX_POINT('',#603);
#603 = CARTESIAN_POINT('',(12.1,-12.32568421935,0.));
#604 = LINE('',#605,#606);
#605 = CARTESIAN_POINT('',(12.102706735088,-12.32412148511,0.));
#606 = VECTOR('',#607,1.);
#607 = DIRECTION('',(-0.866025403784,-0.5,0.));
#608 = ORIENTED_EDGE('',*,*,#609,.T.);
#609 = EDGE_CURVE('',#602,#610,#612,.T.);
#610 = VERTEX_POINT('',#611);
#611 = CARTESIAN_POINT('',(12.1,-15.67431578065,0.));
#612 = LINE('',#613,#614);
#613 = CARTESIAN_POINT('',(12.1,-5.373382578518,0.));
#614 = VECTOR('',#615,1.);
#615 = DIRECTION('',(0.,-1.,0.));
#616 = ORIENTED_EDGE('',*,*,#617,.T.);
#617 = EDGE_CURVE('',#610,#618,#620,.T.);
#618 = VERTEX_POINT('',#619);
#619 = CARTESIAN_POINT('',(15.,-17.3486315613,0.));
#620 = LINE('',#621,#622);
#621 = CARTESIAN_POINT('',(3.906836899356,-10.94399085897,0.));
#622 = VECTOR('',#623,1.);
#623 = DIRECTION('',(0.866025403784,-0.5,0.));
#624 = ORIENTED_EDGE('',*,*,#625,.T.);
#625 = EDGE_CURVE('',#618,#584,#626,.T.);
#626 = LINE('',#627,#628);
#627 = CARTESIAN_POINT('',(13.552706735088,-18.18422671739,0.));
#628 = VECTOR('',#629,1.);
#629 = DIRECTION('',(0.866025403784,0.5,0.));
#630 = FACE_BOUND('',#631,.T.);
#631 = EDGE_LOOP('',(#632,#633,#634,#635));
#632 = ORIENTED_EDGE('',*,*,#366,.F.);
#633 = ORIENTED_EDGE('',*,*,#424,.T.);
#634 = ORIENTED_EDGE('',*,*,#447,.F.);
#635 = ORIENTED_EDGE('',*,*,#406,.T.);
#636 = FACE_BOUND('',#637,.T.);
#637 = EDGE_LOOP('',(#638,#639,#640,#641));
#638 = ORIENTED_EDGE('',*,*,#170,.F.);
#639 = ORIENTED_EDGE('',*,*,#203,.T.);
#640 = ORIENTED_EDGE('',*,*,#226,.F.);
#641 = ORIENTED_EDGE('',*,*,#250,.T.);
#642 = FACE_BOUND('',#643,.T.);
#643 = EDGE_LOOP('',(#644,#654,#662,#670,#678,#686));
#644 = ORIENTED_EDGE('',*,*,#645,.T.);
#645 = EDGE_CURVE('',#646,#648,#650,.T.);
#646 = VERTEX_POINT('',#647);
#647 = CARTESIAN_POINT('',(-12.1,-15.67431578065,0.));
#648 = VERTEX_POINT('',#649);
#649 = CARTESIAN_POINT('',(-12.1,-12.32568421935,0.));
#650 = LINE('',#651,#652);
#651 = CARTESIAN_POINT('',(-12.1,-7.047698359168,0.));
#652 = VECTOR('',#653,1.);
#653 = DIRECTION('',(5.304724652093E-16,1.,0.));
#654 = ORIENTED_EDGE('',*,*,#655,.T.);
#655 = EDGE_CURVE('',#648,#656,#658,.T.);
#656 = VERTEX_POINT('',#657);
#657 = CARTESIAN_POINT('',(-15.,-10.6513684387,0.));
#658 = LINE('',#659,#660);
#659 = CARTESIAN_POINT('',(-10.49316310064,-13.25339193573,0.));
#660 = VECTOR('',#661,1.);
#661 = DIRECTION('',(-0.866025403784,0.5,0.));
#662 = ORIENTED_EDGE('',*,*,#663,.T.);
#663 = EDGE_CURVE('',#656,#664,#666,.T.);
#664 = VERTEX_POINT('',#665);
#665 = CARTESIAN_POINT('',(-17.9,-12.32568421935,0.));
#666 = LINE('',#667,#668);
#667 = CARTESIAN_POINT('',(-6.647293264912,-5.828930956735,0.));
#668 = VECTOR('',#669,1.);
#669 = DIRECTION('',(-0.866025403784,-0.5,0.));
#670 = ORIENTED_EDGE('',*,*,#671,.T.);
#671 = EDGE_CURVE('',#664,#672,#674,.T.);
#672 = VERTEX_POINT('',#673);
#673 = CARTESIAN_POINT('',(-17.9,-15.67431578065,0.));
#674 = LINE('',#675,#676);
#675 = CARTESIAN_POINT('',(-17.9,-5.373382578518,0.));
#676 = VECTOR('',#677,1.);
#677 = DIRECTION('',(0.,-1.,0.));
#678 = ORIENTED_EDGE('',*,*,#679,.T.);
#679 = EDGE_CURVE('',#672,#680,#682,.T.);
#680 = VERTEX_POINT('',#681);
#681 = CARTESIAN_POINT('',(-15.,-17.3486315613,0.));
#682 = LINE('',#683,#684);
#683 = CARTESIAN_POINT('',(-14.84316310064,-17.43918138736,0.));
#684 = VECTOR('',#685,1.);
#685 = DIRECTION('',(0.866025403784,-0.5,0.));
#686 = ORIENTED_EDGE('',*,*,#687,.T.);
#687 = EDGE_CURVE('',#680,#646,#688,.T.);
#688 = LINE('',#689,#690);
#689 = CARTESIAN_POINT('',(-5.197293264912,-11.68903618901,0.));
#690 = VECTOR('',#691,1.);
#691 = DIRECTION('',(0.866025403784,0.5,0.));
#692 = FACE_BOUND('',#693,.T.);
#693 = EDGE_LOOP('',(#694,#695,#696,#697));
#694 = ORIENTED_EDGE('',*,*,#268,.F.);
#695 = ORIENTED_EDGE('',*,*,#324,.T.);
#696 = ORIENTED_EDGE('',*,*,#349,.F.);
#697 = ORIENTED_EDGE('',*,*,#308,.T.);
#698 = FACE_BOUND('',#699,.T.);
#699 = EDGE_LOOP('',(#700));
#700 = ORIENTED_EDGE('',*,*,#701,.T.);
#701 = EDGE_CURVE('',#702,#702,#704,.T.);
#702 = VERTEX_POINT('',#703);
#703 = CARTESIAN_POINT('',(3.25,25.,0.));
#704 = CIRCLE('',#705,3.25);
#705 = AXIS2_PLACEMENT_3D('',#706,#707,#708);
#706 = CARTESIAN_POINT('',(0.,25.,0.));
#707 = DIRECTION('',(0.,0.,1.));
#708 = DIRECTION('',(1.,0.,0.));
#709 = PLANE('',#710);
#710 = AXIS2_PLACEMENT_3D('',#711,#712,#713);
#711 = CARTESIAN_POINT('',(0.212724845925,1.578919062313,0.));
#712 = DIRECTION('',(-0.,-0.,-1.));
#713 = DIRECTION('',(-1.,0.,0.));
#714 = ADVANCED_FACE('',(#715),#734,.T.);
#715 = FACE_BOUND('',#716,.T.);
#716 = EDGE_LOOP('',(#717,#718,#726,#733));
#717 = ORIENTED_EDGE('',*,*,#464,.F.);
#718 = ORIENTED_EDGE('',*,*,#719,.F.);
#719 = EDGE_CURVE('',#720,#465,#722,.T.);
#720 = VERTEX_POINT('',#721);
#721 = CARTESIAN_POINT('',(17.35,-4.249524393041E-15,5.5));
#722 = LINE('',#723,#724);
#723 = CARTESIAN_POINT('',(17.35,-4.249524393041E-15,5.5));
#724 = VECTOR('',#725,1.);
#725 = DIRECTION('',(0.,0.,1.));
#726 = ORIENTED_EDGE('',*,*,#727,.T.);
#727 = EDGE_CURVE('',#720,#720,#728,.T.);
#728 = CIRCLE('',#729,17.35);
#729 = AXIS2_PLACEMENT_3D('',#730,#731,#732);
#730 = CARTESIAN_POINT('',(0.,0.,5.5));
#731 = DIRECTION('',(0.,0.,1.));
#732 = DIRECTION('',(1.,0.,0.));
#733 = ORIENTED_EDGE('',*,*,#719,.T.);
#734 = CYLINDRICAL_SURFACE('',#735,17.35);
#735 = AXIS2_PLACEMENT_3D('',#736,#737,#738);
#736 = CARTESIAN_POINT('',(0.,0.,5.5));
#737 = DIRECTION('',(0.,0.,1.));
#738 = DIRECTION('',(1.,0.,0.));
#739 = ADVANCED_FACE('',(#740),#781,.T.);
#740 = FACE_BOUND('',#741,.F.);
#741 = EDGE_LOOP('',(#742,#753,#760,#761));
#742 = ORIENTED_EDGE('',*,*,#743,.T.);
#743 = EDGE_CURVE('',#744,#746,#748,.T.);
#744 = VERTEX_POINT('',#745);
#745 = CARTESIAN_POINT('',(16.682450177007,-9.504517667492,0.45));
#746 = VERTEX_POINT('',#747);
#747 = CARTESIAN_POINT('',(19.2,0.,0.45));
#748 = CIRCLE('',#749,19.2);
#749 = AXIS2_PLACEMENT_3D('',#750,#751,#752);
#750 = CARTESIAN_POINT('',(0.,0.,0.45));
#751 = DIRECTION('',(0.,0.,1.));
#752 = DIRECTION('',(1.,0.,0.));
#753 = ORIENTED_EDGE('',*,*,#754,.T.);
#754 = EDGE_CURVE('',#746,#487,#755,.T.);
#755 = CIRCLE('',#756,0.45);
#756 = AXIS2_PLACEMENT_3D('',#757,#758,#759);
#757 = CARTESIAN_POINT('',(18.75,0.,0.45));
#758 = DIRECTION('',(-0.,1.,0.));
#759 = DIRECTION('',(1.,0.,0.));
#760 = ORIENTED_EDGE('',*,*,#484,.F.);
#761 = ORIENTED_EDGE('',*,*,#762,.F.);
#762 = EDGE_CURVE('',#744,#485,#763,.T.);
#763 = B_SPLINE_CURVE_WITH_KNOTS('',6,(#764,#765,#766,#767,#768,#769,
    #770,#771,#772,#773,#774,#775,#776,#777,#778,#779,#780),
  .UNSPECIFIED.,.F.,.F.,(7,5,5,7),(0.,0.27834366273,0.562162290997,1.),
  .UNSPECIFIED.);
#764 = CARTESIAN_POINT('',(16.682450177007,-9.504517667492,0.45));
#765 = CARTESIAN_POINT('',(16.682450177007,-9.504517667492,
    0.415939226504));
#766 = CARTESIAN_POINT('',(16.677964255301,-9.506142063769,
    0.381876067754));
#767 = CARTESIAN_POINT('',(16.668990878243,-9.509391041751,
    0.348214432036));
#768 = CARTESIAN_POINT('',(16.655637238227,-9.514237347112,
    0.315347063229));
#769 = CARTESIAN_POINT('',(16.638101373635,-9.520629985038,
    0.283635371125));
#770 = CARTESIAN_POINT('',(16.594785343964,-9.536520614682,
    0.222548217301));
#771 = CARTESIAN_POINT('',(16.568847504821,-9.546077974425,
    0.193228159929));
#772 = CARTESIAN_POINT('',(16.539125318187,-9.557095418187,
    0.165757258736));
#773 = CARTESIAN_POINT('',(16.505967791649,-9.569480971404,0.14039821226
    ));
#774 = CARTESIAN_POINT('',(16.4697596538,-9.583130798468,0.117351366964)
  );
#775 = CARTESIAN_POINT('',(16.370933704956,-9.62077228523,
    6.498886905967E-02));
#776 = CARTESIAN_POINT('',(16.304649019378,-9.646355705414,
    3.905957590281E-02));
#777 = CARTESIAN_POINT('',(16.23346822098,-9.67428425339,
    1.948452362252E-02));
#778 = CARTESIAN_POINT('',(16.15886409309,-9.704121813356,
    6.464407845822E-03));
#779 = CARTESIAN_POINT('',(16.0822118511,-9.735414864734,
    -3.066181656144E-08));
#780 = CARTESIAN_POINT('',(16.004857279376,-9.767652914943,0.));
#781 = TOROIDAL_SURFACE('',#782,18.75,0.45);
#782 = AXIS2_PLACEMENT_3D('',#783,#784,#785);
#783 = CARTESIAN_POINT('',(0.,0.,0.45));
#784 = DIRECTION('',(-0.,-0.,-1.));
#785 = DIRECTION('',(1.,0.,0.));
#786 = ADVANCED_FACE('',(#787),#807,.T.);
#787 = FACE_BOUND('',#788,.F.);
#788 = EDGE_LOOP('',(#789,#790,#799,#806));
#789 = ORIENTED_EDGE('',*,*,#495,.F.);
#790 = ORIENTED_EDGE('',*,*,#791,.F.);
#791 = EDGE_CURVE('',#792,#496,#794,.T.);
#792 = VERTEX_POINT('',#793);
#793 = CARTESIAN_POINT('',(19.8,-14.,0.45));
#794 = CIRCLE('',#795,0.45);
#795 = AXIS2_PLACEMENT_3D('',#796,#797,#798);
#796 = CARTESIAN_POINT('',(19.35,-14.,0.45));
#797 = DIRECTION('',(-0.,1.,0.));
#798 = DIRECTION('',(1.,0.,0.));
#799 = ORIENTED_EDGE('',*,*,#800,.T.);
#800 = EDGE_CURVE('',#792,#744,#801,.T.);
#801 = CIRCLE('',#802,4.8);
#802 = AXIS2_PLACEMENT_3D('',#803,#804,#805);
#803 = CARTESIAN_POINT('',(15.,-14.,0.45));
#804 = DIRECTION('',(0.,0.,1.));
#805 = DIRECTION('',(1.,0.,0.));
#806 = ORIENTED_EDGE('',*,*,#762,.T.);
#807 = TOROIDAL_SURFACE('',#808,4.35,0.45);
#808 = AXIS2_PLACEMENT_3D('',#809,#810,#811);
#809 = CARTESIAN_POINT('',(15.,-14.,0.45));
#810 = DIRECTION('',(-0.,-0.,-1.));
#811 = DIRECTION('',(1.,0.,0.));
#812 = ADVANCED_FACE('',(#813),#847,.T.);
#813 = FACE_BOUND('',#814,.F.);
#814 = EDGE_LOOP('',(#815,#816,#825,#846));
#815 = ORIENTED_EDGE('',*,*,#754,.F.);
#816 = ORIENTED_EDGE('',*,*,#817,.T.);
#817 = EDGE_CURVE('',#746,#818,#820,.T.);
#818 = VERTEX_POINT('',#819);
#819 = CARTESIAN_POINT('',(7.24377917892,17.781104105399,0.45));
#820 = CIRCLE('',#821,19.2);
#821 = AXIS2_PLACEMENT_3D('',#822,#823,#824);
#822 = CARTESIAN_POINT('',(0.,0.,0.45));
#823 = DIRECTION('',(0.,0.,1.));
#824 = DIRECTION('',(1.,0.,0.));
#825 = ORIENTED_EDGE('',*,*,#826,.T.);
#826 = EDGE_CURVE('',#818,#567,#827,.T.);
#827 = B_SPLINE_CURVE_WITH_KNOTS('',5,(#828,#829,#830,#831,#832,#833,
    #834,#835,#836,#837,#838,#839,#840,#841,#842,#843,#844,#845),
  .UNSPECIFIED.,.F.,.F.,(6,4,4,4,6),(0.,0.251363464202,0.503650548514,
    0.750401253539,1.),.UNSPECIFIED.);
#828 = CARTESIAN_POINT('',(7.24377917892,17.781104105399,0.45));
#829 = CARTESIAN_POINT('',(7.24377917892,17.781104105399,0.413791405213)
  );
#830 = CARTESIAN_POINT('',(7.244635430846,17.776822845769,0.377581120425
    ));
#831 = CARTESIAN_POINT('',(7.246348112658,17.768259436711,0.341899005633
    ));
#832 = CARTESIAN_POINT('',(7.248887136091,17.755564319544,0.307260993605
    ));
#833 = CARTESIAN_POINT('',(7.255521985681,17.722390071595,0.240857240822
    ));
#834 = CARTESIAN_POINT('',(7.259623747201,17.701881263994,0.209100199482
    ));
#835 = CARTESIAN_POINT('',(7.264449484878,17.677752575609,0.179306034036
    ));
#836 = CARTESIAN_POINT('',(7.269923244288,17.65038377856,0.151851332134)
  );
#837 = CARTESIAN_POINT('',(7.281862572902,17.590687135488,0.102740132437
    ));
#838 = CARTESIAN_POINT('',(7.28830389701,17.558480514951,
    8.096904854174E-02));
#839 = CARTESIAN_POINT('',(7.29520294229,17.523985288551,
    6.197820522233E-02));
#840 = CARTESIAN_POINT('',(7.302471692064,17.487641539682,
    4.595310800724E-02));
#841 = CARTESIAN_POINT('',(7.317657316133,17.411713419335,
    1.992103717103E-02));
#842 = CARTESIAN_POINT('',(7.325580651258,17.37209674371,
    9.985775498845E-03));
#843 = CARTESIAN_POINT('',(7.333698650628,17.331506746858,
    3.327580613861E-03));
#844 = CARTESIAN_POINT('',(7.341917162399,17.290414188007,0.));
#845 = CARTESIAN_POINT('',(7.350142588901,17.249287055494,0.));
#846 = ORIENTED_EDGE('',*,*,#574,.F.);
#847 = TOROIDAL_SURFACE('',#848,18.75,0.45);
#848 = AXIS2_PLACEMENT_3D('',#849,#850,#851);
#849 = CARTESIAN_POINT('',(0.,0.,0.45));
#850 = DIRECTION('',(-0.,-0.,-1.));
#851 = DIRECTION('',(1.,0.,0.));
#852 = ADVANCED_FACE('',(#853),#886,.T.);
#853 = FACE_BOUND('',#854,.F.);
#854 = EDGE_LOOP('',(#855,#864,#865,#866));
#855 = ORIENTED_EDGE('',*,*,#856,.T.);
#856 = EDGE_CURVE('',#857,#792,#859,.T.);
#857 = VERTEX_POINT('',#858);
#858 = CARTESIAN_POINT('',(10.631089015392,-15.98811891208,0.45));
#859 = CIRCLE('',#860,4.8);
#860 = AXIS2_PLACEMENT_3D('',#861,#862,#863);
#861 = CARTESIAN_POINT('',(15.,-14.,0.45));
#862 = DIRECTION('',(0.,0.,1.));
#863 = DIRECTION('',(1.,0.,0.));
#864 = ORIENTED_EDGE('',*,*,#791,.T.);
#865 = ORIENTED_EDGE('',*,*,#504,.F.);
#866 = ORIENTED_EDGE('',*,*,#867,.T.);
#867 = EDGE_CURVE('',#505,#857,#868,.T.);
#868 = B_SPLINE_CURVE_WITH_KNOTS('',6,(#869,#870,#871,#872,#873,#874,
    #875,#876,#877,#878,#879,#880,#881,#882,#883,#884,#885),
  .UNSPECIFIED.,.F.,.F.,(7,5,5,7),(0.,0.437004893626,0.722019180685,1.),
  .UNSPECIFIED.);
#869 = CARTESIAN_POINT('',(10.846924193318,-15.29400979287,0.));
#870 = CARTESIAN_POINT('',(10.820142221789,-15.3732502801,
    -3.01828054208E-08));
#871 = CARTESIAN_POINT('',(10.7942512199,-15.45172793808,
    6.439836466042E-03));
#872 = CARTESIAN_POINT('',(10.76966540344,-15.52807283753,
    1.941030268702E-02));
#873 = CARTESIAN_POINT('',(10.746740561283,-15.60088980938,
    3.89107798578E-02));
#874 = CARTESIAN_POINT('',(10.725808502409,-15.66868847972,
    6.474248694886E-02));
#875 = CARTESIAN_POINT('',(10.695012330188,-15.7700253454,0.117039722061
    ));
#876 = CARTESIAN_POINT('',(10.683831067748,-15.80727724636,
    0.140159555788));
#877 = CARTESIAN_POINT('',(10.67370923937,-15.84137520924,0.165612699861
    ));
#878 = CARTESIAN_POINT('',(10.664724957092,-15.87192310509,
    0.193196562371));
#879 = CARTESIAN_POINT('',(10.656946807029,-15.89856183105,
    0.222645153533));
#880 = CARTESIAN_POINT('',(10.644074481633,-15.94288240057,
    0.283842092803));
#881 = CARTESIAN_POINT('',(10.638918234149,-15.96077130051,
    0.315518459114));
#882 = CARTESIAN_POINT('',(10.635013436152,-15.97439175258,
    0.348346086377));
#883 = CARTESIAN_POINT('',(10.632397129325,-15.98354370298,
    0.381964885091));
#884 = CARTESIAN_POINT('',(10.631089015392,-15.98811891208,
    0.415983627823));
#885 = CARTESIAN_POINT('',(10.631089015392,-15.98811891208,0.45));
#886 = TOROIDAL_SURFACE('',#887,4.35,0.45);
#887 = AXIS2_PLACEMENT_3D('',#888,#889,#890);
#888 = CARTESIAN_POINT('',(15.,-14.,0.45));
#889 = DIRECTION('',(-0.,-0.,-1.));
#890 = DIRECTION('',(1.,0.,0.));
#891 = ADVANCED_FACE('',(#892),#995,.F.);
#892 = FACE_BOUND('',#893,.F.);
#893 = EDGE_LOOP('',(#894,#895,#896,#904,#927,#935,#962,#970));
#894 = ORIENTED_EDGE('',*,*,#566,.F.);
#895 = ORIENTED_EDGE('',*,*,#826,.F.);
#896 = ORIENTED_EDGE('',*,*,#897,.T.);
#897 = EDGE_CURVE('',#818,#898,#900,.T.);
#898 = VERTEX_POINT('',#899);
#899 = CARTESIAN_POINT('',(7.24377917892,17.781104105399,5.05));
#900 = LINE('',#901,#902);
#901 = CARTESIAN_POINT('',(7.24377917892,17.781104105399,0.));
#902 = VECTOR('',#903,1.);
#903 = DIRECTION('',(0.,0.,1.));
#904 = ORIENTED_EDGE('',*,*,#905,.T.);
#905 = EDGE_CURVE('',#898,#906,#908,.T.);
#906 = VERTEX_POINT('',#907);
#907 = CARTESIAN_POINT('',(7.350142588901,17.249287055493,5.5));
#908 = B_SPLINE_CURVE_WITH_KNOTS('',5,(#909,#910,#911,#912,#913,#914,
    #915,#916,#917,#918,#919,#920,#921,#922,#923,#924,#925,#926),
  .UNSPECIFIED.,.F.,.F.,(6,4,4,4,6),(0.,0.251363464202,0.503650548515,
    0.750401253539,1.),.UNSPECIFIED.);
#909 = CARTESIAN_POINT('',(7.24377917892,17.781104105399,5.05));
#910 = CARTESIAN_POINT('',(7.24377917892,17.781104105399,5.086208594787)
  );
#911 = CARTESIAN_POINT('',(7.244635430846,17.776822845769,5.122418879575
    ));
#912 = CARTESIAN_POINT('',(7.246348112658,17.768259436711,5.158100994367
    ));
#913 = CARTESIAN_POINT('',(7.248887136091,17.755564319544,5.192739006395
    ));
#914 = CARTESIAN_POINT('',(7.255521985681,17.722390071595,5.259142759178
    ));
#915 = CARTESIAN_POINT('',(7.259623747201,17.701881263994,5.290899800518
    ));
#916 = CARTESIAN_POINT('',(7.264449484878,17.677752575609,5.320693965964
    ));
#917 = CARTESIAN_POINT('',(7.269923244288,17.65038377856,5.348148667866)
  );
#918 = CARTESIAN_POINT('',(7.281862572902,17.590687135488,5.397259867563
    ));
#919 = CARTESIAN_POINT('',(7.28830389701,17.558480514951,5.419030951458)
  );
#920 = CARTESIAN_POINT('',(7.29520294229,17.523985288551,5.438021794778)
  );
#921 = CARTESIAN_POINT('',(7.302471692064,17.487641539682,5.454046891993
    ));
#922 = CARTESIAN_POINT('',(7.317657316133,17.411713419335,5.480078962829
    ));
#923 = CARTESIAN_POINT('',(7.325580651258,17.37209674371,5.490014224501)
  );
#924 = CARTESIAN_POINT('',(7.333698650628,17.331506746858,5.496672419386
    ));
#925 = CARTESIAN_POINT('',(7.341917162399,17.290414188007,5.5));
#926 = CARTESIAN_POINT('',(7.350142588901,17.249287055494,5.5));
#927 = ORIENTED_EDGE('',*,*,#928,.T.);
#928 = EDGE_CURVE('',#906,#929,#931,.T.);
#929 = VERTEX_POINT('',#930);
#930 = CARTESIAN_POINT('',(5.981528590111,24.092357049447,5.5));
#931 = LINE('',#932,#933);
#932 = CARTESIAN_POINT('',(8.,14.,5.5));
#933 = VECTOR('',#934,1.);
#934 = DIRECTION('',(-0.196116135138,0.980580675691,0.));
#935 = ORIENTED_EDGE('',*,*,#936,.F.);
#936 = EDGE_CURVE('',#937,#929,#939,.T.);
#937 = VERTEX_POINT('',#938);
#938 = CARTESIAN_POINT('',(6.194107943688,23.029460281561,5.05));
#939 = B_SPLINE_CURVE_WITH_KNOTS('',6,(#940,#941,#942,#943,#944,#945,
    #946,#947,#948,#949,#950,#951,#952,#953,#954,#955,#956,#957,#958,
    #959,#960,#961),.UNSPECIFIED.,.F.,.F.,(7,5,5,5,7),(0.,0.27534369129,
    0.447072688864,0.70507260187,1.),.UNSPECIFIED.);
#940 = CARTESIAN_POINT('',(6.194107943688,23.029460281561,5.05));
#941 = CARTESIAN_POINT('',(6.194107943688,23.029460281561,5.088647467332
    ));
#942 = CARTESIAN_POINT('',(6.192494562429,23.037527187855,5.127311232344
    ));
#943 = CARTESIAN_POINT('',(6.189265291501,23.053673542495,5.165138186409
    ));
#944 = CARTESIAN_POINT('',(6.184523494631,23.077382526846,5.201380053181
    ));
#945 = CARTESIAN_POINT('',(6.178424091115,23.107879544425,5.235506646995
    ));
#946 = CARTESIAN_POINT('',(6.166603323472,23.166983382642,5.286936121642
    ));
#947 = CARTESIAN_POINT('',(6.161601443074,23.191992784629,5.305745845263
    ));
#948 = CARTESIAN_POINT('',(6.156178167342,23.219109163289,5.323537425211
    ));
#949 = CARTESIAN_POINT('',(6.150373587276,23.248132063619,5.340269448374
    ));
#950 = CARTESIAN_POINT('',(6.144225591194,23.27887204403,5.35592496317)
  );
#951 = CARTESIAN_POINT('',(6.128065023691,23.359674881545,5.392408339119
    ));
#952 = CARTESIAN_POINT('',(6.117664191276,23.411679043622,5.411879865961
    ));
#953 = CARTESIAN_POINT('',(6.106676704265,23.466616478674,5.428928236481
    ));
#954 = CARTESIAN_POINT('',(6.095198022761,23.524009886194,5.44362889263)
  );
#955 = CARTESIAN_POINT('',(6.083305326069,23.583473369657,5.456095721237
    ));
#956 = CARTESIAN_POINT('',(6.057052348844,23.714738255778,5.478293145209
    ));
#957 = CARTESIAN_POINT('',(6.042585749616,23.787071251922,5.487374214853
    ));
#958 = CARTESIAN_POINT('',(6.027742154222,23.861289228891,5.493885330763
    ));
#959 = CARTESIAN_POINT('',(6.012588372844,23.93705813578,5.498026604179)
  );
#960 = CARTESIAN_POINT('',(5.997173124179,24.014134379106,5.5));
#961 = CARTESIAN_POINT('',(5.981528590111,24.092357049447,5.5));
#962 = ORIENTED_EDGE('',*,*,#963,.F.);
#963 = EDGE_CURVE('',#964,#937,#966,.T.);
#964 = VERTEX_POINT('',#965);
#965 = CARTESIAN_POINT('',(6.194107943688,23.029460281561,0.45));
#966 = LINE('',#967,#968);
#967 = CARTESIAN_POINT('',(6.194107943688,23.029460281561,0.));
#968 = VECTOR('',#969,1.);
#969 = DIRECTION('',(0.,0.,1.));
#970 = ORIENTED_EDGE('',*,*,#971,.T.);
#971 = EDGE_CURVE('',#964,#558,#972,.T.);
#972 = B_SPLINE_CURVE_WITH_KNOTS('',6,(#973,#974,#975,#976,#977,#978,
    #979,#980,#981,#982,#983,#984,#985,#986,#987,#988,#989,#990,#991,
    #992,#993,#994),.UNSPECIFIED.,.F.,.F.,(7,5,5,5,7),(0.,0.27534369129,
    0.447072688864,0.70507260187,1.),.UNSPECIFIED.);
#973 = CARTESIAN_POINT('',(6.194107943688,23.029460281561,0.45));
#974 = CARTESIAN_POINT('',(6.194107943688,23.029460281561,0.411352532668
    ));
#975 = CARTESIAN_POINT('',(6.192494562429,23.037527187855,0.372688767656
    ));
#976 = CARTESIAN_POINT('',(6.189265291501,23.053673542495,0.334861813591
    ));
#977 = CARTESIAN_POINT('',(6.184523494631,23.077382526846,0.298619946819
    ));
#978 = CARTESIAN_POINT('',(6.178424091115,23.107879544425,0.264493353005
    ));
#979 = CARTESIAN_POINT('',(6.166603323472,23.166983382642,0.213063878358
    ));
#980 = CARTESIAN_POINT('',(6.161601443074,23.191992784629,0.194254154737
    ));
#981 = CARTESIAN_POINT('',(6.156178167342,23.219109163289,0.176462574789
    ));
#982 = CARTESIAN_POINT('',(6.150373587276,23.248132063619,0.159730551626
    ));
#983 = CARTESIAN_POINT('',(6.144225591194,23.27887204403,0.14407503683)
  );
#984 = CARTESIAN_POINT('',(6.128065023691,23.359674881545,0.107591660881
    ));
#985 = CARTESIAN_POINT('',(6.117664191276,23.411679043622,
    8.812013403914E-02));
#986 = CARTESIAN_POINT('',(6.106676704265,23.466616478674,
    7.107176351855E-02));
#987 = CARTESIAN_POINT('',(6.095198022761,23.524009886194,
    5.637110737025E-02));
#988 = CARTESIAN_POINT('',(6.083305326069,23.583473369657,
    4.390427876337E-02));
#989 = CARTESIAN_POINT('',(6.057052348844,23.714738255778,
    2.170685479115E-02));
#990 = CARTESIAN_POINT('',(6.042585749616,23.787071251922,
    1.262578514718E-02));
#991 = CARTESIAN_POINT('',(6.027742154222,23.861289228891,
    6.114669237326E-03));
#992 = CARTESIAN_POINT('',(6.012588372844,23.93705813578,
    1.973395821226E-03));
#993 = CARTESIAN_POINT('',(5.997173124179,24.014134379106,0.));
#994 = CARTESIAN_POINT('',(5.981528590111,24.092357049447,0.));
#995 = PLANE('',#996);
#996 = AXIS2_PLACEMENT_3D('',#997,#998,#999);
#997 = CARTESIAN_POINT('',(8.,14.,0.));
#998 = DIRECTION('',(-0.980580675691,-0.196116135138,0.));
#999 = DIRECTION('',(-0.196116135138,0.980580675691,0.));
#1000 = ADVANCED_FACE('',(#1001),#1034,.T.);
#1001 = FACE_BOUND('',#1002,.F.);
#1002 = EDGE_LOOP('',(#1003,#1012,#1013,#1014));
#1003 = ORIENTED_EDGE('',*,*,#1004,.T.);
#1004 = EDGE_CURVE('',#1005,#857,#1007,.T.);
#1005 = VERTEX_POINT('',#1006);
#1006 = CARTESIAN_POINT('',(-10.63108901539,-15.98811891208,0.45));
#1007 = CIRCLE('',#1008,19.2);
#1008 = AXIS2_PLACEMENT_3D('',#1009,#1010,#1011);
#1009 = CARTESIAN_POINT('',(0.,0.,0.45));
#1010 = DIRECTION('',(0.,0.,1.));
#1011 = DIRECTION('',(1.,0.,0.));
#1012 = ORIENTED_EDGE('',*,*,#867,.F.);
#1013 = ORIENTED_EDGE('',*,*,#513,.F.);
#1014 = ORIENTED_EDGE('',*,*,#1015,.F.);
#1015 = EDGE_CURVE('',#1005,#514,#1016,.T.);
#1016 = B_SPLINE_CURVE_WITH_KNOTS('',6,(#1017,#1018,#1019,#1020,#1021,
    #1022,#1023,#1024,#1025,#1026,#1027,#1028,#1029,#1030,#1031,#1032,
    #1033),.UNSPECIFIED.,.F.,.F.,(7,5,5,7),(0.,0.278927787637,
    0.562764833867,1.),.UNSPECIFIED.);
#1017 = CARTESIAN_POINT('',(-10.63108901539,-15.98811891208,0.45));
#1018 = CARTESIAN_POINT('',(-10.63108901539,-15.98811891208,
    0.415867749472));
#1019 = CARTESIAN_POINT('',(-10.63240605751,-15.98351247924,
    0.381733089601));
#1020 = CARTESIAN_POINT('',(-10.63504022171,-15.9742980537,
    0.348002503706));
#1021 = CARTESIAN_POINT('',(-10.63897153381,-15.96058538194,
    0.31507118469));
#1022 = CARTESIAN_POINT('',(-10.64416245371,-15.94257720581,
    0.283302673519));
#1023 = CARTESIAN_POINT('',(-10.65707087956,-15.89813702531,
    0.222181130343));
#1024 = CARTESIAN_POINT('',(-10.66483184947,-15.87155998143,
    0.19287762726));
#1025 = CARTESIAN_POINT('',(-10.67378837252,-15.8411093194,
    0.165425855861));
#1026 = CARTESIAN_POINT('',(-10.68387265528,-15.80713990479,
    0.140088156641));
#1027 = CARTESIAN_POINT('',(-10.69500754788,-15.77004293319,
    0.117064507399));
#1028 = CARTESIAN_POINT('',(-10.72575335722,-15.66886709821,
    6.481056559085E-02));
#1029 = CARTESIAN_POINT('',(-10.74669224295,-15.60104328782,
    3.895189362717E-02));
#1030 = CARTESIAN_POINT('',(-10.76962653988,-15.52819351917,
    1.943081004861E-02));
#1031 = CARTESIAN_POINT('',(-10.79422393514,-15.45181064119,
    6.446625948478E-03));
#1032 = CARTESIAN_POINT('',(-10.82012810858,-15.37329203722,
    -3.032611517288E-08));
#1033 = CARTESIAN_POINT('',(-10.84692419329,-15.29400979288,0.));
#1034 = TOROIDAL_SURFACE('',#1035,18.75,0.45);
#1035 = AXIS2_PLACEMENT_3D('',#1036,#1037,#1038);
#1036 = CARTESIAN_POINT('',(0.,0.,0.45));
#1037 = DIRECTION('',(-0.,-0.,-1.));
#1038 = DIRECTION('',(1.,0.,0.));
#1039 = ADVANCED_FACE('',(#1040),#1060,.T.);
#1040 = FACE_BOUND('',#1041,.F.);
#1041 = EDGE_LOOP('',(#1042,#1051,#1058,#1059));
#1042 = ORIENTED_EDGE('',*,*,#1043,.T.);
#1043 = EDGE_CURVE('',#964,#1044,#1046,.T.);
#1044 = VERTEX_POINT('',#1045);
#1045 = CARTESIAN_POINT('',(6.5,25.,0.45));
#1046 = CIRCLE('',#1047,6.5);
#1047 = AXIS2_PLACEMENT_3D('',#1048,#1049,#1050);
#1048 = CARTESIAN_POINT('',(0.,25.,0.45));
#1049 = DIRECTION('',(0.,0.,1.));
#1050 = DIRECTION('',(1.,0.,0.));
#1051 = ORIENTED_EDGE('',*,*,#1052,.T.);
#1052 = EDGE_CURVE('',#1044,#549,#1053,.T.);
#1053 = CIRCLE('',#1054,0.45);
#1054 = AXIS2_PLACEMENT_3D('',#1055,#1056,#1057);
#1055 = CARTESIAN_POINT('',(6.05,25.,0.45));
#1056 = DIRECTION('',(-0.,1.,0.));
#1057 = DIRECTION('',(1.,0.,0.));
#1058 = ORIENTED_EDGE('',*,*,#557,.F.);
#1059 = ORIENTED_EDGE('',*,*,#971,.F.);
#1060 = TOROIDAL_SURFACE('',#1061,6.05,0.45);
#1061 = AXIS2_PLACEMENT_3D('',#1062,#1063,#1064);
#1062 = CARTESIAN_POINT('',(0.,25.,0.45));
#1063 = DIRECTION('',(-0.,-0.,-1.));
#1064 = DIRECTION('',(1.,0.,0.));
#1065 = ADVANCED_FACE('',(#1066),#1099,.T.);
#1066 = FACE_BOUND('',#1067,.F.);
#1067 = EDGE_LOOP('',(#1068,#1090,#1097,#1098));
#1068 = ORIENTED_EDGE('',*,*,#1069,.T.);
#1069 = EDGE_CURVE('',#523,#1070,#1072,.T.);
#1070 = VERTEX_POINT('',#1071);
#1071 = CARTESIAN_POINT('',(-16.682450177,-9.504517667492,0.45));
#1072 = B_SPLINE_CURVE_WITH_KNOTS('',6,(#1073,#1074,#1075,#1076,#1077,
    #1078,#1079,#1080,#1081,#1082,#1083,#1084,#1085,#1086,#1087,#1088,
    #1089),.UNSPECIFIED.,.F.,.F.,(7,5,5,7),(0.,0.438372923521,
    0.722175204977,1.),.UNSPECIFIED.);
#1073 = CARTESIAN_POINT('',(-16.00485727962,-9.767652914543,0.));
#1074 = CARTESIAN_POINT('',(-16.08230641563,-9.735375455019,
    -3.096417887892E-08));
#1075 = CARTESIAN_POINT('',(-16.15905149035,-9.704045309295,
    6.480223866813E-03));
#1076 = CARTESIAN_POINT('',(-16.23374179775,-9.674174840721,
    1.953229735075E-02));
#1077 = CARTESIAN_POINT('',(-16.3049970492,-9.646219157291,
    3.915535172259E-02));
#1078 = CARTESIAN_POINT('',(-16.37133878069,-9.620615947863,
    6.514745292511E-02));
#1079 = CARTESIAN_POINT('',(-16.47017194651,-9.582975100877,
    0.117606440535));
#1080 = CARTESIAN_POINT('',(-16.50635012038,-9.569337706875,
    0.140673875298));
#1081 = CARTESIAN_POINT('',(-16.53947514999,-9.556965227697,
    0.16605186675));
#1082 = CARTESIAN_POINT('',(-16.56916250578,-9.545961429568,
    0.19353974091));
#1083 = CARTESIAN_POINT('',(-16.59506348746,-9.536418196107,
    0.222874481334));
#1084 = CARTESIAN_POINT('',(-16.63826467127,-9.520570455603,
    0.283930987149));
#1085 = CARTESIAN_POINT('',(-16.65573672285,-9.514201242944,
    0.315592157654));
#1086 = CARTESIAN_POINT('',(-16.66904101808,-9.509372887976,
    0.348402693878));
#1087 = CARTESIAN_POINT('',(-16.67798096357,-9.50613601304,
    0.382003073083));
#1088 = CARTESIAN_POINT('',(-16.682450177,-9.504517667492,0.41600271865)
  );
#1089 = CARTESIAN_POINT('',(-16.682450177,-9.504517667492,0.45));
#1090 = ORIENTED_EDGE('',*,*,#1091,.T.);
#1091 = EDGE_CURVE('',#1070,#1005,#1092,.T.);
#1092 = CIRCLE('',#1093,4.8);
#1093 = AXIS2_PLACEMENT_3D('',#1094,#1095,#1096);
#1094 = CARTESIAN_POINT('',(-15.,-14.,0.45));
#1095 = DIRECTION('',(0.,0.,1.));
#1096 = DIRECTION('',(1.,0.,0.));
#1097 = ORIENTED_EDGE('',*,*,#1015,.T.);
#1098 = ORIENTED_EDGE('',*,*,#522,.F.);
#1099 = TOROIDAL_SURFACE('',#1100,4.35,0.45);
#1100 = AXIS2_PLACEMENT_3D('',#1101,#1102,#1103);
#1101 = CARTESIAN_POINT('',(-15.,-14.,0.45));
#1102 = DIRECTION('',(-0.,-0.,-1.));
#1103 = DIRECTION('',(1.,0.,0.));
#1104 = ADVANCED_FACE('',(#1105),#1143,.T.);
#1105 = FACE_BOUND('',#1106,.F.);
#1106 = EDGE_LOOP('',(#1107,#1108,#1117,#1142));
#1107 = ORIENTED_EDGE('',*,*,#1052,.F.);
#1108 = ORIENTED_EDGE('',*,*,#1109,.T.);
#1109 = EDGE_CURVE('',#1044,#1110,#1112,.T.);
#1110 = VERTEX_POINT('',#1111);
#1111 = CARTESIAN_POINT('',(-6.194107943688,23.029460281561,0.45));
#1112 = CIRCLE('',#1113,6.5);
#1113 = AXIS2_PLACEMENT_3D('',#1114,#1115,#1116);
#1114 = CARTESIAN_POINT('',(0.,25.,0.45));
#1115 = DIRECTION('',(0.,0.,1.));
#1116 = DIRECTION('',(1.,0.,0.));
#1117 = ORIENTED_EDGE('',*,*,#1118,.T.);
#1118 = EDGE_CURVE('',#1110,#541,#1119,.T.);
#1119 = B_SPLINE_CURVE_WITH_KNOTS('',6,(#1120,#1121,#1122,#1123,#1124,
    #1125,#1126,#1127,#1128,#1129,#1130,#1131,#1132,#1133,#1134,#1135,
    #1136,#1137,#1138,#1139,#1140,#1141),.UNSPECIFIED.,.F.,.F.,(7,5,5,5,
    7),(0.,0.275343691283,0.447072688856,0.705072601861,1.),
  .UNSPECIFIED.);
#1120 = CARTESIAN_POINT('',(-6.194107943688,23.029460281561,0.45));
#1121 = CARTESIAN_POINT('',(-6.194107943688,23.029460281561,
    0.411352532669));
#1122 = CARTESIAN_POINT('',(-6.192494562429,23.037527187855,
    0.372688767658));
#1123 = CARTESIAN_POINT('',(-6.189265291501,23.053673542494,
    0.334861813594));
#1124 = CARTESIAN_POINT('',(-6.184523494631,23.077382526844,
    0.298619946823));
#1125 = CARTESIAN_POINT('',(-6.178424091116,23.107879544421,
    0.26449335301));
#1126 = CARTESIAN_POINT('',(-6.166603323473,23.166983382636,
    0.213063878363));
#1127 = CARTESIAN_POINT('',(-6.161601443076,23.191992784622,
    0.194254154742));
#1128 = CARTESIAN_POINT('',(-6.156178167344,23.219109163282,
    0.176462574793));
#1129 = CARTESIAN_POINT('',(-6.150373587278,23.24813206361,
    0.159730551631));
#1130 = CARTESIAN_POINT('',(-6.144225591196,23.278872044021,
    0.144075036834));
#1131 = CARTESIAN_POINT('',(-6.128065023693,23.359674881535,
    0.107591660885));
#1132 = CARTESIAN_POINT('',(-6.117664191278,23.411679043612,
    8.812013404266E-02));
#1133 = CARTESIAN_POINT('',(-6.106676704268,23.466616478662,
    7.107176352176E-02));
#1134 = CARTESIAN_POINT('',(-6.095198022764,23.524009886182,
    5.637110737315E-02));
#1135 = CARTESIAN_POINT('',(-6.083305326071,23.583473369644,
    4.390427876592E-02));
#1136 = CARTESIAN_POINT('',(-6.057052348847,23.714738255766,
    2.170685479257E-02));
#1137 = CARTESIAN_POINT('',(-6.042585749618,23.787071251912,
    1.2625785148E-02));
#1138 = CARTESIAN_POINT('',(-6.027742154223,23.861289228884,
    6.114669237715E-03));
#1139 = CARTESIAN_POINT('',(-6.012588372845,23.937058135775,
    1.973395821351E-03));
#1140 = CARTESIAN_POINT('',(-5.997173124179,24.014134379104,0.));
#1141 = CARTESIAN_POINT('',(-5.981528590111,24.092357049447,0.));
#1142 = ORIENTED_EDGE('',*,*,#548,.F.);
#1143 = TOROIDAL_SURFACE('',#1144,6.05,0.45);
#1144 = AXIS2_PLACEMENT_3D('',#1145,#1146,#1147);
#1145 = CARTESIAN_POINT('',(0.,25.,0.45));
#1146 = DIRECTION('',(-0.,-0.,-1.));
#1147 = DIRECTION('',(1.,0.,0.));
#1148 = ADVANCED_FACE('',(#1149),#1183,.T.);
#1149 = FACE_BOUND('',#1150,.F.);
#1150 = EDGE_LOOP('',(#1151,#1152,#1175,#1182));
#1151 = ORIENTED_EDGE('',*,*,#531,.F.);
#1152 = ORIENTED_EDGE('',*,*,#1153,.F.);
#1153 = EDGE_CURVE('',#1154,#532,#1156,.T.);
#1154 = VERTEX_POINT('',#1155);
#1155 = CARTESIAN_POINT('',(-7.24377917892,17.781104105399,0.45));
#1156 = B_SPLINE_CURVE_WITH_KNOTS('',5,(#1157,#1158,#1159,#1160,#1161,
    #1162,#1163,#1164,#1165,#1166,#1167,#1168,#1169,#1170,#1171,#1172,
    #1173,#1174),.UNSPECIFIED.,.F.,.F.,(6,4,4,4,6),(0.,0.251363464221,
    0.503650548534,0.750401253558,1.),.UNSPECIFIED.);
#1157 = CARTESIAN_POINT('',(-7.24377917892,17.781104105399,0.45));
#1158 = CARTESIAN_POINT('',(-7.24377917892,17.781104105399,0.41379140521
    ));
#1159 = CARTESIAN_POINT('',(-7.244635430846,17.776822845768,
    0.37758112042));
#1160 = CARTESIAN_POINT('',(-7.246348112658,17.768259436709,
    0.341899005625));
#1161 = CARTESIAN_POINT('',(-7.248887136092,17.75556431954,
    0.307260993595));
#1162 = CARTESIAN_POINT('',(-7.255521985683,17.722390071587,
    0.240857240809));
#1163 = CARTESIAN_POINT('',(-7.259623747203,17.701881263985,
    0.20910019947));
#1164 = CARTESIAN_POINT('',(-7.26444948488,17.677752575599,
    0.179306034025));
#1165 = CARTESIAN_POINT('',(-7.26992324429,17.65038377855,0.151851332124
    ));
#1166 = CARTESIAN_POINT('',(-7.281862572905,17.590687135475,
    0.102740132428));
#1167 = CARTESIAN_POINT('',(-7.288303897012,17.558480514938,
    8.096904853388E-02));
#1168 = CARTESIAN_POINT('',(-7.295202942293,17.523985288537,
    6.197820521531E-02));
#1169 = CARTESIAN_POINT('',(-7.302471692066,17.487641539668,
    4.595310800117E-02));
#1170 = CARTESIAN_POINT('',(-7.317657316135,17.411713419323,
    1.992103716792E-02));
#1171 = CARTESIAN_POINT('',(-7.32558065126,17.372096743701,
    9.985775497289E-03));
#1172 = CARTESIAN_POINT('',(-7.33369865063,17.331506746851,
    3.327580613337E-03));
#1173 = CARTESIAN_POINT('',(-7.341917162399,17.290414188004,0.));
#1174 = CARTESIAN_POINT('',(-7.350142588901,17.249287055494,0.));
#1175 = ORIENTED_EDGE('',*,*,#1176,.T.);
#1176 = EDGE_CURVE('',#1154,#1070,#1177,.T.);
#1177 = CIRCLE('',#1178,19.2);
#1178 = AXIS2_PLACEMENT_3D('',#1179,#1180,#1181);
#1179 = CARTESIAN_POINT('',(0.,0.,0.45));
#1180 = DIRECTION('',(0.,0.,1.));
#1181 = DIRECTION('',(1.,0.,0.));
#1182 = ORIENTED_EDGE('',*,*,#1069,.F.);
#1183 = TOROIDAL_SURFACE('',#1184,18.75,0.45);
#1184 = AXIS2_PLACEMENT_3D('',#1185,#1186,#1187);
#1185 = CARTESIAN_POINT('',(0.,0.,0.45));
#1186 = DIRECTION('',(-0.,-0.,-1.));
#1187 = DIRECTION('',(1.,0.,0.));
#1188 = ADVANCED_FACE('',(#1189),#1266,.F.);
#1189 = FACE_BOUND('',#1190,.F.);
#1190 = EDGE_LOOP('',(#1191,#1192,#1193,#1201,#1228,#1236,#1259,#1265));
#1191 = ORIENTED_EDGE('',*,*,#540,.F.);
#1192 = ORIENTED_EDGE('',*,*,#1118,.F.);
#1193 = ORIENTED_EDGE('',*,*,#1194,.T.);
#1194 = EDGE_CURVE('',#1110,#1195,#1197,.T.);
#1195 = VERTEX_POINT('',#1196);
#1196 = CARTESIAN_POINT('',(-6.194107943688,23.029460281561,5.05));
#1197 = LINE('',#1198,#1199);
#1198 = CARTESIAN_POINT('',(-6.194107943688,23.029460281561,0.));
#1199 = VECTOR('',#1200,1.);
#1200 = DIRECTION('',(0.,0.,1.));
#1201 = ORIENTED_EDGE('',*,*,#1202,.T.);
#1202 = EDGE_CURVE('',#1195,#1203,#1205,.T.);
#1203 = VERTEX_POINT('',#1204);
#1204 = CARTESIAN_POINT('',(-5.981528590111,24.092357049447,5.5));
#1205 = B_SPLINE_CURVE_WITH_KNOTS('',6,(#1206,#1207,#1208,#1209,#1210,
    #1211,#1212,#1213,#1214,#1215,#1216,#1217,#1218,#1219,#1220,#1221,
    #1222,#1223,#1224,#1225,#1226,#1227),.UNSPECIFIED.,.F.,.F.,(7,5,5,5,
    7),(0.,0.275343691283,0.447072688856,0.705072601861,1.),
  .UNSPECIFIED.);
#1206 = CARTESIAN_POINT('',(-6.194107943688,23.029460281561,5.05));
#1207 = CARTESIAN_POINT('',(-6.194107943688,23.029460281561,
    5.088647467331));
#1208 = CARTESIAN_POINT('',(-6.192494562429,23.037527187855,
    5.127311232342));
#1209 = CARTESIAN_POINT('',(-6.189265291501,23.053673542494,
    5.165138186406));
#1210 = CARTESIAN_POINT('',(-6.184523494631,23.077382526844,
    5.201380053177));
#1211 = CARTESIAN_POINT('',(-6.178424091116,23.107879544421,
    5.23550664699));
#1212 = CARTESIAN_POINT('',(-6.166603323473,23.166983382636,
    5.286936121637));
#1213 = CARTESIAN_POINT('',(-6.161601443076,23.191992784622,
    5.305745845258));
#1214 = CARTESIAN_POINT('',(-6.156178167344,23.219109163282,
    5.323537425207));
#1215 = CARTESIAN_POINT('',(-6.150373587278,23.24813206361,
    5.340269448369));
#1216 = CARTESIAN_POINT('',(-6.144225591196,23.278872044021,
    5.355924963166));
#1217 = CARTESIAN_POINT('',(-6.128065023693,23.359674881535,
    5.392408339115));
#1218 = CARTESIAN_POINT('',(-6.117664191278,23.411679043612,
    5.411879865957));
#1219 = CARTESIAN_POINT('',(-6.106676704268,23.466616478662,
    5.428928236478));
#1220 = CARTESIAN_POINT('',(-6.095198022764,23.524009886182,
    5.443628892627));
#1221 = CARTESIAN_POINT('',(-6.083305326071,23.583473369644,
    5.456095721234));
#1222 = CARTESIAN_POINT('',(-6.057052348847,23.714738255766,
    5.478293145207));
#1223 = CARTESIAN_POINT('',(-6.042585749618,23.787071251912,
    5.487374214852));
#1224 = CARTESIAN_POINT('',(-6.027742154223,23.861289228884,
    5.493885330762));
#1225 = CARTESIAN_POINT('',(-6.012588372845,23.937058135775,
    5.498026604179));
#1226 = CARTESIAN_POINT('',(-5.997173124179,24.014134379104,5.5));
#1227 = CARTESIAN_POINT('',(-5.981528590111,24.092357049447,5.5));
#1228 = ORIENTED_EDGE('',*,*,#1229,.T.);
#1229 = EDGE_CURVE('',#1203,#1230,#1232,.T.);
#1230 = VERTEX_POINT('',#1231);
#1231 = CARTESIAN_POINT('',(-7.350142588901,17.249287055493,5.5));
#1232 = LINE('',#1233,#1234);
#1233 = CARTESIAN_POINT('',(-5.8,25.,5.5));
#1234 = VECTOR('',#1235,1.);
#1235 = DIRECTION('',(-0.196116135138,-0.980580675691,0.));
#1236 = ORIENTED_EDGE('',*,*,#1237,.F.);
#1237 = EDGE_CURVE('',#1238,#1230,#1240,.T.);
#1238 = VERTEX_POINT('',#1239);
#1239 = CARTESIAN_POINT('',(-7.24377917892,17.781104105399,5.05));
#1240 = B_SPLINE_CURVE_WITH_KNOTS('',5,(#1241,#1242,#1243,#1244,#1245,
    #1246,#1247,#1248,#1249,#1250,#1251,#1252,#1253,#1254,#1255,#1256,
    #1257,#1258),.UNSPECIFIED.,.F.,.F.,(6,4,4,4,6),(0.,0.251363464221,
    0.503650548534,0.750401253558,1.),.UNSPECIFIED.);
#1241 = CARTESIAN_POINT('',(-7.24377917892,17.781104105399,5.05));
#1242 = CARTESIAN_POINT('',(-7.24377917892,17.781104105399,5.08620859479
    ));
#1243 = CARTESIAN_POINT('',(-7.244635430846,17.776822845768,
    5.12241887958));
#1244 = CARTESIAN_POINT('',(-7.246348112658,17.768259436709,
    5.158100994375));
#1245 = CARTESIAN_POINT('',(-7.248887136092,17.75556431954,
    5.192739006405));
#1246 = CARTESIAN_POINT('',(-7.255521985683,17.722390071587,
    5.259142759191));
#1247 = CARTESIAN_POINT('',(-7.259623747203,17.701881263985,
    5.29089980053));
#1248 = CARTESIAN_POINT('',(-7.26444948488,17.677752575599,
    5.320693965975));
#1249 = CARTESIAN_POINT('',(-7.26992324429,17.65038377855,5.348148667876
    ));
#1250 = CARTESIAN_POINT('',(-7.281862572905,17.590687135475,
    5.397259867572));
#1251 = CARTESIAN_POINT('',(-7.288303897012,17.558480514938,
    5.419030951466));
#1252 = CARTESIAN_POINT('',(-7.295202942293,17.523985288537,
    5.438021794785));
#1253 = CARTESIAN_POINT('',(-7.302471692066,17.487641539668,
    5.454046891999));
#1254 = CARTESIAN_POINT('',(-7.317657316135,17.411713419323,
    5.480078962832));
#1255 = CARTESIAN_POINT('',(-7.32558065126,17.372096743701,
    5.490014224503));
#1256 = CARTESIAN_POINT('',(-7.33369865063,17.331506746851,
    5.496672419387));
#1257 = CARTESIAN_POINT('',(-7.341917162399,17.290414188004,5.5));
#1258 = CARTESIAN_POINT('',(-7.350142588901,17.249287055494,5.5));
#1259 = ORIENTED_EDGE('',*,*,#1260,.F.);
#1260 = EDGE_CURVE('',#1154,#1238,#1261,.T.);
#1261 = LINE('',#1262,#1263);
#1262 = CARTESIAN_POINT('',(-7.24377917892,17.781104105399,0.));
#1263 = VECTOR('',#1264,1.);
#1264 = DIRECTION('',(0.,0.,1.));
#1265 = ORIENTED_EDGE('',*,*,#1153,.T.);
#1266 = PLANE('',#1267);
#1267 = AXIS2_PLACEMENT_3D('',#1268,#1269,#1270);
#1268 = CARTESIAN_POINT('',(-5.8,25.,0.));
#1269 = DIRECTION('',(0.980580675691,-0.196116135138,0.));
#1270 = DIRECTION('',(-0.196116135138,-0.980580675691,0.));
#1271 = ADVANCED_FACE('',(#1272),#1297,.T.);
#1272 = FACE_BOUND('',#1273,.T.);
#1273 = EDGE_LOOP('',(#1274,#1275,#1283,#1291));
#1274 = ORIENTED_EDGE('',*,*,#583,.F.);
#1275 = ORIENTED_EDGE('',*,*,#1276,.T.);
#1276 = EDGE_CURVE('',#584,#1277,#1279,.T.);
#1277 = VERTEX_POINT('',#1278);
#1278 = CARTESIAN_POINT('',(17.9,-15.67431578065,4.));
#1279 = LINE('',#1280,#1281);
#1280 = CARTESIAN_POINT('',(17.9,-15.67431578065,-0.1));
#1281 = VECTOR('',#1282,1.);
#1282 = DIRECTION('',(0.,0.,1.));
#1283 = ORIENTED_EDGE('',*,*,#1284,.T.);
#1284 = EDGE_CURVE('',#1277,#1285,#1287,.T.);
#1285 = VERTEX_POINT('',#1286);
#1286 = CARTESIAN_POINT('',(17.9,-12.32568421935,4.));
#1287 = LINE('',#1288,#1289);
#1288 = CARTESIAN_POINT('',(17.9,-15.67431578065,4.));
#1289 = VECTOR('',#1290,1.);
#1290 = DIRECTION('',(0.,1.,0.));
#1291 = ORIENTED_EDGE('',*,*,#1292,.F.);
#1292 = EDGE_CURVE('',#586,#1285,#1293,.T.);
#1293 = LINE('',#1294,#1295);
#1294 = CARTESIAN_POINT('',(17.9,-12.32568421935,-0.1));
#1295 = VECTOR('',#1296,1.);
#1296 = DIRECTION('',(0.,0.,1.));
#1297 = PLANE('',#1298);
#1298 = AXIS2_PLACEMENT_3D('',#1299,#1300,#1301);
#1299 = CARTESIAN_POINT('',(17.9,-15.67431578065,-0.1));
#1300 = DIRECTION('',(-1.,0.,0.));
#1301 = DIRECTION('',(0.,1.,0.));
#1302 = ADVANCED_FACE('',(#1303),#1321,.T.);
#1303 = FACE_BOUND('',#1304,.T.);
#1304 = EDGE_LOOP('',(#1305,#1306,#1314,#1320));
#1305 = ORIENTED_EDGE('',*,*,#625,.F.);
#1306 = ORIENTED_EDGE('',*,*,#1307,.T.);
#1307 = EDGE_CURVE('',#618,#1308,#1310,.T.);
#1308 = VERTEX_POINT('',#1309);
#1309 = CARTESIAN_POINT('',(15.,-17.3486315613,4.));
#1310 = LINE('',#1311,#1312);
#1311 = CARTESIAN_POINT('',(15.,-17.3486315613,-0.1));
#1312 = VECTOR('',#1313,1.);
#1313 = DIRECTION('',(0.,0.,1.));
#1314 = ORIENTED_EDGE('',*,*,#1315,.T.);
#1315 = EDGE_CURVE('',#1308,#1277,#1316,.T.);
#1316 = LINE('',#1317,#1318);
#1317 = CARTESIAN_POINT('',(15.,-17.3486315613,4.));
#1318 = VECTOR('',#1319,1.);
#1319 = DIRECTION('',(0.866025403784,0.5,0.));
#1320 = ORIENTED_EDGE('',*,*,#1276,.F.);
#1321 = PLANE('',#1322);
#1322 = AXIS2_PLACEMENT_3D('',#1323,#1324,#1325);
#1323 = CARTESIAN_POINT('',(15.,-17.3486315613,-0.1));
#1324 = DIRECTION('',(-0.5,0.866025403784,0.));
#1325 = DIRECTION('',(0.866025403784,0.5,0.));
#1326 = ADVANCED_FACE('',(#1327),#1345,.T.);
#1327 = FACE_BOUND('',#1328,.T.);
#1328 = EDGE_LOOP('',(#1329,#1330,#1331,#1339));
#1329 = ORIENTED_EDGE('',*,*,#593,.F.);
#1330 = ORIENTED_EDGE('',*,*,#1292,.T.);
#1331 = ORIENTED_EDGE('',*,*,#1332,.T.);
#1332 = EDGE_CURVE('',#1285,#1333,#1335,.T.);
#1333 = VERTEX_POINT('',#1334);
#1334 = CARTESIAN_POINT('',(15.,-10.6513684387,4.));
#1335 = LINE('',#1336,#1337);
#1336 = CARTESIAN_POINT('',(17.9,-12.32568421935,4.));
#1337 = VECTOR('',#1338,1.);
#1338 = DIRECTION('',(-0.866025403784,0.5,0.));
#1339 = ORIENTED_EDGE('',*,*,#1340,.F.);
#1340 = EDGE_CURVE('',#594,#1333,#1341,.T.);
#1341 = LINE('',#1342,#1343);
#1342 = CARTESIAN_POINT('',(15.,-10.6513684387,-0.1));
#1343 = VECTOR('',#1344,1.);
#1344 = DIRECTION('',(0.,0.,1.));
#1345 = PLANE('',#1346);
#1346 = AXIS2_PLACEMENT_3D('',#1347,#1348,#1349);
#1347 = CARTESIAN_POINT('',(17.9,-12.32568421935,-0.1));
#1348 = DIRECTION('',(-0.5,-0.866025403784,0.));
#1349 = DIRECTION('',(-0.866025403784,0.5,0.));
#1350 = ADVANCED_FACE('',(#1351),#1369,.T.);
#1351 = FACE_BOUND('',#1352,.T.);
#1352 = EDGE_LOOP('',(#1353,#1354,#1362,#1368));
#1353 = ORIENTED_EDGE('',*,*,#617,.F.);
#1354 = ORIENTED_EDGE('',*,*,#1355,.T.);
#1355 = EDGE_CURVE('',#610,#1356,#1358,.T.);
#1356 = VERTEX_POINT('',#1357);
#1357 = CARTESIAN_POINT('',(12.1,-15.67431578065,4.));
#1358 = LINE('',#1359,#1360);
#1359 = CARTESIAN_POINT('',(12.1,-15.67431578065,-0.1));
#1360 = VECTOR('',#1361,1.);
#1361 = DIRECTION('',(0.,0.,1.));
#1362 = ORIENTED_EDGE('',*,*,#1363,.T.);
#1363 = EDGE_CURVE('',#1356,#1308,#1364,.T.);
#1364 = LINE('',#1365,#1366);
#1365 = CARTESIAN_POINT('',(12.1,-15.67431578065,4.));
#1366 = VECTOR('',#1367,1.);
#1367 = DIRECTION('',(0.866025403784,-0.5,0.));
#1368 = ORIENTED_EDGE('',*,*,#1307,.F.);
#1369 = PLANE('',#1370);
#1370 = AXIS2_PLACEMENT_3D('',#1371,#1372,#1373);
#1371 = CARTESIAN_POINT('',(12.1,-15.67431578065,-0.1));
#1372 = DIRECTION('',(0.5,0.866025403784,0.));
#1373 = DIRECTION('',(0.866025403784,-0.5,0.));
#1374 = ADVANCED_FACE('',(#1375),#1393,.T.);
#1375 = FACE_BOUND('',#1376,.T.);
#1376 = EDGE_LOOP('',(#1377,#1378,#1379,#1387));
#1377 = ORIENTED_EDGE('',*,*,#601,.F.);
#1378 = ORIENTED_EDGE('',*,*,#1340,.T.);
#1379 = ORIENTED_EDGE('',*,*,#1380,.T.);
#1380 = EDGE_CURVE('',#1333,#1381,#1383,.T.);
#1381 = VERTEX_POINT('',#1382);
#1382 = CARTESIAN_POINT('',(12.1,-12.32568421935,4.));
#1383 = LINE('',#1384,#1385);
#1384 = CARTESIAN_POINT('',(15.,-10.6513684387,4.));
#1385 = VECTOR('',#1386,1.);
#1386 = DIRECTION('',(-0.866025403784,-0.5,0.));
#1387 = ORIENTED_EDGE('',*,*,#1388,.F.);
#1388 = EDGE_CURVE('',#602,#1381,#1389,.T.);
#1389 = LINE('',#1390,#1391);
#1390 = CARTESIAN_POINT('',(12.1,-12.32568421935,-0.1));
#1391 = VECTOR('',#1392,1.);
#1392 = DIRECTION('',(0.,0.,1.));
#1393 = PLANE('',#1394);
#1394 = AXIS2_PLACEMENT_3D('',#1395,#1396,#1397);
#1395 = CARTESIAN_POINT('',(15.,-10.6513684387,-0.1));
#1396 = DIRECTION('',(0.5,-0.866025403784,0.));
#1397 = DIRECTION('',(-0.866025403784,-0.5,0.));
#1398 = ADVANCED_FACE('',(#1399),#1410,.T.);
#1399 = FACE_BOUND('',#1400,.T.);
#1400 = EDGE_LOOP('',(#1401,#1402,#1403,#1409));
#1401 = ORIENTED_EDGE('',*,*,#609,.F.);
#1402 = ORIENTED_EDGE('',*,*,#1388,.T.);
#1403 = ORIENTED_EDGE('',*,*,#1404,.T.);
#1404 = EDGE_CURVE('',#1381,#1356,#1405,.T.);
#1405 = LINE('',#1406,#1407);
#1406 = CARTESIAN_POINT('',(12.1,-12.32568421935,4.));
#1407 = VECTOR('',#1408,1.);
#1408 = DIRECTION('',(0.,-1.,0.));
#1409 = ORIENTED_EDGE('',*,*,#1355,.F.);
#1410 = PLANE('',#1411);
#1411 = AXIS2_PLACEMENT_3D('',#1412,#1413,#1414);
#1412 = CARTESIAN_POINT('',(12.1,-12.32568421935,-0.1));
#1413 = DIRECTION('',(1.,0.,0.));
#1414 = DIRECTION('',(0.,-1.,0.));
#1415 = ADVANCED_FACE('',(#1416),#1441,.T.);
#1416 = FACE_BOUND('',#1417,.T.);
#1417 = EDGE_LOOP('',(#1418,#1419,#1427,#1435));
#1418 = ORIENTED_EDGE('',*,*,#645,.F.);
#1419 = ORIENTED_EDGE('',*,*,#1420,.T.);
#1420 = EDGE_CURVE('',#646,#1421,#1423,.T.);
#1421 = VERTEX_POINT('',#1422);
#1422 = CARTESIAN_POINT('',(-12.1,-15.67431578065,4.));
#1423 = LINE('',#1424,#1425);
#1424 = CARTESIAN_POINT('',(-12.1,-15.67431578065,-0.1));
#1425 = VECTOR('',#1426,1.);
#1426 = DIRECTION('',(0.,0.,1.));
#1427 = ORIENTED_EDGE('',*,*,#1428,.T.);
#1428 = EDGE_CURVE('',#1421,#1429,#1431,.T.);
#1429 = VERTEX_POINT('',#1430);
#1430 = CARTESIAN_POINT('',(-12.1,-12.32568421935,4.));
#1431 = LINE('',#1432,#1433);
#1432 = CARTESIAN_POINT('',(-12.1,-15.67431578065,4.));
#1433 = VECTOR('',#1434,1.);
#1434 = DIRECTION('',(5.304724652093E-16,1.,0.));
#1435 = ORIENTED_EDGE('',*,*,#1436,.F.);
#1436 = EDGE_CURVE('',#648,#1429,#1437,.T.);
#1437 = LINE('',#1438,#1439);
#1438 = CARTESIAN_POINT('',(-12.1,-12.32568421935,-0.1));
#1439 = VECTOR('',#1440,1.);
#1440 = DIRECTION('',(0.,0.,1.));
#1441 = PLANE('',#1442);
#1442 = AXIS2_PLACEMENT_3D('',#1443,#1444,#1445);
#1443 = CARTESIAN_POINT('',(-12.1,-15.67431578065,-0.1));
#1444 = DIRECTION('',(-1.,5.304724652093E-16,0.));
#1445 = DIRECTION('',(5.304724652093E-16,1.,0.));
#1446 = ADVANCED_FACE('',(#1447),#1465,.T.);
#1447 = FACE_BOUND('',#1448,.T.);
#1448 = EDGE_LOOP('',(#1449,#1450,#1458,#1464));
#1449 = ORIENTED_EDGE('',*,*,#687,.F.);
#1450 = ORIENTED_EDGE('',*,*,#1451,.T.);
#1451 = EDGE_CURVE('',#680,#1452,#1454,.T.);
#1452 = VERTEX_POINT('',#1453);
#1453 = CARTESIAN_POINT('',(-15.,-17.3486315613,4.));
#1454 = LINE('',#1455,#1456);
#1455 = CARTESIAN_POINT('',(-15.,-17.3486315613,-0.1));
#1456 = VECTOR('',#1457,1.);
#1457 = DIRECTION('',(0.,0.,1.));
#1458 = ORIENTED_EDGE('',*,*,#1459,.T.);
#1459 = EDGE_CURVE('',#1452,#1421,#1460,.T.);
#1460 = LINE('',#1461,#1462);
#1461 = CARTESIAN_POINT('',(-15.,-17.3486315613,4.));
#1462 = VECTOR('',#1463,1.);
#1463 = DIRECTION('',(0.866025403784,0.5,0.));
#1464 = ORIENTED_EDGE('',*,*,#1420,.F.);
#1465 = PLANE('',#1466);
#1466 = AXIS2_PLACEMENT_3D('',#1467,#1468,#1469);
#1467 = CARTESIAN_POINT('',(-15.,-17.3486315613,-0.1));
#1468 = DIRECTION('',(-0.5,0.866025403784,0.));
#1469 = DIRECTION('',(0.866025403784,0.5,0.));
#1470 = ADVANCED_FACE('',(#1471),#1489,.T.);
#1471 = FACE_BOUND('',#1472,.T.);
#1472 = EDGE_LOOP('',(#1473,#1474,#1475,#1483));
#1473 = ORIENTED_EDGE('',*,*,#655,.F.);
#1474 = ORIENTED_EDGE('',*,*,#1436,.T.);
#1475 = ORIENTED_EDGE('',*,*,#1476,.T.);
#1476 = EDGE_CURVE('',#1429,#1477,#1479,.T.);
#1477 = VERTEX_POINT('',#1478);
#1478 = CARTESIAN_POINT('',(-15.,-10.6513684387,4.));
#1479 = LINE('',#1480,#1481);
#1480 = CARTESIAN_POINT('',(-12.1,-12.32568421935,4.));
#1481 = VECTOR('',#1482,1.);
#1482 = DIRECTION('',(-0.866025403784,0.5,0.));
#1483 = ORIENTED_EDGE('',*,*,#1484,.F.);
#1484 = EDGE_CURVE('',#656,#1477,#1485,.T.);
#1485 = LINE('',#1486,#1487);
#1486 = CARTESIAN_POINT('',(-15.,-10.6513684387,-0.1));
#1487 = VECTOR('',#1488,1.);
#1488 = DIRECTION('',(0.,0.,1.));
#1489 = PLANE('',#1490);
#1490 = AXIS2_PLACEMENT_3D('',#1491,#1492,#1493);
#1491 = CARTESIAN_POINT('',(-12.1,-12.32568421935,-0.1));
#1492 = DIRECTION('',(-0.5,-0.866025403784,0.));
#1493 = DIRECTION('',(-0.866025403784,0.5,0.));
#1494 = ADVANCED_FACE('',(#1495),#1513,.T.);
#1495 = FACE_BOUND('',#1496,.T.);
#1496 = EDGE_LOOP('',(#1497,#1498,#1506,#1512));
#1497 = ORIENTED_EDGE('',*,*,#679,.F.);
#1498 = ORIENTED_EDGE('',*,*,#1499,.T.);
#1499 = EDGE_CURVE('',#672,#1500,#1502,.T.);
#1500 = VERTEX_POINT('',#1501);
#1501 = CARTESIAN_POINT('',(-17.9,-15.67431578065,4.));
#1502 = LINE('',#1503,#1504);
#1503 = CARTESIAN_POINT('',(-17.9,-15.67431578065,-0.1));
#1504 = VECTOR('',#1505,1.);
#1505 = DIRECTION('',(0.,0.,1.));
#1506 = ORIENTED_EDGE('',*,*,#1507,.T.);
#1507 = EDGE_CURVE('',#1500,#1452,#1508,.T.);
#1508 = LINE('',#1509,#1510);
#1509 = CARTESIAN_POINT('',(-17.9,-15.67431578065,4.));
#1510 = VECTOR('',#1511,1.);
#1511 = DIRECTION('',(0.866025403784,-0.5,0.));
#1512 = ORIENTED_EDGE('',*,*,#1451,.F.);
#1513 = PLANE('',#1514);
#1514 = AXIS2_PLACEMENT_3D('',#1515,#1516,#1517);
#1515 = CARTESIAN_POINT('',(-17.9,-15.67431578065,-0.1));
#1516 = DIRECTION('',(0.5,0.866025403784,0.));
#1517 = DIRECTION('',(0.866025403784,-0.5,0.));
#1518 = ADVANCED_FACE('',(#1519),#1537,.T.);
#1519 = FACE_BOUND('',#1520,.T.);
#1520 = EDGE_LOOP('',(#1521,#1522,#1523,#1531));
#1521 = ORIENTED_EDGE('',*,*,#663,.F.);
#1522 = ORIENTED_EDGE('',*,*,#1484,.T.);
#1523 = ORIENTED_EDGE('',*,*,#1524,.T.);
#1524 = EDGE_CURVE('',#1477,#1525,#1527,.T.);
#1525 = VERTEX_POINT('',#1526);
#1526 = CARTESIAN_POINT('',(-17.9,-12.32568421935,4.));
#1527 = LINE('',#1528,#1529);
#1528 = CARTESIAN_POINT('',(-15.,-10.6513684387,4.));
#1529 = VECTOR('',#1530,1.);
#1530 = DIRECTION('',(-0.866025403784,-0.5,0.));
#1531 = ORIENTED_EDGE('',*,*,#1532,.F.);
#1532 = EDGE_CURVE('',#664,#1525,#1533,.T.);
#1533 = LINE('',#1534,#1535);
#1534 = CARTESIAN_POINT('',(-17.9,-12.32568421935,-0.1));
#1535 = VECTOR('',#1536,1.);
#1536 = DIRECTION('',(0.,0.,1.));
#1537 = PLANE('',#1538);
#1538 = AXIS2_PLACEMENT_3D('',#1539,#1540,#1541);
#1539 = CARTESIAN_POINT('',(-15.,-10.6513684387,-0.1));
#1540 = DIRECTION('',(0.5,-0.866025403784,0.));
#1541 = DIRECTION('',(-0.866025403784,-0.5,0.));
#1542 = ADVANCED_FACE('',(#1543),#1554,.T.);
#1543 = FACE_BOUND('',#1544,.T.);
#1544 = EDGE_LOOP('',(#1545,#1546,#1547,#1553));
#1545 = ORIENTED_EDGE('',*,*,#671,.F.);
#1546 = ORIENTED_EDGE('',*,*,#1532,.T.);
#1547 = ORIENTED_EDGE('',*,*,#1548,.T.);
#1548 = EDGE_CURVE('',#1525,#1500,#1549,.T.);
#1549 = LINE('',#1550,#1551);
#1550 = CARTESIAN_POINT('',(-17.9,-12.32568421935,4.));
#1551 = VECTOR('',#1552,1.);
#1552 = DIRECTION('',(0.,-1.,0.));
#1553 = ORIENTED_EDGE('',*,*,#1499,.F.);
#1554 = PLANE('',#1555);
#1555 = AXIS2_PLACEMENT_3D('',#1556,#1557,#1558);
#1556 = CARTESIAN_POINT('',(-17.9,-12.32568421935,-0.1));
#1557 = DIRECTION('',(1.,0.,0.));
#1558 = DIRECTION('',(0.,-1.,0.));
#1559 = ADVANCED_FACE('',(#1560),#1579,.F.);
#1560 = FACE_BOUND('',#1561,.F.);
#1561 = EDGE_LOOP('',(#1562,#1571,#1577,#1578));
#1562 = ORIENTED_EDGE('',*,*,#1563,.F.);
#1563 = EDGE_CURVE('',#1564,#1564,#1566,.T.);
#1564 = VERTEX_POINT('',#1565);
#1565 = CARTESIAN_POINT('',(3.25,25.,5.5));
#1566 = CIRCLE('',#1567,3.25);
#1567 = AXIS2_PLACEMENT_3D('',#1568,#1569,#1570);
#1568 = CARTESIAN_POINT('',(0.,25.,5.5));
#1569 = DIRECTION('',(0.,0.,1.));
#1570 = DIRECTION('',(1.,0.,0.));
#1571 = ORIENTED_EDGE('',*,*,#1572,.F.);
#1572 = EDGE_CURVE('',#702,#1564,#1573,.T.);
#1573 = LINE('',#1574,#1575);
#1574 = CARTESIAN_POINT('',(3.25,25.,-0.1));
#1575 = VECTOR('',#1576,1.);
#1576 = DIRECTION('',(0.,0.,1.));
#1577 = ORIENTED_EDGE('',*,*,#701,.T.);
#1578 = ORIENTED_EDGE('',*,*,#1572,.T.);
#1579 = CYLINDRICAL_SURFACE('',#1580,3.25);
#1580 = AXIS2_PLACEMENT_3D('',#1581,#1582,#1583);
#1581 = CARTESIAN_POINT('',(0.,25.,-0.1));
#1582 = DIRECTION('',(0.,0.,1.));
#1583 = DIRECTION('',(1.,0.,0.));
#1584 = ADVANCED_FACE('',(#1585,#1666,#1677,#1688,#1691),#1694,.T.);
#1585 = FACE_BOUND('',#1586,.T.);
#1586 = EDGE_LOOP('',(#1587,#1598,#1605,#1606,#1615,#1622,#1623,#1632,
    #1641,#1650,#1659));
#1587 = ORIENTED_EDGE('',*,*,#1588,.T.);
#1588 = EDGE_CURVE('',#1589,#1591,#1593,.T.);
#1589 = VERTEX_POINT('',#1590);
#1590 = CARTESIAN_POINT('',(16.004857279357,-9.767652914974,5.5));
#1591 = VERTEX_POINT('',#1592);
#1592 = CARTESIAN_POINT('',(18.75,0.,5.5));
#1593 = CIRCLE('',#1594,18.75);
#1594 = AXIS2_PLACEMENT_3D('',#1595,#1596,#1597);
#1595 = CARTESIAN_POINT('',(0.,0.,5.5));
#1596 = DIRECTION('',(0.,0.,1.));
#1597 = DIRECTION('',(1.,0.,0.));
#1598 = ORIENTED_EDGE('',*,*,#1599,.T.);
#1599 = EDGE_CURVE('',#1591,#906,#1600,.T.);
#1600 = CIRCLE('',#1601,18.75);
#1601 = AXIS2_PLACEMENT_3D('',#1602,#1603,#1604);
#1602 = CARTESIAN_POINT('',(0.,0.,5.5));
#1603 = DIRECTION('',(0.,0.,1.));
#1604 = DIRECTION('',(1.,0.,0.));
#1605 = ORIENTED_EDGE('',*,*,#928,.T.);
#1606 = ORIENTED_EDGE('',*,*,#1607,.T.);
#1607 = EDGE_CURVE('',#929,#1608,#1610,.T.);
#1608 = VERTEX_POINT('',#1609);
#1609 = CARTESIAN_POINT('',(6.05,25.,5.5));
#1610 = CIRCLE('',#1611,6.05);
#1611 = AXIS2_PLACEMENT_3D('',#1612,#1613,#1614);
#1612 = CARTESIAN_POINT('',(0.,25.,5.5));
#1613 = DIRECTION('',(0.,0.,1.));
#1614 = DIRECTION('',(1.,0.,0.));
#1615 = ORIENTED_EDGE('',*,*,#1616,.T.);
#1616 = EDGE_CURVE('',#1608,#1203,#1617,.T.);
#1617 = CIRCLE('',#1618,6.05);
#1618 = AXIS2_PLACEMENT_3D('',#1619,#1620,#1621);
#1619 = CARTESIAN_POINT('',(0.,25.,5.5));
#1620 = DIRECTION('',(0.,0.,1.));
#1621 = DIRECTION('',(1.,0.,0.));
#1622 = ORIENTED_EDGE('',*,*,#1229,.T.);
#1623 = ORIENTED_EDGE('',*,*,#1624,.T.);
#1624 = EDGE_CURVE('',#1230,#1625,#1627,.T.);
#1625 = VERTEX_POINT('',#1626);
#1626 = CARTESIAN_POINT('',(-16.00485727935,-9.767652914975,5.5));
#1627 = CIRCLE('',#1628,18.75);
#1628 = AXIS2_PLACEMENT_3D('',#1629,#1630,#1631);
#1629 = CARTESIAN_POINT('',(0.,0.,5.5));
#1630 = DIRECTION('',(0.,0.,1.));
#1631 = DIRECTION('',(1.,0.,0.));
#1632 = ORIENTED_EDGE('',*,*,#1633,.T.);
#1633 = EDGE_CURVE('',#1625,#1634,#1636,.T.);
#1634 = VERTEX_POINT('',#1635);
#1635 = CARTESIAN_POINT('',(-10.84692419332,-15.29400979286,5.5));
#1636 = CIRCLE('',#1637,4.35);
#1637 = AXIS2_PLACEMENT_3D('',#1638,#1639,#1640);
#1638 = CARTESIAN_POINT('',(-15.,-14.,5.5));
#1639 = DIRECTION('',(0.,0.,1.));
#1640 = DIRECTION('',(1.,0.,0.));
#1641 = ORIENTED_EDGE('',*,*,#1642,.T.);
#1642 = EDGE_CURVE('',#1634,#1643,#1645,.T.);
#1643 = VERTEX_POINT('',#1644);
#1644 = CARTESIAN_POINT('',(10.846924193327,-15.29400979286,5.5));
#1645 = CIRCLE('',#1646,18.75);
#1646 = AXIS2_PLACEMENT_3D('',#1647,#1648,#1649);
#1647 = CARTESIAN_POINT('',(0.,0.,5.5));
#1648 = DIRECTION('',(0.,0.,1.));
#1649 = DIRECTION('',(1.,0.,0.));
#1650 = ORIENTED_EDGE('',*,*,#1651,.T.);
#1651 = EDGE_CURVE('',#1643,#1652,#1654,.T.);
#1652 = VERTEX_POINT('',#1653);
#1653 = CARTESIAN_POINT('',(19.35,-14.,5.5));
#1654 = CIRCLE('',#1655,4.35);
#1655 = AXIS2_PLACEMENT_3D('',#1656,#1657,#1658);
#1656 = CARTESIAN_POINT('',(15.,-14.,5.5));
#1657 = DIRECTION('',(0.,0.,1.));
#1658 = DIRECTION('',(1.,0.,0.));
#1659 = ORIENTED_EDGE('',*,*,#1660,.T.);
#1660 = EDGE_CURVE('',#1652,#1589,#1661,.T.);
#1661 = CIRCLE('',#1662,4.35);
#1662 = AXIS2_PLACEMENT_3D('',#1663,#1664,#1665);
#1663 = CARTESIAN_POINT('',(15.,-14.,5.5));
#1664 = DIRECTION('',(0.,0.,1.));
#1665 = DIRECTION('',(1.,0.,0.));
#1666 = FACE_BOUND('',#1667,.T.);
#1667 = EDGE_LOOP('',(#1668));
#1668 = ORIENTED_EDGE('',*,*,#1669,.F.);
#1669 = EDGE_CURVE('',#1670,#1670,#1672,.T.);
#1670 = VERTEX_POINT('',#1671);
#1671 = CARTESIAN_POINT('',(-13.3,-14.,5.5));
#1672 = CIRCLE('',#1673,1.7);
#1673 = AXIS2_PLACEMENT_3D('',#1674,#1675,#1676);
#1674 = CARTESIAN_POINT('',(-15.,-14.,5.5));
#1675 = DIRECTION('',(0.,0.,1.));
#1676 = DIRECTION('',(1.,0.,0.));
#1677 = FACE_BOUND('',#1678,.T.);
#1678 = EDGE_LOOP('',(#1679));
#1679 = ORIENTED_EDGE('',*,*,#1680,.F.);
#1680 = EDGE_CURVE('',#1681,#1681,#1683,.T.);
#1681 = VERTEX_POINT('',#1682);
#1682 = CARTESIAN_POINT('',(16.7,-14.,5.5));
#1683 = CIRCLE('',#1684,1.7);
#1684 = AXIS2_PLACEMENT_3D('',#1685,#1686,#1687);
#1685 = CARTESIAN_POINT('',(15.,-14.,5.5));
#1686 = DIRECTION('',(0.,0.,1.));
#1687 = DIRECTION('',(1.,0.,0.));
#1688 = FACE_BOUND('',#1689,.T.);
#1689 = EDGE_LOOP('',(#1690));
#1690 = ORIENTED_EDGE('',*,*,#727,.F.);
#1691 = FACE_BOUND('',#1692,.T.);
#1692 = EDGE_LOOP('',(#1693));
#1693 = ORIENTED_EDGE('',*,*,#1563,.F.);
#1694 = PLANE('',#1695);
#1695 = AXIS2_PLACEMENT_3D('',#1696,#1697,#1698);
#1696 = CARTESIAN_POINT('',(0.212724845925,1.578919062313,5.5));
#1697 = DIRECTION('',(0.,0.,1.));
#1698 = DIRECTION('',(1.,0.,0.));
#1699 = ADVANCED_FACE('',(#1700),#1729,.T.);
#1700 = FACE_BOUND('',#1701,.T.);
#1701 = EDGE_LOOP('',(#1702,#1703,#1704,#1713,#1722,#1728));
#1702 = ORIENTED_EDGE('',*,*,#817,.T.);
#1703 = ORIENTED_EDGE('',*,*,#897,.T.);
#1704 = ORIENTED_EDGE('',*,*,#1705,.F.);
#1705 = EDGE_CURVE('',#1706,#898,#1708,.T.);
#1706 = VERTEX_POINT('',#1707);
#1707 = CARTESIAN_POINT('',(19.2,0.,5.05));
#1708 = CIRCLE('',#1709,19.2);
#1709 = AXIS2_PLACEMENT_3D('',#1710,#1711,#1712);
#1710 = CARTESIAN_POINT('',(0.,0.,5.05));
#1711 = DIRECTION('',(0.,0.,1.));
#1712 = DIRECTION('',(1.,0.,0.));
#1713 = ORIENTED_EDGE('',*,*,#1714,.F.);
#1714 = EDGE_CURVE('',#1715,#1706,#1717,.T.);
#1715 = VERTEX_POINT('',#1716);
#1716 = CARTESIAN_POINT('',(16.682450177007,-9.504517667492,5.05));
#1717 = CIRCLE('',#1718,19.2);
#1718 = AXIS2_PLACEMENT_3D('',#1719,#1720,#1721);
#1719 = CARTESIAN_POINT('',(0.,0.,5.05));
#1720 = DIRECTION('',(0.,0.,1.));
#1721 = DIRECTION('',(1.,0.,0.));
#1722 = ORIENTED_EDGE('',*,*,#1723,.F.);
#1723 = EDGE_CURVE('',#744,#1715,#1724,.T.);
#1724 = LINE('',#1725,#1726);
#1725 = CARTESIAN_POINT('',(16.682450177007,-9.504517667492,0.));
#1726 = VECTOR('',#1727,1.);
#1727 = DIRECTION('',(0.,0.,1.));
#1728 = ORIENTED_EDGE('',*,*,#743,.T.);
#1729 = CYLINDRICAL_SURFACE('',#1730,19.2);
#1730 = AXIS2_PLACEMENT_3D('',#1731,#1732,#1733);
#1731 = CARTESIAN_POINT('',(0.,0.,0.));
#1732 = DIRECTION('',(0.,0.,1.));
#1733 = DIRECTION('',(1.,0.,0.));
#1734 = ADVANCED_FACE('',(#1735),#1764,.T.);
#1735 = FACE_BOUND('',#1736,.T.);
#1736 = EDGE_LOOP('',(#1737,#1748,#1754,#1755,#1756,#1757));
#1737 = ORIENTED_EDGE('',*,*,#1738,.F.);
#1738 = EDGE_CURVE('',#1739,#1741,#1743,.T.);
#1739 = VERTEX_POINT('',#1740);
#1740 = CARTESIAN_POINT('',(10.631089015392,-15.98811891208,5.05));
#1741 = VERTEX_POINT('',#1742);
#1742 = CARTESIAN_POINT('',(19.8,-14.,5.05));
#1743 = CIRCLE('',#1744,4.8);
#1744 = AXIS2_PLACEMENT_3D('',#1745,#1746,#1747);
#1745 = CARTESIAN_POINT('',(15.,-14.,5.05));
#1746 = DIRECTION('',(0.,0.,1.));
#1747 = DIRECTION('',(1.,0.,0.));
#1748 = ORIENTED_EDGE('',*,*,#1749,.F.);
#1749 = EDGE_CURVE('',#857,#1739,#1750,.T.);
#1750 = LINE('',#1751,#1752);
#1751 = CARTESIAN_POINT('',(10.631089015392,-15.98811891208,0.));
#1752 = VECTOR('',#1753,1.);
#1753 = DIRECTION('',(0.,0.,1.));
#1754 = ORIENTED_EDGE('',*,*,#856,.T.);
#1755 = ORIENTED_EDGE('',*,*,#800,.T.);
#1756 = ORIENTED_EDGE('',*,*,#1723,.T.);
#1757 = ORIENTED_EDGE('',*,*,#1758,.F.);
#1758 = EDGE_CURVE('',#1741,#1715,#1759,.T.);
#1759 = CIRCLE('',#1760,4.8);
#1760 = AXIS2_PLACEMENT_3D('',#1761,#1762,#1763);
#1761 = CARTESIAN_POINT('',(15.,-14.,5.05));
#1762 = DIRECTION('',(0.,0.,1.));
#1763 = DIRECTION('',(1.,0.,0.));
#1764 = CYLINDRICAL_SURFACE('',#1765,4.8);
#1765 = AXIS2_PLACEMENT_3D('',#1766,#1767,#1768);
#1766 = CARTESIAN_POINT('',(15.,-14.,0.));
#1767 = DIRECTION('',(0.,0.,1.));
#1768 = DIRECTION('',(1.,0.,0.));
#1769 = ADVANCED_FACE('',(#1770),#1792,.T.);
#1770 = FACE_BOUND('',#1771,.T.);
#1771 = EDGE_LOOP('',(#1772,#1773,#1774,#1783,#1790,#1791));
#1772 = ORIENTED_EDGE('',*,*,#1109,.T.);
#1773 = ORIENTED_EDGE('',*,*,#1194,.T.);
#1774 = ORIENTED_EDGE('',*,*,#1775,.F.);
#1775 = EDGE_CURVE('',#1776,#1195,#1778,.T.);
#1776 = VERTEX_POINT('',#1777);
#1777 = CARTESIAN_POINT('',(6.5,25.,5.05));
#1778 = CIRCLE('',#1779,6.5);
#1779 = AXIS2_PLACEMENT_3D('',#1780,#1781,#1782);
#1780 = CARTESIAN_POINT('',(0.,25.,5.05));
#1781 = DIRECTION('',(0.,0.,1.));
#1782 = DIRECTION('',(1.,0.,0.));
#1783 = ORIENTED_EDGE('',*,*,#1784,.F.);
#1784 = EDGE_CURVE('',#937,#1776,#1785,.T.);
#1785 = CIRCLE('',#1786,6.5);
#1786 = AXIS2_PLACEMENT_3D('',#1787,#1788,#1789);
#1787 = CARTESIAN_POINT('',(0.,25.,5.05));
#1788 = DIRECTION('',(0.,0.,1.));
#1789 = DIRECTION('',(1.,0.,0.));
#1790 = ORIENTED_EDGE('',*,*,#963,.F.);
#1791 = ORIENTED_EDGE('',*,*,#1043,.T.);
#1792 = CYLINDRICAL_SURFACE('',#1793,6.5);
#1793 = AXIS2_PLACEMENT_3D('',#1794,#1795,#1796);
#1794 = CARTESIAN_POINT('',(0.,25.,0.));
#1795 = DIRECTION('',(0.,0.,1.));
#1796 = DIRECTION('',(1.,0.,0.));
#1797 = ADVANCED_FACE('',(#1798),#1810,.T.);
#1798 = FACE_BOUND('',#1799,.T.);
#1799 = EDGE_LOOP('',(#1800,#1801,#1808,#1809));
#1800 = ORIENTED_EDGE('',*,*,#1784,.T.);
#1801 = ORIENTED_EDGE('',*,*,#1802,.T.);
#1802 = EDGE_CURVE('',#1776,#1608,#1803,.T.);
#1803 = CIRCLE('',#1804,0.45);
#1804 = AXIS2_PLACEMENT_3D('',#1805,#1806,#1807);
#1805 = CARTESIAN_POINT('',(6.05,25.,5.05));
#1806 = DIRECTION('',(0.,-1.,0.));
#1807 = DIRECTION('',(1.,0.,0.));
#1808 = ORIENTED_EDGE('',*,*,#1607,.F.);
#1809 = ORIENTED_EDGE('',*,*,#936,.F.);
#1810 = TOROIDAL_SURFACE('',#1811,6.05,0.45);
#1811 = AXIS2_PLACEMENT_3D('',#1812,#1813,#1814);
#1812 = CARTESIAN_POINT('',(0.,25.,5.05));
#1813 = DIRECTION('',(0.,0.,1.));
#1814 = DIRECTION('',(1.,0.,0.));
#1815 = ADVANCED_FACE('',(#1816),#1828,.T.);
#1816 = FACE_BOUND('',#1817,.T.);
#1817 = EDGE_LOOP('',(#1818,#1825,#1826,#1827));
#1818 = ORIENTED_EDGE('',*,*,#1819,.F.);
#1819 = EDGE_CURVE('',#1706,#1591,#1820,.T.);
#1820 = CIRCLE('',#1821,0.45);
#1821 = AXIS2_PLACEMENT_3D('',#1822,#1823,#1824);
#1822 = CARTESIAN_POINT('',(18.75,0.,5.05));
#1823 = DIRECTION('',(0.,-1.,0.));
#1824 = DIRECTION('',(1.,0.,0.));
#1825 = ORIENTED_EDGE('',*,*,#1705,.T.);
#1826 = ORIENTED_EDGE('',*,*,#905,.T.);
#1827 = ORIENTED_EDGE('',*,*,#1599,.F.);
#1828 = TOROIDAL_SURFACE('',#1829,18.75,0.45);
#1829 = AXIS2_PLACEMENT_3D('',#1830,#1831,#1832);
#1830 = CARTESIAN_POINT('',(0.,0.,5.05));
#1831 = DIRECTION('',(0.,0.,1.));
#1832 = DIRECTION('',(1.,0.,0.));
#1833 = ADVANCED_FACE('',(#1834),#1853,.T.);
#1834 = FACE_BOUND('',#1835,.T.);
#1835 = EDGE_LOOP('',(#1836,#1837,#1838,#1847));
#1836 = ORIENTED_EDGE('',*,*,#1004,.T.);
#1837 = ORIENTED_EDGE('',*,*,#1749,.T.);
#1838 = ORIENTED_EDGE('',*,*,#1839,.F.);
#1839 = EDGE_CURVE('',#1840,#1739,#1842,.T.);
#1840 = VERTEX_POINT('',#1841);
#1841 = CARTESIAN_POINT('',(-10.63108901539,-15.98811891208,5.05));
#1842 = CIRCLE('',#1843,19.2);
#1843 = AXIS2_PLACEMENT_3D('',#1844,#1845,#1846);
#1844 = CARTESIAN_POINT('',(0.,0.,5.05));
#1845 = DIRECTION('',(0.,0.,1.));
#1846 = DIRECTION('',(1.,0.,0.));
#1847 = ORIENTED_EDGE('',*,*,#1848,.F.);
#1848 = EDGE_CURVE('',#1005,#1840,#1849,.T.);
#1849 = LINE('',#1850,#1851);
#1850 = CARTESIAN_POINT('',(-10.63108901539,-15.98811891208,0.));
#1851 = VECTOR('',#1852,1.);
#1852 = DIRECTION('',(0.,0.,1.));
#1853 = CYLINDRICAL_SURFACE('',#1854,19.2);
#1854 = AXIS2_PLACEMENT_3D('',#1855,#1856,#1857);
#1855 = CARTESIAN_POINT('',(0.,0.,0.));
#1856 = DIRECTION('',(0.,0.,1.));
#1857 = DIRECTION('',(1.,0.,0.));
#1858 = ADVANCED_FACE('',(#1859),#1878,.T.);
#1859 = FACE_BOUND('',#1860,.T.);
#1860 = EDGE_LOOP('',(#1861,#1869,#1870,#1871));
#1861 = ORIENTED_EDGE('',*,*,#1862,.F.);
#1862 = EDGE_CURVE('',#1070,#1863,#1865,.T.);
#1863 = VERTEX_POINT('',#1864);
#1864 = CARTESIAN_POINT('',(-16.682450177,-9.504517667492,5.05));
#1865 = LINE('',#1866,#1867);
#1866 = CARTESIAN_POINT('',(-16.682450177,-9.504517667492,0.));
#1867 = VECTOR('',#1868,1.);
#1868 = DIRECTION('',(0.,0.,1.));
#1869 = ORIENTED_EDGE('',*,*,#1091,.T.);
#1870 = ORIENTED_EDGE('',*,*,#1848,.T.);
#1871 = ORIENTED_EDGE('',*,*,#1872,.F.);
#1872 = EDGE_CURVE('',#1863,#1840,#1873,.T.);
#1873 = CIRCLE('',#1874,4.8);
#1874 = AXIS2_PLACEMENT_3D('',#1875,#1876,#1877);
#1875 = CARTESIAN_POINT('',(-15.,-14.,5.05));
#1876 = DIRECTION('',(0.,0.,1.));
#1877 = DIRECTION('',(1.,0.,0.));
#1878 = CYLINDRICAL_SURFACE('',#1879,4.8);
#1879 = AXIS2_PLACEMENT_3D('',#1880,#1881,#1882);
#1880 = CARTESIAN_POINT('',(-15.,-14.,0.));
#1881 = DIRECTION('',(0.,0.,1.));
#1882 = DIRECTION('',(1.,0.,0.));
#1883 = ADVANCED_FACE('',(#1884),#1896,.T.);
#1884 = FACE_BOUND('',#1885,.T.);
#1885 = EDGE_LOOP('',(#1886,#1887,#1888,#1895));
#1886 = ORIENTED_EDGE('',*,*,#1176,.T.);
#1887 = ORIENTED_EDGE('',*,*,#1862,.T.);
#1888 = ORIENTED_EDGE('',*,*,#1889,.F.);
#1889 = EDGE_CURVE('',#1238,#1863,#1890,.T.);
#1890 = CIRCLE('',#1891,19.2);
#1891 = AXIS2_PLACEMENT_3D('',#1892,#1893,#1894);
#1892 = CARTESIAN_POINT('',(0.,0.,5.05));
#1893 = DIRECTION('',(0.,0.,1.));
#1894 = DIRECTION('',(1.,0.,0.));
#1895 = ORIENTED_EDGE('',*,*,#1260,.F.);
#1896 = CYLINDRICAL_SURFACE('',#1897,19.2);
#1897 = AXIS2_PLACEMENT_3D('',#1898,#1899,#1900);
#1898 = CARTESIAN_POINT('',(0.,0.,0.));
#1899 = DIRECTION('',(0.,0.,1.));
#1900 = DIRECTION('',(1.,0.,0.));
#1901 = ADVANCED_FACE('',(#1902),#1927,.T.);
#1902 = FACE_BOUND('',#1903,.T.);
#1903 = EDGE_LOOP('',(#1904,#1905,#1906,#1907));
#1904 = ORIENTED_EDGE('',*,*,#1624,.F.);
#1905 = ORIENTED_EDGE('',*,*,#1237,.F.);
#1906 = ORIENTED_EDGE('',*,*,#1889,.T.);
#1907 = ORIENTED_EDGE('',*,*,#1908,.T.);
#1908 = EDGE_CURVE('',#1863,#1625,#1909,.T.);
#1909 = B_SPLINE_CURVE_WITH_KNOTS('',6,(#1910,#1911,#1912,#1913,#1914,
    #1915,#1916,#1917,#1918,#1919,#1920,#1921,#1922,#1923,#1924,#1925,
    #1926),.UNSPECIFIED.,.F.,.F.,(7,5,5,7),(0.,0.278214844974,
    0.562029413396,1.),.UNSPECIFIED.);
#1910 = CARTESIAN_POINT('',(-16.682450177,-9.504517667492,5.05));
#1911 = CARTESIAN_POINT('',(-16.682450177,-9.504517667492,5.084045010543
    ));
#1912 = CARTESIAN_POINT('',(-16.6779684063,-9.506140560525,
    5.118092401129));
#1913 = CARTESIAN_POINT('',(-16.669003335,-9.509386531622,5.151738829719
    ));
#1914 = CARTESIAN_POINT('',(-16.65566195393,-9.514228377456,
    5.184592091235));
#1915 = CARTESIAN_POINT('',(-16.63814194201,-9.520615195873,
    5.216291244942));
#1916 = CARTESIAN_POINT('',(-16.59485443434,-9.536495173548,
    5.277370798715));
#1917 = CARTESIAN_POINT('',(-16.56892574409,-9.546049026569,
    5.306694503313));
#1918 = CARTESIAN_POINT('',(-16.53921220299,-9.557063082999,
    5.334169620054));
#1919 = CARTESIAN_POINT('',(-16.50606274239,-9.569445390841,
    5.359533371461));
#1920 = CARTESIAN_POINT('',(-16.46986204151,-9.583092131704,
    5.382585329764));
#1921 = CARTESIAN_POINT('',(-16.37103428563,-9.620733465246,
    5.434971777527));
#1922 = CARTESIAN_POINT('',(-16.30473542958,-9.646321801884,
    5.46091665704));
#1923 = CARTESIAN_POINT('',(-16.23353614282,-9.67425708825,
    5.480503621147));
#1924 = CARTESIAN_POINT('',(-16.15891061828,-9.704102819949,
    5.493531667398));
#1925 = CARTESIAN_POINT('',(-16.0822353279,-9.735405080445,5.50000003075
    ));
#1926 = CARTESIAN_POINT('',(-16.00485727933,-9.767652915016,5.5));
#1927 = TOROIDAL_SURFACE('',#1928,18.75,0.45);
#1928 = AXIS2_PLACEMENT_3D('',#1929,#1930,#1931);
#1929 = CARTESIAN_POINT('',(0.,0.,5.05));
#1930 = DIRECTION('',(0.,0.,1.));
#1931 = DIRECTION('',(1.,0.,0.));
#1932 = ADVANCED_FACE('',(#1933),#1939,.T.);
#1933 = FACE_BOUND('',#1934,.T.);
#1934 = EDGE_LOOP('',(#1935,#1936,#1937,#1938));
#1935 = ORIENTED_EDGE('',*,*,#1802,.F.);
#1936 = ORIENTED_EDGE('',*,*,#1775,.T.);
#1937 = ORIENTED_EDGE('',*,*,#1202,.T.);
#1938 = ORIENTED_EDGE('',*,*,#1616,.F.);
#1939 = TOROIDAL_SURFACE('',#1940,6.05,0.45);
#1940 = AXIS2_PLACEMENT_3D('',#1941,#1942,#1943);
#1941 = CARTESIAN_POINT('',(0.,25.,5.05));
#1942 = DIRECTION('',(0.,0.,1.));
#1943 = DIRECTION('',(1.,0.,0.));
#1944 = ADVANCED_FACE('',(#1945,#1953),#1964,.F.);
#1945 = FACE_BOUND('',#1946,.F.);
#1946 = EDGE_LOOP('',(#1947,#1948,#1949,#1950,#1951,#1952));
#1947 = ORIENTED_EDGE('',*,*,#1332,.T.);
#1948 = ORIENTED_EDGE('',*,*,#1380,.T.);
#1949 = ORIENTED_EDGE('',*,*,#1404,.T.);
#1950 = ORIENTED_EDGE('',*,*,#1363,.T.);
#1951 = ORIENTED_EDGE('',*,*,#1315,.T.);
#1952 = ORIENTED_EDGE('',*,*,#1284,.T.);
#1953 = FACE_BOUND('',#1954,.F.);
#1954 = EDGE_LOOP('',(#1955));
#1955 = ORIENTED_EDGE('',*,*,#1956,.F.);
#1956 = EDGE_CURVE('',#1957,#1957,#1959,.T.);
#1957 = VERTEX_POINT('',#1958);
#1958 = CARTESIAN_POINT('',(16.7,-14.,4.));
#1959 = CIRCLE('',#1960,1.7);
#1960 = AXIS2_PLACEMENT_3D('',#1961,#1962,#1963);
#1961 = CARTESIAN_POINT('',(15.,-14.,4.));
#1962 = DIRECTION('',(0.,0.,1.));
#1963 = DIRECTION('',(1.,0.,0.));
#1964 = PLANE('',#1965);
#1965 = AXIS2_PLACEMENT_3D('',#1966,#1967,#1968);
#1966 = CARTESIAN_POINT('',(15.,-14.,4.));
#1967 = DIRECTION('',(0.,0.,1.));
#1968 = DIRECTION('',(1.,0.,0.));
#1969 = ADVANCED_FACE('',(#1970,#1978),#1989,.F.);
#1970 = FACE_BOUND('',#1971,.F.);
#1971 = EDGE_LOOP('',(#1972,#1973,#1974,#1975,#1976,#1977));
#1972 = ORIENTED_EDGE('',*,*,#1476,.T.);
#1973 = ORIENTED_EDGE('',*,*,#1524,.T.);
#1974 = ORIENTED_EDGE('',*,*,#1548,.T.);
#1975 = ORIENTED_EDGE('',*,*,#1507,.T.);
#1976 = ORIENTED_EDGE('',*,*,#1459,.T.);
#1977 = ORIENTED_EDGE('',*,*,#1428,.T.);
#1978 = FACE_BOUND('',#1979,.F.);
#1979 = EDGE_LOOP('',(#1980));
#1980 = ORIENTED_EDGE('',*,*,#1981,.F.);
#1981 = EDGE_CURVE('',#1982,#1982,#1984,.T.);
#1982 = VERTEX_POINT('',#1983);
#1983 = CARTESIAN_POINT('',(-13.3,-14.,4.));
#1984 = CIRCLE('',#1985,1.7);
#1985 = AXIS2_PLACEMENT_3D('',#1986,#1987,#1988);
#1986 = CARTESIAN_POINT('',(-15.,-14.,4.));
#1987 = DIRECTION('',(0.,0.,1.));
#1988 = DIRECTION('',(1.,0.,0.));
#1989 = PLANE('',#1990);
#1990 = AXIS2_PLACEMENT_3D('',#1991,#1992,#1993);
#1991 = CARTESIAN_POINT('',(-15.,-14.,4.));
#1992 = DIRECTION('',(0.,0.,1.));
#1993 = DIRECTION('',(1.,0.,0.));
#1994 = ADVANCED_FACE('',(#1995),#2020,.T.);
#1995 = FACE_BOUND('',#1996,.T.);
#1996 = EDGE_LOOP('',(#1997,#1998,#1999,#2000));
#1997 = ORIENTED_EDGE('',*,*,#1714,.T.);
#1998 = ORIENTED_EDGE('',*,*,#1819,.T.);
#1999 = ORIENTED_EDGE('',*,*,#1588,.F.);
#2000 = ORIENTED_EDGE('',*,*,#2001,.T.);
#2001 = EDGE_CURVE('',#1589,#1715,#2002,.T.);
#2002 = B_SPLINE_CURVE_WITH_KNOTS('',6,(#2003,#2004,#2005,#2006,#2007,
    #2008,#2009,#2010,#2011,#2012,#2013,#2014,#2015,#2016,#2017,#2018,
    #2019),.UNSPECIFIED.,.F.,.F.,(7,5,5,7),(0.,0.437362900733,
    0.719315603253,1.),.UNSPECIFIED.);
#2003 = CARTESIAN_POINT('',(16.004857279373,-9.767652914949,5.5));
#2004 = CARTESIAN_POINT('',(16.0821280505,-9.735449789082,5.500000031102
    ));
#2005 = CARTESIAN_POINT('',(16.158697901781,-9.704189662482,
    5.493549589347));
#2006 = CARTESIAN_POINT('',(16.233225590747,-9.674381293311,
    5.480557805627));
#2007 = CARTESIAN_POINT('',(16.304340410316,-9.646476795234,
    5.461025246817));
#2008 = CARTESIAN_POINT('',(16.370574463613,-9.620910944617,
    5.435151557716));
#2009 = CARTESIAN_POINT('',(16.469136164182,-9.583367107924,
    5.383010898838));
#2010 = CARTESIAN_POINT('',(16.505148229219,-9.56978919286,
    5.360151063829));
#2011 = CARTESIAN_POINT('',(16.538154751911,-9.557457570891,
    5.335007233515));
#2012 = CARTESIAN_POINT('',(16.567778414598,-9.546474118386,
    5.307775079586));
#2013 = CARTESIAN_POINT('',(16.593676367091,-9.536929229898,
    5.278711009444));
#2014 = CARTESIAN_POINT('',(16.637361129451,-9.520899856895,
    5.217697148798));
#2015 = CARTESIAN_POINT('',(16.655186193822,-9.514401040457,
    5.18575814114));
#2016 = CARTESIAN_POINT('',(16.668763534355,-9.509473354404,
    5.152634710941));
#2017 = CARTESIAN_POINT('',(16.677888497052,-9.5061694989,5.118696853186
    ));
#2018 = CARTESIAN_POINT('',(16.682450177007,-9.504517667492,
    5.084347185531));
#2019 = CARTESIAN_POINT('',(16.682450177007,-9.504517667492,5.05));
#2020 = TOROIDAL_SURFACE('',#2021,18.75,0.45);
#2021 = AXIS2_PLACEMENT_3D('',#2022,#2023,#2024);
#2022 = CARTESIAN_POINT('',(0.,0.,5.05));
#2023 = DIRECTION('',(0.,0.,1.));
#2024 = DIRECTION('',(1.,0.,0.));
#2025 = ADVANCED_FACE('',(#2026),#2038,.T.);
#2026 = FACE_BOUND('',#2027,.T.);
#2027 = EDGE_LOOP('',(#2028,#2029,#2036,#2037));
#2028 = ORIENTED_EDGE('',*,*,#1660,.F.);
#2029 = ORIENTED_EDGE('',*,*,#2030,.F.);
#2030 = EDGE_CURVE('',#1741,#1652,#2031,.T.);
#2031 = CIRCLE('',#2032,0.45);
#2032 = AXIS2_PLACEMENT_3D('',#2033,#2034,#2035);
#2033 = CARTESIAN_POINT('',(19.35,-14.,5.05));
#2034 = DIRECTION('',(0.,-1.,0.));
#2035 = DIRECTION('',(1.,0.,0.));
#2036 = ORIENTED_EDGE('',*,*,#1758,.T.);
#2037 = ORIENTED_EDGE('',*,*,#2001,.F.);
#2038 = TOROIDAL_SURFACE('',#2039,4.35,0.45);
#2039 = AXIS2_PLACEMENT_3D('',#2040,#2041,#2042);
#2040 = CARTESIAN_POINT('',(15.,-14.,5.05));
#2041 = DIRECTION('',(0.,0.,1.));
#2042 = DIRECTION('',(1.,0.,0.));
#2043 = ADVANCED_FACE('',(#2044),#2069,.T.);
#2044 = FACE_BOUND('',#2045,.T.);
#2045 = EDGE_LOOP('',(#2046,#2047,#2048,#2049));
#2046 = ORIENTED_EDGE('',*,*,#1738,.T.);
#2047 = ORIENTED_EDGE('',*,*,#2030,.T.);
#2048 = ORIENTED_EDGE('',*,*,#1651,.F.);
#2049 = ORIENTED_EDGE('',*,*,#2050,.F.);
#2050 = EDGE_CURVE('',#1739,#1643,#2051,.T.);
#2051 = B_SPLINE_CURVE_WITH_KNOTS('',6,(#2052,#2053,#2054,#2055,#2056,
    #2057,#2058,#2059,#2060,#2061,#2062,#2063,#2064,#2065,#2066,#2067,
    #2068),.UNSPECIFIED.,.F.,.F.,(7,5,5,7),(0.,0.278370863335,
    0.562190348191,1.),.UNSPECIFIED.);
#2052 = CARTESIAN_POINT('',(10.631089015392,-15.98811891208,5.05));
#2053 = CARTESIAN_POINT('',(10.631089015392,-15.98811891208,
    5.084064102019));
#2054 = CARTESIAN_POINT('',(10.63240080313,-15.98353085491,
    5.118130590439));
#2055 = CARTESIAN_POINT('',(10.635024457976,-15.97435319703,
    5.151795437247));
#2056 = CARTESIAN_POINT('',(10.638940166327,-15.9606947968,
    5.184665784764));
#2057 = CARTESIAN_POINT('',(10.644110681793,-15.94275681206,
    5.216380124149));
#2058 = CARTESIAN_POINT('',(10.656981631323,-15.89844290264,
    5.277468882065));
#2059 = CARTESIAN_POINT('',(10.664730203122,-15.87190634994,
    5.306788169119));
#2060 = CARTESIAN_POINT('',(10.673674693456,-15.84149397063,
    5.334258180002));
#2061 = CARTESIAN_POINT('',(10.683747383485,-15.80756029523,
    5.359616232846));
#2062 = CARTESIAN_POINT('',(10.694871182829,-15.7704963017,
    5.382661998355));
#2063 = CARTESIAN_POINT('',(10.725615830024,-15.66931259166,
    5.435019439617));
#2064 = CARTESIAN_POINT('',(10.746571723673,-15.60142613106,
    5.460945441915));
#2065 = CARTESIAN_POINT('',(10.769529591816,-15.5284945824,
    5.480517979189));
#2066 = CARTESIAN_POINT('',(10.79415586665,-15.4520169694,5.493536420827
    ));
#2067 = CARTESIAN_POINT('',(10.820092900054,-15.37339620931,
    5.500000030648));
#2068 = CARTESIAN_POINT('',(10.846924193295,-15.29400979288,5.5));
#2069 = TOROIDAL_SURFACE('',#2070,4.35,0.45);
#2070 = AXIS2_PLACEMENT_3D('',#2071,#2072,#2073);
#2071 = CARTESIAN_POINT('',(15.,-14.,5.05));
#2072 = DIRECTION('',(0.,0.,1.));
#2073 = DIRECTION('',(1.,0.,0.));
#2074 = ADVANCED_FACE('',(#2075),#2100,.T.);
#2075 = FACE_BOUND('',#2076,.T.);
#2076 = EDGE_LOOP('',(#2077,#2078,#2079,#2080));
#2077 = ORIENTED_EDGE('',*,*,#1839,.T.);
#2078 = ORIENTED_EDGE('',*,*,#2050,.T.);
#2079 = ORIENTED_EDGE('',*,*,#1642,.F.);
#2080 = ORIENTED_EDGE('',*,*,#2081,.T.);
#2081 = EDGE_CURVE('',#1634,#1840,#2082,.T.);
#2082 = B_SPLINE_CURVE_WITH_KNOTS('',6,(#2083,#2084,#2085,#2086,#2087,
    #2088,#2089,#2090,#2091,#2092,#2093,#2094,#2095,#2096,#2097,#2098,
    #2099),.UNSPECIFIED.,.F.,.F.,(7,5,5,7),(0.,0.437014864864,
    0.720682026342,1.),.UNSPECIFIED.);
#2083 = CARTESIAN_POINT('',(-10.84692419331,-15.29400979287,5.5));
#2084 = CARTESIAN_POINT('',(-10.82014157949,-15.37325217999,
    5.500000030859));
#2085 = CARTESIAN_POINT('',(-10.79425002609,-15.45173156151,
    5.493559852412));
#2086 = CARTESIAN_POINT('',(-10.7696636978,-15.52807812868,
    5.480588810926));
#2087 = CARTESIAN_POINT('',(-10.74673841301,-15.60089663298,5.4610874013
    ));
#2088 = CARTESIAN_POINT('',(-10.72580604549,-15.66869643846,
    5.43525447355));
#2089 = CARTESIAN_POINT('',(-10.69506735852,-15.7698443527,
    5.383052990178));
#2090 = CARTESIAN_POINT('',(-10.68393455207,-15.80693254006,
    5.360053675642));
#2091 = CARTESIAN_POINT('',(-10.67385080536,-15.84089836501,
    5.334742436069));
#2092 = CARTESIAN_POINT('',(-10.66489314919,-15.8713512808,
    5.307318698902));
#2093 = CARTESIAN_POINT('',(-10.65712929008,-15.89793691428,
    5.278044101995));
#2094 = CARTESIAN_POINT('',(-10.64419877645,-15.94245119917,
    5.216919451339));
#2095 = CARTESIAN_POINT('',(-10.6389935417,-15.9605086156,5.185113028697
    ));
#2096 = CARTESIAN_POINT('',(-10.63505128197,-15.97425936363,
    5.152139020067));
#2097 = CARTESIAN_POINT('',(-10.63240974413,-15.98349958638,
    5.118362393911));
#2098 = CARTESIAN_POINT('',(-10.63108901539,-15.98811891208,
    5.084179984253));
#2099 = CARTESIAN_POINT('',(-10.63108901539,-15.98811891208,5.05));
#2100 = TOROIDAL_SURFACE('',#2101,18.75,0.45);
#2101 = AXIS2_PLACEMENT_3D('',#2102,#2103,#2104);
#2102 = CARTESIAN_POINT('',(0.,0.,5.05));
#2103 = DIRECTION('',(0.,0.,1.));
#2104 = DIRECTION('',(1.,0.,0.));
#2105 = ADVANCED_FACE('',(#2106),#2112,.T.);
#2106 = FACE_BOUND('',#2107,.T.);
#2107 = EDGE_LOOP('',(#2108,#2109,#2110,#2111));
#2108 = ORIENTED_EDGE('',*,*,#2081,.F.);
#2109 = ORIENTED_EDGE('',*,*,#1633,.F.);
#2110 = ORIENTED_EDGE('',*,*,#1908,.F.);
#2111 = ORIENTED_EDGE('',*,*,#1872,.T.);
#2112 = TOROIDAL_SURFACE('',#2113,4.35,0.45);
#2113 = AXIS2_PLACEMENT_3D('',#2114,#2115,#2116);
#2114 = CARTESIAN_POINT('',(-15.,-14.,5.05));
#2115 = DIRECTION('',(0.,0.,1.));
#2116 = DIRECTION('',(1.,0.,0.));
#2117 = ADVANCED_FACE('',(#2118),#2129,.F.);
#2118 = FACE_BOUND('',#2119,.F.);
#2119 = EDGE_LOOP('',(#2120,#2126,#2127,#2128));
#2120 = ORIENTED_EDGE('',*,*,#2121,.T.);
#2121 = EDGE_CURVE('',#1982,#1670,#2122,.T.);
#2122 = LINE('',#2123,#2124);
#2123 = CARTESIAN_POINT('',(-13.3,-14.,-0.1));
#2124 = VECTOR('',#2125,1.);
#2125 = DIRECTION('',(0.,0.,1.));
#2126 = ORIENTED_EDGE('',*,*,#1669,.F.);
#2127 = ORIENTED_EDGE('',*,*,#2121,.F.);
#2128 = ORIENTED_EDGE('',*,*,#1981,.T.);
#2129 = CYLINDRICAL_SURFACE('',#2130,1.7);
#2130 = AXIS2_PLACEMENT_3D('',#2131,#2132,#2133);
#2131 = CARTESIAN_POINT('',(-15.,-14.,-0.1));
#2132 = DIRECTION('',(0.,0.,1.));
#2133 = DIRECTION('',(1.,0.,0.));
#2134 = ADVANCED_FACE('',(#2135),#2146,.F.);
#2135 = FACE_BOUND('',#2136,.F.);
#2136 = EDGE_LOOP('',(#2137,#2143,#2144,#2145));
#2137 = ORIENTED_EDGE('',*,*,#2138,.T.);
#2138 = EDGE_CURVE('',#1957,#1681,#2139,.T.);
#2139 = LINE('',#2140,#2141);
#2140 = CARTESIAN_POINT('',(16.7,-14.,-0.1));
#2141 = VECTOR('',#2142,1.);
#2142 = DIRECTION('',(0.,0.,1.));
#2143 = ORIENTED_EDGE('',*,*,#1680,.F.);
#2144 = ORIENTED_EDGE('',*,*,#2138,.F.);
#2145 = ORIENTED_EDGE('',*,*,#1956,.T.);
#2146 = CYLINDRICAL_SURFACE('',#2147,1.7);
#2147 = AXIS2_PLACEMENT_3D('',#2148,#2149,#2150);
#2148 = CARTESIAN_POINT('',(15.,-14.,-0.1));
#2149 = DIRECTION('',(0.,0.,1.));
#2150 = DIRECTION('',(1.,0.,0.));
#2151 = MANIFOLD_SOLID_BREP('',#2152);
#2152 = CLOSED_SHELL('',(#2153,#2210,#2260,#2294,#2371,#2402,#2449,#2482
    ,#2525,#2564,#2595,#2626,#2644,#2669,#2694,#2719,#4200,#4231,#4249,
    #4286,#4298,#4318,#4338,#4358,#4370,#4387,#4404,#4429,#4460,#4484,
    #4508,#4532,#4557,#4581,#4605,#4629,#4653,#4677,#4701,#4725,#4749,
    #4773,#4797,#4821,#4845,#4869,#4893,#4917,#4941,#4965,#4989,#5013,
    #5037,#5061,#5085,#5109,#5133,#5157,#5181,#5205,#5229,#5253,#5277,
    #5301,#5325,#5349,#5373,#5397,#5421,#5445,#5469,#5493,#5517,#5541,
    #5565,#5589,#5613,#5638,#5662,#5686,#5710,#5727,#5758,#5782,#5806,
    #5830,#5855,#5879,#5903,#5927,#5951,#5975,#5999,#6023,#6047,#6071,
    #6095,#6119,#6143,#6167,#6191,#6215,#6239,#6263,#6287,#6311,#6335,
    #6359,#6383,#6407,#6431,#6455,#6479,#6503,#6527,#6551,#6575,#6599,
    #6623,#6647,#6671,#6695,#6719,#6743,#6767,#6791,#6815,#6839,#6863,
    #6887,#6911,#6935,#6959,#6983,#7007,#7032,#7056,#7080,#7104,#7121,
    #7152,#7176,#7200,#7224,#7249,#7273,#7297,#7321,#7345,#7369,#7393,
    #7417,#7441,#7465,#7489,#7513,#7537,#7561,#7585,#7609,#7633,#7657,
    #7681,#7705,#7729,#7753,#7777,#7801,#7825,#7849,#7873,#7897,#7921,
    #7945,#7969,#7993,#8017,#8041,#8065,#8089,#8113,#8137,#8161,#8185,
    #8209,#8233,#8257,#8281,#8305,#8329,#8353,#8377,#8401,#8425,#8449,
    #8473,#8497,#8522,#8546,#8570,#8594,#8611,#8636));
#2153 = ADVANCED_FACE('',(#2154),#2205,.T.);
#2154 = FACE_BOUND('',#2155,.T.);
#2155 = EDGE_LOOP('',(#2156,#2167,#2176,#2185));
#2156 = ORIENTED_EDGE('',*,*,#2157,.T.);
#2157 = EDGE_CURVE('',#2158,#2160,#2162,.T.);
#2158 = VERTEX_POINT('',#2159);
#2159 = CARTESIAN_POINT('',(-16.682450177,-9.504517667492,5.95));
#2160 = VERTEX_POINT('',#2161);
#2161 = CARTESIAN_POINT('',(-19.2,0.,5.95));
#2162 = CIRCLE('',#2163,19.2);
#2163 = AXIS2_PLACEMENT_3D('',#2164,#2165,#2166);
#2164 = CARTESIAN_POINT('',(6.184466335694E-16,0.,5.95));
#2165 = DIRECTION('',(1.224646799147E-16,0.,-1.));
#2166 = DIRECTION('',(-1.,0.,-1.224646799147E-16));
#2167 = ORIENTED_EDGE('',*,*,#2168,.T.);
#2168 = EDGE_CURVE('',#2160,#2169,#2171,.T.);
#2169 = VERTEX_POINT('',#2170);
#2170 = CARTESIAN_POINT('',(-18.75,0.,5.5));
#2171 = CIRCLE('',#2172,0.45);
#2172 = AXIS2_PLACEMENT_3D('',#2173,#2174,#2175);
#2173 = CARTESIAN_POINT('',(-18.75,0.,5.95));
#2174 = DIRECTION('',(0.,-1.,-0.));
#2175 = DIRECTION('',(-1.,0.,-1.224646799147E-16));
#2176 = ORIENTED_EDGE('',*,*,#2177,.F.);
#2177 = EDGE_CURVE('',#2178,#2169,#2180,.T.);
#2178 = VERTEX_POINT('',#2179);
#2179 = CARTESIAN_POINT('',(-16.00485727935,-9.767652914974,5.5));
#2180 = CIRCLE('',#2181,18.75);
#2181 = AXIS2_PLACEMENT_3D('',#2182,#2183,#2184);
#2182 = CARTESIAN_POINT('',(6.73555739531E-16,0.,5.5));
#2183 = DIRECTION('',(1.224646799147E-16,0.,-1.));
#2184 = DIRECTION('',(-1.,0.,-1.224646799147E-16));
#2185 = ORIENTED_EDGE('',*,*,#2186,.T.);
#2186 = EDGE_CURVE('',#2178,#2158,#2187,.T.);
#2187 = B_SPLINE_CURVE_WITH_KNOTS('',6,(#2188,#2189,#2190,#2191,#2192,
    #2193,#2194,#2195,#2196,#2197,#2198,#2199,#2200,#2201,#2202,#2203,
    #2204),.UNSPECIFIED.,.F.,.F.,(7,5,5,7),(0.,0.437362900733,
    0.719315603253,1.),.UNSPECIFIED.);
#2188 = CARTESIAN_POINT('',(-16.00485727937,-9.767652914949,5.5));
#2189 = CARTESIAN_POINT('',(-16.0821280505,-9.735449789082,
    5.499999968898));
#2190 = CARTESIAN_POINT('',(-16.15869790178,-9.704189662482,
    5.506450410653));
#2191 = CARTESIAN_POINT('',(-16.23322559074,-9.674381293311,
    5.519442194373));
#2192 = CARTESIAN_POINT('',(-16.30434041031,-9.646476795234,
    5.538974753183));
#2193 = CARTESIAN_POINT('',(-16.37057446361,-9.620910944617,
    5.564848442284));
#2194 = CARTESIAN_POINT('',(-16.46913616418,-9.583367107924,
    5.616989101162));
#2195 = CARTESIAN_POINT('',(-16.50514822921,-9.56978919286,
    5.639848936171));
#2196 = CARTESIAN_POINT('',(-16.53815475191,-9.557457570891,
    5.664992766485));
#2197 = CARTESIAN_POINT('',(-16.56777841459,-9.546474118386,
    5.692224920414));
#2198 = CARTESIAN_POINT('',(-16.59367636709,-9.536929229898,
    5.721288990556));
#2199 = CARTESIAN_POINT('',(-16.63736112945,-9.520899856895,
    5.782302851202));
#2200 = CARTESIAN_POINT('',(-16.65518619382,-9.514401040457,
    5.81424185886));
#2201 = CARTESIAN_POINT('',(-16.66876353435,-9.509473354404,
    5.847365289059));
#2202 = CARTESIAN_POINT('',(-16.67788849705,-9.5061694989,5.881303146814
    ));
#2203 = CARTESIAN_POINT('',(-16.682450177,-9.504517667492,5.915652814469
    ));
#2204 = CARTESIAN_POINT('',(-16.682450177,-9.504517667492,5.95));
#2205 = TOROIDAL_SURFACE('',#2206,18.75,0.45);
#2206 = AXIS2_PLACEMENT_3D('',#2207,#2208,#2209);
#2207 = CARTESIAN_POINT('',(6.184466335694E-16,0.,5.95));
#2208 = DIRECTION('',(1.224646799147E-16,0.,-1.));
#2209 = DIRECTION('',(-1.,0.,-1.224646799147E-16));
#2210 = ADVANCED_FACE('',(#2211),#2255,.T.);
#2211 = FACE_BOUND('',#2212,.T.);
#2212 = EDGE_LOOP('',(#2213,#2224,#2232,#2239,#2240,#2248));
#2213 = ORIENTED_EDGE('',*,*,#2214,.T.);
#2214 = EDGE_CURVE('',#2215,#2217,#2219,.T.);
#2215 = VERTEX_POINT('',#2216);
#2216 = CARTESIAN_POINT('',(-19.2,0.,10.55));
#2217 = VERTEX_POINT('',#2218);
#2218 = CARTESIAN_POINT('',(16.682450177007,-9.504517667492,10.55));
#2219 = CIRCLE('',#2220,19.2);
#2220 = AXIS2_PLACEMENT_3D('',#2221,#2222,#2223);
#2221 = CARTESIAN_POINT('',(5.510910596163E-17,0.,10.55));
#2222 = DIRECTION('',(1.224646799147E-16,0.,-1.));
#2223 = DIRECTION('',(-1.,0.,-1.224646799147E-16));
#2224 = ORIENTED_EDGE('',*,*,#2225,.T.);
#2225 = EDGE_CURVE('',#2217,#2226,#2228,.T.);
#2226 = VERTEX_POINT('',#2227);
#2227 = CARTESIAN_POINT('',(16.682450177007,-9.504517667492,5.95));
#2228 = LINE('',#2229,#2230);
#2229 = CARTESIAN_POINT('',(16.682450177007,-9.504517667492,11.));
#2230 = VECTOR('',#2231,1.);
#2231 = DIRECTION('',(1.224646799147E-16,0.,-1.));
#2232 = ORIENTED_EDGE('',*,*,#2233,.F.);
#2233 = EDGE_CURVE('',#2160,#2226,#2234,.T.);
#2234 = CIRCLE('',#2235,19.2);
#2235 = AXIS2_PLACEMENT_3D('',#2236,#2237,#2238);
#2236 = CARTESIAN_POINT('',(6.184466335694E-16,0.,5.95));
#2237 = DIRECTION('',(1.224646799147E-16,0.,-1.));
#2238 = DIRECTION('',(-1.,0.,-1.224646799147E-16));
#2239 = ORIENTED_EDGE('',*,*,#2157,.F.);
#2240 = ORIENTED_EDGE('',*,*,#2241,.F.);
#2241 = EDGE_CURVE('',#2242,#2158,#2244,.T.);
#2242 = VERTEX_POINT('',#2243);
#2243 = CARTESIAN_POINT('',(-16.682450177,-9.504517667492,10.55));
#2244 = LINE('',#2245,#2246);
#2245 = CARTESIAN_POINT('',(-16.682450177,-9.504517667492,11.));
#2246 = VECTOR('',#2247,1.);
#2247 = DIRECTION('',(1.224646799147E-16,0.,-1.));
#2248 = ORIENTED_EDGE('',*,*,#2249,.T.);
#2249 = EDGE_CURVE('',#2242,#2215,#2250,.T.);
#2250 = CIRCLE('',#2251,19.2);
#2251 = AXIS2_PLACEMENT_3D('',#2252,#2253,#2254);
#2252 = CARTESIAN_POINT('',(5.510910596163E-17,0.,10.55));
#2253 = DIRECTION('',(1.224646799147E-16,0.,-1.));
#2254 = DIRECTION('',(-1.,0.,-1.224646799147E-16));
#2255 = CYLINDRICAL_SURFACE('',#2256,19.2);
#2256 = AXIS2_PLACEMENT_3D('',#2257,#2258,#2259);
#2257 = CARTESIAN_POINT('',(0.,0.,11.));
#2258 = DIRECTION('',(1.224646799147E-16,0.,-1.));
#2259 = DIRECTION('',(-1.,0.,-1.224646799147E-16));
#2260 = ADVANCED_FACE('',(#2261),#2289,.T.);
#2261 = FACE_BOUND('',#2262,.T.);
#2262 = EDGE_LOOP('',(#2263,#2272,#2281,#2288));
#2263 = ORIENTED_EDGE('',*,*,#2264,.F.);
#2264 = EDGE_CURVE('',#2265,#2178,#2267,.T.);
#2265 = VERTEX_POINT('',#2266);
#2266 = CARTESIAN_POINT('',(-19.35,-14.,5.5));
#2267 = CIRCLE('',#2268,4.35);
#2268 = AXIS2_PLACEMENT_3D('',#2269,#2270,#2271);
#2269 = CARTESIAN_POINT('',(-15.,-14.,5.5));
#2270 = DIRECTION('',(1.224646799147E-16,0.,-1.));
#2271 = DIRECTION('',(-1.,0.,-1.224646799147E-16));
#2272 = ORIENTED_EDGE('',*,*,#2273,.F.);
#2273 = EDGE_CURVE('',#2274,#2265,#2276,.T.);
#2274 = VERTEX_POINT('',#2275);
#2275 = CARTESIAN_POINT('',(-19.8,-14.,5.95));
#2276 = CIRCLE('',#2277,0.45);
#2277 = AXIS2_PLACEMENT_3D('',#2278,#2279,#2280);
#2278 = CARTESIAN_POINT('',(-19.35,-14.,5.95));
#2279 = DIRECTION('',(0.,-1.,-0.));
#2280 = DIRECTION('',(-1.,0.,-1.224646799147E-16));
#2281 = ORIENTED_EDGE('',*,*,#2282,.T.);
#2282 = EDGE_CURVE('',#2274,#2158,#2283,.T.);
#2283 = CIRCLE('',#2284,4.8);
#2284 = AXIS2_PLACEMENT_3D('',#2285,#2286,#2287);
#2285 = CARTESIAN_POINT('',(-15.,-14.,5.95));
#2286 = DIRECTION('',(1.224646799147E-16,0.,-1.));
#2287 = DIRECTION('',(-1.,0.,-1.224646799147E-16));
#2288 = ORIENTED_EDGE('',*,*,#2186,.F.);
#2289 = TOROIDAL_SURFACE('',#2290,4.35,0.45);
#2290 = AXIS2_PLACEMENT_3D('',#2291,#2292,#2293);
#2291 = CARTESIAN_POINT('',(-15.,-14.,5.95));
#2292 = DIRECTION('',(1.224646799147E-16,0.,-1.));
#2293 = DIRECTION('',(-1.,0.,-1.224646799147E-16));
#2294 = ADVANCED_FACE('',(#2295,#2333,#2344,#2355),#2366,.T.);
#2295 = FACE_BOUND('',#2296,.T.);
#2296 = EDGE_LOOP('',(#2297,#2298,#2307,#2316,#2325,#2332));
#2297 = ORIENTED_EDGE('',*,*,#2177,.T.);
#2298 = ORIENTED_EDGE('',*,*,#2299,.T.);
#2299 = EDGE_CURVE('',#2169,#2300,#2302,.T.);
#2300 = VERTEX_POINT('',#2301);
#2301 = CARTESIAN_POINT('',(16.004857279357,-9.767652914975,5.5));
#2302 = CIRCLE('',#2303,18.75);
#2303 = AXIS2_PLACEMENT_3D('',#2304,#2305,#2306);
#2304 = CARTESIAN_POINT('',(6.73555739531E-16,0.,5.5));
#2305 = DIRECTION('',(1.224646799147E-16,0.,-1.));
#2306 = DIRECTION('',(-1.,0.,-1.224646799147E-16));
#2307 = ORIENTED_EDGE('',*,*,#2308,.T.);
#2308 = EDGE_CURVE('',#2300,#2309,#2311,.T.);
#2309 = VERTEX_POINT('',#2310);
#2310 = CARTESIAN_POINT('',(10.846924193327,-15.29400979286,5.5));
#2311 = CIRCLE('',#2312,4.35);
#2312 = AXIS2_PLACEMENT_3D('',#2313,#2314,#2315);
#2313 = CARTESIAN_POINT('',(15.,-14.,5.5));
#2314 = DIRECTION('',(1.224646799147E-16,0.,-1.));
#2315 = DIRECTION('',(-1.,0.,-1.224646799147E-16));
#2316 = ORIENTED_EDGE('',*,*,#2317,.T.);
#2317 = EDGE_CURVE('',#2309,#2318,#2320,.T.);
#2318 = VERTEX_POINT('',#2319);
#2319 = CARTESIAN_POINT('',(-10.84692419332,-15.29400979286,5.5));
#2320 = CIRCLE('',#2321,18.75);
#2321 = AXIS2_PLACEMENT_3D('',#2322,#2323,#2324);
#2322 = CARTESIAN_POINT('',(6.73555739531E-16,0.,5.5));
#2323 = DIRECTION('',(1.224646799147E-16,0.,-1.));
#2324 = DIRECTION('',(-1.,0.,-1.224646799147E-16));
#2325 = ORIENTED_EDGE('',*,*,#2326,.T.);
#2326 = EDGE_CURVE('',#2318,#2265,#2327,.T.);
#2327 = CIRCLE('',#2328,4.35);
#2328 = AXIS2_PLACEMENT_3D('',#2329,#2330,#2331);
#2329 = CARTESIAN_POINT('',(-15.,-14.,5.5));
#2330 = DIRECTION('',(1.224646799147E-16,0.,-1.));
#2331 = DIRECTION('',(-1.,0.,-1.224646799147E-16));
#2332 = ORIENTED_EDGE('',*,*,#2264,.T.);
#2333 = FACE_BOUND('',#2334,.T.);
#2334 = EDGE_LOOP('',(#2335));
#2335 = ORIENTED_EDGE('',*,*,#2336,.F.);
#2336 = EDGE_CURVE('',#2337,#2337,#2339,.T.);
#2337 = VERTEX_POINT('',#2338);
#2338 = CARTESIAN_POINT('',(13.3,-14.,5.5));
#2339 = CIRCLE('',#2340,1.7);
#2340 = AXIS2_PLACEMENT_3D('',#2341,#2342,#2343);
#2341 = CARTESIAN_POINT('',(15.,-14.,5.5));
#2342 = DIRECTION('',(1.224646799147E-16,0.,-1.));
#2343 = DIRECTION('',(-1.,0.,-1.224646799147E-16));
#2344 = FACE_BOUND('',#2345,.T.);
#2345 = EDGE_LOOP('',(#2346));
#2346 = ORIENTED_EDGE('',*,*,#2347,.F.);
#2347 = EDGE_CURVE('',#2348,#2348,#2350,.T.);
#2348 = VERTEX_POINT('',#2349);
#2349 = CARTESIAN_POINT('',(-16.7,-14.,5.5));
#2350 = CIRCLE('',#2351,1.7);
#2351 = AXIS2_PLACEMENT_3D('',#2352,#2353,#2354);
#2352 = CARTESIAN_POINT('',(-15.,-14.,5.5));
#2353 = DIRECTION('',(1.224646799147E-16,0.,-1.));
#2354 = DIRECTION('',(-1.,0.,-1.224646799147E-16));
#2355 = FACE_BOUND('',#2356,.T.);
#2356 = EDGE_LOOP('',(#2357));
#2357 = ORIENTED_EDGE('',*,*,#2358,.F.);
#2358 = EDGE_CURVE('',#2359,#2359,#2361,.T.);
#2359 = VERTEX_POINT('',#2360);
#2360 = CARTESIAN_POINT('',(-17.65,-4.32300320099E-15,5.5));
#2361 = CIRCLE('',#2362,17.65);
#2362 = AXIS2_PLACEMENT_3D('',#2363,#2364,#2365);
#2363 = CARTESIAN_POINT('',(6.73555739531E-16,0.,5.5));
#2364 = DIRECTION('',(1.224646799147E-16,0.,-1.));
#2365 = DIRECTION('',(-1.,0.,-1.224646799147E-16));
#2366 = PLANE('',#2367);
#2367 = AXIS2_PLACEMENT_3D('',#2368,#2369,#2370);
#2368 = CARTESIAN_POINT('',(-0.386583065355,-3.28048783498,5.5));
#2369 = DIRECTION('',(1.224646799147E-16,0.,-1.));
#2370 = DIRECTION('',(-1.,0.,-1.224646799147E-16));
#2371 = ADVANCED_FACE('',(#2372),#2397,.T.);
#2372 = FACE_BOUND('',#2373,.T.);
#2373 = EDGE_LOOP('',(#2374,#2375,#2376,#2396));
#2374 = ORIENTED_EDGE('',*,*,#2168,.F.);
#2375 = ORIENTED_EDGE('',*,*,#2233,.T.);
#2376 = ORIENTED_EDGE('',*,*,#2377,.T.);
#2377 = EDGE_CURVE('',#2226,#2300,#2378,.T.);
#2378 = B_SPLINE_CURVE_WITH_KNOTS('',6,(#2379,#2380,#2381,#2382,#2383,
    #2384,#2385,#2386,#2387,#2388,#2389,#2390,#2391,#2392,#2393,#2394,
    #2395),.UNSPECIFIED.,.F.,.F.,(7,5,5,7),(0.,0.278214844974,
    0.562029413396,1.),.UNSPECIFIED.);
#2379 = CARTESIAN_POINT('',(16.682450177007,-9.504517667492,5.95));
#2380 = CARTESIAN_POINT('',(16.682450177007,-9.504517667492,
    5.915954989457));
#2381 = CARTESIAN_POINT('',(16.677968406306,-9.506140560525,
    5.881907598871));
#2382 = CARTESIAN_POINT('',(16.669003335,-9.509386531622,5.848261170281)
  );
#2383 = CARTESIAN_POINT('',(16.655661953932,-9.514228377456,
    5.815407908765));
#2384 = CARTESIAN_POINT('',(16.63814194201,-9.520615195873,
    5.783708755058));
#2385 = CARTESIAN_POINT('',(16.594854434345,-9.536495173548,
    5.722629201285));
#2386 = CARTESIAN_POINT('',(16.568925744098,-9.546049026569,
    5.693305496687));
#2387 = CARTESIAN_POINT('',(16.539212202994,-9.557063082999,
    5.665830379946));
#2388 = CARTESIAN_POINT('',(16.50606274239,-9.569445390841,
    5.640466628539));
#2389 = CARTESIAN_POINT('',(16.469862041511,-9.583092131704,
    5.617414670236));
#2390 = CARTESIAN_POINT('',(16.371034285638,-9.620733465246,
    5.565028222473));
#2391 = CARTESIAN_POINT('',(16.30473542958,-9.646321801884,5.53908334296
    ));
#2392 = CARTESIAN_POINT('',(16.233536142828,-9.67425708825,
    5.519496378853));
#2393 = CARTESIAN_POINT('',(16.15891061828,-9.704102819949,
    5.506468332602));
#2394 = CARTESIAN_POINT('',(16.082235327909,-9.735405080445,
    5.49999996925));
#2395 = CARTESIAN_POINT('',(16.004857279332,-9.767652915016,5.5));
#2396 = ORIENTED_EDGE('',*,*,#2299,.F.);
#2397 = TOROIDAL_SURFACE('',#2398,18.75,0.45);
#2398 = AXIS2_PLACEMENT_3D('',#2399,#2400,#2401);
#2399 = CARTESIAN_POINT('',(6.184466335694E-16,0.,5.95));
#2400 = DIRECTION('',(1.224646799147E-16,0.,-1.));
#2401 = DIRECTION('',(-1.,0.,-1.224646799147E-16));
#2402 = ADVANCED_FACE('',(#2403),#2444,.T.);
#2403 = FACE_BOUND('',#2404,.F.);
#2404 = EDGE_LOOP('',(#2405,#2414,#2415,#2437));
#2405 = ORIENTED_EDGE('',*,*,#2406,.F.);
#2406 = EDGE_CURVE('',#2215,#2407,#2409,.T.);
#2407 = VERTEX_POINT('',#2408);
#2408 = CARTESIAN_POINT('',(-18.75,0.,11.));
#2409 = CIRCLE('',#2410,0.45);
#2410 = AXIS2_PLACEMENT_3D('',#2411,#2412,#2413);
#2411 = CARTESIAN_POINT('',(-18.75,0.,10.55));
#2412 = DIRECTION('',(0.,1.,0.));
#2413 = DIRECTION('',(-1.,0.,-1.224646799147E-16));
#2414 = ORIENTED_EDGE('',*,*,#2214,.T.);
#2415 = ORIENTED_EDGE('',*,*,#2416,.F.);
#2416 = EDGE_CURVE('',#2417,#2217,#2419,.T.);
#2417 = VERTEX_POINT('',#2418);
#2418 = CARTESIAN_POINT('',(16.004857279357,-9.767652914975,11.));
#2419 = B_SPLINE_CURVE_WITH_KNOTS('',6,(#2420,#2421,#2422,#2423,#2424,
    #2425,#2426,#2427,#2428,#2429,#2430,#2431,#2432,#2433,#2434,#2435,
    #2436),.UNSPECIFIED.,.F.,.F.,(7,5,5,7),(0.,0.438372923521,
    0.722175204977,1.),.UNSPECIFIED.);
#2420 = CARTESIAN_POINT('',(16.004857279621,-9.767652914543,11.));
#2421 = CARTESIAN_POINT('',(16.082306415635,-9.735375455019,
    11.000000030964));
#2422 = CARTESIAN_POINT('',(16.159051490351,-9.704045309295,
    10.993519776133));
#2423 = CARTESIAN_POINT('',(16.233741797759,-9.674174840721,
    10.980467702649));
#2424 = CARTESIAN_POINT('',(16.304997049205,-9.646219157291,
    10.960844648277));
#2425 = CARTESIAN_POINT('',(16.371338780694,-9.620615947863,
    10.934852547075));
#2426 = CARTESIAN_POINT('',(16.47017194651,-9.582975100877,
    10.882393559465));
#2427 = CARTESIAN_POINT('',(16.506350120389,-9.569337706875,
    10.859326124702));
#2428 = CARTESIAN_POINT('',(16.539475149995,-9.556965227697,
    10.83394813325));
#2429 = CARTESIAN_POINT('',(16.569162505789,-9.545961429568,
    10.80646025909));
#2430 = CARTESIAN_POINT('',(16.595063487464,-9.536418196107,
    10.777125518666));
#2431 = CARTESIAN_POINT('',(16.638264671271,-9.520570455603,
    10.716069012851));
#2432 = CARTESIAN_POINT('',(16.655736722855,-9.514201242944,
    10.684407842346));
#2433 = CARTESIAN_POINT('',(16.669041018085,-9.509372887976,
    10.651597306122));
#2434 = CARTESIAN_POINT('',(16.677980963575,-9.50613601304,
    10.617996926917));
#2435 = CARTESIAN_POINT('',(16.682450177007,-9.504517667492,
    10.58399728135));
#2436 = CARTESIAN_POINT('',(16.682450177007,-9.504517667492,10.55));
#2437 = ORIENTED_EDGE('',*,*,#2438,.F.);
#2438 = EDGE_CURVE('',#2407,#2417,#2439,.T.);
#2439 = CIRCLE('',#2440,18.75);
#2440 = AXIS2_PLACEMENT_3D('',#2441,#2442,#2443);
#2441 = CARTESIAN_POINT('',(0.,0.,11.));
#2442 = DIRECTION('',(1.224646799147E-16,0.,-1.));
#2443 = DIRECTION('',(-1.,0.,-1.224646799147E-16));
#2444 = TOROIDAL_SURFACE('',#2445,18.75,0.45);
#2445 = AXIS2_PLACEMENT_3D('',#2446,#2447,#2448);
#2446 = CARTESIAN_POINT('',(5.510910596163E-17,0.,10.55));
#2447 = DIRECTION('',(-1.224646799147E-16,-0.,1.));
#2448 = DIRECTION('',(-1.,0.,-1.224646799147E-16));
#2449 = ADVANCED_FACE('',(#2450),#2477,.T.);
#2450 = FACE_BOUND('',#2451,.T.);
#2451 = EDGE_LOOP('',(#2452,#2453,#2462,#2470));
#2452 = ORIENTED_EDGE('',*,*,#2225,.F.);
#2453 = ORIENTED_EDGE('',*,*,#2454,.T.);
#2454 = EDGE_CURVE('',#2217,#2455,#2457,.T.);
#2455 = VERTEX_POINT('',#2456);
#2456 = CARTESIAN_POINT('',(10.631089015392,-15.98811891208,10.55));
#2457 = CIRCLE('',#2458,4.8);
#2458 = AXIS2_PLACEMENT_3D('',#2459,#2460,#2461);
#2459 = CARTESIAN_POINT('',(15.,-14.,10.55));
#2460 = DIRECTION('',(1.224646799147E-16,0.,-1.));
#2461 = DIRECTION('',(-1.,0.,-1.224646799147E-16));
#2462 = ORIENTED_EDGE('',*,*,#2463,.T.);
#2463 = EDGE_CURVE('',#2455,#2464,#2466,.T.);
#2464 = VERTEX_POINT('',#2465);
#2465 = CARTESIAN_POINT('',(10.631089015392,-15.98811891208,5.95));
#2466 = LINE('',#2467,#2468);
#2467 = CARTESIAN_POINT('',(10.631089015392,-15.98811891208,11.));
#2468 = VECTOR('',#2469,1.);
#2469 = DIRECTION('',(1.224646799147E-16,0.,-1.));
#2470 = ORIENTED_EDGE('',*,*,#2471,.F.);
#2471 = EDGE_CURVE('',#2226,#2464,#2472,.T.);
#2472 = CIRCLE('',#2473,4.8);
#2473 = AXIS2_PLACEMENT_3D('',#2474,#2475,#2476);
#2474 = CARTESIAN_POINT('',(15.,-14.,5.95));
#2475 = DIRECTION('',(1.224646799147E-16,0.,-1.));
#2476 = DIRECTION('',(-1.,0.,-1.224646799147E-16));
#2477 = CYLINDRICAL_SURFACE('',#2478,4.8);
#2478 = AXIS2_PLACEMENT_3D('',#2479,#2480,#2481);
#2479 = CARTESIAN_POINT('',(15.,-14.,11.));
#2480 = DIRECTION('',(1.224646799147E-16,0.,-1.));
#2481 = DIRECTION('',(-1.,0.,-1.224646799147E-16));
#2482 = ADVANCED_FACE('',(#2483),#2520,.T.);
#2483 = FACE_BOUND('',#2484,.T.);
#2484 = EDGE_LOOP('',(#2485,#2494,#2502,#2511,#2518,#2519));
#2485 = ORIENTED_EDGE('',*,*,#2486,.F.);
#2486 = EDGE_CURVE('',#2487,#2274,#2489,.T.);
#2487 = VERTEX_POINT('',#2488);
#2488 = CARTESIAN_POINT('',(-10.63108901539,-15.98811891208,5.95));
#2489 = CIRCLE('',#2490,4.8);
#2490 = AXIS2_PLACEMENT_3D('',#2491,#2492,#2493);
#2491 = CARTESIAN_POINT('',(-15.,-14.,5.95));
#2492 = DIRECTION('',(1.224646799147E-16,0.,-1.));
#2493 = DIRECTION('',(-1.,0.,-1.224646799147E-16));
#2494 = ORIENTED_EDGE('',*,*,#2495,.F.);
#2495 = EDGE_CURVE('',#2496,#2487,#2498,.T.);
#2496 = VERTEX_POINT('',#2497);
#2497 = CARTESIAN_POINT('',(-10.63108901539,-15.98811891208,10.55));
#2498 = LINE('',#2499,#2500);
#2499 = CARTESIAN_POINT('',(-10.63108901539,-15.98811891208,11.));
#2500 = VECTOR('',#2501,1.);
#2501 = DIRECTION('',(1.224646799147E-16,0.,-1.));
#2502 = ORIENTED_EDGE('',*,*,#2503,.T.);
#2503 = EDGE_CURVE('',#2496,#2504,#2506,.T.);
#2504 = VERTEX_POINT('',#2505);
#2505 = CARTESIAN_POINT('',(-19.8,-14.,10.55));
#2506 = CIRCLE('',#2507,4.8);
#2507 = AXIS2_PLACEMENT_3D('',#2508,#2509,#2510);
#2508 = CARTESIAN_POINT('',(-15.,-14.,10.55));
#2509 = DIRECTION('',(1.224646799147E-16,0.,-1.));
#2510 = DIRECTION('',(-1.,0.,-1.224646799147E-16));
#2511 = ORIENTED_EDGE('',*,*,#2512,.T.);
#2512 = EDGE_CURVE('',#2504,#2242,#2513,.T.);
#2513 = CIRCLE('',#2514,4.8);
#2514 = AXIS2_PLACEMENT_3D('',#2515,#2516,#2517);
#2515 = CARTESIAN_POINT('',(-15.,-14.,10.55));
#2516 = DIRECTION('',(1.224646799147E-16,0.,-1.));
#2517 = DIRECTION('',(-1.,0.,-1.224646799147E-16));
#2518 = ORIENTED_EDGE('',*,*,#2241,.T.);
#2519 = ORIENTED_EDGE('',*,*,#2282,.F.);
#2520 = CYLINDRICAL_SURFACE('',#2521,4.8);
#2521 = AXIS2_PLACEMENT_3D('',#2522,#2523,#2524);
#2522 = CARTESIAN_POINT('',(-15.,-14.,11.));
#2523 = DIRECTION('',(1.224646799147E-16,0.,-1.));
#2524 = DIRECTION('',(-1.,0.,-1.224646799147E-16));
#2525 = ADVANCED_FACE('',(#2526),#2559,.T.);
#2526 = FACE_BOUND('',#2527,.F.);
#2527 = EDGE_LOOP('',(#2528,#2529,#2530,#2539));
#2528 = ORIENTED_EDGE('',*,*,#2249,.T.);
#2529 = ORIENTED_EDGE('',*,*,#2406,.T.);
#2530 = ORIENTED_EDGE('',*,*,#2531,.F.);
#2531 = EDGE_CURVE('',#2532,#2407,#2534,.T.);
#2532 = VERTEX_POINT('',#2533);
#2533 = CARTESIAN_POINT('',(-16.00485727935,-9.767652914974,11.));
#2534 = CIRCLE('',#2535,18.75);
#2535 = AXIS2_PLACEMENT_3D('',#2536,#2537,#2538);
#2536 = CARTESIAN_POINT('',(0.,0.,11.));
#2537 = DIRECTION('',(1.224646799147E-16,0.,-1.));
#2538 = DIRECTION('',(-1.,0.,-1.224646799147E-16));
#2539 = ORIENTED_EDGE('',*,*,#2540,.F.);
#2540 = EDGE_CURVE('',#2242,#2532,#2541,.T.);
#2541 = B_SPLINE_CURVE_WITH_KNOTS('',6,(#2542,#2543,#2544,#2545,#2546,
    #2547,#2548,#2549,#2550,#2551,#2552,#2553,#2554,#2555,#2556,#2557,
    #2558),.UNSPECIFIED.,.F.,.F.,(7,5,5,7),(0.,0.27834366273,
    0.562162290997,1.),.UNSPECIFIED.);
#2542 = CARTESIAN_POINT('',(-16.682450177,-9.504517667492,10.55));
#2543 = CARTESIAN_POINT('',(-16.682450177,-9.504517667492,
    10.584060773496));
#2544 = CARTESIAN_POINT('',(-16.6779642553,-9.506142063769,
    10.618123932246));
#2545 = CARTESIAN_POINT('',(-16.66899087824,-9.509391041751,
    10.651785567964));
#2546 = CARTESIAN_POINT('',(-16.65563723822,-9.514237347112,
    10.684652936771));
#2547 = CARTESIAN_POINT('',(-16.63810137363,-9.520629985038,
    10.716364628875));
#2548 = CARTESIAN_POINT('',(-16.59478534396,-9.536520614682,
    10.777451782699));
#2549 = CARTESIAN_POINT('',(-16.56884750482,-9.546077974425,
    10.806771840071));
#2550 = CARTESIAN_POINT('',(-16.53912531818,-9.557095418187,
    10.834242741264));
#2551 = CARTESIAN_POINT('',(-16.50596779164,-9.569480971404,
    10.85960178774));
#2552 = CARTESIAN_POINT('',(-16.4697596538,-9.583130798468,
    10.882648633036));
#2553 = CARTESIAN_POINT('',(-16.37093370495,-9.62077228523,
    10.93501113094));
#2554 = CARTESIAN_POINT('',(-16.30464901937,-9.646355705414,
    10.960940424097));
#2555 = CARTESIAN_POINT('',(-16.23346822098,-9.67428425339,
    10.980515476377));
#2556 = CARTESIAN_POINT('',(-16.15886409309,-9.704121813356,
    10.993535592154));
#2557 = CARTESIAN_POINT('',(-16.0822118511,-9.735414864734,
    11.000000030662));
#2558 = CARTESIAN_POINT('',(-16.00485727937,-9.767652914943,11.));
#2559 = TOROIDAL_SURFACE('',#2560,18.75,0.45);
#2560 = AXIS2_PLACEMENT_3D('',#2561,#2562,#2563);
#2561 = CARTESIAN_POINT('',(5.510910596163E-17,0.,10.55));
#2562 = DIRECTION('',(-1.224646799147E-16,-0.,1.));
#2563 = DIRECTION('',(-1.,0.,-1.224646799147E-16));
#2564 = ADVANCED_FACE('',(#2565),#2590,.T.);
#2565 = FACE_BOUND('',#2566,.T.);
#2566 = EDGE_LOOP('',(#2567,#2568,#2569,#2570));
#2567 = ORIENTED_EDGE('',*,*,#2486,.T.);
#2568 = ORIENTED_EDGE('',*,*,#2273,.T.);
#2569 = ORIENTED_EDGE('',*,*,#2326,.F.);
#2570 = ORIENTED_EDGE('',*,*,#2571,.F.);
#2571 = EDGE_CURVE('',#2487,#2318,#2572,.T.);
#2572 = B_SPLINE_CURVE_WITH_KNOTS('',6,(#2573,#2574,#2575,#2576,#2577,
    #2578,#2579,#2580,#2581,#2582,#2583,#2584,#2585,#2586,#2587,#2588,
    #2589),.UNSPECIFIED.,.F.,.F.,(7,5,5,7),(0.,0.278370863335,
    0.562190348191,1.),.UNSPECIFIED.);
#2573 = CARTESIAN_POINT('',(-10.63108901539,-15.98811891208,5.95));
#2574 = CARTESIAN_POINT('',(-10.63108901539,-15.98811891208,
    5.915935897981));
#2575 = CARTESIAN_POINT('',(-10.63240080313,-15.98353085491,
    5.881869409561));
#2576 = CARTESIAN_POINT('',(-10.63502445797,-15.97435319703,
    5.848204562753));
#2577 = CARTESIAN_POINT('',(-10.63894016632,-15.9606947968,
    5.815334215236));
#2578 = CARTESIAN_POINT('',(-10.64411068179,-15.94275681206,
    5.783619875851));
#2579 = CARTESIAN_POINT('',(-10.65698163132,-15.89844290264,
    5.722531117935));
#2580 = CARTESIAN_POINT('',(-10.66473020312,-15.87190634994,
    5.693211830881));
#2581 = CARTESIAN_POINT('',(-10.67367469345,-15.84149397063,
    5.665741819998));
#2582 = CARTESIAN_POINT('',(-10.68374738348,-15.80756029523,
    5.640383767154));
#2583 = CARTESIAN_POINT('',(-10.69487118282,-15.7704963017,
    5.617338001645));
#2584 = CARTESIAN_POINT('',(-10.72561583002,-15.66931259166,
    5.564980560383));
#2585 = CARTESIAN_POINT('',(-10.74657172367,-15.60142613106,
    5.539054558085));
#2586 = CARTESIAN_POINT('',(-10.76952959181,-15.5284945824,
    5.519482020811));
#2587 = CARTESIAN_POINT('',(-10.79415586665,-15.4520169694,
    5.506463579173));
#2588 = CARTESIAN_POINT('',(-10.82009290005,-15.37339620931,
    5.499999969352));
#2589 = CARTESIAN_POINT('',(-10.84692419329,-15.29400979288,5.5));
#2590 = TOROIDAL_SURFACE('',#2591,4.35,0.45);
#2591 = AXIS2_PLACEMENT_3D('',#2592,#2593,#2594);
#2592 = CARTESIAN_POINT('',(-15.,-14.,5.95));
#2593 = DIRECTION('',(1.224646799147E-16,0.,-1.));
#2594 = DIRECTION('',(-1.,0.,-1.224646799147E-16));
#2595 = ADVANCED_FACE('',(#2596),#2621,.T.);
#2596 = FACE_BOUND('',#2597,.T.);
#2597 = EDGE_LOOP('',(#2598,#2618,#2619,#2620));
#2598 = ORIENTED_EDGE('',*,*,#2599,.F.);
#2599 = EDGE_CURVE('',#2309,#2464,#2600,.T.);
#2600 = B_SPLINE_CURVE_WITH_KNOTS('',6,(#2601,#2602,#2603,#2604,#2605,
    #2606,#2607,#2608,#2609,#2610,#2611,#2612,#2613,#2614,#2615,#2616,
    #2617),.UNSPECIFIED.,.F.,.F.,(7,5,5,7),(0.,0.437014864864,
    0.720682026342,1.),.UNSPECIFIED.);
#2601 = CARTESIAN_POINT('',(10.846924193313,-15.29400979287,5.5));
#2602 = CARTESIAN_POINT('',(10.820141579498,-15.37325217999,
    5.499999969141));
#2603 = CARTESIAN_POINT('',(10.794250026091,-15.45173156151,
    5.506440147588));
#2604 = CARTESIAN_POINT('',(10.769663697802,-15.52807812868,
    5.519411189074));
#2605 = CARTESIAN_POINT('',(10.746738413012,-15.60089663298,5.5389125987
    ));
#2606 = CARTESIAN_POINT('',(10.725806045494,-15.66869643846,
    5.56474552645));
#2607 = CARTESIAN_POINT('',(10.695067358526,-15.7698443527,
    5.616947009822));
#2608 = CARTESIAN_POINT('',(10.683934552079,-15.80693254006,
    5.639946324358));
#2609 = CARTESIAN_POINT('',(10.673850805367,-15.84089836501,
    5.665257563931));
#2610 = CARTESIAN_POINT('',(10.664893149197,-15.8713512808,
    5.692681301098));
#2611 = CARTESIAN_POINT('',(10.657129290084,-15.89793691428,
    5.721955898005));
#2612 = CARTESIAN_POINT('',(10.644198776451,-15.94245119917,
    5.783080548661));
#2613 = CARTESIAN_POINT('',(10.638993541701,-15.9605086156,
    5.814886971303));
#2614 = CARTESIAN_POINT('',(10.635051281976,-15.97425936363,
    5.847860979933));
#2615 = CARTESIAN_POINT('',(10.632409744132,-15.98349958638,
    5.881637606089));
#2616 = CARTESIAN_POINT('',(10.631089015392,-15.98811891208,
    5.915820015747));
#2617 = CARTESIAN_POINT('',(10.631089015392,-15.98811891208,5.95));
#2618 = ORIENTED_EDGE('',*,*,#2308,.F.);
#2619 = ORIENTED_EDGE('',*,*,#2377,.F.);
#2620 = ORIENTED_EDGE('',*,*,#2471,.T.);
#2621 = TOROIDAL_SURFACE('',#2622,4.35,0.45);
#2622 = AXIS2_PLACEMENT_3D('',#2623,#2624,#2625);
#2623 = CARTESIAN_POINT('',(15.,-14.,5.95));
#2624 = DIRECTION('',(1.224646799147E-16,0.,-1.));
#2625 = DIRECTION('',(-1.,0.,-1.224646799147E-16));
#2626 = ADVANCED_FACE('',(#2627),#2639,.T.);
#2627 = FACE_BOUND('',#2628,.T.);
#2628 = EDGE_LOOP('',(#2629,#2630,#2637,#2638));
#2629 = ORIENTED_EDGE('',*,*,#2599,.T.);
#2630 = ORIENTED_EDGE('',*,*,#2631,.T.);
#2631 = EDGE_CURVE('',#2464,#2487,#2632,.T.);
#2632 = CIRCLE('',#2633,19.2);
#2633 = AXIS2_PLACEMENT_3D('',#2634,#2635,#2636);
#2634 = CARTESIAN_POINT('',(6.184466335694E-16,0.,5.95));
#2635 = DIRECTION('',(1.224646799147E-16,0.,-1.));
#2636 = DIRECTION('',(-1.,0.,-1.224646799147E-16));
#2637 = ORIENTED_EDGE('',*,*,#2571,.T.);
#2638 = ORIENTED_EDGE('',*,*,#2317,.F.);
#2639 = TOROIDAL_SURFACE('',#2640,18.75,0.45);
#2640 = AXIS2_PLACEMENT_3D('',#2641,#2642,#2643);
#2641 = CARTESIAN_POINT('',(6.184466335694E-16,0.,5.95));
#2642 = DIRECTION('',(1.224646799147E-16,0.,-1.));
#2643 = DIRECTION('',(-1.,0.,-1.224646799147E-16));
#2644 = ADVANCED_FACE('',(#2645),#2664,.F.);
#2645 = FACE_BOUND('',#2646,.F.);
#2646 = EDGE_LOOP('',(#2647,#2655,#2656,#2657));
#2647 = ORIENTED_EDGE('',*,*,#2648,.T.);
#2648 = EDGE_CURVE('',#2649,#2337,#2651,.T.);
#2649 = VERTEX_POINT('',#2650);
#2650 = CARTESIAN_POINT('',(13.3,-14.,10.));
#2651 = LINE('',#2652,#2653);
#2652 = CARTESIAN_POINT('',(13.3,-14.,11.1));
#2653 = VECTOR('',#2654,1.);
#2654 = DIRECTION('',(1.224646799147E-16,0.,-1.));
#2655 = ORIENTED_EDGE('',*,*,#2336,.F.);
#2656 = ORIENTED_EDGE('',*,*,#2648,.F.);
#2657 = ORIENTED_EDGE('',*,*,#2658,.T.);
#2658 = EDGE_CURVE('',#2649,#2649,#2659,.T.);
#2659 = CIRCLE('',#2660,1.7);
#2660 = AXIS2_PLACEMENT_3D('',#2661,#2662,#2663);
#2661 = CARTESIAN_POINT('',(15.,-14.,10.));
#2662 = DIRECTION('',(1.224646799147E-16,0.,-1.));
#2663 = DIRECTION('',(-1.,0.,-1.224646799147E-16));
#2664 = CYLINDRICAL_SURFACE('',#2665,1.7);
#2665 = AXIS2_PLACEMENT_3D('',#2666,#2667,#2668);
#2666 = CARTESIAN_POINT('',(15.,-14.,11.1));
#2667 = DIRECTION('',(1.224646799147E-16,0.,-1.));
#2668 = DIRECTION('',(-1.,0.,-1.224646799147E-16));
#2669 = ADVANCED_FACE('',(#2670),#2689,.F.);
#2670 = FACE_BOUND('',#2671,.F.);
#2671 = EDGE_LOOP('',(#2672,#2680,#2681,#2682));
#2672 = ORIENTED_EDGE('',*,*,#2673,.T.);
#2673 = EDGE_CURVE('',#2674,#2348,#2676,.T.);
#2674 = VERTEX_POINT('',#2675);
#2675 = CARTESIAN_POINT('',(-16.7,-14.,10.));
#2676 = LINE('',#2677,#2678);
#2677 = CARTESIAN_POINT('',(-16.7,-14.,11.1));
#2678 = VECTOR('',#2679,1.);
#2679 = DIRECTION('',(1.224646799147E-16,0.,-1.));
#2680 = ORIENTED_EDGE('',*,*,#2347,.F.);
#2681 = ORIENTED_EDGE('',*,*,#2673,.F.);
#2682 = ORIENTED_EDGE('',*,*,#2683,.T.);
#2683 = EDGE_CURVE('',#2674,#2674,#2684,.T.);
#2684 = CIRCLE('',#2685,1.7);
#2685 = AXIS2_PLACEMENT_3D('',#2686,#2687,#2688);
#2686 = CARTESIAN_POINT('',(-15.,-14.,10.));
#2687 = DIRECTION('',(1.224646799147E-16,0.,-1.));
#2688 = DIRECTION('',(-1.,0.,-1.224646799147E-16));
#2689 = CYLINDRICAL_SURFACE('',#2690,1.7);
#2690 = AXIS2_PLACEMENT_3D('',#2691,#2692,#2693);
#2691 = CARTESIAN_POINT('',(-15.,-14.,11.1));
#2692 = DIRECTION('',(1.224646799147E-16,0.,-1.));
#2693 = DIRECTION('',(-1.,0.,-1.224646799147E-16));
#2694 = ADVANCED_FACE('',(#2695),#2714,.F.);
#2695 = FACE_BOUND('',#2696,.F.);
#2696 = EDGE_LOOP('',(#2697,#2698,#2706,#2713));
#2697 = ORIENTED_EDGE('',*,*,#2358,.F.);
#2698 = ORIENTED_EDGE('',*,*,#2699,.F.);
#2699 = EDGE_CURVE('',#2700,#2359,#2702,.T.);
#2700 = VERTEX_POINT('',#2701);
#2701 = CARTESIAN_POINT('',(-17.65,-4.32300320099E-15,6.45));
#2702 = LINE('',#2703,#2704);
#2703 = CARTESIAN_POINT('',(-17.65,-4.32300320099E-15,6.45));
#2704 = VECTOR('',#2705,1.);
#2705 = DIRECTION('',(1.224646799147E-16,0.,-1.));
#2706 = ORIENTED_EDGE('',*,*,#2707,.T.);
#2707 = EDGE_CURVE('',#2700,#2700,#2708,.T.);
#2708 = CIRCLE('',#2709,17.65);
#2709 = AXIS2_PLACEMENT_3D('',#2710,#2711,#2712);
#2710 = CARTESIAN_POINT('',(5.57214293612E-16,0.,6.45));
#2711 = DIRECTION('',(1.224646799147E-16,0.,-1.));
#2712 = DIRECTION('',(-1.,0.,-1.224646799147E-16));
#2713 = ORIENTED_EDGE('',*,*,#2699,.T.);
#2714 = CYLINDRICAL_SURFACE('',#2715,17.65);
#2715 = AXIS2_PLACEMENT_3D('',#2716,#2717,#2718);
#2716 = CARTESIAN_POINT('',(5.57214293612E-16,0.,6.45));
#2717 = DIRECTION('',(1.224646799147E-16,0.,-1.));
#2718 = DIRECTION('',(-1.,0.,-1.224646799147E-16));
#2719 = ADVANCED_FACE('',(#2720,#2758,#2769,#2780,#2791,#3227,#3695),
  #4195,.T.);
#2720 = FACE_BOUND('',#2721,.T.);
#2721 = EDGE_LOOP('',(#2722,#2723,#2732,#2741,#2750,#2757));
#2722 = ORIENTED_EDGE('',*,*,#2531,.F.);
#2723 = ORIENTED_EDGE('',*,*,#2724,.F.);
#2724 = EDGE_CURVE('',#2725,#2532,#2727,.T.);
#2725 = VERTEX_POINT('',#2726);
#2726 = CARTESIAN_POINT('',(-19.35,-14.,11.));
#2727 = CIRCLE('',#2728,4.35);
#2728 = AXIS2_PLACEMENT_3D('',#2729,#2730,#2731);
#2729 = CARTESIAN_POINT('',(-15.,-14.,11.));
#2730 = DIRECTION('',(1.224646799147E-16,0.,-1.));
#2731 = DIRECTION('',(-1.,0.,-1.224646799147E-16));
#2732 = ORIENTED_EDGE('',*,*,#2733,.F.);
#2733 = EDGE_CURVE('',#2734,#2725,#2736,.T.);
#2734 = VERTEX_POINT('',#2735);
#2735 = CARTESIAN_POINT('',(-10.84692419332,-15.29400979286,11.));
#2736 = CIRCLE('',#2737,4.35);
#2737 = AXIS2_PLACEMENT_3D('',#2738,#2739,#2740);
#2738 = CARTESIAN_POINT('',(-15.,-14.,11.));
#2739 = DIRECTION('',(1.224646799147E-16,0.,-1.));
#2740 = DIRECTION('',(-1.,0.,-1.224646799147E-16));
#2741 = ORIENTED_EDGE('',*,*,#2742,.F.);
#2742 = EDGE_CURVE('',#2743,#2734,#2745,.T.);
#2743 = VERTEX_POINT('',#2744);
#2744 = CARTESIAN_POINT('',(10.846924193327,-15.29400979286,11.));
#2745 = CIRCLE('',#2746,18.75);
#2746 = AXIS2_PLACEMENT_3D('',#2747,#2748,#2749);
#2747 = CARTESIAN_POINT('',(0.,0.,11.));
#2748 = DIRECTION('',(1.224646799147E-16,0.,-1.));
#2749 = DIRECTION('',(-1.,0.,-1.224646799147E-16));
#2750 = ORIENTED_EDGE('',*,*,#2751,.F.);
#2751 = EDGE_CURVE('',#2417,#2743,#2752,.T.);
#2752 = CIRCLE('',#2753,4.35);
#2753 = AXIS2_PLACEMENT_3D('',#2754,#2755,#2756);
#2754 = CARTESIAN_POINT('',(15.,-14.,11.));
#2755 = DIRECTION('',(1.224646799147E-16,0.,-1.));
#2756 = DIRECTION('',(-1.,0.,-1.224646799147E-16));
#2757 = ORIENTED_EDGE('',*,*,#2438,.F.);
#2758 = FACE_BOUND('',#2759,.T.);
#2759 = EDGE_LOOP('',(#2760));
#2760 = ORIENTED_EDGE('',*,*,#2761,.T.);
#2761 = EDGE_CURVE('',#2762,#2762,#2764,.T.);
#2762 = VERTEX_POINT('',#2763);
#2763 = CARTESIAN_POINT('',(-18.15,-14.,11.));
#2764 = CIRCLE('',#2765,3.15);
#2765 = AXIS2_PLACEMENT_3D('',#2766,#2767,#2768);
#2766 = CARTESIAN_POINT('',(-15.,-14.,11.));
#2767 = DIRECTION('',(1.224646799147E-16,0.,-1.));
#2768 = DIRECTION('',(-1.,0.,-1.224646799147E-16));
#2769 = FACE_BOUND('',#2770,.T.);
#2770 = EDGE_LOOP('',(#2771));
#2771 = ORIENTED_EDGE('',*,*,#2772,.T.);
#2772 = EDGE_CURVE('',#2773,#2773,#2775,.T.);
#2773 = VERTEX_POINT('',#2774);
#2774 = CARTESIAN_POINT('',(11.85,-14.,11.));
#2775 = CIRCLE('',#2776,3.15);
#2776 = AXIS2_PLACEMENT_3D('',#2777,#2778,#2779);
#2777 = CARTESIAN_POINT('',(15.,-14.,11.));
#2778 = DIRECTION('',(1.224646799147E-16,0.,-1.));
#2779 = DIRECTION('',(-1.,0.,-1.224646799147E-16));
#2780 = FACE_BOUND('',#2781,.T.);
#2781 = EDGE_LOOP('',(#2782));
#2782 = ORIENTED_EDGE('',*,*,#2783,.T.);
#2783 = EDGE_CURVE('',#2784,#2784,#2786,.T.);
#2784 = VERTEX_POINT('',#2785);
#2785 = CARTESIAN_POINT('',(-1.65,-4.,11.));
#2786 = CIRCLE('',#2787,1.65);
#2787 = AXIS2_PLACEMENT_3D('',#2788,#2789,#2790);
#2788 = CARTESIAN_POINT('',(0.,-4.,11.));
#2789 = DIRECTION('',(1.224646799147E-16,0.,-1.));
#2790 = DIRECTION('',(-1.,0.,-1.224646799147E-16));
#2791 = FACE_BOUND('',#2792,.T.);
#2792 = EDGE_LOOP('',(#2793,#2803,#2811,#2820,#2828,#2836,#2844,#2852,
    #2860,#2868,#2876,#2884,#2892,#2900,#2908,#2916,#2924,#2932,#2940,
    #2948,#2956,#2964,#2972,#2980,#2988,#2996,#3004,#3012,#3020,#3028,
    #3037,#3045,#3053,#3061,#3069,#3077,#3085,#3093,#3101,#3109,#3117,
    #3125,#3133,#3141,#3149,#3157,#3165,#3173,#3181,#3189,#3197,#3205,
    #3213,#3221));
#2793 = ORIENTED_EDGE('',*,*,#2794,.T.);
#2794 = EDGE_CURVE('',#2795,#2797,#2799,.T.);
#2795 = VERTEX_POINT('',#2796);
#2796 = CARTESIAN_POINT('',(-2.785116950583,1.950159883594,11.));
#2797 = VERTEX_POINT('',#2798);
#2798 = CARTESIAN_POINT('',(-2.944486372867,1.7,11.));
#2799 = LINE('',#2800,#2801);
#2800 = CARTESIAN_POINT('',(-3.624043724248,0.633308626713,11.));
#2801 = VECTOR('',#2802,1.);
#2802 = DIRECTION('',(-0.537299608347,-0.843391445813,
    -6.580022455451E-17));
#2803 = ORIENTED_EDGE('',*,*,#2804,.T.);
#2804 = EDGE_CURVE('',#2797,#2805,#2807,.T.);
#2805 = VERTEX_POINT('',#2806);
#2806 = CARTESIAN_POINT('',(-3.081446475925,1.436902089918,11.));
#2807 = LINE('',#2808,#2809);
#2808 = CARTESIAN_POINT('',(-3.691743009798,0.264533356196,11.));
#2809 = VECTOR('',#2810,1.);
#2810 = DIRECTION('',(-0.461748613235,-0.887010833178,-5.65478961209E-17
    ));
#2811 = ORIENTED_EDGE('',*,*,#2812,.T.);
#2812 = EDGE_CURVE('',#2805,#2813,#2815,.T.);
#2813 = VERTEX_POINT('',#2814);
#2814 = CARTESIAN_POINT('',(-4.676546347664,2.267258525485,11.));
#2815 = CIRCLE('',#2816,0.9);
#2816 = AXIS2_PLACEMENT_3D('',#2817,#2818,#2819);
#2817 = CARTESIAN_POINT('',(-3.897123484258,1.817258525485,11.));
#2818 = DIRECTION('',(1.224646799147E-16,0.,-1.));
#2819 = DIRECTION('',(-1.,0.,-1.224646799147E-16));
#2820 = ORIENTED_EDGE('',*,*,#2821,.T.);
#2821 = EDGE_CURVE('',#2813,#2822,#2824,.T.);
#2822 = VERTEX_POINT('',#2823);
#2823 = CARTESIAN_POINT('',(-4.503332099679,2.6,11.));
#2824 = LINE('',#2825,#2826);
#2825 = CARTESIAN_POINT('',(-5.373450005529,0.928519054505,11.));
#2826 = VECTOR('',#2827,1.);
#2827 = DIRECTION('',(0.461748613235,0.887010833178,5.65478961209E-17));
#2828 = ORIENTED_EDGE('',*,*,#2829,.T.);
#2829 = EDGE_CURVE('',#2822,#2830,#2832,.T.);
#2830 = VERTEX_POINT('',#2831);
#2831 = CARTESIAN_POINT('',(-4.259590630303,2.982597469025,11.));
#2832 = LINE('',#2833,#2834);
#2833 = CARTESIAN_POINT('',(-5.241481150429,1.441338081274,11.));
#2834 = VECTOR('',#2835,1.);
#2835 = DIRECTION('',(0.537299608347,0.843391445813,6.580022455451E-17)
  );
#2836 = ORIENTED_EDGE('',*,*,#2837,.T.);
#2837 = EDGE_CURVE('',#2830,#2838,#2840,.T.);
#2838 = VERTEX_POINT('',#2839);
#2839 = CARTESIAN_POINT('',(-3.983431104219,3.34249557037,11.));
#2840 = LINE('',#2841,#2842);
#2841 = CARTESIAN_POINT('',(-5.054359730822,1.946834211678,11.));
#2842 = VECTOR('',#2843,1.);
#2843 = DIRECTION('',(0.608761429009,0.793353340291,7.455177354799E-17)
  );
#2844 = ORIENTED_EDGE('',*,*,#2845,.T.);
#2845 = EDGE_CURVE('',#2838,#2846,#2848,.T.);
#2846 = VERTEX_POINT('',#2847);
#2847 = CARTESIAN_POINT('',(-3.67695526217,3.67695526217,11.));
#2848 = LINE('',#2849,#2850);
#2849 = CARTESIAN_POINT('',(-4.812035823587,2.438232196097,11.));
#2850 = VECTOR('',#2851,1.);
#2851 = DIRECTION('',(0.675590207616,0.73727733681,8.273593852918E-17));
#2852 = ORIENTED_EDGE('',*,*,#2853,.T.);
#2853 = EDGE_CURVE('',#2846,#2854,#2856,.T.);
#2854 = VERTEX_POINT('',#2855);
#2855 = CARTESIAN_POINT('',(-3.34249557037,3.983431104219,11.));
#2856 = LINE('',#2857,#2858);
#2857 = CARTESIAN_POINT('',(-4.515410486198,2.908652602376,11.));
#2858 = VECTOR('',#2859,1.);
#2859 = DIRECTION('',(0.73727733681,0.675590207616,9.029043306084E-17));
#2860 = ORIENTED_EDGE('',*,*,#2861,.T.);
#2861 = EDGE_CURVE('',#2854,#2862,#2864,.T.);
#2862 = VERTEX_POINT('',#2863);
#2863 = CARTESIAN_POINT('',(-2.982597469025,4.259590630303,11.));
#2864 = LINE('',#2865,#2866);
#2865 = CARTESIAN_POINT('',(-4.166357556988,3.351259567517,11.));
#2866 = VECTOR('',#2867,1.);
#2867 = DIRECTION('',(0.793353340291,0.608761429009,9.715776287805E-17)
  );
#2868 = ORIENTED_EDGE('',*,*,#2869,.T.);
#2869 = EDGE_CURVE('',#2862,#2870,#2872,.T.);
#2870 = VERTEX_POINT('',#2871);
#2871 = CARTESIAN_POINT('',(-2.6,4.503332099679,11.));
#2872 = LINE('',#2873,#2874);
#2873 = CARTESIAN_POINT('',(-3.767721051413,3.759411744905,11.));
#2874 = VECTOR('',#2875,1.);
#2875 = DIRECTION('',(0.843391445813,0.537299608347,1.032856634543E-16)
  );
#2876 = ORIENTED_EDGE('',*,*,#2877,.T.);
#2877 = EDGE_CURVE('',#2870,#2878,#2880,.T.);
#2878 = VERTEX_POINT('',#2879);
#2879 = CARTESIAN_POINT('',(-2.197614961052,4.712800492591,11.));
#2880 = LINE('',#2881,#2882);
#2881 = CARTESIAN_POINT('',(-3.323287819919,4.126812292564,11.));
#2882 = VECTOR('',#2883,1.);
#2883 = DIRECTION('',(0.887010833178,0.461748613235,1.086274977661E-16)
  );
#2884 = ORIENTED_EDGE('',*,*,#2885,.T.);
#2885 = EDGE_CURVE('',#2878,#2886,#2888,.T.);
#2886 = VERTEX_POINT('',#2887);
#2887 = CARTESIAN_POINT('',(-1.778504745293,4.886401628087,11.));
#2888 = LINE('',#2889,#2890);
#2889 = CARTESIAN_POINT('',(-2.837735848631,4.447653739397,11.));
#2890 = VECTOR('',#2891,1.);
#2891 = DIRECTION('',(0.923879532511,0.382683432365,1.131426112288E-16)
  );
#2892 = ORIENTED_EDGE('',*,*,#2893,.T.);
#2893 = EDGE_CURVE('',#2886,#2894,#2896,.T.);
#2894 = VERTEX_POINT('',#2895);
#2895 = CARTESIAN_POINT('',(-1.345859034533,5.022814296703,11.));
#2896 = LINE('',#2897,#2898);
#2897 = CARTESIAN_POINT('',(-2.316559291481,4.716753681323,11.));
#2898 = VECTOR('',#2899,1.);
#2899 = DIRECTION('',(0.953716950748,0.300705799504,1.167966411026E-16)
  );
#2900 = ORIENTED_EDGE('',*,*,#2901,.T.);
#2901 = EDGE_CURVE('',#2894,#2902,#2904,.T.);
#2902 = VERTEX_POINT('',#2903);
#2903 = CARTESIAN_POINT('',(-0.902970523868,5.121000315663,11.));
#2904 = LINE('',#2905,#2906);
#2905 = CARTESIAN_POINT('',(-1.765972000443,4.929677494454,11.));
#2906 = VECTOR('',#2907,1.);
#2907 = DIRECTION('',(0.97629600712,0.216439613938,1.19561778014E-16));
#2908 = ORIENTED_EDGE('',*,*,#2909,.T.);
#2909 = EDGE_CURVE('',#2902,#2910,#2912,.T.);
#2910 = VERTEX_POINT('',#2911);
#2911 = CARTESIAN_POINT('',(-0.453209862288,5.180212430077,11.));
#2912 = LINE('',#2913,#2914);
#2913 = CARTESIAN_POINT('',(-1.19279194875,5.082844601223,11.));
#2914 = VECTOR('',#2915,1.);
#2915 = DIRECTION('',(0.991444861374,0.13052619222,1.214169776013E-16));
#2916 = ORIENTED_EDGE('',*,*,#2917,.T.);
#2917 = EDGE_CURVE('',#2910,#2918,#2920,.T.);
#2918 = VERTEX_POINT('',#2919);
#2919 = CARTESIAN_POINT('',(-3.184081677783E-16,5.2,11.));
#2920 = LINE('',#2921,#2922);
#2921 = CARTESIAN_POINT('',(-0.604309501532,5.173615277355,11.));
#2922 = VECTOR('',#2923,1.);
#2923 = DIRECTION('',(0.999048221582,4.361938736534E-02,
    1.223481206754E-16));
#2924 = ORIENTED_EDGE('',*,*,#2925,.T.);
#2925 = EDGE_CURVE('',#2918,#2926,#2928,.T.);
#2926 = VERTEX_POINT('',#2927);
#2927 = CARTESIAN_POINT('',(0.453209862288,5.180212430077,11.));
#2928 = LINE('',#2929,#2930);
#2929 = CARTESIAN_POINT('',(-8.142962328391E-03,5.200355529413,11.));
#2930 = VECTOR('',#2931,1.);
#2931 = DIRECTION('',(0.999048221582,-4.361938736534E-02,
    1.223481206754E-16));
#2932 = ORIENTED_EDGE('',*,*,#2933,.T.);
#2933 = EDGE_CURVE('',#2926,#2934,#2936,.T.);
#2934 = VERTEX_POINT('',#2935);
#2935 = CARTESIAN_POINT('',(0.902970523868,5.121000315663,11.));
#2936 = LINE('',#2937,#2938);
#2937 = CARTESIAN_POINT('',(0.587914801866,5.162478188344,11.));
#2938 = VECTOR('',#2939,1.);
#2939 = DIRECTION('',(0.991444861374,-0.13052619222,1.214169776013E-16)
  );
#2940 = ORIENTED_EDGE('',*,*,#2941,.T.);
#2941 = EDGE_CURVE('',#2934,#2942,#2944,.T.);
#2942 = VERTEX_POINT('',#2943);
#2943 = CARTESIAN_POINT('',(1.345859034533,5.022814296703,11.));
#2944 = LINE('',#2945,#2946);
#2945 = CARTESIAN_POINT('',(1.176054591199,5.060459035483,11.));
#2946 = VECTOR('',#2947,1.);
#2947 = DIRECTION('',(0.97629600712,-0.216439613938,1.19561778014E-16));
#2948 = ORIENTED_EDGE('',*,*,#2949,.T.);
#2949 = EDGE_CURVE('',#2942,#2950,#2952,.T.);
#2950 = VERTEX_POINT('',#2951);
#2951 = CARTESIAN_POINT('',(1.778504745293,4.886401628087,11.));
#2952 = LINE('',#2953,#2954);
#2953 = CARTESIAN_POINT('',(1.748609749286,4.895827484121,11.));
#2954 = VECTOR('',#2955,1.);
#2955 = DIRECTION('',(0.953716950748,-0.300705799504,1.167966411026E-16)
  );
#2956 = ORIENTED_EDGE('',*,*,#2957,.T.);
#2957 = EDGE_CURVE('',#2950,#2958,#2960,.T.);
#2958 = VERTEX_POINT('',#2959);
#2959 = CARTESIAN_POINT('',(2.197614961052,4.712800492591,11.));
#2960 = LINE('',#2961,#2962);
#2961 = CARTESIAN_POINT('',(2.298211454572,4.671132060647,11.));
#2962 = VECTOR('',#2963,1.);
#2963 = DIRECTION('',(0.923879532511,-0.382683432365,1.131426112288E-16)
  );
#2964 = ORIENTED_EDGE('',*,*,#2965,.T.);
#2965 = EDGE_CURVE('',#2958,#2966,#2968,.T.);
#2966 = VERTEX_POINT('',#2967);
#2967 = CARTESIAN_POINT('',(2.6,4.503332099679,11.));
#2968 = LINE('',#2969,#2970);
#2969 = CARTESIAN_POINT('',(2.817936299277,4.389881643156,11.));
#2970 = VECTOR('',#2971,1.);
#2971 = DIRECTION('',(0.887010833178,-0.461748613235,1.086274977661E-16)
  );
#2972 = ORIENTED_EDGE('',*,*,#2973,.T.);
#2973 = EDGE_CURVE('',#2966,#2974,#2976,.T.);
#2974 = VERTEX_POINT('',#2975);
#2975 = CARTESIAN_POINT('',(2.982597469025,4.259590630303,11.));
#2976 = LINE('',#2977,#2978);
#2977 = CARTESIAN_POINT('',(3.301442252673,4.056464100827,11.));
#2978 = VECTOR('',#2979,1.);
#2979 = DIRECTION('',(0.843391445813,-0.537299608347,1.032856634543E-16)
  );
#2980 = ORIENTED_EDGE('',*,*,#2981,.T.);
#2981 = EDGE_CURVE('',#2974,#2982,#2984,.T.);
#2982 = VERTEX_POINT('',#2983);
#2983 = CARTESIAN_POINT('',(3.34249557037,3.983431104219,11.));
#2984 = LINE('',#2985,#2986);
#2985 = CARTESIAN_POINT('',(3.743089443724,3.676044613975,11.));
#2986 = VECTOR('',#2987,1.);
#2987 = DIRECTION('',(0.793353340291,-0.608761429009,9.715776287805E-17)
  );
#2988 = ORIENTED_EDGE('',*,*,#2989,.T.);
#2989 = EDGE_CURVE('',#2982,#2990,#2992,.T.);
#2990 = VERTEX_POINT('',#2991);
#2991 = CARTESIAN_POINT('',(3.67695526217,3.67695526217,11.));
#2992 = LINE('',#2993,#2994);
#2993 = CARTESIAN_POINT('',(4.138042640523,3.254446523439,11.));
#2994 = VECTOR('',#2995,1.);
#2995 = DIRECTION('',(0.73727733681,-0.675590207616,9.029043306084E-17)
  );
#2996 = ORIENTED_EDGE('',*,*,#2997,.T.);
#2997 = EDGE_CURVE('',#2990,#2998,#3000,.T.);
#2998 = VERTEX_POINT('',#2999);
#2999 = CARTESIAN_POINT('',(3.983431104219,3.34249557037,11.));
#3000 = LINE('',#3001,#3002);
#3001 = CARTESIAN_POINT('',(4.482352836983,2.798018042037,11.));
#3002 = VECTOR('',#3003,1.);
#3003 = DIRECTION('',(0.675590207616,-0.73727733681,8.273593852918E-17)
  );
#3004 = ORIENTED_EDGE('',*,*,#3005,.T.);
#3005 = EDGE_CURVE('',#2998,#3006,#3008,.T.);
#3006 = VERTEX_POINT('',#3007);
#3007 = CARTESIAN_POINT('',(4.259590630303,2.982597469025,11.));
#3008 = LINE('',#3009,#3010);
#3009 = CARTESIAN_POINT('',(4.773015965017,2.313488545767,11.));
#3010 = VECTOR('',#3011,1.);
#3011 = DIRECTION('',(0.608761429009,-0.793353340291,7.455177354799E-17)
  );
#3012 = ORIENTED_EDGE('',*,*,#3013,.T.);
#3013 = EDGE_CURVE('',#3006,#3014,#3016,.T.);
#3014 = VERTEX_POINT('',#3015);
#3015 = CARTESIAN_POINT('',(4.503332099679,2.6,11.));
#3016 = LINE('',#3017,#3018);
#3017 = CARTESIAN_POINT('',(5.008007414613,1.807818437021,11.));
#3018 = VECTOR('',#3019,1.);
#3019 = DIRECTION('',(0.537299608347,-0.843391445813,6.580022455451E-17)
  );
#3020 = ORIENTED_EDGE('',*,*,#3021,.T.);
#3021 = EDGE_CURVE('',#3014,#3022,#3024,.T.);
#3022 = VERTEX_POINT('',#3023);
#3023 = CARTESIAN_POINT('',(4.676546347664,2.267258525485,11.));
#3024 = LINE('',#3025,#3026);
#3025 = CARTESIAN_POINT('',(5.186291744886,1.288046728116,11.));
#3026 = VECTOR('',#3027,1.);
#3027 = DIRECTION('',(0.461748613235,-0.887010833178,5.65478961209E-17)
  );
#3028 = ORIENTED_EDGE('',*,*,#3029,.T.);
#3029 = EDGE_CURVE('',#3022,#3030,#3032,.T.);
#3030 = VERTEX_POINT('',#3031);
#3031 = CARTESIAN_POINT('',(3.081446475925,1.436902089918,11.));
#3032 = CIRCLE('',#3033,0.9);
#3033 = AXIS2_PLACEMENT_3D('',#3034,#3035,#3036);
#3034 = CARTESIAN_POINT('',(3.897123484258,1.817258525485,11.));
#3035 = DIRECTION('',(1.224646799147E-16,0.,-1.));
#3036 = DIRECTION('',(-1.,0.,-1.224646799147E-16));
#3037 = ORIENTED_EDGE('',*,*,#3038,.T.);
#3038 = EDGE_CURVE('',#3030,#3039,#3041,.T.);
#3039 = VERTEX_POINT('',#3040);
#3040 = CARTESIAN_POINT('',(2.944486372867,1.7,11.));
#3041 = LINE('',#3042,#3043);
#3042 = CARTESIAN_POINT('',(3.677798997139,0.291319555292,11.));
#3043 = VECTOR('',#3044,1.);
#3044 = DIRECTION('',(-0.461748613235,0.887010833178,-5.65478961209E-17)
  );
#3045 = ORIENTED_EDGE('',*,*,#3046,.T.);
#3046 = EDGE_CURVE('',#3039,#3047,#3049,.T.);
#3047 = VERTEX_POINT('',#3048);
#3048 = CARTESIAN_POINT('',(2.785116950583,1.950159883594,11.));
#3049 = LINE('',#3050,#3051);
#3050 = CARTESIAN_POINT('',(3.592125434262,0.68341030615,11.));
#3051 = VECTOR('',#3052,1.);
#3052 = DIRECTION('',(-0.537299608347,0.843391445813,-6.580022455451E-17
    ));
#3053 = ORIENTED_EDGE('',*,*,#3054,.T.);
#3054 = EDGE_CURVE('',#3047,#3055,#3057,.T.);
#3055 = VERTEX_POINT('',#3056);
#3056 = CARTESIAN_POINT('',(2.604551106605,2.185477872934,11.));
#3057 = LINE('',#3058,#3059);
#3058 = CARTESIAN_POINT('',(3.460520468865,1.069956881662,11.));
#3059 = VECTOR('',#3060,1.);
#3060 = DIRECTION('',(-0.608761429009,0.793353340291,-7.455177354799E-17
    ));
#3061 = ORIENTED_EDGE('',*,*,#3062,.T.);
#3062 = EDGE_CURVE('',#3055,#3063,#3065,.T.);
#3063 = VERTEX_POINT('',#3064);
#3064 = CARTESIAN_POINT('',(2.404163056034,2.404163056034,11.));
#3065 = LINE('',#3066,#3067);
#3066 = CARTESIAN_POINT('',(3.283232708262,1.444826871526,11.));
#3067 = VECTOR('',#3068,1.);
#3068 = DIRECTION('',(-0.675590207616,0.73727733681,-8.273593852918E-17)
  );
#3069 = ORIENTED_EDGE('',*,*,#3070,.T.);
#3070 = EDGE_CURVE('',#3063,#3071,#3073,.T.);
#3071 = VERTEX_POINT('',#3072);
#3072 = CARTESIAN_POINT('',(2.185477872934,2.604551106605,11.));
#3073 = LINE('',#3074,#3075);
#3074 = CARTESIAN_POINT('',(3.061423907462,1.80189444841,11.));
#3075 = VECTOR('',#3076,1.);
#3076 = DIRECTION('',(-0.73727733681,0.675590207616,-9.029043306084E-17)
  );
#3077 = ORIENTED_EDGE('',*,*,#3078,.T.);
#3078 = EDGE_CURVE('',#3071,#3079,#3081,.T.);
#3079 = VERTEX_POINT('',#3080);
#3080 = CARTESIAN_POINT('',(1.950159883594,2.785116950583,11.));
#3081 = LINE('',#3082,#3083);
#3082 = CARTESIAN_POINT('',(2.797165824962,2.135186432792,11.));
#3083 = VECTOR('',#3084,1.);
#3084 = DIRECTION('',(-0.793353340291,0.608761429009,-9.715776287805E-17
    ));
#3085 = ORIENTED_EDGE('',*,*,#3086,.T.);
#3086 = EDGE_CURVE('',#3079,#3087,#3089,.T.);
#3087 = VERTEX_POINT('',#3088);
#3088 = CARTESIAN_POINT('',(1.7,2.944486372867,11.));
#3089 = LINE('',#3090,#3091);
#3090 = CARTESIAN_POINT('',(2.493412798112,2.439026674646,11.));
#3091 = VECTOR('',#3092,1.);
#3092 = DIRECTION('',(-0.843391445813,0.537299608347,-1.032856634543E-16
    ));
#3093 = ORIENTED_EDGE('',*,*,#3094,.T.);
#3094 = EDGE_CURVE('',#3087,#3095,#3097,.T.);
#3095 = VERTEX_POINT('',#3096);
#3096 = CARTESIAN_POINT('',(1.436902089918,3.081446475925,11.));
#3097 = LINE('',#3098,#3099);
#3098 = CARTESIAN_POINT('',(2.153950600968,2.708174647425,11.));
#3099 = VECTOR('',#3100,1.);
#3100 = DIRECTION('',(-0.887010833178,0.461748613235,-1.086274977661E-16
    ));
#3101 = ORIENTED_EDGE('',*,*,#3102,.T.);
#3102 = EDGE_CURVE('',#3095,#3103,#3105,.T.);
#3103 = VERTEX_POINT('',#3104);
#3104 = CARTESIAN_POINT('',(1.162868487307,3.194954910672,11.));
#3105 = LINE('',#3106,#3107);
#3106 = CARTESIAN_POINT('',(1.783322844604,2.937954301046,11.));
#3107 = VECTOR('',#3108,1.);
#3108 = DIRECTION('',(-0.923879532511,0.382683432365,-1.131426112288E-16
    ));
#3109 = ORIENTED_EDGE('',*,*,#3110,.T.);
#3110 = EDGE_CURVE('',#3103,#3111,#3113,.T.);
#3111 = VERTEX_POINT('',#3112);
#3112 = CARTESIAN_POINT('',(0.879984753349,3.284147809383,11.));
#3113 = LINE('',#3114,#3115);
#3114 = CARTESIAN_POINT('',(1.386736840881,3.124369489922,11.));
#3115 = VECTOR('',#3116,1.);
#3116 = DIRECTION('',(-0.953716950748,0.300705799504,-1.167966411026E-16
    ));
#3117 = ORIENTED_EDGE('',*,*,#3118,.T.);
#3118 = EDGE_CURVE('',#3111,#3119,#3121,.T.);
#3119 = VERTEX_POINT('',#3120);
#3120 = CARTESIAN_POINT('',(0.590403804068,3.348346360242,11.));
#3121 = LINE('',#3122,#3123);
#3122 = CARTESIAN_POINT('',(0.969951455693,3.264202671658,11.));
#3123 = VECTOR('',#3124,1.);
#3124 = DIRECTION('',(-0.97629600712,0.216439613938,-1.19561778014E-16)
  );
#3125 = ORIENTED_EDGE('',*,*,#3126,.T.);
#3126 = EDGE_CURVE('',#3119,#3127,#3129,.T.);
#3127 = VERTEX_POINT('',#3128);
#3128 = CARTESIAN_POINT('',(0.296329525342,3.387061973512,11.));
#3129 = LINE('',#3130,#3131);
#3130 = CARTESIAN_POINT('',(0.539150008569,3.35509405043,11.));
#3131 = VECTOR('',#3132,1.);
#3132 = DIRECTION('',(-0.991444861374,0.13052619222,-1.214169776013E-16)
  );
#3133 = ORIENTED_EDGE('',*,*,#3134,.T.);
#3134 = EDGE_CURVE('',#3127,#3135,#3137,.T.);
#3135 = VERTEX_POINT('',#3136);
#3136 = CARTESIAN_POINT('',(-2.081899558551E-16,3.4,11.));
#3137 = LINE('',#3138,#3139);
#3138 = CARTESIAN_POINT('',(0.100801716106,3.395598902028,11.));
#3139 = VECTOR('',#3140,1.);
#3140 = DIRECTION('',(-0.999048221582,4.361938736534E-02,
    -1.223481206754E-16));
#3141 = ORIENTED_EDGE('',*,*,#3142,.T.);
#3142 = EDGE_CURVE('',#3135,#3143,#3145,.T.);
#3143 = VERTEX_POINT('',#3144);
#3144 = CARTESIAN_POINT('',(-0.296329525342,3.387061973512,11.));
#3145 = LINE('',#3146,#3147);
#3146 = CARTESIAN_POINT('',(-0.338484486152,3.385221448175,11.));
#3147 = VECTOR('',#3148,1.);
#3148 = DIRECTION('',(-0.999048221582,-4.361938736534E-02,
    -1.223481206754E-16));
#3149 = ORIENTED_EDGE('',*,*,#3150,.T.);
#3150 = EDGE_CURVE('',#3143,#3151,#3153,.T.);
#3151 = VERTEX_POINT('',#3152);
#3152 = CARTESIAN_POINT('',(-0.590403804068,3.348346360242,11.));
#3153 = LINE('',#3154,#3155);
#3154 = CARTESIAN_POINT('',(-0.7721096853,3.324424327151,11.));
#3155 = VECTOR('',#3156,1.);
#3156 = DIRECTION('',(-0.991444861374,-0.13052619222,-1.214169776013E-16
    ));
#3157 = ORIENTED_EDGE('',*,*,#3158,.T.);
#3158 = EDGE_CURVE('',#3151,#3159,#3161,.T.);
#3159 = VERTEX_POINT('',#3160);
#3160 = CARTESIAN_POINT('',(-0.879984753349,3.284147809383,11.));
#3161 = LINE('',#3162,#3163);
#3162 = CARTESIAN_POINT('',(-1.193634134964,3.214613415537,11.));
#3163 = VECTOR('',#3164,1.);
#3164 = DIRECTION('',(-0.97629600712,-0.216439613938,-1.19561778014E-16)
  );
#3165 = ORIENTED_EDGE('',*,*,#3166,.T.);
#3166 = EDGE_CURVE('',#3159,#3167,#3169,.T.);
#3167 = VERTEX_POINT('',#3168);
#3168 = CARTESIAN_POINT('',(-1.162868487307,3.194954910672,11.));
#3169 = LINE('',#3170,#3171);
#3170 = CARTESIAN_POINT('',(-1.596921660716,3.058098470787,11.));
#3171 = VECTOR('',#3172,1.);
#3172 = DIRECTION('',(-0.953716950748,-0.300705799504,
    -1.167966411026E-16));
#3173 = ORIENTED_EDGE('',*,*,#3174,.T.);
#3174 = EDGE_CURVE('',#3167,#3175,#3177,.T.);
#3175 = VERTEX_POINT('',#3176);
#3176 = CARTESIAN_POINT('',(-1.436902089918,3.081446475925,11.));
#3177 = LINE('',#3178,#3179);
#3178 = CARTESIAN_POINT('',(-1.976275329479,2.858030764918,11.));
#3179 = VECTOR('',#3180,1.);
#3180 = DIRECTION('',(-0.923879532511,-0.382683432365,
    -1.131426112288E-16));
#3181 = ORIENTED_EDGE('',*,*,#3182,.T.);
#3182 = EDGE_CURVE('',#3175,#3183,#3185,.T.);
#3183 = VERTEX_POINT('',#3184);
#3184 = CARTESIAN_POINT('',(-1.7,2.944486372867,11.));
#3185 = LINE('',#3186,#3187);
#3186 = CARTESIAN_POINT('',(-2.326560647095,2.618319544817,11.));
#3187 = VECTOR('',#3188,1.);
#3188 = DIRECTION('',(-0.887010833178,-0.461748613235,
    -1.086274977661E-16));
#3189 = ORIENTED_EDGE('',*,*,#3190,.T.);
#3190 = EDGE_CURVE('',#3183,#3191,#3193,.T.);
#3191 = VERTEX_POINT('',#3192);
#3192 = CARTESIAN_POINT('',(-1.950159883594,2.785116950583,11.));
#3193 = LINE('',#3194,#3195);
#3194 = CARTESIAN_POINT('',(-2.643312920542,2.343529764554,11.));
#3195 = VECTOR('',#3196,1.);
#3196 = DIRECTION('',(-0.843391445813,-0.537299608347,
    -1.032856634543E-16));
#3197 = ORIENTED_EDGE('',*,*,#3198,.T.);
#3198 = EDGE_CURVE('',#3191,#3199,#3201,.T.);
#3199 = VERTEX_POINT('',#3200);
#3200 = CARTESIAN_POINT('',(-2.185477872934,2.604551106605,11.));
#3201 = LINE('',#3202,#3203);
#3202 = CARTESIAN_POINT('',(-2.922825892883,2.038764071365,11.));
#3203 = VECTOR('',#3204,1.);
#3204 = DIRECTION('',(-0.793353340291,-0.608761429009,
    -9.715776287805E-17));
#3205 = ORIENTED_EDGE('',*,*,#3206,.T.);
#3206 = EDGE_CURVE('',#3199,#3207,#3209,.T.);
#3207 = VERTEX_POINT('',#3208);
#3208 = CARTESIAN_POINT('',(-2.404163056034,2.404163056034,11.));
#3209 = LINE('',#3210,#3211);
#3210 = CARTESIAN_POINT('',(-3.162219315687,1.709532473655,11.));
#3211 = VECTOR('',#3212,1.);
#3212 = DIRECTION('',(-0.73727733681,-0.675590207616,-9.029043306084E-17
    ));
#3213 = ORIENTED_EDGE('',*,*,#3214,.T.);
#3214 = EDGE_CURVE('',#3207,#3215,#3217,.T.);
#3215 = VERTEX_POINT('',#3216);
#3216 = CARTESIAN_POINT('',(-2.604551106605,2.185477872934,11.));
#3217 = LINE('',#3218,#3219);
#3218 = CARTESIAN_POINT('',(-3.359483748557,1.361613463036,11.));
#3219 = VECTOR('',#3220,1.);
#3220 = DIRECTION('',(-0.675590207616,-0.73727733681,-8.273593852918E-17
    ));
#3221 = ORIENTED_EDGE('',*,*,#3222,.T.);
#3222 = EDGE_CURVE('',#3215,#2795,#3223,.T.);
#3223 = LINE('',#3224,#3225);
#3224 = CARTESIAN_POINT('',(-3.513501549639,1.000910592916,11.));
#3225 = VECTOR('',#3226,1.);
#3226 = DIRECTION('',(-0.608761429009,-0.793353340291,
    -7.455177354799E-17));
#3227 = FACE_BOUND('',#3228,.T.);
#3228 = EDGE_LOOP('',(#3229,#3239,#3247,#3256,#3264,#3272,#3280,#3288,
    #3296,#3304,#3312,#3320,#3328,#3336,#3344,#3352,#3360,#3368,#3376,
    #3384,#3392,#3400,#3408,#3416,#3424,#3432,#3440,#3448,#3456,#3464,
    #3472,#3480,#3489,#3497,#3505,#3513,#3521,#3529,#3537,#3545,#3553,
    #3561,#3569,#3577,#3585,#3593,#3601,#3609,#3617,#3625,#3633,#3641,
    #3649,#3657,#3665,#3673,#3681,#3689));
#3229 = ORIENTED_EDGE('',*,*,#3230,.T.);
#3230 = EDGE_CURVE('',#3231,#3233,#3235,.T.);
#3231 = VERTEX_POINT('',#3232);
#3232 = CARTESIAN_POINT('',(-6.192081637059,3.575,11.));
#3233 = VERTEX_POINT('',#3234);
#3234 = CARTESIAN_POINT('',(-6.480100677312,3.021720571446,11.));
#3235 = LINE('',#3236,#3237);
#3236 = CARTESIAN_POINT('',(-6.977103008288,2.066987976578,11.));
#3237 = VECTOR('',#3238,1.);
#3238 = DIRECTION('',(-0.461748613235,-0.887010833178,-5.65478961209E-17
    ));
#3239 = ORIENTED_EDGE('',*,*,#3240,.T.);
#3240 = EDGE_CURVE('',#3233,#3241,#3243,.T.);
#3241 = VERTEX_POINT('',#3242);
#3242 = CARTESIAN_POINT('',(-6.718802238619,2.445444024779,11.));
#3243 = LINE('',#3244,#3245);
#3244 = CARTESIAN_POINT('',(-7.147996755655,1.409276800854,11.));
#3245 = VECTOR('',#3246,1.);
#3246 = DIRECTION('',(-0.382683432365,-0.923879532511,
    -4.686520405326E-17));
#3247 = ORIENTED_EDGE('',*,*,#3248,.T.);
#3248 = EDGE_CURVE('',#3241,#3249,#3251,.T.);
#3249 = VERTEX_POINT('',#3250);
#3250 = CARTESIAN_POINT('',(-8.472502626051,3.171850509592,11.));
#3251 = CIRCLE('',#3252,0.95);
#3252 = AXIS2_PLACEMENT_3D('',#3253,#3254,#3255);
#3253 = CARTESIAN_POINT('',(-7.611510228366,2.770363160938,11.));
#3254 = DIRECTION('',(1.224646799147E-16,0.,-1.));
#3255 = DIRECTION('',(-1.,0.,-1.224646799147E-16));
#3256 = ORIENTED_EDGE('',*,*,#3257,.T.);
#3257 = EDGE_CURVE('',#3249,#3258,#3260,.T.);
#3258 = VERTEX_POINT('',#3259);
#3259 = CARTESIAN_POINT('',(-8.202085472682,3.824695268753,11.));
#3260 = LINE('',#3261,#3262);
#3261 = CARTESIAN_POINT('',(-9.036905719771,1.809260906086,11.));
#3262 = VECTOR('',#3263,1.);
#3263 = DIRECTION('',(0.382683432365,0.923879532511,4.686520405326E-17)
  );
#3264 = ORIENTED_EDGE('',*,*,#3265,.T.);
#3265 = EDGE_CURVE('',#3258,#3266,#3268,.T.);
#3266 = VERTEX_POINT('',#3267);
#3267 = CARTESIAN_POINT('',(-7.837529904249,4.525,11.));
#3268 = LINE('',#3269,#3270);
#3269 = CARTESIAN_POINT('',(-8.82396319174,2.630079285281,11.));
#3270 = VECTOR('',#3271,1.);
#3271 = DIRECTION('',(0.461748613235,0.887010833178,5.65478961209E-17));
#3272 = ORIENTED_EDGE('',*,*,#3273,.T.);
#3273 = EDGE_CURVE('',#3266,#3274,#3276,.T.);
#3274 = VERTEX_POINT('',#3275);
#3275 = CARTESIAN_POINT('',(-7.413326000815,5.190866748977,11.));
#3276 = LINE('',#3277,#3278);
#3277 = CARTESIAN_POINT('',(-8.530563346485,3.437155401262,11.));
#3278 = VECTOR('',#3279,1.);
#3279 = DIRECTION('',(0.537299608347,0.843391445813,6.580022455451E-17)
  );
#3280 = ORIENTED_EDGE('',*,*,#3281,.T.);
#3281 = EDGE_CURVE('',#3274,#3282,#3284,.T.);
#3282 = VERTEX_POINT('',#3283);
#3283 = CARTESIAN_POINT('',(-6.932702210227,5.817227867663,11.));
#3284 = LINE('',#3285,#3286);
#3285 = CARTESIAN_POINT('',(-8.156979035209,4.221719245965,11.));
#3286 = VECTOR('',#3287,1.);
#3287 = DIRECTION('',(0.608761429009,0.793353340291,7.455177354799E-17)
  );
#3288 = ORIENTED_EDGE('',*,*,#3289,.T.);
#3289 = EDGE_CURVE('',#3282,#3290,#3292,.T.);
#3290 = VERTEX_POINT('',#3291);
#3291 = CARTESIAN_POINT('',(-6.399316369738,6.399316369738,11.));
#3292 = LINE('',#3293,#3294);
#3293 = CARTESIAN_POINT('',(-7.704579429985,4.974871695959,11.));
#3294 = VECTOR('',#3295,1.);
#3295 = DIRECTION('',(0.675590207616,0.73727733681,8.273593852918E-17));
#3296 = ORIENTED_EDGE('',*,*,#3297,.T.);
#3297 = EDGE_CURVE('',#3290,#3298,#3300,.T.);
#3298 = VERTEX_POINT('',#3299);
#3299 = CARTESIAN_POINT('',(-5.817227867663,6.932702210227,11.));
#3300 = LINE('',#3301,#3302);
#3301 = CARTESIAN_POINT('',(-7.175864391197,5.687741209554,11.));
#3302 = VECTOR('',#3303,1.);
#3303 = DIRECTION('',(0.73727733681,0.675590207616,9.029043306084E-17));
#3304 = ORIENTED_EDGE('',*,*,#3305,.T.);
#3305 = EDGE_CURVE('',#3298,#3306,#3308,.T.);
#3306 = VERTEX_POINT('',#3307);
#3307 = CARTESIAN_POINT('',(-5.190866748977,7.413326000815,11.));
#3308 = LINE('',#3309,#3310);
#3309 = CARTESIAN_POINT('',(-6.574474099946,6.351646739651,11.));
#3310 = VECTOR('',#3311,1.);
#3311 = DIRECTION('',(0.793353340291,0.608761429009,9.715776287805E-17)
  );
#3312 = ORIENTED_EDGE('',*,*,#3313,.T.);
#3313 = EDGE_CURVE('',#3306,#3314,#3316,.T.);
#3314 = VERTEX_POINT('',#3315);
#3315 = CARTESIAN_POINT('',(-4.525,7.837529904249,11.));
#3316 = LINE('',#3317,#3318);
#3317 = CARTESIAN_POINT('',(-5.905173011377,6.958262723932,11.));
#3318 = VECTOR('',#3319,1.);
#3319 = DIRECTION('',(0.843391445813,0.537299608347,1.032856634543E-16)
  );
#3320 = ORIENTED_EDGE('',*,*,#3321,.T.);
#3321 = EDGE_CURVE('',#3314,#3322,#3324,.T.);
#3322 = VERTEX_POINT('',#3323);
#3323 = CARTESIAN_POINT('',(-3.824695268753,8.202085472682,11.));
#3324 = LINE('',#3325,#3326);
#3325 = CARTESIAN_POINT('',(-5.173807896844,7.499781891014,11.));
#3326 = VECTOR('',#3327,1.);
#3327 = DIRECTION('',(0.887010833178,0.461748613235,1.086274977661E-16)
  );
#3328 = ORIENTED_EDGE('',*,*,#3329,.T.);
#3329 = EDGE_CURVE('',#3322,#3330,#3332,.T.);
#3330 = VERTEX_POINT('',#3331);
#3331 = CARTESIAN_POINT('',(-3.095282297097,8.504218218112,11.));
#3332 = LINE('',#3333,#3334);
#3333 = CARTESIAN_POINT('',(-4.387240467358,7.969071621972,11.));
#3334 = VECTOR('',#3335,1.);
#3335 = DIRECTION('',(0.923879532511,0.382683432365,1.131426112288E-16)
  );
#3336 = ORIENTED_EDGE('',*,*,#3337,.T.);
#3337 = EDGE_CURVE('',#3330,#3338,#3340,.T.);
#3338 = VERTEX_POINT('',#3339);
#3339 = CARTESIAN_POINT('',(-2.342312358178,8.741628727916,11.));
#3340 = LINE('',#3341,#3342);
#3341 = CARTESIAN_POINT('',(-3.553255786245,8.359819731646,11.));
#3342 = VECTOR('',#3343,1.);
#3343 = DIRECTION('',(0.953716950748,0.300705799504,1.167966411026E-16)
  );
#3344 = ORIENTED_EDGE('',*,*,#3345,.T.);
#3345 = EDGE_CURVE('',#3338,#3346,#3348,.T.);
#3346 = VERTEX_POINT('',#3347);
#3347 = CARTESIAN_POINT('',(-1.571516007886,8.91251016476,11.));
#3348 = LINE('',#3349,#3350);
#3349 = CARTESIAN_POINT('',(-2.680448364181,8.666665780138,11.));
#3350 = VECTOR('',#3351,1.);
#3351 = DIRECTION('',(0.97629600712,0.216439613938,1.19561778014E-16));
#3352 = ORIENTED_EDGE('',*,*,#3353,.T.);
#3353 = EDGE_CURVE('',#3346,#3354,#3356,.T.);
#3354 = VERTEX_POINT('',#3355);
#3355 = CARTESIAN_POINT('',(-0.788759471866,9.01556201773,11.));
#3356 = LINE('',#3357,#3358);
#3357 = CARTESIAN_POINT('',(-1.778088464158,8.88531438496,11.));
#3358 = VECTOR('',#3359,1.);
#3359 = DIRECTION('',(0.991444861374,0.13052619222,1.214169776013E-16));
#3360 = ORIENTED_EDGE('',*,*,#3361,.T.);
#3361 = EDGE_CURVE('',#3354,#3362,#3364,.T.);
#3362 = VERTEX_POINT('',#3363);
#3363 = CARTESIAN_POINT('',(-5.541526766142E-16,9.05,11.));
#3364 = LINE('',#3365,#3366);
#3365 = CARTESIAN_POINT('',(-0.855971708716,9.012627468094,11.));
#3366 = VECTOR('',#3367,1.);
#3367 = DIRECTION('',(0.999048221582,4.361938736534E-02,
    1.223481206754E-16));
#3368 = ORIENTED_EDGE('',*,*,#3369,.T.);
#3369 = EDGE_CURVE('',#3362,#3370,#3372,.T.);
#3370 = VERTEX_POINT('',#3371);
#3371 = CARTESIAN_POINT('',(0.788759471866,9.01556201773,11.));
#3372 = LINE('',#3373,#3374);
#3373 = CARTESIAN_POINT('',(7.574444006623E-02,9.046692926327,11.));
#3374 = VECTOR('',#3375,1.);
#3375 = DIRECTION('',(0.999048221582,-4.361938736534E-02,
    1.223481206754E-16));
#3376 = ORIENTED_EDGE('',*,*,#3377,.T.);
#3377 = EDGE_CURVE('',#3370,#3378,#3380,.T.);
#3378 = VERTEX_POINT('',#3379);
#3379 = CARTESIAN_POINT('',(1.571516007886,8.91251016476,11.));
#3380 = LINE('',#3381,#3382);
#3381 = CARTESIAN_POINT('',(1.006713380054,8.986867841358,11.));
#3382 = VECTOR('',#3383,1.);
#3383 = DIRECTION('',(0.991444861374,-0.13052619222,1.214169776013E-16)
  );
#3384 = ORIENTED_EDGE('',*,*,#3385,.T.);
#3385 = EDGE_CURVE('',#3378,#3386,#3388,.T.);
#3386 = VERTEX_POINT('',#3387);
#3387 = CARTESIAN_POINT('',(2.342312358178,8.741628727916,11.));
#3388 = LINE('',#3389,#3390);
#3389 = CARTESIAN_POINT('',(1.926577035123,8.833795030109,11.));
#3390 = VECTOR('',#3391,1.);
#3391 = DIRECTION('',(0.97629600712,-0.216439613938,1.19561778014E-16));
#3392 = ORIENTED_EDGE('',*,*,#3393,.T.);
#3393 = EDGE_CURVE('',#3386,#3394,#3396,.T.);
#3394 = VERTEX_POINT('',#3395);
#3395 = CARTESIAN_POINT('',(3.095282297097,8.504218218112,11.));
#3396 = LINE('',#3397,#3398);
#3397 = CARTESIAN_POINT('',(2.825144129971,8.589392455037,11.));
#3398 = VECTOR('',#3399,1.);
#3399 = DIRECTION('',(0.953716950748,-0.300705799504,1.167966411026E-16)
  );
#3400 = ORIENTED_EDGE('',*,*,#3401,.T.);
#3401 = EDGE_CURVE('',#3394,#3402,#3404,.T.);
#3402 = VERTEX_POINT('',#3403);
#3403 = CARTESIAN_POINT('',(3.824695268753,8.202085472682,11.));
#3404 = LINE('',#3405,#3406);
#3405 = CARTESIAN_POINT('',(3.69256469535,8.256815748189,11.));
#3406 = VECTOR('',#3407,1.);
#3407 = DIRECTION('',(0.923879532511,-0.382683432365,1.131426112288E-16)
  );
#3408 = ORIENTED_EDGE('',*,*,#3409,.T.);
#3409 = EDGE_CURVE('',#3402,#3410,#3412,.T.);
#3410 = VERTEX_POINT('',#3411);
#3411 = CARTESIAN_POINT('',(4.525,7.837529904249,11.));
#3412 = LINE('',#3413,#3414);
#3413 = CARTESIAN_POINT('',(4.519496530054,7.840394829367,11.));
#3414 = VECTOR('',#3415,1.);
#3415 = DIRECTION('',(0.887010833178,-0.461748613235,1.086274977661E-16)
  );
#3416 = ORIENTED_EDGE('',*,*,#3417,.T.);
#3417 = EDGE_CURVE('',#3410,#3418,#3420,.T.);
#3418 = VERTEX_POINT('',#3419);
#3419 = CARTESIAN_POINT('',(5.190866748977,7.413326000815,11.));
#3420 = LINE('',#3421,#3422);
#3421 = CARTESIAN_POINT('',(5.297259572661,7.345546296883,11.));
#3422 = VECTOR('',#3423,1.);
#3423 = DIRECTION('',(0.843391445813,-0.537299608347,1.032856634543E-16)
  );
#3424 = ORIENTED_EDGE('',*,*,#3425,.T.);
#3425 = EDGE_CURVE('',#3418,#3426,#3428,.T.);
#3426 = VERTEX_POINT('',#3427);
#3427 = CARTESIAN_POINT('',(5.817227867663,6.932702210227,11.));
#3428 = LINE('',#3429,#3430);
#3429 = CARTESIAN_POINT('',(6.017974478011,6.778663918361,11.));
#3430 = VECTOR('',#3431,1.);
#3431 = DIRECTION('',(0.793353340291,-0.608761429009,9.715776287805E-17)
  );
#3432 = ORIENTED_EDGE('',*,*,#3433,.T.);
#3433 = EDGE_CURVE('',#3426,#3434,#3436,.T.);
#3434 = VERTEX_POINT('',#3435);
#3435 = CARTESIAN_POINT('',(6.399316369738,6.399316369738,11.));
#3436 = LINE('',#3437,#3438);
#3437 = CARTESIAN_POINT('',(6.674682140385,6.146990129837,11.));
#3438 = VECTOR('',#3439,1.);
#3439 = DIRECTION('',(0.73727733681,-0.675590207616,9.029043306084E-17)
  );
#3440 = ORIENTED_EDGE('',*,*,#3441,.T.);
#3441 = EDGE_CURVE('',#3434,#3442,#3444,.T.);
#3442 = VERTEX_POINT('',#3443);
#3443 = CARTESIAN_POINT('',(6.932702210227,5.817227867663,11.));
#3444 = LINE('',#3445,#3446);
#3445 = CARTESIAN_POINT('',(7.261441444161,5.458471947036,11.));
#3446 = VECTOR('',#3447,1.);
#3447 = DIRECTION('',(0.675590207616,-0.73727733681,8.273593852918E-17)
  );
#3448 = ORIENTED_EDGE('',*,*,#3449,.T.);
#3449 = EDGE_CURVE('',#3442,#3450,#3452,.T.);
#3450 = VERTEX_POINT('',#3451);
#3451 = CARTESIAN_POINT('',(7.413326000815,5.190866748977,11.));
#3452 = LINE('',#3453,#3454);
#3453 = CARTESIAN_POINT('',(7.773403137151,4.721605088725,11.));
#3454 = VECTOR('',#3455,1.);
#3455 = DIRECTION('',(0.608761429009,-0.793353340291,7.455177354799E-17)
  );
#3456 = ORIENTED_EDGE('',*,*,#3457,.T.);
#3457 = EDGE_CURVE('',#3450,#3458,#3460,.T.);
#3458 = VERTEX_POINT('',#3459);
#3459 = CARTESIAN_POINT('',(7.837529904249,4.525,11.));
#3460 = LINE('',#3461,#3462);
#3461 = CARTESIAN_POINT('',(8.20685839364,3.945270396984,11.));
#3462 = VECTOR('',#3463,1.);
#3463 = DIRECTION('',(0.537299608347,-0.843391445813,6.580022455451E-17)
  );
#3464 = ORIENTED_EDGE('',*,*,#3465,.T.);
#3465 = EDGE_CURVE('',#3458,#3466,#3468,.T.);
#3466 = VERTEX_POINT('',#3467);
#3467 = CARTESIAN_POINT('',(8.202085472682,3.824695268753,11.));
#3468 = LINE('',#3469,#3470);
#3469 = CARTESIAN_POINT('',(8.559261343336,3.138566805041,11.));
#3470 = VECTOR('',#3471,1.);
#3471 = DIRECTION('',(0.461748613235,-0.887010833178,5.65478961209E-17)
  );
#3472 = ORIENTED_EDGE('',*,*,#3473,.T.);
#3473 = EDGE_CURVE('',#3466,#3474,#3476,.T.);
#3474 = VERTEX_POINT('',#3475);
#3475 = CARTESIAN_POINT('',(8.472502626051,3.171850509592,11.));
#3476 = LINE('',#3477,#3478);
#3477 = CARTESIAN_POINT('',(8.82922556788,2.310645145417,11.));
#3478 = VECTOR('',#3479,1.);
#3479 = DIRECTION('',(0.382683432365,-0.923879532511,4.686520405326E-17)
  );
#3480 = ORIENTED_EDGE('',*,*,#3481,.T.);
#3481 = EDGE_CURVE('',#3474,#3482,#3484,.T.);
#3482 = VERTEX_POINT('',#3483);
#3483 = CARTESIAN_POINT('',(6.718802238619,2.445444024779,11.));
#3484 = CIRCLE('',#3485,0.95);
#3485 = AXIS2_PLACEMENT_3D('',#3486,#3487,#3488);
#3486 = CARTESIAN_POINT('',(7.611510228366,2.770363160938,11.));
#3487 = DIRECTION('',(1.224646799147E-16,0.,-1.));
#3488 = DIRECTION('',(-1.,0.,-1.224646799147E-16));
#3489 = ORIENTED_EDGE('',*,*,#3490,.T.);
#3490 = EDGE_CURVE('',#3482,#3491,#3493,.T.);
#3491 = VERTEX_POINT('',#3492);
#3492 = CARTESIAN_POINT('',(6.480100677312,3.021720571446,11.));
#3493 = LINE('',#3494,#3495);
#3494 = CARTESIAN_POINT('',(7.210733757133,1.257816281023,11.));
#3495 = VECTOR('',#3496,1.);
#3496 = DIRECTION('',(-0.382683432365,0.923879532511,-4.686520405326E-17
    ));
#3497 = ORIENTED_EDGE('',*,*,#3498,.T.);
#3498 = EDGE_CURVE('',#3491,#3499,#3501,.T.);
#3499 = VERTEX_POINT('',#3500);
#3500 = CARTESIAN_POINT('',(6.192081637059,3.575,11.));
#3501 = LINE('',#3502,#3503);
#3502 = CARTESIAN_POINT('',(7.038688464227,1.948683416437,11.));
#3503 = VECTOR('',#3504,1.);
#3504 = DIRECTION('',(-0.461748613235,0.887010833178,-5.65478961209E-17)
  );
#3505 = ORIENTED_EDGE('',*,*,#3506,.T.);
#3506 = EDGE_CURVE('',#3499,#3507,#3509,.T.);
#3507 = VERTEX_POINT('',#3508);
#3508 = CARTESIAN_POINT('',(5.856937116666,4.10107151991,11.));
#3509 = LINE('',#3510,#3511);
#3510 = CARTESIAN_POINT('',(6.795776923927,2.627388215229,11.));
#3511 = VECTOR('',#3512,1.);
#3512 = DIRECTION('',(-0.537299608347,0.843391445813,-6.580022455451E-17
    ));
#3513 = ORIENTED_EDGE('',*,*,#3514,.T.);
#3514 = EDGE_CURVE('',#3507,#3515,#3517,.T.);
#3515 = VERTEX_POINT('',#3516);
#3516 = CARTESIAN_POINT('',(5.477217768301,4.595931409259,11.));
#3517 = LINE('',#3518,#3519);
#3518 = CARTESIAN_POINT('',(6.482552258852,3.28575399298,11.));
#3519 = VECTOR('',#3520,1.);
#3520 = DIRECTION('',(-0.608761429009,0.793353340291,-7.455177354799E-17
    ));
#3521 = ORIENTED_EDGE('',*,*,#3522,.T.);
#3522 = EDGE_CURVE('',#3515,#3523,#3525,.T.);
#3523 = VERTEX_POINT('',#3524);
#3524 = CARTESIAN_POINT('',(5.055813485484,5.055813485484,11.));
#3525 = LINE('',#3526,#3527);
#3526 = CARTESIAN_POINT('',(6.100645311897,3.915579631132,11.));
#3527 = VECTOR('',#3528,1.);
#3528 = DIRECTION('',(-0.675590207616,0.73727733681,-8.273593852918E-17)
  );
#3529 = ORIENTED_EDGE('',*,*,#3530,.T.);
#3530 = EDGE_CURVE('',#3523,#3531,#3533,.T.);
#3531 = VERTEX_POINT('',#3532);
#3532 = CARTESIAN_POINT('',(4.595931409259,5.477217768301,11.));
#3533 = LINE('',#3534,#3535);
#3534 = CARTESIAN_POINT('',(5.652775113631,4.508798935921,11.));
#3535 = VECTOR('',#3536,1.);
#3536 = DIRECTION('',(-0.73727733681,0.675590207616,-9.029043306084E-17)
  );
#3537 = ORIENTED_EDGE('',*,*,#3538,.T.);
#3538 = EDGE_CURVE('',#3531,#3539,#3541,.T.);
#3539 = VERTEX_POINT('',#3540);
#3540 = CARTESIAN_POINT('',(4.10107151991,5.856937116666,11.));
#3541 = LINE('',#3542,#3543);
#3542 = CARTESIAN_POINT('',(5.142733886284,5.057641470585,11.));
#3543 = VECTOR('',#3544,1.);
#3544 = DIRECTION('',(-0.793353340291,0.608761429009,-9.715776287805E-17
    ));
#3545 = ORIENTED_EDGE('',*,*,#3546,.T.);
#3546 = EDGE_CURVE('',#3539,#3547,#3549,.T.);
#3547 = VERTEX_POINT('',#3548);
#3548 = CARTESIAN_POINT('',(3.575,6.192081637059,11.));
#3549 = LINE('',#3550,#3551);
#3550 = CARTESIAN_POINT('',(4.575346525349,5.554790615256,11.));
#3551 = VECTOR('',#3552,1.);
#3552 = DIRECTION('',(-0.843391445813,0.537299608347,-1.032856634543E-16
    ));
#3553 = ORIENTED_EDGE('',*,*,#3554,.T.);
#3554 = EDGE_CURVE('',#3547,#3555,#3557,.T.);
#3555 = VERTEX_POINT('',#3556);
#3556 = CARTESIAN_POINT('',(3.021720571446,6.480100677312,11.));
#3557 = LINE('',#3558,#3559);
#3558 = CARTESIAN_POINT('',(3.95640522135,5.993534645915,11.));
#3559 = VECTOR('',#3560,1.);
#3560 = DIRECTION('',(-0.887010833178,0.461748613235,-1.086274977661E-16
    ));
#3561 = ORIENTED_EDGE('',*,*,#3562,.T.);
#3562 = EDGE_CURVE('',#3555,#3563,#3565,.T.);
#3563 = VERTEX_POINT('',#3564);
#3564 = CARTESIAN_POINT('',(2.445444024779,6.718802238619,11.));
#3565 = LINE('',#3566,#3567);
#3566 = CARTESIAN_POINT('',(3.292580590118,6.367906784074,11.));
#3567 = VECTOR('',#3568,1.);
#3568 = DIRECTION('',(-0.923879532511,0.382683432365,-1.131426112288E-16
    ));
#3569 = ORIENTED_EDGE('',*,*,#3570,.T.);
#3570 = EDGE_CURVE('',#3563,#3571,#3573,.T.);
#3571 = VERTEX_POINT('',#3572);
#3572 = CARTESIAN_POINT('',(1.850556172483,6.906369657967,11.));
#3573 = LINE('',#3574,#3575);
#3574 = CARTESIAN_POINT('',(2.591311348768,6.672810448028,11.));
#3575 = VECTOR('',#3576,1.);
#3576 = DIRECTION('',(-0.953716950748,0.300705799504,-1.167966411026E-16
    ));
#3577 = ORIENTED_EDGE('',*,*,#3578,.T.);
#3578 = EDGE_CURVE('',#3571,#3579,#3581,.T.);
#3579 = VERTEX_POINT('',#3580);
#3580 = CARTESIAN_POINT('',(1.241584470319,7.041375434037,11.));
#3581 = LINE('',#3582,#3583);
#3582 = CARTESIAN_POINT('',(1.860675186606,6.904126326544,11.));
#3583 = VECTOR('',#3584,1.);
#3584 = DIRECTION('',(-0.97629600712,0.216439613938,-1.19561778014E-16)
  );
#3585 = ORIENTED_EDGE('',*,*,#3586,.T.);
#3586 = EDGE_CURVE('',#3579,#3587,#3589,.T.);
#3587 = VERTEX_POINT('',#3588);
#3588 = CARTESIAN_POINT('',(0.623163560646,7.122792091356,11.));
#3589 = LINE('',#3590,#3591);
#3590 = CARTESIAN_POINT('',(1.109244017084,7.058798385238,11.));
#3591 = VECTOR('',#3592,1.);
#3592 = DIRECTION('',(-0.991444861374,0.13052619222,-1.214169776013E-16)
  );
#3593 = ORIENTED_EDGE('',*,*,#3594,.T.);
#3594 = EDGE_CURVE('',#3587,#3595,#3597,.T.);
#3595 = VERTEX_POINT('',#3596);
#3596 = CARTESIAN_POINT('',(-4.378112306952E-16,7.15,11.));
#3597 = LINE('',#3598,#3599);
#3598 = CARTESIAN_POINT('',(0.345927242584,7.134896490411,11.));
#3599 = VECTOR('',#3600,1.);
#3600 = DIRECTION('',(-0.999048221582,4.361938736534E-02,
    -1.223481206754E-16));
#3601 = ORIENTED_EDGE('',*,*,#3602,.T.);
#3602 = EDGE_CURVE('',#3595,#3603,#3605,.T.);
#3603 = VERTEX_POINT('',#3604);
#3604 = CARTESIAN_POINT('',(-0.623163560646,7.122792091356,11.));
#3605 = LINE('',#3606,#3607);
#3606 = CARTESIAN_POINT('',(-0.420192994978,7.131653977636,11.));
#3607 = VECTOR('',#3608,1.);
#3608 = DIRECTION('',(-0.999048221582,-4.361938736534E-02,
    -1.223481206754E-16));
#3609 = ORIENTED_EDGE('',*,*,#3610,.T.);
#3610 = EDGE_CURVE('',#3603,#3611,#3613,.T.);
#3611 = VERTEX_POINT('',#3612);
#3612 = CARTESIAN_POINT('',(-1.241584470319,7.041375434037,11.));
#3613 = LINE('',#3614,#3615);
#3614 = CARTESIAN_POINT('',(-1.180030378341,7.049479183983,11.));
#3615 = VECTOR('',#3616,1.);
#3616 = DIRECTION('',(-0.991444861374,-0.13052619222,-1.214169776013E-16
    ));
#3617 = ORIENTED_EDGE('',*,*,#3618,.T.);
#3618 = EDGE_CURVE('',#3611,#3619,#3621,.T.);
#3619 = VERTEX_POINT('',#3620);
#3620 = CARTESIAN_POINT('',(-1.850556172483,6.906369657967,11.));
#3621 = LINE('',#3622,#3623);
#3622 = CARTESIAN_POINT('',(-1.924662489436,6.88994068303,11.));
#3623 = VECTOR('',#3624,1.);
#3624 = DIRECTION('',(-0.97629600712,-0.216439613938,-1.19561778014E-16)
  );
#3625 = ORIENTED_EDGE('',*,*,#3626,.T.);
#3626 = EDGE_CURVE('',#3619,#3627,#3629,.T.);
#3627 = VERTEX_POINT('',#3628);
#3628 = CARTESIAN_POINT('',(-2.445444024779,6.718802238619,11.));
#3629 = LINE('',#3630,#3631);
#3630 = CARTESIAN_POINT('',(-2.645494109434,6.655726689212,11.));
#3631 = VECTOR('',#3632,1.);
#3632 = DIRECTION('',(-0.953716950748,-0.300705799504,
    -1.167966411026E-16));
#3633 = ORIENTED_EDGE('',*,*,#3634,.T.);
#3634 = EDGE_CURVE('',#3627,#3635,#3637,.T.);
#3635 = VERTEX_POINT('',#3636);
#3636 = CARTESIAN_POINT('',(-3.021720571446,6.480100677312,11.));
#3637 = LINE('',#3638,#3639);
#3638 = CARTESIAN_POINT('',(-3.334411602964,6.350579811225,11.));
#3639 = VECTOR('',#3640,1.);
#3640 = DIRECTION('',(-0.923879532511,-0.382683432365,
    -1.131426112288E-16));
#3641 = ORIENTED_EDGE('',*,*,#3642,.T.);
#3642 = EDGE_CURVE('',#3635,#3643,#3645,.T.);
#3643 = VERTEX_POINT('',#3644);
#3644 = CARTESIAN_POINT('',(-3.575,6.192081637059,11.));
#3645 = LINE('',#3646,#3647);
#3646 = CARTESIAN_POINT('',(-3.983924508241,5.979209011906,11.));
#3647 = VECTOR('',#3648,1.);
#3648 = DIRECTION('',(-0.887010833178,-0.461748613235,
    -1.086274977661E-16));
#3649 = ORIENTED_EDGE('',*,*,#3650,.T.);
#3650 = EDGE_CURVE('',#3643,#3651,#3653,.T.);
#3651 = VERTEX_POINT('',#3652);
#3652 = CARTESIAN_POINT('',(-4.10107151991,5.856937116666,11.));
#3653 = LINE('',#3654,#3655);
#3654 = CARTESIAN_POINT('',(-4.587290829621,5.547181254219,11.));
#3655 = VECTOR('',#3656,1.);
#3656 = DIRECTION('',(-0.843391445813,-0.537299608347,
    -1.032856634543E-16));
#3657 = ORIENTED_EDGE('',*,*,#3658,.T.);
#3658 = EDGE_CURVE('',#3651,#3659,#3661,.T.);
#3659 = VERTEX_POINT('',#3660);
#3660 = CARTESIAN_POINT('',(-4.595931409259,5.477217768301,11.));
#3661 = LINE('',#3662,#3663);
#3662 = CARTESIAN_POINT('',(-5.138623004202,5.060795861352,11.));
#3663 = VECTOR('',#3664,1.);
#3664 = DIRECTION('',(-0.793353340291,-0.608761429009,
    -9.715776287805E-17));
#3665 = ORIENTED_EDGE('',*,*,#3666,.T.);
#3666 = EDGE_CURVE('',#3659,#3667,#3669,.T.);
#3667 = VERTEX_POINT('',#3668);
#3668 = CARTESIAN_POINT('',(-5.055813485484,5.055813485484,11.));
#3669 = LINE('',#3670,#3671);
#3670 = CARTESIAN_POINT('',(-5.632972075293,4.52694507729,11.));
#3671 = VECTOR('',#3672,1.);
#3672 = DIRECTION('',(-0.73727733681,-0.675590207616,-9.029043306084E-17
    ));
#3673 = ORIENTED_EDGE('',*,*,#3674,.T.);
#3674 = EDGE_CURVE('',#3667,#3675,#3677,.T.);
#3675 = VERTEX_POINT('',#3676);
#3676 = CARTESIAN_POINT('',(-5.477217768301,4.595931409259,11.));
#3677 = LINE('',#3678,#3679);
#3678 = CARTESIAN_POINT('',(-6.066388236069,3.952964669205,11.));
#3679 = VECTOR('',#3680,1.);
#3680 = DIRECTION('',(-0.675590207616,-0.73727733681,-8.273593852918E-17
    ));
#3681 = ORIENTED_EDGE('',*,*,#3682,.T.);
#3682 = EDGE_CURVE('',#3675,#3683,#3685,.T.);
#3683 = VERTEX_POINT('',#3684);
#3684 = CARTESIAN_POINT('',(-5.856937116666,4.10107151991,11.));
#3685 = LINE('',#3686,#3687);
#3686 = CARTESIAN_POINT('',(-6.435956587432,3.346478654238,11.));
#3687 = VECTOR('',#3688,1.);
#3688 = DIRECTION('',(-0.608761429009,-0.793353340291,
    -7.455177354799E-17));
#3689 = ORIENTED_EDGE('',*,*,#3690,.T.);
#3690 = EDGE_CURVE('',#3683,#3231,#3691,.T.);
#3691 = LINE('',#3692,#3693);
#3692 = CARTESIAN_POINT('',(-6.739807664859,2.71524235395,11.));
#3693 = VECTOR('',#3694,1.);
#3694 = DIRECTION('',(-0.537299608347,-0.843391445813,
    -6.580022455451E-17));
#3695 = FACE_BOUND('',#3696,.T.);
#3696 = EDGE_LOOP('',(#3697,#3707,#3715,#3724,#3732,#3740,#3748,#3756,
    #3764,#3772,#3780,#3788,#3796,#3804,#3812,#3820,#3828,#3836,#3844,
    #3852,#3860,#3868,#3876,#3884,#3892,#3900,#3908,#3916,#3924,#3932,
    #3940,#3948,#3956,#3964,#3973,#3981,#3989,#3997,#4005,#4013,#4021,
    #4029,#4037,#4045,#4053,#4061,#4069,#4077,#4085,#4093,#4101,#4109,
    #4117,#4125,#4133,#4141,#4149,#4157,#4165,#4173,#4181,#4189));
#3697 = ORIENTED_EDGE('',*,*,#3698,.T.);
#3698 = EDGE_CURVE('',#3699,#3701,#3703,.T.);
#3699 = VERTEX_POINT('',#3700);
#3700 = CARTESIAN_POINT('',(-9.969385657403,4.648800879148,11.));
#3701 = VERTEX_POINT('',#3702);
#3702 = CARTESIAN_POINT('',(-10.33661882864,3.762221576582,11.));
#3703 = LINE('',#3704,#3705);
#3704 = CARTESIAN_POINT('',(-10.66941463823,2.958781419582,11.));
#3705 = VECTOR('',#3706,1.);
#3706 = DIRECTION('',(-0.382683432365,-0.923879532511,
    -4.686520405326E-17));
#3707 = ORIENTED_EDGE('',*,*,#3708,.T.);
#3708 = EDGE_CURVE('',#3701,#3709,#3711,.T.);
#3709 = VERTEX_POINT('',#3710);
#3710 = CARTESIAN_POINT('',(-10.62518408918,2.847009496128,11.));
#3711 = LINE('',#3712,#3713);
#3712 = CARTESIAN_POINT('',(-10.89664096351,1.986058284406,11.));
#3713 = VECTOR('',#3714,1.);
#3714 = DIRECTION('',(-0.300705799504,-0.953716950748,-3.68258394848E-17
    ));
#3715 = ORIENTED_EDGE('',*,*,#3716,.T.);
#3716 = EDGE_CURVE('',#3709,#3717,#3719,.T.);
#3717 = VERTEX_POINT('',#3718);
#3718 = CARTESIAN_POINT('',(-12.53080253625,3.447848684556,11.));
#3719 = CIRCLE('',#3720,1.);
#3720 = AXIS2_PLACEMENT_3D('',#3721,#3722,#3723);
#3721 = CARTESIAN_POINT('',(-11.59110991546,3.10582854123,11.));
#3722 = DIRECTION('',(1.224646799147E-16,0.,-1.));
#3723 = DIRECTION('',(-1.,0.,-1.224646799147E-16));
#3724 = ORIENTED_EDGE('',*,*,#3725,.T.);
#3725 = EDGE_CURVE('',#3717,#3726,#3728,.T.);
#3726 = VERTEX_POINT('',#3727);
#3727 = CARTESIAN_POINT('',(-12.21600407021,4.446261863234,11.));
#3728 = LINE('',#3729,#3730);
#3729 = CARTESIAN_POINT('',(-12.95965864361,2.087690883496,11.));
#3730 = VECTOR('',#3731,1.);
#3731 = DIRECTION('',(0.300705799504,0.953716950748,3.68258394848E-17));
#3732 = ORIENTED_EDGE('',*,*,#3733,.T.);
#3733 = EDGE_CURVE('',#3726,#3734,#3736,.T.);
#3734 = VERTEX_POINT('',#3735);
#3735 = CARTESIAN_POINT('',(-11.78200123147,5.494037402629,11.));
#3736 = LINE('',#3737,#3738);
#3737 = CARTESIAN_POINT('',(-12.71572404854,3.239831114158,11.));
#3738 = VECTOR('',#3739,1.);
#3739 = DIRECTION('',(0.382683432365,0.923879532511,4.686520405326E-17)
  );
#3740 = ORIENTED_EDGE('',*,*,#3741,.T.);
#3741 = EDGE_CURVE('',#3734,#3742,#3744,.T.);
#3742 = VERTEX_POINT('',#3743);
#3743 = CARTESIAN_POINT('',(-11.25833024919,6.5,11.));
#3744 = LINE('',#3745,#3746);
#3745 = CARTESIAN_POINT('',(-12.36410009707,4.375835885688,11.));
#3746 = VECTOR('',#3747,1.);
#3747 = DIRECTION('',(0.461748613235,0.887010833178,5.65478961209E-17));
#3748 = ORIENTED_EDGE('',*,*,#3749,.T.);
#3749 = EDGE_CURVE('',#3742,#3750,#3752,.T.);
#3750 = VERTEX_POINT('',#3751);
#3751 = CARTESIAN_POINT('',(-10.64897657575,7.456493672564,11.));
#3752 = LINE('',#3753,#3754);
#3753 = CARTESIAN_POINT('',(-11.90507624893,5.484812132159,11.));
#3754 = VECTOR('',#3755,1.);
#3755 = DIRECTION('',(0.537299608347,0.843391445813,6.580022455451E-17)
  );
#3756 = ORIENTED_EDGE('',*,*,#3757,.T.);
#3757 = EDGE_CURVE('',#3750,#3758,#3760,.T.);
#3758 = VERTEX_POINT('',#3759);
#3759 = CARTESIAN_POINT('',(-9.958577760547,8.356238925925,11.));
#3760 = LINE('',#3761,#3762);
#3761 = CARTESIAN_POINT('',(-11.34018585399,6.555692203221,11.));
#3762 = VECTOR('',#3763,1.);
#3763 = DIRECTION('',(0.608761429009,0.793353340291,7.455177354799E-17)
  );
#3764 = ORIENTED_EDGE('',*,*,#3765,.T.);
#3765 = EDGE_CURVE('',#3758,#3766,#3768,.T.);
#3766 = VERTEX_POINT('',#3767);
#3767 = CARTESIAN_POINT('',(-9.192388155425,9.192388155425,11.));
#3768 = LINE('',#3769,#3770);
#3769 = CARTESIAN_POINT('',(-10.67225403914,7.577397936077,11.));
#3770 = VECTOR('',#3771,1.);
#3771 = DIRECTION('',(0.675590207616,0.73727733681,8.273593852918E-17));
#3772 = ORIENTED_EDGE('',*,*,#3773,.T.);
#3773 = EDGE_CURVE('',#3766,#3774,#3776,.T.);
#3774 = VERTEX_POINT('',#3775);
#3775 = CARTESIAN_POINT('',(-8.356238925925,9.958577760547,11.));
#3776 = LINE('',#3777,#3778);
#3777 = CARTESIAN_POINT('',(-9.905420995028,8.539013936399,11.));
#3778 = VECTOR('',#3779,1.);
#3779 = DIRECTION('',(0.73727733681,0.675590207616,9.029043306084E-17));
#3780 = ORIENTED_EDGE('',*,*,#3781,.T.);
#3781 = EDGE_CURVE('',#3774,#3782,#3784,.T.);
#3782 = VERTEX_POINT('',#3783);
#3783 = CARTESIAN_POINT('',(-7.456493672564,10.648976575757,11.));
#3784 = LINE('',#3785,#3786);
#3785 = CARTESIAN_POINT('',(-9.045139124539,9.429966046126,11.));
#3786 = VECTOR('',#3787,1.);
#3787 = DIRECTION('',(0.793353340291,0.608761429009,9.715776287805E-17)
  );
#3788 = ORIENTED_EDGE('',*,*,#3789,.T.);
#3789 = EDGE_CURVE('',#3782,#3790,#3792,.T.);
#3790 = VERTEX_POINT('',#3791);
#3791 = CARTESIAN_POINT('',(-6.5,11.258330249198,11.));
#3792 = LINE('',#3793,#3794);
#3793 = CARTESIAN_POINT('',(-8.098143204067,10.240200741375,11.));
#3794 = VECTOR('',#3795,1.);
#3795 = DIRECTION('',(0.843391445813,0.537299608347,1.032856634543E-16)
  );
#3796 = ORIENTED_EDGE('',*,*,#3797,.T.);
#3797 = EDGE_CURVE('',#3790,#3798,#3800,.T.);
#3798 = VERTEX_POINT('',#3799);
#3799 = CARTESIAN_POINT('',(-5.494037402629,11.782001231476,11.));
#3800 = LINE('',#3801,#3802);
#3801 = CARTESIAN_POINT('',(-7.072393430313,10.960361089424,11.));
#3802 = VECTOR('',#3803,1.);
#3803 = DIRECTION('',(0.887010833178,0.461748613235,1.086274977661E-16)
  );
#3804 = ORIENTED_EDGE('',*,*,#3805,.T.);
#3805 = EDGE_CURVE('',#3798,#3806,#3808,.T.);
#3806 = VERTEX_POINT('',#3807);
#3807 = CARTESIAN_POINT('',(-4.446261863234,12.216004070217,11.));
#3808 = LINE('',#3809,#3810);
#3809 = CARTESIAN_POINT('',(-5.976991959299,11.581954904094,11.));
#3810 = VECTOR('',#3811,1.);
#3811 = DIRECTION('',(0.923879532511,0.382683432365,1.131426112288E-16)
  );
#3812 = ORIENTED_EDGE('',*,*,#3813,.T.);
#3813 = EDGE_CURVE('',#3806,#3814,#3816,.T.);
#3814 = VERTEX_POINT('',#3815);
#3815 = CARTESIAN_POINT('',(-3.364647586333,12.557035741758,11.));
#3816 = LINE('',#3817,#3818);
#3817 = CARTESIAN_POINT('',(-4.822074267886,12.097510874184,11.));
#3818 = VECTOR('',#3819,1.);
#3819 = DIRECTION('',(0.953716950748,0.300705799504,1.167966411026E-16)
  );
#3820 = ORIENTED_EDGE('',*,*,#3821,.T.);
#3821 = EDGE_CURVE('',#3814,#3822,#3824,.T.);
#3822 = VERTEX_POINT('',#3823);
#3823 = CARTESIAN_POINT('',(-2.25742630967,12.802500789159,11.));
#3824 = LINE('',#3825,#3826);
#3825 = CARTESIAN_POINT('',(-3.618677360743,12.500718696619,11.));
#3826 = VECTOR('',#3827,1.);
#3827 = DIRECTION('',(0.97629600712,0.216439613938,1.19561778014E-16));
#3828 = ORIENTED_EDGE('',*,*,#3829,.T.);
#3829 = EDGE_CURVE('',#3822,#3830,#3832,.T.);
#3830 = VERTEX_POINT('',#3831);
#3831 = CARTESIAN_POINT('',(-1.13302465572,12.950531075193,11.));
#3832 = LINE('',#3833,#3834);
#3833 = CARTESIAN_POINT('',(-2.378587486459,12.786549617624,11.));
#3834 = VECTOR('',#3835,1.);
#3835 = DIRECTION('',(0.991444861374,0.13052619222,1.214169776013E-16));
#3836 = ORIENTED_EDGE('',*,*,#3837,.T.);
#3837 = EDGE_CURVE('',#3830,#3838,#3840,.T.);
#3838 = VERTEX_POINT('',#3839);
#3839 = CARTESIAN_POINT('',(-7.960204194458E-16,13.,11.));
#3840 = LINE('',#3841,#3842);
#3841 = CARTESIAN_POINT('',(-1.114170596606,12.951354261191,11.));
#3842 = VECTOR('',#3843,1.);
#3843 = DIRECTION('',(0.999048221582,4.361938736534E-02,
    1.223481206754E-16));
#3844 = ORIENTED_EDGE('',*,*,#3845,.T.);
#3845 = EDGE_CURVE('',#3838,#3846,#3848,.T.);
#3846 = VERTEX_POINT('',#3847);
#3847 = CARTESIAN_POINT('',(1.13302465572,12.950531075193,11.));
#3848 = LINE('',#3849,#3850);
#3849 = CARTESIAN_POINT('',(0.16181073603,12.992935190692,11.));
#3850 = VECTOR('',#3851,1.);
#3851 = DIRECTION('',(0.999048221582,-4.361938736534E-02,
    1.223481206754E-16));
#3852 = ORIENTED_EDGE('',*,*,#3853,.T.);
#3853 = EDGE_CURVE('',#3846,#3854,#3856,.T.);
#3854 = VERTEX_POINT('',#3855);
#3855 = CARTESIAN_POINT('',(2.25742630967,12.802500789159,11.));
#3856 = LINE('',#3857,#3858);
#3857 = CARTESIAN_POINT('',(1.43638984339,12.910592290555,11.));
#3858 = VECTOR('',#3859,1.);
#3859 = DIRECTION('',(0.991444861374,-0.13052619222,1.214169776013E-16)
  );
#3860 = ORIENTED_EDGE('',*,*,#3861,.T.);
#3861 = EDGE_CURVE('',#3854,#3862,#3864,.T.);
#3862 = VERTEX_POINT('',#3863);
#3863 = CARTESIAN_POINT('',(3.364647586333,12.557035741758,11.));
#3864 = LINE('',#3865,#3866);
#3865 = CARTESIAN_POINT('',(2.6965935685,12.705139751869,11.));
#3866 = VECTOR('',#3867,1.);
#3867 = DIRECTION('',(0.97629600712,-0.216439613938,1.19561778014E-16));
#3868 = ORIENTED_EDGE('',*,*,#3869,.T.);
#3869 = EDGE_CURVE('',#3862,#3870,#3872,.T.);
#3870 = VERTEX_POINT('',#3871);
#3871 = CARTESIAN_POINT('',(4.446261863234,12.216004070217,11.));
#3872 = LINE('',#3873,#3874);
#3873 = CARTESIAN_POINT('',(3.929640442621,12.378894178445,11.));
#3874 = VECTOR('',#3875,1.);
#3875 = DIRECTION('',(0.953716950748,-0.300705799504,1.167966411026E-16)
  );
#3876 = ORIENTED_EDGE('',*,*,#3877,.T.);
#3877 = EDGE_CURVE('',#3870,#3878,#3880,.T.);
#3878 = VERTEX_POINT('',#3879);
#3879 = CARTESIAN_POINT('',(5.494037402629,11.782001231476,11.));
#3880 = LINE('',#3881,#3882);
#3881 = CARTESIAN_POINT('',(5.123134903421,11.935634076966,11.));
#3882 = VECTOR('',#3883,1.);
#3883 = DIRECTION('',(0.923879532511,-0.382683432365,1.131426112288E-16)
  );
#3884 = ORIENTED_EDGE('',*,*,#3885,.T.);
#3885 = EDGE_CURVE('',#3878,#3886,#3888,.T.);
#3886 = VERTEX_POINT('',#3887);
#3887 = CARTESIAN_POINT('',(6.5,11.258330249198,11.));
#3888 = LINE('',#3889,#3890);
#3889 = CARTESIAN_POINT('',(6.26525313046,11.3805317347,11.));
#3890 = VECTOR('',#3891,1.);
#3891 = DIRECTION('',(0.887010833178,-0.461748613235,1.086274977661E-16)
  );
#3892 = ORIENTED_EDGE('',*,*,#3893,.T.);
#3893 = EDGE_CURVE('',#3886,#3894,#3896,.T.);
#3894 = VERTEX_POINT('',#3895);
#3895 = CARTESIAN_POINT('',(7.456493672564,10.648976575757,11.));
#3896 = LINE('',#3897,#3898);
#3897 = CARTESIAN_POINT('',(7.344916303558,10.72005919933,11.));
#3898 = VECTOR('',#3899,1.);
#3899 = DIRECTION('',(0.843391445813,-0.537299608347,1.032856634543E-16)
  );
#3900 = ORIENTED_EDGE('',*,*,#3901,.T.);
#3901 = EDGE_CURVE('',#3894,#3902,#3904,.T.);
#3902 = VERTEX_POINT('',#3903);
#3903 = CARTESIAN_POINT('',(8.356238925925,9.958577760547,11.));
#3904 = LINE('',#3905,#3906);
#3905 = CARTESIAN_POINT('',(8.351947435267,9.961870737147,11.));
#3906 = VECTOR('',#3907,1.);
#3907 = DIRECTION('',(0.793353340291,-0.608761429009,9.715776287805E-17)
  );
#3908 = ORIENTED_EDGE('',*,*,#3909,.T.);
#3909 = EDGE_CURVE('',#3902,#3910,#3912,.T.);
#3910 = VERTEX_POINT('',#3911);
#3911 = CARTESIAN_POINT('',(9.192388155425,9.192388155425,11.));
#3912 = LINE('',#3913,#3914);
#3913 = CARTESIAN_POINT('',(9.277208380503,9.114664738999,11.));
#3914 = VECTOR('',#3915,1.);
#3915 = DIRECTION('',(0.73727733681,-0.675590207616,9.029043306084E-17)
  );
#3916 = ORIENTED_EDGE('',*,*,#3917,.T.);
#3917 = EDGE_CURVE('',#3910,#3918,#3920,.T.);
#3918 = VERTEX_POINT('',#3919);
#3919 = CARTESIAN_POINT('',(9.958577760547,8.356238925925,11.));
#3920 = LINE('',#3921,#3922);
#3921 = CARTESIAN_POINT('',(10.112714171006,8.188028550867,11.));
#3922 = VECTOR('',#3923,1.);
#3923 = DIRECTION('',(0.675590207616,-0.73727733681,8.273593852918E-17)
  );
#3924 = ORIENTED_EDGE('',*,*,#3925,.T.);
#3925 = EDGE_CURVE('',#3918,#3926,#3928,.T.);
#3926 = VERTEX_POINT('',#3927);
#3927 = CARTESIAN_POINT('',(10.648976575757,7.456493672564,11.));
#3928 = LINE('',#3929,#3930);
#3929 = CARTESIAN_POINT('',(10.851722443626,7.192270113318,11.));
#3930 = VECTOR('',#3931,1.);
#3931 = DIRECTION('',(0.608761429009,-0.793353340291,7.455177354799E-17)
  );
#3932 = ORIENTED_EDGE('',*,*,#3933,.T.);
#3933 = EDGE_CURVE('',#3926,#3934,#3936,.T.);
#3934 = VERTEX_POINT('',#3935);
#3935 = CARTESIAN_POINT('',(11.258330249198,6.5,11.));
#3936 = LINE('',#3937,#3938);
#3937 = CARTESIAN_POINT('',(11.488796411083,6.138240589674,11.));
#3938 = VECTOR('',#3939,1.);
#3939 = DIRECTION('',(0.537299608347,-0.843391445813,6.580022455451E-17)
  );
#3940 = ORIENTED_EDGE('',*,*,#3941,.T.);
#3941 = EDGE_CURVE('',#3934,#3942,#3944,.T.);
#3942 = VERTEX_POINT('',#3943);
#3943 = CARTESIAN_POINT('',(11.782001231476,5.494037402629,11.));
#3944 = LINE('',#3945,#3946);
#3945 = CARTESIAN_POINT('',(12.019840541746,5.03715233851,11.));
#3946 = VECTOR('',#3947,1.);
#3947 = DIRECTION('',(0.461748613235,-0.887010833178,5.65478961209E-17)
  );
#3948 = ORIENTED_EDGE('',*,*,#3949,.T.);
#3949 = EDGE_CURVE('',#3942,#3950,#3952,.T.);
#3950 = VERTEX_POINT('',#3951);
#3951 = CARTESIAN_POINT('',(12.216004070217,4.446261863234,11.));
#3952 = LINE('',#3953,#3954);
#3953 = CARTESIAN_POINT('',(12.442108850003,3.900396637358,11.));
#3954 = VECTOR('',#3955,1.);
#3955 = DIRECTION('',(0.382683432365,-0.923879532511,4.686520405326E-17)
  );
#3956 = ORIENTED_EDGE('',*,*,#3957,.T.);
#3957 = EDGE_CURVE('',#3950,#3958,#3960,.T.);
#3958 = VERTEX_POINT('',#3959);
#3959 = CARTESIAN_POINT('',(12.530802536255,3.447848684556,11.));
#3960 = LINE('',#3961,#3962);
#3961 = CARTESIAN_POINT('',(12.754186429302,2.739365490436,11.));
#3962 = VECTOR('',#3963,1.);
#3963 = DIRECTION('',(0.300705799504,-0.953716950748,3.68258394848E-17)
  );
#3964 = ORIENTED_EDGE('',*,*,#3965,.T.);
#3965 = EDGE_CURVE('',#3958,#3966,#3968,.T.);
#3966 = VERTEX_POINT('',#3967);
#3967 = CARTESIAN_POINT('',(10.62518408918,2.847009496128,11.));
#3968 = CIRCLE('',#3969,1.);
#3969 = AXIS2_PLACEMENT_3D('',#3970,#3971,#3972);
#3970 = CARTESIAN_POINT('',(11.591109915469,3.10582854123,11.));
#3971 = DIRECTION('',(1.224646799147E-16,0.,-1.));
#3972 = DIRECTION('',(-1.,0.,-1.224646799147E-16));
#3973 = ORIENTED_EDGE('',*,*,#3974,.T.);
#3974 = EDGE_CURVE('',#3966,#3975,#3977,.T.);
#3975 = VERTEX_POINT('',#3976);
#3976 = CARTESIAN_POINT('',(10.336618828645,3.762221576582,11.));
#3977 = LINE('',#3978,#3979);
#3978 = CARTESIAN_POINT('',(11.005967215246,1.639319712669,11.));
#3979 = VECTOR('',#3980,1.);
#3980 = DIRECTION('',(-0.300705799504,0.953716950748,-3.68258394848E-17)
  );
#3981 = ORIENTED_EDGE('',*,*,#3982,.T.);
#3982 = EDGE_CURVE('',#3975,#3983,#3985,.T.);
#3983 = VERTEX_POINT('',#3984);
#3984 = CARTESIAN_POINT('',(9.969385657403,4.648800879148,11.));
#3985 = LINE('',#3986,#3987);
#3986 = CARTESIAN_POINT('',(10.796417444676,2.652169521801,11.));
#3987 = VECTOR('',#3988,1.);
#3988 = DIRECTION('',(-0.382683432365,0.923879532511,-4.686520405326E-17
    ));
#3989 = ORIENTED_EDGE('',*,*,#3990,.T.);
#3990 = EDGE_CURVE('',#3983,#3991,#3993,.T.);
#3991 = VERTEX_POINT('',#3992);
#3992 = CARTESIAN_POINT('',(9.526279441629,5.5,11.));
#3993 = LINE('',#3994,#3995);
#3994 = CARTESIAN_POINT('',(10.489201650438,3.650243647214,11.));
#3995 = VECTOR('',#3996,1.);
#3996 = DIRECTION('',(-0.461748613235,0.887010833178,-5.65478961209E-17)
  );
#3997 = ORIENTED_EDGE('',*,*,#3998,.T.);
#3998 = EDGE_CURVE('',#3991,#3999,#4001,.T.);
#3999 = VERTEX_POINT('',#4000);
#4000 = CARTESIAN_POINT('',(9.010672487179,6.309340799862,11.));
#4001 = LINE('',#4002,#4003);
#4002 = CARTESIAN_POINT('',(10.084859119983,4.623205535217,11.));
#4003 = VECTOR('',#4004,1.);
#4004 = DIRECTION('',(-0.537299608347,0.843391445813,-6.580022455451E-17
    ));
#4005 = ORIENTED_EDGE('',*,*,#4006,.T.);
#4006 = EDGE_CURVE('',#3999,#4007,#4009,.T.);
#4007 = VERTEX_POINT('',#4008);
#4008 = CARTESIAN_POINT('',(8.426488874309,7.070663706552,11.));
#4009 = LINE('',#4010,#4011);
#4010 = CARTESIAN_POINT('',(9.585171563238,5.560639027267,11.));
#4011 = VECTOR('',#4012,1.);
#4012 = DIRECTION('',(-0.608761429009,0.793353340291,-7.455177354799E-17
    ));
#4013 = ORIENTED_EDGE('',*,*,#4014,.T.);
#4014 = EDGE_CURVE('',#4007,#4015,#4017,.T.);
#4015 = VERTEX_POINT('',#4016);
#4016 = CARTESIAN_POINT('',(7.778174593052,7.778174593052,11.));
#4017 = LINE('',#4018,#4019);
#4018 = CARTESIAN_POINT('',(8.993188918295,6.452219130993,11.));
#4019 = VECTOR('',#4020,1.);
#4020 = DIRECTION('',(-0.675590207616,0.73727733681,-8.273593852918E-17)
  );
#4021 = ORIENTED_EDGE('',*,*,#4022,.T.);
#4022 = EDGE_CURVE('',#4015,#4023,#4025,.T.);
#4023 = VERTEX_POINT('',#4024);
#4024 = CARTESIAN_POINT('',(7.070663706552,8.426488874309,11.));
#4025 = LINE('',#4026,#4027);
#4026 = CARTESIAN_POINT('',(8.31322901863,7.287887543099,11.));
#4027 = VECTOR('',#4028,1.);
#4028 = DIRECTION('',(-0.73727733681,0.675590207616,-9.029043306084E-17)
  );
#4029 = ORIENTED_EDGE('',*,*,#4030,.T.);
#4030 = EDGE_CURVE('',#4023,#4031,#4033,.T.);
#4031 = VERTEX_POINT('',#4032);
#4032 = CARTESIAN_POINT('',(6.309340799862,9.010672487179,11.));
#4033 = LINE('',#4034,#4035);
#4034 = CARTESIAN_POINT('',(7.550850429242,8.058028642719,11.));
#4035 = VECTOR('',#4036,1.);
#4036 = DIRECTION('',(-0.793353340291,0.608761429009,-9.715776287805E-17
    ));
#4037 = ORIENTED_EDGE('',*,*,#4038,.T.);
#4038 = EDGE_CURVE('',#4031,#4039,#4041,.T.);
#4039 = VERTEX_POINT('',#4040);
#4040 = CARTESIAN_POINT('',(5.5,9.526279441629,11.));
#4041 = LINE('',#4042,#4043);
#4042 = CARTESIAN_POINT('',(6.712798485313,8.753641594283,11.));
#4043 = VECTOR('',#4044,1.);
#4044 = DIRECTION('',(-0.843391445813,0.537299608347,-1.032856634543E-16
    ));
#4045 = ORIENTED_EDGE('',*,*,#4046,.T.);
#4046 = EDGE_CURVE('',#4039,#4047,#4049,.T.);
#4047 = VERTEX_POINT('',#4048);
#4048 = CARTESIAN_POINT('',(4.648800879148,9.969385657403,11.));
#4049 = LINE('',#4050,#4051);
#4050 = CARTESIAN_POINT('',(5.806925298275,9.366504244366,11.));
#4051 = VECTOR('',#4052,1.);
#4052 = DIRECTION('',(-0.887010833178,0.461748613235,-1.086274977661E-16
    ));
#4053 = ORIENTED_EDGE('',*,*,#4054,.T.);
#4054 = EDGE_CURVE('',#4047,#4055,#4057,.T.);
#4055 = VERTEX_POINT('',#4056);
#4056 = CARTESIAN_POINT('',(3.762221576582,10.336618828645,11.));
#4057 = LINE('',#4058,#4059);
#4058 = CARTESIAN_POINT('',(4.842085208845,9.889324666648,11.));
#4059 = VECTOR('',#4060,1.);
#4060 = DIRECTION('',(-0.923879532511,0.382683432365,-1.131426112288E-16
    ));
#4061 = ORIENTED_EDGE('',*,*,#4062,.T.);
#4062 = EDGE_CURVE('',#4055,#4063,#4065,.T.);
#4063 = VERTEX_POINT('',#4064);
#4064 = CARTESIAN_POINT('',(2.847009496128,10.62518408918,11.));
#4065 = LINE('',#4066,#4067);
#4066 = CARTESIAN_POINT('',(3.828007843532,10.315876498351,11.));
#4067 = VECTOR('',#4068,1.);
#4068 = DIRECTION('',(-0.953716950748,0.300705799504,-1.167966411026E-16
    ));
#4069 = ORIENTED_EDGE('',*,*,#4070,.T.);
#4070 = EDGE_CURVE('',#4063,#4071,#4073,.T.);
#4071 = VERTEX_POINT('',#4072);
#4072 = CARTESIAN_POINT('',(1.910129954336,10.832885283134,11.));
#4073 = LINE('',#4074,#4075);
#4074 = CARTESIAN_POINT('',(2.775151550344,10.641114612228,11.));
#4075 = VECTOR('',#4076,1.);
#4076 = DIRECTION('',(-0.97629600712,0.216439613938,-1.19561778014E-16)
  );
#4077 = ORIENTED_EDGE('',*,*,#4078,.T.);
#4078 = EDGE_CURVE('',#4071,#4079,#4081,.T.);
#4079 = VERTEX_POINT('',#4080);
#4080 = CARTESIAN_POINT('',(0.958713170224,10.958141679009,11.));
#4081 = LINE('',#4082,#4083);
#4082 = CARTESIAN_POINT('',(1.694540532491,10.861268168974,11.));
#4083 = VECTOR('',#4084,1.);
#4084 = DIRECTION('',(-0.991444861374,0.13052619222,-1.214169776013E-16)
  );
#4085 = ORIENTED_EDGE('',*,*,#4086,.T.);
#4086 = EDGE_CURVE('',#4079,#4087,#4089,.T.);
#4087 = VERTEX_POINT('',#4088);
#4088 = CARTESIAN_POINT('',(-6.73555739531E-16,11.,11.));
#4089 = LINE('',#4090,#4091);
#4090 = CARTESIAN_POINT('',(0.597589449768,10.973908681151,11.));
#4091 = VECTOR('',#4092,1.);
#4092 = DIRECTION('',(-0.999048221582,4.361938736534E-02,
    -1.223481206754E-16));
#4093 = ORIENTED_EDGE('',*,*,#4094,.T.);
#4094 = EDGE_CURVE('',#4087,#4095,#4097,.T.);
#4095 = VERTEX_POINT('',#4096);
#4096 = CARTESIAN_POINT('',(-0.958713170224,10.958141679009,11.));
#4097 = LINE('',#4098,#4099);
#4098 = CARTESIAN_POINT('',(-0.504080397373,10.977991374549,11.));
#4099 = VECTOR('',#4100,1.);
#4100 = DIRECTION('',(-0.999048221582,-4.361938736534E-02,
    -1.223481206754E-16));
#4101 = ORIENTED_EDGE('',*,*,#4102,.T.);
#4102 = EDGE_CURVE('',#4095,#4103,#4105,.T.);
#4103 = VERTEX_POINT('',#4104);
#4104 = CARTESIAN_POINT('',(-1.910129954336,10.832885283134,11.));
#4105 = LINE('',#4106,#4107);
#4106 = CARTESIAN_POINT('',(-1.598828956529,10.873868836997,11.));
#4107 = VECTOR('',#4108,1.);
#4108 = DIRECTION('',(-0.991444861374,-0.13052619222,-1.214169776013E-16
    ));
#4109 = ORIENTED_EDGE('',*,*,#4110,.T.);
#4110 = EDGE_CURVE('',#4103,#4111,#4113,.T.);
#4111 = VERTEX_POINT('',#4112);
#4112 = CARTESIAN_POINT('',(-2.847009496128,10.62518408918,11.));
#4113 = LINE('',#4114,#4115);
#4114 = CARTESIAN_POINT('',(-2.67518493336,10.663276677656,11.));
#4115 = VECTOR('',#4116,1.);
#4116 = DIRECTION('',(-0.97629600712,-0.216439613938,-1.19561778014E-16)
  );
#4117 = ORIENTED_EDGE('',*,*,#4118,.T.);
#4118 = EDGE_CURVE('',#4111,#4119,#4121,.T.);
#4119 = VERTEX_POINT('',#4120);
#4120 = CARTESIAN_POINT('',(-3.762221576582,10.336618828645,11.));
#4121 = LINE('',#4122,#4123);
#4122 = CARTESIAN_POINT('',(-3.722028490119,10.349291660128,11.));
#4123 = VECTOR('',#4124,1.);
#4124 = DIRECTION('',(-0.953716950748,-0.300705799504,
    -1.167966411026E-16));
#4125 = ORIENTED_EDGE('',*,*,#4126,.T.);
#4126 = EDGE_CURVE('',#4119,#4127,#4129,.T.);
#4127 = VERTEX_POINT('',#4128);
#4128 = CARTESIAN_POINT('',(-4.648800879148,9.969385657403,11.));
#4129 = LINE('',#4130,#4131);
#4130 = CARTESIAN_POINT('',(-4.728764843742,9.936263498767,11.));
#4131 = VECTOR('',#4132,1.);
#4132 = DIRECTION('',(-0.923879532511,-0.382683432365,
    -1.131426112288E-16));
#4133 = ORIENTED_EDGE('',*,*,#4134,.T.);
#4134 = EDGE_CURVE('',#4127,#4135,#4137,.T.);
#4135 = VERTEX_POINT('',#4136);
#4136 = CARTESIAN_POINT('',(-5.5,9.526279441629,11.));
#4137 = LINE('',#4138,#4139);
#4138 = CARTESIAN_POINT('',(-5.685484739017,9.429722198116,11.));
#4139 = VECTOR('',#4140,1.);
#4140 = DIRECTION('',(-0.887010833178,-0.461748613235,
    -1.086274977661E-16));
#4141 = ORIENTED_EDGE('',*,*,#4142,.T.);
#4142 = EDGE_CURVE('',#4135,#4143,#4145,.T.);
#4143 = VERTEX_POINT('',#4144);
#4144 = CARTESIAN_POINT('',(-6.309340799862,9.010672487179,11.));
#4145 = LINE('',#4146,#4147);
#4146 = CARTESIAN_POINT('',(-6.583108149609,8.836263450275,11.));
#4147 = VECTOR('',#4148,1.);
#4148 = DIRECTION('',(-0.843391445813,-0.537299608347,
    -1.032856634543E-16));
#4149 = ORIENTED_EDGE('',*,*,#4150,.T.);
#4150 = EDGE_CURVE('',#4143,#4151,#4153,.T.);
#4151 = VERTEX_POINT('',#4152);
#4152 = CARTESIAN_POINT('',(-7.070663706552,8.426488874309,11.));
#4153 = LINE('',#4154,#4155);
#4154 = CARTESIAN_POINT('',(-7.413508038489,8.163415165738,11.));
#4155 = VECTOR('',#4156,1.);
#4156 = DIRECTION('',(-0.793353340291,-0.608761429009,
    -9.715776287805E-17));
#4157 = ORIENTED_EDGE('',*,*,#4158,.T.);
#4158 = EDGE_CURVE('',#4151,#4159,#4161,.T.);
#4159 = VERTEX_POINT('',#4160);
#4160 = CARTESIAN_POINT('',(-7.778174593052,7.778174593052,11.));
#4161 = LINE('',#4162,#4163);
#4162 = CARTESIAN_POINT('',(-8.169611575155,7.419488683688,11.));
#4163 = VECTOR('',#4164,1.);
#4164 = DIRECTION('',(-0.73727733681,-0.675590207616,-9.029043306084E-17
    ));
#4165 = ORIENTED_EDGE('',*,*,#4166,.T.);
#4166 = EDGE_CURVE('',#4159,#4167,#4169,.T.);
#4167 = VERTEX_POINT('',#4168);
#4168 = CARTESIAN_POINT('',(-8.426488874309,7.070663706552,11.));
#4169 = LINE('',#4170,#4171);
#4170 = CARTESIAN_POINT('',(-8.845476843247,6.613418574204,11.));
#4171 = VECTOR('',#4172,1.);
#4172 = DIRECTION('',(-0.675590207616,-0.73727733681,-8.273593852918E-17
    ));
#4173 = ORIENTED_EDGE('',*,*,#4174,.T.);
#4174 = EDGE_CURVE('',#4167,#4175,#4177,.T.);
#4175 = VERTEX_POINT('',#4176);
#4176 = CARTESIAN_POINT('',(-9.010672487179,6.309340799862,11.));
#4177 = LINE('',#4178,#4179);
#4178 = CARTESIAN_POINT('',(-9.436343759567,5.754595197196,11.));
#4179 = VECTOR('',#4180,1.);
#4180 = DIRECTION('',(-0.608761429009,-0.793353340291,
    -7.455177354799E-17));
#4181 = ORIENTED_EDGE('',*,*,#4182,.T.);
#4182 = EDGE_CURVE('',#4175,#4183,#4185,.T.);
#4183 = VERTEX_POINT('',#4184);
#4184 = CARTESIAN_POINT('',(-9.526279441629,5.5,11.));
#4185 = LINE('',#4186,#4187);
#4186 = CARTESIAN_POINT('',(-9.938658643886,4.852694313914,11.));
#4187 = VECTOR('',#4188,1.);
#4188 = DIRECTION('',(-0.537299608347,-0.843391445813,
    -6.580022455451E-17));
#4189 = ORIENTED_EDGE('',*,*,#4190,.T.);
#4190 = EDGE_CURVE('',#4183,#3699,#4191,.T.);
#4191 = LINE('',#4192,#4193);
#4192 = CARTESIAN_POINT('',(-10.35007260673,3.917508053503,11.));
#4193 = VECTOR('',#4194,1.);
#4194 = DIRECTION('',(-0.461748613235,-0.887010833178,-5.65478961209E-17
    ));
#4195 = PLANE('',#4196);
#4196 = AXIS2_PLACEMENT_3D('',#4197,#4198,#4199);
#4197 = CARTESIAN_POINT('',(-0.386583065355,-3.28048783498,11.));
#4198 = DIRECTION('',(-1.224646799147E-16,-0.,1.));
#4199 = DIRECTION('',(1.,0.,1.224646799147E-16));
#4200 = ADVANCED_FACE('',(#4201),#4226,.T.);
#4201 = FACE_BOUND('',#4202,.F.);
#4202 = EDGE_LOOP('',(#4203,#4204,#4205,#4225));
#4203 = ORIENTED_EDGE('',*,*,#2416,.T.);
#4204 = ORIENTED_EDGE('',*,*,#2454,.T.);
#4205 = ORIENTED_EDGE('',*,*,#4206,.T.);
#4206 = EDGE_CURVE('',#2455,#2743,#4207,.T.);
#4207 = B_SPLINE_CURVE_WITH_KNOTS('',6,(#4208,#4209,#4210,#4211,#4212,
    #4213,#4214,#4215,#4216,#4217,#4218,#4219,#4220,#4221,#4222,#4223,
    #4224),.UNSPECIFIED.,.F.,.F.,(7,5,5,7),(0.,0.278927787637,
    0.562764833867,1.),.UNSPECIFIED.);
#4208 = CARTESIAN_POINT('',(10.631089015392,-15.98811891208,10.55));
#4209 = CARTESIAN_POINT('',(10.631089015392,-15.98811891208,
    10.584132250528));
#4210 = CARTESIAN_POINT('',(10.632406057515,-15.98351247924,
    10.618266910399));
#4211 = CARTESIAN_POINT('',(10.635040221712,-15.9742980537,
    10.651997496294));
#4212 = CARTESIAN_POINT('',(10.638971533814,-15.96058538194,
    10.68492881531));
#4213 = CARTESIAN_POINT('',(10.644162453713,-15.94257720581,
    10.716697326481));
#4214 = CARTESIAN_POINT('',(10.657070879566,-15.89813702531,
    10.777818869657));
#4215 = CARTESIAN_POINT('',(10.664831849479,-15.87155998143,
    10.80712237274));
#4216 = CARTESIAN_POINT('',(10.673788372524,-15.8411093194,
    10.834574144139));
#4217 = CARTESIAN_POINT('',(10.683872655288,-15.80713990479,
    10.859911843359));
#4218 = CARTESIAN_POINT('',(10.695007547886,-15.77004293319,
    10.882935492601));
#4219 = CARTESIAN_POINT('',(10.725753357228,-15.66886709821,
    10.935189434409));
#4220 = CARTESIAN_POINT('',(10.746692242955,-15.60104328782,
    10.961048106373));
#4221 = CARTESIAN_POINT('',(10.769626539886,-15.52819351917,
    10.980569189951));
#4222 = CARTESIAN_POINT('',(10.794223935149,-15.45181064119,
    10.993553374052));
#4223 = CARTESIAN_POINT('',(10.820128108589,-15.37329203722,
    11.000000030326));
#4224 = CARTESIAN_POINT('',(10.846924193293,-15.29400979288,11.));
#4225 = ORIENTED_EDGE('',*,*,#2751,.F.);
#4226 = TOROIDAL_SURFACE('',#4227,4.35,0.45);
#4227 = AXIS2_PLACEMENT_3D('',#4228,#4229,#4230);
#4228 = CARTESIAN_POINT('',(15.,-14.,10.55));
#4229 = DIRECTION('',(-1.224646799147E-16,-0.,1.));
#4230 = DIRECTION('',(-1.,0.,-1.224646799147E-16));
#4231 = ADVANCED_FACE('',(#4232),#4244,.T.);
#4232 = FACE_BOUND('',#4233,.T.);
#4233 = EDGE_LOOP('',(#4234,#4235,#4242,#4243));
#4234 = ORIENTED_EDGE('',*,*,#2463,.F.);
#4235 = ORIENTED_EDGE('',*,*,#4236,.T.);
#4236 = EDGE_CURVE('',#2455,#2496,#4237,.T.);
#4237 = CIRCLE('',#4238,19.2);
#4238 = AXIS2_PLACEMENT_3D('',#4239,#4240,#4241);
#4239 = CARTESIAN_POINT('',(5.510910596163E-17,0.,10.55));
#4240 = DIRECTION('',(1.224646799147E-16,0.,-1.));
#4241 = DIRECTION('',(-1.,0.,-1.224646799147E-16));
#4242 = ORIENTED_EDGE('',*,*,#2495,.T.);
#4243 = ORIENTED_EDGE('',*,*,#2631,.F.);
#4244 = CYLINDRICAL_SURFACE('',#4245,19.2);
#4245 = AXIS2_PLACEMENT_3D('',#4246,#4247,#4248);
#4246 = CARTESIAN_POINT('',(0.,0.,11.));
#4247 = DIRECTION('',(1.224646799147E-16,0.,-1.));
#4248 = DIRECTION('',(-1.,0.,-1.224646799147E-16));
#4249 = ADVANCED_FACE('',(#4250),#4281,.T.);
#4250 = FACE_BOUND('',#4251,.F.);
#4251 = EDGE_LOOP('',(#4252,#4253,#4260,#4261));
#4252 = ORIENTED_EDGE('',*,*,#2503,.T.);
#4253 = ORIENTED_EDGE('',*,*,#4254,.T.);
#4254 = EDGE_CURVE('',#2504,#2725,#4255,.T.);
#4255 = CIRCLE('',#4256,0.45);
#4256 = AXIS2_PLACEMENT_3D('',#4257,#4258,#4259);
#4257 = CARTESIAN_POINT('',(-19.35,-14.,10.55));
#4258 = DIRECTION('',(0.,1.,0.));
#4259 = DIRECTION('',(-1.,0.,-1.224646799147E-16));
#4260 = ORIENTED_EDGE('',*,*,#2733,.F.);
#4261 = ORIENTED_EDGE('',*,*,#4262,.T.);
#4262 = EDGE_CURVE('',#2734,#2496,#4263,.T.);
#4263 = B_SPLINE_CURVE_WITH_KNOTS('',6,(#4264,#4265,#4266,#4267,#4268,
    #4269,#4270,#4271,#4272,#4273,#4274,#4275,#4276,#4277,#4278,#4279,
    #4280),.UNSPECIFIED.,.F.,.F.,(7,5,5,7),(0.,0.437004893626,
    0.722019180685,1.),.UNSPECIFIED.);
#4264 = CARTESIAN_POINT('',(-10.84692419331,-15.29400979287,11.));
#4265 = CARTESIAN_POINT('',(-10.82014222178,-15.3732502801,
    11.000000030183));
#4266 = CARTESIAN_POINT('',(-10.7942512199,-15.45172793808,
    10.993560163534));
#4267 = CARTESIAN_POINT('',(-10.76966540344,-15.52807283753,
    10.980589697313));
#4268 = CARTESIAN_POINT('',(-10.74674056128,-15.60088980938,
    10.961089220142));
#4269 = CARTESIAN_POINT('',(-10.7258085024,-15.66868847972,
    10.935257513051));
#4270 = CARTESIAN_POINT('',(-10.69501233018,-15.7700253454,
    10.882960277939));
#4271 = CARTESIAN_POINT('',(-10.68383106774,-15.80727724636,
    10.859840444212));
#4272 = CARTESIAN_POINT('',(-10.67370923937,-15.84137520924,
    10.834387300139));
#4273 = CARTESIAN_POINT('',(-10.66472495709,-15.87192310509,
    10.806803437629));
#4274 = CARTESIAN_POINT('',(-10.65694680702,-15.89856183105,
    10.777354846467));
#4275 = CARTESIAN_POINT('',(-10.64407448163,-15.94288240057,
    10.716157907197));
#4276 = CARTESIAN_POINT('',(-10.63891823414,-15.96077130051,
    10.684481540886));
#4277 = CARTESIAN_POINT('',(-10.63501343615,-15.97439175258,
    10.651653913623));
#4278 = CARTESIAN_POINT('',(-10.63239712932,-15.98354370298,
    10.618035114909));
#4279 = CARTESIAN_POINT('',(-10.63108901539,-15.98811891208,
    10.584016372177));
#4280 = CARTESIAN_POINT('',(-10.63108901539,-15.98811891208,10.55));
#4281 = TOROIDAL_SURFACE('',#4282,4.35,0.45);
#4282 = AXIS2_PLACEMENT_3D('',#4283,#4284,#4285);
#4283 = CARTESIAN_POINT('',(-15.,-14.,10.55));
#4284 = DIRECTION('',(-1.224646799147E-16,-0.,1.));
#4285 = DIRECTION('',(-1.,0.,-1.224646799147E-16));
#4286 = ADVANCED_FACE('',(#4287),#4293,.T.);
#4287 = FACE_BOUND('',#4288,.F.);
#4288 = EDGE_LOOP('',(#4289,#4290,#4291,#4292));
#4289 = ORIENTED_EDGE('',*,*,#2724,.F.);
#4290 = ORIENTED_EDGE('',*,*,#4254,.F.);
#4291 = ORIENTED_EDGE('',*,*,#2512,.T.);
#4292 = ORIENTED_EDGE('',*,*,#2540,.T.);
#4293 = TOROIDAL_SURFACE('',#4294,4.35,0.45);
#4294 = AXIS2_PLACEMENT_3D('',#4295,#4296,#4297);
#4295 = CARTESIAN_POINT('',(-15.,-14.,10.55));
#4296 = DIRECTION('',(-1.224646799147E-16,-0.,1.));
#4297 = DIRECTION('',(-1.,0.,-1.224646799147E-16));
#4298 = ADVANCED_FACE('',(#4299,#4310),#4313,.F.);
#4299 = FACE_BOUND('',#4300,.F.);
#4300 = EDGE_LOOP('',(#4301));
#4301 = ORIENTED_EDGE('',*,*,#4302,.T.);
#4302 = EDGE_CURVE('',#4303,#4303,#4305,.T.);
#4303 = VERTEX_POINT('',#4304);
#4304 = CARTESIAN_POINT('',(11.85,-14.,10.));
#4305 = CIRCLE('',#4306,3.15);
#4306 = AXIS2_PLACEMENT_3D('',#4307,#4308,#4309);
#4307 = CARTESIAN_POINT('',(15.,-14.,10.));
#4308 = DIRECTION('',(1.224646799147E-16,0.,-1.));
#4309 = DIRECTION('',(-1.,0.,-1.224646799147E-16));
#4310 = FACE_BOUND('',#4311,.F.);
#4311 = EDGE_LOOP('',(#4312));
#4312 = ORIENTED_EDGE('',*,*,#2658,.F.);
#4313 = PLANE('',#4314);
#4314 = AXIS2_PLACEMENT_3D('',#4315,#4316,#4317);
#4315 = CARTESIAN_POINT('',(15.,-14.,10.));
#4316 = DIRECTION('',(1.224646799147E-16,0.,-1.));
#4317 = DIRECTION('',(-1.,0.,-1.224646799147E-16));
#4318 = ADVANCED_FACE('',(#4319,#4330),#4333,.F.);
#4319 = FACE_BOUND('',#4320,.F.);
#4320 = EDGE_LOOP('',(#4321));
#4321 = ORIENTED_EDGE('',*,*,#4322,.T.);
#4322 = EDGE_CURVE('',#4323,#4323,#4325,.T.);
#4323 = VERTEX_POINT('',#4324);
#4324 = CARTESIAN_POINT('',(-18.15,-14.,10.));
#4325 = CIRCLE('',#4326,3.15);
#4326 = AXIS2_PLACEMENT_3D('',#4327,#4328,#4329);
#4327 = CARTESIAN_POINT('',(-15.,-14.,10.));
#4328 = DIRECTION('',(1.224646799147E-16,0.,-1.));
#4329 = DIRECTION('',(-1.,0.,-1.224646799147E-16));
#4330 = FACE_BOUND('',#4331,.F.);
#4331 = EDGE_LOOP('',(#4332));
#4332 = ORIENTED_EDGE('',*,*,#2683,.F.);
#4333 = PLANE('',#4334);
#4334 = AXIS2_PLACEMENT_3D('',#4335,#4336,#4337);
#4335 = CARTESIAN_POINT('',(-15.,-14.,10.));
#4336 = DIRECTION('',(1.224646799147E-16,0.,-1.));
#4337 = DIRECTION('',(-1.,0.,-1.224646799147E-16));
#4338 = ADVANCED_FACE('',(#4339,#4342),#4353,.T.);
#4339 = FACE_BOUND('',#4340,.T.);
#4340 = EDGE_LOOP('',(#4341));
#4341 = ORIENTED_EDGE('',*,*,#2707,.T.);
#4342 = FACE_BOUND('',#4343,.T.);
#4343 = EDGE_LOOP('',(#4344));
#4344 = ORIENTED_EDGE('',*,*,#4345,.F.);
#4345 = EDGE_CURVE('',#4346,#4346,#4348,.T.);
#4346 = VERTEX_POINT('',#4347);
#4347 = CARTESIAN_POINT('',(-16.25,-3.980102097229E-15,6.45));
#4348 = CIRCLE('',#4349,16.25);
#4349 = AXIS2_PLACEMENT_3D('',#4350,#4351,#4352);
#4350 = CARTESIAN_POINT('',(5.57214293612E-16,0.,6.45));
#4351 = DIRECTION('',(1.224646799147E-16,0.,-1.));
#4352 = DIRECTION('',(-1.,0.,-1.224646799147E-16));
#4353 = PLANE('',#4354);
#4354 = AXIS2_PLACEMENT_3D('',#4355,#4356,#4357);
#4355 = CARTESIAN_POINT('',(5.57214293612E-16,0.,6.45));
#4356 = DIRECTION('',(1.224646799147E-16,0.,-1.));
#4357 = DIRECTION('',(-1.,0.,-1.224646799147E-16));
#4358 = ADVANCED_FACE('',(#4359),#4365,.T.);
#4359 = FACE_BOUND('',#4360,.F.);
#4360 = EDGE_LOOP('',(#4361,#4362,#4363,#4364));
#4361 = ORIENTED_EDGE('',*,*,#4206,.F.);
#4362 = ORIENTED_EDGE('',*,*,#4236,.T.);
#4363 = ORIENTED_EDGE('',*,*,#4262,.F.);
#4364 = ORIENTED_EDGE('',*,*,#2742,.F.);
#4365 = TOROIDAL_SURFACE('',#4366,18.75,0.45);
#4366 = AXIS2_PLACEMENT_3D('',#4367,#4368,#4369);
#4367 = CARTESIAN_POINT('',(5.510910596163E-17,0.,10.55));
#4368 = DIRECTION('',(-1.224646799147E-16,-0.,1.));
#4369 = DIRECTION('',(-1.,0.,-1.224646799147E-16));
#4370 = ADVANCED_FACE('',(#4371),#4382,.F.);
#4371 = FACE_BOUND('',#4372,.F.);
#4372 = EDGE_LOOP('',(#4373,#4379,#4380,#4381));
#4373 = ORIENTED_EDGE('',*,*,#4374,.T.);
#4374 = EDGE_CURVE('',#2762,#4323,#4375,.T.);
#4375 = LINE('',#4376,#4377);
#4376 = CARTESIAN_POINT('',(-18.15,-14.,11.1));
#4377 = VECTOR('',#4378,1.);
#4378 = DIRECTION('',(1.224646799147E-16,0.,-1.));
#4379 = ORIENTED_EDGE('',*,*,#4322,.F.);
#4380 = ORIENTED_EDGE('',*,*,#4374,.F.);
#4381 = ORIENTED_EDGE('',*,*,#2761,.T.);
#4382 = CYLINDRICAL_SURFACE('',#4383,3.15);
#4383 = AXIS2_PLACEMENT_3D('',#4384,#4385,#4386);
#4384 = CARTESIAN_POINT('',(-15.,-14.,11.1));
#4385 = DIRECTION('',(1.224646799147E-16,0.,-1.));
#4386 = DIRECTION('',(-1.,0.,-1.224646799147E-16));
#4387 = ADVANCED_FACE('',(#4388),#4399,.F.);
#4388 = FACE_BOUND('',#4389,.F.);
#4389 = EDGE_LOOP('',(#4390,#4396,#4397,#4398));
#4390 = ORIENTED_EDGE('',*,*,#4391,.T.);
#4391 = EDGE_CURVE('',#2773,#4303,#4392,.T.);
#4392 = LINE('',#4393,#4394);
#4393 = CARTESIAN_POINT('',(11.85,-14.,11.1));
#4394 = VECTOR('',#4395,1.);
#4395 = DIRECTION('',(1.224646799147E-16,0.,-1.));
#4396 = ORIENTED_EDGE('',*,*,#4302,.F.);
#4397 = ORIENTED_EDGE('',*,*,#4391,.F.);
#4398 = ORIENTED_EDGE('',*,*,#2772,.T.);
#4399 = CYLINDRICAL_SURFACE('',#4400,3.15);
#4400 = AXIS2_PLACEMENT_3D('',#4401,#4402,#4403);
#4401 = CARTESIAN_POINT('',(15.,-14.,11.1));
#4402 = DIRECTION('',(1.224646799147E-16,0.,-1.));
#4403 = DIRECTION('',(-1.,0.,-1.224646799147E-16));
#4404 = ADVANCED_FACE('',(#4405),#4424,.F.);
#4405 = FACE_BOUND('',#4406,.F.);
#4406 = EDGE_LOOP('',(#4407,#4416,#4422,#4423));
#4407 = ORIENTED_EDGE('',*,*,#4408,.F.);
#4408 = EDGE_CURVE('',#4409,#4409,#4411,.T.);
#4409 = VERTEX_POINT('',#4410);
#4410 = CARTESIAN_POINT('',(-1.65,-4.,9.8));
#4411 = CIRCLE('',#4412,1.65);
#4412 = AXIS2_PLACEMENT_3D('',#4413,#4414,#4415);
#4413 = CARTESIAN_POINT('',(1.469576158977E-16,-4.,9.8));
#4414 = DIRECTION('',(1.224646799147E-16,0.,-1.));
#4415 = DIRECTION('',(-1.,0.,-1.224646799147E-16));
#4416 = ORIENTED_EDGE('',*,*,#4417,.F.);
#4417 = EDGE_CURVE('',#2784,#4409,#4418,.T.);
#4418 = LINE('',#4419,#4420);
#4419 = CARTESIAN_POINT('',(-1.65,-4.,11.1));
#4420 = VECTOR('',#4421,1.);
#4421 = DIRECTION('',(1.224646799147E-16,0.,-1.));
#4422 = ORIENTED_EDGE('',*,*,#2783,.T.);
#4423 = ORIENTED_EDGE('',*,*,#4417,.T.);
#4424 = CYLINDRICAL_SURFACE('',#4425,1.65);
#4425 = AXIS2_PLACEMENT_3D('',#4426,#4427,#4428);
#4426 = CARTESIAN_POINT('',(-1.224646799147E-17,-4.,11.1));
#4427 = DIRECTION('',(1.224646799147E-16,0.,-1.));
#4428 = DIRECTION('',(-1.,0.,-1.224646799147E-16));
#4429 = ADVANCED_FACE('',(#4430),#4455,.T.);
#4430 = FACE_BOUND('',#4431,.T.);
#4431 = EDGE_LOOP('',(#4432,#4433,#4441,#4449));
#4432 = ORIENTED_EDGE('',*,*,#2794,.F.);
#4433 = ORIENTED_EDGE('',*,*,#4434,.T.);
#4434 = EDGE_CURVE('',#2795,#4435,#4437,.T.);
#4435 = VERTEX_POINT('',#4436);
#4436 = CARTESIAN_POINT('',(-2.785116950583,1.950159883594,9.8));
#4437 = LINE('',#4438,#4439);
#4438 = CARTESIAN_POINT('',(-2.785116950583,1.950159883594,11.1));
#4439 = VECTOR('',#4440,1.);
#4440 = DIRECTION('',(1.224646799147E-16,0.,-1.));
#4441 = ORIENTED_EDGE('',*,*,#4442,.F.);
#4442 = EDGE_CURVE('',#4443,#4435,#4445,.T.);
#4443 = VERTEX_POINT('',#4444);
#4444 = CARTESIAN_POINT('',(-2.944486372867,1.7,9.8));
#4445 = LINE('',#4446,#4447);
#4446 = CARTESIAN_POINT('',(-2.824959306154,1.887619912695,9.8));
#4447 = VECTOR('',#4448,1.);
#4448 = DIRECTION('',(0.537299608347,0.843391445813,6.580022455451E-17)
  );
#4449 = ORIENTED_EDGE('',*,*,#4450,.F.);
#4450 = EDGE_CURVE('',#2797,#4443,#4451,.T.);
#4451 = LINE('',#4452,#4453);
#4452 = CARTESIAN_POINT('',(-2.944486372867,1.7,11.1));
#4453 = VECTOR('',#4454,1.);
#4454 = DIRECTION('',(1.224646799147E-16,0.,-1.));
#4455 = PLANE('',#4456);
#4456 = AXIS2_PLACEMENT_3D('',#4457,#4458,#4459);
#4457 = CARTESIAN_POINT('',(-2.785116950583,1.950159883594,11.1));
#4458 = DIRECTION('',(-0.843391445813,0.537299608347,-1.032856634543E-16
    ));
#4459 = DIRECTION('',(-0.537299608347,-0.843391445813,
    -6.580022455451E-17));
#4460 = ADVANCED_FACE('',(#4461),#4479,.T.);
#4461 = FACE_BOUND('',#4462,.T.);
#4462 = EDGE_LOOP('',(#4463,#4464,#4472,#4478));
#4463 = ORIENTED_EDGE('',*,*,#3222,.F.);
#4464 = ORIENTED_EDGE('',*,*,#4465,.T.);
#4465 = EDGE_CURVE('',#3215,#4466,#4468,.T.);
#4466 = VERTEX_POINT('',#4467);
#4467 = CARTESIAN_POINT('',(-2.604551106605,2.185477872934,9.8));
#4468 = LINE('',#4469,#4470);
#4469 = CARTESIAN_POINT('',(-2.604551106605,2.185477872934,11.1));
#4470 = VECTOR('',#4471,1.);
#4471 = DIRECTION('',(1.224646799147E-16,0.,-1.));
#4472 = ORIENTED_EDGE('',*,*,#4473,.F.);
#4473 = EDGE_CURVE('',#4435,#4466,#4474,.T.);
#4474 = LINE('',#4475,#4476);
#4475 = CARTESIAN_POINT('',(-2.649692567599,2.126648375599,9.8));
#4476 = VECTOR('',#4477,1.);
#4477 = DIRECTION('',(0.608761429009,0.793353340291,7.455177354799E-17)
  );
#4478 = ORIENTED_EDGE('',*,*,#4434,.F.);
#4479 = PLANE('',#4480);
#4480 = AXIS2_PLACEMENT_3D('',#4481,#4482,#4483);
#4481 = CARTESIAN_POINT('',(-2.604551106605,2.185477872934,11.1));
#4482 = DIRECTION('',(-0.793353340291,0.608761429009,-9.715776287805E-17
    ));
#4483 = DIRECTION('',(-0.608761429009,-0.793353340291,
    -7.455177354799E-17));
#4484 = ADVANCED_FACE('',(#4485),#4503,.T.);
#4485 = FACE_BOUND('',#4486,.T.);
#4486 = EDGE_LOOP('',(#4487,#4488,#4489,#4497));
#4487 = ORIENTED_EDGE('',*,*,#2804,.F.);
#4488 = ORIENTED_EDGE('',*,*,#4450,.T.);
#4489 = ORIENTED_EDGE('',*,*,#4490,.F.);
#4490 = EDGE_CURVE('',#4491,#4443,#4493,.T.);
#4491 = VERTEX_POINT('',#4492);
#4492 = CARTESIAN_POINT('',(-3.081446475925,1.436902089918,9.8));
#4493 = LINE('',#4494,#4495);
#4494 = CARTESIAN_POINT('',(-2.978726398631,1.63422552248,9.8));
#4495 = VECTOR('',#4496,1.);
#4496 = DIRECTION('',(0.461748613235,0.887010833178,5.65478961209E-17));
#4497 = ORIENTED_EDGE('',*,*,#4498,.F.);
#4498 = EDGE_CURVE('',#2805,#4491,#4499,.T.);
#4499 = LINE('',#4500,#4501);
#4500 = CARTESIAN_POINT('',(-3.081446475925,1.436902089918,11.1));
#4501 = VECTOR('',#4502,1.);
#4502 = DIRECTION('',(1.224646799147E-16,0.,-1.));
#4503 = PLANE('',#4504);
#4504 = AXIS2_PLACEMENT_3D('',#4505,#4506,#4507);
#4505 = CARTESIAN_POINT('',(-2.944486372867,1.7,11.1));
#4506 = DIRECTION('',(-0.887010833178,0.461748613235,-1.086274977661E-16
    ));
#4507 = DIRECTION('',(-0.461748613235,-0.887010833178,-5.65478961209E-17
    ));
#4508 = ADVANCED_FACE('',(#4509),#4527,.T.);
#4509 = FACE_BOUND('',#4510,.T.);
#4510 = EDGE_LOOP('',(#4511,#4512,#4520,#4526));
#4511 = ORIENTED_EDGE('',*,*,#3214,.F.);
#4512 = ORIENTED_EDGE('',*,*,#4513,.T.);
#4513 = EDGE_CURVE('',#3207,#4514,#4516,.T.);
#4514 = VERTEX_POINT('',#4515);
#4515 = CARTESIAN_POINT('',(-2.404163056034,2.404163056034,9.8));
#4516 = LINE('',#4517,#4518);
#4517 = CARTESIAN_POINT('',(-2.404163056034,2.404163056034,11.1));
#4518 = VECTOR('',#4519,1.);
#4519 = DIRECTION('',(1.224646799147E-16,0.,-1.));
#4520 = ORIENTED_EDGE('',*,*,#4521,.F.);
#4521 = EDGE_CURVE('',#4466,#4514,#4522,.T.);
#4522 = LINE('',#4523,#4524);
#4523 = CARTESIAN_POINT('',(-2.454260068677,2.349491760259,9.8));
#4524 = VECTOR('',#4525,1.);
#4525 = DIRECTION('',(0.675590207616,0.73727733681,8.273593852918E-17));
#4526 = ORIENTED_EDGE('',*,*,#4465,.F.);
#4527 = PLANE('',#4528);
#4528 = AXIS2_PLACEMENT_3D('',#4529,#4530,#4531);
#4529 = CARTESIAN_POINT('',(-2.404163056034,2.404163056034,11.1));
#4530 = DIRECTION('',(-0.73727733681,0.675590207616,-9.029043306084E-17)
  );
#4531 = DIRECTION('',(-0.675590207616,-0.73727733681,-8.273593852918E-17
    ));
#4532 = ADVANCED_FACE('',(#4533),#4552,.F.);
#4533 = FACE_BOUND('',#4534,.F.);
#4534 = EDGE_LOOP('',(#4535,#4536,#4544,#4551));
#4535 = ORIENTED_EDGE('',*,*,#2812,.T.);
#4536 = ORIENTED_EDGE('',*,*,#4537,.T.);
#4537 = EDGE_CURVE('',#2813,#4538,#4540,.T.);
#4538 = VERTEX_POINT('',#4539);
#4539 = CARTESIAN_POINT('',(-4.676546347664,2.267258525485,9.8));
#4540 = LINE('',#4541,#4542);
#4541 = CARTESIAN_POINT('',(-4.676546347664,2.267258525485,11.1));
#4542 = VECTOR('',#4543,1.);
#4543 = DIRECTION('',(1.224646799147E-16,0.,-1.));
#4544 = ORIENTED_EDGE('',*,*,#4545,.F.);
#4545 = EDGE_CURVE('',#4491,#4538,#4546,.T.);
#4546 = CIRCLE('',#4547,0.9);
#4547 = AXIS2_PLACEMENT_3D('',#4548,#4549,#4550);
#4548 = CARTESIAN_POINT('',(-3.897123484258,1.817258525485,9.8));
#4549 = DIRECTION('',(1.224646799147E-16,0.,-1.));
#4550 = DIRECTION('',(-1.,0.,-1.224646799147E-16));
#4551 = ORIENTED_EDGE('',*,*,#4498,.F.);
#4552 = CYLINDRICAL_SURFACE('',#4553,0.9);
#4553 = AXIS2_PLACEMENT_3D('',#4554,#4555,#4556);
#4554 = CARTESIAN_POINT('',(-3.897123484258,1.817258525485,11.1));
#4555 = DIRECTION('',(1.224646799147E-16,0.,-1.));
#4556 = DIRECTION('',(-1.,0.,-1.224646799147E-16));
#4557 = ADVANCED_FACE('',(#4558),#4576,.T.);
#4558 = FACE_BOUND('',#4559,.T.);
#4559 = EDGE_LOOP('',(#4560,#4561,#4569,#4575));
#4560 = ORIENTED_EDGE('',*,*,#3206,.F.);
#4561 = ORIENTED_EDGE('',*,*,#4562,.T.);
#4562 = EDGE_CURVE('',#3199,#4563,#4565,.T.);
#4563 = VERTEX_POINT('',#4564);
#4564 = CARTESIAN_POINT('',(-2.185477872934,2.604551106605,9.8));
#4565 = LINE('',#4566,#4567);
#4566 = CARTESIAN_POINT('',(-2.185477872934,2.604551106605,11.1));
#4567 = VECTOR('',#4568,1.);
#4568 = DIRECTION('',(1.224646799147E-16,0.,-1.));
#4569 = ORIENTED_EDGE('',*,*,#4570,.F.);
#4570 = EDGE_CURVE('',#4514,#4563,#4571,.T.);
#4571 = LINE('',#4572,#4573);
#4572 = CARTESIAN_POINT('',(-2.240149168709,2.554454093962,9.8));
#4573 = VECTOR('',#4574,1.);
#4574 = DIRECTION('',(0.73727733681,0.675590207616,9.029043306084E-17));
#4575 = ORIENTED_EDGE('',*,*,#4513,.F.);
#4576 = PLANE('',#4577);
#4577 = AXIS2_PLACEMENT_3D('',#4578,#4579,#4580);
#4578 = CARTESIAN_POINT('',(-2.185477872934,2.604551106605,11.1));
#4579 = DIRECTION('',(-0.675590207616,0.73727733681,-8.273593852918E-17)
  );
#4580 = DIRECTION('',(-0.73727733681,-0.675590207616,-9.029043306084E-17
    ));
#4581 = ADVANCED_FACE('',(#4582),#4600,.T.);
#4582 = FACE_BOUND('',#4583,.T.);
#4583 = EDGE_LOOP('',(#4584,#4585,#4586,#4594));
#4584 = ORIENTED_EDGE('',*,*,#2821,.F.);
#4585 = ORIENTED_EDGE('',*,*,#4537,.T.);
#4586 = ORIENTED_EDGE('',*,*,#4587,.F.);
#4587 = EDGE_CURVE('',#4588,#4538,#4590,.T.);
#4588 = VERTEX_POINT('',#4589);
#4589 = CARTESIAN_POINT('',(-4.503332099679,2.6,9.8));
#4590 = LINE('',#4591,#4592);
#4591 = CARTESIAN_POINT('',(-4.660433394363,2.298211220789,9.8));
#4592 = VECTOR('',#4593,1.);
#4593 = DIRECTION('',(-0.461748613235,-0.887010833178,-5.65478961209E-17
    ));
#4594 = ORIENTED_EDGE('',*,*,#4595,.F.);
#4595 = EDGE_CURVE('',#2822,#4588,#4596,.T.);
#4596 = LINE('',#4597,#4598);
#4597 = CARTESIAN_POINT('',(-4.503332099679,2.6,11.1));
#4598 = VECTOR('',#4599,1.);
#4599 = DIRECTION('',(1.224646799147E-16,0.,-1.));
#4600 = PLANE('',#4601);
#4601 = AXIS2_PLACEMENT_3D('',#4602,#4603,#4604);
#4602 = CARTESIAN_POINT('',(-4.712800492591,2.197614961052,11.1));
#4603 = DIRECTION('',(0.887010833178,-0.461748613235,1.086274977661E-16)
  );
#4604 = DIRECTION('',(0.461748613235,0.887010833178,5.65478961209E-17));
#4605 = ADVANCED_FACE('',(#4606),#4624,.T.);
#4606 = FACE_BOUND('',#4607,.T.);
#4607 = EDGE_LOOP('',(#4608,#4609,#4617,#4623));
#4608 = ORIENTED_EDGE('',*,*,#3198,.F.);
#4609 = ORIENTED_EDGE('',*,*,#4610,.T.);
#4610 = EDGE_CURVE('',#3191,#4611,#4613,.T.);
#4611 = VERTEX_POINT('',#4612);
#4612 = CARTESIAN_POINT('',(-1.950159883594,2.785116950583,9.8));
#4613 = LINE('',#4614,#4615);
#4614 = CARTESIAN_POINT('',(-1.950159883594,2.785116950583,11.1));
#4615 = VECTOR('',#4616,1.);
#4616 = DIRECTION('',(1.224646799147E-16,0.,-1.));
#4617 = ORIENTED_EDGE('',*,*,#4618,.F.);
#4618 = EDGE_CURVE('',#4563,#4611,#4619,.T.);
#4619 = LINE('',#4620,#4621);
#4620 = CARTESIAN_POINT('',(-2.008989380929,2.739975489588,9.8));
#4621 = VECTOR('',#4622,1.);
#4622 = DIRECTION('',(0.793353340291,0.608761429009,9.715776287805E-17)
  );
#4623 = ORIENTED_EDGE('',*,*,#4562,.F.);
#4624 = PLANE('',#4625);
#4625 = AXIS2_PLACEMENT_3D('',#4626,#4627,#4628);
#4626 = CARTESIAN_POINT('',(-1.950159883594,2.785116950583,11.1));
#4627 = DIRECTION('',(-0.608761429009,0.793353340291,-7.455177354799E-17
    ));
#4628 = DIRECTION('',(-0.793353340291,-0.608761429009,
    -9.715776287805E-17));
#4629 = ADVANCED_FACE('',(#4630),#4648,.T.);
#4630 = FACE_BOUND('',#4631,.T.);
#4631 = EDGE_LOOP('',(#4632,#4633,#4634,#4642));
#4632 = ORIENTED_EDGE('',*,*,#2829,.F.);
#4633 = ORIENTED_EDGE('',*,*,#4595,.T.);
#4634 = ORIENTED_EDGE('',*,*,#4635,.F.);
#4635 = EDGE_CURVE('',#4636,#4588,#4638,.T.);
#4636 = VERTEX_POINT('',#4637);
#4637 = CARTESIAN_POINT('',(-4.259590630303,2.982597469025,9.8));
#4638 = LINE('',#4639,#4640);
#4639 = CARTESIAN_POINT('',(-4.442396732335,2.695649367256,9.8));
#4640 = VECTOR('',#4641,1.);
#4641 = DIRECTION('',(-0.537299608347,-0.843391445813,
    -6.580022455451E-17));
#4642 = ORIENTED_EDGE('',*,*,#4643,.F.);
#4643 = EDGE_CURVE('',#2830,#4636,#4644,.T.);
#4644 = LINE('',#4645,#4646);
#4645 = CARTESIAN_POINT('',(-4.259590630303,2.982597469025,11.1));
#4646 = VECTOR('',#4647,1.);
#4647 = DIRECTION('',(1.224646799147E-16,0.,-1.));
#4648 = PLANE('',#4649);
#4649 = AXIS2_PLACEMENT_3D('',#4650,#4651,#4652);
#4650 = CARTESIAN_POINT('',(-4.503332099679,2.6,11.1));
#4651 = DIRECTION('',(0.843391445813,-0.537299608347,1.032856634543E-16)
  );
#4652 = DIRECTION('',(0.537299608347,0.843391445813,6.580022455451E-17)
  );
#4653 = ADVANCED_FACE('',(#4654),#4672,.T.);
#4654 = FACE_BOUND('',#4655,.T.);
#4655 = EDGE_LOOP('',(#4656,#4657,#4665,#4671));
#4656 = ORIENTED_EDGE('',*,*,#3190,.F.);
#4657 = ORIENTED_EDGE('',*,*,#4658,.T.);
#4658 = EDGE_CURVE('',#3183,#4659,#4661,.T.);
#4659 = VERTEX_POINT('',#4660);
#4660 = CARTESIAN_POINT('',(-1.7,2.944486372867,9.8));
#4661 = LINE('',#4662,#4663);
#4662 = CARTESIAN_POINT('',(-1.7,2.944486372867,11.1));
#4663 = VECTOR('',#4664,1.);
#4664 = DIRECTION('',(1.224646799147E-16,0.,-1.));
#4665 = ORIENTED_EDGE('',*,*,#4666,.F.);
#4666 = EDGE_CURVE('',#4611,#4659,#4667,.T.);
#4667 = LINE('',#4668,#4669);
#4668 = CARTESIAN_POINT('',(-1.762539970898,2.904644017296,9.8));
#4669 = VECTOR('',#4670,1.);
#4670 = DIRECTION('',(0.843391445813,0.537299608347,1.032856634543E-16)
  );
#4671 = ORIENTED_EDGE('',*,*,#4610,.F.);
#4672 = PLANE('',#4673);
#4673 = AXIS2_PLACEMENT_3D('',#4674,#4675,#4676);
#4674 = CARTESIAN_POINT('',(-1.7,2.944486372867,11.1));
#4675 = DIRECTION('',(-0.537299608347,0.843391445813,-6.580022455451E-17
    ));
#4676 = DIRECTION('',(-0.843391445813,-0.537299608347,
    -1.032856634543E-16));
#4677 = ADVANCED_FACE('',(#4678),#4696,.T.);
#4678 = FACE_BOUND('',#4679,.T.);
#4679 = EDGE_LOOP('',(#4680,#4681,#4682,#4690));
#4680 = ORIENTED_EDGE('',*,*,#2837,.F.);
#4681 = ORIENTED_EDGE('',*,*,#4643,.T.);
#4682 = ORIENTED_EDGE('',*,*,#4683,.F.);
#4683 = EDGE_CURVE('',#4684,#4636,#4686,.T.);
#4684 = VERTEX_POINT('',#4685);
#4685 = CARTESIAN_POINT('',(-3.983431104219,3.34249557037,9.8));
#4686 = LINE('',#4687,#4688);
#4687 = CARTESIAN_POINT('',(-4.190550748782,3.072571994362,9.8));
#4688 = VECTOR('',#4689,1.);
#4689 = DIRECTION('',(-0.608761429009,-0.793353340291,
    -7.455177354799E-17));
#4690 = ORIENTED_EDGE('',*,*,#4691,.F.);
#4691 = EDGE_CURVE('',#2838,#4684,#4692,.T.);
#4692 = LINE('',#4693,#4694);
#4693 = CARTESIAN_POINT('',(-3.983431104219,3.34249557037,11.1));
#4694 = VECTOR('',#4695,1.);
#4695 = DIRECTION('',(1.224646799147E-16,0.,-1.));
#4696 = PLANE('',#4697);
#4697 = AXIS2_PLACEMENT_3D('',#4698,#4699,#4700);
#4698 = CARTESIAN_POINT('',(-4.259590630303,2.982597469025,11.1));
#4699 = DIRECTION('',(0.793353340291,-0.608761429009,9.715776287805E-17)
  );
#4700 = DIRECTION('',(0.608761429009,0.793353340291,7.455177354799E-17)
  );
#4701 = ADVANCED_FACE('',(#4702),#4720,.T.);
#4702 = FACE_BOUND('',#4703,.T.);
#4703 = EDGE_LOOP('',(#4704,#4705,#4713,#4719));
#4704 = ORIENTED_EDGE('',*,*,#3182,.F.);
#4705 = ORIENTED_EDGE('',*,*,#4706,.T.);
#4706 = EDGE_CURVE('',#3175,#4707,#4709,.T.);
#4707 = VERTEX_POINT('',#4708);
#4708 = CARTESIAN_POINT('',(-1.436902089918,3.081446475925,9.8));
#4709 = LINE('',#4710,#4711);
#4710 = CARTESIAN_POINT('',(-1.436902089918,3.081446475925,11.1));
#4711 = VECTOR('',#4712,1.);
#4712 = DIRECTION('',(1.224646799147E-16,0.,-1.));
#4713 = ORIENTED_EDGE('',*,*,#4714,.F.);
#4714 = EDGE_CURVE('',#4659,#4707,#4715,.T.);
#4715 = LINE('',#4716,#4717);
#4716 = CARTESIAN_POINT('',(-1.502676567439,3.04720645016,9.8));
#4717 = VECTOR('',#4718,1.);
#4718 = DIRECTION('',(0.887010833178,0.461748613235,1.086274977661E-16)
  );
#4719 = ORIENTED_EDGE('',*,*,#4658,.F.);
#4720 = PLANE('',#4721);
#4721 = AXIS2_PLACEMENT_3D('',#4722,#4723,#4724);
#4722 = CARTESIAN_POINT('',(-1.436902089918,3.081446475925,11.1));
#4723 = DIRECTION('',(-0.461748613235,0.887010833178,-5.65478961209E-17)
  );
#4724 = DIRECTION('',(-0.887010833178,-0.461748613235,
    -1.086274977661E-16));
#4725 = ADVANCED_FACE('',(#4726),#4744,.T.);
#4726 = FACE_BOUND('',#4727,.T.);
#4727 = EDGE_LOOP('',(#4728,#4729,#4730,#4738));
#4728 = ORIENTED_EDGE('',*,*,#2845,.F.);
#4729 = ORIENTED_EDGE('',*,*,#4691,.T.);
#4730 = ORIENTED_EDGE('',*,*,#4731,.F.);
#4731 = EDGE_CURVE('',#4732,#4684,#4734,.T.);
#4732 = VERTEX_POINT('',#4733);
#4733 = CARTESIAN_POINT('',(-3.67695526217,3.67695526217,9.8));
#4734 = LINE('',#4735,#4736);
#4735 = CARTESIAN_POINT('',(-3.906812143707,3.42611049332,9.8));
#4736 = VECTOR('',#4737,1.);
#4737 = DIRECTION('',(-0.675590207616,-0.73727733681,-8.273593852918E-17
    ));
#4738 = ORIENTED_EDGE('',*,*,#4739,.F.);
#4739 = EDGE_CURVE('',#2846,#4732,#4740,.T.);
#4740 = LINE('',#4741,#4742);
#4741 = CARTESIAN_POINT('',(-3.67695526217,3.67695526217,11.1));
#4742 = VECTOR('',#4743,1.);
#4743 = DIRECTION('',(1.224646799147E-16,0.,-1.));
#4744 = PLANE('',#4745);
#4745 = AXIS2_PLACEMENT_3D('',#4746,#4747,#4748);
#4746 = CARTESIAN_POINT('',(-3.983431104219,3.34249557037,11.1));
#4747 = DIRECTION('',(0.73727733681,-0.675590207616,9.029043306084E-17)
  );
#4748 = DIRECTION('',(0.675590207616,0.73727733681,8.273593852918E-17));
#4749 = ADVANCED_FACE('',(#4750),#4768,.T.);
#4750 = FACE_BOUND('',#4751,.T.);
#4751 = EDGE_LOOP('',(#4752,#4753,#4761,#4767));
#4752 = ORIENTED_EDGE('',*,*,#3174,.F.);
#4753 = ORIENTED_EDGE('',*,*,#4754,.T.);
#4754 = EDGE_CURVE('',#3167,#4755,#4757,.T.);
#4755 = VERTEX_POINT('',#4756);
#4756 = CARTESIAN_POINT('',(-1.162868487307,3.194954910672,9.8));
#4757 = LINE('',#4758,#4759);
#4758 = CARTESIAN_POINT('',(-1.162868487307,3.194954910672,11.1));
#4759 = VECTOR('',#4760,1.);
#4760 = DIRECTION('',(1.224646799147E-16,0.,-1.));
#4761 = ORIENTED_EDGE('',*,*,#4762,.F.);
#4762 = EDGE_CURVE('',#4707,#4755,#4763,.T.);
#4763 = LINE('',#4764,#4765);
#4764 = CARTESIAN_POINT('',(-1.23137688796,3.166577801985,9.8));
#4765 = VECTOR('',#4766,1.);
#4766 = DIRECTION('',(0.923879532511,0.382683432365,1.131426112288E-16)
  );
#4767 = ORIENTED_EDGE('',*,*,#4706,.F.);
#4768 = PLANE('',#4769);
#4769 = AXIS2_PLACEMENT_3D('',#4770,#4771,#4772);
#4770 = CARTESIAN_POINT('',(-1.162868487307,3.194954910672,11.1));
#4771 = DIRECTION('',(-0.382683432365,0.923879532511,-4.686520405326E-17
    ));
#4772 = DIRECTION('',(-0.923879532511,-0.382683432365,
    -1.131426112288E-16));
#4773 = ADVANCED_FACE('',(#4774),#4792,.T.);
#4774 = FACE_BOUND('',#4775,.T.);
#4775 = EDGE_LOOP('',(#4776,#4777,#4778,#4786));
#4776 = ORIENTED_EDGE('',*,*,#2853,.F.);
#4777 = ORIENTED_EDGE('',*,*,#4739,.T.);
#4778 = ORIENTED_EDGE('',*,*,#4779,.F.);
#4779 = EDGE_CURVE('',#4780,#4732,#4782,.T.);
#4780 = VERTEX_POINT('',#4781);
#4781 = CARTESIAN_POINT('',(-3.34249557037,3.983431104219,9.8));
#4782 = LINE('',#4783,#4784);
#4783 = CARTESIAN_POINT('',(-3.59334033922,3.753574222682,9.8));
#4784 = VECTOR('',#4785,1.);
#4785 = DIRECTION('',(-0.73727733681,-0.675590207616,-9.029043306084E-17
    ));
#4786 = ORIENTED_EDGE('',*,*,#4787,.F.);
#4787 = EDGE_CURVE('',#2854,#4780,#4788,.T.);
#4788 = LINE('',#4789,#4790);
#4789 = CARTESIAN_POINT('',(-3.34249557037,3.983431104219,11.1));
#4790 = VECTOR('',#4791,1.);
#4791 = DIRECTION('',(1.224646799147E-16,0.,-1.));
#4792 = PLANE('',#4793);
#4793 = AXIS2_PLACEMENT_3D('',#4794,#4795,#4796);
#4794 = CARTESIAN_POINT('',(-3.67695526217,3.67695526217,11.1));
#4795 = DIRECTION('',(0.675590207616,-0.73727733681,8.273593852918E-17)
  );
#4796 = DIRECTION('',(0.73727733681,0.675590207616,9.029043306084E-17));
#4797 = ADVANCED_FACE('',(#4798),#4816,.T.);
#4798 = FACE_BOUND('',#4799,.T.);
#4799 = EDGE_LOOP('',(#4800,#4801,#4809,#4815));
#4800 = ORIENTED_EDGE('',*,*,#3166,.F.);
#4801 = ORIENTED_EDGE('',*,*,#4802,.T.);
#4802 = EDGE_CURVE('',#3159,#4803,#4805,.T.);
#4803 = VERTEX_POINT('',#4804);
#4804 = CARTESIAN_POINT('',(-0.879984753349,3.284147809383,9.8));
#4805 = LINE('',#4806,#4807);
#4806 = CARTESIAN_POINT('',(-0.879984753349,3.284147809383,11.1));
#4807 = VECTOR('',#4808,1.);
#4808 = DIRECTION('',(1.224646799147E-16,0.,-1.));
#4809 = ORIENTED_EDGE('',*,*,#4810,.F.);
#4810 = EDGE_CURVE('',#4755,#4803,#4811,.T.);
#4811 = LINE('',#4812,#4813);
#4812 = CARTESIAN_POINT('',(-0.950705686838,3.261849584705,9.8));
#4813 = VECTOR('',#4814,1.);
#4814 = DIRECTION('',(0.953716950748,0.300705799504,1.167966411026E-16)
  );
#4815 = ORIENTED_EDGE('',*,*,#4754,.F.);
#4816 = PLANE('',#4817);
#4817 = AXIS2_PLACEMENT_3D('',#4818,#4819,#4820);
#4818 = CARTESIAN_POINT('',(-0.879984753349,3.284147809383,11.1));
#4819 = DIRECTION('',(-0.300705799504,0.953716950748,-3.68258394848E-17)
  );
#4820 = DIRECTION('',(-0.953716950748,-0.300705799504,
    -1.167966411026E-16));
#4821 = ADVANCED_FACE('',(#4822),#4840,.T.);
#4822 = FACE_BOUND('',#4823,.T.);
#4823 = EDGE_LOOP('',(#4824,#4825,#4826,#4834));
#4824 = ORIENTED_EDGE('',*,*,#2861,.F.);
#4825 = ORIENTED_EDGE('',*,*,#4787,.T.);
#4826 = ORIENTED_EDGE('',*,*,#4827,.F.);
#4827 = EDGE_CURVE('',#4828,#4780,#4830,.T.);
#4828 = VERTEX_POINT('',#4829);
#4829 = CARTESIAN_POINT('',(-2.982597469025,4.259590630303,9.8));
#4830 = LINE('',#4831,#4832);
#4831 = CARTESIAN_POINT('',(-3.252521045034,4.05247098574,9.8));
#4832 = VECTOR('',#4833,1.);
#4833 = DIRECTION('',(-0.793353340291,-0.608761429009,
    -9.715776287805E-17));
#4834 = ORIENTED_EDGE('',*,*,#4835,.F.);
#4835 = EDGE_CURVE('',#2862,#4828,#4836,.T.);
#4836 = LINE('',#4837,#4838);
#4837 = CARTESIAN_POINT('',(-2.982597469025,4.259590630303,11.1));
#4838 = VECTOR('',#4839,1.);
#4839 = DIRECTION('',(1.224646799147E-16,0.,-1.));
#4840 = PLANE('',#4841);
#4841 = AXIS2_PLACEMENT_3D('',#4842,#4843,#4844);
#4842 = CARTESIAN_POINT('',(-3.34249557037,3.983431104219,11.1));
#4843 = DIRECTION('',(0.608761429009,-0.793353340291,7.455177354799E-17)
  );
#4844 = DIRECTION('',(0.793353340291,0.608761429009,9.715776287805E-17)
  );
#4845 = ADVANCED_FACE('',(#4846),#4864,.T.);
#4846 = FACE_BOUND('',#4847,.T.);
#4847 = EDGE_LOOP('',(#4848,#4849,#4857,#4863));
#4848 = ORIENTED_EDGE('',*,*,#3158,.F.);
#4849 = ORIENTED_EDGE('',*,*,#4850,.T.);
#4850 = EDGE_CURVE('',#3151,#4851,#4853,.T.);
#4851 = VERTEX_POINT('',#4852);
#4852 = CARTESIAN_POINT('',(-0.590403804068,3.348346360242,9.8));
#4853 = LINE('',#4854,#4855);
#4854 = CARTESIAN_POINT('',(-0.590403804068,3.348346360242,11.1));
#4855 = VECTOR('',#4856,1.);
#4856 = DIRECTION('',(1.224646799147E-16,0.,-1.));
#4857 = ORIENTED_EDGE('',*,*,#4858,.F.);
#4858 = EDGE_CURVE('',#4803,#4851,#4859,.T.);
#4859 = LINE('',#4860,#4861);
#4860 = CARTESIAN_POINT('',(-0.662799041388,3.332296722527,9.8));
#4861 = VECTOR('',#4862,1.);
#4862 = DIRECTION('',(0.97629600712,0.216439613938,1.19561778014E-16));
#4863 = ORIENTED_EDGE('',*,*,#4802,.F.);
#4864 = PLANE('',#4865);
#4865 = AXIS2_PLACEMENT_3D('',#4866,#4867,#4868);
#4866 = CARTESIAN_POINT('',(-0.590403804068,3.348346360242,11.1));
#4867 = DIRECTION('',(-0.216439613938,0.97629600712,-2.65062080418E-17)
  );
#4868 = DIRECTION('',(-0.97629600712,-0.216439613938,-1.19561778014E-16)
  );
#4869 = ADVANCED_FACE('',(#4870),#4888,.T.);
#4870 = FACE_BOUND('',#4871,.T.);
#4871 = EDGE_LOOP('',(#4872,#4873,#4874,#4882));
#4872 = ORIENTED_EDGE('',*,*,#2869,.F.);
#4873 = ORIENTED_EDGE('',*,*,#4835,.T.);
#4874 = ORIENTED_EDGE('',*,*,#4875,.F.);
#4875 = EDGE_CURVE('',#4876,#4828,#4878,.T.);
#4876 = VERTEX_POINT('',#4877);
#4877 = CARTESIAN_POINT('',(-2.6,4.503332099679,9.8));
#4878 = LINE('',#4879,#4880);
#4879 = CARTESIAN_POINT('',(-2.886948101769,4.320525997647,9.8));
#4880 = VECTOR('',#4881,1.);
#4881 = DIRECTION('',(-0.843391445813,-0.537299608347,
    -1.032856634543E-16));
#4882 = ORIENTED_EDGE('',*,*,#4883,.F.);
#4883 = EDGE_CURVE('',#2870,#4876,#4884,.T.);
#4884 = LINE('',#4885,#4886);
#4885 = CARTESIAN_POINT('',(-2.6,4.503332099679,11.1));
#4886 = VECTOR('',#4887,1.);
#4887 = DIRECTION('',(1.224646799147E-16,0.,-1.));
#4888 = PLANE('',#4889);
#4889 = AXIS2_PLACEMENT_3D('',#4890,#4891,#4892);
#4890 = CARTESIAN_POINT('',(-2.982597469025,4.259590630303,11.1));
#4891 = DIRECTION('',(0.537299608347,-0.843391445813,6.580022455451E-17)
  );
#4892 = DIRECTION('',(0.843391445813,0.537299608347,1.032856634543E-16)
  );
#4893 = ADVANCED_FACE('',(#4894),#4912,.T.);
#4894 = FACE_BOUND('',#4895,.T.);
#4895 = EDGE_LOOP('',(#4896,#4897,#4905,#4911));
#4896 = ORIENTED_EDGE('',*,*,#3150,.F.);
#4897 = ORIENTED_EDGE('',*,*,#4898,.T.);
#4898 = EDGE_CURVE('',#3143,#4899,#4901,.T.);
#4899 = VERTEX_POINT('',#4900);
#4900 = CARTESIAN_POINT('',(-0.296329525342,3.387061973512,9.8));
#4901 = LINE('',#4902,#4903);
#4902 = CARTESIAN_POINT('',(-0.296329525342,3.387061973512,11.1));
#4903 = VECTOR('',#4904,1.);
#4904 = DIRECTION('',(1.224646799147E-16,0.,-1.));
#4905 = ORIENTED_EDGE('',*,*,#4906,.F.);
#4906 = EDGE_CURVE('',#4851,#4899,#4907,.T.);
#4907 = LINE('',#4908,#4909);
#4908 = CARTESIAN_POINT('',(-0.369848095023,3.377383070194,9.8));
#4909 = VECTOR('',#4910,1.);
#4910 = DIRECTION('',(0.991444861374,0.13052619222,1.214169776013E-16));
#4911 = ORIENTED_EDGE('',*,*,#4850,.F.);
#4912 = PLANE('',#4913);
#4913 = AXIS2_PLACEMENT_3D('',#4914,#4915,#4916);
#4914 = CARTESIAN_POINT('',(-0.296329525342,3.387061973512,11.1));
#4915 = DIRECTION('',(-0.13052619222,0.991444861374,-1.598484835072E-17)
  );
#4916 = DIRECTION('',(-0.991444861374,-0.13052619222,-1.214169776013E-16
    ));
#4917 = ADVANCED_FACE('',(#4918),#4936,.T.);
#4918 = FACE_BOUND('',#4919,.T.);
#4919 = EDGE_LOOP('',(#4920,#4921,#4922,#4930));
#4920 = ORIENTED_EDGE('',*,*,#2877,.F.);
#4921 = ORIENTED_EDGE('',*,*,#4883,.T.);
#4922 = ORIENTED_EDGE('',*,*,#4923,.F.);
#4923 = EDGE_CURVE('',#4924,#4876,#4926,.T.);
#4924 = VERTEX_POINT('',#4925);
#4925 = CARTESIAN_POINT('',(-2.197614961052,4.712800492591,9.8));
#4926 = LINE('',#4927,#4928);
#4927 = CARTESIAN_POINT('',(-2.499403740263,4.555699197907,9.8));
#4928 = VECTOR('',#4929,1.);
#4929 = DIRECTION('',(-0.887010833178,-0.461748613235,
    -1.086274977661E-16));
#4930 = ORIENTED_EDGE('',*,*,#4931,.F.);
#4931 = EDGE_CURVE('',#2878,#4924,#4932,.T.);
#4932 = LINE('',#4933,#4934);
#4933 = CARTESIAN_POINT('',(-2.197614961052,4.712800492591,11.1));
#4934 = VECTOR('',#4935,1.);
#4935 = DIRECTION('',(1.224646799147E-16,0.,-1.));
#4936 = PLANE('',#4937);
#4937 = AXIS2_PLACEMENT_3D('',#4938,#4939,#4940);
#4938 = CARTESIAN_POINT('',(-2.6,4.503332099679,11.1));
#4939 = DIRECTION('',(0.461748613235,-0.887010833178,5.65478961209E-17)
  );
#4940 = DIRECTION('',(0.887010833178,0.461748613235,1.086274977661E-16)
  );
#4941 = ADVANCED_FACE('',(#4942),#4960,.T.);
#4942 = FACE_BOUND('',#4943,.T.);
#4943 = EDGE_LOOP('',(#4944,#4945,#4953,#4959));
#4944 = ORIENTED_EDGE('',*,*,#3142,.F.);
#4945 = ORIENTED_EDGE('',*,*,#4946,.T.);
#4946 = EDGE_CURVE('',#3135,#4947,#4949,.T.);
#4947 = VERTEX_POINT('',#4948);
#4948 = CARTESIAN_POINT('',(-6.123233995737E-17,3.4,9.8));
#4949 = LINE('',#4950,#4951);
#4950 = CARTESIAN_POINT('',(-2.204364238465E-16,3.4,11.1));
#4951 = VECTOR('',#4952,1.);
#4952 = DIRECTION('',(1.224646799147E-16,0.,-1.));
#4953 = ORIENTED_EDGE('',*,*,#4954,.F.);
#4954 = EDGE_CURVE('',#4899,#4947,#4955,.T.);
#4955 = LINE('',#4956,#4957);
#4956 = CARTESIAN_POINT('',(-7.408238133551E-02,3.396765493378,9.8));
#4957 = VECTOR('',#4958,1.);
#4958 = DIRECTION('',(0.999048221582,4.361938736534E-02,
    1.223481206754E-16));
#4959 = ORIENTED_EDGE('',*,*,#4898,.F.);
#4960 = PLANE('',#4961);
#4961 = AXIS2_PLACEMENT_3D('',#4962,#4963,#4964);
#4962 = CARTESIAN_POINT('',(-2.204364238465E-16,3.4,11.1));
#4963 = DIRECTION('',(-4.361938736534E-02,0.999048221582,
    -5.341834311773E-18));
#4964 = DIRECTION('',(-0.999048221582,-4.361938736534E-02,
    -1.223481206754E-16));
#4965 = ADVANCED_FACE('',(#4966),#4984,.T.);
#4966 = FACE_BOUND('',#4967,.T.);
#4967 = EDGE_LOOP('',(#4968,#4969,#4970,#4978));
#4968 = ORIENTED_EDGE('',*,*,#2885,.F.);
#4969 = ORIENTED_EDGE('',*,*,#4931,.T.);
#4970 = ORIENTED_EDGE('',*,*,#4971,.F.);
#4971 = EDGE_CURVE('',#4972,#4924,#4974,.T.);
#4972 = VERTEX_POINT('',#4973);
#4973 = CARTESIAN_POINT('',(-1.778504745293,4.886401628087,9.8));
#4974 = LINE('',#4975,#4976);
#4975 = CARTESIAN_POINT('',(-2.092837407112,4.756200776465,9.8));
#4976 = VECTOR('',#4977,1.);
#4977 = DIRECTION('',(-0.923879532511,-0.382683432365,
    -1.131426112288E-16));
#4978 = ORIENTED_EDGE('',*,*,#4979,.F.);
#4979 = EDGE_CURVE('',#2886,#4972,#4980,.T.);
#4980 = LINE('',#4981,#4982);
#4981 = CARTESIAN_POINT('',(-1.778504745293,4.886401628087,11.1));
#4982 = VECTOR('',#4983,1.);
#4983 = DIRECTION('',(1.224646799147E-16,0.,-1.));
#4984 = PLANE('',#4985);
#4985 = AXIS2_PLACEMENT_3D('',#4986,#4987,#4988);
#4986 = CARTESIAN_POINT('',(-2.197614961052,4.712800492591,11.1));
#4987 = DIRECTION('',(0.382683432365,-0.923879532511,4.686520405326E-17)
  );
#4988 = DIRECTION('',(0.923879532511,0.382683432365,1.131426112288E-16)
  );
#4989 = ADVANCED_FACE('',(#4990),#5008,.T.);
#4990 = FACE_BOUND('',#4991,.T.);
#4991 = EDGE_LOOP('',(#4992,#4993,#5001,#5007));
#4992 = ORIENTED_EDGE('',*,*,#3134,.F.);
#4993 = ORIENTED_EDGE('',*,*,#4994,.T.);
#4994 = EDGE_CURVE('',#3127,#4995,#4997,.T.);
#4995 = VERTEX_POINT('',#4996);
#4996 = CARTESIAN_POINT('',(0.296329525342,3.387061973512,9.8));
#4997 = LINE('',#4998,#4999);
#4998 = CARTESIAN_POINT('',(0.296329525342,3.387061973512,11.1));
#4999 = VECTOR('',#5000,1.);
#5000 = DIRECTION('',(1.224646799147E-16,0.,-1.));
#5001 = ORIENTED_EDGE('',*,*,#5002,.F.);
#5002 = EDGE_CURVE('',#4947,#4995,#5003,.T.);
#5003 = LINE('',#5004,#5005);
#5004 = CARTESIAN_POINT('',(0.222247144007,3.390296480134,9.8));
#5005 = VECTOR('',#5006,1.);
#5006 = DIRECTION('',(0.999048221582,-4.361938736534E-02,
    1.223481206754E-16));
#5007 = ORIENTED_EDGE('',*,*,#4946,.F.);
#5008 = PLANE('',#5009);
#5009 = AXIS2_PLACEMENT_3D('',#5010,#5011,#5012);
#5010 = CARTESIAN_POINT('',(0.296329525342,3.387061973512,11.1));
#5011 = DIRECTION('',(4.361938736534E-02,0.999048221582,
    5.341834311773E-18));
#5012 = DIRECTION('',(-0.999048221582,4.361938736534E-02,
    -1.223481206754E-16));
#5013 = ADVANCED_FACE('',(#5014),#5032,.T.);
#5014 = FACE_BOUND('',#5015,.T.);
#5015 = EDGE_LOOP('',(#5016,#5017,#5018,#5026));
#5016 = ORIENTED_EDGE('',*,*,#2893,.F.);
#5017 = ORIENTED_EDGE('',*,*,#4979,.T.);
#5018 = ORIENTED_EDGE('',*,*,#5019,.F.);
#5019 = EDGE_CURVE('',#5020,#4972,#5022,.T.);
#5020 = VERTEX_POINT('',#5021);
#5021 = CARTESIAN_POINT('',(-1.345859034533,5.022814296703,9.8));
#5022 = LINE('',#5023,#5024);
#5023 = CARTESIAN_POINT('',(-1.670343317603,4.920504795241,9.8));
#5024 = VECTOR('',#5025,1.);
#5025 = DIRECTION('',(-0.953716950748,-0.300705799504,
    -1.167966411026E-16));
#5026 = ORIENTED_EDGE('',*,*,#5027,.F.);
#5027 = EDGE_CURVE('',#2894,#5020,#5028,.T.);
#5028 = LINE('',#5029,#5030);
#5029 = CARTESIAN_POINT('',(-1.345859034533,5.022814296703,11.1));
#5030 = VECTOR('',#5031,1.);
#5031 = DIRECTION('',(1.224646799147E-16,0.,-1.));
#5032 = PLANE('',#5033);
#5033 = AXIS2_PLACEMENT_3D('',#5034,#5035,#5036);
#5034 = CARTESIAN_POINT('',(-1.778504745293,4.886401628087,11.1));
#5035 = DIRECTION('',(0.300705799504,-0.953716950748,3.68258394848E-17)
  );
#5036 = DIRECTION('',(0.953716950748,0.300705799504,1.167966411026E-16)
  );
#5037 = ADVANCED_FACE('',(#5038),#5056,.T.);
#5038 = FACE_BOUND('',#5039,.T.);
#5039 = EDGE_LOOP('',(#5040,#5041,#5049,#5055));
#5040 = ORIENTED_EDGE('',*,*,#3126,.F.);
#5041 = ORIENTED_EDGE('',*,*,#5042,.T.);
#5042 = EDGE_CURVE('',#3119,#5043,#5045,.T.);
#5043 = VERTEX_POINT('',#5044);
#5044 = CARTESIAN_POINT('',(0.590403804068,3.348346360242,9.8));
#5045 = LINE('',#5046,#5047);
#5046 = CARTESIAN_POINT('',(0.590403804068,3.348346360242,11.1));
#5047 = VECTOR('',#5048,1.);
#5048 = DIRECTION('',(1.224646799147E-16,0.,-1.));
#5049 = ORIENTED_EDGE('',*,*,#5050,.F.);
#5050 = EDGE_CURVE('',#4995,#5043,#5051,.T.);
#5051 = LINE('',#5052,#5053);
#5052 = CARTESIAN_POINT('',(0.516885234386,3.358025263559,9.8));
#5053 = VECTOR('',#5054,1.);
#5054 = DIRECTION('',(0.991444861374,-0.13052619222,1.214169776013E-16)
  );
#5055 = ORIENTED_EDGE('',*,*,#4994,.F.);
#5056 = PLANE('',#5057);
#5057 = AXIS2_PLACEMENT_3D('',#5058,#5059,#5060);
#5058 = CARTESIAN_POINT('',(0.590403804068,3.348346360242,11.1));
#5059 = DIRECTION('',(0.13052619222,0.991444861374,1.598484835072E-17));
#5060 = DIRECTION('',(-0.991444861374,0.13052619222,-1.214169776013E-16)
  );
#5061 = ADVANCED_FACE('',(#5062),#5080,.T.);
#5062 = FACE_BOUND('',#5063,.T.);
#5063 = EDGE_LOOP('',(#5064,#5065,#5066,#5074));
#5064 = ORIENTED_EDGE('',*,*,#2901,.F.);
#5065 = ORIENTED_EDGE('',*,*,#5027,.T.);
#5066 = ORIENTED_EDGE('',*,*,#5067,.F.);
#5067 = EDGE_CURVE('',#5068,#5020,#5070,.T.);
#5068 = VERTEX_POINT('',#5069);
#5069 = CARTESIAN_POINT('',(-0.902970523868,5.121000315663,9.8));
#5070 = LINE('',#5071,#5072);
#5071 = CARTESIAN_POINT('',(-1.235136906867,5.047360801443,9.8));
#5072 = VECTOR('',#5073,1.);
#5073 = DIRECTION('',(-0.97629600712,-0.216439613938,-1.19561778014E-16)
  );
#5074 = ORIENTED_EDGE('',*,*,#5075,.F.);
#5075 = EDGE_CURVE('',#2902,#5068,#5076,.T.);
#5076 = LINE('',#5077,#5078);
#5077 = CARTESIAN_POINT('',(-0.902970523868,5.121000315663,11.1));
#5078 = VECTOR('',#5079,1.);
#5079 = DIRECTION('',(1.224646799147E-16,0.,-1.));
#5080 = PLANE('',#5081);
#5081 = AXIS2_PLACEMENT_3D('',#5082,#5083,#5084);
#5082 = CARTESIAN_POINT('',(-1.345859034533,5.022814296703,11.1));
#5083 = DIRECTION('',(0.216439613938,-0.97629600712,2.65062080418E-17));
#5084 = DIRECTION('',(0.97629600712,0.216439613938,1.19561778014E-16));
#5085 = ADVANCED_FACE('',(#5086),#5104,.T.);
#5086 = FACE_BOUND('',#5087,.T.);
#5087 = EDGE_LOOP('',(#5088,#5089,#5097,#5103));
#5088 = ORIENTED_EDGE('',*,*,#3118,.F.);
#5089 = ORIENTED_EDGE('',*,*,#5090,.T.);
#5090 = EDGE_CURVE('',#3111,#5091,#5093,.T.);
#5091 = VERTEX_POINT('',#5092);
#5092 = CARTESIAN_POINT('',(0.879984753349,3.284147809383,9.8));
#5093 = LINE('',#5094,#5095);
#5094 = CARTESIAN_POINT('',(0.879984753349,3.284147809383,11.1));
#5095 = VECTOR('',#5096,1.);
#5096 = DIRECTION('',(1.224646799147E-16,0.,-1.));
#5097 = ORIENTED_EDGE('',*,*,#5098,.F.);
#5098 = EDGE_CURVE('',#5043,#5091,#5099,.T.);
#5099 = LINE('',#5100,#5101);
#5100 = CARTESIAN_POINT('',(0.807589516028,3.300197447098,9.8));
#5101 = VECTOR('',#5102,1.);
#5102 = DIRECTION('',(0.97629600712,-0.216439613938,1.19561778014E-16));
#5103 = ORIENTED_EDGE('',*,*,#5042,.F.);
#5104 = PLANE('',#5105);
#5105 = AXIS2_PLACEMENT_3D('',#5106,#5107,#5108);
#5106 = CARTESIAN_POINT('',(0.879984753349,3.284147809383,11.1));
#5107 = DIRECTION('',(0.216439613938,0.97629600712,2.65062080418E-17));
#5108 = DIRECTION('',(-0.97629600712,0.216439613938,-1.19561778014E-16)
  );
#5109 = ADVANCED_FACE('',(#5110),#5128,.T.);
#5110 = FACE_BOUND('',#5111,.T.);
#5111 = EDGE_LOOP('',(#5112,#5113,#5114,#5122));
#5112 = ORIENTED_EDGE('',*,*,#2909,.F.);
#5113 = ORIENTED_EDGE('',*,*,#5075,.T.);
#5114 = ORIENTED_EDGE('',*,*,#5115,.F.);
#5115 = EDGE_CURVE('',#5116,#5068,#5118,.T.);
#5116 = VERTEX_POINT('',#5117);
#5117 = CARTESIAN_POINT('',(-0.453209862288,5.180212430077,9.8));
#5118 = LINE('',#5119,#5120);
#5119 = CARTESIAN_POINT('',(-0.790530358473,5.135803344267,9.8));
#5120 = VECTOR('',#5121,1.);
#5121 = DIRECTION('',(-0.991444861374,-0.13052619222,-1.214169776013E-16
    ));
#5122 = ORIENTED_EDGE('',*,*,#5123,.F.);
#5123 = EDGE_CURVE('',#2910,#5116,#5124,.T.);
#5124 = LINE('',#5125,#5126);
#5125 = CARTESIAN_POINT('',(-0.453209862288,5.180212430077,11.1));
#5126 = VECTOR('',#5127,1.);
#5127 = DIRECTION('',(1.224646799147E-16,0.,-1.));
#5128 = PLANE('',#5129);
#5129 = AXIS2_PLACEMENT_3D('',#5130,#5131,#5132);
#5130 = CARTESIAN_POINT('',(-0.902970523868,5.121000315663,11.1));
#5131 = DIRECTION('',(0.13052619222,-0.991444861374,1.598484835072E-17)
  );
#5132 = DIRECTION('',(0.991444861374,0.13052619222,1.214169776013E-16));
#5133 = ADVANCED_FACE('',(#5134),#5152,.T.);
#5134 = FACE_BOUND('',#5135,.T.);
#5135 = EDGE_LOOP('',(#5136,#5137,#5145,#5151));
#5136 = ORIENTED_EDGE('',*,*,#3110,.F.);
#5137 = ORIENTED_EDGE('',*,*,#5138,.T.);
#5138 = EDGE_CURVE('',#3103,#5139,#5141,.T.);
#5139 = VERTEX_POINT('',#5140);
#5140 = CARTESIAN_POINT('',(1.162868487307,3.194954910672,9.8));
#5141 = LINE('',#5142,#5143);
#5142 = CARTESIAN_POINT('',(1.162868487307,3.194954910672,11.1));
#5143 = VECTOR('',#5144,1.);
#5144 = DIRECTION('',(1.224646799147E-16,0.,-1.));
#5145 = ORIENTED_EDGE('',*,*,#5146,.F.);
#5146 = EDGE_CURVE('',#5091,#5139,#5147,.T.);
#5147 = LINE('',#5148,#5149);
#5148 = CARTESIAN_POINT('',(1.092147553818,3.21725313535,9.8));
#5149 = VECTOR('',#5150,1.);
#5150 = DIRECTION('',(0.953716950748,-0.300705799504,1.167966411026E-16)
  );
#5151 = ORIENTED_EDGE('',*,*,#5090,.F.);
#5152 = PLANE('',#5153);
#5153 = AXIS2_PLACEMENT_3D('',#5154,#5155,#5156);
#5154 = CARTESIAN_POINT('',(1.162868487307,3.194954910672,11.1));
#5155 = DIRECTION('',(0.300705799504,0.953716950748,3.68258394848E-17));
#5156 = DIRECTION('',(-0.953716950748,0.300705799504,-1.167966411026E-16
    ));
#5157 = ADVANCED_FACE('',(#5158),#5176,.T.);
#5158 = FACE_BOUND('',#5159,.T.);
#5159 = EDGE_LOOP('',(#5160,#5161,#5162,#5170));
#5160 = ORIENTED_EDGE('',*,*,#2917,.F.);
#5161 = ORIENTED_EDGE('',*,*,#5123,.T.);
#5162 = ORIENTED_EDGE('',*,*,#5163,.F.);
#5163 = EDGE_CURVE('',#5164,#5116,#5166,.T.);
#5164 = VERTEX_POINT('',#5165);
#5165 = CARTESIAN_POINT('',(-1.714505518806E-16,5.2,9.8));
#5166 = LINE('',#5167,#5168);
#5167 = CARTESIAN_POINT('',(-0.339907396716,5.185159322558,9.8));
#5168 = VECTOR('',#5169,1.);
#5169 = DIRECTION('',(-0.999048221582,-4.361938736534E-02,
    -1.223481206754E-16));
#5170 = ORIENTED_EDGE('',*,*,#5171,.F.);
#5171 = EDGE_CURVE('',#2918,#5164,#5172,.T.);
#5172 = LINE('',#5173,#5174);
#5173 = CARTESIAN_POINT('',(-3.306546357698E-16,5.2,11.1));
#5174 = VECTOR('',#5175,1.);
#5175 = DIRECTION('',(1.224646799147E-16,0.,-1.));
#5176 = PLANE('',#5177);
#5177 = AXIS2_PLACEMENT_3D('',#5178,#5179,#5180);
#5178 = CARTESIAN_POINT('',(-0.453209862288,5.180212430077,11.1));
#5179 = DIRECTION('',(4.361938736534E-02,-0.999048221582,
    5.341834311773E-18));
#5180 = DIRECTION('',(0.999048221582,4.361938736534E-02,
    1.223481206754E-16));
#5181 = ADVANCED_FACE('',(#5182),#5200,.T.);
#5182 = FACE_BOUND('',#5183,.T.);
#5183 = EDGE_LOOP('',(#5184,#5185,#5193,#5199));
#5184 = ORIENTED_EDGE('',*,*,#3102,.F.);
#5185 = ORIENTED_EDGE('',*,*,#5186,.T.);
#5186 = EDGE_CURVE('',#3095,#5187,#5189,.T.);
#5187 = VERTEX_POINT('',#5188);
#5188 = CARTESIAN_POINT('',(1.436902089918,3.081446475925,9.8));
#5189 = LINE('',#5190,#5191);
#5190 = CARTESIAN_POINT('',(1.436902089918,3.081446475925,11.1));
#5191 = VECTOR('',#5192,1.);
#5192 = DIRECTION('',(1.224646799147E-16,0.,-1.));
#5193 = ORIENTED_EDGE('',*,*,#5194,.F.);
#5194 = EDGE_CURVE('',#5139,#5187,#5195,.T.);
#5195 = LINE('',#5196,#5197);
#5196 = CARTESIAN_POINT('',(1.368393689266,3.109823584611,9.8));
#5197 = VECTOR('',#5198,1.);
#5198 = DIRECTION('',(0.923879532511,-0.382683432365,1.131426112288E-16)
  );
#5199 = ORIENTED_EDGE('',*,*,#5138,.F.);
#5200 = PLANE('',#5201);
#5201 = AXIS2_PLACEMENT_3D('',#5202,#5203,#5204);
#5202 = CARTESIAN_POINT('',(1.436902089918,3.081446475925,11.1));
#5203 = DIRECTION('',(0.382683432365,0.923879532511,4.686520405326E-17)
  );
#5204 = DIRECTION('',(-0.923879532511,0.382683432365,-1.131426112288E-16
    ));
#5205 = ADVANCED_FACE('',(#5206),#5224,.T.);
#5206 = FACE_BOUND('',#5207,.T.);
#5207 = EDGE_LOOP('',(#5208,#5209,#5210,#5218));
#5208 = ORIENTED_EDGE('',*,*,#2925,.F.);
#5209 = ORIENTED_EDGE('',*,*,#5171,.T.);
#5210 = ORIENTED_EDGE('',*,*,#5211,.F.);
#5211 = EDGE_CURVE('',#5212,#5164,#5214,.T.);
#5212 = VERTEX_POINT('',#5213);
#5213 = CARTESIAN_POINT('',(0.453209862288,5.180212430077,9.8));
#5214 = LINE('',#5215,#5216);
#5215 = CARTESIAN_POINT('',(0.113302465572,5.195053107519,9.8));
#5216 = VECTOR('',#5217,1.);
#5217 = DIRECTION('',(-0.999048221582,4.361938736534E-02,
    -1.223481206754E-16));
#5218 = ORIENTED_EDGE('',*,*,#5219,.F.);
#5219 = EDGE_CURVE('',#2926,#5212,#5220,.T.);
#5220 = LINE('',#5221,#5222);
#5221 = CARTESIAN_POINT('',(0.453209862288,5.180212430077,11.1));
#5222 = VECTOR('',#5223,1.);
#5223 = DIRECTION('',(1.224646799147E-16,0.,-1.));
#5224 = PLANE('',#5225);
#5225 = AXIS2_PLACEMENT_3D('',#5226,#5227,#5228);
#5226 = CARTESIAN_POINT('',(-3.306546357698E-16,5.2,11.1));
#5227 = DIRECTION('',(-4.361938736534E-02,-0.999048221582,
    -5.341834311773E-18));
#5228 = DIRECTION('',(0.999048221582,-4.361938736534E-02,
    1.223481206754E-16));
#5229 = ADVANCED_FACE('',(#5230),#5248,.T.);
#5230 = FACE_BOUND('',#5231,.T.);
#5231 = EDGE_LOOP('',(#5232,#5233,#5241,#5247));
#5232 = ORIENTED_EDGE('',*,*,#3094,.F.);
#5233 = ORIENTED_EDGE('',*,*,#5234,.T.);
#5234 = EDGE_CURVE('',#3087,#5235,#5237,.T.);
#5235 = VERTEX_POINT('',#5236);
#5236 = CARTESIAN_POINT('',(1.7,2.944486372867,9.8));
#5237 = LINE('',#5238,#5239);
#5238 = CARTESIAN_POINT('',(1.7,2.944486372867,11.1));
#5239 = VECTOR('',#5240,1.);
#5240 = DIRECTION('',(1.224646799147E-16,0.,-1.));
#5241 = ORIENTED_EDGE('',*,*,#5242,.F.);
#5242 = EDGE_CURVE('',#5187,#5235,#5243,.T.);
#5243 = LINE('',#5244,#5245);
#5244 = CARTESIAN_POINT('',(1.63422552248,2.978726398631,9.8));
#5245 = VECTOR('',#5246,1.);
#5246 = DIRECTION('',(0.887010833178,-0.461748613235,1.086274977661E-16)
  );
#5247 = ORIENTED_EDGE('',*,*,#5186,.F.);
#5248 = PLANE('',#5249);
#5249 = AXIS2_PLACEMENT_3D('',#5250,#5251,#5252);
#5250 = CARTESIAN_POINT('',(1.7,2.944486372867,11.1));
#5251 = DIRECTION('',(0.461748613235,0.887010833178,5.65478961209E-17));
#5252 = DIRECTION('',(-0.887010833178,0.461748613235,-1.086274977661E-16
    ));
#5253 = ADVANCED_FACE('',(#5254),#5272,.T.);
#5254 = FACE_BOUND('',#5255,.T.);
#5255 = EDGE_LOOP('',(#5256,#5257,#5258,#5266));
#5256 = ORIENTED_EDGE('',*,*,#2933,.F.);
#5257 = ORIENTED_EDGE('',*,*,#5219,.T.);
#5258 = ORIENTED_EDGE('',*,*,#5259,.F.);
#5259 = EDGE_CURVE('',#5260,#5212,#5262,.T.);
#5260 = VERTEX_POINT('',#5261);
#5261 = CARTESIAN_POINT('',(0.902970523868,5.121000315663,9.8));
#5262 = LINE('',#5263,#5264);
#5263 = CARTESIAN_POINT('',(0.565650027683,5.165409401474,9.8));
#5264 = VECTOR('',#5265,1.);
#5265 = DIRECTION('',(-0.991444861374,0.13052619222,-1.214169776013E-16)
  );
#5266 = ORIENTED_EDGE('',*,*,#5267,.F.);
#5267 = EDGE_CURVE('',#2934,#5260,#5268,.T.);
#5268 = LINE('',#5269,#5270);
#5269 = CARTESIAN_POINT('',(0.902970523868,5.121000315663,11.1));
#5270 = VECTOR('',#5271,1.);
#5271 = DIRECTION('',(1.224646799147E-16,0.,-1.));
#5272 = PLANE('',#5273);
#5273 = AXIS2_PLACEMENT_3D('',#5274,#5275,#5276);
#5274 = CARTESIAN_POINT('',(0.453209862288,5.180212430077,11.1));
#5275 = DIRECTION('',(-0.13052619222,-0.991444861374,-1.598484835072E-17
    ));
#5276 = DIRECTION('',(0.991444861374,-0.13052619222,1.214169776013E-16)
  );
#5277 = ADVANCED_FACE('',(#5278),#5296,.T.);
#5278 = FACE_BOUND('',#5279,.T.);
#5279 = EDGE_LOOP('',(#5280,#5281,#5289,#5295));
#5280 = ORIENTED_EDGE('',*,*,#3086,.F.);
#5281 = ORIENTED_EDGE('',*,*,#5282,.T.);
#5282 = EDGE_CURVE('',#3079,#5283,#5285,.T.);
#5283 = VERTEX_POINT('',#5284);
#5284 = CARTESIAN_POINT('',(1.950159883594,2.785116950583,9.8));
#5285 = LINE('',#5286,#5287);
#5286 = CARTESIAN_POINT('',(1.950159883594,2.785116950583,11.1));
#5287 = VECTOR('',#5288,1.);
#5288 = DIRECTION('',(1.224646799147E-16,0.,-1.));
#5289 = ORIENTED_EDGE('',*,*,#5290,.F.);
#5290 = EDGE_CURVE('',#5235,#5283,#5291,.T.);
#5291 = LINE('',#5292,#5293);
#5292 = CARTESIAN_POINT('',(1.887619912695,2.824959306154,9.8));
#5293 = VECTOR('',#5294,1.);
#5294 = DIRECTION('',(0.843391445813,-0.537299608347,1.032856634543E-16)
  );
#5295 = ORIENTED_EDGE('',*,*,#5234,.F.);
#5296 = PLANE('',#5297);
#5297 = AXIS2_PLACEMENT_3D('',#5298,#5299,#5300);
#5298 = CARTESIAN_POINT('',(1.950159883594,2.785116950583,11.1));
#5299 = DIRECTION('',(0.537299608347,0.843391445813,6.580022455451E-17)
  );
#5300 = DIRECTION('',(-0.843391445813,0.537299608347,-1.032856634543E-16
    ));
#5301 = ADVANCED_FACE('',(#5302),#5320,.T.);
#5302 = FACE_BOUND('',#5303,.T.);
#5303 = EDGE_LOOP('',(#5304,#5305,#5306,#5314));
#5304 = ORIENTED_EDGE('',*,*,#2941,.F.);
#5305 = ORIENTED_EDGE('',*,*,#5267,.T.);
#5306 = ORIENTED_EDGE('',*,*,#5307,.F.);
#5307 = EDGE_CURVE('',#5308,#5260,#5310,.T.);
#5308 = VERTEX_POINT('',#5309);
#5309 = CARTESIAN_POINT('',(1.345859034533,5.022814296703,9.8));
#5310 = LINE('',#5311,#5312);
#5311 = CARTESIAN_POINT('',(1.013692651534,5.096453810923,9.8));
#5312 = VECTOR('',#5313,1.);
#5313 = DIRECTION('',(-0.97629600712,0.216439613938,-1.19561778014E-16)
  );
#5314 = ORIENTED_EDGE('',*,*,#5315,.F.);
#5315 = EDGE_CURVE('',#2942,#5308,#5316,.T.);
#5316 = LINE('',#5317,#5318);
#5317 = CARTESIAN_POINT('',(1.345859034533,5.022814296703,11.1));
#5318 = VECTOR('',#5319,1.);
#5319 = DIRECTION('',(1.224646799147E-16,0.,-1.));
#5320 = PLANE('',#5321);
#5321 = AXIS2_PLACEMENT_3D('',#5322,#5323,#5324);
#5322 = CARTESIAN_POINT('',(0.902970523868,5.121000315663,11.1));
#5323 = DIRECTION('',(-0.216439613938,-0.97629600712,-2.65062080418E-17)
  );
#5324 = DIRECTION('',(0.97629600712,-0.216439613938,1.19561778014E-16));
#5325 = ADVANCED_FACE('',(#5326),#5344,.T.);
#5326 = FACE_BOUND('',#5327,.T.);
#5327 = EDGE_LOOP('',(#5328,#5329,#5337,#5343));
#5328 = ORIENTED_EDGE('',*,*,#3078,.F.);
#5329 = ORIENTED_EDGE('',*,*,#5330,.T.);
#5330 = EDGE_CURVE('',#3071,#5331,#5333,.T.);
#5331 = VERTEX_POINT('',#5332);
#5332 = CARTESIAN_POINT('',(2.185477872934,2.604551106605,9.8));
#5333 = LINE('',#5334,#5335);
#5334 = CARTESIAN_POINT('',(2.185477872934,2.604551106605,11.1));
#5335 = VECTOR('',#5336,1.);
#5336 = DIRECTION('',(1.224646799147E-16,0.,-1.));
#5337 = ORIENTED_EDGE('',*,*,#5338,.F.);
#5338 = EDGE_CURVE('',#5283,#5331,#5339,.T.);
#5339 = LINE('',#5340,#5341);
#5340 = CARTESIAN_POINT('',(2.126648375599,2.649692567599,9.8));
#5341 = VECTOR('',#5342,1.);
#5342 = DIRECTION('',(0.793353340291,-0.608761429009,9.715776287805E-17)
  );
#5343 = ORIENTED_EDGE('',*,*,#5282,.F.);
#5344 = PLANE('',#5345);
#5345 = AXIS2_PLACEMENT_3D('',#5346,#5347,#5348);
#5346 = CARTESIAN_POINT('',(2.185477872934,2.604551106605,11.1));
#5347 = DIRECTION('',(0.608761429009,0.793353340291,7.455177354799E-17)
  );
#5348 = DIRECTION('',(-0.793353340291,0.608761429009,-9.715776287805E-17
    ));
#5349 = ADVANCED_FACE('',(#5350),#5368,.T.);
#5350 = FACE_BOUND('',#5351,.T.);
#5351 = EDGE_LOOP('',(#5352,#5353,#5354,#5362));
#5352 = ORIENTED_EDGE('',*,*,#2949,.F.);
#5353 = ORIENTED_EDGE('',*,*,#5315,.T.);
#5354 = ORIENTED_EDGE('',*,*,#5355,.F.);
#5355 = EDGE_CURVE('',#5356,#5308,#5358,.T.);
#5356 = VERTEX_POINT('',#5357);
#5357 = CARTESIAN_POINT('',(1.778504745293,4.886401628087,9.8));
#5358 = LINE('',#5359,#5360);
#5359 = CARTESIAN_POINT('',(1.454020462223,4.988711129549,9.8));
#5360 = VECTOR('',#5361,1.);
#5361 = DIRECTION('',(-0.953716950748,0.300705799504,-1.167966411026E-16
    ));
#5362 = ORIENTED_EDGE('',*,*,#5363,.F.);
#5363 = EDGE_CURVE('',#2950,#5356,#5364,.T.);
#5364 = LINE('',#5365,#5366);
#5365 = CARTESIAN_POINT('',(1.778504745293,4.886401628087,11.1));
#5366 = VECTOR('',#5367,1.);
#5367 = DIRECTION('',(1.224646799147E-16,0.,-1.));
#5368 = PLANE('',#5369);
#5369 = AXIS2_PLACEMENT_3D('',#5370,#5371,#5372);
#5370 = CARTESIAN_POINT('',(1.345859034533,5.022814296703,11.1));
#5371 = DIRECTION('',(-0.300705799504,-0.953716950748,-3.68258394848E-17
    ));
#5372 = DIRECTION('',(0.953716950748,-0.300705799504,1.167966411026E-16)
  );
#5373 = ADVANCED_FACE('',(#5374),#5392,.T.);
#5374 = FACE_BOUND('',#5375,.T.);
#5375 = EDGE_LOOP('',(#5376,#5377,#5385,#5391));
#5376 = ORIENTED_EDGE('',*,*,#3070,.F.);
#5377 = ORIENTED_EDGE('',*,*,#5378,.T.);
#5378 = EDGE_CURVE('',#3063,#5379,#5381,.T.);
#5379 = VERTEX_POINT('',#5380);
#5380 = CARTESIAN_POINT('',(2.404163056034,2.404163056034,9.8));
#5381 = LINE('',#5382,#5383);
#5382 = CARTESIAN_POINT('',(2.404163056034,2.404163056034,11.1));
#5383 = VECTOR('',#5384,1.);
#5384 = DIRECTION('',(1.224646799147E-16,0.,-1.));
#5385 = ORIENTED_EDGE('',*,*,#5386,.F.);
#5386 = EDGE_CURVE('',#5331,#5379,#5387,.T.);
#5387 = LINE('',#5388,#5389);
#5388 = CARTESIAN_POINT('',(2.349491760259,2.454260068677,9.8));
#5389 = VECTOR('',#5390,1.);
#5390 = DIRECTION('',(0.73727733681,-0.675590207616,9.029043306084E-17)
  );
#5391 = ORIENTED_EDGE('',*,*,#5330,.F.);
#5392 = PLANE('',#5393);
#5393 = AXIS2_PLACEMENT_3D('',#5394,#5395,#5396);
#5394 = CARTESIAN_POINT('',(2.404163056034,2.404163056034,11.1));
#5395 = DIRECTION('',(0.675590207616,0.73727733681,8.273593852918E-17));
#5396 = DIRECTION('',(-0.73727733681,0.675590207616,-9.029043306084E-17)
  );
#5397 = ADVANCED_FACE('',(#5398),#5416,.T.);
#5398 = FACE_BOUND('',#5399,.T.);
#5399 = EDGE_LOOP('',(#5400,#5401,#5402,#5410));
#5400 = ORIENTED_EDGE('',*,*,#2957,.F.);
#5401 = ORIENTED_EDGE('',*,*,#5363,.T.);
#5402 = ORIENTED_EDGE('',*,*,#5403,.F.);
#5403 = EDGE_CURVE('',#5404,#5356,#5406,.T.);
#5404 = VERTEX_POINT('',#5405);
#5405 = CARTESIAN_POINT('',(2.197614961052,4.712800492591,9.8));
#5406 = LINE('',#5407,#5408);
#5407 = CARTESIAN_POINT('',(1.883282299233,4.843001344213,9.8));
#5408 = VECTOR('',#5409,1.);
#5409 = DIRECTION('',(-0.923879532511,0.382683432365,-1.131426112288E-16
    ));
#5410 = ORIENTED_EDGE('',*,*,#5411,.F.);
#5411 = EDGE_CURVE('',#2958,#5404,#5412,.T.);
#5412 = LINE('',#5413,#5414);
#5413 = CARTESIAN_POINT('',(2.197614961052,4.712800492591,11.1));
#5414 = VECTOR('',#5415,1.);
#5415 = DIRECTION('',(1.224646799147E-16,0.,-1.));
#5416 = PLANE('',#5417);
#5417 = AXIS2_PLACEMENT_3D('',#5418,#5419,#5420);
#5418 = CARTESIAN_POINT('',(1.778504745293,4.886401628087,11.1));
#5419 = DIRECTION('',(-0.382683432365,-0.923879532511,
    -4.686520405326E-17));
#5420 = DIRECTION('',(0.923879532511,-0.382683432365,1.131426112288E-16)
  );
#5421 = ADVANCED_FACE('',(#5422),#5440,.T.);
#5422 = FACE_BOUND('',#5423,.T.);
#5423 = EDGE_LOOP('',(#5424,#5425,#5433,#5439));
#5424 = ORIENTED_EDGE('',*,*,#3062,.F.);
#5425 = ORIENTED_EDGE('',*,*,#5426,.T.);
#5426 = EDGE_CURVE('',#3055,#5427,#5429,.T.);
#5427 = VERTEX_POINT('',#5428);
#5428 = CARTESIAN_POINT('',(2.604551106605,2.185477872934,9.8));
#5429 = LINE('',#5430,#5431);
#5430 = CARTESIAN_POINT('',(2.604551106605,2.185477872934,11.1));
#5431 = VECTOR('',#5432,1.);
#5432 = DIRECTION('',(1.224646799147E-16,0.,-1.));
#5433 = ORIENTED_EDGE('',*,*,#5434,.F.);
#5434 = EDGE_CURVE('',#5379,#5427,#5435,.T.);
#5435 = LINE('',#5436,#5437);
#5436 = CARTESIAN_POINT('',(2.554454093962,2.240149168709,9.8));
#5437 = VECTOR('',#5438,1.);
#5438 = DIRECTION('',(0.675590207616,-0.73727733681,8.273593852918E-17)
  );
#5439 = ORIENTED_EDGE('',*,*,#5378,.F.);
#5440 = PLANE('',#5441);
#5441 = AXIS2_PLACEMENT_3D('',#5442,#5443,#5444);
#5442 = CARTESIAN_POINT('',(2.604551106605,2.185477872934,11.1));
#5443 = DIRECTION('',(0.73727733681,0.675590207616,9.029043306084E-17));
#5444 = DIRECTION('',(-0.675590207616,0.73727733681,-8.273593852918E-17)
  );
#5445 = ADVANCED_FACE('',(#5446),#5464,.T.);
#5446 = FACE_BOUND('',#5447,.T.);
#5447 = EDGE_LOOP('',(#5448,#5449,#5450,#5458));
#5448 = ORIENTED_EDGE('',*,*,#2965,.F.);
#5449 = ORIENTED_EDGE('',*,*,#5411,.T.);
#5450 = ORIENTED_EDGE('',*,*,#5451,.F.);
#5451 = EDGE_CURVE('',#5452,#5404,#5454,.T.);
#5452 = VERTEX_POINT('',#5453);
#5453 = CARTESIAN_POINT('',(2.6,4.503332099679,9.8));
#5454 = LINE('',#5455,#5456);
#5455 = CARTESIAN_POINT('',(2.298211220789,4.660433394363,9.8));
#5456 = VECTOR('',#5457,1.);
#5457 = DIRECTION('',(-0.887010833178,0.461748613235,-1.086274977661E-16
    ));
#5458 = ORIENTED_EDGE('',*,*,#5459,.F.);
#5459 = EDGE_CURVE('',#2966,#5452,#5460,.T.);
#5460 = LINE('',#5461,#5462);
#5461 = CARTESIAN_POINT('',(2.6,4.503332099679,11.1));
#5462 = VECTOR('',#5463,1.);
#5463 = DIRECTION('',(1.224646799147E-16,0.,-1.));
#5464 = PLANE('',#5465);
#5465 = AXIS2_PLACEMENT_3D('',#5466,#5467,#5468);
#5466 = CARTESIAN_POINT('',(2.197614961052,4.712800492591,11.1));
#5467 = DIRECTION('',(-0.461748613235,-0.887010833178,-5.65478961209E-17
    ));
#5468 = DIRECTION('',(0.887010833178,-0.461748613235,1.086274977661E-16)
  );
#5469 = ADVANCED_FACE('',(#5470),#5488,.T.);
#5470 = FACE_BOUND('',#5471,.T.);
#5471 = EDGE_LOOP('',(#5472,#5473,#5481,#5487));
#5472 = ORIENTED_EDGE('',*,*,#3054,.F.);
#5473 = ORIENTED_EDGE('',*,*,#5474,.T.);
#5474 = EDGE_CURVE('',#3047,#5475,#5477,.T.);
#5475 = VERTEX_POINT('',#5476);
#5476 = CARTESIAN_POINT('',(2.785116950583,1.950159883594,9.8));
#5477 = LINE('',#5478,#5479);
#5478 = CARTESIAN_POINT('',(2.785116950583,1.950159883594,11.1));
#5479 = VECTOR('',#5480,1.);
#5480 = DIRECTION('',(1.224646799147E-16,0.,-1.));
#5481 = ORIENTED_EDGE('',*,*,#5482,.F.);
#5482 = EDGE_CURVE('',#5427,#5475,#5483,.T.);
#5483 = LINE('',#5484,#5485);
#5484 = CARTESIAN_POINT('',(2.739975489588,2.008989380929,9.8));
#5485 = VECTOR('',#5486,1.);
#5486 = DIRECTION('',(0.608761429009,-0.793353340291,7.455177354799E-17)
  );
#5487 = ORIENTED_EDGE('',*,*,#5426,.F.);
#5488 = PLANE('',#5489);
#5489 = AXIS2_PLACEMENT_3D('',#5490,#5491,#5492);
#5490 = CARTESIAN_POINT('',(2.785116950583,1.950159883594,11.1));
#5491 = DIRECTION('',(0.793353340291,0.608761429009,9.715776287805E-17)
  );
#5492 = DIRECTION('',(-0.608761429009,0.793353340291,-7.455177354799E-17
    ));
#5493 = ADVANCED_FACE('',(#5494),#5512,.T.);
#5494 = FACE_BOUND('',#5495,.T.);
#5495 = EDGE_LOOP('',(#5496,#5497,#5498,#5506));
#5496 = ORIENTED_EDGE('',*,*,#2973,.F.);
#5497 = ORIENTED_EDGE('',*,*,#5459,.T.);
#5498 = ORIENTED_EDGE('',*,*,#5499,.F.);
#5499 = EDGE_CURVE('',#5500,#5452,#5502,.T.);
#5500 = VERTEX_POINT('',#5501);
#5501 = CARTESIAN_POINT('',(2.982597469025,4.259590630303,9.8));
#5502 = LINE('',#5503,#5504);
#5503 = CARTESIAN_POINT('',(2.695649367256,4.442396732335,9.8));
#5504 = VECTOR('',#5505,1.);
#5505 = DIRECTION('',(-0.843391445813,0.537299608347,-1.032856634543E-16
    ));
#5506 = ORIENTED_EDGE('',*,*,#5507,.F.);
#5507 = EDGE_CURVE('',#2974,#5500,#5508,.T.);
#5508 = LINE('',#5509,#5510);
#5509 = CARTESIAN_POINT('',(2.982597469025,4.259590630303,11.1));
#5510 = VECTOR('',#5511,1.);
#5511 = DIRECTION('',(1.224646799147E-16,0.,-1.));
#5512 = PLANE('',#5513);
#5513 = AXIS2_PLACEMENT_3D('',#5514,#5515,#5516);
#5514 = CARTESIAN_POINT('',(2.6,4.503332099679,11.1));
#5515 = DIRECTION('',(-0.537299608347,-0.843391445813,
    -6.580022455451E-17));
#5516 = DIRECTION('',(0.843391445813,-0.537299608347,1.032856634543E-16)
  );
#5517 = ADVANCED_FACE('',(#5518),#5536,.T.);
#5518 = FACE_BOUND('',#5519,.T.);
#5519 = EDGE_LOOP('',(#5520,#5521,#5529,#5535));
#5520 = ORIENTED_EDGE('',*,*,#3046,.F.);
#5521 = ORIENTED_EDGE('',*,*,#5522,.T.);
#5522 = EDGE_CURVE('',#3039,#5523,#5525,.T.);
#5523 = VERTEX_POINT('',#5524);
#5524 = CARTESIAN_POINT('',(2.944486372867,1.7,9.8));
#5525 = LINE('',#5526,#5527);
#5526 = CARTESIAN_POINT('',(2.944486372867,1.7,11.1));
#5527 = VECTOR('',#5528,1.);
#5528 = DIRECTION('',(1.224646799147E-16,0.,-1.));
#5529 = ORIENTED_EDGE('',*,*,#5530,.F.);
#5530 = EDGE_CURVE('',#5475,#5523,#5531,.T.);
#5531 = LINE('',#5532,#5533);
#5532 = CARTESIAN_POINT('',(2.904644017296,1.762539970898,9.8));
#5533 = VECTOR('',#5534,1.);
#5534 = DIRECTION('',(0.537299608347,-0.843391445813,6.580022455451E-17)
  );
#5535 = ORIENTED_EDGE('',*,*,#5474,.F.);
#5536 = PLANE('',#5537);
#5537 = AXIS2_PLACEMENT_3D('',#5538,#5539,#5540);
#5538 = CARTESIAN_POINT('',(2.944486372867,1.7,11.1));
#5539 = DIRECTION('',(0.843391445813,0.537299608347,1.032856634543E-16)
  );
#5540 = DIRECTION('',(-0.537299608347,0.843391445813,-6.580022455451E-17
    ));
#5541 = ADVANCED_FACE('',(#5542),#5560,.T.);
#5542 = FACE_BOUND('',#5543,.T.);
#5543 = EDGE_LOOP('',(#5544,#5545,#5546,#5554));
#5544 = ORIENTED_EDGE('',*,*,#2981,.F.);
#5545 = ORIENTED_EDGE('',*,*,#5507,.T.);
#5546 = ORIENTED_EDGE('',*,*,#5547,.F.);
#5547 = EDGE_CURVE('',#5548,#5500,#5550,.T.);
#5548 = VERTEX_POINT('',#5549);
#5549 = CARTESIAN_POINT('',(3.34249557037,3.983431104219,9.8));
#5550 = LINE('',#5551,#5552);
#5551 = CARTESIAN_POINT('',(3.072571994362,4.190550748782,9.8));
#5552 = VECTOR('',#5553,1.);
#5553 = DIRECTION('',(-0.793353340291,0.608761429009,-9.715776287805E-17
    ));
#5554 = ORIENTED_EDGE('',*,*,#5555,.F.);
#5555 = EDGE_CURVE('',#2982,#5548,#5556,.T.);
#5556 = LINE('',#5557,#5558);
#5557 = CARTESIAN_POINT('',(3.34249557037,3.983431104219,11.1));
#5558 = VECTOR('',#5559,1.);
#5559 = DIRECTION('',(1.224646799147E-16,0.,-1.));
#5560 = PLANE('',#5561);
#5561 = AXIS2_PLACEMENT_3D('',#5562,#5563,#5564);
#5562 = CARTESIAN_POINT('',(2.982597469025,4.259590630303,11.1));
#5563 = DIRECTION('',(-0.608761429009,-0.793353340291,
    -7.455177354799E-17));
#5564 = DIRECTION('',(0.793353340291,-0.608761429009,9.715776287805E-17)
  );
#5565 = ADVANCED_FACE('',(#5566),#5584,.T.);
#5566 = FACE_BOUND('',#5567,.T.);
#5567 = EDGE_LOOP('',(#5568,#5569,#5577,#5583));
#5568 = ORIENTED_EDGE('',*,*,#3038,.F.);
#5569 = ORIENTED_EDGE('',*,*,#5570,.T.);
#5570 = EDGE_CURVE('',#3030,#5571,#5573,.T.);
#5571 = VERTEX_POINT('',#5572);
#5572 = CARTESIAN_POINT('',(3.081446475925,1.436902089918,9.8));
#5573 = LINE('',#5574,#5575);
#5574 = CARTESIAN_POINT('',(3.081446475925,1.436902089918,11.1));
#5575 = VECTOR('',#5576,1.);
#5576 = DIRECTION('',(1.224646799147E-16,0.,-1.));
#5577 = ORIENTED_EDGE('',*,*,#5578,.F.);
#5578 = EDGE_CURVE('',#5523,#5571,#5579,.T.);
#5579 = LINE('',#5580,#5581);
#5580 = CARTESIAN_POINT('',(3.04720645016,1.502676567439,9.8));
#5581 = VECTOR('',#5582,1.);
#5582 = DIRECTION('',(0.461748613235,-0.887010833178,5.65478961209E-17)
  );
#5583 = ORIENTED_EDGE('',*,*,#5522,.F.);
#5584 = PLANE('',#5585);
#5585 = AXIS2_PLACEMENT_3D('',#5586,#5587,#5588);
#5586 = CARTESIAN_POINT('',(3.081446475925,1.436902089918,11.1));
#5587 = DIRECTION('',(0.887010833178,0.461748613235,1.086274977661E-16)
  );
#5588 = DIRECTION('',(-0.461748613235,0.887010833178,-5.65478961209E-17)
  );
#5589 = ADVANCED_FACE('',(#5590),#5608,.T.);
#5590 = FACE_BOUND('',#5591,.T.);
#5591 = EDGE_LOOP('',(#5592,#5593,#5594,#5602));
#5592 = ORIENTED_EDGE('',*,*,#2989,.F.);
#5593 = ORIENTED_EDGE('',*,*,#5555,.T.);
#5594 = ORIENTED_EDGE('',*,*,#5595,.F.);
#5595 = EDGE_CURVE('',#5596,#5548,#5598,.T.);
#5596 = VERTEX_POINT('',#5597);
#5597 = CARTESIAN_POINT('',(3.67695526217,3.67695526217,9.8));
#5598 = LINE('',#5599,#5600);
#5599 = CARTESIAN_POINT('',(3.42611049332,3.906812143707,9.8));
#5600 = VECTOR('',#5601,1.);
#5601 = DIRECTION('',(-0.73727733681,0.675590207616,-9.029043306084E-17)
  );
#5602 = ORIENTED_EDGE('',*,*,#5603,.F.);
#5603 = EDGE_CURVE('',#2990,#5596,#5604,.T.);
#5604 = LINE('',#5605,#5606);
#5605 = CARTESIAN_POINT('',(3.67695526217,3.67695526217,11.1));
#5606 = VECTOR('',#5607,1.);
#5607 = DIRECTION('',(1.224646799147E-16,0.,-1.));
#5608 = PLANE('',#5609);
#5609 = AXIS2_PLACEMENT_3D('',#5610,#5611,#5612);
#5610 = CARTESIAN_POINT('',(3.34249557037,3.983431104219,11.1));
#5611 = DIRECTION('',(-0.675590207616,-0.73727733681,-8.273593852918E-17
    ));
#5612 = DIRECTION('',(0.73727733681,-0.675590207616,9.029043306084E-17)
  );
#5613 = ADVANCED_FACE('',(#5614),#5633,.F.);
#5614 = FACE_BOUND('',#5615,.F.);
#5615 = EDGE_LOOP('',(#5616,#5625,#5631,#5632));
#5616 = ORIENTED_EDGE('',*,*,#5617,.F.);
#5617 = EDGE_CURVE('',#5618,#5571,#5620,.T.);
#5618 = VERTEX_POINT('',#5619);
#5619 = CARTESIAN_POINT('',(4.676546347664,2.267258525485,9.8));
#5620 = CIRCLE('',#5621,0.9);
#5621 = AXIS2_PLACEMENT_3D('',#5622,#5623,#5624);
#5622 = CARTESIAN_POINT('',(3.897123484258,1.817258525485,9.8));
#5623 = DIRECTION('',(1.224646799147E-16,0.,-1.));
#5624 = DIRECTION('',(-1.,0.,-1.224646799147E-16));
#5625 = ORIENTED_EDGE('',*,*,#5626,.F.);
#5626 = EDGE_CURVE('',#3022,#5618,#5627,.T.);
#5627 = LINE('',#5628,#5629);
#5628 = CARTESIAN_POINT('',(4.676546347664,2.267258525485,11.1));
#5629 = VECTOR('',#5630,1.);
#5630 = DIRECTION('',(1.224646799147E-16,0.,-1.));
#5631 = ORIENTED_EDGE('',*,*,#3029,.T.);
#5632 = ORIENTED_EDGE('',*,*,#5570,.T.);
#5633 = CYLINDRICAL_SURFACE('',#5634,0.9);
#5634 = AXIS2_PLACEMENT_3D('',#5635,#5636,#5637);
#5635 = CARTESIAN_POINT('',(3.897123484258,1.817258525485,11.1));
#5636 = DIRECTION('',(1.224646799147E-16,0.,-1.));
#5637 = DIRECTION('',(-1.,0.,-1.224646799147E-16));
#5638 = ADVANCED_FACE('',(#5639),#5657,.T.);
#5639 = FACE_BOUND('',#5640,.T.);
#5640 = EDGE_LOOP('',(#5641,#5642,#5643,#5651));
#5641 = ORIENTED_EDGE('',*,*,#2997,.F.);
#5642 = ORIENTED_EDGE('',*,*,#5603,.T.);
#5643 = ORIENTED_EDGE('',*,*,#5644,.F.);
#5644 = EDGE_CURVE('',#5645,#5596,#5647,.T.);
#5645 = VERTEX_POINT('',#5646);
#5646 = CARTESIAN_POINT('',(3.983431104219,3.34249557037,9.8));
#5647 = LINE('',#5648,#5649);
#5648 = CARTESIAN_POINT('',(3.753574222682,3.59334033922,9.8));
#5649 = VECTOR('',#5650,1.);
#5650 = DIRECTION('',(-0.675590207616,0.73727733681,-8.273593852918E-17)
  );
#5651 = ORIENTED_EDGE('',*,*,#5652,.F.);
#5652 = EDGE_CURVE('',#2998,#5645,#5653,.T.);
#5653 = LINE('',#5654,#5655);
#5654 = CARTESIAN_POINT('',(3.983431104219,3.34249557037,11.1));
#5655 = VECTOR('',#5656,1.);
#5656 = DIRECTION('',(1.224646799147E-16,0.,-1.));
#5657 = PLANE('',#5658);
#5658 = AXIS2_PLACEMENT_3D('',#5659,#5660,#5661);
#5659 = CARTESIAN_POINT('',(3.67695526217,3.67695526217,11.1));
#5660 = DIRECTION('',(-0.73727733681,-0.675590207616,-9.029043306084E-17
    ));
#5661 = DIRECTION('',(0.675590207616,-0.73727733681,8.273593852918E-17)
  );
#5662 = ADVANCED_FACE('',(#5663),#5681,.T.);
#5663 = FACE_BOUND('',#5664,.T.);
#5664 = EDGE_LOOP('',(#5665,#5666,#5674,#5680));
#5665 = ORIENTED_EDGE('',*,*,#3021,.F.);
#5666 = ORIENTED_EDGE('',*,*,#5667,.T.);
#5667 = EDGE_CURVE('',#3014,#5668,#5670,.T.);
#5668 = VERTEX_POINT('',#5669);
#5669 = CARTESIAN_POINT('',(4.503332099679,2.6,9.8));
#5670 = LINE('',#5671,#5672);
#5671 = CARTESIAN_POINT('',(4.503332099679,2.6,11.1));
#5672 = VECTOR('',#5673,1.);
#5673 = DIRECTION('',(1.224646799147E-16,0.,-1.));
#5674 = ORIENTED_EDGE('',*,*,#5675,.F.);
#5675 = EDGE_CURVE('',#5618,#5668,#5676,.T.);
#5676 = LINE('',#5677,#5678);
#5677 = CARTESIAN_POINT('',(4.555699197907,2.499403740263,9.8));
#5678 = VECTOR('',#5679,1.);
#5679 = DIRECTION('',(-0.461748613235,0.887010833178,-5.65478961209E-17)
  );
#5680 = ORIENTED_EDGE('',*,*,#5626,.F.);
#5681 = PLANE('',#5682);
#5682 = AXIS2_PLACEMENT_3D('',#5683,#5684,#5685);
#5683 = CARTESIAN_POINT('',(4.503332099679,2.6,11.1));
#5684 = DIRECTION('',(-0.887010833178,-0.461748613235,
    -1.086274977661E-16));
#5685 = DIRECTION('',(0.461748613235,-0.887010833178,5.65478961209E-17)
  );
#5686 = ADVANCED_FACE('',(#5687),#5705,.T.);
#5687 = FACE_BOUND('',#5688,.T.);
#5688 = EDGE_LOOP('',(#5689,#5690,#5691,#5699));
#5689 = ORIENTED_EDGE('',*,*,#3005,.F.);
#5690 = ORIENTED_EDGE('',*,*,#5652,.T.);
#5691 = ORIENTED_EDGE('',*,*,#5692,.F.);
#5692 = EDGE_CURVE('',#5693,#5645,#5695,.T.);
#5693 = VERTEX_POINT('',#5694);
#5694 = CARTESIAN_POINT('',(4.259590630303,2.982597469025,9.8));
#5695 = LINE('',#5696,#5697);
#5696 = CARTESIAN_POINT('',(4.05247098574,3.252521045034,9.8));
#5697 = VECTOR('',#5698,1.);
#5698 = DIRECTION('',(-0.608761429009,0.793353340291,-7.455177354799E-17
    ));
#5699 = ORIENTED_EDGE('',*,*,#5700,.F.);
#5700 = EDGE_CURVE('',#3006,#5693,#5701,.T.);
#5701 = LINE('',#5702,#5703);
#5702 = CARTESIAN_POINT('',(4.259590630303,2.982597469025,11.1));
#5703 = VECTOR('',#5704,1.);
#5704 = DIRECTION('',(1.224646799147E-16,0.,-1.));
#5705 = PLANE('',#5706);
#5706 = AXIS2_PLACEMENT_3D('',#5707,#5708,#5709);
#5707 = CARTESIAN_POINT('',(3.983431104219,3.34249557037,11.1));
#5708 = DIRECTION('',(-0.793353340291,-0.608761429009,
    -9.715776287805E-17));
#5709 = DIRECTION('',(0.608761429009,-0.793353340291,7.455177354799E-17)
  );
#5710 = ADVANCED_FACE('',(#5711),#5722,.T.);
#5711 = FACE_BOUND('',#5712,.T.);
#5712 = EDGE_LOOP('',(#5713,#5714,#5715,#5721));
#5713 = ORIENTED_EDGE('',*,*,#3013,.F.);
#5714 = ORIENTED_EDGE('',*,*,#5700,.T.);
#5715 = ORIENTED_EDGE('',*,*,#5716,.F.);
#5716 = EDGE_CURVE('',#5668,#5693,#5717,.T.);
#5717 = LINE('',#5718,#5719);
#5718 = CARTESIAN_POINT('',(4.320525997647,2.886948101769,9.8));
#5719 = VECTOR('',#5720,1.);
#5720 = DIRECTION('',(-0.537299608347,0.843391445813,-6.580022455451E-17
    ));
#5721 = ORIENTED_EDGE('',*,*,#5667,.F.);
#5722 = PLANE('',#5723);
#5723 = AXIS2_PLACEMENT_3D('',#5724,#5725,#5726);
#5724 = CARTESIAN_POINT('',(4.259590630303,2.982597469025,11.1));
#5725 = DIRECTION('',(-0.843391445813,-0.537299608347,
    -1.032856634543E-16));
#5726 = DIRECTION('',(0.537299608347,-0.843391445813,6.580022455451E-17)
  );
#5727 = ADVANCED_FACE('',(#5728),#5753,.T.);
#5728 = FACE_BOUND('',#5729,.T.);
#5729 = EDGE_LOOP('',(#5730,#5731,#5739,#5747));
#5730 = ORIENTED_EDGE('',*,*,#3230,.F.);
#5731 = ORIENTED_EDGE('',*,*,#5732,.T.);
#5732 = EDGE_CURVE('',#3231,#5733,#5735,.T.);
#5733 = VERTEX_POINT('',#5734);
#5734 = CARTESIAN_POINT('',(-6.192081637059,3.575,9.8));
#5735 = LINE('',#5736,#5737);
#5736 = CARTESIAN_POINT('',(-6.192081637059,3.575,11.1));
#5737 = VECTOR('',#5738,1.);
#5738 = DIRECTION('',(1.224646799147E-16,0.,-1.));
#5739 = ORIENTED_EDGE('',*,*,#5740,.F.);
#5740 = EDGE_CURVE('',#5741,#5733,#5743,.T.);
#5741 = VERTEX_POINT('',#5742);
#5742 = CARTESIAN_POINT('',(-6.480100677312,3.021720571446,9.8));
#5743 = LINE('',#5744,#5745);
#5744 = CARTESIAN_POINT('',(-6.264086397122,3.436680142861,9.8));
#5745 = VECTOR('',#5746,1.);
#5746 = DIRECTION('',(0.461748613235,0.887010833178,5.65478961209E-17));
#5747 = ORIENTED_EDGE('',*,*,#5748,.F.);
#5748 = EDGE_CURVE('',#3233,#5741,#5749,.T.);
#5749 = LINE('',#5750,#5751);
#5750 = CARTESIAN_POINT('',(-6.480100677312,3.021720571446,11.1));
#5751 = VECTOR('',#5752,1.);
#5752 = DIRECTION('',(1.224646799147E-16,0.,-1.));
#5753 = PLANE('',#5754);
#5754 = AXIS2_PLACEMENT_3D('',#5755,#5756,#5757);
#5755 = CARTESIAN_POINT('',(-6.192081637059,3.575,11.1));
#5756 = DIRECTION('',(-0.887010833178,0.461748613235,-1.086274977661E-16
    ));
#5757 = DIRECTION('',(-0.461748613235,-0.887010833178,-5.65478961209E-17
    ));
#5758 = ADVANCED_FACE('',(#5759),#5777,.T.);
#5759 = FACE_BOUND('',#5760,.T.);
#5760 = EDGE_LOOP('',(#5761,#5762,#5770,#5776));
#5761 = ORIENTED_EDGE('',*,*,#3690,.F.);
#5762 = ORIENTED_EDGE('',*,*,#5763,.T.);
#5763 = EDGE_CURVE('',#3683,#5764,#5766,.T.);
#5764 = VERTEX_POINT('',#5765);
#5765 = CARTESIAN_POINT('',(-5.856937116666,4.10107151991,9.8));
#5766 = LINE('',#5767,#5768);
#5767 = CARTESIAN_POINT('',(-5.856937116666,4.10107151991,11.1));
#5768 = VECTOR('',#5769,1.);
#5769 = DIRECTION('',(1.224646799147E-16,0.,-1.));
#5770 = ORIENTED_EDGE('',*,*,#5771,.F.);
#5771 = EDGE_CURVE('',#5733,#5764,#5772,.T.);
#5772 = LINE('',#5773,#5774);
#5773 = CARTESIAN_POINT('',(-5.940723246764,3.969553639932,9.8));
#5774 = VECTOR('',#5775,1.);
#5775 = DIRECTION('',(0.537299608347,0.843391445813,6.580022455451E-17)
  );
#5776 = ORIENTED_EDGE('',*,*,#5732,.F.);
#5777 = PLANE('',#5778);
#5778 = AXIS2_PLACEMENT_3D('',#5779,#5780,#5781);
#5779 = CARTESIAN_POINT('',(-5.856937116666,4.10107151991,11.1));
#5780 = DIRECTION('',(-0.843391445813,0.537299608347,-1.032856634543E-16
    ));
#5781 = DIRECTION('',(-0.537299608347,-0.843391445813,
    -6.580022455451E-17));
#5782 = ADVANCED_FACE('',(#5783),#5801,.T.);
#5783 = FACE_BOUND('',#5784,.T.);
#5784 = EDGE_LOOP('',(#5785,#5786,#5787,#5795));
#5785 = ORIENTED_EDGE('',*,*,#3240,.F.);
#5786 = ORIENTED_EDGE('',*,*,#5748,.T.);
#5787 = ORIENTED_EDGE('',*,*,#5788,.F.);
#5788 = EDGE_CURVE('',#5789,#5741,#5791,.T.);
#5789 = VERTEX_POINT('',#5790);
#5790 = CARTESIAN_POINT('',(-6.718802238619,2.445444024779,9.8));
#5791 = LINE('',#5792,#5793);
#5792 = CARTESIAN_POINT('',(-6.539776067639,2.877651434779,9.8));
#5793 = VECTOR('',#5794,1.);
#5794 = DIRECTION('',(0.382683432365,0.923879532511,4.686520405326E-17)
  );
#5795 = ORIENTED_EDGE('',*,*,#5796,.F.);
#5796 = EDGE_CURVE('',#3241,#5789,#5797,.T.);
#5797 = LINE('',#5798,#5799);
#5798 = CARTESIAN_POINT('',(-6.718802238619,2.445444024779,11.1));
#5799 = VECTOR('',#5800,1.);
#5800 = DIRECTION('',(1.224646799147E-16,0.,-1.));
#5801 = PLANE('',#5802);
#5802 = AXIS2_PLACEMENT_3D('',#5803,#5804,#5805);
#5803 = CARTESIAN_POINT('',(-6.480100677312,3.021720571446,11.1));
#5804 = DIRECTION('',(-0.923879532511,0.382683432365,-1.131426112288E-16
    ));
#5805 = DIRECTION('',(-0.382683432365,-0.923879532511,
    -4.686520405326E-17));
#5806 = ADVANCED_FACE('',(#5807),#5825,.T.);
#5807 = FACE_BOUND('',#5808,.T.);
#5808 = EDGE_LOOP('',(#5809,#5810,#5818,#5824));
#5809 = ORIENTED_EDGE('',*,*,#3682,.F.);
#5810 = ORIENTED_EDGE('',*,*,#5811,.T.);
#5811 = EDGE_CURVE('',#3675,#5812,#5814,.T.);
#5812 = VERTEX_POINT('',#5813);
#5813 = CARTESIAN_POINT('',(-5.477217768301,4.595931409259,9.8));
#5814 = LINE('',#5815,#5816);
#5815 = CARTESIAN_POINT('',(-5.477217768301,4.595931409259,11.1));
#5816 = VECTOR('',#5817,1.);
#5817 = DIRECTION('',(1.224646799147E-16,0.,-1.));
#5818 = ORIENTED_EDGE('',*,*,#5819,.F.);
#5819 = EDGE_CURVE('',#5764,#5812,#5820,.T.);
#5820 = LINE('',#5821,#5822);
#5821 = CARTESIAN_POINT('',(-5.572147605392,4.472216436922,9.8));
#5822 = VECTOR('',#5823,1.);
#5823 = DIRECTION('',(0.608761429009,0.793353340291,7.455177354799E-17)
  );
#5824 = ORIENTED_EDGE('',*,*,#5763,.F.);
#5825 = PLANE('',#5826);
#5826 = AXIS2_PLACEMENT_3D('',#5827,#5828,#5829);
#5827 = CARTESIAN_POINT('',(-5.477217768301,4.595931409259,11.1));
#5828 = DIRECTION('',(-0.793353340291,0.608761429009,-9.715776287805E-17
    ));
#5829 = DIRECTION('',(-0.608761429009,-0.793353340291,
    -7.455177354799E-17));
#5830 = ADVANCED_FACE('',(#5831),#5850,.F.);
#5831 = FACE_BOUND('',#5832,.F.);
#5832 = EDGE_LOOP('',(#5833,#5834,#5842,#5849));
#5833 = ORIENTED_EDGE('',*,*,#3248,.T.);
#5834 = ORIENTED_EDGE('',*,*,#5835,.T.);
#5835 = EDGE_CURVE('',#3249,#5836,#5838,.T.);
#5836 = VERTEX_POINT('',#5837);
#5837 = CARTESIAN_POINT('',(-8.472502626051,3.171850509592,9.8));
#5838 = LINE('',#5839,#5840);
#5839 = CARTESIAN_POINT('',(-8.472502626051,3.171850509592,11.1));
#5840 = VECTOR('',#5841,1.);
#5841 = DIRECTION('',(1.224646799147E-16,0.,-1.));
#5842 = ORIENTED_EDGE('',*,*,#5843,.F.);
#5843 = EDGE_CURVE('',#5789,#5836,#5844,.T.);
#5844 = CIRCLE('',#5845,0.95);
#5845 = AXIS2_PLACEMENT_3D('',#5846,#5847,#5848);
#5846 = CARTESIAN_POINT('',(-7.611510228366,2.770363160938,9.8));
#5847 = DIRECTION('',(1.224646799147E-16,0.,-1.));
#5848 = DIRECTION('',(-1.,0.,-1.224646799147E-16));
#5849 = ORIENTED_EDGE('',*,*,#5796,.F.);
#5850 = CYLINDRICAL_SURFACE('',#5851,0.95);
#5851 = AXIS2_PLACEMENT_3D('',#5852,#5853,#5854);
#5852 = CARTESIAN_POINT('',(-7.611510228366,2.770363160938,11.1));
#5853 = DIRECTION('',(1.224646799147E-16,0.,-1.));
#5854 = DIRECTION('',(-1.,0.,-1.224646799147E-16));
#5855 = ADVANCED_FACE('',(#5856),#5874,.T.);
#5856 = FACE_BOUND('',#5857,.T.);
#5857 = EDGE_LOOP('',(#5858,#5859,#5867,#5873));
#5858 = ORIENTED_EDGE('',*,*,#3674,.F.);
#5859 = ORIENTED_EDGE('',*,*,#5860,.T.);
#5860 = EDGE_CURVE('',#3667,#5861,#5863,.T.);
#5861 = VERTEX_POINT('',#5862);
#5862 = CARTESIAN_POINT('',(-5.055813485484,5.055813485484,9.8));
#5863 = LINE('',#5864,#5865);
#5864 = CARTESIAN_POINT('',(-5.055813485484,5.055813485484,11.1));
#5865 = VECTOR('',#5866,1.);
#5866 = DIRECTION('',(1.224646799147E-16,0.,-1.));
#5867 = ORIENTED_EDGE('',*,*,#5868,.F.);
#5868 = EDGE_CURVE('',#5812,#5861,#5869,.T.);
#5869 = LINE('',#5870,#5871);
#5870 = CARTESIAN_POINT('',(-5.161164556188,4.940842966428,9.8));
#5871 = VECTOR('',#5872,1.);
#5872 = DIRECTION('',(0.675590207616,0.73727733681,8.273593852918E-17));
#5873 = ORIENTED_EDGE('',*,*,#5811,.F.);
#5874 = PLANE('',#5875);
#5875 = AXIS2_PLACEMENT_3D('',#5876,#5877,#5878);
#5876 = CARTESIAN_POINT('',(-5.055813485484,5.055813485484,11.1));
#5877 = DIRECTION('',(-0.73727733681,0.675590207616,-9.029043306084E-17)
  );
#5878 = DIRECTION('',(-0.675590207616,-0.73727733681,-8.273593852918E-17
    ));
#5879 = ADVANCED_FACE('',(#5880),#5898,.T.);
#5880 = FACE_BOUND('',#5881,.T.);
#5881 = EDGE_LOOP('',(#5882,#5883,#5884,#5892));
#5882 = ORIENTED_EDGE('',*,*,#3257,.F.);
#5883 = ORIENTED_EDGE('',*,*,#5835,.T.);
#5884 = ORIENTED_EDGE('',*,*,#5885,.F.);
#5885 = EDGE_CURVE('',#5886,#5836,#5888,.T.);
#5886 = VERTEX_POINT('',#5887);
#5887 = CARTESIAN_POINT('',(-8.202085472682,3.824695268753,9.8));
#5888 = LINE('',#5889,#5890);
#5889 = CARTESIAN_POINT('',(-8.428685031755,3.277635540011,9.8));
#5890 = VECTOR('',#5891,1.);
#5891 = DIRECTION('',(-0.382683432365,-0.923879532511,
    -4.686520405326E-17));
#5892 = ORIENTED_EDGE('',*,*,#5893,.F.);
#5893 = EDGE_CURVE('',#3258,#5886,#5894,.T.);
#5894 = LINE('',#5895,#5896);
#5895 = CARTESIAN_POINT('',(-8.202085472682,3.824695268753,11.1));
#5896 = VECTOR('',#5897,1.);
#5897 = DIRECTION('',(1.224646799147E-16,0.,-1.));
#5898 = PLANE('',#5899);
#5899 = AXIS2_PLACEMENT_3D('',#5900,#5901,#5902);
#5900 = CARTESIAN_POINT('',(-8.504218218112,3.095282297097,11.1));
#5901 = DIRECTION('',(0.923879532511,-0.382683432365,1.131426112288E-16)
  );
#5902 = DIRECTION('',(0.382683432365,0.923879532511,4.686520405326E-17)
  );
#5903 = ADVANCED_FACE('',(#5904),#5922,.T.);
#5904 = FACE_BOUND('',#5905,.T.);
#5905 = EDGE_LOOP('',(#5906,#5907,#5915,#5921));
#5906 = ORIENTED_EDGE('',*,*,#3666,.F.);
#5907 = ORIENTED_EDGE('',*,*,#5908,.T.);
#5908 = EDGE_CURVE('',#3659,#5909,#5911,.T.);
#5909 = VERTEX_POINT('',#5910);
#5910 = CARTESIAN_POINT('',(-4.595931409259,5.477217768301,9.8));
#5911 = LINE('',#5912,#5913);
#5912 = CARTESIAN_POINT('',(-4.595931409259,5.477217768301,11.1));
#5913 = VECTOR('',#5914,1.);
#5914 = DIRECTION('',(1.224646799147E-16,0.,-1.));
#5915 = ORIENTED_EDGE('',*,*,#5916,.F.);
#5916 = EDGE_CURVE('',#5861,#5909,#5917,.T.);
#5917 = LINE('',#5918,#5919);
#5918 = CARTESIAN_POINT('',(-4.710901928315,5.371866697596,9.8));
#5919 = VECTOR('',#5920,1.);
#5920 = DIRECTION('',(0.73727733681,0.675590207616,9.029043306084E-17));
#5921 = ORIENTED_EDGE('',*,*,#5860,.F.);
#5922 = PLANE('',#5923);
#5923 = AXIS2_PLACEMENT_3D('',#5924,#5925,#5926);
#5924 = CARTESIAN_POINT('',(-4.595931409259,5.477217768301,11.1));
#5925 = DIRECTION('',(-0.675590207616,0.73727733681,-8.273593852918E-17)
  );
#5926 = DIRECTION('',(-0.73727733681,-0.675590207616,-9.029043306084E-17
    ));
#5927 = ADVANCED_FACE('',(#5928),#5946,.T.);
#5928 = FACE_BOUND('',#5929,.T.);
#5929 = EDGE_LOOP('',(#5930,#5931,#5932,#5940));
#5930 = ORIENTED_EDGE('',*,*,#3265,.F.);
#5931 = ORIENTED_EDGE('',*,*,#5893,.T.);
#5932 = ORIENTED_EDGE('',*,*,#5933,.F.);
#5933 = EDGE_CURVE('',#5934,#5886,#5936,.T.);
#5934 = VERTEX_POINT('',#5935);
#5935 = CARTESIAN_POINT('',(-7.837529904249,4.525,9.8));
#5936 = LINE('',#5937,#5938);
#5937 = CARTESIAN_POINT('',(-8.110946580574,3.999771451565,9.8));
#5938 = VECTOR('',#5939,1.);
#5939 = DIRECTION('',(-0.461748613235,-0.887010833178,-5.65478961209E-17
    ));
#5940 = ORIENTED_EDGE('',*,*,#5941,.F.);
#5941 = EDGE_CURVE('',#3266,#5934,#5942,.T.);
#5942 = LINE('',#5943,#5944);
#5943 = CARTESIAN_POINT('',(-7.837529904249,4.525,11.1));
#5944 = VECTOR('',#5945,1.);
#5945 = DIRECTION('',(1.224646799147E-16,0.,-1.));
#5946 = PLANE('',#5947);
#5947 = AXIS2_PLACEMENT_3D('',#5948,#5949,#5950);
#5948 = CARTESIAN_POINT('',(-8.202085472682,3.824695268753,11.1));
#5949 = DIRECTION('',(0.887010833178,-0.461748613235,1.086274977661E-16)
  );
#5950 = DIRECTION('',(0.461748613235,0.887010833178,5.65478961209E-17));
#5951 = ADVANCED_FACE('',(#5952),#5970,.T.);
#5952 = FACE_BOUND('',#5953,.T.);
#5953 = EDGE_LOOP('',(#5954,#5955,#5963,#5969));
#5954 = ORIENTED_EDGE('',*,*,#3658,.F.);
#5955 = ORIENTED_EDGE('',*,*,#5956,.T.);
#5956 = EDGE_CURVE('',#3651,#5957,#5959,.T.);
#5957 = VERTEX_POINT('',#5958);
#5958 = CARTESIAN_POINT('',(-4.10107151991,5.856937116666,9.8));
#5959 = LINE('',#5960,#5961);
#5960 = CARTESIAN_POINT('',(-4.10107151991,5.856937116666,11.1));
#5961 = VECTOR('',#5962,1.);
#5962 = DIRECTION('',(1.224646799147E-16,0.,-1.));
#5963 = ORIENTED_EDGE('',*,*,#5964,.F.);
#5964 = EDGE_CURVE('',#5909,#5957,#5965,.T.);
#5965 = LINE('',#5966,#5967);
#5966 = CARTESIAN_POINT('',(-4.224786492247,5.762007279575,9.8));
#5967 = VECTOR('',#5968,1.);
#5968 = DIRECTION('',(0.793353340291,0.608761429009,9.715776287805E-17)
  );
#5969 = ORIENTED_EDGE('',*,*,#5908,.F.);
#5970 = PLANE('',#5971);
#5971 = AXIS2_PLACEMENT_3D('',#5972,#5973,#5974);
#5972 = CARTESIAN_POINT('',(-4.10107151991,5.856937116666,11.1));
#5973 = DIRECTION('',(-0.608761429009,0.793353340291,-7.455177354799E-17
    ));
#5974 = DIRECTION('',(-0.793353340291,-0.608761429009,
    -9.715776287805E-17));
#5975 = ADVANCED_FACE('',(#5976),#5994,.T.);
#5976 = FACE_BOUND('',#5977,.T.);
#5977 = EDGE_LOOP('',(#5978,#5979,#5980,#5988));
#5978 = ORIENTED_EDGE('',*,*,#3273,.F.);
#5979 = ORIENTED_EDGE('',*,*,#5941,.T.);
#5980 = ORIENTED_EDGE('',*,*,#5981,.F.);
#5981 = EDGE_CURVE('',#5982,#5934,#5984,.T.);
#5982 = VERTEX_POINT('',#5983);
#5983 = CARTESIAN_POINT('',(-7.413326000815,5.190866748977,9.8));
#5984 = LINE('',#5985,#5986);
#5985 = CARTESIAN_POINT('',(-7.731478928391,4.691466687244,9.8));
#5986 = VECTOR('',#5987,1.);
#5987 = DIRECTION('',(-0.537299608347,-0.843391445813,
    -6.580022455451E-17));
#5988 = ORIENTED_EDGE('',*,*,#5989,.F.);
#5989 = EDGE_CURVE('',#3274,#5982,#5990,.T.);
#5990 = LINE('',#5991,#5992);
#5991 = CARTESIAN_POINT('',(-7.413326000815,5.190866748977,11.1));
#5992 = VECTOR('',#5993,1.);
#5993 = DIRECTION('',(1.224646799147E-16,0.,-1.));
#5994 = PLANE('',#5995);
#5995 = AXIS2_PLACEMENT_3D('',#5996,#5997,#5998);
#5996 = CARTESIAN_POINT('',(-7.837529904249,4.525,11.1));
#5997 = DIRECTION('',(0.843391445813,-0.537299608347,1.032856634543E-16)
  );
#5998 = DIRECTION('',(0.537299608347,0.843391445813,6.580022455451E-17)
  );
#5999 = ADVANCED_FACE('',(#6000),#6018,.T.);
#6000 = FACE_BOUND('',#6001,.T.);
#6001 = EDGE_LOOP('',(#6002,#6003,#6011,#6017));
#6002 = ORIENTED_EDGE('',*,*,#3650,.F.);
#6003 = ORIENTED_EDGE('',*,*,#6004,.T.);
#6004 = EDGE_CURVE('',#3643,#6005,#6007,.T.);
#6005 = VERTEX_POINT('',#6006);
#6006 = CARTESIAN_POINT('',(-3.575,6.192081637059,9.8));
#6007 = LINE('',#6008,#6009);
#6008 = CARTESIAN_POINT('',(-3.575,6.192081637059,11.1));
#6009 = VECTOR('',#6010,1.);
#6010 = DIRECTION('',(1.224646799147E-16,0.,-1.));
#6011 = ORIENTED_EDGE('',*,*,#6012,.F.);
#6012 = EDGE_CURVE('',#5957,#6005,#6013,.T.);
#6013 = LINE('',#6014,#6015);
#6014 = CARTESIAN_POINT('',(-3.706517879977,6.108295506961,9.8));
#6015 = VECTOR('',#6016,1.);
#6016 = DIRECTION('',(0.843391445813,0.537299608347,1.032856634543E-16)
  );
#6017 = ORIENTED_EDGE('',*,*,#5956,.F.);
#6018 = PLANE('',#6019);
#6019 = AXIS2_PLACEMENT_3D('',#6020,#6021,#6022);
#6020 = CARTESIAN_POINT('',(-3.575,6.192081637059,11.1));
#6021 = DIRECTION('',(-0.537299608347,0.843391445813,-6.580022455451E-17
    ));
#6022 = DIRECTION('',(-0.843391445813,-0.537299608347,
    -1.032856634543E-16));
#6023 = ADVANCED_FACE('',(#6024),#6042,.T.);
#6024 = FACE_BOUND('',#6025,.T.);
#6025 = EDGE_LOOP('',(#6026,#6027,#6028,#6036));
#6026 = ORIENTED_EDGE('',*,*,#3281,.F.);
#6027 = ORIENTED_EDGE('',*,*,#5989,.T.);
#6028 = ORIENTED_EDGE('',*,*,#6029,.F.);
#6029 = EDGE_CURVE('',#6030,#5982,#6032,.T.);
#6030 = VERTEX_POINT('',#6031);
#6031 = CARTESIAN_POINT('',(-6.932702210227,5.817227867663,9.8));
#6032 = LINE('',#6033,#6034);
#6033 = CARTESIAN_POINT('',(-7.293170053168,5.347457028649,9.8));
#6034 = VECTOR('',#6035,1.);
#6035 = DIRECTION('',(-0.608761429009,-0.793353340291,
    -7.455177354799E-17));
#6036 = ORIENTED_EDGE('',*,*,#6037,.F.);
#6037 = EDGE_CURVE('',#3282,#6030,#6038,.T.);
#6038 = LINE('',#6039,#6040);
#6039 = CARTESIAN_POINT('',(-6.932702210227,5.817227867663,11.1));
#6040 = VECTOR('',#6041,1.);
#6041 = DIRECTION('',(1.224646799147E-16,0.,-1.));
#6042 = PLANE('',#6043);
#6043 = AXIS2_PLACEMENT_3D('',#6044,#6045,#6046);
#6044 = CARTESIAN_POINT('',(-7.413326000815,5.190866748977,11.1));
#6045 = DIRECTION('',(0.793353340291,-0.608761429009,9.715776287805E-17)
  );
#6046 = DIRECTION('',(0.608761429009,0.793353340291,7.455177354799E-17)
  );
#6047 = ADVANCED_FACE('',(#6048),#6066,.T.);
#6048 = FACE_BOUND('',#6049,.T.);
#6049 = EDGE_LOOP('',(#6050,#6051,#6059,#6065));
#6050 = ORIENTED_EDGE('',*,*,#3642,.F.);
#6051 = ORIENTED_EDGE('',*,*,#6052,.T.);
#6052 = EDGE_CURVE('',#3635,#6053,#6055,.T.);
#6053 = VERTEX_POINT('',#6054);
#6054 = CARTESIAN_POINT('',(-3.021720571446,6.480100677312,9.8));
#6055 = LINE('',#6056,#6057);
#6056 = CARTESIAN_POINT('',(-3.021720571446,6.480100677312,11.1));
#6057 = VECTOR('',#6058,1.);
#6058 = DIRECTION('',(1.224646799147E-16,0.,-1.));
#6059 = ORIENTED_EDGE('',*,*,#6060,.F.);
#6060 = EDGE_CURVE('',#6005,#6053,#6061,.T.);
#6061 = LINE('',#6062,#6063);
#6062 = CARTESIAN_POINT('',(-3.160040428585,6.408095917249,9.8));
#6063 = VECTOR('',#6064,1.);
#6064 = DIRECTION('',(0.887010833178,0.461748613235,1.086274977661E-16)
  );
#6065 = ORIENTED_EDGE('',*,*,#6004,.F.);
#6066 = PLANE('',#6067);
#6067 = AXIS2_PLACEMENT_3D('',#6068,#6069,#6070);
#6068 = CARTESIAN_POINT('',(-3.021720571446,6.480100677312,11.1));
#6069 = DIRECTION('',(-0.461748613235,0.887010833178,-5.65478961209E-17)
  );
#6070 = DIRECTION('',(-0.887010833178,-0.461748613235,
    -1.086274977661E-16));
#6071 = ADVANCED_FACE('',(#6072),#6090,.T.);
#6072 = FACE_BOUND('',#6073,.T.);
#6073 = EDGE_LOOP('',(#6074,#6075,#6076,#6084));
#6074 = ORIENTED_EDGE('',*,*,#3289,.F.);
#6075 = ORIENTED_EDGE('',*,*,#6037,.T.);
#6076 = ORIENTED_EDGE('',*,*,#6077,.F.);
#6077 = EDGE_CURVE('',#6078,#6030,#6080,.T.);
#6078 = VERTEX_POINT('',#6079);
#6079 = CARTESIAN_POINT('',(-6.399316369738,6.399316369738,9.8));
#6080 = LINE('',#6081,#6082);
#6081 = CARTESIAN_POINT('',(-6.799355750105,5.962749993182,9.8));
#6082 = VECTOR('',#6083,1.);
#6083 = DIRECTION('',(-0.675590207616,-0.73727733681,-8.273593852918E-17
    ));
#6084 = ORIENTED_EDGE('',*,*,#6085,.F.);
#6085 = EDGE_CURVE('',#3290,#6078,#6086,.T.);
#6086 = LINE('',#6087,#6088);
#6087 = CARTESIAN_POINT('',(-6.399316369738,6.399316369738,11.1));
#6088 = VECTOR('',#6089,1.);
#6089 = DIRECTION('',(1.224646799147E-16,0.,-1.));
#6090 = PLANE('',#6091);
#6091 = AXIS2_PLACEMENT_3D('',#6092,#6093,#6094);
#6092 = CARTESIAN_POINT('',(-6.932702210227,5.817227867663,11.1));
#6093 = DIRECTION('',(0.73727733681,-0.675590207616,9.029043306084E-17)
  );
#6094 = DIRECTION('',(0.675590207616,0.73727733681,8.273593852918E-17));
#6095 = ADVANCED_FACE('',(#6096),#6114,.T.);
#6096 = FACE_BOUND('',#6097,.T.);
#6097 = EDGE_LOOP('',(#6098,#6099,#6107,#6113));
#6098 = ORIENTED_EDGE('',*,*,#3634,.F.);
#6099 = ORIENTED_EDGE('',*,*,#6100,.T.);
#6100 = EDGE_CURVE('',#3627,#6101,#6103,.T.);
#6101 = VERTEX_POINT('',#6102);
#6102 = CARTESIAN_POINT('',(-2.445444024779,6.718802238619,9.8));
#6103 = LINE('',#6104,#6105);
#6104 = CARTESIAN_POINT('',(-2.445444024779,6.718802238619,11.1));
#6105 = VECTOR('',#6106,1.);
#6106 = DIRECTION('',(1.224646799147E-16,0.,-1.));
#6107 = ORIENTED_EDGE('',*,*,#6108,.F.);
#6108 = EDGE_CURVE('',#6053,#6101,#6109,.T.);
#6109 = LINE('',#6110,#6111);
#6110 = CARTESIAN_POINT('',(-2.589513161445,6.659126848292,9.8));
#6111 = VECTOR('',#6112,1.);
#6112 = DIRECTION('',(0.923879532511,0.382683432365,1.131426112288E-16)
  );
#6113 = ORIENTED_EDGE('',*,*,#6052,.F.);
#6114 = PLANE('',#6115);
#6115 = AXIS2_PLACEMENT_3D('',#6116,#6117,#6118);
#6116 = CARTESIAN_POINT('',(-2.445444024779,6.718802238619,11.1));
#6117 = DIRECTION('',(-0.382683432365,0.923879532511,-4.686520405326E-17
    ));
#6118 = DIRECTION('',(-0.923879532511,-0.382683432365,
    -1.131426112288E-16));
#6119 = ADVANCED_FACE('',(#6120),#6138,.T.);
#6120 = FACE_BOUND('',#6121,.T.);
#6121 = EDGE_LOOP('',(#6122,#6123,#6124,#6132));
#6122 = ORIENTED_EDGE('',*,*,#3297,.F.);
#6123 = ORIENTED_EDGE('',*,*,#6085,.T.);
#6124 = ORIENTED_EDGE('',*,*,#6125,.F.);
#6125 = EDGE_CURVE('',#6126,#6078,#6128,.T.);
#6126 = VERTEX_POINT('',#6127);
#6127 = CARTESIAN_POINT('',(-5.817227867663,6.932702210227,9.8));
#6128 = LINE('',#6129,#6130);
#6129 = CARTESIAN_POINT('',(-6.253794244219,6.53266282986,9.8));
#6130 = VECTOR('',#6131,1.);
#6131 = DIRECTION('',(-0.73727733681,-0.675590207616,-9.029043306084E-17
    ));
#6132 = ORIENTED_EDGE('',*,*,#6133,.F.);
#6133 = EDGE_CURVE('',#3298,#6126,#6134,.T.);
#6134 = LINE('',#6135,#6136);
#6135 = CARTESIAN_POINT('',(-5.817227867663,6.932702210227,11.1));
#6136 = VECTOR('',#6137,1.);
#6137 = DIRECTION('',(1.224646799147E-16,0.,-1.));
#6138 = PLANE('',#6139);
#6139 = AXIS2_PLACEMENT_3D('',#6140,#6141,#6142);
#6140 = CARTESIAN_POINT('',(-6.399316369738,6.399316369738,11.1));
#6141 = DIRECTION('',(0.675590207616,-0.73727733681,8.273593852918E-17)
  );
#6142 = DIRECTION('',(0.73727733681,0.675590207616,9.029043306084E-17));
#6143 = ADVANCED_FACE('',(#6144),#6162,.T.);
#6144 = FACE_BOUND('',#6145,.T.);
#6145 = EDGE_LOOP('',(#6146,#6147,#6155,#6161));
#6146 = ORIENTED_EDGE('',*,*,#3626,.F.);
#6147 = ORIENTED_EDGE('',*,*,#6148,.T.);
#6148 = EDGE_CURVE('',#3619,#6149,#6151,.T.);
#6149 = VERTEX_POINT('',#6150);
#6150 = CARTESIAN_POINT('',(-1.850556172483,6.906369657967,9.8));
#6151 = LINE('',#6152,#6153);
#6152 = CARTESIAN_POINT('',(-1.850556172483,6.906369657967,11.1));
#6153 = VECTOR('',#6154,1.);
#6154 = DIRECTION('',(1.224646799147E-16,0.,-1.));
#6155 = ORIENTED_EDGE('',*,*,#6156,.F.);
#6156 = EDGE_CURVE('',#6101,#6149,#6157,.T.);
#6157 = LINE('',#6158,#6159);
#6158 = CARTESIAN_POINT('',(-1.999278135557,6.85947780313,9.8));
#6159 = VECTOR('',#6160,1.);
#6160 = DIRECTION('',(0.953716950748,0.300705799504,1.167966411026E-16)
  );
#6161 = ORIENTED_EDGE('',*,*,#6100,.F.);
#6162 = PLANE('',#6163);
#6163 = AXIS2_PLACEMENT_3D('',#6164,#6165,#6166);
#6164 = CARTESIAN_POINT('',(-1.850556172483,6.906369657967,11.1));
#6165 = DIRECTION('',(-0.300705799504,0.953716950748,-3.68258394848E-17)
  );
#6166 = DIRECTION('',(-0.953716950748,-0.300705799504,
    -1.167966411026E-16));
#6167 = ADVANCED_FACE('',(#6168),#6186,.T.);
#6168 = FACE_BOUND('',#6169,.T.);
#6169 = EDGE_LOOP('',(#6170,#6171,#6172,#6180));
#6170 = ORIENTED_EDGE('',*,*,#3305,.F.);
#6171 = ORIENTED_EDGE('',*,*,#6133,.T.);
#6172 = ORIENTED_EDGE('',*,*,#6173,.F.);
#6173 = EDGE_CURVE('',#6174,#6126,#6176,.T.);
#6174 = VERTEX_POINT('',#6175);
#6175 = CARTESIAN_POINT('',(-5.190866748977,7.413326000815,9.8));
#6176 = LINE('',#6177,#6178);
#6177 = CARTESIAN_POINT('',(-5.660637587992,7.052858157874,9.8));
#6178 = VECTOR('',#6179,1.);
#6179 = DIRECTION('',(-0.793353340291,-0.608761429009,
    -9.715776287805E-17));
#6180 = ORIENTED_EDGE('',*,*,#6181,.F.);
#6181 = EDGE_CURVE('',#3306,#6174,#6182,.T.);
#6182 = LINE('',#6183,#6184);
#6183 = CARTESIAN_POINT('',(-5.190866748977,7.413326000815,11.1));
#6184 = VECTOR('',#6185,1.);
#6185 = DIRECTION('',(1.224646799147E-16,0.,-1.));
#6186 = PLANE('',#6187);
#6187 = AXIS2_PLACEMENT_3D('',#6188,#6189,#6190);
#6188 = CARTESIAN_POINT('',(-5.817227867663,6.932702210227,11.1));
#6189 = DIRECTION('',(0.608761429009,-0.793353340291,7.455177354799E-17)
  );
#6190 = DIRECTION('',(0.793353340291,0.608761429009,9.715776287805E-17)
  );
#6191 = ADVANCED_FACE('',(#6192),#6210,.T.);
#6192 = FACE_BOUND('',#6193,.T.);
#6193 = EDGE_LOOP('',(#6194,#6195,#6203,#6209));
#6194 = ORIENTED_EDGE('',*,*,#3618,.F.);
#6195 = ORIENTED_EDGE('',*,*,#6196,.T.);
#6196 = EDGE_CURVE('',#3611,#6197,#6199,.T.);
#6197 = VERTEX_POINT('',#6198);
#6198 = CARTESIAN_POINT('',(-1.241584470319,7.041375434037,9.8));
#6199 = LINE('',#6200,#6201);
#6200 = CARTESIAN_POINT('',(-1.241584470319,7.041375434037,11.1));
#6201 = VECTOR('',#6202,1.);
#6202 = DIRECTION('',(1.224646799147E-16,0.,-1.));
#6203 = ORIENTED_EDGE('',*,*,#6204,.F.);
#6204 = EDGE_CURVE('',#6149,#6197,#6205,.T.);
#6205 = LINE('',#6206,#6207);
#6206 = CARTESIAN_POINT('',(-1.39382739586,7.00762399002,9.8));
#6207 = VECTOR('',#6208,1.);
#6208 = DIRECTION('',(0.97629600712,0.216439613938,1.19561778014E-16));
#6209 = ORIENTED_EDGE('',*,*,#6148,.F.);
#6210 = PLANE('',#6211);
#6211 = AXIS2_PLACEMENT_3D('',#6212,#6213,#6214);
#6212 = CARTESIAN_POINT('',(-1.241584470319,7.041375434037,11.1));
#6213 = DIRECTION('',(-0.216439613938,0.97629600712,-2.65062080418E-17)
  );
#6214 = DIRECTION('',(-0.97629600712,-0.216439613938,-1.19561778014E-16)
  );
#6215 = ADVANCED_FACE('',(#6216),#6234,.T.);
#6216 = FACE_BOUND('',#6217,.T.);
#6217 = EDGE_LOOP('',(#6218,#6219,#6220,#6228));
#6218 = ORIENTED_EDGE('',*,*,#3313,.F.);
#6219 = ORIENTED_EDGE('',*,*,#6181,.T.);
#6220 = ORIENTED_EDGE('',*,*,#6221,.F.);
#6221 = EDGE_CURVE('',#6222,#6174,#6224,.T.);
#6222 = VERTEX_POINT('',#6223);
#6223 = CARTESIAN_POINT('',(-4.525,7.837529904249,9.8));
#6224 = LINE('',#6225,#6226);
#6225 = CARTESIAN_POINT('',(-5.024400061733,7.519376976674,9.8));
#6226 = VECTOR('',#6227,1.);
#6227 = DIRECTION('',(-0.843391445813,-0.537299608347,
    -1.032856634543E-16));
#6228 = ORIENTED_EDGE('',*,*,#6229,.F.);
#6229 = EDGE_CURVE('',#3314,#6222,#6230,.T.);
#6230 = LINE('',#6231,#6232);
#6231 = CARTESIAN_POINT('',(-4.525,7.837529904249,11.1));
#6232 = VECTOR('',#6233,1.);
#6233 = DIRECTION('',(1.224646799147E-16,0.,-1.));
#6234 = PLANE('',#6235);
#6235 = AXIS2_PLACEMENT_3D('',#6236,#6237,#6238);
#6236 = CARTESIAN_POINT('',(-5.190866748977,7.413326000815,11.1));
#6237 = DIRECTION('',(0.537299608347,-0.843391445813,6.580022455451E-17)
  );
#6238 = DIRECTION('',(0.843391445813,0.537299608347,1.032856634543E-16)
  );
#6239 = ADVANCED_FACE('',(#6240),#6258,.T.);
#6240 = FACE_BOUND('',#6241,.T.);
#6241 = EDGE_LOOP('',(#6242,#6243,#6251,#6257));
#6242 = ORIENTED_EDGE('',*,*,#3610,.F.);
#6243 = ORIENTED_EDGE('',*,*,#6244,.T.);
#6244 = EDGE_CURVE('',#3603,#6245,#6247,.T.);
#6245 = VERTEX_POINT('',#6246);
#6246 = CARTESIAN_POINT('',(-0.623163560646,7.122792091356,9.8));
#6247 = LINE('',#6248,#6249);
#6248 = CARTESIAN_POINT('',(-0.623163560646,7.122792091356,11.1));
#6249 = VECTOR('',#6250,1.);
#6250 = DIRECTION('',(1.224646799147E-16,0.,-1.));
#6251 = ORIENTED_EDGE('',*,*,#6252,.F.);
#6252 = EDGE_CURVE('',#6197,#6245,#6253,.T.);
#6253 = LINE('',#6254,#6255);
#6254 = CARTESIAN_POINT('',(-0.777768788064,7.102437927026,9.8));
#6255 = VECTOR('',#6256,1.);
#6256 = DIRECTION('',(0.991444861374,0.13052619222,1.214169776013E-16));
#6257 = ORIENTED_EDGE('',*,*,#6196,.F.);
#6258 = PLANE('',#6259);
#6259 = AXIS2_PLACEMENT_3D('',#6260,#6261,#6262);
#6260 = CARTESIAN_POINT('',(-0.623163560646,7.122792091356,11.1));
#6261 = DIRECTION('',(-0.13052619222,0.991444861374,-1.598484835072E-17)
  );
#6262 = DIRECTION('',(-0.991444861374,-0.13052619222,-1.214169776013E-16
    ));
#6263 = ADVANCED_FACE('',(#6264),#6282,.T.);
#6264 = FACE_BOUND('',#6265,.T.);
#6265 = EDGE_LOOP('',(#6266,#6267,#6268,#6276));
#6266 = ORIENTED_EDGE('',*,*,#3321,.F.);
#6267 = ORIENTED_EDGE('',*,*,#6229,.T.);
#6268 = ORIENTED_EDGE('',*,*,#6269,.F.);
#6269 = EDGE_CURVE('',#6270,#6222,#6272,.T.);
#6270 = VERTEX_POINT('',#6271);
#6271 = CARTESIAN_POINT('',(-3.824695268753,8.202085472682,9.8));
#6272 = LINE('',#6273,#6274);
#6273 = CARTESIAN_POINT('',(-4.349923817188,7.928668796357,9.8));
#6274 = VECTOR('',#6275,1.);
#6275 = DIRECTION('',(-0.887010833178,-0.461748613235,
    -1.086274977661E-16));
#6276 = ORIENTED_EDGE('',*,*,#6277,.F.);
#6277 = EDGE_CURVE('',#3322,#6270,#6278,.T.);
#6278 = LINE('',#6279,#6280);
#6279 = CARTESIAN_POINT('',(-3.824695268753,8.202085472682,11.1));
#6280 = VECTOR('',#6281,1.);
#6281 = DIRECTION('',(1.224646799147E-16,0.,-1.));
#6282 = PLANE('',#6283);
#6283 = AXIS2_PLACEMENT_3D('',#6284,#6285,#6286);
#6284 = CARTESIAN_POINT('',(-4.525,7.837529904249,11.1));
#6285 = DIRECTION('',(0.461748613235,-0.887010833178,5.65478961209E-17)
  );
#6286 = DIRECTION('',(0.887010833178,0.461748613235,1.086274977661E-16)
  );
#6287 = ADVANCED_FACE('',(#6288),#6306,.T.);
#6288 = FACE_BOUND('',#6289,.T.);
#6289 = EDGE_LOOP('',(#6290,#6291,#6299,#6305));
#6290 = ORIENTED_EDGE('',*,*,#3602,.F.);
#6291 = ORIENTED_EDGE('',*,*,#6292,.T.);
#6292 = EDGE_CURVE('',#3595,#6293,#6295,.T.);
#6293 = VERTEX_POINT('',#6294);
#6294 = CARTESIAN_POINT('',(-2.908536147975E-16,7.15,9.8));
#6295 = LINE('',#6296,#6297);
#6296 = CARTESIAN_POINT('',(-4.500576986867E-16,7.15,11.1));
#6297 = VECTOR('',#6298,1.);
#6298 = DIRECTION('',(1.224646799147E-16,0.,-1.));
#6299 = ORIENTED_EDGE('',*,*,#6300,.F.);
#6300 = EDGE_CURVE('',#6245,#6293,#6301,.T.);
#6301 = LINE('',#6302,#6303);
#6302 = CARTESIAN_POINT('',(-0.155790890161,7.143198022839,9.8));
#6303 = VECTOR('',#6304,1.);
#6304 = DIRECTION('',(0.999048221582,4.361938736534E-02,
    1.223481206754E-16));
#6305 = ORIENTED_EDGE('',*,*,#6244,.F.);
#6306 = PLANE('',#6307);
#6307 = AXIS2_PLACEMENT_3D('',#6308,#6309,#6310);
#6308 = CARTESIAN_POINT('',(-4.500576986867E-16,7.15,11.1));
#6309 = DIRECTION('',(-4.361938736534E-02,0.999048221582,
    -5.341834311773E-18));
#6310 = DIRECTION('',(-0.999048221582,-4.361938736534E-02,
    -1.223481206754E-16));
#6311 = ADVANCED_FACE('',(#6312),#6330,.T.);
#6312 = FACE_BOUND('',#6313,.T.);
#6313 = EDGE_LOOP('',(#6314,#6315,#6316,#6324));
#6314 = ORIENTED_EDGE('',*,*,#3329,.F.);
#6315 = ORIENTED_EDGE('',*,*,#6277,.T.);
#6316 = ORIENTED_EDGE('',*,*,#6317,.F.);
#6317 = EDGE_CURVE('',#6318,#6270,#6320,.T.);
#6318 = VERTEX_POINT('',#6319);
#6319 = CARTESIAN_POINT('',(-3.095282297097,8.504218218112,9.8));
#6320 = LINE('',#6321,#6322);
#6321 = CARTESIAN_POINT('',(-3.642342025839,8.277618659039,9.8));
#6322 = VECTOR('',#6323,1.);
#6323 = DIRECTION('',(-0.923879532511,-0.382683432365,
    -1.131426112288E-16));
#6324 = ORIENTED_EDGE('',*,*,#6325,.F.);
#6325 = EDGE_CURVE('',#3330,#6318,#6326,.T.);
#6326 = LINE('',#6327,#6328);
#6327 = CARTESIAN_POINT('',(-3.095282297097,8.504218218112,11.1));
#6328 = VECTOR('',#6329,1.);
#6329 = DIRECTION('',(1.224646799147E-16,0.,-1.));
#6330 = PLANE('',#6331);
#6331 = AXIS2_PLACEMENT_3D('',#6332,#6333,#6334);
#6332 = CARTESIAN_POINT('',(-3.824695268753,8.202085472682,11.1));
#6333 = DIRECTION('',(0.382683432365,-0.923879532511,4.686520405326E-17)
  );
#6334 = DIRECTION('',(0.923879532511,0.382683432365,1.131426112288E-16)
  );
#6335 = ADVANCED_FACE('',(#6336),#6354,.T.);
#6336 = FACE_BOUND('',#6337,.T.);
#6337 = EDGE_LOOP('',(#6338,#6339,#6347,#6353));
#6338 = ORIENTED_EDGE('',*,*,#3594,.F.);
#6339 = ORIENTED_EDGE('',*,*,#6340,.T.);
#6340 = EDGE_CURVE('',#3587,#6341,#6343,.T.);
#6341 = VERTEX_POINT('',#6342);
#6342 = CARTESIAN_POINT('',(0.623163560646,7.122792091356,9.8));
#6343 = LINE('',#6344,#6345);
#6344 = CARTESIAN_POINT('',(0.623163560646,7.122792091356,11.1));
#6345 = VECTOR('',#6346,1.);
#6346 = DIRECTION('',(1.224646799147E-16,0.,-1.));
#6347 = ORIENTED_EDGE('',*,*,#6348,.F.);
#6348 = EDGE_CURVE('',#6293,#6341,#6349,.T.);
#6349 = LINE('',#6350,#6351);
#6350 = CARTESIAN_POINT('',(0.467372670484,7.129594068517,9.8));
#6351 = VECTOR('',#6352,1.);
#6352 = DIRECTION('',(0.999048221582,-4.361938736534E-02,
    1.223481206754E-16));
#6353 = ORIENTED_EDGE('',*,*,#6292,.F.);
#6354 = PLANE('',#6355);
#6355 = AXIS2_PLACEMENT_3D('',#6356,#6357,#6358);
#6356 = CARTESIAN_POINT('',(0.623163560646,7.122792091356,11.1));
#6357 = DIRECTION('',(4.361938736534E-02,0.999048221582,
    5.341834311773E-18));
#6358 = DIRECTION('',(-0.999048221582,4.361938736534E-02,
    -1.223481206754E-16));
#6359 = ADVANCED_FACE('',(#6360),#6378,.T.);
#6360 = FACE_BOUND('',#6361,.T.);
#6361 = EDGE_LOOP('',(#6362,#6363,#6364,#6372));
#6362 = ORIENTED_EDGE('',*,*,#3337,.F.);
#6363 = ORIENTED_EDGE('',*,*,#6325,.T.);
#6364 = ORIENTED_EDGE('',*,*,#6365,.F.);
#6365 = EDGE_CURVE('',#6366,#6318,#6368,.T.);
#6366 = VERTEX_POINT('',#6367);
#6367 = CARTESIAN_POINT('',(-2.342312358178,8.741628727916,9.8));
#6368 = LINE('',#6369,#6370);
#6369 = CARTESIAN_POINT('',(-2.907039812367,8.563570845563,9.8));
#6370 = VECTOR('',#6371,1.);
#6371 = DIRECTION('',(-0.953716950748,-0.300705799504,
    -1.167966411026E-16));
#6372 = ORIENTED_EDGE('',*,*,#6373,.F.);
#6373 = EDGE_CURVE('',#3338,#6366,#6374,.T.);
#6374 = LINE('',#6375,#6376);
#6375 = CARTESIAN_POINT('',(-2.342312358178,8.741628727916,11.1));
#6376 = VECTOR('',#6377,1.);
#6377 = DIRECTION('',(1.224646799147E-16,0.,-1.));
#6378 = PLANE('',#6379);
#6379 = AXIS2_PLACEMENT_3D('',#6380,#6381,#6382);
#6380 = CARTESIAN_POINT('',(-3.095282297097,8.504218218112,11.1));
#6381 = DIRECTION('',(0.300705799504,-0.953716950748,3.68258394848E-17)
  );
#6382 = DIRECTION('',(0.953716950748,0.300705799504,1.167966411026E-16)
  );
#6383 = ADVANCED_FACE('',(#6384),#6402,.T.);
#6384 = FACE_BOUND('',#6385,.T.);
#6385 = EDGE_LOOP('',(#6386,#6387,#6395,#6401));
#6386 = ORIENTED_EDGE('',*,*,#3586,.F.);
#6387 = ORIENTED_EDGE('',*,*,#6388,.T.);
#6388 = EDGE_CURVE('',#3579,#6389,#6391,.T.);
#6389 = VERTEX_POINT('',#6390);
#6390 = CARTESIAN_POINT('',(1.241584470319,7.041375434037,9.8));
#6391 = LINE('',#6392,#6393);
#6392 = CARTESIAN_POINT('',(1.241584470319,7.041375434037,11.1));
#6393 = VECTOR('',#6394,1.);
#6394 = DIRECTION('',(1.224646799147E-16,0.,-1.));
#6395 = ORIENTED_EDGE('',*,*,#6396,.F.);
#6396 = EDGE_CURVE('',#6341,#6389,#6397,.T.);
#6397 = LINE('',#6398,#6399);
#6398 = CARTESIAN_POINT('',(1.0869792429,7.061729598367,9.8));
#6399 = VECTOR('',#6400,1.);
#6400 = DIRECTION('',(0.991444861374,-0.13052619222,1.214169776013E-16)
  );
#6401 = ORIENTED_EDGE('',*,*,#6340,.F.);
#6402 = PLANE('',#6403);
#6403 = AXIS2_PLACEMENT_3D('',#6404,#6405,#6406);
#6404 = CARTESIAN_POINT('',(1.241584470319,7.041375434037,11.1));
#6405 = DIRECTION('',(0.13052619222,0.991444861374,1.598484835072E-17));
#6406 = DIRECTION('',(-0.991444861374,0.13052619222,-1.214169776013E-16)
  );
#6407 = ADVANCED_FACE('',(#6408),#6426,.T.);
#6408 = FACE_BOUND('',#6409,.T.);
#6409 = EDGE_LOOP('',(#6410,#6411,#6412,#6420));
#6410 = ORIENTED_EDGE('',*,*,#3345,.F.);
#6411 = ORIENTED_EDGE('',*,*,#6373,.T.);
#6412 = ORIENTED_EDGE('',*,*,#6413,.F.);
#6413 = EDGE_CURVE('',#6414,#6366,#6416,.T.);
#6414 = VERTEX_POINT('',#6415);
#6415 = CARTESIAN_POINT('',(-1.571516007886,8.91251016476,9.8));
#6416 = LINE('',#6417,#6418);
#6417 = CARTESIAN_POINT('',(-2.149613270605,8.784349087127,9.8));
#6418 = VECTOR('',#6419,1.);
#6419 = DIRECTION('',(-0.97629600712,-0.216439613938,-1.19561778014E-16)
  );
#6420 = ORIENTED_EDGE('',*,*,#6421,.F.);
#6421 = EDGE_CURVE('',#3346,#6414,#6422,.T.);
#6422 = LINE('',#6423,#6424);
#6423 = CARTESIAN_POINT('',(-1.571516007886,8.91251016476,11.1));
#6424 = VECTOR('',#6425,1.);
#6425 = DIRECTION('',(1.224646799147E-16,0.,-1.));
#6426 = PLANE('',#6427);
#6427 = AXIS2_PLACEMENT_3D('',#6428,#6429,#6430);
#6428 = CARTESIAN_POINT('',(-2.342312358178,8.741628727916,11.1));
#6429 = DIRECTION('',(0.216439613938,-0.97629600712,2.65062080418E-17));
#6430 = DIRECTION('',(0.97629600712,0.216439613938,1.19561778014E-16));
#6431 = ADVANCED_FACE('',(#6432),#6450,.T.);
#6432 = FACE_BOUND('',#6433,.T.);
#6433 = EDGE_LOOP('',(#6434,#6435,#6443,#6449));
#6434 = ORIENTED_EDGE('',*,*,#3578,.F.);
#6435 = ORIENTED_EDGE('',*,*,#6436,.T.);
#6436 = EDGE_CURVE('',#3571,#6437,#6439,.T.);
#6437 = VERTEX_POINT('',#6438);
#6438 = CARTESIAN_POINT('',(1.850556172483,6.906369657967,9.8));
#6439 = LINE('',#6440,#6441);
#6440 = CARTESIAN_POINT('',(1.850556172483,6.906369657967,11.1));
#6441 = VECTOR('',#6442,1.);
#6442 = DIRECTION('',(1.224646799147E-16,0.,-1.));
#6443 = ORIENTED_EDGE('',*,*,#6444,.F.);
#6444 = EDGE_CURVE('',#6389,#6437,#6445,.T.);
#6445 = LINE('',#6446,#6447);
#6446 = CARTESIAN_POINT('',(1.698313246942,6.940121101984,9.8));
#6447 = VECTOR('',#6448,1.);
#6448 = DIRECTION('',(0.97629600712,-0.216439613938,1.19561778014E-16));
#6449 = ORIENTED_EDGE('',*,*,#6388,.F.);
#6450 = PLANE('',#6451);
#6451 = AXIS2_PLACEMENT_3D('',#6452,#6453,#6454);
#6452 = CARTESIAN_POINT('',(1.850556172483,6.906369657967,11.1));
#6453 = DIRECTION('',(0.216439613938,0.97629600712,2.65062080418E-17));
#6454 = DIRECTION('',(-0.97629600712,0.216439613938,-1.19561778014E-16)
  );
#6455 = ADVANCED_FACE('',(#6456),#6474,.T.);
#6456 = FACE_BOUND('',#6457,.T.);
#6457 = EDGE_LOOP('',(#6458,#6459,#6460,#6468));
#6458 = ORIENTED_EDGE('',*,*,#3353,.F.);
#6459 = ORIENTED_EDGE('',*,*,#6421,.T.);
#6460 = ORIENTED_EDGE('',*,*,#6461,.F.);
#6461 = EDGE_CURVE('',#6462,#6414,#6464,.T.);
#6462 = VERTEX_POINT('',#6463);
#6463 = CARTESIAN_POINT('',(-0.788759471866,9.01556201773,9.8));
#6464 = LINE('',#6465,#6466);
#6465 = CARTESIAN_POINT('',(-1.375826873881,8.938273128003,9.8));
#6466 = VECTOR('',#6467,1.);
#6467 = DIRECTION('',(-0.991444861374,-0.13052619222,-1.214169776013E-16
    ));
#6468 = ORIENTED_EDGE('',*,*,#6469,.F.);
#6469 = EDGE_CURVE('',#3354,#6462,#6470,.T.);
#6470 = LINE('',#6471,#6472);
#6471 = CARTESIAN_POINT('',(-0.788759471866,9.01556201773,11.1));
#6472 = VECTOR('',#6473,1.);
#6473 = DIRECTION('',(1.224646799147E-16,0.,-1.));
#6474 = PLANE('',#6475);
#6475 = AXIS2_PLACEMENT_3D('',#6476,#6477,#6478);
#6476 = CARTESIAN_POINT('',(-1.571516007886,8.91251016476,11.1));
#6477 = DIRECTION('',(0.13052619222,-0.991444861374,1.598484835072E-17)
  );
#6478 = DIRECTION('',(0.991444861374,0.13052619222,1.214169776013E-16));
#6479 = ADVANCED_FACE('',(#6480),#6498,.T.);
#6480 = FACE_BOUND('',#6481,.T.);
#6481 = EDGE_LOOP('',(#6482,#6483,#6491,#6497));
#6482 = ORIENTED_EDGE('',*,*,#3570,.F.);
#6483 = ORIENTED_EDGE('',*,*,#6484,.T.);
#6484 = EDGE_CURVE('',#3563,#6485,#6487,.T.);
#6485 = VERTEX_POINT('',#6486);
#6486 = CARTESIAN_POINT('',(2.445444024779,6.718802238619,9.8));
#6487 = LINE('',#6488,#6489);
#6488 = CARTESIAN_POINT('',(2.445444024779,6.718802238619,11.1));
#6489 = VECTOR('',#6490,1.);
#6490 = DIRECTION('',(1.224646799147E-16,0.,-1.));
#6491 = ORIENTED_EDGE('',*,*,#6492,.F.);
#6492 = EDGE_CURVE('',#6437,#6485,#6493,.T.);
#6493 = LINE('',#6494,#6495);
#6494 = CARTESIAN_POINT('',(2.296722061705,6.765694093456,9.8));
#6495 = VECTOR('',#6496,1.);
#6496 = DIRECTION('',(0.953716950748,-0.300705799504,1.167966411026E-16)
  );
#6497 = ORIENTED_EDGE('',*,*,#6436,.F.);
#6498 = PLANE('',#6499);
#6499 = AXIS2_PLACEMENT_3D('',#6500,#6501,#6502);
#6500 = CARTESIAN_POINT('',(2.445444024779,6.718802238619,11.1));
#6501 = DIRECTION('',(0.300705799504,0.953716950748,3.68258394848E-17));
#6502 = DIRECTION('',(-0.953716950748,0.300705799504,-1.167966411026E-16
    ));
#6503 = ADVANCED_FACE('',(#6504),#6522,.T.);
#6504 = FACE_BOUND('',#6505,.T.);
#6505 = EDGE_LOOP('',(#6506,#6507,#6508,#6516));
#6506 = ORIENTED_EDGE('',*,*,#3361,.F.);
#6507 = ORIENTED_EDGE('',*,*,#6469,.T.);
#6508 = ORIENTED_EDGE('',*,*,#6509,.F.);
#6509 = EDGE_CURVE('',#6510,#6462,#6512,.T.);
#6510 = VERTEX_POINT('',#6511);
#6511 = CARTESIAN_POINT('',(-4.071950607165E-16,9.05,9.8));
#6512 = LINE('',#6513,#6514);
#6513 = CARTESIAN_POINT('',(-0.5915696039,9.024171513298,9.8));
#6514 = VECTOR('',#6515,1.);
#6515 = DIRECTION('',(-0.999048221582,-4.361938736534E-02,
    -1.223481206754E-16));
#6516 = ORIENTED_EDGE('',*,*,#6517,.F.);
#6517 = EDGE_CURVE('',#3362,#6510,#6518,.T.);
#6518 = LINE('',#6519,#6520);
#6519 = CARTESIAN_POINT('',(-5.663991446057E-16,9.05,11.1));
#6520 = VECTOR('',#6521,1.);
#6521 = DIRECTION('',(1.224646799147E-16,0.,-1.));
#6522 = PLANE('',#6523);
#6523 = AXIS2_PLACEMENT_3D('',#6524,#6525,#6526);
#6524 = CARTESIAN_POINT('',(-0.788759471866,9.01556201773,11.1));
#6525 = DIRECTION('',(4.361938736534E-02,-0.999048221582,
    5.341834311773E-18));
#6526 = DIRECTION('',(0.999048221582,4.361938736534E-02,
    1.223481206754E-16));
#6527 = ADVANCED_FACE('',(#6528),#6546,.T.);
#6528 = FACE_BOUND('',#6529,.T.);
#6529 = EDGE_LOOP('',(#6530,#6531,#6539,#6545));
#6530 = ORIENTED_EDGE('',*,*,#3562,.F.);
#6531 = ORIENTED_EDGE('',*,*,#6532,.T.);
#6532 = EDGE_CURVE('',#3555,#6533,#6535,.T.);
#6533 = VERTEX_POINT('',#6534);
#6534 = CARTESIAN_POINT('',(3.021720571446,6.480100677312,9.8));
#6535 = LINE('',#6536,#6537);
#6536 = CARTESIAN_POINT('',(3.021720571446,6.480100677312,11.1));
#6537 = VECTOR('',#6538,1.);
#6538 = DIRECTION('',(1.224646799147E-16,0.,-1.));
#6539 = ORIENTED_EDGE('',*,*,#6540,.F.);
#6540 = EDGE_CURVE('',#6485,#6533,#6541,.T.);
#6541 = LINE('',#6542,#6543);
#6542 = CARTESIAN_POINT('',(2.877651434779,6.539776067639,9.8));
#6543 = VECTOR('',#6544,1.);
#6544 = DIRECTION('',(0.923879532511,-0.382683432365,1.131426112288E-16)
  );
#6545 = ORIENTED_EDGE('',*,*,#6484,.F.);
#6546 = PLANE('',#6547);
#6547 = AXIS2_PLACEMENT_3D('',#6548,#6549,#6550);
#6548 = CARTESIAN_POINT('',(3.021720571446,6.480100677312,11.1));
#6549 = DIRECTION('',(0.382683432365,0.923879532511,4.686520405326E-17)
  );
#6550 = DIRECTION('',(-0.923879532511,0.382683432365,-1.131426112288E-16
    ));
#6551 = ADVANCED_FACE('',(#6552),#6570,.T.);
#6552 = FACE_BOUND('',#6553,.T.);
#6553 = EDGE_LOOP('',(#6554,#6555,#6556,#6564));
#6554 = ORIENTED_EDGE('',*,*,#3369,.F.);
#6555 = ORIENTED_EDGE('',*,*,#6517,.T.);
#6556 = ORIENTED_EDGE('',*,*,#6557,.F.);
#6557 = EDGE_CURVE('',#6558,#6510,#6560,.T.);
#6558 = VERTEX_POINT('',#6559);
#6559 = CARTESIAN_POINT('',(0.788759471866,9.01556201773,9.8));
#6560 = LINE('',#6561,#6562);
#6561 = CARTESIAN_POINT('',(0.197189867967,9.041390504433,9.8));
#6562 = VECTOR('',#6563,1.);
#6563 = DIRECTION('',(-0.999048221582,4.361938736534E-02,
    -1.223481206754E-16));
#6564 = ORIENTED_EDGE('',*,*,#6565,.F.);
#6565 = EDGE_CURVE('',#3370,#6558,#6566,.T.);
#6566 = LINE('',#6567,#6568);
#6567 = CARTESIAN_POINT('',(0.788759471866,9.01556201773,11.1));
#6568 = VECTOR('',#6569,1.);
#6569 = DIRECTION('',(1.224646799147E-16,0.,-1.));
#6570 = PLANE('',#6571);
#6571 = AXIS2_PLACEMENT_3D('',#6572,#6573,#6574);
#6572 = CARTESIAN_POINT('',(-5.663991446057E-16,9.05,11.1));
#6573 = DIRECTION('',(-4.361938736534E-02,-0.999048221582,
    -5.341834311773E-18));
#6574 = DIRECTION('',(0.999048221582,-4.361938736534E-02,
    1.223481206754E-16));
#6575 = ADVANCED_FACE('',(#6576),#6594,.T.);
#6576 = FACE_BOUND('',#6577,.T.);
#6577 = EDGE_LOOP('',(#6578,#6579,#6587,#6593));
#6578 = ORIENTED_EDGE('',*,*,#3554,.F.);
#6579 = ORIENTED_EDGE('',*,*,#6580,.T.);
#6580 = EDGE_CURVE('',#3547,#6581,#6583,.T.);
#6581 = VERTEX_POINT('',#6582);
#6582 = CARTESIAN_POINT('',(3.575,6.192081637059,9.8));
#6583 = LINE('',#6584,#6585);
#6584 = CARTESIAN_POINT('',(3.575,6.192081637059,11.1));
#6585 = VECTOR('',#6586,1.);
#6586 = DIRECTION('',(1.224646799147E-16,0.,-1.));
#6587 = ORIENTED_EDGE('',*,*,#6588,.F.);
#6588 = EDGE_CURVE('',#6533,#6581,#6589,.T.);
#6589 = LINE('',#6590,#6591);
#6590 = CARTESIAN_POINT('',(3.436680142862,6.264086397122,9.8));
#6591 = VECTOR('',#6592,1.);
#6592 = DIRECTION('',(0.887010833178,-0.461748613235,1.086274977661E-16)
  );
#6593 = ORIENTED_EDGE('',*,*,#6532,.F.);
#6594 = PLANE('',#6595);
#6595 = AXIS2_PLACEMENT_3D('',#6596,#6597,#6598);
#6596 = CARTESIAN_POINT('',(3.575,6.192081637059,11.1));
#6597 = DIRECTION('',(0.461748613235,0.887010833178,5.65478961209E-17));
#6598 = DIRECTION('',(-0.887010833178,0.461748613235,-1.086274977661E-16
    ));
#6599 = ADVANCED_FACE('',(#6600),#6618,.T.);
#6600 = FACE_BOUND('',#6601,.T.);
#6601 = EDGE_LOOP('',(#6602,#6603,#6604,#6612));
#6602 = ORIENTED_EDGE('',*,*,#3377,.F.);
#6603 = ORIENTED_EDGE('',*,*,#6565,.T.);
#6604 = ORIENTED_EDGE('',*,*,#6605,.F.);
#6605 = EDGE_CURVE('',#6606,#6558,#6608,.T.);
#6606 = VERTEX_POINT('',#6607);
#6607 = CARTESIAN_POINT('',(1.571516007886,8.91251016476,9.8));
#6608 = LINE('',#6609,#6610);
#6609 = CARTESIAN_POINT('',(0.984448605871,8.989799054488,9.8));
#6610 = VECTOR('',#6611,1.);
#6611 = DIRECTION('',(-0.991444861374,0.13052619222,-1.214169776013E-16)
  );
#6612 = ORIENTED_EDGE('',*,*,#6613,.F.);
#6613 = EDGE_CURVE('',#3378,#6606,#6614,.T.);
#6614 = LINE('',#6615,#6616);
#6615 = CARTESIAN_POINT('',(1.571516007886,8.91251016476,11.1));
#6616 = VECTOR('',#6617,1.);
#6617 = DIRECTION('',(1.224646799147E-16,0.,-1.));
#6618 = PLANE('',#6619);
#6619 = AXIS2_PLACEMENT_3D('',#6620,#6621,#6622);
#6620 = CARTESIAN_POINT('',(0.788759471866,9.01556201773,11.1));
#6621 = DIRECTION('',(-0.13052619222,-0.991444861374,-1.598484835072E-17
    ));
#6622 = DIRECTION('',(0.991444861374,-0.13052619222,1.214169776013E-16)
  );
#6623 = ADVANCED_FACE('',(#6624),#6642,.T.);
#6624 = FACE_BOUND('',#6625,.T.);
#6625 = EDGE_LOOP('',(#6626,#6627,#6635,#6641));
#6626 = ORIENTED_EDGE('',*,*,#3546,.F.);
#6627 = ORIENTED_EDGE('',*,*,#6628,.T.);
#6628 = EDGE_CURVE('',#3539,#6629,#6631,.T.);
#6629 = VERTEX_POINT('',#6630);
#6630 = CARTESIAN_POINT('',(4.10107151991,5.856937116666,9.8));
#6631 = LINE('',#6632,#6633);
#6632 = CARTESIAN_POINT('',(4.10107151991,5.856937116666,11.1));
#6633 = VECTOR('',#6634,1.);
#6634 = DIRECTION('',(1.224646799147E-16,0.,-1.));
#6635 = ORIENTED_EDGE('',*,*,#6636,.F.);
#6636 = EDGE_CURVE('',#6581,#6629,#6637,.T.);
#6637 = LINE('',#6638,#6639);
#6638 = CARTESIAN_POINT('',(3.969553639932,5.940723246764,9.8));
#6639 = VECTOR('',#6640,1.);
#6640 = DIRECTION('',(0.843391445813,-0.537299608347,1.032856634543E-16)
  );
#6641 = ORIENTED_EDGE('',*,*,#6580,.F.);
#6642 = PLANE('',#6643);
#6643 = AXIS2_PLACEMENT_3D('',#6644,#6645,#6646);
#6644 = CARTESIAN_POINT('',(4.10107151991,5.856937116666,11.1));
#6645 = DIRECTION('',(0.537299608347,0.843391445813,6.580022455451E-17)
  );
#6646 = DIRECTION('',(-0.843391445813,0.537299608347,-1.032856634543E-16
    ));
#6647 = ADVANCED_FACE('',(#6648),#6666,.T.);
#6648 = FACE_BOUND('',#6649,.T.);
#6649 = EDGE_LOOP('',(#6650,#6651,#6652,#6660));
#6650 = ORIENTED_EDGE('',*,*,#3385,.F.);
#6651 = ORIENTED_EDGE('',*,*,#6613,.T.);
#6652 = ORIENTED_EDGE('',*,*,#6653,.F.);
#6653 = EDGE_CURVE('',#6654,#6606,#6656,.T.);
#6654 = VERTEX_POINT('',#6655);
#6655 = CARTESIAN_POINT('',(2.342312358178,8.741628727916,9.8));
#6656 = LINE('',#6657,#6658);
#6657 = CARTESIAN_POINT('',(1.764215095459,8.869789805549,9.8));
#6658 = VECTOR('',#6659,1.);
#6659 = DIRECTION('',(-0.97629600712,0.216439613938,-1.19561778014E-16)
  );
#6660 = ORIENTED_EDGE('',*,*,#6661,.F.);
#6661 = EDGE_CURVE('',#3386,#6654,#6662,.T.);
#6662 = LINE('',#6663,#6664);
#6663 = CARTESIAN_POINT('',(2.342312358178,8.741628727916,11.1));
#6664 = VECTOR('',#6665,1.);
#6665 = DIRECTION('',(1.224646799147E-16,0.,-1.));
#6666 = PLANE('',#6667);
#6667 = AXIS2_PLACEMENT_3D('',#6668,#6669,#6670);
#6668 = CARTESIAN_POINT('',(1.571516007886,8.91251016476,11.1));
#6669 = DIRECTION('',(-0.216439613938,-0.97629600712,-2.65062080418E-17)
  );
#6670 = DIRECTION('',(0.97629600712,-0.216439613938,1.19561778014E-16));
#6671 = ADVANCED_FACE('',(#6672),#6690,.T.);
#6672 = FACE_BOUND('',#6673,.T.);
#6673 = EDGE_LOOP('',(#6674,#6675,#6683,#6689));
#6674 = ORIENTED_EDGE('',*,*,#3538,.F.);
#6675 = ORIENTED_EDGE('',*,*,#6676,.T.);
#6676 = EDGE_CURVE('',#3531,#6677,#6679,.T.);
#6677 = VERTEX_POINT('',#6678);
#6678 = CARTESIAN_POINT('',(4.595931409259,5.477217768301,9.8));
#6679 = LINE('',#6680,#6681);
#6680 = CARTESIAN_POINT('',(4.595931409259,5.477217768301,11.1));
#6681 = VECTOR('',#6682,1.);
#6682 = DIRECTION('',(1.224646799147E-16,0.,-1.));
#6683 = ORIENTED_EDGE('',*,*,#6684,.F.);
#6684 = EDGE_CURVE('',#6629,#6677,#6685,.T.);
#6685 = LINE('',#6686,#6687);
#6686 = CARTESIAN_POINT('',(4.472216436922,5.572147605392,9.8));
#6687 = VECTOR('',#6688,1.);
#6688 = DIRECTION('',(0.793353340291,-0.608761429009,9.715776287805E-17)
  );
#6689 = ORIENTED_EDGE('',*,*,#6628,.F.);
#6690 = PLANE('',#6691);
#6691 = AXIS2_PLACEMENT_3D('',#6692,#6693,#6694);
#6692 = CARTESIAN_POINT('',(4.595931409259,5.477217768301,11.1));
#6693 = DIRECTION('',(0.608761429009,0.793353340291,7.455177354799E-17)
  );
#6694 = DIRECTION('',(-0.793353340291,0.608761429009,-9.715776287805E-17
    ));
#6695 = ADVANCED_FACE('',(#6696),#6714,.T.);
#6696 = FACE_BOUND('',#6697,.T.);
#6697 = EDGE_LOOP('',(#6698,#6699,#6700,#6708));
#6698 = ORIENTED_EDGE('',*,*,#3393,.F.);
#6699 = ORIENTED_EDGE('',*,*,#6661,.T.);
#6700 = ORIENTED_EDGE('',*,*,#6701,.F.);
#6701 = EDGE_CURVE('',#6702,#6654,#6704,.T.);
#6702 = VERTEX_POINT('',#6703);
#6703 = CARTESIAN_POINT('',(3.095282297097,8.504218218112,9.8));
#6704 = LINE('',#6705,#6706);
#6705 = CARTESIAN_POINT('',(2.530554842908,8.682276100465,9.8));
#6706 = VECTOR('',#6707,1.);
#6707 = DIRECTION('',(-0.953716950748,0.300705799504,-1.167966411026E-16
    ));
#6708 = ORIENTED_EDGE('',*,*,#6709,.F.);
#6709 = EDGE_CURVE('',#3394,#6702,#6710,.T.);
#6710 = LINE('',#6711,#6712);
#6711 = CARTESIAN_POINT('',(3.095282297097,8.504218218112,11.1));
#6712 = VECTOR('',#6713,1.);
#6713 = DIRECTION('',(1.224646799147E-16,0.,-1.));
#6714 = PLANE('',#6715);
#6715 = AXIS2_PLACEMENT_3D('',#6716,#6717,#6718);
#6716 = CARTESIAN_POINT('',(2.342312358178,8.741628727916,11.1));
#6717 = DIRECTION('',(-0.300705799504,-0.953716950748,-3.68258394848E-17
    ));
#6718 = DIRECTION('',(0.953716950748,-0.300705799504,1.167966411026E-16)
  );
#6719 = ADVANCED_FACE('',(#6720),#6738,.T.);
#6720 = FACE_BOUND('',#6721,.T.);
#6721 = EDGE_LOOP('',(#6722,#6723,#6731,#6737));
#6722 = ORIENTED_EDGE('',*,*,#3530,.F.);
#6723 = ORIENTED_EDGE('',*,*,#6724,.T.);
#6724 = EDGE_CURVE('',#3523,#6725,#6727,.T.);
#6725 = VERTEX_POINT('',#6726);
#6726 = CARTESIAN_POINT('',(5.055813485484,5.055813485484,9.8));
#6727 = LINE('',#6728,#6729);
#6728 = CARTESIAN_POINT('',(5.055813485484,5.055813485484,11.1));
#6729 = VECTOR('',#6730,1.);
#6730 = DIRECTION('',(1.224646799147E-16,0.,-1.));
#6731 = ORIENTED_EDGE('',*,*,#6732,.F.);
#6732 = EDGE_CURVE('',#6677,#6725,#6733,.T.);
#6733 = LINE('',#6734,#6735);
#6734 = CARTESIAN_POINT('',(4.940842966428,5.161164556188,9.8));
#6735 = VECTOR('',#6736,1.);
#6736 = DIRECTION('',(0.73727733681,-0.675590207616,9.029043306084E-17)
  );
#6737 = ORIENTED_EDGE('',*,*,#6676,.F.);
#6738 = PLANE('',#6739);
#6739 = AXIS2_PLACEMENT_3D('',#6740,#6741,#6742);
#6740 = CARTESIAN_POINT('',(5.055813485484,5.055813485484,11.1));
#6741 = DIRECTION('',(0.675590207616,0.73727733681,8.273593852918E-17));
#6742 = DIRECTION('',(-0.73727733681,0.675590207616,-9.029043306084E-17)
  );
#6743 = ADVANCED_FACE('',(#6744),#6762,.T.);
#6744 = FACE_BOUND('',#6745,.T.);
#6745 = EDGE_LOOP('',(#6746,#6747,#6748,#6756));
#6746 = ORIENTED_EDGE('',*,*,#3401,.F.);
#6747 = ORIENTED_EDGE('',*,*,#6709,.T.);
#6748 = ORIENTED_EDGE('',*,*,#6749,.F.);
#6749 = EDGE_CURVE('',#6750,#6702,#6752,.T.);
#6750 = VERTEX_POINT('',#6751);
#6751 = CARTESIAN_POINT('',(3.824695268753,8.202085472682,9.8));
#6752 = LINE('',#6753,#6754);
#6753 = CARTESIAN_POINT('',(3.277635540011,8.428685031755,9.8));
#6754 = VECTOR('',#6755,1.);
#6755 = DIRECTION('',(-0.923879532511,0.382683432365,-1.131426112288E-16
    ));
#6756 = ORIENTED_EDGE('',*,*,#6757,.F.);
#6757 = EDGE_CURVE('',#3402,#6750,#6758,.T.);
#6758 = LINE('',#6759,#6760);
#6759 = CARTESIAN_POINT('',(3.824695268753,8.202085472682,11.1));
#6760 = VECTOR('',#6761,1.);
#6761 = DIRECTION('',(1.224646799147E-16,0.,-1.));
#6762 = PLANE('',#6763);
#6763 = AXIS2_PLACEMENT_3D('',#6764,#6765,#6766);
#6764 = CARTESIAN_POINT('',(3.095282297097,8.504218218112,11.1));
#6765 = DIRECTION('',(-0.382683432365,-0.923879532511,
    -4.686520405326E-17));
#6766 = DIRECTION('',(0.923879532511,-0.382683432365,1.131426112288E-16)
  );
#6767 = ADVANCED_FACE('',(#6768),#6786,.T.);
#6768 = FACE_BOUND('',#6769,.T.);
#6769 = EDGE_LOOP('',(#6770,#6771,#6779,#6785));
#6770 = ORIENTED_EDGE('',*,*,#3522,.F.);
#6771 = ORIENTED_EDGE('',*,*,#6772,.T.);
#6772 = EDGE_CURVE('',#3515,#6773,#6775,.T.);
#6773 = VERTEX_POINT('',#6774);
#6774 = CARTESIAN_POINT('',(5.477217768301,4.595931409259,9.8));
#6775 = LINE('',#6776,#6777);
#6776 = CARTESIAN_POINT('',(5.477217768301,4.595931409259,11.1));
#6777 = VECTOR('',#6778,1.);
#6778 = DIRECTION('',(1.224646799147E-16,0.,-1.));
#6779 = ORIENTED_EDGE('',*,*,#6780,.F.);
#6780 = EDGE_CURVE('',#6725,#6773,#6781,.T.);
#6781 = LINE('',#6782,#6783);
#6782 = CARTESIAN_POINT('',(5.371866697596,4.710901928315,9.8));
#6783 = VECTOR('',#6784,1.);
#6784 = DIRECTION('',(0.675590207616,-0.73727733681,8.273593852918E-17)
  );
#6785 = ORIENTED_EDGE('',*,*,#6724,.F.);
#6786 = PLANE('',#6787);
#6787 = AXIS2_PLACEMENT_3D('',#6788,#6789,#6790);
#6788 = CARTESIAN_POINT('',(5.477217768301,4.595931409259,11.1));
#6789 = DIRECTION('',(0.73727733681,0.675590207616,9.029043306084E-17));
#6790 = DIRECTION('',(-0.675590207616,0.73727733681,-8.273593852918E-17)
  );
#6791 = ADVANCED_FACE('',(#6792),#6810,.T.);
#6792 = FACE_BOUND('',#6793,.T.);
#6793 = EDGE_LOOP('',(#6794,#6795,#6796,#6804));
#6794 = ORIENTED_EDGE('',*,*,#3409,.F.);
#6795 = ORIENTED_EDGE('',*,*,#6757,.T.);
#6796 = ORIENTED_EDGE('',*,*,#6797,.F.);
#6797 = EDGE_CURVE('',#6798,#6750,#6800,.T.);
#6798 = VERTEX_POINT('',#6799);
#6799 = CARTESIAN_POINT('',(4.525,7.837529904249,9.8));
#6800 = LINE('',#6801,#6802);
#6801 = CARTESIAN_POINT('',(3.999771451565,8.110946580574,9.8));
#6802 = VECTOR('',#6803,1.);
#6803 = DIRECTION('',(-0.887010833178,0.461748613235,-1.086274977661E-16
    ));
#6804 = ORIENTED_EDGE('',*,*,#6805,.F.);
#6805 = EDGE_CURVE('',#3410,#6798,#6806,.T.);
#6806 = LINE('',#6807,#6808);
#6807 = CARTESIAN_POINT('',(4.525,7.837529904249,11.1));
#6808 = VECTOR('',#6809,1.);
#6809 = DIRECTION('',(1.224646799147E-16,0.,-1.));
#6810 = PLANE('',#6811);
#6811 = AXIS2_PLACEMENT_3D('',#6812,#6813,#6814);
#6812 = CARTESIAN_POINT('',(3.824695268753,8.202085472682,11.1));
#6813 = DIRECTION('',(-0.461748613235,-0.887010833178,-5.65478961209E-17
    ));
#6814 = DIRECTION('',(0.887010833178,-0.461748613235,1.086274977661E-16)
  );
#6815 = ADVANCED_FACE('',(#6816),#6834,.T.);
#6816 = FACE_BOUND('',#6817,.T.);
#6817 = EDGE_LOOP('',(#6818,#6819,#6827,#6833));
#6818 = ORIENTED_EDGE('',*,*,#3514,.F.);
#6819 = ORIENTED_EDGE('',*,*,#6820,.T.);
#6820 = EDGE_CURVE('',#3507,#6821,#6823,.T.);
#6821 = VERTEX_POINT('',#6822);
#6822 = CARTESIAN_POINT('',(5.856937116666,4.10107151991,9.8));
#6823 = LINE('',#6824,#6825);
#6824 = CARTESIAN_POINT('',(5.856937116666,4.10107151991,11.1));
#6825 = VECTOR('',#6826,1.);
#6826 = DIRECTION('',(1.224646799147E-16,0.,-1.));
#6827 = ORIENTED_EDGE('',*,*,#6828,.F.);
#6828 = EDGE_CURVE('',#6773,#6821,#6829,.T.);
#6829 = LINE('',#6830,#6831);
#6830 = CARTESIAN_POINT('',(5.762007279575,4.224786492247,9.8));
#6831 = VECTOR('',#6832,1.);
#6832 = DIRECTION('',(0.608761429009,-0.793353340291,7.455177354799E-17)
  );
#6833 = ORIENTED_EDGE('',*,*,#6772,.F.);
#6834 = PLANE('',#6835);
#6835 = AXIS2_PLACEMENT_3D('',#6836,#6837,#6838);
#6836 = CARTESIAN_POINT('',(5.856937116666,4.10107151991,11.1));
#6837 = DIRECTION('',(0.793353340291,0.608761429009,9.715776287805E-17)
  );
#6838 = DIRECTION('',(-0.608761429009,0.793353340291,-7.455177354799E-17
    ));
#6839 = ADVANCED_FACE('',(#6840),#6858,.T.);
#6840 = FACE_BOUND('',#6841,.T.);
#6841 = EDGE_LOOP('',(#6842,#6843,#6844,#6852));
#6842 = ORIENTED_EDGE('',*,*,#3417,.F.);
#6843 = ORIENTED_EDGE('',*,*,#6805,.T.);
#6844 = ORIENTED_EDGE('',*,*,#6845,.F.);
#6845 = EDGE_CURVE('',#6846,#6798,#6848,.T.);
#6846 = VERTEX_POINT('',#6847);
#6847 = CARTESIAN_POINT('',(5.190866748977,7.413326000815,9.8));
#6848 = LINE('',#6849,#6850);
#6849 = CARTESIAN_POINT('',(4.691466687244,7.731478928391,9.8));
#6850 = VECTOR('',#6851,1.);
#6851 = DIRECTION('',(-0.843391445813,0.537299608347,-1.032856634543E-16
    ));
#6852 = ORIENTED_EDGE('',*,*,#6853,.F.);
#6853 = EDGE_CURVE('',#3418,#6846,#6854,.T.);
#6854 = LINE('',#6855,#6856);
#6855 = CARTESIAN_POINT('',(5.190866748977,7.413326000815,11.1));
#6856 = VECTOR('',#6857,1.);
#6857 = DIRECTION('',(1.224646799147E-16,0.,-1.));
#6858 = PLANE('',#6859);
#6859 = AXIS2_PLACEMENT_3D('',#6860,#6861,#6862);
#6860 = CARTESIAN_POINT('',(4.525,7.837529904249,11.1));
#6861 = DIRECTION('',(-0.537299608347,-0.843391445813,
    -6.580022455451E-17));
#6862 = DIRECTION('',(0.843391445813,-0.537299608347,1.032856634543E-16)
  );
#6863 = ADVANCED_FACE('',(#6864),#6882,.T.);
#6864 = FACE_BOUND('',#6865,.T.);
#6865 = EDGE_LOOP('',(#6866,#6867,#6875,#6881));
#6866 = ORIENTED_EDGE('',*,*,#3506,.F.);
#6867 = ORIENTED_EDGE('',*,*,#6868,.T.);
#6868 = EDGE_CURVE('',#3499,#6869,#6871,.T.);
#6869 = VERTEX_POINT('',#6870);
#6870 = CARTESIAN_POINT('',(6.192081637059,3.575,9.8));
#6871 = LINE('',#6872,#6873);
#6872 = CARTESIAN_POINT('',(6.192081637059,3.575,11.1));
#6873 = VECTOR('',#6874,1.);
#6874 = DIRECTION('',(1.224646799147E-16,0.,-1.));
#6875 = ORIENTED_EDGE('',*,*,#6876,.F.);
#6876 = EDGE_CURVE('',#6821,#6869,#6877,.T.);
#6877 = LINE('',#6878,#6879);
#6878 = CARTESIAN_POINT('',(6.108295506961,3.706517879977,9.8));
#6879 = VECTOR('',#6880,1.);
#6880 = DIRECTION('',(0.537299608347,-0.843391445813,6.580022455451E-17)
  );
#6881 = ORIENTED_EDGE('',*,*,#6820,.F.);
#6882 = PLANE('',#6883);
#6883 = AXIS2_PLACEMENT_3D('',#6884,#6885,#6886);
#6884 = CARTESIAN_POINT('',(6.192081637059,3.575,11.1));
#6885 = DIRECTION('',(0.843391445813,0.537299608347,1.032856634543E-16)
  );
#6886 = DIRECTION('',(-0.537299608347,0.843391445813,-6.580022455451E-17
    ));
#6887 = ADVANCED_FACE('',(#6888),#6906,.T.);
#6888 = FACE_BOUND('',#6889,.T.);
#6889 = EDGE_LOOP('',(#6890,#6891,#6892,#6900));
#6890 = ORIENTED_EDGE('',*,*,#3425,.F.);
#6891 = ORIENTED_EDGE('',*,*,#6853,.T.);
#6892 = ORIENTED_EDGE('',*,*,#6893,.F.);
#6893 = EDGE_CURVE('',#6894,#6846,#6896,.T.);
#6894 = VERTEX_POINT('',#6895);
#6895 = CARTESIAN_POINT('',(5.817227867663,6.932702210227,9.8));
#6896 = LINE('',#6897,#6898);
#6897 = CARTESIAN_POINT('',(5.347457028649,7.293170053168,9.8));
#6898 = VECTOR('',#6899,1.);
#6899 = DIRECTION('',(-0.793353340291,0.608761429009,-9.715776287805E-17
    ));
#6900 = ORIENTED_EDGE('',*,*,#6901,.F.);
#6901 = EDGE_CURVE('',#3426,#6894,#6902,.T.);
#6902 = LINE('',#6903,#6904);
#6903 = CARTESIAN_POINT('',(5.817227867663,6.932702210227,11.1));
#6904 = VECTOR('',#6905,1.);
#6905 = DIRECTION('',(1.224646799147E-16,0.,-1.));
#6906 = PLANE('',#6907);
#6907 = AXIS2_PLACEMENT_3D('',#6908,#6909,#6910);
#6908 = CARTESIAN_POINT('',(5.190866748977,7.413326000815,11.1));
#6909 = DIRECTION('',(-0.608761429009,-0.793353340291,
    -7.455177354799E-17));
#6910 = DIRECTION('',(0.793353340291,-0.608761429009,9.715776287805E-17)
  );
#6911 = ADVANCED_FACE('',(#6912),#6930,.T.);
#6912 = FACE_BOUND('',#6913,.T.);
#6913 = EDGE_LOOP('',(#6914,#6915,#6923,#6929));
#6914 = ORIENTED_EDGE('',*,*,#3498,.F.);
#6915 = ORIENTED_EDGE('',*,*,#6916,.T.);
#6916 = EDGE_CURVE('',#3491,#6917,#6919,.T.);
#6917 = VERTEX_POINT('',#6918);
#6918 = CARTESIAN_POINT('',(6.480100677312,3.021720571446,9.8));
#6919 = LINE('',#6920,#6921);
#6920 = CARTESIAN_POINT('',(6.480100677312,3.021720571446,11.1));
#6921 = VECTOR('',#6922,1.);
#6922 = DIRECTION('',(1.224646799147E-16,0.,-1.));
#6923 = ORIENTED_EDGE('',*,*,#6924,.F.);
#6924 = EDGE_CURVE('',#6869,#6917,#6925,.T.);
#6925 = LINE('',#6926,#6927);
#6926 = CARTESIAN_POINT('',(6.408095917249,3.160040428585,9.8));
#6927 = VECTOR('',#6928,1.);
#6928 = DIRECTION('',(0.461748613235,-0.887010833178,5.65478961209E-17)
  );
#6929 = ORIENTED_EDGE('',*,*,#6868,.F.);
#6930 = PLANE('',#6931);
#6931 = AXIS2_PLACEMENT_3D('',#6932,#6933,#6934);
#6932 = CARTESIAN_POINT('',(6.480100677312,3.021720571446,11.1));
#6933 = DIRECTION('',(0.887010833178,0.461748613235,1.086274977661E-16)
  );
#6934 = DIRECTION('',(-0.461748613235,0.887010833178,-5.65478961209E-17)
  );
#6935 = ADVANCED_FACE('',(#6936),#6954,.T.);
#6936 = FACE_BOUND('',#6937,.T.);
#6937 = EDGE_LOOP('',(#6938,#6939,#6940,#6948));
#6938 = ORIENTED_EDGE('',*,*,#3433,.F.);
#6939 = ORIENTED_EDGE('',*,*,#6901,.T.);
#6940 = ORIENTED_EDGE('',*,*,#6941,.F.);
#6941 = EDGE_CURVE('',#6942,#6894,#6944,.T.);
#6942 = VERTEX_POINT('',#6943);
#6943 = CARTESIAN_POINT('',(6.399316369738,6.399316369738,9.8));
#6944 = LINE('',#6945,#6946);
#6945 = CARTESIAN_POINT('',(5.962749993182,6.799355750105,9.8));
#6946 = VECTOR('',#6947,1.);
#6947 = DIRECTION('',(-0.73727733681,0.675590207616,-9.029043306084E-17)
  );
#6948 = ORIENTED_EDGE('',*,*,#6949,.F.);
#6949 = EDGE_CURVE('',#3434,#6942,#6950,.T.);
#6950 = LINE('',#6951,#6952);
#6951 = CARTESIAN_POINT('',(6.399316369738,6.399316369738,11.1));
#6952 = VECTOR('',#6953,1.);
#6953 = DIRECTION('',(1.224646799147E-16,0.,-1.));
#6954 = PLANE('',#6955);
#6955 = AXIS2_PLACEMENT_3D('',#6956,#6957,#6958);
#6956 = CARTESIAN_POINT('',(5.817227867663,6.932702210227,11.1));
#6957 = DIRECTION('',(-0.675590207616,-0.73727733681,-8.273593852918E-17
    ));
#6958 = DIRECTION('',(0.73727733681,-0.675590207616,9.029043306084E-17)
  );
#6959 = ADVANCED_FACE('',(#6960),#6978,.T.);
#6960 = FACE_BOUND('',#6961,.T.);
#6961 = EDGE_LOOP('',(#6962,#6963,#6971,#6977));
#6962 = ORIENTED_EDGE('',*,*,#3490,.F.);
#6963 = ORIENTED_EDGE('',*,*,#6964,.T.);
#6964 = EDGE_CURVE('',#3482,#6965,#6967,.T.);
#6965 = VERTEX_POINT('',#6966);
#6966 = CARTESIAN_POINT('',(6.718802238619,2.445444024779,9.8));
#6967 = LINE('',#6968,#6969);
#6968 = CARTESIAN_POINT('',(6.718802238619,2.445444024779,11.1));
#6969 = VECTOR('',#6970,1.);
#6970 = DIRECTION('',(1.224646799147E-16,0.,-1.));
#6971 = ORIENTED_EDGE('',*,*,#6972,.F.);
#6972 = EDGE_CURVE('',#6917,#6965,#6973,.T.);
#6973 = LINE('',#6974,#6975);
#6974 = CARTESIAN_POINT('',(6.659126848292,2.589513161445,9.8));
#6975 = VECTOR('',#6976,1.);
#6976 = DIRECTION('',(0.382683432365,-0.923879532511,4.686520405326E-17)
  );
#6977 = ORIENTED_EDGE('',*,*,#6916,.F.);
#6978 = PLANE('',#6979);
#6979 = AXIS2_PLACEMENT_3D('',#6980,#6981,#6982);
#6980 = CARTESIAN_POINT('',(6.718802238619,2.445444024779,11.1));
#6981 = DIRECTION('',(0.923879532511,0.382683432365,1.131426112288E-16)
  );
#6982 = DIRECTION('',(-0.382683432365,0.923879532511,-4.686520405326E-17
    ));
#6983 = ADVANCED_FACE('',(#6984),#7002,.T.);
#6984 = FACE_BOUND('',#6985,.T.);
#6985 = EDGE_LOOP('',(#6986,#6987,#6988,#6996));
#6986 = ORIENTED_EDGE('',*,*,#3441,.F.);
#6987 = ORIENTED_EDGE('',*,*,#6949,.T.);
#6988 = ORIENTED_EDGE('',*,*,#6989,.F.);
#6989 = EDGE_CURVE('',#6990,#6942,#6992,.T.);
#6990 = VERTEX_POINT('',#6991);
#6991 = CARTESIAN_POINT('',(6.932702210227,5.817227867663,9.8));
#6992 = LINE('',#6993,#6994);
#6993 = CARTESIAN_POINT('',(6.53266282986,6.253794244219,9.8));
#6994 = VECTOR('',#6995,1.);
#6995 = DIRECTION('',(-0.675590207616,0.73727733681,-8.273593852918E-17)
  );
#6996 = ORIENTED_EDGE('',*,*,#6997,.F.);
#6997 = EDGE_CURVE('',#3442,#6990,#6998,.T.);
#6998 = LINE('',#6999,#7000);
#6999 = CARTESIAN_POINT('',(6.932702210227,5.817227867663,11.1));
#7000 = VECTOR('',#7001,1.);
#7001 = DIRECTION('',(1.224646799147E-16,0.,-1.));
#7002 = PLANE('',#7003);
#7003 = AXIS2_PLACEMENT_3D('',#7004,#7005,#7006);
#7004 = CARTESIAN_POINT('',(6.399316369738,6.399316369738,11.1));
#7005 = DIRECTION('',(-0.73727733681,-0.675590207616,-9.029043306084E-17
    ));
#7006 = DIRECTION('',(0.675590207616,-0.73727733681,8.273593852918E-17)
  );
#7007 = ADVANCED_FACE('',(#7008),#7027,.F.);
#7008 = FACE_BOUND('',#7009,.F.);
#7009 = EDGE_LOOP('',(#7010,#7019,#7025,#7026));
#7010 = ORIENTED_EDGE('',*,*,#7011,.F.);
#7011 = EDGE_CURVE('',#7012,#6965,#7014,.T.);
#7012 = VERTEX_POINT('',#7013);
#7013 = CARTESIAN_POINT('',(8.472502626051,3.171850509592,9.8));
#7014 = CIRCLE('',#7015,0.95);
#7015 = AXIS2_PLACEMENT_3D('',#7016,#7017,#7018);
#7016 = CARTESIAN_POINT('',(7.611510228366,2.770363160938,9.8));
#7017 = DIRECTION('',(1.224646799147E-16,0.,-1.));
#7018 = DIRECTION('',(-1.,0.,-1.224646799147E-16));
#7019 = ORIENTED_EDGE('',*,*,#7020,.F.);
#7020 = EDGE_CURVE('',#3474,#7012,#7021,.T.);
#7021 = LINE('',#7022,#7023);
#7022 = CARTESIAN_POINT('',(8.472502626051,3.171850509592,11.1));
#7023 = VECTOR('',#7024,1.);
#7024 = DIRECTION('',(1.224646799147E-16,0.,-1.));
#7025 = ORIENTED_EDGE('',*,*,#3481,.T.);
#7026 = ORIENTED_EDGE('',*,*,#6964,.T.);
#7027 = CYLINDRICAL_SURFACE('',#7028,0.95);
#7028 = AXIS2_PLACEMENT_3D('',#7029,#7030,#7031);
#7029 = CARTESIAN_POINT('',(7.611510228366,2.770363160938,11.1));
#7030 = DIRECTION('',(1.224646799147E-16,0.,-1.));
#7031 = DIRECTION('',(-1.,0.,-1.224646799147E-16));
#7032 = ADVANCED_FACE('',(#7033),#7051,.T.);
#7033 = FACE_BOUND('',#7034,.T.);
#7034 = EDGE_LOOP('',(#7035,#7036,#7037,#7045));
#7035 = ORIENTED_EDGE('',*,*,#3449,.F.);
#7036 = ORIENTED_EDGE('',*,*,#6997,.T.);
#7037 = ORIENTED_EDGE('',*,*,#7038,.F.);
#7038 = EDGE_CURVE('',#7039,#6990,#7041,.T.);
#7039 = VERTEX_POINT('',#7040);
#7040 = CARTESIAN_POINT('',(7.413326000815,5.190866748977,9.8));
#7041 = LINE('',#7042,#7043);
#7042 = CARTESIAN_POINT('',(7.052858157874,5.660637587992,9.8));
#7043 = VECTOR('',#7044,1.);
#7044 = DIRECTION('',(-0.608761429009,0.793353340291,-7.455177354799E-17
    ));
#7045 = ORIENTED_EDGE('',*,*,#7046,.F.);
#7046 = EDGE_CURVE('',#3450,#7039,#7047,.T.);
#7047 = LINE('',#7048,#7049);
#7048 = CARTESIAN_POINT('',(7.413326000815,5.190866748977,11.1));
#7049 = VECTOR('',#7050,1.);
#7050 = DIRECTION('',(1.224646799147E-16,0.,-1.));
#7051 = PLANE('',#7052);
#7052 = AXIS2_PLACEMENT_3D('',#7053,#7054,#7055);
#7053 = CARTESIAN_POINT('',(6.932702210227,5.817227867663,11.1));
#7054 = DIRECTION('',(-0.793353340291,-0.608761429009,
    -9.715776287805E-17));
#7055 = DIRECTION('',(0.608761429009,-0.793353340291,7.455177354799E-17)
  );
#7056 = ADVANCED_FACE('',(#7057),#7075,.T.);
#7057 = FACE_BOUND('',#7058,.T.);
#7058 = EDGE_LOOP('',(#7059,#7060,#7068,#7074));
#7059 = ORIENTED_EDGE('',*,*,#3473,.F.);
#7060 = ORIENTED_EDGE('',*,*,#7061,.T.);
#7061 = EDGE_CURVE('',#3466,#7062,#7064,.T.);
#7062 = VERTEX_POINT('',#7063);
#7063 = CARTESIAN_POINT('',(8.202085472682,3.824695268753,9.8));
#7064 = LINE('',#7065,#7066);
#7065 = CARTESIAN_POINT('',(8.202085472682,3.824695268753,11.1));
#7066 = VECTOR('',#7067,1.);
#7067 = DIRECTION('',(1.224646799147E-16,0.,-1.));
#7068 = ORIENTED_EDGE('',*,*,#7069,.F.);
#7069 = EDGE_CURVE('',#7012,#7062,#7070,.T.);
#7070 = LINE('',#7071,#7072);
#7071 = CARTESIAN_POINT('',(8.277618659039,3.642342025839,9.8));
#7072 = VECTOR('',#7073,1.);
#7073 = DIRECTION('',(-0.382683432365,0.923879532511,-4.686520405326E-17
    ));
#7074 = ORIENTED_EDGE('',*,*,#7020,.F.);
#7075 = PLANE('',#7076);
#7076 = AXIS2_PLACEMENT_3D('',#7077,#7078,#7079);
#7077 = CARTESIAN_POINT('',(8.202085472682,3.824695268753,11.1));
#7078 = DIRECTION('',(-0.923879532511,-0.382683432365,
    -1.131426112288E-16));
#7079 = DIRECTION('',(0.382683432365,-0.923879532511,4.686520405326E-17)
  );
#7080 = ADVANCED_FACE('',(#7081),#7099,.T.);
#7081 = FACE_BOUND('',#7082,.T.);
#7082 = EDGE_LOOP('',(#7083,#7084,#7085,#7093));
#7083 = ORIENTED_EDGE('',*,*,#3457,.F.);
#7084 = ORIENTED_EDGE('',*,*,#7046,.T.);
#7085 = ORIENTED_EDGE('',*,*,#7086,.F.);
#7086 = EDGE_CURVE('',#7087,#7039,#7089,.T.);
#7087 = VERTEX_POINT('',#7088);
#7088 = CARTESIAN_POINT('',(7.837529904249,4.525,9.8));
#7089 = LINE('',#7090,#7091);
#7090 = CARTESIAN_POINT('',(7.519376976674,5.024400061733,9.8));
#7091 = VECTOR('',#7092,1.);
#7092 = DIRECTION('',(-0.537299608347,0.843391445813,-6.580022455451E-17
    ));
#7093 = ORIENTED_EDGE('',*,*,#7094,.F.);
#7094 = EDGE_CURVE('',#3458,#7087,#7095,.T.);
#7095 = LINE('',#7096,#7097);
#7096 = CARTESIAN_POINT('',(7.837529904249,4.525,11.1));
#7097 = VECTOR('',#7098,1.);
#7098 = DIRECTION('',(1.224646799147E-16,0.,-1.));
#7099 = PLANE('',#7100);
#7100 = AXIS2_PLACEMENT_3D('',#7101,#7102,#7103);
#7101 = CARTESIAN_POINT('',(7.413326000815,5.190866748977,11.1));
#7102 = DIRECTION('',(-0.843391445813,-0.537299608347,
    -1.032856634543E-16));
#7103 = DIRECTION('',(0.537299608347,-0.843391445813,6.580022455451E-17)
  );
#7104 = ADVANCED_FACE('',(#7105),#7116,.T.);
#7105 = FACE_BOUND('',#7106,.T.);
#7106 = EDGE_LOOP('',(#7107,#7108,#7109,#7115));
#7107 = ORIENTED_EDGE('',*,*,#3465,.F.);
#7108 = ORIENTED_EDGE('',*,*,#7094,.T.);
#7109 = ORIENTED_EDGE('',*,*,#7110,.F.);
#7110 = EDGE_CURVE('',#7062,#7087,#7111,.T.);
#7111 = LINE('',#7112,#7113);
#7112 = CARTESIAN_POINT('',(7.928668796357,4.349923817188,9.8));
#7113 = VECTOR('',#7114,1.);
#7114 = DIRECTION('',(-0.461748613235,0.887010833178,-5.65478961209E-17)
  );
#7115 = ORIENTED_EDGE('',*,*,#7061,.F.);
#7116 = PLANE('',#7117);
#7117 = AXIS2_PLACEMENT_3D('',#7118,#7119,#7120);
#7118 = CARTESIAN_POINT('',(7.837529904249,4.525,11.1));
#7119 = DIRECTION('',(-0.887010833178,-0.461748613235,
    -1.086274977661E-16));
#7120 = DIRECTION('',(0.461748613235,-0.887010833178,5.65478961209E-17)
  );
#7121 = ADVANCED_FACE('',(#7122),#7147,.T.);
#7122 = FACE_BOUND('',#7123,.T.);
#7123 = EDGE_LOOP('',(#7124,#7125,#7133,#7141));
#7124 = ORIENTED_EDGE('',*,*,#3698,.F.);
#7125 = ORIENTED_EDGE('',*,*,#7126,.T.);
#7126 = EDGE_CURVE('',#3699,#7127,#7129,.T.);
#7127 = VERTEX_POINT('',#7128);
#7128 = CARTESIAN_POINT('',(-9.969385657403,4.648800879148,9.8));
#7129 = LINE('',#7130,#7131);
#7130 = CARTESIAN_POINT('',(-9.969385657403,4.648800879148,11.1));
#7131 = VECTOR('',#7132,1.);
#7132 = DIRECTION('',(1.224646799147E-16,0.,-1.));
#7133 = ORIENTED_EDGE('',*,*,#7134,.F.);
#7134 = EDGE_CURVE('',#7135,#7127,#7137,.T.);
#7135 = VERTEX_POINT('',#7136);
#7136 = CARTESIAN_POINT('',(-10.33661882864,3.762221576582,9.8));
#7137 = LINE('',#7138,#7139);
#7138 = CARTESIAN_POINT('',(-10.06119395021,4.427156053506,9.8));
#7139 = VECTOR('',#7140,1.);
#7140 = DIRECTION('',(0.382683432365,0.923879532511,4.686520405326E-17)
  );
#7141 = ORIENTED_EDGE('',*,*,#7142,.F.);
#7142 = EDGE_CURVE('',#3701,#7135,#7143,.T.);
#7143 = LINE('',#7144,#7145);
#7144 = CARTESIAN_POINT('',(-10.33661882864,3.762221576582,11.1));
#7145 = VECTOR('',#7146,1.);
#7146 = DIRECTION('',(1.224646799147E-16,0.,-1.));
#7147 = PLANE('',#7148);
#7148 = AXIS2_PLACEMENT_3D('',#7149,#7150,#7151);
#7149 = CARTESIAN_POINT('',(-9.969385657403,4.648800879148,11.1));
#7150 = DIRECTION('',(-0.923879532511,0.382683432365,-1.131426112288E-16
    ));
#7151 = DIRECTION('',(-0.382683432365,-0.923879532511,
    -4.686520405326E-17));
#7152 = ADVANCED_FACE('',(#7153),#7171,.T.);
#7153 = FACE_BOUND('',#7154,.T.);
#7154 = EDGE_LOOP('',(#7155,#7156,#7164,#7170));
#7155 = ORIENTED_EDGE('',*,*,#4190,.F.);
#7156 = ORIENTED_EDGE('',*,*,#7157,.T.);
#7157 = EDGE_CURVE('',#4183,#7158,#7160,.T.);
#7158 = VERTEX_POINT('',#7159);
#7159 = CARTESIAN_POINT('',(-9.526279441629,5.5,9.8));
#7160 = LINE('',#7161,#7162);
#7161 = CARTESIAN_POINT('',(-9.526279441629,5.5,11.1));
#7162 = VECTOR('',#7163,1.);
#7163 = DIRECTION('',(1.224646799147E-16,0.,-1.));
#7164 = ORIENTED_EDGE('',*,*,#7165,.F.);
#7165 = EDGE_CURVE('',#7127,#7158,#7166,.T.);
#7166 = LINE('',#7167,#7168);
#7167 = CARTESIAN_POINT('',(-9.637055995572,5.287200219787,9.8));
#7168 = VECTOR('',#7169,1.);
#7169 = DIRECTION('',(0.461748613235,0.887010833178,5.65478961209E-17));
#7170 = ORIENTED_EDGE('',*,*,#7126,.F.);
#7171 = PLANE('',#7172);
#7172 = AXIS2_PLACEMENT_3D('',#7173,#7174,#7175);
#7173 = CARTESIAN_POINT('',(-9.526279441629,5.5,11.1));
#7174 = DIRECTION('',(-0.887010833178,0.461748613235,-1.086274977661E-16
    ));
#7175 = DIRECTION('',(-0.461748613235,-0.887010833178,-5.65478961209E-17
    ));
#7176 = ADVANCED_FACE('',(#7177),#7195,.T.);
#7177 = FACE_BOUND('',#7178,.T.);
#7178 = EDGE_LOOP('',(#7179,#7180,#7181,#7189));
#7179 = ORIENTED_EDGE('',*,*,#3708,.F.);
#7180 = ORIENTED_EDGE('',*,*,#7142,.T.);
#7181 = ORIENTED_EDGE('',*,*,#7182,.F.);
#7182 = EDGE_CURVE('',#7183,#7135,#7185,.T.);
#7183 = VERTEX_POINT('',#7184);
#7184 = CARTESIAN_POINT('',(-10.62518408918,2.847009496128,9.8));
#7185 = LINE('',#7186,#7187);
#7186 = CARTESIAN_POINT('',(-10.40876014377,3.533418556469,9.8));
#7187 = VECTOR('',#7188,1.);
#7188 = DIRECTION('',(0.300705799504,0.953716950748,3.68258394848E-17));
#7189 = ORIENTED_EDGE('',*,*,#7190,.F.);
#7190 = EDGE_CURVE('',#3709,#7183,#7191,.T.);
#7191 = LINE('',#7192,#7193);
#7192 = CARTESIAN_POINT('',(-10.62518408918,2.847009496128,11.1));
#7193 = VECTOR('',#7194,1.);
#7194 = DIRECTION('',(1.224646799147E-16,0.,-1.));
#7195 = PLANE('',#7196);
#7196 = AXIS2_PLACEMENT_3D('',#7197,#7198,#7199);
#7197 = CARTESIAN_POINT('',(-10.33661882864,3.762221576582,11.1));
#7198 = DIRECTION('',(-0.953716950748,0.300705799504,-1.167966411026E-16
    ));
#7199 = DIRECTION('',(-0.300705799504,-0.953716950748,-3.68258394848E-17
    ));
#7200 = ADVANCED_FACE('',(#7201),#7219,.T.);
#7201 = FACE_BOUND('',#7202,.T.);
#7202 = EDGE_LOOP('',(#7203,#7204,#7212,#7218));
#7203 = ORIENTED_EDGE('',*,*,#4182,.F.);
#7204 = ORIENTED_EDGE('',*,*,#7205,.T.);
#7205 = EDGE_CURVE('',#4175,#7206,#7208,.T.);
#7206 = VERTEX_POINT('',#7207);
#7207 = CARTESIAN_POINT('',(-9.010672487179,6.309340799862,9.8));
#7208 = LINE('',#7209,#7210);
#7209 = CARTESIAN_POINT('',(-9.010672487179,6.309340799862,11.1));
#7210 = VECTOR('',#7211,1.);
#7211 = DIRECTION('',(1.224646799147E-16,0.,-1.));
#7212 = ORIENTED_EDGE('',*,*,#7213,.F.);
#7213 = EDGE_CURVE('',#7158,#7206,#7214,.T.);
#7214 = LINE('',#7215,#7216);
#7215 = CARTESIAN_POINT('',(-9.139574225791,6.107005599896,9.8));
#7216 = VECTOR('',#7217,1.);
#7217 = DIRECTION('',(0.537299608347,0.843391445813,6.580022455451E-17)
  );
#7218 = ORIENTED_EDGE('',*,*,#7157,.F.);
#7219 = PLANE('',#7220);
#7220 = AXIS2_PLACEMENT_3D('',#7221,#7222,#7223);
#7221 = CARTESIAN_POINT('',(-9.010672487179,6.309340799862,11.1));
#7222 = DIRECTION('',(-0.843391445813,0.537299608347,-1.032856634543E-16
    ));
#7223 = DIRECTION('',(-0.537299608347,-0.843391445813,
    -6.580022455451E-17));
#7224 = ADVANCED_FACE('',(#7225),#7244,.F.);
#7225 = FACE_BOUND('',#7226,.F.);
#7226 = EDGE_LOOP('',(#7227,#7228,#7236,#7243));
#7227 = ORIENTED_EDGE('',*,*,#3716,.T.);
#7228 = ORIENTED_EDGE('',*,*,#7229,.T.);
#7229 = EDGE_CURVE('',#3717,#7230,#7232,.T.);
#7230 = VERTEX_POINT('',#7231);
#7231 = CARTESIAN_POINT('',(-12.53080253625,3.447848684556,9.8));
#7232 = LINE('',#7233,#7234);
#7233 = CARTESIAN_POINT('',(-12.53080253625,3.447848684556,11.1));
#7234 = VECTOR('',#7235,1.);
#7235 = DIRECTION('',(1.224646799147E-16,0.,-1.));
#7236 = ORIENTED_EDGE('',*,*,#7237,.F.);
#7237 = EDGE_CURVE('',#7183,#7230,#7238,.T.);
#7238 = CIRCLE('',#7239,1.);
#7239 = AXIS2_PLACEMENT_3D('',#7240,#7241,#7242);
#7240 = CARTESIAN_POINT('',(-11.59110991546,3.10582854123,9.8));
#7241 = DIRECTION('',(1.224646799147E-16,0.,-1.));
#7242 = DIRECTION('',(-1.,0.,-1.224646799147E-16));
#7243 = ORIENTED_EDGE('',*,*,#7190,.F.);
#7244 = CYLINDRICAL_SURFACE('',#7245,1.);
#7245 = AXIS2_PLACEMENT_3D('',#7246,#7247,#7248);
#7246 = CARTESIAN_POINT('',(-11.59110991546,3.10582854123,11.1));
#7247 = DIRECTION('',(1.224646799147E-16,0.,-1.));
#7248 = DIRECTION('',(-1.,0.,-1.224646799147E-16));
#7249 = ADVANCED_FACE('',(#7250),#7268,.T.);
#7250 = FACE_BOUND('',#7251,.T.);
#7251 = EDGE_LOOP('',(#7252,#7253,#7261,#7267));
#7252 = ORIENTED_EDGE('',*,*,#4174,.F.);
#7253 = ORIENTED_EDGE('',*,*,#7254,.T.);
#7254 = EDGE_CURVE('',#4167,#7255,#7257,.T.);
#7255 = VERTEX_POINT('',#7256);
#7256 = CARTESIAN_POINT('',(-8.426488874309,7.070663706552,9.8));
#7257 = LINE('',#7258,#7259);
#7258 = CARTESIAN_POINT('',(-8.426488874309,7.070663706552,11.1));
#7259 = VECTOR('',#7260,1.);
#7260 = DIRECTION('',(1.224646799147E-16,0.,-1.));
#7261 = ORIENTED_EDGE('',*,*,#7262,.F.);
#7262 = EDGE_CURVE('',#7206,#7255,#7263,.T.);
#7263 = LINE('',#7264,#7265);
#7264 = CARTESIAN_POINT('',(-8.572534777526,6.880332979879,9.8));
#7265 = VECTOR('',#7266,1.);
#7266 = DIRECTION('',(0.608761429009,0.793353340291,7.455177354799E-17)
  );
#7267 = ORIENTED_EDGE('',*,*,#7205,.F.);
#7268 = PLANE('',#7269);
#7269 = AXIS2_PLACEMENT_3D('',#7270,#7271,#7272);
#7270 = CARTESIAN_POINT('',(-8.426488874309,7.070663706552,11.1));
#7271 = DIRECTION('',(-0.793353340291,0.608761429009,-9.715776287805E-17
    ));
#7272 = DIRECTION('',(-0.608761429009,-0.793353340291,
    -7.455177354799E-17));
#7273 = ADVANCED_FACE('',(#7274),#7292,.T.);
#7274 = FACE_BOUND('',#7275,.T.);
#7275 = EDGE_LOOP('',(#7276,#7277,#7278,#7286));
#7276 = ORIENTED_EDGE('',*,*,#3725,.F.);
#7277 = ORIENTED_EDGE('',*,*,#7229,.T.);
#7278 = ORIENTED_EDGE('',*,*,#7279,.F.);
#7279 = EDGE_CURVE('',#7280,#7230,#7282,.T.);
#7280 = VERTEX_POINT('',#7281);
#7281 = CARTESIAN_POINT('',(-12.21600407021,4.446261863234,9.8));
#7282 = LINE('',#7283,#7284);
#7283 = CARTESIAN_POINT('',(-12.47177782387,3.635051155558,9.8));
#7284 = VECTOR('',#7285,1.);
#7285 = DIRECTION('',(-0.300705799504,-0.953716950748,-3.68258394848E-17
    ));
#7286 = ORIENTED_EDGE('',*,*,#7287,.F.);
#7287 = EDGE_CURVE('',#3726,#7280,#7288,.T.);
#7288 = LINE('',#7289,#7290);
#7289 = CARTESIAN_POINT('',(-12.21600407021,4.446261863234,11.1));
#7290 = VECTOR('',#7291,1.);
#7291 = DIRECTION('',(1.224646799147E-16,0.,-1.));
#7292 = PLANE('',#7293);
#7293 = AXIS2_PLACEMENT_3D('',#7294,#7295,#7296);
#7294 = CARTESIAN_POINT('',(-12.55703574175,3.364647586333,11.1));
#7295 = DIRECTION('',(0.953716950748,-0.300705799504,1.167966411026E-16)
  );
#7296 = DIRECTION('',(0.300705799504,0.953716950748,3.68258394848E-17));
#7297 = ADVANCED_FACE('',(#7298),#7316,.T.);
#7298 = FACE_BOUND('',#7299,.T.);
#7299 = EDGE_LOOP('',(#7300,#7301,#7309,#7315));
#7300 = ORIENTED_EDGE('',*,*,#4166,.F.);
#7301 = ORIENTED_EDGE('',*,*,#7302,.T.);
#7302 = EDGE_CURVE('',#4159,#7303,#7305,.T.);
#7303 = VERTEX_POINT('',#7304);
#7304 = CARTESIAN_POINT('',(-7.778174593052,7.778174593052,9.8));
#7305 = LINE('',#7306,#7307);
#7306 = CARTESIAN_POINT('',(-7.778174593052,7.778174593052,11.1));
#7307 = VECTOR('',#7308,1.);
#7308 = DIRECTION('',(1.224646799147E-16,0.,-1.));
#7309 = ORIENTED_EDGE('',*,*,#7310,.F.);
#7310 = EDGE_CURVE('',#7255,#7303,#7311,.T.);
#7311 = LINE('',#7312,#7313);
#7312 = CARTESIAN_POINT('',(-7.940253163366,7.601296871427,9.8));
#7313 = VECTOR('',#7314,1.);
#7314 = DIRECTION('',(0.675590207616,0.73727733681,8.273593852918E-17));
#7315 = ORIENTED_EDGE('',*,*,#7254,.F.);
#7316 = PLANE('',#7317);
#7317 = AXIS2_PLACEMENT_3D('',#7318,#7319,#7320);
#7318 = CARTESIAN_POINT('',(-7.778174593052,7.778174593052,11.1));
#7319 = DIRECTION('',(-0.73727733681,0.675590207616,-9.029043306084E-17)
  );
#7320 = DIRECTION('',(-0.675590207616,-0.73727733681,-8.273593852918E-17
    ));
#7321 = ADVANCED_FACE('',(#7322),#7340,.T.);
#7322 = FACE_BOUND('',#7323,.T.);
#7323 = EDGE_LOOP('',(#7324,#7325,#7326,#7334));
#7324 = ORIENTED_EDGE('',*,*,#3733,.F.);
#7325 = ORIENTED_EDGE('',*,*,#7287,.T.);
#7326 = ORIENTED_EDGE('',*,*,#7327,.F.);
#7327 = EDGE_CURVE('',#7328,#7280,#7330,.T.);
#7328 = VERTEX_POINT('',#7329);
#7329 = CARTESIAN_POINT('',(-11.78200123147,5.494037402629,9.8));
#7330 = LINE('',#7331,#7332);
#7331 = CARTESIAN_POINT('',(-12.10750336053,4.708205748083,9.8));
#7332 = VECTOR('',#7333,1.);
#7333 = DIRECTION('',(-0.382683432365,-0.923879532511,
    -4.686520405326E-17));
#7334 = ORIENTED_EDGE('',*,*,#7335,.F.);
#7335 = EDGE_CURVE('',#3734,#7328,#7336,.T.);
#7336 = LINE('',#7337,#7338);
#7337 = CARTESIAN_POINT('',(-11.78200123147,5.494037402629,11.1));
#7338 = VECTOR('',#7339,1.);
#7339 = DIRECTION('',(1.224646799147E-16,0.,-1.));
#7340 = PLANE('',#7341);
#7341 = AXIS2_PLACEMENT_3D('',#7342,#7343,#7344);
#7342 = CARTESIAN_POINT('',(-12.21600407021,4.446261863234,11.1));
#7343 = DIRECTION('',(0.923879532511,-0.382683432365,1.131426112288E-16)
  );
#7344 = DIRECTION('',(0.382683432365,0.923879532511,4.686520405326E-17)
  );
#7345 = ADVANCED_FACE('',(#7346),#7364,.T.);
#7346 = FACE_BOUND('',#7347,.T.);
#7347 = EDGE_LOOP('',(#7348,#7349,#7357,#7363));
#7348 = ORIENTED_EDGE('',*,*,#4158,.F.);
#7349 = ORIENTED_EDGE('',*,*,#7350,.T.);
#7350 = EDGE_CURVE('',#4151,#7351,#7353,.T.);
#7351 = VERTEX_POINT('',#7352);
#7352 = CARTESIAN_POINT('',(-7.070663706552,8.426488874309,9.8));
#7353 = LINE('',#7354,#7355);
#7354 = CARTESIAN_POINT('',(-7.070663706552,8.426488874309,11.1));
#7355 = VECTOR('',#7356,1.);
#7356 = DIRECTION('',(1.224646799147E-16,0.,-1.));
#7357 = ORIENTED_EDGE('',*,*,#7358,.F.);
#7358 = EDGE_CURVE('',#7303,#7351,#7359,.T.);
#7359 = LINE('',#7360,#7361);
#7360 = CARTESIAN_POINT('',(-7.247541428177,8.264410303995,9.8));
#7361 = VECTOR('',#7362,1.);
#7362 = DIRECTION('',(0.73727733681,0.675590207616,9.029043306084E-17));
#7363 = ORIENTED_EDGE('',*,*,#7302,.F.);
#7364 = PLANE('',#7365);
#7365 = AXIS2_PLACEMENT_3D('',#7366,#7367,#7368);
#7366 = CARTESIAN_POINT('',(-7.070663706552,8.426488874309,11.1));
#7367 = DIRECTION('',(-0.675590207616,0.73727733681,-8.273593852918E-17)
  );
#7368 = DIRECTION('',(-0.73727733681,-0.675590207616,-9.029043306084E-17
    ));
#7369 = ADVANCED_FACE('',(#7370),#7388,.T.);
#7370 = FACE_BOUND('',#7371,.T.);
#7371 = EDGE_LOOP('',(#7372,#7373,#7374,#7382));
#7372 = ORIENTED_EDGE('',*,*,#3741,.F.);
#7373 = ORIENTED_EDGE('',*,*,#7335,.T.);
#7374 = ORIENTED_EDGE('',*,*,#7375,.F.);
#7375 = EDGE_CURVE('',#7376,#7328,#7378,.T.);
#7376 = VERTEX_POINT('',#7377);
#7377 = CARTESIAN_POINT('',(-11.25833024919,6.5,9.8));
#7378 = LINE('',#7379,#7380);
#7379 = CARTESIAN_POINT('',(-11.6510834859,5.745528051972,9.8));
#7380 = VECTOR('',#7381,1.);
#7381 = DIRECTION('',(-0.461748613235,-0.887010833178,-5.65478961209E-17
    ));
#7382 = ORIENTED_EDGE('',*,*,#7383,.F.);
#7383 = EDGE_CURVE('',#3742,#7376,#7384,.T.);
#7384 = LINE('',#7385,#7386);
#7385 = CARTESIAN_POINT('',(-11.25833024919,6.5,11.1));
#7386 = VECTOR('',#7387,1.);
#7387 = DIRECTION('',(1.224646799147E-16,0.,-1.));
#7388 = PLANE('',#7389);
#7389 = AXIS2_PLACEMENT_3D('',#7390,#7391,#7392);
#7390 = CARTESIAN_POINT('',(-11.78200123147,5.494037402629,11.1));
#7391 = DIRECTION('',(0.887010833178,-0.461748613235,1.086274977661E-16)
  );
#7392 = DIRECTION('',(0.461748613235,0.887010833178,5.65478961209E-17));
#7393 = ADVANCED_FACE('',(#7394),#7412,.T.);
#7394 = FACE_BOUND('',#7395,.T.);
#7395 = EDGE_LOOP('',(#7396,#7397,#7405,#7411));
#7396 = ORIENTED_EDGE('',*,*,#4150,.F.);
#7397 = ORIENTED_EDGE('',*,*,#7398,.T.);
#7398 = EDGE_CURVE('',#4143,#7399,#7401,.T.);
#7399 = VERTEX_POINT('',#7400);
#7400 = CARTESIAN_POINT('',(-6.309340799862,9.010672487179,9.8));
#7401 = LINE('',#7402,#7403);
#7402 = CARTESIAN_POINT('',(-6.309340799862,9.010672487179,11.1));
#7403 = VECTOR('',#7404,1.);
#7404 = DIRECTION('',(1.224646799147E-16,0.,-1.));
#7405 = ORIENTED_EDGE('',*,*,#7406,.F.);
#7406 = EDGE_CURVE('',#7351,#7399,#7407,.T.);
#7407 = LINE('',#7408,#7409);
#7408 = CARTESIAN_POINT('',(-6.499671526534,8.864626583961,9.8));
#7409 = VECTOR('',#7410,1.);
#7410 = DIRECTION('',(0.793353340291,0.608761429009,9.715776287805E-17)
  );
#7411 = ORIENTED_EDGE('',*,*,#7350,.F.);
#7412 = PLANE('',#7413);
#7413 = AXIS2_PLACEMENT_3D('',#7414,#7415,#7416);
#7414 = CARTESIAN_POINT('',(-6.309340799862,9.010672487179,11.1));
#7415 = DIRECTION('',(-0.608761429009,0.793353340291,-7.455177354799E-17
    ));
#7416 = DIRECTION('',(-0.793353340291,-0.608761429009,
    -9.715776287805E-17));
#7417 = ADVANCED_FACE('',(#7418),#7436,.T.);
#7418 = FACE_BOUND('',#7419,.T.);
#7419 = EDGE_LOOP('',(#7420,#7421,#7422,#7430));
#7420 = ORIENTED_EDGE('',*,*,#3749,.F.);
#7421 = ORIENTED_EDGE('',*,*,#7383,.T.);
#7422 = ORIENTED_EDGE('',*,*,#7423,.F.);
#7423 = EDGE_CURVE('',#7424,#7376,#7426,.T.);
#7424 = VERTEX_POINT('',#7425);
#7425 = CARTESIAN_POINT('',(-10.64897657575,7.456493672564,9.8));
#7426 = LINE('',#7427,#7428);
#7427 = CARTESIAN_POINT('',(-11.10599183083,6.739123418141,9.8));
#7428 = VECTOR('',#7429,1.);
#7429 = DIRECTION('',(-0.537299608347,-0.843391445813,
    -6.580022455451E-17));
#7430 = ORIENTED_EDGE('',*,*,#7431,.F.);
#7431 = EDGE_CURVE('',#3750,#7424,#7432,.T.);
#7432 = LINE('',#7433,#7434);
#7433 = CARTESIAN_POINT('',(-10.64897657575,7.456493672564,11.1));
#7434 = VECTOR('',#7435,1.);
#7435 = DIRECTION('',(1.224646799147E-16,0.,-1.));
#7436 = PLANE('',#7437);
#7437 = AXIS2_PLACEMENT_3D('',#7438,#7439,#7440);
#7438 = CARTESIAN_POINT('',(-11.25833024919,6.5,11.1));
#7439 = DIRECTION('',(0.843391445813,-0.537299608347,1.032856634543E-16)
  );
#7440 = DIRECTION('',(0.537299608347,0.843391445813,6.580022455451E-17)
  );
#7441 = ADVANCED_FACE('',(#7442),#7460,.T.);
#7442 = FACE_BOUND('',#7443,.T.);
#7443 = EDGE_LOOP('',(#7444,#7445,#7453,#7459));
#7444 = ORIENTED_EDGE('',*,*,#4142,.F.);
#7445 = ORIENTED_EDGE('',*,*,#7446,.T.);
#7446 = EDGE_CURVE('',#4135,#7447,#7449,.T.);
#7447 = VERTEX_POINT('',#7448);
#7448 = CARTESIAN_POINT('',(-5.5,9.526279441629,9.8));
#7449 = LINE('',#7450,#7451);
#7450 = CARTESIAN_POINT('',(-5.5,9.526279441629,11.1));
#7451 = VECTOR('',#7452,1.);
#7452 = DIRECTION('',(1.224646799147E-16,0.,-1.));
#7453 = ORIENTED_EDGE('',*,*,#7454,.F.);
#7454 = EDGE_CURVE('',#7399,#7447,#7455,.T.);
#7455 = LINE('',#7456,#7457);
#7456 = CARTESIAN_POINT('',(-5.702335199965,9.397377703016,9.8));
#7457 = VECTOR('',#7458,1.);
#7458 = DIRECTION('',(0.843391445813,0.537299608347,1.032856634543E-16)
  );
#7459 = ORIENTED_EDGE('',*,*,#7398,.F.);
#7460 = PLANE('',#7461);
#7461 = AXIS2_PLACEMENT_3D('',#7462,#7463,#7464);
#7462 = CARTESIAN_POINT('',(-5.5,9.526279441629,11.1));
#7463 = DIRECTION('',(-0.537299608347,0.843391445813,-6.580022455451E-17
    ));
#7464 = DIRECTION('',(-0.843391445813,-0.537299608347,
    -1.032856634543E-16));
#7465 = ADVANCED_FACE('',(#7466),#7484,.T.);
#7466 = FACE_BOUND('',#7467,.T.);
#7467 = EDGE_LOOP('',(#7468,#7469,#7470,#7478));
#7468 = ORIENTED_EDGE('',*,*,#3757,.F.);
#7469 = ORIENTED_EDGE('',*,*,#7431,.T.);
#7470 = ORIENTED_EDGE('',*,*,#7471,.F.);
#7471 = EDGE_CURVE('',#7472,#7424,#7474,.T.);
#7472 = VERTEX_POINT('',#7473);
#7473 = CARTESIAN_POINT('',(-9.958577760547,8.356238925925,9.8));
#7474 = LINE('',#7475,#7476);
#7475 = CARTESIAN_POINT('',(-10.47637687195,7.681429985904,9.8));
#7476 = VECTOR('',#7477,1.);
#7477 = DIRECTION('',(-0.608761429009,-0.793353340291,
    -7.455177354799E-17));
#7478 = ORIENTED_EDGE('',*,*,#7479,.F.);
#7479 = EDGE_CURVE('',#3758,#7472,#7480,.T.);
#7480 = LINE('',#7481,#7482);
#7481 = CARTESIAN_POINT('',(-9.958577760547,8.356238925925,11.1));
#7482 = VECTOR('',#7483,1.);
#7483 = DIRECTION('',(1.224646799147E-16,0.,-1.));
#7484 = PLANE('',#7485);
#7485 = AXIS2_PLACEMENT_3D('',#7486,#7487,#7488);
#7486 = CARTESIAN_POINT('',(-10.64897657575,7.456493672564,11.1));
#7487 = DIRECTION('',(0.793353340291,-0.608761429009,9.715776287805E-17)
  );
#7488 = DIRECTION('',(0.608761429009,0.793353340291,7.455177354799E-17)
  );
#7489 = ADVANCED_FACE('',(#7490),#7508,.T.);
#7490 = FACE_BOUND('',#7491,.T.);
#7491 = EDGE_LOOP('',(#7492,#7493,#7501,#7507));
#7492 = ORIENTED_EDGE('',*,*,#4134,.F.);
#7493 = ORIENTED_EDGE('',*,*,#7494,.T.);
#7494 = EDGE_CURVE('',#4127,#7495,#7497,.T.);
#7495 = VERTEX_POINT('',#7496);
#7496 = CARTESIAN_POINT('',(-4.648800879148,9.969385657403,9.8));
#7497 = LINE('',#7498,#7499);
#7498 = CARTESIAN_POINT('',(-4.648800879148,9.969385657403,11.1));
#7499 = VECTOR('',#7500,1.);
#7500 = DIRECTION('',(1.224646799147E-16,0.,-1.));
#7501 = ORIENTED_EDGE('',*,*,#7502,.F.);
#7502 = EDGE_CURVE('',#7447,#7495,#7503,.T.);
#7503 = LINE('',#7504,#7505);
#7504 = CARTESIAN_POINT('',(-4.861600659361,9.85860910346,9.8));
#7505 = VECTOR('',#7506,1.);
#7506 = DIRECTION('',(0.887010833178,0.461748613235,1.086274977661E-16)
  );
#7507 = ORIENTED_EDGE('',*,*,#7446,.F.);
#7508 = PLANE('',#7509);
#7509 = AXIS2_PLACEMENT_3D('',#7510,#7511,#7512);
#7510 = CARTESIAN_POINT('',(-4.648800879148,9.969385657403,11.1));
#7511 = DIRECTION('',(-0.461748613235,0.887010833178,-5.65478961209E-17)
  );
#7512 = DIRECTION('',(-0.887010833178,-0.461748613235,
    -1.086274977661E-16));
#7513 = ADVANCED_FACE('',(#7514),#7532,.T.);
#7514 = FACE_BOUND('',#7515,.T.);
#7515 = EDGE_LOOP('',(#7516,#7517,#7518,#7526));
#7516 = ORIENTED_EDGE('',*,*,#3765,.F.);
#7517 = ORIENTED_EDGE('',*,*,#7479,.T.);
#7518 = ORIENTED_EDGE('',*,*,#7519,.F.);
#7519 = EDGE_CURVE('',#7520,#7472,#7522,.T.);
#7520 = VERTEX_POINT('',#7521);
#7521 = CARTESIAN_POINT('',(-9.192388155425,9.192388155425,9.8));
#7522 = LINE('',#7523,#7524);
#7523 = CARTESIAN_POINT('',(-9.767030359266,8.5652762333,9.8));
#7524 = VECTOR('',#7525,1.);
#7525 = DIRECTION('',(-0.675590207616,-0.73727733681,-8.273593852918E-17
    ));
#7526 = ORIENTED_EDGE('',*,*,#7527,.F.);
#7527 = EDGE_CURVE('',#3766,#7520,#7528,.T.);
#7528 = LINE('',#7529,#7530);
#7529 = CARTESIAN_POINT('',(-9.192388155425,9.192388155425,11.1));
#7530 = VECTOR('',#7531,1.);
#7531 = DIRECTION('',(1.224646799147E-16,0.,-1.));
#7532 = PLANE('',#7533);
#7533 = AXIS2_PLACEMENT_3D('',#7534,#7535,#7536);
#7534 = CARTESIAN_POINT('',(-9.958577760547,8.356238925925,11.1));
#7535 = DIRECTION('',(0.73727733681,-0.675590207616,9.029043306084E-17)
  );
#7536 = DIRECTION('',(0.675590207616,0.73727733681,8.273593852918E-17));
#7537 = ADVANCED_FACE('',(#7538),#7556,.T.);
#7538 = FACE_BOUND('',#7539,.T.);
#7539 = EDGE_LOOP('',(#7540,#7541,#7549,#7555));
#7540 = ORIENTED_EDGE('',*,*,#4126,.F.);
#7541 = ORIENTED_EDGE('',*,*,#7542,.T.);
#7542 = EDGE_CURVE('',#4119,#7543,#7545,.T.);
#7543 = VERTEX_POINT('',#7544);
#7544 = CARTESIAN_POINT('',(-3.762221576582,10.336618828645,9.8));
#7545 = LINE('',#7546,#7547);
#7546 = CARTESIAN_POINT('',(-3.762221576582,10.336618828645,11.1));
#7547 = VECTOR('',#7548,1.);
#7548 = DIRECTION('',(1.224646799147E-16,0.,-1.));
#7549 = ORIENTED_EDGE('',*,*,#7550,.F.);
#7550 = EDGE_CURVE('',#7495,#7543,#7551,.T.);
#7551 = LINE('',#7552,#7553);
#7552 = CARTESIAN_POINT('',(-3.983866402224,10.244810535835,9.8));
#7553 = VECTOR('',#7554,1.);
#7554 = DIRECTION('',(0.923879532511,0.382683432365,1.131426112288E-16)
  );
#7555 = ORIENTED_EDGE('',*,*,#7494,.F.);
#7556 = PLANE('',#7557);
#7557 = AXIS2_PLACEMENT_3D('',#7558,#7559,#7560);
#7558 = CARTESIAN_POINT('',(-3.762221576582,10.336618828645,11.1));
#7559 = DIRECTION('',(-0.382683432365,0.923879532511,-4.686520405326E-17
    ));
#7560 = DIRECTION('',(-0.923879532511,-0.382683432365,
    -1.131426112288E-16));
#7561 = ADVANCED_FACE('',(#7562),#7580,.T.);
#7562 = FACE_BOUND('',#7563,.T.);
#7563 = EDGE_LOOP('',(#7564,#7565,#7566,#7574));
#7564 = ORIENTED_EDGE('',*,*,#3773,.F.);
#7565 = ORIENTED_EDGE('',*,*,#7527,.T.);
#7566 = ORIENTED_EDGE('',*,*,#7567,.F.);
#7567 = EDGE_CURVE('',#7568,#7520,#7570,.T.);
#7568 = VERTEX_POINT('',#7569);
#7569 = CARTESIAN_POINT('',(-8.356238925925,9.958577760547,9.8));
#7570 = LINE('',#7571,#7572);
#7571 = CARTESIAN_POINT('',(-8.98335084805,9.383935556706,9.8));
#7572 = VECTOR('',#7573,1.);
#7573 = DIRECTION('',(-0.73727733681,-0.675590207616,-9.029043306084E-17
    ));
#7574 = ORIENTED_EDGE('',*,*,#7575,.F.);
#7575 = EDGE_CURVE('',#3774,#7568,#7576,.T.);
#7576 = LINE('',#7577,#7578);
#7577 = CARTESIAN_POINT('',(-8.356238925925,9.958577760547,11.1));
#7578 = VECTOR('',#7579,1.);
#7579 = DIRECTION('',(1.224646799147E-16,0.,-1.));
#7580 = PLANE('',#7581);
#7581 = AXIS2_PLACEMENT_3D('',#7582,#7583,#7584);
#7582 = CARTESIAN_POINT('',(-9.192388155425,9.192388155425,11.1));
#7583 = DIRECTION('',(0.675590207616,-0.73727733681,8.273593852918E-17)
  );
#7584 = DIRECTION('',(0.73727733681,0.675590207616,9.029043306084E-17));
#7585 = ADVANCED_FACE('',(#7586),#7604,.T.);
#7586 = FACE_BOUND('',#7587,.T.);
#7587 = EDGE_LOOP('',(#7588,#7589,#7597,#7603));
#7588 = ORIENTED_EDGE('',*,*,#4118,.F.);
#7589 = ORIENTED_EDGE('',*,*,#7590,.T.);
#7590 = EDGE_CURVE('',#4111,#7591,#7593,.T.);
#7591 = VERTEX_POINT('',#7592);
#7592 = CARTESIAN_POINT('',(-2.847009496128,10.62518408918,9.8));
#7593 = LINE('',#7594,#7595);
#7594 = CARTESIAN_POINT('',(-2.847009496128,10.62518408918,11.1));
#7595 = VECTOR('',#7596,1.);
#7596 = DIRECTION('',(1.224646799147E-16,0.,-1.));
#7597 = ORIENTED_EDGE('',*,*,#7598,.F.);
#7598 = EDGE_CURVE('',#7543,#7591,#7599,.T.);
#7599 = LINE('',#7600,#7601);
#7600 = CARTESIAN_POINT('',(-3.075812516241,10.553042774046,9.8));
#7601 = VECTOR('',#7602,1.);
#7602 = DIRECTION('',(0.953716950748,0.300705799504,1.167966411026E-16)
  );
#7603 = ORIENTED_EDGE('',*,*,#7542,.F.);
#7604 = PLANE('',#7605);
#7605 = AXIS2_PLACEMENT_3D('',#7606,#7607,#7608);
#7606 = CARTESIAN_POINT('',(-2.847009496128,10.62518408918,11.1));
#7607 = DIRECTION('',(-0.300705799504,0.953716950748,-3.68258394848E-17)
  );
#7608 = DIRECTION('',(-0.953716950748,-0.300705799504,
    -1.167966411026E-16));
#7609 = ADVANCED_FACE('',(#7610),#7628,.T.);
#7610 = FACE_BOUND('',#7611,.T.);
#7611 = EDGE_LOOP('',(#7612,#7613,#7614,#7622));
#7612 = ORIENTED_EDGE('',*,*,#3781,.F.);
#7613 = ORIENTED_EDGE('',*,*,#7575,.T.);
#7614 = ORIENTED_EDGE('',*,*,#7615,.F.);
#7615 = EDGE_CURVE('',#7616,#7568,#7618,.T.);
#7616 = VERTEX_POINT('',#7617);
#7617 = CARTESIAN_POINT('',(-7.456493672564,10.648976575757,9.8));
#7618 = LINE('',#7619,#7620);
#7619 = CARTESIAN_POINT('',(-8.131302612585,10.131177464349,9.8));
#7620 = VECTOR('',#7621,1.);
#7621 = DIRECTION('',(-0.793353340291,-0.608761429009,
    -9.715776287805E-17));
#7622 = ORIENTED_EDGE('',*,*,#7623,.F.);
#7623 = EDGE_CURVE('',#3782,#7616,#7624,.T.);
#7624 = LINE('',#7625,#7626);
#7625 = CARTESIAN_POINT('',(-7.456493672564,10.648976575757,11.1));
#7626 = VECTOR('',#7627,1.);
#7627 = DIRECTION('',(1.224646799147E-16,0.,-1.));
#7628 = PLANE('',#7629);
#7629 = AXIS2_PLACEMENT_3D('',#7630,#7631,#7632);
#7630 = CARTESIAN_POINT('',(-8.356238925925,9.958577760547,11.1));
#7631 = DIRECTION('',(0.608761429009,-0.793353340291,7.455177354799E-17)
  );
#7632 = DIRECTION('',(0.793353340291,0.608761429009,9.715776287805E-17)
  );
#7633 = ADVANCED_FACE('',(#7634),#7652,.T.);
#7634 = FACE_BOUND('',#7635,.T.);
#7635 = EDGE_LOOP('',(#7636,#7637,#7645,#7651));
#7636 = ORIENTED_EDGE('',*,*,#4110,.F.);
#7637 = ORIENTED_EDGE('',*,*,#7638,.T.);
#7638 = EDGE_CURVE('',#4103,#7639,#7641,.T.);
#7639 = VERTEX_POINT('',#7640);
#7640 = CARTESIAN_POINT('',(-1.910129954336,10.832885283134,9.8));
#7641 = LINE('',#7642,#7643);
#7642 = CARTESIAN_POINT('',(-1.910129954336,10.832885283134,11.1));
#7643 = VECTOR('',#7644,1.);
#7644 = DIRECTION('',(1.224646799147E-16,0.,-1.));
#7645 = ORIENTED_EDGE('',*,*,#7646,.F.);
#7646 = EDGE_CURVE('',#7591,#7639,#7647,.T.);
#7647 = LINE('',#7648,#7649);
#7648 = CARTESIAN_POINT('',(-2.144349839784,10.780959984646,9.8));
#7649 = VECTOR('',#7650,1.);
#7650 = DIRECTION('',(0.97629600712,0.216439613938,1.19561778014E-16));
#7651 = ORIENTED_EDGE('',*,*,#7590,.F.);
#7652 = PLANE('',#7653);
#7653 = AXIS2_PLACEMENT_3D('',#7654,#7655,#7656);
#7654 = CARTESIAN_POINT('',(-1.910129954336,10.832885283134,11.1));
#7655 = DIRECTION('',(-0.216439613938,0.97629600712,-2.65062080418E-17)
  );
#7656 = DIRECTION('',(-0.97629600712,-0.216439613938,-1.19561778014E-16)
  );
#7657 = ADVANCED_FACE('',(#7658),#7676,.T.);
#7658 = FACE_BOUND('',#7659,.T.);
#7659 = EDGE_LOOP('',(#7660,#7661,#7662,#7670));
#7660 = ORIENTED_EDGE('',*,*,#3789,.F.);
#7661 = ORIENTED_EDGE('',*,*,#7623,.T.);
#7662 = ORIENTED_EDGE('',*,*,#7663,.F.);
#7663 = EDGE_CURVE('',#7664,#7616,#7666,.T.);
#7664 = VERTEX_POINT('',#7665);
#7665 = CARTESIAN_POINT('',(-6.5,11.258330249198,9.8));
#7666 = LINE('',#7667,#7668);
#7667 = CARTESIAN_POINT('',(-7.217370254423,10.801314994117,9.8));
#7668 = VECTOR('',#7669,1.);
#7669 = DIRECTION('',(-0.843391445813,-0.537299608347,
    -1.032856634543E-16));
#7670 = ORIENTED_EDGE('',*,*,#7671,.F.);
#7671 = EDGE_CURVE('',#3790,#7664,#7672,.T.);
#7672 = LINE('',#7673,#7674);
#7673 = CARTESIAN_POINT('',(-6.5,11.258330249198,11.1));
#7674 = VECTOR('',#7675,1.);
#7675 = DIRECTION('',(1.224646799147E-16,0.,-1.));
#7676 = PLANE('',#7677);
#7677 = AXIS2_PLACEMENT_3D('',#7678,#7679,#7680);
#7678 = CARTESIAN_POINT('',(-7.456493672564,10.648976575757,11.1));
#7679 = DIRECTION('',(0.537299608347,-0.843391445813,6.580022455451E-17)
  );
#7680 = DIRECTION('',(0.843391445813,0.537299608347,1.032856634543E-16)
  );
#7681 = ADVANCED_FACE('',(#7682),#7700,.T.);
#7682 = FACE_BOUND('',#7683,.T.);
#7683 = EDGE_LOOP('',(#7684,#7685,#7693,#7699));
#7684 = ORIENTED_EDGE('',*,*,#4102,.F.);
#7685 = ORIENTED_EDGE('',*,*,#7686,.T.);
#7686 = EDGE_CURVE('',#4095,#7687,#7689,.T.);
#7687 = VERTEX_POINT('',#7688);
#7688 = CARTESIAN_POINT('',(-0.958713170224,10.958141679009,9.8));
#7689 = LINE('',#7690,#7691);
#7690 = CARTESIAN_POINT('',(-0.958713170224,10.958141679009,11.1));
#7691 = VECTOR('',#7692,1.);
#7692 = DIRECTION('',(1.224646799147E-16,0.,-1.));
#7693 = ORIENTED_EDGE('',*,*,#7694,.F.);
#7694 = EDGE_CURVE('',#7639,#7687,#7695,.T.);
#7695 = LINE('',#7696,#7697);
#7696 = CARTESIAN_POINT('',(-1.196567366252,10.92682758004,9.8));
#7697 = VECTOR('',#7698,1.);
#7698 = DIRECTION('',(0.991444861374,0.13052619222,1.214169776013E-16));
#7699 = ORIENTED_EDGE('',*,*,#7638,.F.);
#7700 = PLANE('',#7701);
#7701 = AXIS2_PLACEMENT_3D('',#7702,#7703,#7704);
#7702 = CARTESIAN_POINT('',(-0.958713170224,10.958141679009,11.1));
#7703 = DIRECTION('',(-0.13052619222,0.991444861374,-1.598484835072E-17)
  );
#7704 = DIRECTION('',(-0.991444861374,-0.13052619222,-1.214169776013E-16
    ));
#7705 = ADVANCED_FACE('',(#7706),#7724,.T.);
#7706 = FACE_BOUND('',#7707,.T.);
#7707 = EDGE_LOOP('',(#7708,#7709,#7710,#7718));
#7708 = ORIENTED_EDGE('',*,*,#3797,.F.);
#7709 = ORIENTED_EDGE('',*,*,#7671,.T.);
#7710 = ORIENTED_EDGE('',*,*,#7711,.F.);
#7711 = EDGE_CURVE('',#7712,#7664,#7714,.T.);
#7712 = VERTEX_POINT('',#7713);
#7713 = CARTESIAN_POINT('',(-5.494037402629,11.782001231476,9.8));
#7714 = LINE('',#7715,#7716);
#7715 = CARTESIAN_POINT('',(-6.248509350657,11.389247994767,9.8));
#7716 = VECTOR('',#7717,1.);
#7717 = DIRECTION('',(-0.887010833178,-0.461748613235,
    -1.086274977661E-16));
#7718 = ORIENTED_EDGE('',*,*,#7719,.F.);
#7719 = EDGE_CURVE('',#3798,#7712,#7720,.T.);
#7720 = LINE('',#7721,#7722);
#7721 = CARTESIAN_POINT('',(-5.494037402629,11.782001231476,11.1));
#7722 = VECTOR('',#7723,1.);
#7723 = DIRECTION('',(1.224646799147E-16,0.,-1.));
#7724 = PLANE('',#7725);
#7725 = AXIS2_PLACEMENT_3D('',#7726,#7727,#7728);
#7726 = CARTESIAN_POINT('',(-6.5,11.258330249198,11.1));
#7727 = DIRECTION('',(0.461748613235,-0.887010833178,5.65478961209E-17)
  );
#7728 = DIRECTION('',(0.887010833178,0.461748613235,1.086274977661E-16)
  );
#7729 = ADVANCED_FACE('',(#7730),#7748,.T.);
#7730 = FACE_BOUND('',#7731,.T.);
#7731 = EDGE_LOOP('',(#7732,#7733,#7741,#7747));
#7732 = ORIENTED_EDGE('',*,*,#4094,.F.);
#7733 = ORIENTED_EDGE('',*,*,#7734,.T.);
#7734 = EDGE_CURVE('',#4087,#7735,#7737,.T.);
#7735 = VERTEX_POINT('',#7736);
#7736 = CARTESIAN_POINT('',(-5.265981236334E-16,11.,9.8));
#7737 = LINE('',#7738,#7739);
#7738 = CARTESIAN_POINT('',(-6.858022075225E-16,11.,11.1));
#7739 = VECTOR('',#7740,1.);
#7740 = DIRECTION('',(1.224646799147E-16,0.,-1.));
#7741 = ORIENTED_EDGE('',*,*,#7742,.F.);
#7742 = EDGE_CURVE('',#7687,#7735,#7743,.T.);
#7743 = LINE('',#7744,#7745);
#7744 = CARTESIAN_POINT('',(-0.239678292556,10.989535419752,9.8));
#7745 = VECTOR('',#7746,1.);
#7746 = DIRECTION('',(0.999048221582,4.361938736534E-02,
    1.223481206754E-16));
#7747 = ORIENTED_EDGE('',*,*,#7686,.F.);
#7748 = PLANE('',#7749);
#7749 = AXIS2_PLACEMENT_3D('',#7750,#7751,#7752);
#7750 = CARTESIAN_POINT('',(-6.858022075225E-16,11.,11.1));
#7751 = DIRECTION('',(-4.361938736534E-02,0.999048221582,
    -5.341834311773E-18));
#7752 = DIRECTION('',(-0.999048221582,-4.361938736534E-02,
    -1.223481206754E-16));
#7753 = ADVANCED_FACE('',(#7754),#7772,.T.);
#7754 = FACE_BOUND('',#7755,.T.);
#7755 = EDGE_LOOP('',(#7756,#7757,#7758,#7766));
#7756 = ORIENTED_EDGE('',*,*,#3805,.F.);
#7757 = ORIENTED_EDGE('',*,*,#7719,.T.);
#7758 = ORIENTED_EDGE('',*,*,#7759,.F.);
#7759 = EDGE_CURVE('',#7760,#7712,#7762,.T.);
#7760 = VERTEX_POINT('',#7761);
#7761 = CARTESIAN_POINT('',(-4.446261863234,12.216004070217,9.8));
#7762 = LINE('',#7763,#7764);
#7763 = CARTESIAN_POINT('',(-5.23209351778,11.890501941162,9.8));
#7764 = VECTOR('',#7765,1.);
#7765 = DIRECTION('',(-0.923879532511,-0.382683432365,
    -1.131426112288E-16));
#7766 = ORIENTED_EDGE('',*,*,#7767,.F.);
#7767 = EDGE_CURVE('',#3806,#7760,#7768,.T.);
#7768 = LINE('',#7769,#7770);
#7769 = CARTESIAN_POINT('',(-4.446261863234,12.216004070217,11.1));
#7770 = VECTOR('',#7771,1.);
#7771 = DIRECTION('',(1.224646799147E-16,0.,-1.));
#7772 = PLANE('',#7773);
#7773 = AXIS2_PLACEMENT_3D('',#7774,#7775,#7776);
#7774 = CARTESIAN_POINT('',(-5.494037402629,11.782001231476,11.1));
#7775 = DIRECTION('',(0.382683432365,-0.923879532511,4.686520405326E-17)
  );
#7776 = DIRECTION('',(0.923879532511,0.382683432365,1.131426112288E-16)
  );
#7777 = ADVANCED_FACE('',(#7778),#7796,.T.);
#7778 = FACE_BOUND('',#7779,.T.);
#7779 = EDGE_LOOP('',(#7780,#7781,#7789,#7795));
#7780 = ORIENTED_EDGE('',*,*,#4086,.F.);
#7781 = ORIENTED_EDGE('',*,*,#7782,.T.);
#7782 = EDGE_CURVE('',#4079,#7783,#7785,.T.);
#7783 = VERTEX_POINT('',#7784);
#7784 = CARTESIAN_POINT('',(0.958713170224,10.958141679009,9.8));
#7785 = LINE('',#7786,#7787);
#7786 = CARTESIAN_POINT('',(0.958713170224,10.958141679009,11.1));
#7787 = VECTOR('',#7788,1.);
#7788 = DIRECTION('',(1.224646799147E-16,0.,-1.));
#7789 = ORIENTED_EDGE('',*,*,#7790,.F.);
#7790 = EDGE_CURVE('',#7735,#7783,#7791,.T.);
#7791 = LINE('',#7792,#7793);
#7792 = CARTESIAN_POINT('',(0.719034877668,10.968606259257,9.8));
#7793 = VECTOR('',#7794,1.);
#7794 = DIRECTION('',(0.999048221582,-4.361938736534E-02,
    1.223481206754E-16));
#7795 = ORIENTED_EDGE('',*,*,#7734,.F.);
#7796 = PLANE('',#7797);
#7797 = AXIS2_PLACEMENT_3D('',#7798,#7799,#7800);
#7798 = CARTESIAN_POINT('',(0.958713170224,10.958141679009,11.1));
#7799 = DIRECTION('',(4.361938736534E-02,0.999048221582,
    5.341834311773E-18));
#7800 = DIRECTION('',(-0.999048221582,4.361938736534E-02,
    -1.223481206754E-16));
#7801 = ADVANCED_FACE('',(#7802),#7820,.T.);
#7802 = FACE_BOUND('',#7803,.T.);
#7803 = EDGE_LOOP('',(#7804,#7805,#7806,#7814));
#7804 = ORIENTED_EDGE('',*,*,#3813,.F.);
#7805 = ORIENTED_EDGE('',*,*,#7767,.T.);
#7806 = ORIENTED_EDGE('',*,*,#7807,.F.);
#7807 = EDGE_CURVE('',#7808,#7760,#7810,.T.);
#7808 = VERTEX_POINT('',#7809);
#7809 = CARTESIAN_POINT('',(-3.364647586333,12.557035741758,9.8));
#7810 = LINE('',#7811,#7812);
#7811 = CARTESIAN_POINT('',(-4.175858294008,12.301261988102,9.8));
#7812 = VECTOR('',#7813,1.);
#7813 = DIRECTION('',(-0.953716950748,-0.300705799504,
    -1.167966411026E-16));
#7814 = ORIENTED_EDGE('',*,*,#7815,.F.);
#7815 = EDGE_CURVE('',#3814,#7808,#7816,.T.);
#7816 = LINE('',#7817,#7818);
#7817 = CARTESIAN_POINT('',(-3.364647586333,12.557035741758,11.1));
#7818 = VECTOR('',#7819,1.);
#7819 = DIRECTION('',(1.224646799147E-16,0.,-1.));
#7820 = PLANE('',#7821);
#7821 = AXIS2_PLACEMENT_3D('',#7822,#7823,#7824);
#7822 = CARTESIAN_POINT('',(-4.446261863234,12.216004070217,11.1));
#7823 = DIRECTION('',(0.300705799504,-0.953716950748,3.68258394848E-17)
  );
#7824 = DIRECTION('',(0.953716950748,0.300705799504,1.167966411026E-16)
  );
#7825 = ADVANCED_FACE('',(#7826),#7844,.T.);
#7826 = FACE_BOUND('',#7827,.T.);
#7827 = EDGE_LOOP('',(#7828,#7829,#7837,#7843));
#7828 = ORIENTED_EDGE('',*,*,#4078,.F.);
#7829 = ORIENTED_EDGE('',*,*,#7830,.T.);
#7830 = EDGE_CURVE('',#4071,#7831,#7833,.T.);
#7831 = VERTEX_POINT('',#7832);
#7832 = CARTESIAN_POINT('',(1.910129954336,10.832885283134,9.8));
#7833 = LINE('',#7834,#7835);
#7834 = CARTESIAN_POINT('',(1.910129954336,10.832885283134,11.1));
#7835 = VECTOR('',#7836,1.);
#7836 = DIRECTION('',(1.224646799147E-16,0.,-1.));
#7837 = ORIENTED_EDGE('',*,*,#7838,.F.);
#7838 = EDGE_CURVE('',#7783,#7831,#7839,.T.);
#7839 = LINE('',#7840,#7841);
#7840 = CARTESIAN_POINT('',(1.672275758308,10.864199382103,9.8));
#7841 = VECTOR('',#7842,1.);
#7842 = DIRECTION('',(0.991444861374,-0.13052619222,1.214169776013E-16)
  );
#7843 = ORIENTED_EDGE('',*,*,#7782,.F.);
#7844 = PLANE('',#7845);
#7845 = AXIS2_PLACEMENT_3D('',#7846,#7847,#7848);
#7846 = CARTESIAN_POINT('',(1.910129954336,10.832885283134,11.1));
#7847 = DIRECTION('',(0.13052619222,0.991444861374,1.598484835072E-17));
#7848 = DIRECTION('',(-0.991444861374,0.13052619222,-1.214169776013E-16)
  );
#7849 = ADVANCED_FACE('',(#7850),#7868,.T.);
#7850 = FACE_BOUND('',#7851,.T.);
#7851 = EDGE_LOOP('',(#7852,#7853,#7854,#7862));
#7852 = ORIENTED_EDGE('',*,*,#3821,.F.);
#7853 = ORIENTED_EDGE('',*,*,#7815,.T.);
#7854 = ORIENTED_EDGE('',*,*,#7855,.F.);
#7855 = EDGE_CURVE('',#7856,#7808,#7858,.T.);
#7856 = VERTEX_POINT('',#7857);
#7857 = CARTESIAN_POINT('',(-2.25742630967,12.802500789159,9.8));
#7858 = LINE('',#7859,#7860);
#7859 = CARTESIAN_POINT('',(-3.087842267167,12.618402003608,9.8));
#7860 = VECTOR('',#7861,1.);
#7861 = DIRECTION('',(-0.97629600712,-0.216439613938,-1.19561778014E-16)
  );
#7862 = ORIENTED_EDGE('',*,*,#7863,.F.);
#7863 = EDGE_CURVE('',#3822,#7856,#7864,.T.);
#7864 = LINE('',#7865,#7866);
#7865 = CARTESIAN_POINT('',(-2.25742630967,12.802500789159,11.1));
#7866 = VECTOR('',#7867,1.);
#7867 = DIRECTION('',(1.224646799147E-16,0.,-1.));
#7868 = PLANE('',#7869);
#7869 = AXIS2_PLACEMENT_3D('',#7870,#7871,#7872);
#7870 = CARTESIAN_POINT('',(-3.364647586333,12.557035741758,11.1));
#7871 = DIRECTION('',(0.216439613938,-0.97629600712,2.65062080418E-17));
#7872 = DIRECTION('',(0.97629600712,0.216439613938,1.19561778014E-16));
#7873 = ADVANCED_FACE('',(#7874),#7892,.T.);
#7874 = FACE_BOUND('',#7875,.T.);
#7875 = EDGE_LOOP('',(#7876,#7877,#7885,#7891));
#7876 = ORIENTED_EDGE('',*,*,#4070,.F.);
#7877 = ORIENTED_EDGE('',*,*,#7878,.T.);
#7878 = EDGE_CURVE('',#4063,#7879,#7881,.T.);
#7879 = VERTEX_POINT('',#7880);
#7880 = CARTESIAN_POINT('',(2.847009496128,10.62518408918,9.8));
#7881 = LINE('',#7882,#7883);
#7882 = CARTESIAN_POINT('',(2.847009496128,10.62518408918,11.1));
#7883 = VECTOR('',#7884,1.);
#7884 = DIRECTION('',(1.224646799147E-16,0.,-1.));
#7885 = ORIENTED_EDGE('',*,*,#7886,.F.);
#7886 = EDGE_CURVE('',#7831,#7879,#7887,.T.);
#7887 = LINE('',#7888,#7889);
#7888 = CARTESIAN_POINT('',(2.61278961068,10.677109387668,9.8));
#7889 = VECTOR('',#7890,1.);
#7890 = DIRECTION('',(0.97629600712,-0.216439613938,1.19561778014E-16));
#7891 = ORIENTED_EDGE('',*,*,#7830,.F.);
#7892 = PLANE('',#7893);
#7893 = AXIS2_PLACEMENT_3D('',#7894,#7895,#7896);
#7894 = CARTESIAN_POINT('',(2.847009496128,10.62518408918,11.1));
#7895 = DIRECTION('',(0.216439613938,0.97629600712,2.65062080418E-17));
#7896 = DIRECTION('',(-0.97629600712,0.216439613938,-1.19561778014E-16)
  );
#7897 = ADVANCED_FACE('',(#7898),#7916,.T.);
#7898 = FACE_BOUND('',#7899,.T.);
#7899 = EDGE_LOOP('',(#7900,#7901,#7902,#7910));
#7900 = ORIENTED_EDGE('',*,*,#3829,.F.);
#7901 = ORIENTED_EDGE('',*,*,#7863,.T.);
#7902 = ORIENTED_EDGE('',*,*,#7903,.F.);
#7903 = EDGE_CURVE('',#7904,#7856,#7906,.T.);
#7904 = VERTEX_POINT('',#7905);
#7905 = CARTESIAN_POINT('',(-1.13302465572,12.950531075193,9.8));
#7906 = LINE('',#7907,#7908);
#7907 = CARTESIAN_POINT('',(-1.976325896182,12.839508360667,9.8));
#7908 = VECTOR('',#7909,1.);
#7909 = DIRECTION('',(-0.991444861374,-0.13052619222,-1.214169776013E-16
    ));
#7910 = ORIENTED_EDGE('',*,*,#7911,.F.);
#7911 = EDGE_CURVE('',#3830,#7904,#7912,.T.);
#7912 = LINE('',#7913,#7914);
#7913 = CARTESIAN_POINT('',(-1.13302465572,12.950531075193,11.1));
#7914 = VECTOR('',#7915,1.);
#7915 = DIRECTION('',(1.224646799147E-16,0.,-1.));
#7916 = PLANE('',#7917);
#7917 = AXIS2_PLACEMENT_3D('',#7918,#7919,#7920);
#7918 = CARTESIAN_POINT('',(-2.25742630967,12.802500789159,11.1));
#7919 = DIRECTION('',(0.13052619222,-0.991444861374,1.598484835072E-17)
  );
#7920 = DIRECTION('',(0.991444861374,0.13052619222,1.214169776013E-16));
#7921 = ADVANCED_FACE('',(#7922),#7940,.T.);
#7922 = FACE_BOUND('',#7923,.T.);
#7923 = EDGE_LOOP('',(#7924,#7925,#7933,#7939));
#7924 = ORIENTED_EDGE('',*,*,#4062,.F.);
#7925 = ORIENTED_EDGE('',*,*,#7926,.T.);
#7926 = EDGE_CURVE('',#4055,#7927,#7929,.T.);
#7927 = VERTEX_POINT('',#7928);
#7928 = CARTESIAN_POINT('',(3.762221576582,10.336618828645,9.8));
#7929 = LINE('',#7930,#7931);
#7930 = CARTESIAN_POINT('',(3.762221576582,10.336618828645,11.1));
#7931 = VECTOR('',#7932,1.);
#7932 = DIRECTION('',(1.224646799147E-16,0.,-1.));
#7933 = ORIENTED_EDGE('',*,*,#7934,.F.);
#7934 = EDGE_CURVE('',#7879,#7927,#7935,.T.);
#7935 = LINE('',#7936,#7937);
#7936 = CARTESIAN_POINT('',(3.533418556469,10.408760143779,9.8));
#7937 = VECTOR('',#7938,1.);
#7938 = DIRECTION('',(0.953716950748,-0.300705799504,1.167966411026E-16)
  );
#7939 = ORIENTED_EDGE('',*,*,#7878,.F.);
#7940 = PLANE('',#7941);
#7941 = AXIS2_PLACEMENT_3D('',#7942,#7943,#7944);
#7942 = CARTESIAN_POINT('',(3.762221576582,10.336618828645,11.1));
#7943 = DIRECTION('',(0.300705799504,0.953716950748,3.68258394848E-17));
#7944 = DIRECTION('',(-0.953716950748,0.300705799504,-1.167966411026E-16
    ));
#7945 = ADVANCED_FACE('',(#7946),#7964,.T.);
#7946 = FACE_BOUND('',#7947,.T.);
#7947 = EDGE_LOOP('',(#7948,#7949,#7950,#7958));
#7948 = ORIENTED_EDGE('',*,*,#3837,.F.);
#7949 = ORIENTED_EDGE('',*,*,#7911,.T.);
#7950 = ORIENTED_EDGE('',*,*,#7951,.F.);
#7951 = EDGE_CURVE('',#7952,#7904,#7954,.T.);
#7952 = VERTEX_POINT('',#7953);
#7953 = CARTESIAN_POINT('',(-6.490628035481E-16,13.,9.8));
#7954 = LINE('',#7955,#7956);
#7955 = CARTESIAN_POINT('',(-0.84976849179,12.962898306395,9.8));
#7956 = VECTOR('',#7957,1.);
#7957 = DIRECTION('',(-0.999048221582,-4.361938736534E-02,
    -1.223481206754E-16));
#7958 = ORIENTED_EDGE('',*,*,#7959,.F.);
#7959 = EDGE_CURVE('',#3838,#7952,#7960,.T.);
#7960 = LINE('',#7961,#7962);
#7961 = CARTESIAN_POINT('',(-8.082668874373E-16,13.,11.1));
#7962 = VECTOR('',#7963,1.);
#7963 = DIRECTION('',(1.224646799147E-16,0.,-1.));
#7964 = PLANE('',#7965);
#7965 = AXIS2_PLACEMENT_3D('',#7966,#7967,#7968);
#7966 = CARTESIAN_POINT('',(-1.13302465572,12.950531075193,11.1));
#7967 = DIRECTION('',(4.361938736534E-02,-0.999048221582,
    5.341834311773E-18));
#7968 = DIRECTION('',(0.999048221582,4.361938736534E-02,
    1.223481206754E-16));
#7969 = ADVANCED_FACE('',(#7970),#7988,.T.);
#7970 = FACE_BOUND('',#7971,.T.);
#7971 = EDGE_LOOP('',(#7972,#7973,#7981,#7987));
#7972 = ORIENTED_EDGE('',*,*,#4054,.F.);
#7973 = ORIENTED_EDGE('',*,*,#7974,.T.);
#7974 = EDGE_CURVE('',#4047,#7975,#7977,.T.);
#7975 = VERTEX_POINT('',#7976);
#7976 = CARTESIAN_POINT('',(4.648800879148,9.969385657403,9.8));
#7977 = LINE('',#7978,#7979);
#7978 = CARTESIAN_POINT('',(4.648800879148,9.969385657403,11.1));
#7979 = VECTOR('',#7980,1.);
#7980 = DIRECTION('',(1.224646799147E-16,0.,-1.));
#7981 = ORIENTED_EDGE('',*,*,#7982,.F.);
#7982 = EDGE_CURVE('',#7927,#7975,#7983,.T.);
#7983 = LINE('',#7984,#7985);
#7984 = CARTESIAN_POINT('',(4.427156053506,10.061193950214,9.8));
#7985 = VECTOR('',#7986,1.);
#7986 = DIRECTION('',(0.923879532511,-0.382683432365,1.131426112288E-16)
  );
#7987 = ORIENTED_EDGE('',*,*,#7926,.F.);
#7988 = PLANE('',#7989);
#7989 = AXIS2_PLACEMENT_3D('',#7990,#7991,#7992);
#7990 = CARTESIAN_POINT('',(4.648800879148,9.969385657403,11.1));
#7991 = DIRECTION('',(0.382683432365,0.923879532511,4.686520405326E-17)
  );
#7992 = DIRECTION('',(-0.923879532511,0.382683432365,-1.131426112288E-16
    ));
#7993 = ADVANCED_FACE('',(#7994),#8012,.T.);
#7994 = FACE_BOUND('',#7995,.T.);
#7995 = EDGE_LOOP('',(#7996,#7997,#7998,#8006));
#7996 = ORIENTED_EDGE('',*,*,#3845,.F.);
#7997 = ORIENTED_EDGE('',*,*,#7959,.T.);
#7998 = ORIENTED_EDGE('',*,*,#7999,.F.);
#7999 = EDGE_CURVE('',#8000,#7952,#8002,.T.);
#8000 = VERTEX_POINT('',#8001);
#8001 = CARTESIAN_POINT('',(1.13302465572,12.950531075193,9.8));
#8002 = LINE('',#8003,#8004);
#8003 = CARTESIAN_POINT('',(0.28325616393,12.987632768798,9.8));
#8004 = VECTOR('',#8005,1.);
#8005 = DIRECTION('',(-0.999048221582,4.361938736534E-02,
    -1.223481206754E-16));
#8006 = ORIENTED_EDGE('',*,*,#8007,.F.);
#8007 = EDGE_CURVE('',#3846,#8000,#8008,.T.);
#8008 = LINE('',#8009,#8010);
#8009 = CARTESIAN_POINT('',(1.13302465572,12.950531075193,11.1));
#8010 = VECTOR('',#8011,1.);
#8011 = DIRECTION('',(1.224646799147E-16,0.,-1.));
#8012 = PLANE('',#8013);
#8013 = AXIS2_PLACEMENT_3D('',#8014,#8015,#8016);
#8014 = CARTESIAN_POINT('',(-8.082668874373E-16,13.,11.1));
#8015 = DIRECTION('',(-4.361938736534E-02,-0.999048221582,
    -5.341834311773E-18));
#8016 = DIRECTION('',(0.999048221582,-4.361938736534E-02,
    1.223481206754E-16));
#8017 = ADVANCED_FACE('',(#8018),#8036,.T.);
#8018 = FACE_BOUND('',#8019,.T.);
#8019 = EDGE_LOOP('',(#8020,#8021,#8029,#8035));
#8020 = ORIENTED_EDGE('',*,*,#4046,.F.);
#8021 = ORIENTED_EDGE('',*,*,#8022,.T.);
#8022 = EDGE_CURVE('',#4039,#8023,#8025,.T.);
#8023 = VERTEX_POINT('',#8024);
#8024 = CARTESIAN_POINT('',(5.5,9.526279441629,9.8));
#8025 = LINE('',#8026,#8027);
#8026 = CARTESIAN_POINT('',(5.5,9.526279441629,11.1));
#8027 = VECTOR('',#8028,1.);
#8028 = DIRECTION('',(1.224646799147E-16,0.,-1.));
#8029 = ORIENTED_EDGE('',*,*,#8030,.F.);
#8030 = EDGE_CURVE('',#7975,#8023,#8031,.T.);
#8031 = LINE('',#8032,#8033);
#8032 = CARTESIAN_POINT('',(5.287200219787,9.637055995572,9.8));
#8033 = VECTOR('',#8034,1.);
#8034 = DIRECTION('',(0.887010833178,-0.461748613235,1.086274977661E-16)
  );
#8035 = ORIENTED_EDGE('',*,*,#7974,.F.);
#8036 = PLANE('',#8037);
#8037 = AXIS2_PLACEMENT_3D('',#8038,#8039,#8040);
#8038 = CARTESIAN_POINT('',(5.5,9.526279441629,11.1));
#8039 = DIRECTION('',(0.461748613235,0.887010833178,5.65478961209E-17));
#8040 = DIRECTION('',(-0.887010833178,0.461748613235,-1.086274977661E-16
    ));
#8041 = ADVANCED_FACE('',(#8042),#8060,.T.);
#8042 = FACE_BOUND('',#8043,.T.);
#8043 = EDGE_LOOP('',(#8044,#8045,#8046,#8054));
#8044 = ORIENTED_EDGE('',*,*,#3853,.F.);
#8045 = ORIENTED_EDGE('',*,*,#8007,.T.);
#8046 = ORIENTED_EDGE('',*,*,#8047,.F.);
#8047 = EDGE_CURVE('',#8048,#8000,#8050,.T.);
#8048 = VERTEX_POINT('',#8049);
#8049 = CARTESIAN_POINT('',(2.25742630967,12.802500789159,9.8));
#8050 = LINE('',#8051,#8052);
#8051 = CARTESIAN_POINT('',(1.414125069207,12.913523503684,9.8));
#8052 = VECTOR('',#8053,1.);
#8053 = DIRECTION('',(-0.991444861374,0.13052619222,-1.214169776013E-16)
  );
#8054 = ORIENTED_EDGE('',*,*,#8055,.F.);
#8055 = EDGE_CURVE('',#3854,#8048,#8056,.T.);
#8056 = LINE('',#8057,#8058);
#8057 = CARTESIAN_POINT('',(2.25742630967,12.802500789159,11.1));
#8058 = VECTOR('',#8059,1.);
#8059 = DIRECTION('',(1.224646799147E-16,0.,-1.));
#8060 = PLANE('',#8061);
#8061 = AXIS2_PLACEMENT_3D('',#8062,#8063,#8064);
#8062 = CARTESIAN_POINT('',(1.13302465572,12.950531075193,11.1));
#8063 = DIRECTION('',(-0.13052619222,-0.991444861374,-1.598484835072E-17
    ));
#8064 = DIRECTION('',(0.991444861374,-0.13052619222,1.214169776013E-16)
  );
#8065 = ADVANCED_FACE('',(#8066),#8084,.T.);
#8066 = FACE_BOUND('',#8067,.T.);
#8067 = EDGE_LOOP('',(#8068,#8069,#8077,#8083));
#8068 = ORIENTED_EDGE('',*,*,#4038,.F.);
#8069 = ORIENTED_EDGE('',*,*,#8070,.T.);
#8070 = EDGE_CURVE('',#4031,#8071,#8073,.T.);
#8071 = VERTEX_POINT('',#8072);
#8072 = CARTESIAN_POINT('',(6.309340799862,9.010672487179,9.8));
#8073 = LINE('',#8074,#8075);
#8074 = CARTESIAN_POINT('',(6.309340799862,9.010672487179,11.1));
#8075 = VECTOR('',#8076,1.);
#8076 = DIRECTION('',(1.224646799147E-16,0.,-1.));
#8077 = ORIENTED_EDGE('',*,*,#8078,.F.);
#8078 = EDGE_CURVE('',#8023,#8071,#8079,.T.);
#8079 = LINE('',#8080,#8081);
#8080 = CARTESIAN_POINT('',(6.107005599896,9.139574225791,9.8));
#8081 = VECTOR('',#8082,1.);
#8082 = DIRECTION('',(0.843391445813,-0.537299608347,1.032856634543E-16)
  );
#8083 = ORIENTED_EDGE('',*,*,#8022,.F.);
#8084 = PLANE('',#8085);
#8085 = AXIS2_PLACEMENT_3D('',#8086,#8087,#8088);
#8086 = CARTESIAN_POINT('',(6.309340799862,9.010672487179,11.1));
#8087 = DIRECTION('',(0.537299608347,0.843391445813,6.580022455451E-17)
  );
#8088 = DIRECTION('',(-0.843391445813,0.537299608347,-1.032856634543E-16
    ));
#8089 = ADVANCED_FACE('',(#8090),#8108,.T.);
#8090 = FACE_BOUND('',#8091,.T.);
#8091 = EDGE_LOOP('',(#8092,#8093,#8094,#8102));
#8092 = ORIENTED_EDGE('',*,*,#3861,.F.);
#8093 = ORIENTED_EDGE('',*,*,#8055,.T.);
#8094 = ORIENTED_EDGE('',*,*,#8095,.F.);
#8095 = EDGE_CURVE('',#8096,#8048,#8098,.T.);
#8096 = VERTEX_POINT('',#8097);
#8097 = CARTESIAN_POINT('',(3.364647586333,12.557035741758,9.8));
#8098 = LINE('',#8099,#8100);
#8099 = CARTESIAN_POINT('',(2.534231628836,12.741134527309,9.8));
#8100 = VECTOR('',#8101,1.);
#8101 = DIRECTION('',(-0.97629600712,0.216439613938,-1.19561778014E-16)
  );
#8102 = ORIENTED_EDGE('',*,*,#8103,.F.);
#8103 = EDGE_CURVE('',#3862,#8096,#8104,.T.);
#8104 = LINE('',#8105,#8106);
#8105 = CARTESIAN_POINT('',(3.364647586333,12.557035741758,11.1));
#8106 = VECTOR('',#8107,1.);
#8107 = DIRECTION('',(1.224646799147E-16,0.,-1.));
#8108 = PLANE('',#8109);
#8109 = AXIS2_PLACEMENT_3D('',#8110,#8111,#8112);
#8110 = CARTESIAN_POINT('',(2.25742630967,12.802500789159,11.1));
#8111 = DIRECTION('',(-0.216439613938,-0.97629600712,-2.65062080418E-17)
  );
#8112 = DIRECTION('',(0.97629600712,-0.216439613938,1.19561778014E-16));
#8113 = ADVANCED_FACE('',(#8114),#8132,.T.);
#8114 = FACE_BOUND('',#8115,.T.);
#8115 = EDGE_LOOP('',(#8116,#8117,#8125,#8131));
#8116 = ORIENTED_EDGE('',*,*,#4030,.F.);
#8117 = ORIENTED_EDGE('',*,*,#8118,.T.);
#8118 = EDGE_CURVE('',#4023,#8119,#8121,.T.);
#8119 = VERTEX_POINT('',#8120);
#8120 = CARTESIAN_POINT('',(7.070663706552,8.426488874309,9.8));
#8121 = LINE('',#8122,#8123);
#8122 = CARTESIAN_POINT('',(7.070663706552,8.426488874309,11.1));
#8123 = VECTOR('',#8124,1.);
#8124 = DIRECTION('',(1.224646799147E-16,0.,-1.));
#8125 = ORIENTED_EDGE('',*,*,#8126,.F.);
#8126 = EDGE_CURVE('',#8071,#8119,#8127,.T.);
#8127 = LINE('',#8128,#8129);
#8128 = CARTESIAN_POINT('',(6.880332979879,8.572534777526,9.8));
#8129 = VECTOR('',#8130,1.);
#8130 = DIRECTION('',(0.793353340291,-0.608761429009,9.715776287805E-17)
  );
#8131 = ORIENTED_EDGE('',*,*,#8070,.F.);
#8132 = PLANE('',#8133);
#8133 = AXIS2_PLACEMENT_3D('',#8134,#8135,#8136);
#8134 = CARTESIAN_POINT('',(7.070663706552,8.426488874309,11.1));
#8135 = DIRECTION('',(0.608761429009,0.793353340291,7.455177354799E-17)
  );
#8136 = DIRECTION('',(-0.793353340291,0.608761429009,-9.715776287805E-17
    ));
#8137 = ADVANCED_FACE('',(#8138),#8156,.T.);
#8138 = FACE_BOUND('',#8139,.T.);
#8139 = EDGE_LOOP('',(#8140,#8141,#8142,#8150));
#8140 = ORIENTED_EDGE('',*,*,#3869,.F.);
#8141 = ORIENTED_EDGE('',*,*,#8103,.T.);
#8142 = ORIENTED_EDGE('',*,*,#8143,.F.);
#8143 = EDGE_CURVE('',#8144,#8096,#8146,.T.);
#8144 = VERTEX_POINT('',#8145);
#8145 = CARTESIAN_POINT('',(4.446261863234,12.216004070217,9.8));
#8146 = LINE('',#8147,#8148);
#8147 = CARTESIAN_POINT('',(3.635051155558,12.471777823873,9.8));
#8148 = VECTOR('',#8149,1.);
#8149 = DIRECTION('',(-0.953716950748,0.300705799504,-1.167966411026E-16
    ));
#8150 = ORIENTED_EDGE('',*,*,#8151,.F.);
#8151 = EDGE_CURVE('',#3870,#8144,#8152,.T.);
#8152 = LINE('',#8153,#8154);
#8153 = CARTESIAN_POINT('',(4.446261863234,12.216004070217,11.1));
#8154 = VECTOR('',#8155,1.);
#8155 = DIRECTION('',(1.224646799147E-16,0.,-1.));
#8156 = PLANE('',#8157);
#8157 = AXIS2_PLACEMENT_3D('',#8158,#8159,#8160);
#8158 = CARTESIAN_POINT('',(3.364647586333,12.557035741758,11.1));
#8159 = DIRECTION('',(-0.300705799504,-0.953716950748,-3.68258394848E-17
    ));
#8160 = DIRECTION('',(0.953716950748,-0.300705799504,1.167966411026E-16)
  );
#8161 = ADVANCED_FACE('',(#8162),#8180,.T.);
#8162 = FACE_BOUND('',#8163,.T.);
#8163 = EDGE_LOOP('',(#8164,#8165,#8173,#8179));
#8164 = ORIENTED_EDGE('',*,*,#4022,.F.);
#8165 = ORIENTED_EDGE('',*,*,#8166,.T.);
#8166 = EDGE_CURVE('',#4015,#8167,#8169,.T.);
#8167 = VERTEX_POINT('',#8168);
#8168 = CARTESIAN_POINT('',(7.778174593052,7.778174593052,9.8));
#8169 = LINE('',#8170,#8171);
#8170 = CARTESIAN_POINT('',(7.778174593052,7.778174593052,11.1));
#8171 = VECTOR('',#8172,1.);
#8172 = DIRECTION('',(1.224646799147E-16,0.,-1.));
#8173 = ORIENTED_EDGE('',*,*,#8174,.F.);
#8174 = EDGE_CURVE('',#8119,#8167,#8175,.T.);
#8175 = LINE('',#8176,#8177);
#8176 = CARTESIAN_POINT('',(7.601296871427,7.940253163366,9.8));
#8177 = VECTOR('',#8178,1.);
#8178 = DIRECTION('',(0.73727733681,-0.675590207616,9.029043306084E-17)
  );
#8179 = ORIENTED_EDGE('',*,*,#8118,.F.);
#8180 = PLANE('',#8181);
#8181 = AXIS2_PLACEMENT_3D('',#8182,#8183,#8184);
#8182 = CARTESIAN_POINT('',(7.778174593052,7.778174593052,11.1));
#8183 = DIRECTION('',(0.675590207616,0.73727733681,8.273593852918E-17));
#8184 = DIRECTION('',(-0.73727733681,0.675590207616,-9.029043306084E-17)
  );
#8185 = ADVANCED_FACE('',(#8186),#8204,.T.);
#8186 = FACE_BOUND('',#8187,.T.);
#8187 = EDGE_LOOP('',(#8188,#8189,#8190,#8198));
#8188 = ORIENTED_EDGE('',*,*,#3877,.F.);
#8189 = ORIENTED_EDGE('',*,*,#8151,.T.);
#8190 = ORIENTED_EDGE('',*,*,#8191,.F.);
#8191 = EDGE_CURVE('',#8192,#8144,#8194,.T.);
#8192 = VERTEX_POINT('',#8193);
#8193 = CARTESIAN_POINT('',(5.494037402629,11.782001231476,9.8));
#8194 = LINE('',#8195,#8196);
#8195 = CARTESIAN_POINT('',(4.708205748083,12.107503360532,9.8));
#8196 = VECTOR('',#8197,1.);
#8197 = DIRECTION('',(-0.923879532511,0.382683432365,-1.131426112288E-16
    ));
#8198 = ORIENTED_EDGE('',*,*,#8199,.F.);
#8199 = EDGE_CURVE('',#3878,#8192,#8200,.T.);
#8200 = LINE('',#8201,#8202);
#8201 = CARTESIAN_POINT('',(5.494037402629,11.782001231476,11.1));
#8202 = VECTOR('',#8203,1.);
#8203 = DIRECTION('',(1.224646799147E-16,0.,-1.));
#8204 = PLANE('',#8205);
#8205 = AXIS2_PLACEMENT_3D('',#8206,#8207,#8208);
#8206 = CARTESIAN_POINT('',(4.446261863234,12.216004070217,11.1));
#8207 = DIRECTION('',(-0.382683432365,-0.923879532511,
    -4.686520405326E-17));
#8208 = DIRECTION('',(0.923879532511,-0.382683432365,1.131426112288E-16)
  );
#8209 = ADVANCED_FACE('',(#8210),#8228,.T.);
#8210 = FACE_BOUND('',#8211,.T.);
#8211 = EDGE_LOOP('',(#8212,#8213,#8221,#8227));
#8212 = ORIENTED_EDGE('',*,*,#4014,.F.);
#8213 = ORIENTED_EDGE('',*,*,#8214,.T.);
#8214 = EDGE_CURVE('',#4007,#8215,#8217,.T.);
#8215 = VERTEX_POINT('',#8216);
#8216 = CARTESIAN_POINT('',(8.426488874309,7.070663706552,9.8));
#8217 = LINE('',#8218,#8219);
#8218 = CARTESIAN_POINT('',(8.426488874309,7.070663706552,11.1));
#8219 = VECTOR('',#8220,1.);
#8220 = DIRECTION('',(1.224646799147E-16,0.,-1.));
#8221 = ORIENTED_EDGE('',*,*,#8222,.F.);
#8222 = EDGE_CURVE('',#8167,#8215,#8223,.T.);
#8223 = LINE('',#8224,#8225);
#8224 = CARTESIAN_POINT('',(8.264410303995,7.247541428177,9.8));
#8225 = VECTOR('',#8226,1.);
#8226 = DIRECTION('',(0.675590207616,-0.73727733681,8.273593852918E-17)
  );
#8227 = ORIENTED_EDGE('',*,*,#8166,.F.);
#8228 = PLANE('',#8229);
#8229 = AXIS2_PLACEMENT_3D('',#8230,#8231,#8232);
#8230 = CARTESIAN_POINT('',(8.426488874309,7.070663706552,11.1));
#8231 = DIRECTION('',(0.73727733681,0.675590207616,9.029043306084E-17));
#8232 = DIRECTION('',(-0.675590207616,0.73727733681,-8.273593852918E-17)
  );
#8233 = ADVANCED_FACE('',(#8234),#8252,.T.);
#8234 = FACE_BOUND('',#8235,.T.);
#8235 = EDGE_LOOP('',(#8236,#8237,#8238,#8246));
#8236 = ORIENTED_EDGE('',*,*,#3885,.F.);
#8237 = ORIENTED_EDGE('',*,*,#8199,.T.);
#8238 = ORIENTED_EDGE('',*,*,#8239,.F.);
#8239 = EDGE_CURVE('',#8240,#8192,#8242,.T.);
#8240 = VERTEX_POINT('',#8241);
#8241 = CARTESIAN_POINT('',(6.5,11.258330249198,9.8));
#8242 = LINE('',#8243,#8244);
#8243 = CARTESIAN_POINT('',(5.745528051972,11.651083485907,9.8));
#8244 = VECTOR('',#8245,1.);
#8245 = DIRECTION('',(-0.887010833178,0.461748613235,-1.086274977661E-16
    ));
#8246 = ORIENTED_EDGE('',*,*,#8247,.F.);
#8247 = EDGE_CURVE('',#3886,#8240,#8248,.T.);
#8248 = LINE('',#8249,#8250);
#8249 = CARTESIAN_POINT('',(6.5,11.258330249198,11.1));
#8250 = VECTOR('',#8251,1.);
#8251 = DIRECTION('',(1.224646799147E-16,0.,-1.));
#8252 = PLANE('',#8253);
#8253 = AXIS2_PLACEMENT_3D('',#8254,#8255,#8256);
#8254 = CARTESIAN_POINT('',(5.494037402629,11.782001231476,11.1));
#8255 = DIRECTION('',(-0.461748613235,-0.887010833178,-5.65478961209E-17
    ));
#8256 = DIRECTION('',(0.887010833178,-0.461748613235,1.086274977661E-16)
  );
#8257 = ADVANCED_FACE('',(#8258),#8276,.T.);
#8258 = FACE_BOUND('',#8259,.T.);
#8259 = EDGE_LOOP('',(#8260,#8261,#8269,#8275));
#8260 = ORIENTED_EDGE('',*,*,#4006,.F.);
#8261 = ORIENTED_EDGE('',*,*,#8262,.T.);
#8262 = EDGE_CURVE('',#3999,#8263,#8265,.T.);
#8263 = VERTEX_POINT('',#8264);
#8264 = CARTESIAN_POINT('',(9.010672487179,6.309340799862,9.8));
#8265 = LINE('',#8266,#8267);
#8266 = CARTESIAN_POINT('',(9.010672487179,6.309340799862,11.1));
#8267 = VECTOR('',#8268,1.);
#8268 = DIRECTION('',(1.224646799147E-16,0.,-1.));
#8269 = ORIENTED_EDGE('',*,*,#8270,.F.);
#8270 = EDGE_CURVE('',#8215,#8263,#8271,.T.);
#8271 = LINE('',#8272,#8273);
#8272 = CARTESIAN_POINT('',(8.864626583961,6.499671526534,9.8));
#8273 = VECTOR('',#8274,1.);
#8274 = DIRECTION('',(0.608761429009,-0.793353340291,7.455177354799E-17)
  );
#8275 = ORIENTED_EDGE('',*,*,#8214,.F.);
#8276 = PLANE('',#8277);
#8277 = AXIS2_PLACEMENT_3D('',#8278,#8279,#8280);
#8278 = CARTESIAN_POINT('',(9.010672487179,6.309340799862,11.1));
#8279 = DIRECTION('',(0.793353340291,0.608761429009,9.715776287805E-17)
  );
#8280 = DIRECTION('',(-0.608761429009,0.793353340291,-7.455177354799E-17
    ));
#8281 = ADVANCED_FACE('',(#8282),#8300,.T.);
#8282 = FACE_BOUND('',#8283,.T.);
#8283 = EDGE_LOOP('',(#8284,#8285,#8286,#8294));
#8284 = ORIENTED_EDGE('',*,*,#3893,.F.);
#8285 = ORIENTED_EDGE('',*,*,#8247,.T.);
#8286 = ORIENTED_EDGE('',*,*,#8287,.F.);
#8287 = EDGE_CURVE('',#8288,#8240,#8290,.T.);
#8288 = VERTEX_POINT('',#8289);
#8289 = CARTESIAN_POINT('',(7.456493672564,10.648976575757,9.8));
#8290 = LINE('',#8291,#8292);
#8291 = CARTESIAN_POINT('',(6.739123418141,11.105991830838,9.8));
#8292 = VECTOR('',#8293,1.);
#8293 = DIRECTION('',(-0.843391445813,0.537299608347,-1.032856634543E-16
    ));
#8294 = ORIENTED_EDGE('',*,*,#8295,.F.);
#8295 = EDGE_CURVE('',#3894,#8288,#8296,.T.);
#8296 = LINE('',#8297,#8298);
#8297 = CARTESIAN_POINT('',(7.456493672564,10.648976575757,11.1));
#8298 = VECTOR('',#8299,1.);
#8299 = DIRECTION('',(1.224646799147E-16,0.,-1.));
#8300 = PLANE('',#8301);
#8301 = AXIS2_PLACEMENT_3D('',#8302,#8303,#8304);
#8302 = CARTESIAN_POINT('',(6.5,11.258330249198,11.1));
#8303 = DIRECTION('',(-0.537299608347,-0.843391445813,
    -6.580022455451E-17));
#8304 = DIRECTION('',(0.843391445813,-0.537299608347,1.032856634543E-16)
  );
#8305 = ADVANCED_FACE('',(#8306),#8324,.T.);
#8306 = FACE_BOUND('',#8307,.T.);
#8307 = EDGE_LOOP('',(#8308,#8309,#8317,#8323));
#8308 = ORIENTED_EDGE('',*,*,#3998,.F.);
#8309 = ORIENTED_EDGE('',*,*,#8310,.T.);
#8310 = EDGE_CURVE('',#3991,#8311,#8313,.T.);
#8311 = VERTEX_POINT('',#8312);
#8312 = CARTESIAN_POINT('',(9.526279441629,5.5,9.8));
#8313 = LINE('',#8314,#8315);
#8314 = CARTESIAN_POINT('',(9.526279441629,5.5,11.1));
#8315 = VECTOR('',#8316,1.);
#8316 = DIRECTION('',(1.224646799147E-16,0.,-1.));
#8317 = ORIENTED_EDGE('',*,*,#8318,.F.);
#8318 = EDGE_CURVE('',#8263,#8311,#8319,.T.);
#8319 = LINE('',#8320,#8321);
#8320 = CARTESIAN_POINT('',(9.397377703016,5.702335199965,9.8));
#8321 = VECTOR('',#8322,1.);
#8322 = DIRECTION('',(0.537299608347,-0.843391445813,6.580022455451E-17)
  );
#8323 = ORIENTED_EDGE('',*,*,#8262,.F.);
#8324 = PLANE('',#8325);
#8325 = AXIS2_PLACEMENT_3D('',#8326,#8327,#8328);
#8326 = CARTESIAN_POINT('',(9.526279441629,5.5,11.1));
#8327 = DIRECTION('',(0.843391445813,0.537299608347,1.032856634543E-16)
  );
#8328 = DIRECTION('',(-0.537299608347,0.843391445813,-6.580022455451E-17
    ));
#8329 = ADVANCED_FACE('',(#8330),#8348,.T.);
#8330 = FACE_BOUND('',#8331,.T.);
#8331 = EDGE_LOOP('',(#8332,#8333,#8334,#8342));
#8332 = ORIENTED_EDGE('',*,*,#3901,.F.);
#8333 = ORIENTED_EDGE('',*,*,#8295,.T.);
#8334 = ORIENTED_EDGE('',*,*,#8335,.F.);
#8335 = EDGE_CURVE('',#8336,#8288,#8338,.T.);
#8336 = VERTEX_POINT('',#8337);
#8337 = CARTESIAN_POINT('',(8.356238925925,9.958577760547,9.8));
#8338 = LINE('',#8339,#8340);
#8339 = CARTESIAN_POINT('',(7.681429985904,10.476376871954,9.8));
#8340 = VECTOR('',#8341,1.);
#8341 = DIRECTION('',(-0.793353340291,0.608761429009,-9.715776287805E-17
    ));
#8342 = ORIENTED_EDGE('',*,*,#8343,.F.);
#8343 = EDGE_CURVE('',#3902,#8336,#8344,.T.);
#8344 = LINE('',#8345,#8346);
#8345 = CARTESIAN_POINT('',(8.356238925925,9.958577760547,11.1));
#8346 = VECTOR('',#8347,1.);
#8347 = DIRECTION('',(1.224646799147E-16,0.,-1.));
#8348 = PLANE('',#8349);
#8349 = AXIS2_PLACEMENT_3D('',#8350,#8351,#8352);
#8350 = CARTESIAN_POINT('',(7.456493672564,10.648976575757,11.1));
#8351 = DIRECTION('',(-0.608761429009,-0.793353340291,
    -7.455177354799E-17));
#8352 = DIRECTION('',(0.793353340291,-0.608761429009,9.715776287805E-17)
  );
#8353 = ADVANCED_FACE('',(#8354),#8372,.T.);
#8354 = FACE_BOUND('',#8355,.T.);
#8355 = EDGE_LOOP('',(#8356,#8357,#8365,#8371));
#8356 = ORIENTED_EDGE('',*,*,#3990,.F.);
#8357 = ORIENTED_EDGE('',*,*,#8358,.T.);
#8358 = EDGE_CURVE('',#3983,#8359,#8361,.T.);
#8359 = VERTEX_POINT('',#8360);
#8360 = CARTESIAN_POINT('',(9.969385657403,4.648800879148,9.8));
#8361 = LINE('',#8362,#8363);
#8362 = CARTESIAN_POINT('',(9.969385657403,4.648800879148,11.1));
#8363 = VECTOR('',#8364,1.);
#8364 = DIRECTION('',(1.224646799147E-16,0.,-1.));
#8365 = ORIENTED_EDGE('',*,*,#8366,.F.);
#8366 = EDGE_CURVE('',#8311,#8359,#8367,.T.);
#8367 = LINE('',#8368,#8369);
#8368 = CARTESIAN_POINT('',(9.85860910346,4.861600659361,9.8));
#8369 = VECTOR('',#8370,1.);
#8370 = DIRECTION('',(0.461748613235,-0.887010833178,5.65478961209E-17)
  );
#8371 = ORIENTED_EDGE('',*,*,#8310,.F.);
#8372 = PLANE('',#8373);
#8373 = AXIS2_PLACEMENT_3D('',#8374,#8375,#8376);
#8374 = CARTESIAN_POINT('',(9.969385657403,4.648800879148,11.1));
#8375 = DIRECTION('',(0.887010833178,0.461748613235,1.086274977661E-16)
  );
#8376 = DIRECTION('',(-0.461748613235,0.887010833178,-5.65478961209E-17)
  );
#8377 = ADVANCED_FACE('',(#8378),#8396,.T.);
#8378 = FACE_BOUND('',#8379,.T.);
#8379 = EDGE_LOOP('',(#8380,#8381,#8382,#8390));
#8380 = ORIENTED_EDGE('',*,*,#3909,.F.);
#8381 = ORIENTED_EDGE('',*,*,#8343,.T.);
#8382 = ORIENTED_EDGE('',*,*,#8383,.F.);
#8383 = EDGE_CURVE('',#8384,#8336,#8386,.T.);
#8384 = VERTEX_POINT('',#8385);
#8385 = CARTESIAN_POINT('',(9.192388155425,9.192388155425,9.8));
#8386 = LINE('',#8387,#8388);
#8387 = CARTESIAN_POINT('',(8.5652762333,9.767030359266,9.8));
#8388 = VECTOR('',#8389,1.);
#8389 = DIRECTION('',(-0.73727733681,0.675590207616,-9.029043306084E-17)
  );
#8390 = ORIENTED_EDGE('',*,*,#8391,.F.);
#8391 = EDGE_CURVE('',#3910,#8384,#8392,.T.);
#8392 = LINE('',#8393,#8394);
#8393 = CARTESIAN_POINT('',(9.192388155425,9.192388155425,11.1));
#8394 = VECTOR('',#8395,1.);
#8395 = DIRECTION('',(1.224646799147E-16,0.,-1.));
#8396 = PLANE('',#8397);
#8397 = AXIS2_PLACEMENT_3D('',#8398,#8399,#8400);
#8398 = CARTESIAN_POINT('',(8.356238925925,9.958577760547,11.1));
#8399 = DIRECTION('',(-0.675590207616,-0.73727733681,-8.273593852918E-17
    ));
#8400 = DIRECTION('',(0.73727733681,-0.675590207616,9.029043306084E-17)
  );
#8401 = ADVANCED_FACE('',(#8402),#8420,.T.);
#8402 = FACE_BOUND('',#8403,.T.);
#8403 = EDGE_LOOP('',(#8404,#8405,#8413,#8419));
#8404 = ORIENTED_EDGE('',*,*,#3982,.F.);
#8405 = ORIENTED_EDGE('',*,*,#8406,.T.);
#8406 = EDGE_CURVE('',#3975,#8407,#8409,.T.);
#8407 = VERTEX_POINT('',#8408);
#8408 = CARTESIAN_POINT('',(10.336618828645,3.762221576582,9.8));
#8409 = LINE('',#8410,#8411);
#8410 = CARTESIAN_POINT('',(10.336618828645,3.762221576582,11.1));
#8411 = VECTOR('',#8412,1.);
#8412 = DIRECTION('',(1.224646799147E-16,0.,-1.));
#8413 = ORIENTED_EDGE('',*,*,#8414,.F.);
#8414 = EDGE_CURVE('',#8359,#8407,#8415,.T.);
#8415 = LINE('',#8416,#8417);
#8416 = CARTESIAN_POINT('',(10.244810535835,3.983866402224,9.8));
#8417 = VECTOR('',#8418,1.);
#8418 = DIRECTION('',(0.382683432365,-0.923879532511,4.686520405326E-17)
  );
#8419 = ORIENTED_EDGE('',*,*,#8358,.F.);
#8420 = PLANE('',#8421);
#8421 = AXIS2_PLACEMENT_3D('',#8422,#8423,#8424);
#8422 = CARTESIAN_POINT('',(10.336618828645,3.762221576582,11.1));
#8423 = DIRECTION('',(0.923879532511,0.382683432365,1.131426112288E-16)
  );
#8424 = DIRECTION('',(-0.382683432365,0.923879532511,-4.686520405326E-17
    ));
#8425 = ADVANCED_FACE('',(#8426),#8444,.T.);
#8426 = FACE_BOUND('',#8427,.T.);
#8427 = EDGE_LOOP('',(#8428,#8429,#8430,#8438));
#8428 = ORIENTED_EDGE('',*,*,#3917,.F.);
#8429 = ORIENTED_EDGE('',*,*,#8391,.T.);
#8430 = ORIENTED_EDGE('',*,*,#8431,.F.);
#8431 = EDGE_CURVE('',#8432,#8384,#8434,.T.);
#8432 = VERTEX_POINT('',#8433);
#8433 = CARTESIAN_POINT('',(9.958577760547,8.356238925925,9.8));
#8434 = LINE('',#8435,#8436);
#8435 = CARTESIAN_POINT('',(9.383935556706,8.98335084805,9.8));
#8436 = VECTOR('',#8437,1.);
#8437 = DIRECTION('',(-0.675590207616,0.73727733681,-8.273593852918E-17)
  );
#8438 = ORIENTED_EDGE('',*,*,#8439,.F.);
#8439 = EDGE_CURVE('',#3918,#8432,#8440,.T.);
#8440 = LINE('',#8441,#8442);
#8441 = CARTESIAN_POINT('',(9.958577760547,8.356238925925,11.1));
#8442 = VECTOR('',#8443,1.);
#8443 = DIRECTION('',(1.224646799147E-16,0.,-1.));
#8444 = PLANE('',#8445);
#8445 = AXIS2_PLACEMENT_3D('',#8446,#8447,#8448);
#8446 = CARTESIAN_POINT('',(9.192388155425,9.192388155425,11.1));
#8447 = DIRECTION('',(-0.73727733681,-0.675590207616,-9.029043306084E-17
    ));
#8448 = DIRECTION('',(0.675590207616,-0.73727733681,8.273593852918E-17)
  );
#8449 = ADVANCED_FACE('',(#8450),#8468,.T.);
#8450 = FACE_BOUND('',#8451,.T.);
#8451 = EDGE_LOOP('',(#8452,#8453,#8461,#8467));
#8452 = ORIENTED_EDGE('',*,*,#3974,.F.);
#8453 = ORIENTED_EDGE('',*,*,#8454,.T.);
#8454 = EDGE_CURVE('',#3966,#8455,#8457,.T.);
#8455 = VERTEX_POINT('',#8456);
#8456 = CARTESIAN_POINT('',(10.62518408918,2.847009496128,9.8));
#8457 = LINE('',#8458,#8459);
#8458 = CARTESIAN_POINT('',(10.62518408918,2.847009496128,11.1));
#8459 = VECTOR('',#8460,1.);
#8460 = DIRECTION('',(1.224646799147E-16,0.,-1.));
#8461 = ORIENTED_EDGE('',*,*,#8462,.F.);
#8462 = EDGE_CURVE('',#8407,#8455,#8463,.T.);
#8463 = LINE('',#8464,#8465);
#8464 = CARTESIAN_POINT('',(10.553042774046,3.075812516241,9.8));
#8465 = VECTOR('',#8466,1.);
#8466 = DIRECTION('',(0.300705799504,-0.953716950748,3.68258394848E-17)
  );
#8467 = ORIENTED_EDGE('',*,*,#8406,.F.);
#8468 = PLANE('',#8469);
#8469 = AXIS2_PLACEMENT_3D('',#8470,#8471,#8472);
#8470 = CARTESIAN_POINT('',(10.62518408918,2.847009496128,11.1));
#8471 = DIRECTION('',(0.953716950748,0.300705799504,1.167966411026E-16)
  );
#8472 = DIRECTION('',(-0.300705799504,0.953716950748,-3.68258394848E-17)
  );
#8473 = ADVANCED_FACE('',(#8474),#8492,.T.);
#8474 = FACE_BOUND('',#8475,.T.);
#8475 = EDGE_LOOP('',(#8476,#8477,#8478,#8486));
#8476 = ORIENTED_EDGE('',*,*,#3925,.F.);
#8477 = ORIENTED_EDGE('',*,*,#8439,.T.);
#8478 = ORIENTED_EDGE('',*,*,#8479,.F.);
#8479 = EDGE_CURVE('',#8480,#8432,#8482,.T.);
#8480 = VERTEX_POINT('',#8481);
#8481 = CARTESIAN_POINT('',(10.648976575757,7.456493672564,9.8));
#8482 = LINE('',#8483,#8484);
#8483 = CARTESIAN_POINT('',(10.131177464349,8.131302612585,9.8));
#8484 = VECTOR('',#8485,1.);
#8485 = DIRECTION('',(-0.608761429009,0.793353340291,-7.455177354799E-17
    ));
#8486 = ORIENTED_EDGE('',*,*,#8487,.F.);
#8487 = EDGE_CURVE('',#3926,#8480,#8488,.T.);
#8488 = LINE('',#8489,#8490);
#8489 = CARTESIAN_POINT('',(10.648976575757,7.456493672564,11.1));
#8490 = VECTOR('',#8491,1.);
#8491 = DIRECTION('',(1.224646799147E-16,0.,-1.));
#8492 = PLANE('',#8493);
#8493 = AXIS2_PLACEMENT_3D('',#8494,#8495,#8496);
#8494 = CARTESIAN_POINT('',(9.958577760547,8.356238925925,11.1));
#8495 = DIRECTION('',(-0.793353340291,-0.608761429009,
    -9.715776287805E-17));
#8496 = DIRECTION('',(0.608761429009,-0.793353340291,7.455177354799E-17)
  );
#8497 = ADVANCED_FACE('',(#8498),#8517,.F.);
#8498 = FACE_BOUND('',#8499,.F.);
#8499 = EDGE_LOOP('',(#8500,#8509,#8515,#8516));
#8500 = ORIENTED_EDGE('',*,*,#8501,.F.);
#8501 = EDGE_CURVE('',#8502,#8455,#8504,.T.);
#8502 = VERTEX_POINT('',#8503);
#8503 = CARTESIAN_POINT('',(12.530802536255,3.447848684556,9.8));
#8504 = CIRCLE('',#8505,1.);
#8505 = AXIS2_PLACEMENT_3D('',#8506,#8507,#8508);
#8506 = CARTESIAN_POINT('',(11.591109915469,3.10582854123,9.8));
#8507 = DIRECTION('',(1.224646799147E-16,0.,-1.));
#8508 = DIRECTION('',(-1.,0.,-1.224646799147E-16));
#8509 = ORIENTED_EDGE('',*,*,#8510,.F.);
#8510 = EDGE_CURVE('',#3958,#8502,#8511,.T.);
#8511 = LINE('',#8512,#8513);
#8512 = CARTESIAN_POINT('',(12.530802536255,3.447848684556,11.1));
#8513 = VECTOR('',#8514,1.);
#8514 = DIRECTION('',(1.224646799147E-16,0.,-1.));
#8515 = ORIENTED_EDGE('',*,*,#3965,.T.);
#8516 = ORIENTED_EDGE('',*,*,#8454,.T.);
#8517 = CYLINDRICAL_SURFACE('',#8518,1.);
#8518 = AXIS2_PLACEMENT_3D('',#8519,#8520,#8521);
#8519 = CARTESIAN_POINT('',(11.591109915469,3.10582854123,11.1));
#8520 = DIRECTION('',(1.224646799147E-16,0.,-1.));
#8521 = DIRECTION('',(-1.,0.,-1.224646799147E-16));
#8522 = ADVANCED_FACE('',(#8523),#8541,.T.);
#8523 = FACE_BOUND('',#8524,.T.);
#8524 = EDGE_LOOP('',(#8525,#8526,#8527,#8535));
#8525 = ORIENTED_EDGE('',*,*,#3933,.F.);
#8526 = ORIENTED_EDGE('',*,*,#8487,.T.);
#8527 = ORIENTED_EDGE('',*,*,#8528,.F.);
#8528 = EDGE_CURVE('',#8529,#8480,#8531,.T.);
#8529 = VERTEX_POINT('',#8530);
#8530 = CARTESIAN_POINT('',(11.258330249198,6.5,9.8));
#8531 = LINE('',#8532,#8533);
#8532 = CARTESIAN_POINT('',(10.801314994117,7.217370254423,9.8));
#8533 = VECTOR('',#8534,1.);
#8534 = DIRECTION('',(-0.537299608347,0.843391445813,-6.580022455451E-17
    ));
#8535 = ORIENTED_EDGE('',*,*,#8536,.F.);
#8536 = EDGE_CURVE('',#3934,#8529,#8537,.T.);
#8537 = LINE('',#8538,#8539);
#8538 = CARTESIAN_POINT('',(11.258330249198,6.5,11.1));
#8539 = VECTOR('',#8540,1.);
#8540 = DIRECTION('',(1.224646799147E-16,0.,-1.));
#8541 = PLANE('',#8542);
#8542 = AXIS2_PLACEMENT_3D('',#8543,#8544,#8545);
#8543 = CARTESIAN_POINT('',(10.648976575757,7.456493672564,11.1));
#8544 = DIRECTION('',(-0.843391445813,-0.537299608347,
    -1.032856634543E-16));
#8545 = DIRECTION('',(0.537299608347,-0.843391445813,6.580022455451E-17)
  );
#8546 = ADVANCED_FACE('',(#8547),#8565,.T.);
#8547 = FACE_BOUND('',#8548,.T.);
#8548 = EDGE_LOOP('',(#8549,#8550,#8558,#8564));
#8549 = ORIENTED_EDGE('',*,*,#3957,.F.);
#8550 = ORIENTED_EDGE('',*,*,#8551,.T.);
#8551 = EDGE_CURVE('',#3950,#8552,#8554,.T.);
#8552 = VERTEX_POINT('',#8553);
#8553 = CARTESIAN_POINT('',(12.216004070217,4.446261863234,9.8));
#8554 = LINE('',#8555,#8556);
#8555 = CARTESIAN_POINT('',(12.216004070217,4.446261863234,11.1));
#8556 = VECTOR('',#8557,1.);
#8557 = DIRECTION('',(1.224646799147E-16,0.,-1.));
#8558 = ORIENTED_EDGE('',*,*,#8559,.F.);
#8559 = EDGE_CURVE('',#8502,#8552,#8560,.T.);
#8560 = LINE('',#8561,#8562);
#8561 = CARTESIAN_POINT('',(12.301261988102,4.175858294008,9.8));
#8562 = VECTOR('',#8563,1.);
#8563 = DIRECTION('',(-0.300705799504,0.953716950748,-3.68258394848E-17)
  );
#8564 = ORIENTED_EDGE('',*,*,#8510,.F.);
#8565 = PLANE('',#8566);
#8566 = AXIS2_PLACEMENT_3D('',#8567,#8568,#8569);
#8567 = CARTESIAN_POINT('',(12.216004070217,4.446261863234,11.1));
#8568 = DIRECTION('',(-0.953716950748,-0.300705799504,
    -1.167966411026E-16));
#8569 = DIRECTION('',(0.300705799504,-0.953716950748,3.68258394848E-17)
  );
#8570 = ADVANCED_FACE('',(#8571),#8589,.T.);
#8571 = FACE_BOUND('',#8572,.T.);
#8572 = EDGE_LOOP('',(#8573,#8574,#8575,#8583));
#8573 = ORIENTED_EDGE('',*,*,#3941,.F.);
#8574 = ORIENTED_EDGE('',*,*,#8536,.T.);
#8575 = ORIENTED_EDGE('',*,*,#8576,.F.);
#8576 = EDGE_CURVE('',#8577,#8529,#8579,.T.);
#8577 = VERTEX_POINT('',#8578);
#8578 = CARTESIAN_POINT('',(11.782001231476,5.494037402629,9.8));
#8579 = LINE('',#8580,#8581);
#8580 = CARTESIAN_POINT('',(11.389247994767,6.248509350657,9.8));
#8581 = VECTOR('',#8582,1.);
#8582 = DIRECTION('',(-0.461748613235,0.887010833178,-5.65478961209E-17)
  );
#8583 = ORIENTED_EDGE('',*,*,#8584,.F.);
#8584 = EDGE_CURVE('',#3942,#8577,#8585,.T.);
#8585 = LINE('',#8586,#8587);
#8586 = CARTESIAN_POINT('',(11.782001231476,5.494037402629,11.1));
#8587 = VECTOR('',#8588,1.);
#8588 = DIRECTION('',(1.224646799147E-16,0.,-1.));
#8589 = PLANE('',#8590);
#8590 = AXIS2_PLACEMENT_3D('',#8591,#8592,#8593);
#8591 = CARTESIAN_POINT('',(11.258330249198,6.5,11.1));
#8592 = DIRECTION('',(-0.887010833178,-0.461748613235,
    -1.086274977661E-16));
#8593 = DIRECTION('',(0.461748613235,-0.887010833178,5.65478961209E-17)
  );
#8594 = ADVANCED_FACE('',(#8595),#8606,.T.);
#8595 = FACE_BOUND('',#8596,.T.);
#8596 = EDGE_LOOP('',(#8597,#8598,#8599,#8605));
#8597 = ORIENTED_EDGE('',*,*,#3949,.F.);
#8598 = ORIENTED_EDGE('',*,*,#8584,.T.);
#8599 = ORIENTED_EDGE('',*,*,#8600,.F.);
#8600 = EDGE_CURVE('',#8552,#8577,#8601,.T.);
#8601 = LINE('',#8602,#8603);
#8602 = CARTESIAN_POINT('',(11.890501941162,5.23209351778,9.8));
#8603 = VECTOR('',#8604,1.);
#8604 = DIRECTION('',(-0.382683432365,0.923879532511,-4.686520405326E-17
    ));
#8605 = ORIENTED_EDGE('',*,*,#8551,.F.);
#8606 = PLANE('',#8607);
#8607 = AXIS2_PLACEMENT_3D('',#8608,#8609,#8610);
#8608 = CARTESIAN_POINT('',(11.782001231476,5.494037402629,11.1));
#8609 = DIRECTION('',(-0.923879532511,-0.382683432365,
    -1.131426112288E-16));
#8610 = DIRECTION('',(0.382683432365,-0.923879532511,4.686520405326E-17)
  );
#8611 = ADVANCED_FACE('',(#8612),#8631,.F.);
#8612 = FACE_BOUND('',#8613,.F.);
#8613 = EDGE_LOOP('',(#8614,#8615,#8623,#8630));
#8614 = ORIENTED_EDGE('',*,*,#4345,.F.);
#8615 = ORIENTED_EDGE('',*,*,#8616,.F.);
#8616 = EDGE_CURVE('',#8617,#4346,#8619,.T.);
#8617 = VERTEX_POINT('',#8618);
#8618 = CARTESIAN_POINT('',(-16.25,-3.980102097229E-15,9.8));
#8619 = LINE('',#8620,#8621);
#8620 = CARTESIAN_POINT('',(-16.25,-3.980102097229E-15,9.8));
#8621 = VECTOR('',#8622,1.);
#8622 = DIRECTION('',(1.224646799147E-16,0.,-1.));
#8623 = ORIENTED_EDGE('',*,*,#8624,.T.);
#8624 = EDGE_CURVE('',#8617,#8617,#8625,.T.);
#8625 = CIRCLE('',#8626,16.25);
#8626 = AXIS2_PLACEMENT_3D('',#8627,#8628,#8629);
#8627 = CARTESIAN_POINT('',(1.469576158977E-16,0.,9.8));
#8628 = DIRECTION('',(1.224646799147E-16,0.,-1.));
#8629 = DIRECTION('',(-1.,0.,-1.224646799147E-16));
#8630 = ORIENTED_EDGE('',*,*,#8616,.T.);
#8631 = CYLINDRICAL_SURFACE('',#8632,16.25);
#8632 = AXIS2_PLACEMENT_3D('',#8633,#8634,#8635);
#8633 = CARTESIAN_POINT('',(1.469576158977E-16,0.,9.8));
#8634 = DIRECTION('',(1.224646799147E-16,0.,-1.));
#8635 = DIRECTION('',(-1.,0.,-1.224646799147E-16));
#8636 = ADVANCED_FACE('',(#8637,#8640,#8643,#8699,#8759),#8823,.T.);
#8637 = FACE_BOUND('',#8638,.T.);
#8638 = EDGE_LOOP('',(#8639));
#8639 = ORIENTED_EDGE('',*,*,#8624,.T.);
#8640 = FACE_BOUND('',#8641,.T.);
#8641 = EDGE_LOOP('',(#8642));
#8642 = ORIENTED_EDGE('',*,*,#4408,.F.);
#8643 = FACE_BOUND('',#8644,.T.);
#8644 = EDGE_LOOP('',(#8645,#8646,#8647,#8648,#8649,#8650,#8651,#8652,
    #8653,#8654,#8655,#8656,#8657,#8658,#8659,#8660,#8661,#8662,#8663,
    #8664,#8665,#8666,#8667,#8668,#8669,#8670,#8671,#8672,#8673,#8674,
    #8675,#8676,#8677,#8678,#8679,#8680,#8681,#8682,#8683,#8684,#8685,
    #8686,#8687,#8688,#8689,#8690,#8691,#8692,#8693,#8694,#8695,#8696,
    #8697,#8698));
#8645 = ORIENTED_EDGE('',*,*,#4545,.F.);
#8646 = ORIENTED_EDGE('',*,*,#4490,.T.);
#8647 = ORIENTED_EDGE('',*,*,#4442,.T.);
#8648 = ORIENTED_EDGE('',*,*,#4473,.T.);
#8649 = ORIENTED_EDGE('',*,*,#4521,.T.);
#8650 = ORIENTED_EDGE('',*,*,#4570,.T.);
#8651 = ORIENTED_EDGE('',*,*,#4618,.T.);
#8652 = ORIENTED_EDGE('',*,*,#4666,.T.);
#8653 = ORIENTED_EDGE('',*,*,#4714,.T.);
#8654 = ORIENTED_EDGE('',*,*,#4762,.T.);
#8655 = ORIENTED_EDGE('',*,*,#4810,.T.);
#8656 = ORIENTED_EDGE('',*,*,#4858,.T.);
#8657 = ORIENTED_EDGE('',*,*,#4906,.T.);
#8658 = ORIENTED_EDGE('',*,*,#4954,.T.);
#8659 = ORIENTED_EDGE('',*,*,#5002,.T.);
#8660 = ORIENTED_EDGE('',*,*,#5050,.T.);
#8661 = ORIENTED_EDGE('',*,*,#5098,.T.);
#8662 = ORIENTED_EDGE('',*,*,#5146,.T.);
#8663 = ORIENTED_EDGE('',*,*,#5194,.T.);
#8664 = ORIENTED_EDGE('',*,*,#5242,.T.);
#8665 = ORIENTED_EDGE('',*,*,#5290,.T.);
#8666 = ORIENTED_EDGE('',*,*,#5338,.T.);
#8667 = ORIENTED_EDGE('',*,*,#5386,.T.);
#8668 = ORIENTED_EDGE('',*,*,#5434,.T.);
#8669 = ORIENTED_EDGE('',*,*,#5482,.T.);
#8670 = ORIENTED_EDGE('',*,*,#5530,.T.);
#8671 = ORIENTED_EDGE('',*,*,#5578,.T.);
#8672 = ORIENTED_EDGE('',*,*,#5617,.F.);
#8673 = ORIENTED_EDGE('',*,*,#5675,.T.);
#8674 = ORIENTED_EDGE('',*,*,#5716,.T.);
#8675 = ORIENTED_EDGE('',*,*,#5692,.T.);
#8676 = ORIENTED_EDGE('',*,*,#5644,.T.);
#8677 = ORIENTED_EDGE('',*,*,#5595,.T.);
#8678 = ORIENTED_EDGE('',*,*,#5547,.T.);
#8679 = ORIENTED_EDGE('',*,*,#5499,.T.);
#8680 = ORIENTED_EDGE('',*,*,#5451,.T.);
#8681 = ORIENTED_EDGE('',*,*,#5403,.T.);
#8682 = ORIENTED_EDGE('',*,*,#5355,.T.);
#8683 = ORIENTED_EDGE('',*,*,#5307,.T.);
#8684 = ORIENTED_EDGE('',*,*,#5259,.T.);
#8685 = ORIENTED_EDGE('',*,*,#5211,.T.);
#8686 = ORIENTED_EDGE('',*,*,#5163,.T.);
#8687 = ORIENTED_EDGE('',*,*,#5115,.T.);
#8688 = ORIENTED_EDGE('',*,*,#5067,.T.);
#8689 = ORIENTED_EDGE('',*,*,#5019,.T.);
#8690 = ORIENTED_EDGE('',*,*,#4971,.T.);
#8691 = ORIENTED_EDGE('',*,*,#4923,.T.);
#8692 = ORIENTED_EDGE('',*,*,#4875,.T.);
#8693 = ORIENTED_EDGE('',*,*,#4827,.T.);
#8694 = ORIENTED_EDGE('',*,*,#4779,.T.);
#8695 = ORIENTED_EDGE('',*,*,#4731,.T.);
#8696 = ORIENTED_EDGE('',*,*,#4683,.T.);
#8697 = ORIENTED_EDGE('',*,*,#4635,.T.);
#8698 = ORIENTED_EDGE('',*,*,#4587,.T.);
#8699 = FACE_BOUND('',#8700,.T.);
#8700 = EDGE_LOOP('',(#8701,#8702,#8703,#8704,#8705,#8706,#8707,#8708,
    #8709,#8710,#8711,#8712,#8713,#8714,#8715,#8716,#8717,#8718,#8719,
    #8720,#8721,#8722,#8723,#8724,#8725,#8726,#8727,#8728,#8729,#8730,
    #8731,#8732,#8733,#8734,#8735,#8736,#8737,#8738,#8739,#8740,#8741,
    #8742,#8743,#8744,#8745,#8746,#8747,#8748,#8749,#8750,#8751,#8752,
    #8753,#8754,#8755,#8756,#8757,#8758));
#8701 = ORIENTED_EDGE('',*,*,#5843,.F.);
#8702 = ORIENTED_EDGE('',*,*,#5788,.T.);
#8703 = ORIENTED_EDGE('',*,*,#5740,.T.);
#8704 = ORIENTED_EDGE('',*,*,#5771,.T.);
#8705 = ORIENTED_EDGE('',*,*,#5819,.T.);
#8706 = ORIENTED_EDGE('',*,*,#5868,.T.);
#8707 = ORIENTED_EDGE('',*,*,#5916,.T.);
#8708 = ORIENTED_EDGE('',*,*,#5964,.T.);
#8709 = ORIENTED_EDGE('',*,*,#6012,.T.);
#8710 = ORIENTED_EDGE('',*,*,#6060,.T.);
#8711 = ORIENTED_EDGE('',*,*,#6108,.T.);
#8712 = ORIENTED_EDGE('',*,*,#6156,.T.);
#8713 = ORIENTED_EDGE('',*,*,#6204,.T.);
#8714 = ORIENTED_EDGE('',*,*,#6252,.T.);
#8715 = ORIENTED_EDGE('',*,*,#6300,.T.);
#8716 = ORIENTED_EDGE('',*,*,#6348,.T.);
#8717 = ORIENTED_EDGE('',*,*,#6396,.T.);
#8718 = ORIENTED_EDGE('',*,*,#6444,.T.);
#8719 = ORIENTED_EDGE('',*,*,#6492,.T.);
#8720 = ORIENTED_EDGE('',*,*,#6540,.T.);
#8721 = ORIENTED_EDGE('',*,*,#6588,.T.);
#8722 = ORIENTED_EDGE('',*,*,#6636,.T.);
#8723 = ORIENTED_EDGE('',*,*,#6684,.T.);
#8724 = ORIENTED_EDGE('',*,*,#6732,.T.);
#8725 = ORIENTED_EDGE('',*,*,#6780,.T.);
#8726 = ORIENTED_EDGE('',*,*,#6828,.T.);
#8727 = ORIENTED_EDGE('',*,*,#6876,.T.);
#8728 = ORIENTED_EDGE('',*,*,#6924,.T.);
#8729 = ORIENTED_EDGE('',*,*,#6972,.T.);
#8730 = ORIENTED_EDGE('',*,*,#7011,.F.);
#8731 = ORIENTED_EDGE('',*,*,#7069,.T.);
#8732 = ORIENTED_EDGE('',*,*,#7110,.T.);
#8733 = ORIENTED_EDGE('',*,*,#7086,.T.);
#8734 = ORIENTED_EDGE('',*,*,#7038,.T.);
#8735 = ORIENTED_EDGE('',*,*,#6989,.T.);
#8736 = ORIENTED_EDGE('',*,*,#6941,.T.);
#8737 = ORIENTED_EDGE('',*,*,#6893,.T.);
#8738 = ORIENTED_EDGE('',*,*,#6845,.T.);
#8739 = ORIENTED_EDGE('',*,*,#6797,.T.);
#8740 = ORIENTED_EDGE('',*,*,#6749,.T.);
#8741 = ORIENTED_EDGE('',*,*,#6701,.T.);
#8742 = ORIENTED_EDGE('',*,*,#6653,.T.);
#8743 = ORIENTED_EDGE('',*,*,#6605,.T.);
#8744 = ORIENTED_EDGE('',*,*,#6557,.T.);
#8745 = ORIENTED_EDGE('',*,*,#6509,.T.);
#8746 = ORIENTED_EDGE('',*,*,#6461,.T.);
#8747 = ORIENTED_EDGE('',*,*,#6413,.T.);
#8748 = ORIENTED_EDGE('',*,*,#6365,.T.);
#8749 = ORIENTED_EDGE('',*,*,#6317,.T.);
#8750 = ORIENTED_EDGE('',*,*,#6269,.T.);
#8751 = ORIENTED_EDGE('',*,*,#6221,.T.);
#8752 = ORIENTED_EDGE('',*,*,#6173,.T.);
#8753 = ORIENTED_EDGE('',*,*,#6125,.T.);
#8754 = ORIENTED_EDGE('',*,*,#6077,.T.);
#8755 = ORIENTED_EDGE('',*,*,#6029,.T.);
#8756 = ORIENTED_EDGE('',*,*,#5981,.T.);
#8757 = ORIENTED_EDGE('',*,*,#5933,.T.);
#8758 = ORIENTED_EDGE('',*,*,#5885,.T.);
#8759 = FACE_BOUND('',#8760,.T.);
#8760 = EDGE_LOOP('',(#8761,#8762,#8763,#8764,#8765,#8766,#8767,#8768,
    #8769,#8770,#8771,#8772,#8773,#8774,#8775,#8776,#8777,#8778,#8779,
    #8780,#8781,#8782,#8783,#8784,#8785,#8786,#8787,#8788,#8789,#8790,
    #8791,#8792,#8793,#8794,#8795,#8796,#8797,#8798,#8799,#8800,#8801,
    #8802,#8803,#8804,#8805,#8806,#8807,#8808,#8809,#8810,#8811,#8812,
    #8813,#8814,#8815,#8816,#8817,#8818,#8819,#8820,#8821,#8822));
#8761 = ORIENTED_EDGE('',*,*,#7237,.F.);
#8762 = ORIENTED_EDGE('',*,*,#7182,.T.);
#8763 = ORIENTED_EDGE('',*,*,#7134,.T.);
#8764 = ORIENTED_EDGE('',*,*,#7165,.T.);
#8765 = ORIENTED_EDGE('',*,*,#7213,.T.);
#8766 = ORIENTED_EDGE('',*,*,#7262,.T.);
#8767 = ORIENTED_EDGE('',*,*,#7310,.T.);
#8768 = ORIENTED_EDGE('',*,*,#7358,.T.);
#8769 = ORIENTED_EDGE('',*,*,#7406,.T.);
#8770 = ORIENTED_EDGE('',*,*,#7454,.T.);
#8771 = ORIENTED_EDGE('',*,*,#7502,.T.);
#8772 = ORIENTED_EDGE('',*,*,#7550,.T.);
#8773 = ORIENTED_EDGE('',*,*,#7598,.T.);
#8774 = ORIENTED_EDGE('',*,*,#7646,.T.);
#8775 = ORIENTED_EDGE('',*,*,#7694,.T.);
#8776 = ORIENTED_EDGE('',*,*,#7742,.T.);
#8777 = ORIENTED_EDGE('',*,*,#7790,.T.);
#8778 = ORIENTED_EDGE('',*,*,#7838,.T.);
#8779 = ORIENTED_EDGE('',*,*,#7886,.T.);
#8780 = ORIENTED_EDGE('',*,*,#7934,.T.);
#8781 = ORIENTED_EDGE('',*,*,#7982,.T.);
#8782 = ORIENTED_EDGE('',*,*,#8030,.T.);
#8783 = ORIENTED_EDGE('',*,*,#8078,.T.);
#8784 = ORIENTED_EDGE('',*,*,#8126,.T.);
#8785 = ORIENTED_EDGE('',*,*,#8174,.T.);
#8786 = ORIENTED_EDGE('',*,*,#8222,.T.);
#8787 = ORIENTED_EDGE('',*,*,#8270,.T.);
#8788 = ORIENTED_EDGE('',*,*,#8318,.T.);
#8789 = ORIENTED_EDGE('',*,*,#8366,.T.);
#8790 = ORIENTED_EDGE('',*,*,#8414,.T.);
#8791 = ORIENTED_EDGE('',*,*,#8462,.T.);
#8792 = ORIENTED_EDGE('',*,*,#8501,.F.);
#8793 = ORIENTED_EDGE('',*,*,#8559,.T.);
#8794 = ORIENTED_EDGE('',*,*,#8600,.T.);
#8795 = ORIENTED_EDGE('',*,*,#8576,.T.);
#8796 = ORIENTED_EDGE('',*,*,#8528,.T.);
#8797 = ORIENTED_EDGE('',*,*,#8479,.T.);
#8798 = ORIENTED_EDGE('',*,*,#8431,.T.);
#8799 = ORIENTED_EDGE('',*,*,#8383,.T.);
#8800 = ORIENTED_EDGE('',*,*,#8335,.T.);
#8801 = ORIENTED_EDGE('',*,*,#8287,.T.);
#8802 = ORIENTED_EDGE('',*,*,#8239,.T.);
#8803 = ORIENTED_EDGE('',*,*,#8191,.T.);
#8804 = ORIENTED_EDGE('',*,*,#8143,.T.);
#8805 = ORIENTED_EDGE('',*,*,#8095,.T.);
#8806 = ORIENTED_EDGE('',*,*,#8047,.T.);
#8807 = ORIENTED_EDGE('',*,*,#7999,.T.);
#8808 = ORIENTED_EDGE('',*,*,#7951,.T.);
#8809 = ORIENTED_EDGE('',*,*,#7903,.T.);
#8810 = ORIENTED_EDGE('',*,*,#7855,.T.);
#8811 = ORIENTED_EDGE('',*,*,#7807,.T.);
#8812 = ORIENTED_EDGE('',*,*,#7759,.T.);
#8813 = ORIENTED_EDGE('',*,*,#7711,.T.);
#8814 = ORIENTED_EDGE('',*,*,#7663,.T.);
#8815 = ORIENTED_EDGE('',*,*,#7615,.T.);
#8816 = ORIENTED_EDGE('',*,*,#7567,.T.);
#8817 = ORIENTED_EDGE('',*,*,#7519,.T.);
#8818 = ORIENTED_EDGE('',*,*,#7471,.T.);
#8819 = ORIENTED_EDGE('',*,*,#7423,.T.);
#8820 = ORIENTED_EDGE('',*,*,#7375,.T.);
#8821 = ORIENTED_EDGE('',*,*,#7327,.T.);
#8822 = ORIENTED_EDGE('',*,*,#7279,.T.);
#8823 = PLANE('',#8824);
#8824 = AXIS2_PLACEMENT_3D('',#8825,#8826,#8827);
#8825 = CARTESIAN_POINT('',(1.469576158977E-16,0.,9.8));
#8826 = DIRECTION('',(1.224646799147E-16,0.,-1.));
#8827 = DIRECTION('',(-1.,0.,-1.224646799147E-16));
#8828 = ( GEOMETRIC_REPRESENTATION_CONTEXT(3) 
GLOBAL_UNCERTAINTY_ASSIGNED_CONTEXT((#8832)) 
GLOBAL_UNIT_ASSIGNED_CONTEXT((#8829,#8830,#8831)) REPRESENTATION_CONTEXT
('Context #1','3D Context with UNIT and UNCERTAINTY') );
#8829 = ( LENGTH_UNIT() NAMED_UNIT(*) SI_UNIT(.MILLI.,.METRE.) );
#8830 = ( NAMED_UNIT(*) PLANE_ANGLE_UNIT() SI_UNIT($,.RADIAN.) );
#8831 = ( NAMED_UNIT(*) SI_UNIT($,.STERADIAN.) SOLID_ANGLE_UNIT() );
#8832 = UNCERTAINTY_MEASURE_WITH_UNIT(LENGTH_MEASURE(2.E-07),#8829,
  'distance_accuracy_value','confusion accuracy');
#8833 = PRODUCT_RELATED_PRODUCT_CATEGORY('part',$,(#7));
ENDSEC;
END-ISO-10303-21;
