ISO-10303-21;
HEADER;
FILE_DESCRIPTION(('FreeCAD Model'),'2;1');
FILE_NAME('Open CASCADE Shape Model','2026-09-29T10:29:04',('FreeCAD'),(
    'FreeCAD'),'Open CASCADE STEP processor 7.8','FreeCAD','Unknown');
FILE_SCHEMA(('AUTOMOTIVE_DESIGN { 1 0 10303 214 1 1 1 1 }'));
ENDSEC;
DATA;
#1 = APPLICATION_PROTOCOL_DEFINITION('international standard',
  'automotive_design',2000,#2);
#2 = APPLICATION_CONTEXT(
  'core data for automotive mechanical design processes');
#3 = SHAPE_DEFINITION_REPRESENTATION(#4,#10);
#4 = PRODUCT_DEFINITION_SHAPE('','',#5);
#5 = PRODUCT_DEFINITION('design','',#6,#9);
#6 = PRODUCT_DEFINITION_FORMATION('','',#7);
#7 = PRODUCT('Open CASCADE STEP translator 7.8 12',
  'Open CASCADE STEP translator 7.8 12','',(#8));
#8 = PRODUCT_CONTEXT('',#2,'mechanical');
#9 = PRODUCT_DEFINITION_CONTEXT('part definition',#2,'design');
#10 = SHAPE_REPRESENTATION('',(#11,#15,#2151),#6260);
#11 = AXIS2_PLACEMENT_3D('',#12,#13,#14);
#12 = CARTESIAN_POINT('',(0.,0.,0.));
#13 = DIRECTION('',(0.,0.,1.));
#14 = DIRECTION('',(1.,0.,-0.));
#15 = MANIFOLD_SOLID_BREP('',#16);
#16 = CLOSED_SHELL('',(#17,#142,#166,#197,#222,#246,#264,#295,#320,#345,
    #362,#393,#418,#443,#460,#480,#714,#739,#786,#812,#852,#891,#1000,
    #1039,#1065,#1104,#1148,#1188,#1271,#1302,#1326,#1350,#1374,#1398,
    #1415,#1446,#1470,#1494,#1518,#1542,#1559,#1584,#1699,#1734,#1769,
    #1797,#1815,#1833,#1858,#1883,#1901,#1932,#1944,#1969,#1994,#2025,
    #2043,#2074,#2105,#2117,#2134));
#17 = ADVANCED_FACE('',(#18,#29,#65,#101),#137,.T.);
#18 = FACE_BOUND('',#19,.T.);
#19 = EDGE_LOOP('',(#20));
#20 = ORIENTED_EDGE('',*,*,#21,.T.);
#21 = EDGE_CURVE('',#22,#22,#24,.T.);
#22 = VERTEX_POINT('',#23);
#23 = CARTESIAN_POINT('',(16.25,-3.980102097229E-15,1.2));
#24 = CIRCLE('',#25,16.25);
#25 = AXIS2_PLACEMENT_3D('',#26,#27,#28);
#26 = CARTESIAN_POINT('',(0.,0.,1.2));
#27 = DIRECTION('',(0.,0.,1.));
#28 = DIRECTION('',(1.,0.,0.));
#29 = FACE_BOUND('',#30,.T.);
#30 = EDGE_LOOP('',(#31,#41,#50,#58));
#31 = ORIENTED_EDGE('',*,*,#32,.F.);
#32 = EDGE_CURVE('',#33,#35,#37,.T.);
#33 = VERTEX_POINT('',#34);
#34 = CARTESIAN_POINT('',(0.9,-9.5,1.2));
#35 = VERTEX_POINT('',#36);
#36 = CARTESIAN_POINT('',(0.9,-5.2,1.2));
#37 = LINE('',#38,#39);
#38 = CARTESIAN_POINT('',(0.9,-2.6,1.2));
#39 = VECTOR('',#40,1.);
#40 = DIRECTION('',(1.807339807529E-16,1.,0.));
#41 = ORIENTED_EDGE('',*,*,#42,.F.);
#42 = EDGE_CURVE('',#43,#33,#45,.T.);
#43 = VERTEX_POINT('',#44);
#44 = CARTESIAN_POINT('',(-0.9,-9.5,1.2));
#45 = CIRCLE('',#46,0.9);
#46 = AXIS2_PLACEMENT_3D('',#47,#48,#49);
#47 = CARTESIAN_POINT('',(-1.745121688785E-15,-9.5,1.2));
#48 = DIRECTION('',(0.,0.,1.));
#49 = DIRECTION('',(1.,0.,0.));
#50 = ORIENTED_EDGE('',*,*,#51,.F.);
#51 = EDGE_CURVE('',#52,#43,#54,.T.);
#52 = VERTEX_POINT('',#53);
#53 = CARTESIAN_POINT('',(-0.9,-5.2,1.2));
#54 = LINE('',#55,#56);
#55 = CARTESIAN_POINT('',(-0.9,-4.75,1.2));
#56 = VECTOR('',#57,1.);
#57 = DIRECTION('',(-1.807339807529E-16,-1.,0.));
#58 = ORIENTED_EDGE('',*,*,#59,.F.);
#59 = EDGE_CURVE('',#35,#52,#60,.T.);
#60 = CIRCLE('',#61,0.9);
#61 = AXIS2_PLACEMENT_3D('',#62,#63,#64);
#62 = CARTESIAN_POINT('',(-9.552245033349E-16,-5.2,1.2));
#63 = DIRECTION('',(0.,0.,1.));
#64 = DIRECTION('',(1.,0.,0.));
#65 = FACE_BOUND('',#66,.T.);
#66 = EDGE_LOOP('',(#67,#77,#86,#94));
#67 = ORIENTED_EDGE('',*,*,#68,.F.);
#68 = EDGE_CURVE('',#69,#71,#73,.T.);
#69 = VERTEX_POINT('',#70);
#70 = CARTESIAN_POINT('',(-8.677241335952,3.970577136594,1.2));
#71 = VERTEX_POINT('',#72);
#72 = CARTESIAN_POINT('',(-4.953332099679,1.820577136594,1.2));
#73 = LINE('',#74,#75);
#74 = CARTESIAN_POINT('',(-2.70166604984,0.520577136594,1.2));
#75 = VECTOR('',#76,1.);
#76 = DIRECTION('',(0.866025403784,-0.5,0.));
#77 = ORIENTED_EDGE('',*,*,#78,.F.);
#78 = EDGE_CURVE('',#79,#69,#81,.T.);
#79 = VERTEX_POINT('',#80);
#80 = CARTESIAN_POINT('',(-7.777241335952,5.529422863406,1.2));
#81 = CIRCLE('',#82,0.9);
#82 = AXIS2_PLACEMENT_3D('',#83,#84,#85);
#83 = CARTESIAN_POINT('',(-8.227241335952,4.75,1.2));
#84 = DIRECTION('',(0.,0.,1.));
#85 = DIRECTION('',(1.,0.,0.));
#86 = ORIENTED_EDGE('',*,*,#87,.F.);
#87 = EDGE_CURVE('',#88,#79,#90,.T.);
#88 = VERTEX_POINT('',#89);
#89 = CARTESIAN_POINT('',(-4.053332099679,3.379422863406,1.2));
#90 = LINE('',#91,#92);
#91 = CARTESIAN_POINT('',(-3.663620667976,3.154422863406,1.2));
#92 = VECTOR('',#93,1.);
#93 = DIRECTION('',(-0.866025403784,0.5,0.));
#94 = ORIENTED_EDGE('',*,*,#95,.F.);
#95 = EDGE_CURVE('',#71,#88,#96,.T.);
#96 = CIRCLE('',#97,0.9);
#97 = AXIS2_PLACEMENT_3D('',#98,#99,#100);
#98 = CARTESIAN_POINT('',(-4.503332099679,2.6,1.2));
#99 = DIRECTION('',(0.,0.,1.));
#100 = DIRECTION('',(1.,0.,0.));
#101 = FACE_BOUND('',#102,.T.);
#102 = EDGE_LOOP('',(#103,#113,#122,#130));
#103 = ORIENTED_EDGE('',*,*,#104,.F.);
#104 = EDGE_CURVE('',#105,#107,#109,.T.);
#105 = VERTEX_POINT('',#106);
#106 = CARTESIAN_POINT('',(7.777241335952,5.529422863406,1.2));
#107 = VERTEX_POINT('',#108);
#108 = CARTESIAN_POINT('',(4.053332099679,3.379422863406,1.2));
#109 = LINE('',#110,#111);
#110 = CARTESIAN_POINT('',(1.80166604984,2.079422863406,1.2));
#111 = VECTOR('',#112,1.);
#112 = DIRECTION('',(-0.866025403784,-0.5,0.));
#113 = ORIENTED_EDGE('',*,*,#114,.F.);
#114 = EDGE_CURVE('',#115,#105,#117,.T.);
#115 = VERTEX_POINT('',#116);
#116 = CARTESIAN_POINT('',(8.677241335952,3.970577136594,1.2));
#117 = CIRCLE('',#118,0.9);
#118 = AXIS2_PLACEMENT_3D('',#119,#120,#121);
#119 = CARTESIAN_POINT('',(8.227241335952,4.75,1.2));
#120 = DIRECTION('',(0.,0.,1.));
#121 = DIRECTION('',(1.,0.,0.));
#122 = ORIENTED_EDGE('',*,*,#123,.F.);
#123 = EDGE_CURVE('',#124,#115,#126,.T.);
#124 = VERTEX_POINT('',#125);
#125 = CARTESIAN_POINT('',(4.953332099679,1.820577136594,1.2));
#126 = LINE('',#127,#128);
#127 = CARTESIAN_POINT('',(4.563620667976,1.595577136594,1.2));
#128 = VECTOR('',#129,1.);
#129 = DIRECTION('',(0.866025403784,0.5,0.));
#130 = ORIENTED_EDGE('',*,*,#131,.F.);
#131 = EDGE_CURVE('',#107,#124,#132,.T.);
#132 = CIRCLE('',#133,0.9);
#133 = AXIS2_PLACEMENT_3D('',#134,#135,#136);
#134 = CARTESIAN_POINT('',(4.503332099679,2.6,1.2));
#135 = DIRECTION('',(0.,0.,1.));
#136 = DIRECTION('',(1.,0.,0.));
#137 = PLANE('',#138);
#138 = AXIS2_PLACEMENT_3D('',#139,#140,#141);
#139 = CARTESIAN_POINT('',(0.,0.,1.2));
#140 = DIRECTION('',(0.,0.,1.));
#141 = DIRECTION('',(1.,0.,0.));
#142 = ADVANCED_FACE('',(#143),#161,.F.);
#143 = FACE_BOUND('',#144,.F.);
#144 = EDGE_LOOP('',(#145,#146,#153,#160));
#145 = ORIENTED_EDGE('',*,*,#21,.T.);
#146 = ORIENTED_EDGE('',*,*,#147,.T.);
#147 = EDGE_CURVE('',#22,#148,#150,.T.);
#148 = VERTEX_POINT('',#149);
#149 = CARTESIAN_POINT('',(16.25,-3.980102097229E-15,6.3));
#150 = B_SPLINE_CURVE_WITH_KNOTS('',1,(#151,#152),.UNSPECIFIED.,.F.,.F.,
  (2,2),(-4.2,0.9),.PIECEWISE_BEZIER_KNOTS.);
#151 = CARTESIAN_POINT('',(16.25,0.,1.2));
#152 = CARTESIAN_POINT('',(16.25,0.,6.3));
#153 = ORIENTED_EDGE('',*,*,#154,.F.);
#154 = EDGE_CURVE('',#148,#148,#155,.T.);
#155 = CIRCLE('',#156,16.25);
#156 = AXIS2_PLACEMENT_3D('',#157,#158,#159);
#157 = CARTESIAN_POINT('',(0.,0.,6.3));
#158 = DIRECTION('',(0.,0.,1.));
#159 = DIRECTION('',(1.,0.,0.));
#160 = ORIENTED_EDGE('',*,*,#147,.F.);
#161 = CYLINDRICAL_SURFACE('',#162,16.25);
#162 = AXIS2_PLACEMENT_3D('',#163,#164,#165);
#163 = CARTESIAN_POINT('',(0.,0.,5.4));
#164 = DIRECTION('',(0.,0.,1.));
#165 = DIRECTION('',(1.,0.,0.));
#166 = ADVANCED_FACE('',(#167),#192,.F.);
#167 = FACE_BOUND('',#168,.F.);
#168 = EDGE_LOOP('',(#169,#179,#185,#186));
#169 = ORIENTED_EDGE('',*,*,#170,.F.);
#170 = EDGE_CURVE('',#171,#173,#175,.T.);
#171 = VERTEX_POINT('',#172);
#172 = CARTESIAN_POINT('',(0.9,-5.2,0.));
#173 = VERTEX_POINT('',#174);
#174 = CARTESIAN_POINT('',(0.9,-9.5,0.));
#175 = LINE('',#176,#177);
#176 = CARTESIAN_POINT('',(0.9,-1.810540468843,0.));
#177 = VECTOR('',#178,1.);
#178 = DIRECTION('',(-1.807339807529E-16,-1.,0.));
#179 = ORIENTED_EDGE('',*,*,#180,.T.);
#180 = EDGE_CURVE('',#171,#35,#181,.T.);
#181 = LINE('',#182,#183);
#182 = CARTESIAN_POINT('',(0.9,-5.2,-0.1));
#183 = VECTOR('',#184,1.);
#184 = DIRECTION('',(0.,0.,1.));
#185 = ORIENTED_EDGE('',*,*,#32,.F.);
#186 = ORIENTED_EDGE('',*,*,#187,.F.);
#187 = EDGE_CURVE('',#173,#33,#188,.T.);
#188 = LINE('',#189,#190);
#189 = CARTESIAN_POINT('',(0.9,-9.5,-0.1));
#190 = VECTOR('',#191,1.);
#191 = DIRECTION('',(0.,0.,1.));
#192 = PLANE('',#193);
#193 = AXIS2_PLACEMENT_3D('',#194,#195,#196);
#194 = CARTESIAN_POINT('',(0.9,-5.2,-0.1));
#195 = DIRECTION('',(1.,-1.807339807529E-16,0.));
#196 = DIRECTION('',(-1.807339807529E-16,-1.,0.));
#197 = ADVANCED_FACE('',(#198),#217,.F.);
#198 = FACE_BOUND('',#199,.F.);
#199 = EDGE_LOOP('',(#200,#201,#202,#211));
#200 = ORIENTED_EDGE('',*,*,#59,.F.);
#201 = ORIENTED_EDGE('',*,*,#180,.F.);
#202 = ORIENTED_EDGE('',*,*,#203,.T.);
#203 = EDGE_CURVE('',#171,#204,#206,.T.);
#204 = VERTEX_POINT('',#205);
#205 = CARTESIAN_POINT('',(-0.9,-5.2,0.));
#206 = CIRCLE('',#207,0.9);
#207 = AXIS2_PLACEMENT_3D('',#208,#209,#210);
#208 = CARTESIAN_POINT('',(-9.552245033349E-16,-5.2,0.));
#209 = DIRECTION('',(0.,0.,1.));
#210 = DIRECTION('',(1.,0.,0.));
#211 = ORIENTED_EDGE('',*,*,#212,.T.);
#212 = EDGE_CURVE('',#204,#52,#213,.T.);
#213 = LINE('',#214,#215);
#214 = CARTESIAN_POINT('',(-0.9,-5.2,-0.1));
#215 = VECTOR('',#216,1.);
#216 = DIRECTION('',(0.,0.,1.));
#217 = CYLINDRICAL_SURFACE('',#218,0.9);
#218 = AXIS2_PLACEMENT_3D('',#219,#220,#221);
#219 = CARTESIAN_POINT('',(-9.552245033349E-16,-5.2,-0.1));
#220 = DIRECTION('',(0.,0.,1.));
#221 = DIRECTION('',(1.,0.,0.));
#222 = ADVANCED_FACE('',(#223),#241,.F.);
#223 = FACE_BOUND('',#224,.F.);
#224 = EDGE_LOOP('',(#225,#233,#239,#240));
#225 = ORIENTED_EDGE('',*,*,#226,.F.);
#226 = EDGE_CURVE('',#227,#204,#229,.T.);
#227 = VERTEX_POINT('',#228);
#228 = CARTESIAN_POINT('',(-0.9,-9.5,0.));
#229 = LINE('',#230,#231);
#230 = CARTESIAN_POINT('',(-0.9,-3.960540468843,0.));
#231 = VECTOR('',#232,1.);
#232 = DIRECTION('',(1.807339807529E-16,1.,0.));
#233 = ORIENTED_EDGE('',*,*,#234,.T.);
#234 = EDGE_CURVE('',#227,#43,#235,.T.);
#235 = LINE('',#236,#237);
#236 = CARTESIAN_POINT('',(-0.9,-9.5,-0.1));
#237 = VECTOR('',#238,1.);
#238 = DIRECTION('',(0.,0.,1.));
#239 = ORIENTED_EDGE('',*,*,#51,.F.);
#240 = ORIENTED_EDGE('',*,*,#212,.F.);
#241 = PLANE('',#242);
#242 = AXIS2_PLACEMENT_3D('',#243,#244,#245);
#243 = CARTESIAN_POINT('',(-0.9,-9.5,-0.1));
#244 = DIRECTION('',(-1.,1.807339807529E-16,0.));
#245 = DIRECTION('',(1.807339807529E-16,1.,0.));
#246 = ADVANCED_FACE('',(#247),#259,.F.);
#247 = FACE_BOUND('',#248,.F.);
#248 = EDGE_LOOP('',(#249,#256,#257,#258));
#249 = ORIENTED_EDGE('',*,*,#250,.T.);
#250 = EDGE_CURVE('',#227,#173,#251,.T.);
#251 = CIRCLE('',#252,0.9);
#252 = AXIS2_PLACEMENT_3D('',#253,#254,#255);
#253 = CARTESIAN_POINT('',(-1.745121688785E-15,-9.5,0.));
#254 = DIRECTION('',(0.,0.,1.));
#255 = DIRECTION('',(1.,0.,0.));
#256 = ORIENTED_EDGE('',*,*,#187,.T.);
#257 = ORIENTED_EDGE('',*,*,#42,.F.);
#258 = ORIENTED_EDGE('',*,*,#234,.F.);
#259 = CYLINDRICAL_SURFACE('',#260,0.9);
#260 = AXIS2_PLACEMENT_3D('',#261,#262,#263);
#261 = CARTESIAN_POINT('',(-1.745121688785E-15,-9.5,-0.1));
#262 = DIRECTION('',(0.,0.,1.));
#263 = DIRECTION('',(1.,0.,0.));
#264 = ADVANCED_FACE('',(#265),#290,.F.);
#265 = FACE_BOUND('',#266,.F.);
#266 = EDGE_LOOP('',(#267,#277,#283,#284));
#267 = ORIENTED_EDGE('',*,*,#268,.F.);
#268 = EDGE_CURVE('',#269,#271,#273,.T.);
#269 = VERTEX_POINT('',#270);
#270 = CARTESIAN_POINT('',(-4.953332099679,1.820577136594,0.));
#271 = VERTEX_POINT('',#272);
#272 = CARTESIAN_POINT('',(-8.677241335952,3.970577136594,0.));
#273 = LINE('',#274,#275);
#274 = CARTESIAN_POINT('',(-2.963740237238,0.671885739236,0.));
#275 = VECTOR('',#276,1.);
#276 = DIRECTION('',(-0.866025403784,0.5,0.));
#277 = ORIENTED_EDGE('',*,*,#278,.T.);
#278 = EDGE_CURVE('',#269,#71,#279,.T.);
#279 = LINE('',#280,#281);
#280 = CARTESIAN_POINT('',(-4.953332099679,1.820577136594,-0.1));
#281 = VECTOR('',#282,1.);
#282 = DIRECTION('',(0.,0.,1.));
#283 = ORIENTED_EDGE('',*,*,#68,.F.);
#284 = ORIENTED_EDGE('',*,*,#285,.F.);
#285 = EDGE_CURVE('',#271,#69,#286,.T.);
#286 = LINE('',#287,#288);
#287 = CARTESIAN_POINT('',(-8.677241335952,3.970577136594,-0.1));
#288 = VECTOR('',#289,1.);
#289 = DIRECTION('',(0.,0.,1.));
#290 = PLANE('',#291);
#291 = AXIS2_PLACEMENT_3D('',#292,#293,#294);
#292 = CARTESIAN_POINT('',(-4.953332099679,1.820577136594,-0.1));
#293 = DIRECTION('',(-0.5,-0.866025403784,0.));
#294 = DIRECTION('',(-0.866025403784,0.5,0.));
#295 = ADVANCED_FACE('',(#296),#315,.F.);
#296 = FACE_BOUND('',#297,.F.);
#297 = EDGE_LOOP('',(#298,#299,#307,#314));
#298 = ORIENTED_EDGE('',*,*,#78,.F.);
#299 = ORIENTED_EDGE('',*,*,#300,.F.);
#300 = EDGE_CURVE('',#301,#79,#303,.T.);
#301 = VERTEX_POINT('',#302);
#302 = CARTESIAN_POINT('',(-7.777241335952,5.529422863406,0.));
#303 = LINE('',#304,#305);
#304 = CARTESIAN_POINT('',(-7.777241335952,5.529422863406,-0.1));
#305 = VECTOR('',#306,1.);
#306 = DIRECTION('',(0.,0.,1.));
#307 = ORIENTED_EDGE('',*,*,#308,.T.);
#308 = EDGE_CURVE('',#301,#271,#309,.T.);
#309 = CIRCLE('',#310,0.9);
#310 = AXIS2_PLACEMENT_3D('',#311,#312,#313);
#311 = CARTESIAN_POINT('',(-8.227241335952,4.75,0.));
#312 = DIRECTION('',(0.,0.,1.));
#313 = DIRECTION('',(1.,0.,0.));
#314 = ORIENTED_EDGE('',*,*,#285,.T.);
#315 = CYLINDRICAL_SURFACE('',#316,0.9);
#316 = AXIS2_PLACEMENT_3D('',#317,#318,#319);
#317 = CARTESIAN_POINT('',(-8.227241335952,4.75,-0.1));
#318 = DIRECTION('',(0.,0.,1.));
#319 = DIRECTION('',(1.,0.,0.));
#320 = ADVANCED_FACE('',(#321),#340,.F.);
#321 = FACE_BOUND('',#322,.F.);
#322 = EDGE_LOOP('',(#323,#332,#338,#339));
#323 = ORIENTED_EDGE('',*,*,#324,.T.);
#324 = EDGE_CURVE('',#269,#325,#327,.T.);
#325 = VERTEX_POINT('',#326);
#326 = CARTESIAN_POINT('',(-4.053332099679,3.379422863406,0.));
#327 = CIRCLE('',#328,0.9);
#328 = AXIS2_PLACEMENT_3D('',#329,#330,#331);
#329 = CARTESIAN_POINT('',(-4.503332099679,2.6,0.));
#330 = DIRECTION('',(0.,0.,1.));
#331 = DIRECTION('',(1.,0.,0.));
#332 = ORIENTED_EDGE('',*,*,#333,.T.);
#333 = EDGE_CURVE('',#325,#88,#334,.T.);
#334 = LINE('',#335,#336);
#335 = CARTESIAN_POINT('',(-4.053332099679,3.379422863406,-0.1));
#336 = VECTOR('',#337,1.);
#337 = DIRECTION('',(0.,0.,1.));
#338 = ORIENTED_EDGE('',*,*,#95,.F.);
#339 = ORIENTED_EDGE('',*,*,#278,.F.);
#340 = CYLINDRICAL_SURFACE('',#341,0.9);
#341 = AXIS2_PLACEMENT_3D('',#342,#343,#344);
#342 = CARTESIAN_POINT('',(-4.503332099679,2.6,-0.1));
#343 = DIRECTION('',(0.,0.,1.));
#344 = DIRECTION('',(1.,0.,0.));
#345 = ADVANCED_FACE('',(#346),#357,.F.);
#346 = FACE_BOUND('',#347,.F.);
#347 = EDGE_LOOP('',(#348,#354,#355,#356));
#348 = ORIENTED_EDGE('',*,*,#349,.F.);
#349 = EDGE_CURVE('',#301,#325,#350,.T.);
#350 = LINE('',#351,#352);
#351 = CARTESIAN_POINT('',(-3.925694855375,3.305731466048,
    1.387778780781E-17));
#352 = VECTOR('',#353,1.);
#353 = DIRECTION('',(0.866025403784,-0.5,0.));
#354 = ORIENTED_EDGE('',*,*,#300,.T.);
#355 = ORIENTED_EDGE('',*,*,#87,.F.);
#356 = ORIENTED_EDGE('',*,*,#333,.F.);
#357 = PLANE('',#358);
#358 = AXIS2_PLACEMENT_3D('',#359,#360,#361);
#359 = CARTESIAN_POINT('',(-7.777241335952,5.529422863406,-0.1));
#360 = DIRECTION('',(0.5,0.866025403784,0.));
#361 = DIRECTION('',(0.866025403784,-0.5,0.));
#362 = ADVANCED_FACE('',(#363),#388,.F.);
#363 = FACE_BOUND('',#364,.F.);
#364 = EDGE_LOOP('',(#365,#375,#381,#382));
#365 = ORIENTED_EDGE('',*,*,#366,.F.);
#366 = EDGE_CURVE('',#367,#369,#371,.T.);
#367 = VERTEX_POINT('',#368);
#368 = CARTESIAN_POINT('',(4.053332099679,3.379422863406,0.));
#369 = VERTEX_POINT('',#370);
#370 = CARTESIAN_POINT('',(7.777241335952,5.529422863406,0.));
#371 = LINE('',#372,#373);
#372 = CARTESIAN_POINT('',(2.223283871682,2.322844026342,
    1.387778780781E-17));
#373 = VECTOR('',#374,1.);
#374 = DIRECTION('',(0.866025403784,0.5,0.));
#375 = ORIENTED_EDGE('',*,*,#376,.T.);
#376 = EDGE_CURVE('',#367,#107,#377,.T.);
#377 = LINE('',#378,#379);
#378 = CARTESIAN_POINT('',(4.053332099679,3.379422863406,-0.1));
#379 = VECTOR('',#380,1.);
#380 = DIRECTION('',(0.,0.,1.));
#381 = ORIENTED_EDGE('',*,*,#104,.F.);
#382 = ORIENTED_EDGE('',*,*,#383,.F.);
#383 = EDGE_CURVE('',#369,#105,#384,.T.);
#384 = LINE('',#385,#386);
#385 = CARTESIAN_POINT('',(7.777241335952,5.529422863406,-0.1));
#386 = VECTOR('',#387,1.);
#387 = DIRECTION('',(0.,0.,1.));
#388 = PLANE('',#389);
#389 = AXIS2_PLACEMENT_3D('',#390,#391,#392);
#390 = CARTESIAN_POINT('',(4.053332099679,3.379422863406,-0.1));
#391 = DIRECTION('',(-0.5,0.866025403784,0.));
#392 = DIRECTION('',(0.866025403784,0.5,0.));
#393 = ADVANCED_FACE('',(#394),#413,.F.);
#394 = FACE_BOUND('',#395,.F.);
#395 = EDGE_LOOP('',(#396,#397,#405,#412));
#396 = ORIENTED_EDGE('',*,*,#114,.F.);
#397 = ORIENTED_EDGE('',*,*,#398,.F.);
#398 = EDGE_CURVE('',#399,#115,#401,.T.);
#399 = VERTEX_POINT('',#400);
#400 = CARTESIAN_POINT('',(8.677241335952,3.970577136594,0.));
#401 = LINE('',#402,#403);
#402 = CARTESIAN_POINT('',(8.677241335952,3.970577136594,-0.1));
#403 = VECTOR('',#404,1.);
#404 = DIRECTION('',(0.,0.,1.));
#405 = ORIENTED_EDGE('',*,*,#406,.T.);
#406 = EDGE_CURVE('',#399,#369,#407,.T.);
#407 = CIRCLE('',#408,0.9);
#408 = AXIS2_PLACEMENT_3D('',#409,#410,#411);
#409 = CARTESIAN_POINT('',(8.227241335952,4.75,0.));
#410 = DIRECTION('',(0.,0.,1.));
#411 = DIRECTION('',(1.,0.,0.));
#412 = ORIENTED_EDGE('',*,*,#383,.T.);
#413 = CYLINDRICAL_SURFACE('',#414,0.9);
#414 = AXIS2_PLACEMENT_3D('',#415,#416,#417);
#415 = CARTESIAN_POINT('',(8.227241335952,4.75,-0.1));
#416 = DIRECTION('',(0.,0.,1.));
#417 = DIRECTION('',(1.,0.,0.));
#418 = ADVANCED_FACE('',(#419),#438,.F.);
#419 = FACE_BOUND('',#420,.F.);
#420 = EDGE_LOOP('',(#421,#422,#423,#432));
#421 = ORIENTED_EDGE('',*,*,#131,.F.);
#422 = ORIENTED_EDGE('',*,*,#376,.F.);
#423 = ORIENTED_EDGE('',*,*,#424,.T.);
#424 = EDGE_CURVE('',#367,#425,#427,.T.);
#425 = VERTEX_POINT('',#426);
#426 = CARTESIAN_POINT('',(4.953332099679,1.820577136594,0.));
#427 = CIRCLE('',#428,0.9);
#428 = AXIS2_PLACEMENT_3D('',#429,#430,#431);
#429 = CARTESIAN_POINT('',(4.503332099679,2.6,0.));
#430 = DIRECTION('',(0.,0.,1.));
#431 = DIRECTION('',(1.,0.,0.));
#432 = ORIENTED_EDGE('',*,*,#433,.T.);
#433 = EDGE_CURVE('',#425,#124,#434,.T.);
#434 = LINE('',#435,#436);
#435 = CARTESIAN_POINT('',(4.953332099679,1.820577136594,-0.1));
#436 = VECTOR('',#437,1.);
#437 = DIRECTION('',(0.,0.,1.));
#438 = CYLINDRICAL_SURFACE('',#439,0.9);
#439 = AXIS2_PLACEMENT_3D('',#440,#441,#442);
#440 = CARTESIAN_POINT('',(4.503332099679,2.6,-0.1));
#441 = DIRECTION('',(0.,0.,1.));
#442 = DIRECTION('',(1.,0.,0.));
#443 = ADVANCED_FACE('',(#444),#455,.F.);
#444 = FACE_BOUND('',#445,.F.);
#445 = EDGE_LOOP('',(#446,#452,#453,#454));
#446 = ORIENTED_EDGE('',*,*,#447,.F.);
#447 = EDGE_CURVE('',#399,#425,#448,.T.);
#448 = LINE('',#449,#450);
#449 = CARTESIAN_POINT('',(4.985238489819,1.83899829953,0.));
#450 = VECTOR('',#451,1.);
#451 = DIRECTION('',(-0.866025403784,-0.5,0.));
#452 = ORIENTED_EDGE('',*,*,#398,.T.);
#453 = ORIENTED_EDGE('',*,*,#123,.F.);
#454 = ORIENTED_EDGE('',*,*,#433,.F.);
#455 = PLANE('',#456);
#456 = AXIS2_PLACEMENT_3D('',#457,#458,#459);
#457 = CARTESIAN_POINT('',(8.677241335952,3.970577136594,-0.1));
#458 = DIRECTION('',(0.5,-0.866025403784,0.));
#459 = DIRECTION('',(-0.866025403784,-0.5,0.));
#460 = ADVANCED_FACE('',(#461,#472),#475,.T.);
#461 = FACE_BOUND('',#462,.T.);
#462 = EDGE_LOOP('',(#463));
#463 = ORIENTED_EDGE('',*,*,#464,.T.);
#464 = EDGE_CURVE('',#465,#465,#467,.T.);
#465 = VERTEX_POINT('',#466);
#466 = CARTESIAN_POINT('',(17.35,-4.249524393041E-15,6.3));
#467 = CIRCLE('',#468,17.35);
#468 = AXIS2_PLACEMENT_3D('',#469,#470,#471);
#469 = CARTESIAN_POINT('',(0.,0.,6.3));
#470 = DIRECTION('',(0.,0.,1.));
#471 = DIRECTION('',(1.,0.,0.));
#472 = FACE_BOUND('',#473,.T.);
#473 = EDGE_LOOP('',(#474));
#474 = ORIENTED_EDGE('',*,*,#154,.F.);
#475 = PLANE('',#476);
#476 = AXIS2_PLACEMENT_3D('',#477,#478,#479);
#477 = CARTESIAN_POINT('',(0.,0.,6.3));
#478 = DIRECTION('',(0.,0.,1.));
#479 = DIRECTION('',(1.,0.,0.));
#480 = ADVANCED_FACE('',(#481,#580,#630,#636,#642,#692,#698),#709,.T.);
#481 = FACE_BOUND('',#482,.T.);
#482 = EDGE_LOOP('',(#483,#494,#503,#512,#521,#530,#539,#547,#556,#565,
    #573));
#483 = ORIENTED_EDGE('',*,*,#484,.F.);
#484 = EDGE_CURVE('',#485,#487,#489,.T.);
#485 = VERTEX_POINT('',#486);
#486 = CARTESIAN_POINT('',(16.004857279357,-9.767652914974,0.));
#487 = VERTEX_POINT('',#488);
#488 = CARTESIAN_POINT('',(18.75,0.,0.));
#489 = CIRCLE('',#490,18.75);
#490 = AXIS2_PLACEMENT_3D('',#491,#492,#493);
#491 = CARTESIAN_POINT('',(0.,0.,0.));
#492 = DIRECTION('',(0.,0.,1.));
#493 = DIRECTION('',(1.,0.,0.));
#494 = ORIENTED_EDGE('',*,*,#495,.F.);
#495 = EDGE_CURVE('',#496,#485,#498,.T.);
#496 = VERTEX_POINT('',#497);
#497 = CARTESIAN_POINT('',(19.35,-14.,0.));
#498 = CIRCLE('',#499,4.35);
#499 = AXIS2_PLACEMENT_3D('',#500,#501,#502);
#500 = CARTESIAN_POINT('',(15.,-14.,0.));
#501 = DIRECTION('',(0.,0.,1.));
#502 = DIRECTION('',(1.,0.,0.));
#503 = ORIENTED_EDGE('',*,*,#504,.F.);
#504 = EDGE_CURVE('',#505,#496,#507,.T.);
#505 = VERTEX_POINT('',#506);
#506 = CARTESIAN_POINT('',(10.846924193327,-15.29400979286,0.));
#507 = CIRCLE('',#508,4.35);
#508 = AXIS2_PLACEMENT_3D('',#509,#510,#511);
#509 = CARTESIAN_POINT('',(15.,-14.,0.));
#510 = DIRECTION('',(0.,0.,1.));
#511 = DIRECTION('',(1.,0.,0.));
#512 = ORIENTED_EDGE('',*,*,#513,.F.);
#513 = EDGE_CURVE('',#514,#505,#516,.T.);
#514 = VERTEX_POINT('',#515);
#515 = CARTESIAN_POINT('',(-10.84692419332,-15.29400979286,0.));
#516 = CIRCLE('',#517,18.75);
#517 = AXIS2_PLACEMENT_3D('',#518,#519,#520);
#518 = CARTESIAN_POINT('',(0.,0.,0.));
#519 = DIRECTION('',(0.,0.,1.));
#520 = DIRECTION('',(1.,0.,0.));
#521 = ORIENTED_EDGE('',*,*,#522,.F.);
#522 = EDGE_CURVE('',#523,#514,#525,.T.);
#523 = VERTEX_POINT('',#524);
#524 = CARTESIAN_POINT('',(-16.00485727935,-9.767652914975,0.));
#525 = CIRCLE('',#526,4.35);
#526 = AXIS2_PLACEMENT_3D('',#527,#528,#529);
#527 = CARTESIAN_POINT('',(-15.,-14.,0.));
#528 = DIRECTION('',(0.,0.,1.));
#529 = DIRECTION('',(1.,0.,0.));
#530 = ORIENTED_EDGE('',*,*,#531,.F.);
#531 = EDGE_CURVE('',#532,#523,#534,.T.);
#532 = VERTEX_POINT('',#533);
#533 = CARTESIAN_POINT('',(-7.350142588901,17.249287055493,0.));
#534 = CIRCLE('',#535,18.75);
#535 = AXIS2_PLACEMENT_3D('',#536,#537,#538);
#536 = CARTESIAN_POINT('',(0.,0.,0.));
#537 = DIRECTION('',(0.,0.,1.));
#538 = DIRECTION('',(1.,0.,0.));
#539 = ORIENTED_EDGE('',*,*,#540,.F.);
#540 = EDGE_CURVE('',#541,#532,#543,.T.);
#541 = VERTEX_POINT('',#542);
#542 = CARTESIAN_POINT('',(-5.981528590111,24.092357049447,0.));
#543 = LINE('',#544,#545);
#544 = CARTESIAN_POINT('',(-5.8,25.,0.));
#545 = VECTOR('',#546,1.);
#546 = DIRECTION('',(-0.196116135138,-0.980580675691,0.));
#547 = ORIENTED_EDGE('',*,*,#548,.F.);
#548 = EDGE_CURVE('',#549,#541,#551,.T.);
#549 = VERTEX_POINT('',#550);
#550 = CARTESIAN_POINT('',(6.05,25.,0.));
#551 = CIRCLE('',#552,6.05);
#552 = AXIS2_PLACEMENT_3D('',#553,#554,#555);
#553 = CARTESIAN_POINT('',(0.,25.,0.));
#554 = DIRECTION('',(0.,0.,1.));
#555 = DIRECTION('',(1.,0.,0.));
#556 = ORIENTED_EDGE('',*,*,#557,.F.);
#557 = EDGE_CURVE('',#558,#549,#560,.T.);
#558 = VERTEX_POINT('',#559);
#559 = CARTESIAN_POINT('',(5.981528590111,24.092357049447,0.));
#560 = CIRCLE('',#561,6.05);
#561 = AXIS2_PLACEMENT_3D('',#562,#563,#564);
#562 = CARTESIAN_POINT('',(0.,25.,0.));
#563 = DIRECTION('',(0.,0.,1.));
#564 = DIRECTION('',(1.,0.,0.));
#565 = ORIENTED_EDGE('',*,*,#566,.F.);
#566 = EDGE_CURVE('',#567,#558,#569,.T.);
#567 = VERTEX_POINT('',#568);
#568 = CARTESIAN_POINT('',(7.350142588901,17.249287055493,0.));
#569 = LINE('',#570,#571);
#570 = CARTESIAN_POINT('',(8.,14.,0.));
#571 = VECTOR('',#572,1.);
#572 = DIRECTION('',(-0.196116135138,0.980580675691,0.));
#573 = ORIENTED_EDGE('',*,*,#574,.F.);
#574 = EDGE_CURVE('',#487,#567,#575,.T.);
#575 = CIRCLE('',#576,18.75);
#576 = AXIS2_PLACEMENT_3D('',#577,#578,#579);
#577 = CARTESIAN_POINT('',(0.,0.,0.));
#578 = DIRECTION('',(0.,0.,1.));
#579 = DIRECTION('',(1.,0.,0.));
#580 = FACE_BOUND('',#581,.T.);
#581 = EDGE_LOOP('',(#582,#592,#600,#608,#616,#624));
#582 = ORIENTED_EDGE('',*,*,#583,.T.);
#583 = EDGE_CURVE('',#584,#586,#588,.T.);
#584 = VERTEX_POINT('',#585);
#585 = CARTESIAN_POINT('',(17.9,-15.67431578065,0.));
#586 = VERTEX_POINT('',#587);
#587 = CARTESIAN_POINT('',(17.9,-12.32568421935,0.));
#588 = LINE('',#589,#590);
#589 = CARTESIAN_POINT('',(17.9,-7.047698359168,0.));
#590 = VECTOR('',#591,1.);
#591 = DIRECTION('',(0.,1.,0.));
#592 = ORIENTED_EDGE('',*,*,#593,.T.);
#593 = EDGE_CURVE('',#586,#594,#596,.T.);
#594 = VERTEX_POINT('',#595);
#595 = CARTESIAN_POINT('',(15.,-10.6513684387,0.));
#596 = LINE('',#597,#598);
#597 = CARTESIAN_POINT('',(8.256836899356,-6.758201407354,0.));
#598 = VECTOR('',#599,1.);
#599 = DIRECTION('',(-0.866025403784,0.5,0.));
#600 = ORIENTED_EDGE('',*,*,#601,.T.);
#601 = EDGE_CURVE('',#594,#602,#604,.T.);
#602 = VERTEX_POINT('',#603);
#603 = CARTESIAN_POINT('',(12.1,-12.32568421935,0.));
#604 = LINE('',#605,#606);
#605 = CARTESIAN_POINT('',(12.102706735088,-12.32412148511,0.));
#606 = VECTOR('',#607,1.);
#607 = DIRECTION('',(-0.866025403784,-0.5,0.));
#608 = ORIENTED_EDGE('',*,*,#609,.T.);
#609 = EDGE_CURVE('',#602,#610,#612,.T.);
#610 = VERTEX_POINT('',#611);
#611 = CARTESIAN_POINT('',(12.1,-15.67431578065,0.));
#612 = LINE('',#613,#614);
#613 = CARTESIAN_POINT('',(12.1,-5.373382578518,0.));
#614 = VECTOR('',#615,1.);
#615 = DIRECTION('',(0.,-1.,0.));
#616 = ORIENTED_EDGE('',*,*,#617,.T.);
#617 = EDGE_CURVE('',#610,#618,#620,.T.);
#618 = VERTEX_POINT('',#619);
#619 = CARTESIAN_POINT('',(15.,-17.3486315613,0.));
#620 = LINE('',#621,#622);
#621 = CARTESIAN_POINT('',(3.906836899356,-10.94399085897,0.));
#622 = VECTOR('',#623,1.);
#623 = DIRECTION('',(0.866025403784,-0.5,0.));
#624 = ORIENTED_EDGE('',*,*,#625,.T.);
#625 = EDGE_CURVE('',#618,#584,#626,.T.);
#626 = LINE('',#627,#628);
#627 = CARTESIAN_POINT('',(13.552706735088,-18.18422671739,0.));
#628 = VECTOR('',#629,1.);
#629 = DIRECTION('',(0.866025403784,0.5,0.));
#630 = FACE_BOUND('',#631,.T.);
#631 = EDGE_LOOP('',(#632,#633,#634,#635));
#632 = ORIENTED_EDGE('',*,*,#366,.F.);
#633 = ORIENTED_EDGE('',*,*,#424,.T.);
#634 = ORIENTED_EDGE('',*,*,#447,.F.);
#635 = ORIENTED_EDGE('',*,*,#406,.T.);
#636 = FACE_BOUND('',#637,.T.);
#637 = EDGE_LOOP('',(#638,#639,#640,#641));
#638 = ORIENTED_EDGE('',*,*,#170,.F.);
#639 = ORIENTED_EDGE('',*,*,#203,.T.);
#640 = ORIENTED_EDGE('',*,*,#226,.F.);
#641 = ORIENTED_EDGE('',*,*,#250,.T.);
#642 = FACE_BOUND('',#643,.T.);
#643 = EDGE_LOOP('',(#644,#654,#662,#670,#678,#686));
#644 = ORIENTED_EDGE('',*,*,#645,.T.);
#645 = EDGE_CURVE('',#646,#648,#650,.T.);
#646 = VERTEX_POINT('',#647);
#647 = CARTESIAN_POINT('',(-12.1,-15.67431578065,0.));
#648 = VERTEX_POINT('',#649);
#649 = CARTESIAN_POINT('',(-12.1,-12.32568421935,0.));
#650 = LINE('',#651,#652);
#651 = CARTESIAN_POINT('',(-12.1,-7.047698359168,0.));
#652 = VECTOR('',#653,1.);
#653 = DIRECTION('',(5.304724652093E-16,1.,0.));
#654 = ORIENTED_EDGE('',*,*,#655,.T.);
#655 = EDGE_CURVE('',#648,#656,#658,.T.);
#656 = VERTEX_POINT('',#657);
#657 = CARTESIAN_POINT('',(-15.,-10.6513684387,0.));
#658 = LINE('',#659,#660);
#659 = CARTESIAN_POINT('',(-10.49316310064,-13.25339193573,0.));
#660 = VECTOR('',#661,1.);
#661 = DIRECTION('',(-0.866025403784,0.5,0.));
#662 = ORIENTED_EDGE('',*,*,#663,.T.);
#663 = EDGE_CURVE('',#656,#664,#666,.T.);
#664 = VERTEX_POINT('',#665);
#665 = CARTESIAN_POINT('',(-17.9,-12.32568421935,0.));
#666 = LINE('',#667,#668);
#667 = CARTESIAN_POINT('',(-6.647293264912,-5.828930956735,0.));
#668 = VECTOR('',#669,1.);
#669 = DIRECTION('',(-0.866025403784,-0.5,0.));
#670 = ORIENTED_EDGE('',*,*,#671,.T.);
#671 = EDGE_CURVE('',#664,#672,#674,.T.);
#672 = VERTEX_POINT('',#673);
#673 = CARTESIAN_POINT('',(-17.9,-15.67431578065,0.));
#674 = LINE('',#675,#676);
#675 = CARTESIAN_POINT('',(-17.9,-5.373382578518,0.));
#676 = VECTOR('',#677,1.);
#677 = DIRECTION('',(0.,-1.,0.));
#678 = ORIENTED_EDGE('',*,*,#679,.T.);
#679 = EDGE_CURVE('',#672,#680,#682,.T.);
#680 = VERTEX_POINT('',#681);
#681 = CARTESIAN_POINT('',(-15.,-17.3486315613,0.));
#682 = LINE('',#683,#684);
#683 = CARTESIAN_POINT('',(-14.84316310064,-17.43918138736,0.));
#684 = VECTOR('',#685,1.);
#685 = DIRECTION('',(0.866025403784,-0.5,0.));
#686 = ORIENTED_EDGE('',*,*,#687,.T.);
#687 = EDGE_CURVE('',#680,#646,#688,.T.);
#688 = LINE('',#689,#690);
#689 = CARTESIAN_POINT('',(-5.197293264912,-11.68903618901,0.));
#690 = VECTOR('',#691,1.);
#691 = DIRECTION('',(0.866025403784,0.5,0.));
#692 = FACE_BOUND('',#693,.T.);
#693 = EDGE_LOOP('',(#694,#695,#696,#697));
#694 = ORIENTED_EDGE('',*,*,#268,.F.);
#695 = ORIENTED_EDGE('',*,*,#324,.T.);
#696 = ORIENTED_EDGE('',*,*,#349,.F.);
#697 = ORIENTED_EDGE('',*,*,#308,.T.);
#698 = FACE_BOUND('',#699,.T.);
#699 = EDGE_LOOP('',(#700));
#700 = ORIENTED_EDGE('',*,*,#701,.T.);
#701 = EDGE_CURVE('',#702,#702,#704,.T.);
#702 = VERTEX_POINT('',#703);
#703 = CARTESIAN_POINT('',(3.25,25.,0.));
#704 = CIRCLE('',#705,3.25);
#705 = AXIS2_PLACEMENT_3D('',#706,#707,#708);
#706 = CARTESIAN_POINT('',(0.,25.,0.));
#707 = DIRECTION('',(0.,0.,1.));
#708 = DIRECTION('',(1.,0.,0.));
#709 = PLANE('',#710);
#710 = AXIS2_PLACEMENT_3D('',#711,#712,#713);
#711 = CARTESIAN_POINT('',(0.212724845925,1.578919062313,0.));
#712 = DIRECTION('',(-0.,-0.,-1.));
#713 = DIRECTION('',(-1.,0.,0.));
#714 = ADVANCED_FACE('',(#715),#734,.T.);
#715 = FACE_BOUND('',#716,.T.);
#716 = EDGE_LOOP('',(#717,#718,#726,#733));
#717 = ORIENTED_EDGE('',*,*,#464,.F.);
#718 = ORIENTED_EDGE('',*,*,#719,.F.);
#719 = EDGE_CURVE('',#720,#465,#722,.T.);
#720 = VERTEX_POINT('',#721);
#721 = CARTESIAN_POINT('',(17.35,-4.249524393041E-15,5.5));
#722 = LINE('',#723,#724);
#723 = CARTESIAN_POINT('',(17.35,-4.249524393041E-15,5.5));
#724 = VECTOR('',#725,1.);
#725 = DIRECTION('',(0.,0.,1.));
#726 = ORIENTED_EDGE('',*,*,#727,.T.);
#727 = EDGE_CURVE('',#720,#720,#728,.T.);
#728 = CIRCLE('',#729,17.35);
#729 = AXIS2_PLACEMENT_3D('',#730,#731,#732);
#730 = CARTESIAN_POINT('',(0.,0.,5.5));
#731 = DIRECTION('',(0.,0.,1.));
#732 = DIRECTION('',(1.,0.,0.));
#733 = ORIENTED_EDGE('',*,*,#719,.T.);
#734 = CYLINDRICAL_SURFACE('',#735,17.35);
#735 = AXIS2_PLACEMENT_3D('',#736,#737,#738);
#736 = CARTESIAN_POINT('',(0.,0.,5.5));
#737 = DIRECTION('',(0.,0.,1.));
#738 = DIRECTION('',(1.,0.,0.));
#739 = ADVANCED_FACE('',(#740),#781,.T.);
#740 = FACE_BOUND('',#741,.F.);
#741 = EDGE_LOOP('',(#742,#753,#760,#761));
#742 = ORIENTED_EDGE('',*,*,#743,.T.);
#743 = EDGE_CURVE('',#744,#746,#748,.T.);
#744 = VERTEX_POINT('',#745);
#745 = CARTESIAN_POINT('',(16.682450177007,-9.504517667492,0.45));
#746 = VERTEX_POINT('',#747);
#747 = CARTESIAN_POINT('',(19.2,0.,0.45));
#748 = CIRCLE('',#749,19.2);
#749 = AXIS2_PLACEMENT_3D('',#750,#751,#752);
#750 = CARTESIAN_POINT('',(0.,0.,0.45));
#751 = DIRECTION('',(0.,0.,1.));
#752 = DIRECTION('',(1.,0.,0.));
#753 = ORIENTED_EDGE('',*,*,#754,.T.);
#754 = EDGE_CURVE('',#746,#487,#755,.T.);
#755 = CIRCLE('',#756,0.45);
#756 = AXIS2_PLACEMENT_3D('',#757,#758,#759);
#757 = CARTESIAN_POINT('',(18.75,0.,0.45));
#758 = DIRECTION('',(-0.,1.,0.));
#759 = DIRECTION('',(1.,0.,0.));
#760 = ORIENTED_EDGE('',*,*,#484,.F.);
#761 = ORIENTED_EDGE('',*,*,#762,.F.);
#762 = EDGE_CURVE('',#744,#485,#763,.T.);
#763 = B_SPLINE_CURVE_WITH_KNOTS('',6,(#764,#765,#766,#767,#768,#769,
    #770,#771,#772,#773,#774,#775,#776,#777,#778,#779,#780),
  .UNSPECIFIED.,.F.,.F.,(7,5,5,7),(0.,0.27834366273,0.562162290997,1.),
  .UNSPECIFIED.);
#764 = CARTESIAN_POINT('',(16.682450177007,-9.504517667492,0.45));
#765 = CARTESIAN_POINT('',(16.682450177007,-9.504517667492,
    0.415939226504));
#766 = CARTESIAN_POINT('',(16.677964255301,-9.506142063769,
    0.381876067754));
#767 = CARTESIAN_POINT('',(16.668990878243,-9.509391041751,
    0.348214432036));
#768 = CARTESIAN_POINT('',(16.655637238227,-9.514237347112,
    0.315347063229));
#769 = CARTESIAN_POINT('',(16.638101373635,-9.520629985038,
    0.283635371125));
#770 = CARTESIAN_POINT('',(16.594785343964,-9.536520614682,
    0.222548217301));
#771 = CARTESIAN_POINT('',(16.568847504821,-9.546077974425,
    0.193228159929));
#772 = CARTESIAN_POINT('',(16.539125318187,-9.557095418187,
    0.165757258736));
#773 = CARTESIAN_POINT('',(16.505967791649,-9.569480971404,0.14039821226
    ));
#774 = CARTESIAN_POINT('',(16.4697596538,-9.583130798468,0.117351366964)
  );
#775 = CARTESIAN_POINT('',(16.370933704956,-9.62077228523,
    6.498886905967E-02));
#776 = CARTESIAN_POINT('',(16.304649019378,-9.646355705414,
    3.905957590281E-02));
#777 = CARTESIAN_POINT('',(16.23346822098,-9.67428425339,
    1.948452362252E-02));
#778 = CARTESIAN_POINT('',(16.15886409309,-9.704121813356,
    6.464407845822E-03));
#779 = CARTESIAN_POINT('',(16.0822118511,-9.735414864734,
    -3.066181656144E-08));
#780 = CARTESIAN_POINT('',(16.004857279376,-9.767652914943,0.));
#781 = TOROIDAL_SURFACE('',#782,18.75,0.45);
#782 = AXIS2_PLACEMENT_3D('',#783,#784,#785);
#783 = CARTESIAN_POINT('',(0.,0.,0.45));
#784 = DIRECTION('',(-0.,-0.,-1.));
#785 = DIRECTION('',(1.,0.,0.));
#786 = ADVANCED_FACE('',(#787),#807,.T.);
#787 = FACE_BOUND('',#788,.F.);
#788 = EDGE_LOOP('',(#789,#790,#799,#806));
#789 = ORIENTED_EDGE('',*,*,#495,.F.);
#790 = ORIENTED_EDGE('',*,*,#791,.F.);
#791 = EDGE_CURVE('',#792,#496,#794,.T.);
#792 = VERTEX_POINT('',#793);
#793 = CARTESIAN_POINT('',(19.8,-14.,0.45));
#794 = CIRCLE('',#795,0.45);
#795 = AXIS2_PLACEMENT_3D('',#796,#797,#798);
#796 = CARTESIAN_POINT('',(19.35,-14.,0.45));
#797 = DIRECTION('',(-0.,1.,0.));
#798 = DIRECTION('',(1.,0.,0.));
#799 = ORIENTED_EDGE('',*,*,#800,.T.);
#800 = EDGE_CURVE('',#792,#744,#801,.T.);
#801 = CIRCLE('',#802,4.8);
#802 = AXIS2_PLACEMENT_3D('',#803,#804,#805);
#803 = CARTESIAN_POINT('',(15.,-14.,0.45));
#804 = DIRECTION('',(0.,0.,1.));
#805 = DIRECTION('',(1.,0.,0.));
#806 = ORIENTED_EDGE('',*,*,#762,.T.);
#807 = TOROIDAL_SURFACE('',#808,4.35,0.45);
#808 = AXIS2_PLACEMENT_3D('',#809,#810,#811);
#809 = CARTESIAN_POINT('',(15.,-14.,0.45));
#810 = DIRECTION('',(-0.,-0.,-1.));
#811 = DIRECTION('',(1.,0.,0.));
#812 = ADVANCED_FACE('',(#813),#847,.T.);
#813 = FACE_BOUND('',#814,.F.);
#814 = EDGE_LOOP('',(#815,#816,#825,#846));
#815 = ORIENTED_EDGE('',*,*,#754,.F.);
#816 = ORIENTED_EDGE('',*,*,#817,.T.);
#817 = EDGE_CURVE('',#746,#818,#820,.T.);
#818 = VERTEX_POINT('',#819);
#819 = CARTESIAN_POINT('',(7.24377917892,17.781104105399,0.45));
#820 = CIRCLE('',#821,19.2);
#821 = AXIS2_PLACEMENT_3D('',#822,#823,#824);
#822 = CARTESIAN_POINT('',(0.,0.,0.45));
#823 = DIRECTION('',(0.,0.,1.));
#824 = DIRECTION('',(1.,0.,0.));
#825 = ORIENTED_EDGE('',*,*,#826,.T.);
#826 = EDGE_CURVE('',#818,#567,#827,.T.);
#827 = B_SPLINE_CURVE_WITH_KNOTS('',5,(#828,#829,#830,#831,#832,#833,
    #834,#835,#836,#837,#838,#839,#840,#841,#842,#843,#844,#845),
  .UNSPECIFIED.,.F.,.F.,(6,4,4,4,6),(0.,0.251363464202,0.503650548514,
    0.750401253539,1.),.UNSPECIFIED.);
#828 = CARTESIAN_POINT('',(7.24377917892,17.781104105399,0.45));
#829 = CARTESIAN_POINT('',(7.24377917892,17.781104105399,0.413791405213)
  );
#830 = CARTESIAN_POINT('',(7.244635430846,17.776822845769,0.377581120425
    ));
#831 = CARTESIAN_POINT('',(7.246348112658,17.768259436711,0.341899005633
    ));
#832 = CARTESIAN_POINT('',(7.248887136091,17.755564319544,0.307260993605
    ));
#833 = CARTESIAN_POINT('',(7.255521985681,17.722390071595,0.240857240822
    ));
#834 = CARTESIAN_POINT('',(7.259623747201,17.701881263994,0.209100199482
    ));
#835 = CARTESIAN_POINT('',(7.264449484878,17.677752575609,0.179306034036
    ));
#836 = CARTESIAN_POINT('',(7.269923244288,17.65038377856,0.151851332134)
  );
#837 = CARTESIAN_POINT('',(7.281862572902,17.590687135488,0.102740132437
    ));
#838 = CARTESIAN_POINT('',(7.28830389701,17.558480514951,
    8.096904854174E-02));
#839 = CARTESIAN_POINT('',(7.29520294229,17.523985288551,
    6.197820522233E-02));
#840 = CARTESIAN_POINT('',(7.302471692064,17.487641539682,
    4.595310800724E-02));
#841 = CARTESIAN_POINT('',(7.317657316133,17.411713419335,
    1.992103717103E-02));
#842 = CARTESIAN_POINT('',(7.325580651258,17.37209674371,
    9.985775498845E-03));
#843 = CARTESIAN_POINT('',(7.333698650628,17.331506746858,
    3.327580613861E-03));
#844 = CARTESIAN_POINT('',(7.341917162399,17.290414188007,0.));
#845 = CARTESIAN_POINT('',(7.350142588901,17.249287055494,0.));
#846 = ORIENTED_EDGE('',*,*,#574,.F.);
#847 = TOROIDAL_SURFACE('',#848,18.75,0.45);
#848 = AXIS2_PLACEMENT_3D('',#849,#850,#851);
#849 = CARTESIAN_POINT('',(0.,0.,0.45));
#850 = DIRECTION('',(-0.,-0.,-1.));
#851 = DIRECTION('',(1.,0.,0.));
#852 = ADVANCED_FACE('',(#853),#886,.T.);
#853 = FACE_BOUND('',#854,.F.);
#854 = EDGE_LOOP('',(#855,#864,#865,#866));
#855 = ORIENTED_EDGE('',*,*,#856,.T.);
#856 = EDGE_CURVE('',#857,#792,#859,.T.);
#857 = VERTEX_POINT('',#858);
#858 = CARTESIAN_POINT('',(10.631089015392,-15.98811891208,0.45));
#859 = CIRCLE('',#860,4.8);
#860 = AXIS2_PLACEMENT_3D('',#861,#862,#863);
#861 = CARTESIAN_POINT('',(15.,-14.,0.45));
#862 = DIRECTION('',(0.,0.,1.));
#863 = DIRECTION('',(1.,0.,0.));
#864 = ORIENTED_EDGE('',*,*,#791,.T.);
#865 = ORIENTED_EDGE('',*,*,#504,.F.);
#866 = ORIENTED_EDGE('',*,*,#867,.T.);
#867 = EDGE_CURVE('',#505,#857,#868,.T.);
#868 = B_SPLINE_CURVE_WITH_KNOTS('',6,(#869,#870,#871,#872,#873,#874,
    #875,#876,#877,#878,#879,#880,#881,#882,#883,#884,#885),
  .UNSPECIFIED.,.F.,.F.,(7,5,5,7),(0.,0.437004893626,0.722019180685,1.),
  .UNSPECIFIED.);
#869 = CARTESIAN_POINT('',(10.846924193318,-15.29400979287,0.));
#870 = CARTESIAN_POINT('',(10.820142221789,-15.3732502801,
    -3.01828054208E-08));
#871 = CARTESIAN_POINT('',(10.7942512199,-15.45172793808,
    6.439836466042E-03));
#872 = CARTESIAN_POINT('',(10.76966540344,-15.52807283753,
    1.941030268702E-02));
#873 = CARTESIAN_POINT('',(10.746740561283,-15.60088980938,
    3.89107798578E-02));
#874 = CARTESIAN_POINT('',(10.725808502409,-15.66868847972,
    6.474248694886E-02));
#875 = CARTESIAN_POINT('',(10.695012330188,-15.7700253454,0.117039722061
    ));
#876 = CARTESIAN_POINT('',(10.683831067748,-15.80727724636,
    0.140159555788));
#877 = CARTESIAN_POINT('',(10.67370923937,-15.84137520924,0.165612699861
    ));
#878 = CARTESIAN_POINT('',(10.664724957092,-15.87192310509,
    0.193196562371));
#879 = CARTESIAN_POINT('',(10.656946807029,-15.89856183105,
    0.222645153533));
#880 = CARTESIAN_POINT('',(10.644074481633,-15.94288240057,
    0.283842092803));
#881 = CARTESIAN_POINT('',(10.638918234149,-15.96077130051,
    0.315518459114));
#882 = CARTESIAN_POINT('',(10.635013436152,-15.97439175258,
    0.348346086377));
#883 = CARTESIAN_POINT('',(10.632397129325,-15.98354370298,
    0.381964885091));
#884 = CARTESIAN_POINT('',(10.631089015392,-15.98811891208,
    0.415983627823));
#885 = CARTESIAN_POINT('',(10.631089015392,-15.98811891208,0.45));
#886 = TOROIDAL_SURFACE('',#887,4.35,0.45);
#887 = AXIS2_PLACEMENT_3D('',#888,#889,#890);
#888 = CARTESIAN_POINT('',(15.,-14.,0.45));
#889 = DIRECTION('',(-0.,-0.,-1.));
#890 = DIRECTION('',(1.,0.,0.));
#891 = ADVANCED_FACE('',(#892),#995,.F.);
#892 = FACE_BOUND('',#893,.F.);
#893 = EDGE_LOOP('',(#894,#895,#896,#904,#927,#935,#962,#970));
#894 = ORIENTED_EDGE('',*,*,#566,.F.);
#895 = ORIENTED_EDGE('',*,*,#826,.F.);
#896 = ORIENTED_EDGE('',*,*,#897,.T.);
#897 = EDGE_CURVE('',#818,#898,#900,.T.);
#898 = VERTEX_POINT('',#899);
#899 = CARTESIAN_POINT('',(7.24377917892,17.781104105399,5.05));
#900 = LINE('',#901,#902);
#901 = CARTESIAN_POINT('',(7.24377917892,17.781104105399,0.));
#902 = VECTOR('',#903,1.);
#903 = DIRECTION('',(0.,0.,1.));
#904 = ORIENTED_EDGE('',*,*,#905,.T.);
#905 = EDGE_CURVE('',#898,#906,#908,.T.);
#906 = VERTEX_POINT('',#907);
#907 = CARTESIAN_POINT('',(7.350142588901,17.249287055493,5.5));
#908 = B_SPLINE_CURVE_WITH_KNOTS('',5,(#909,#910,#911,#912,#913,#914,
    #915,#916,#917,#918,#919,#920,#921,#922,#923,#924,#925,#926),
  .UNSPECIFIED.,.F.,.F.,(6,4,4,4,6),(0.,0.251363464202,0.503650548515,
    0.750401253539,1.),.UNSPECIFIED.);
#909 = CARTESIAN_POINT('',(7.24377917892,17.781104105399,5.05));
#910 = CARTESIAN_POINT('',(7.24377917892,17.781104105399,5.086208594787)
  );
#911 = CARTESIAN_POINT('',(7.244635430846,17.776822845769,5.122418879575
    ));
#912 = CARTESIAN_POINT('',(7.246348112658,17.768259436711,5.158100994367
    ));
#913 = CARTESIAN_POINT('',(7.248887136091,17.755564319544,5.192739006395
    ));
#914 = CARTESIAN_POINT('',(7.255521985681,17.722390071595,5.259142759178
    ));
#915 = CARTESIAN_POINT('',(7.259623747201,17.701881263994,5.290899800518
    ));
#916 = CARTESIAN_POINT('',(7.264449484878,17.677752575609,5.320693965964
    ));
#917 = CARTESIAN_POINT('',(7.269923244288,17.65038377856,5.348148667866)
  );
#918 = CARTESIAN_POINT('',(7.281862572902,17.590687135488,5.397259867563
    ));
#919 = CARTESIAN_POINT('',(7.28830389701,17.558480514951,5.419030951458)
  );
#920 = CARTESIAN_POINT('',(7.29520294229,17.523985288551,5.438021794778)
  );
#921 = CARTESIAN_POINT('',(7.302471692064,17.487641539682,5.454046891993
    ));
#922 = CARTESIAN_POINT('',(7.317657316133,17.411713419335,5.480078962829
    ));
#923 = CARTESIAN_POINT('',(7.325580651258,17.37209674371,5.490014224501)
  );
#924 = CARTESIAN_POINT('',(7.333698650628,17.331506746858,5.496672419386
    ));
#925 = CARTESIAN_POINT('',(7.341917162399,17.290414188007,5.5));
#926 = CARTESIAN_POINT('',(7.350142588901,17.249287055494,5.5));
#927 = ORIENTED_EDGE('',*,*,#928,.T.);
#928 = EDGE_CURVE('',#906,#929,#931,.T.);
#929 = VERTEX_POINT('',#930);
#930 = CARTESIAN_POINT('',(5.981528590111,24.092357049447,5.5));
#931 = LINE('',#932,#933);
#932 = CARTESIAN_POINT('',(8.,14.,5.5));
#933 = VECTOR('',#934,1.);
#934 = DIRECTION('',(-0.196116135138,0.980580675691,0.));
#935 = ORIENTED_EDGE('',*,*,#936,.F.);
#936 = EDGE_CURVE('',#937,#929,#939,.T.);
#937 = VERTEX_POINT('',#938);
#938 = CARTESIAN_POINT('',(6.194107943688,23.029460281561,5.05));
#939 = B_SPLINE_CURVE_WITH_KNOTS('',6,(#940,#941,#942,#943,#944,#945,
    #946,#947,#948,#949,#950,#951,#952,#953,#954,#955,#956,#957,#958,
    #959,#960,#961),.UNSPECIFIED.,.F.,.F.,(7,5,5,5,7),(0.,0.27534369129,
    0.447072688864,0.70507260187,1.),.UNSPECIFIED.);
#940 = CARTESIAN_POINT('',(6.194107943688,23.029460281561,5.05));
#941 = CARTESIAN_POINT('',(6.194107943688,23.029460281561,5.088647467332
    ));
#942 = CARTESIAN_POINT('',(6.192494562429,23.037527187855,5.127311232344
    ));
#943 = CARTESIAN_POINT('',(6.189265291501,23.053673542495,5.165138186409
    ));
#944 = CARTESIAN_POINT('',(6.184523494631,23.077382526846,5.201380053181
    ));
#945 = CARTESIAN_POINT('',(6.178424091115,23.107879544425,5.235506646995
    ));
#946 = CARTESIAN_POINT('',(6.166603323472,23.166983382642,5.286936121642
    ));
#947 = CARTESIAN_POINT('',(6.161601443074,23.191992784629,5.305745845263
    ));
#948 = CARTESIAN_POINT('',(6.156178167342,23.219109163289,5.323537425211
    ));
#949 = CARTESIAN_POINT('',(6.150373587276,23.248132063619,5.340269448374
    ));
#950 = CARTESIAN_POINT('',(6.144225591194,23.27887204403,5.35592496317)
  );
#951 = CARTESIAN_POINT('',(6.128065023691,23.359674881545,5.392408339119
    ));
#952 = CARTESIAN_POINT('',(6.117664191276,23.411679043622,5.411879865961
    ));
#953 = CARTESIAN_POINT('',(6.106676704265,23.466616478674,5.428928236481
    ));
#954 = CARTESIAN_POINT('',(6.095198022761,23.524009886194,5.44362889263)
  );
#955 = CARTESIAN_POINT('',(6.083305326069,23.583473369657,5.456095721237
    ));
#956 = CARTESIAN_POINT('',(6.057052348844,23.714738255778,5.478293145209
    ));
#957 = CARTESIAN_POINT('',(6.042585749616,23.787071251922,5.487374214853
    ));
#958 = CARTESIAN_POINT('',(6.027742154222,23.861289228891,5.493885330763
    ));
#959 = CARTESIAN_POINT('',(6.012588372844,23.93705813578,5.498026604179)
  );
#960 = CARTESIAN_POINT('',(5.997173124179,24.014134379106,5.5));
#961 = CARTESIAN_POINT('',(5.981528590111,24.092357049447,5.5));
#962 = ORIENTED_EDGE('',*,*,#963,.F.);
#963 = EDGE_CURVE('',#964,#937,#966,.T.);
#964 = VERTEX_POINT('',#965);
#965 = CARTESIAN_POINT('',(6.194107943688,23.029460281561,0.45));
#966 = LINE('',#967,#968);
#967 = CARTESIAN_POINT('',(6.194107943688,23.029460281561,0.));
#968 = VECTOR('',#969,1.);
#969 = DIRECTION('',(0.,0.,1.));
#970 = ORIENTED_EDGE('',*,*,#971,.T.);
#971 = EDGE_CURVE('',#964,#558,#972,.T.);
#972 = B_SPLINE_CURVE_WITH_KNOTS('',6,(#973,#974,#975,#976,#977,#978,
    #979,#980,#981,#982,#983,#984,#985,#986,#987,#988,#989,#990,#991,
    #992,#993,#994),.UNSPECIFIED.,.F.,.F.,(7,5,5,5,7),(0.,0.27534369129,
    0.447072688864,0.70507260187,1.),.UNSPECIFIED.);
#973 = CARTESIAN_POINT('',(6.194107943688,23.029460281561,0.45));
#974 = CARTESIAN_POINT('',(6.194107943688,23.029460281561,0.411352532668
    ));
#975 = CARTESIAN_POINT('',(6.192494562429,23.037527187855,0.372688767656
    ));
#976 = CARTESIAN_POINT('',(6.189265291501,23.053673542495,0.334861813591
    ));
#977 = CARTESIAN_POINT('',(6.184523494631,23.077382526846,0.298619946819
    ));
#978 = CARTESIAN_POINT('',(6.178424091115,23.107879544425,0.264493353005
    ));
#979 = CARTESIAN_POINT('',(6.166603323472,23.166983382642,0.213063878358
    ));
#980 = CARTESIAN_POINT('',(6.161601443074,23.191992784629,0.194254154737
    ));
#981 = CARTESIAN_POINT('',(6.156178167342,23.219109163289,0.176462574789
    ));
#982 = CARTESIAN_POINT('',(6.150373587276,23.248132063619,0.159730551626
    ));
#983 = CARTESIAN_POINT('',(6.144225591194,23.27887204403,0.14407503683)
  );
#984 = CARTESIAN_POINT('',(6.128065023691,23.359674881545,0.107591660881
    ));
#985 = CARTESIAN_POINT('',(6.117664191276,23.411679043622,
    8.812013403914E-02));
#986 = CARTESIAN_POINT('',(6.106676704265,23.466616478674,
    7.107176351855E-02));
#987 = CARTESIAN_POINT('',(6.095198022761,23.524009886194,
    5.637110737025E-02));
#988 = CARTESIAN_POINT('',(6.083305326069,23.583473369657,
    4.390427876337E-02));
#989 = CARTESIAN_POINT('',(6.057052348844,23.714738255778,
    2.170685479115E-02));
#990 = CARTESIAN_POINT('',(6.042585749616,23.787071251922,
    1.262578514718E-02));
#991 = CARTESIAN_POINT('',(6.027742154222,23.861289228891,
    6.114669237326E-03));
#992 = CARTESIAN_POINT('',(6.012588372844,23.93705813578,
    1.973395821226E-03));
#993 = CARTESIAN_POINT('',(5.997173124179,24.014134379106,0.));
#994 = CARTESIAN_POINT('',(5.981528590111,24.092357049447,0.));
#995 = PLANE('',#996);
#996 = AXIS2_PLACEMENT_3D('',#997,#998,#999);
#997 = CARTESIAN_POINT('',(8.,14.,0.));
#998 = DIRECTION('',(-0.980580675691,-0.196116135138,0.));
#999 = DIRECTION('',(-0.196116135138,0.980580675691,0.));
#1000 = ADVANCED_FACE('',(#1001),#1034,.T.);
#1001 = FACE_BOUND('',#1002,.F.);
#1002 = EDGE_LOOP('',(#1003,#1012,#1013,#1014));
#1003 = ORIENTED_EDGE('',*,*,#1004,.T.);
#1004 = EDGE_CURVE('',#1005,#857,#1007,.T.);
#1005 = VERTEX_POINT('',#1006);
#1006 = CARTESIAN_POINT('',(-10.63108901539,-15.98811891208,0.45));
#1007 = CIRCLE('',#1008,19.2);
#1008 = AXIS2_PLACEMENT_3D('',#1009,#1010,#1011);
#1009 = CARTESIAN_POINT('',(0.,0.,0.45));
#1010 = DIRECTION('',(0.,0.,1.));
#1011 = DIRECTION('',(1.,0.,0.));
#1012 = ORIENTED_EDGE('',*,*,#867,.F.);
#1013 = ORIENTED_EDGE('',*,*,#513,.F.);
#1014 = ORIENTED_EDGE('',*,*,#1015,.F.);
#1015 = EDGE_CURVE('',#1005,#514,#1016,.T.);
#1016 = B_SPLINE_CURVE_WITH_KNOTS('',6,(#1017,#1018,#1019,#1020,#1021,
    #1022,#1023,#1024,#1025,#1026,#1027,#1028,#1029,#1030,#1031,#1032,
    #1033),.UNSPECIFIED.,.F.,.F.,(7,5,5,7),(0.,0.278927787637,
    0.562764833867,1.),.UNSPECIFIED.);
#1017 = CARTESIAN_POINT('',(-10.63108901539,-15.98811891208,0.45));
#1018 = CARTESIAN_POINT('',(-10.63108901539,-15.98811891208,
    0.415867749472));
#1019 = CARTESIAN_POINT('',(-10.63240605751,-15.98351247924,
    0.381733089601));
#1020 = CARTESIAN_POINT('',(-10.63504022171,-15.9742980537,
    0.348002503706));
#1021 = CARTESIAN_POINT('',(-10.63897153381,-15.96058538194,
    0.31507118469));
#1022 = CARTESIAN_POINT('',(-10.64416245371,-15.94257720581,
    0.283302673519));
#1023 = CARTESIAN_POINT('',(-10.65707087956,-15.89813702531,
    0.222181130343));
#1024 = CARTESIAN_POINT('',(-10.66483184947,-15.87155998143,
    0.19287762726));
#1025 = CARTESIAN_POINT('',(-10.67378837252,-15.8411093194,
    0.165425855861));
#1026 = CARTESIAN_POINT('',(-10.68387265528,-15.80713990479,
    0.140088156641));
#1027 = CARTESIAN_POINT('',(-10.69500754788,-15.77004293319,
    0.117064507399));
#1028 = CARTESIAN_POINT('',(-10.72575335722,-15.66886709821,
    6.481056559085E-02));
#1029 = CARTESIAN_POINT('',(-10.74669224295,-15.60104328782,
    3.895189362717E-02));
#1030 = CARTESIAN_POINT('',(-10.76962653988,-15.52819351917,
    1.943081004861E-02));
#1031 = CARTESIAN_POINT('',(-10.79422393514,-15.45181064119,
    6.446625948478E-03));
#1032 = CARTESIAN_POINT('',(-10.82012810858,-15.37329203722,
    -3.032611517288E-08));
#1033 = CARTESIAN_POINT('',(-10.84692419329,-15.29400979288,0.));
#1034 = TOROIDAL_SURFACE('',#1035,18.75,0.45);
#1035 = AXIS2_PLACEMENT_3D('',#1036,#1037,#1038);
#1036 = CARTESIAN_POINT('',(0.,0.,0.45));
#1037 = DIRECTION('',(-0.,-0.,-1.));
#1038 = DIRECTION('',(1.,0.,0.));
#1039 = ADVANCED_FACE('',(#1040),#1060,.T.);
#1040 = FACE_BOUND('',#1041,.F.);
#1041 = EDGE_LOOP('',(#1042,#1051,#1058,#1059));
#1042 = ORIENTED_EDGE('',*,*,#1043,.T.);
#1043 = EDGE_CURVE('',#964,#1044,#1046,.T.);
#1044 = VERTEX_POINT('',#1045);
#1045 = CARTESIAN_POINT('',(6.5,25.,0.45));
#1046 = CIRCLE('',#1047,6.5);
#1047 = AXIS2_PLACEMENT_3D('',#1048,#1049,#1050);
#1048 = CARTESIAN_POINT('',(0.,25.,0.45));
#1049 = DIRECTION('',(0.,0.,1.));
#1050 = DIRECTION('',(1.,0.,0.));
#1051 = ORIENTED_EDGE('',*,*,#1052,.T.);
#1052 = EDGE_CURVE('',#1044,#549,#1053,.T.);
#1053 = CIRCLE('',#1054,0.45);
#1054 = AXIS2_PLACEMENT_3D('',#1055,#1056,#1057);
#1055 = CARTESIAN_POINT('',(6.05,25.,0.45));
#1056 = DIRECTION('',(-0.,1.,0.));
#1057 = DIRECTION('',(1.,0.,0.));
#1058 = ORIENTED_EDGE('',*,*,#557,.F.);
#1059 = ORIENTED_EDGE('',*,*,#971,.F.);
#1060 = TOROIDAL_SURFACE('',#1061,6.05,0.45);
#1061 = AXIS2_PLACEMENT_3D('',#1062,#1063,#1064);
#1062 = CARTESIAN_POINT('',(0.,25.,0.45));
#1063 = DIRECTION('',(-0.,-0.,-1.));
#1064 = DIRECTION('',(1.,0.,0.));
#1065 = ADVANCED_FACE('',(#1066),#1099,.T.);
#1066 = FACE_BOUND('',#1067,.F.);
#1067 = EDGE_LOOP('',(#1068,#1090,#1097,#1098));
#1068 = ORIENTED_EDGE('',*,*,#1069,.T.);
#1069 = EDGE_CURVE('',#523,#1070,#1072,.T.);
#1070 = VERTEX_POINT('',#1071);
#1071 = CARTESIAN_POINT('',(-16.682450177,-9.504517667492,0.45));
#1072 = B_SPLINE_CURVE_WITH_KNOTS('',6,(#1073,#1074,#1075,#1076,#1077,
    #1078,#1079,#1080,#1081,#1082,#1083,#1084,#1085,#1086,#1087,#1088,
    #1089),.UNSPECIFIED.,.F.,.F.,(7,5,5,7),(0.,0.438372923521,
    0.722175204977,1.),.UNSPECIFIED.);
#1073 = CARTESIAN_POINT('',(-16.00485727962,-9.767652914543,0.));
#1074 = CARTESIAN_POINT('',(-16.08230641563,-9.735375455019,
    -3.096417887892E-08));
#1075 = CARTESIAN_POINT('',(-16.15905149035,-9.704045309295,
    6.480223866813E-03));
#1076 = CARTESIAN_POINT('',(-16.23374179775,-9.674174840721,
    1.953229735075E-02));
#1077 = CARTESIAN_POINT('',(-16.3049970492,-9.646219157291,
    3.915535172259E-02));
#1078 = CARTESIAN_POINT('',(-16.37133878069,-9.620615947863,
    6.514745292511E-02));
#1079 = CARTESIAN_POINT('',(-16.47017194651,-9.582975100877,
    0.117606440535));
#1080 = CARTESIAN_POINT('',(-16.50635012038,-9.569337706875,
    0.140673875298));
#1081 = CARTESIAN_POINT('',(-16.53947514999,-9.556965227697,
    0.16605186675));
#1082 = CARTESIAN_POINT('',(-16.56916250578,-9.545961429568,
    0.19353974091));
#1083 = CARTESIAN_POINT('',(-16.59506348746,-9.536418196107,
    0.222874481334));
#1084 = CARTESIAN_POINT('',(-16.63826467127,-9.520570455603,
    0.283930987149));
#1085 = CARTESIAN_POINT('',(-16.65573672285,-9.514201242944,
    0.315592157654));
#1086 = CARTESIAN_POINT('',(-16.66904101808,-9.509372887976,
    0.348402693878));
#1087 = CARTESIAN_POINT('',(-16.67798096357,-9.50613601304,
    0.382003073083));
#1088 = CARTESIAN_POINT('',(-16.682450177,-9.504517667492,0.41600271865)
  );
#1089 = CARTESIAN_POINT('',(-16.682450177,-9.504517667492,0.45));
#1090 = ORIENTED_EDGE('',*,*,#1091,.T.);
#1091 = EDGE_CURVE('',#1070,#1005,#1092,.T.);
#1092 = CIRCLE('',#1093,4.8);
#1093 = AXIS2_PLACEMENT_3D('',#1094,#1095,#1096);
#1094 = CARTESIAN_POINT('',(-15.,-14.,0.45));
#1095 = DIRECTION('',(0.,0.,1.));
#1096 = DIRECTION('',(1.,0.,0.));
#1097 = ORIENTED_EDGE('',*,*,#1015,.T.);
#1098 = ORIENTED_EDGE('',*,*,#522,.F.);
#1099 = TOROIDAL_SURFACE('',#1100,4.35,0.45);
#1100 = AXIS2_PLACEMENT_3D('',#1101,#1102,#1103);
#1101 = CARTESIAN_POINT('',(-15.,-14.,0.45));
#1102 = DIRECTION('',(-0.,-0.,-1.));
#1103 = DIRECTION('',(1.,0.,0.));
#1104 = ADVANCED_FACE('',(#1105),#1143,.T.);
#1105 = FACE_BOUND('',#1106,.F.);
#1106 = EDGE_LOOP('',(#1107,#1108,#1117,#1142));
#1107 = ORIENTED_EDGE('',*,*,#1052,.F.);
#1108 = ORIENTED_EDGE('',*,*,#1109,.T.);
#1109 = EDGE_CURVE('',#1044,#1110,#1112,.T.);
#1110 = VERTEX_POINT('',#1111);
#1111 = CARTESIAN_POINT('',(-6.194107943688,23.029460281561,0.45));
#1112 = CIRCLE('',#1113,6.5);
#1113 = AXIS2_PLACEMENT_3D('',#1114,#1115,#1116);
#1114 = CARTESIAN_POINT('',(0.,25.,0.45));
#1115 = DIRECTION('',(0.,0.,1.));
#1116 = DIRECTION('',(1.,0.,0.));
#1117 = ORIENTED_EDGE('',*,*,#1118,.T.);
#1118 = EDGE_CURVE('',#1110,#541,#1119,.T.);
#1119 = B_SPLINE_CURVE_WITH_KNOTS('',6,(#1120,#1121,#1122,#1123,#1124,
    #1125,#1126,#1127,#1128,#1129,#1130,#1131,#1132,#1133,#1134,#1135,
    #1136,#1137,#1138,#1139,#1140,#1141),.UNSPECIFIED.,.F.,.F.,(7,5,5,5,
    7),(0.,0.275343691283,0.447072688856,0.705072601861,1.),
  .UNSPECIFIED.);
#1120 = CARTESIAN_POINT('',(-6.194107943688,23.029460281561,0.45));
#1121 = CARTESIAN_POINT('',(-6.194107943688,23.029460281561,
    0.411352532669));
#1122 = CARTESIAN_POINT('',(-6.192494562429,23.037527187855,
    0.372688767658));
#1123 = CARTESIAN_POINT('',(-6.189265291501,23.053673542494,
    0.334861813594));
#1124 = CARTESIAN_POINT('',(-6.184523494631,23.077382526844,
    0.298619946823));
#1125 = CARTESIAN_POINT('',(-6.178424091116,23.107879544421,
    0.26449335301));
#1126 = CARTESIAN_POINT('',(-6.166603323473,23.166983382636,
    0.213063878363));
#1127 = CARTESIAN_POINT('',(-6.161601443076,23.191992784622,
    0.194254154742));
#1128 = CARTESIAN_POINT('',(-6.156178167344,23.219109163282,
    0.176462574793));
#1129 = CARTESIAN_POINT('',(-6.150373587278,23.24813206361,
    0.159730551631));
#1130 = CARTESIAN_POINT('',(-6.144225591196,23.278872044021,
    0.144075036834));
#1131 = CARTESIAN_POINT('',(-6.128065023693,23.359674881535,
    0.107591660885));
#1132 = CARTESIAN_POINT('',(-6.117664191278,23.411679043612,
    8.812013404266E-02));
#1133 = CARTESIAN_POINT('',(-6.106676704268,23.466616478662,
    7.107176352176E-02));
#1134 = CARTESIAN_POINT('',(-6.095198022764,23.524009886182,
    5.637110737315E-02));
#1135 = CARTESIAN_POINT('',(-6.083305326071,23.583473369644,
    4.390427876592E-02));
#1136 = CARTESIAN_POINT('',(-6.057052348847,23.714738255766,
    2.170685479257E-02));
#1137 = CARTESIAN_POINT('',(-6.042585749618,23.787071251912,
    1.2625785148E-02));
#1138 = CARTESIAN_POINT('',(-6.027742154223,23.861289228884,
    6.114669237715E-03));
#1139 = CARTESIAN_POINT('',(-6.012588372845,23.937058135775,
    1.973395821351E-03));
#1140 = CARTESIAN_POINT('',(-5.997173124179,24.014134379104,0.));
#1141 = CARTESIAN_POINT('',(-5.981528590111,24.092357049447,0.));
#1142 = ORIENTED_EDGE('',*,*,#548,.F.);
#1143 = TOROIDAL_SURFACE('',#1144,6.05,0.45);
#1144 = AXIS2_PLACEMENT_3D('',#1145,#1146,#1147);
#1145 = CARTESIAN_POINT('',(0.,25.,0.45));
#1146 = DIRECTION('',(-0.,-0.,-1.));
#1147 = DIRECTION('',(1.,0.,0.));
#1148 = ADVANCED_FACE('',(#1149),#1183,.T.);
#1149 = FACE_BOUND('',#1150,.F.);
#1150 = EDGE_LOOP('',(#1151,#1152,#1175,#1182));
#1151 = ORIENTED_EDGE('',*,*,#531,.F.);
#1152 = ORIENTED_EDGE('',*,*,#1153,.F.);
#1153 = EDGE_CURVE('',#1154,#532,#1156,.T.);
#1154 = VERTEX_POINT('',#1155);
#1155 = CARTESIAN_POINT('',(-7.24377917892,17.781104105399,0.45));
#1156 = B_SPLINE_CURVE_WITH_KNOTS('',5,(#1157,#1158,#1159,#1160,#1161,
    #1162,#1163,#1164,#1165,#1166,#1167,#1168,#1169,#1170,#1171,#1172,
    #1173,#1174),.UNSPECIFIED.,.F.,.F.,(6,4,4,4,6),(0.,0.251363464221,
    0.503650548534,0.750401253558,1.),.UNSPECIFIED.);
#1157 = CARTESIAN_POINT('',(-7.24377917892,17.781104105399,0.45));
#1158 = CARTESIAN_POINT('',(-7.24377917892,17.781104105399,0.41379140521
    ));
#1159 = CARTESIAN_POINT('',(-7.244635430846,17.776822845768,
    0.37758112042));
#1160 = CARTESIAN_POINT('',(-7.246348112658,17.768259436709,
    0.341899005625));
#1161 = CARTESIAN_POINT('',(-7.248887136092,17.75556431954,
    0.307260993595));
#1162 = CARTESIAN_POINT('',(-7.255521985683,17.722390071587,
    0.240857240809));
#1163 = CARTESIAN_POINT('',(-7.259623747203,17.701881263985,
    0.20910019947));
#1164 = CARTESIAN_POINT('',(-7.26444948488,17.677752575599,
    0.179306034025));
#1165 = CARTESIAN_POINT('',(-7.26992324429,17.65038377855,0.151851332124
    ));
#1166 = CARTESIAN_POINT('',(-7.281862572905,17.590687135475,
    0.102740132428));
#1167 = CARTESIAN_POINT('',(-7.288303897012,17.558480514938,
    8.096904853388E-02));
#1168 = CARTESIAN_POINT('',(-7.295202942293,17.523985288537,
    6.197820521531E-02));
#1169 = CARTESIAN_POINT('',(-7.302471692066,17.487641539668,
    4.595310800117E-02));
#1170 = CARTESIAN_POINT('',(-7.317657316135,17.411713419323,
    1.992103716792E-02));
#1171 = CARTESIAN_POINT('',(-7.32558065126,17.372096743701,
    9.985775497289E-03));
#1172 = CARTESIAN_POINT('',(-7.33369865063,17.331506746851,
    3.327580613337E-03));
#1173 = CARTESIAN_POINT('',(-7.341917162399,17.290414188004,0.));
#1174 = CARTESIAN_POINT('',(-7.350142588901,17.249287055494,0.));
#1175 = ORIENTED_EDGE('',*,*,#1176,.T.);
#1176 = EDGE_CURVE('',#1154,#1070,#1177,.T.);
#1177 = CIRCLE('',#1178,19.2);
#1178 = AXIS2_PLACEMENT_3D('',#1179,#1180,#1181);
#1179 = CARTESIAN_POINT('',(0.,0.,0.45));
#1180 = DIRECTION('',(0.,0.,1.));
#1181 = DIRECTION('',(1.,0.,0.));
#1182 = ORIENTED_EDGE('',*,*,#1069,.F.);
#1183 = TOROIDAL_SURFACE('',#1184,18.75,0.45);
#1184 = AXIS2_PLACEMENT_3D('',#1185,#1186,#1187);
#1185 = CARTESIAN_POINT('',(0.,0.,0.45));
#1186 = DIRECTION('',(-0.,-0.,-1.));
#1187 = DIRECTION('',(1.,0.,0.));
#1188 = ADVANCED_FACE('',(#1189),#1266,.F.);
#1189 = FACE_BOUND('',#1190,.F.);
#1190 = EDGE_LOOP('',(#1191,#1192,#1193,#1201,#1228,#1236,#1259,#1265));
#1191 = ORIENTED_EDGE('',*,*,#540,.F.);
#1192 = ORIENTED_EDGE('',*,*,#1118,.F.);
#1193 = ORIENTED_EDGE('',*,*,#1194,.T.);
#1194 = EDGE_CURVE('',#1110,#1195,#1197,.T.);
#1195 = VERTEX_POINT('',#1196);
#1196 = CARTESIAN_POINT('',(-6.194107943688,23.029460281561,5.05));
#1197 = LINE('',#1198,#1199);
#1198 = CARTESIAN_POINT('',(-6.194107943688,23.029460281561,0.));
#1199 = VECTOR('',#1200,1.);
#1200 = DIRECTION('',(0.,0.,1.));
#1201 = ORIENTED_EDGE('',*,*,#1202,.T.);
#1202 = EDGE_CURVE('',#1195,#1203,#1205,.T.);
#1203 = VERTEX_POINT('',#1204);
#1204 = CARTESIAN_POINT('',(-5.981528590111,24.092357049447,5.5));
#1205 = B_SPLINE_CURVE_WITH_KNOTS('',6,(#1206,#1207,#1208,#1209,#1210,
    #1211,#1212,#1213,#1214,#1215,#1216,#1217,#1218,#1219,#1220,#1221,
    #1222,#1223,#1224,#1225,#1226,#1227),.UNSPECIFIED.,.F.,.F.,(7,5,5,5,
    7),(0.,0.275343691283,0.447072688856,0.705072601861,1.),
  .UNSPECIFIED.);
#1206 = CARTESIAN_POINT('',(-6.194107943688,23.029460281561,5.05));
#1207 = CARTESIAN_POINT('',(-6.194107943688,23.029460281561,
    5.088647467331));
#1208 = CARTESIAN_POINT('',(-6.192494562429,23.037527187855,
    5.127311232342));
#1209 = CARTESIAN_POINT('',(-6.189265291501,23.053673542494,
    5.165138186406));
#1210 = CARTESIAN_POINT('',(-6.184523494631,23.077382526844,
    5.201380053177));
#1211 = CARTESIAN_POINT('',(-6.178424091116,23.107879544421,
    5.23550664699));
#1212 = CARTESIAN_POINT('',(-6.166603323473,23.166983382636,
    5.286936121637));
#1213 = CARTESIAN_POINT('',(-6.161601443076,23.191992784622,
    5.305745845258));
#1214 = CARTESIAN_POINT('',(-6.156178167344,23.219109163282,
    5.323537425207));
#1215 = CARTESIAN_POINT('',(-6.150373587278,23.24813206361,
    5.340269448369));
#1216 = CARTESIAN_POINT('',(-6.144225591196,23.278872044021,
    5.355924963166));
#1217 = CARTESIAN_POINT('',(-6.128065023693,23.359674881535,
    5.392408339115));
#1218 = CARTESIAN_POINT('',(-6.117664191278,23.411679043612,
    5.411879865957));
#1219 = CARTESIAN_POINT('',(-6.106676704268,23.466616478662,
    5.428928236478));
#1220 = CARTESIAN_POINT('',(-6.095198022764,23.524009886182,
    5.443628892627));
#1221 = CARTESIAN_POINT('',(-6.083305326071,23.583473369644,
    5.456095721234));
#1222 = CARTESIAN_POINT('',(-6.057052348847,23.714738255766,
    5.478293145207));
#1223 = CARTESIAN_POINT('',(-6.042585749618,23.787071251912,
    5.487374214852));
#1224 = CARTESIAN_POINT('',(-6.027742154223,23.861289228884,
    5.493885330762));
#1225 = CARTESIAN_POINT('',(-6.012588372845,23.937058135775,
    5.498026604179));
#1226 = CARTESIAN_POINT('',(-5.997173124179,24.014134379104,5.5));
#1227 = CARTESIAN_POINT('',(-5.981528590111,24.092357049447,5.5));
#1228 = ORIENTED_EDGE('',*,*,#1229,.T.);
#1229 = EDGE_CURVE('',#1203,#1230,#1232,.T.);
#1230 = VERTEX_POINT('',#1231);
#1231 = CARTESIAN_POINT('',(-7.350142588901,17.249287055493,5.5));
#1232 = LINE('',#1233,#1234);
#1233 = CARTESIAN_POINT('',(-5.8,25.,5.5));
#1234 = VECTOR('',#1235,1.);
#1235 = DIRECTION('',(-0.196116135138,-0.980580675691,0.));
#1236 = ORIENTED_EDGE('',*,*,#1237,.F.);
#1237 = EDGE_CURVE('',#1238,#1230,#1240,.T.);
#1238 = VERTEX_POINT('',#1239);
#1239 = CARTESIAN_POINT('',(-7.24377917892,17.781104105399,5.05));
#1240 = B_SPLINE_CURVE_WITH_KNOTS('',5,(#1241,#1242,#1243,#1244,#1245,
    #1246,#1247,#1248,#1249,#1250,#1251,#1252,#1253,#1254,#1255,#1256,
    #1257,#1258),.UNSPECIFIED.,.F.,.F.,(6,4,4,4,6),(0.,0.251363464221,
    0.503650548534,0.750401253558,1.),.UNSPECIFIED.);
#1241 = CARTESIAN_POINT('',(-7.24377917892,17.781104105399,5.05));
#1242 = CARTESIAN_POINT('',(-7.24377917892,17.781104105399,5.08620859479
    ));
#1243 = CARTESIAN_POINT('',(-7.244635430846,17.776822845768,
    5.12241887958));
#1244 = CARTESIAN_POINT('',(-7.246348112658,17.768259436709,
    5.158100994375));
#1245 = CARTESIAN_POINT('',(-7.248887136092,17.75556431954,
    5.192739006405));
#1246 = CARTESIAN_POINT('',(-7.255521985683,17.722390071587,
    5.259142759191));
#1247 = CARTESIAN_POINT('',(-7.259623747203,17.701881263985,
    5.29089980053));
#1248 = CARTESIAN_POINT('',(-7.26444948488,17.677752575599,
    5.320693965975));
#1249 = CARTESIAN_POINT('',(-7.26992324429,17.65038377855,5.348148667876
    ));
#1250 = CARTESIAN_POINT('',(-7.281862572905,17.590687135475,
    5.397259867572));
#1251 = CARTESIAN_POINT('',(-7.288303897012,17.558480514938,
    5.419030951466));
#1252 = CARTESIAN_POINT('',(-7.295202942293,17.523985288537,
    5.438021794785));
#1253 = CARTESIAN_POINT('',(-7.302471692066,17.487641539668,
    5.454046891999));
#1254 = CARTESIAN_POINT('',(-7.317657316135,17.411713419323,
    5.480078962832));
#1255 = CARTESIAN_POINT('',(-7.32558065126,17.372096743701,
    5.490014224503));
#1256 = CARTESIAN_POINT('',(-7.33369865063,17.331506746851,
    5.496672419387));
#1257 = CARTESIAN_POINT('',(-7.341917162399,17.290414188004,5.5));
#1258 = CARTESIAN_POINT('',(-7.350142588901,17.249287055494,5.5));
#1259 = ORIENTED_EDGE('',*,*,#1260,.F.);
#1260 = EDGE_CURVE('',#1154,#1238,#1261,.T.);
#1261 = LINE('',#1262,#1263);
#1262 = CARTESIAN_POINT('',(-7.24377917892,17.781104105399,0.));
#1263 = VECTOR('',#1264,1.);
#1264 = DIRECTION('',(0.,0.,1.));
#1265 = ORIENTED_EDGE('',*,*,#1153,.T.);
#1266 = PLANE('',#1267);
#1267 = AXIS2_PLACEMENT_3D('',#1268,#1269,#1270);
#1268 = CARTESIAN_POINT('',(-5.8,25.,0.));
#1269 = DIRECTION('',(0.980580675691,-0.196116135138,0.));
#1270 = DIRECTION('',(-0.196116135138,-0.980580675691,0.));
#1271 = ADVANCED_FACE('',(#1272),#1297,.T.);
#1272 = FACE_BOUND('',#1273,.T.);
#1273 = EDGE_LOOP('',(#1274,#1275,#1283,#1291));
#1274 = ORIENTED_EDGE('',*,*,#583,.F.);
#1275 = ORIENTED_EDGE('',*,*,#1276,.T.);
#1276 = EDGE_CURVE('',#584,#1277,#1279,.T.);
#1277 = VERTEX_POINT('',#1278);
#1278 = CARTESIAN_POINT('',(17.9,-15.67431578065,4.));
#1279 = LINE('',#1280,#1281);
#1280 = CARTESIAN_POINT('',(17.9,-15.67431578065,-0.1));
#1281 = VECTOR('',#1282,1.);
#1282 = DIRECTION('',(0.,0.,1.));
#1283 = ORIENTED_EDGE('',*,*,#1284,.T.);
#1284 = EDGE_CURVE('',#1277,#1285,#1287,.T.);
#1285 = VERTEX_POINT('',#1286);
#1286 = CARTESIAN_POINT('',(17.9,-12.32568421935,4.));
#1287 = LINE('',#1288,#1289);
#1288 = CARTESIAN_POINT('',(17.9,-15.67431578065,4.));
#1289 = VECTOR('',#1290,1.);
#1290 = DIRECTION('',(0.,1.,0.));
#1291 = ORIENTED_EDGE('',*,*,#1292,.F.);
#1292 = EDGE_CURVE('',#586,#1285,#1293,.T.);
#1293 = LINE('',#1294,#1295);
#1294 = CARTESIAN_POINT('',(17.9,-12.32568421935,-0.1));
#1295 = VECTOR('',#1296,1.);
#1296 = DIRECTION('',(0.,0.,1.));
#1297 = PLANE('',#1298);
#1298 = AXIS2_PLACEMENT_3D('',#1299,#1300,#1301);
#1299 = CARTESIAN_POINT('',(17.9,-15.67431578065,-0.1));
#1300 = DIRECTION('',(-1.,0.,0.));
#1301 = DIRECTION('',(0.,1.,0.));
#1302 = ADVANCED_FACE('',(#1303),#1321,.T.);
#1303 = FACE_BOUND('',#1304,.T.);
#1304 = EDGE_LOOP('',(#1305,#1306,#1314,#1320));
#1305 = ORIENTED_EDGE('',*,*,#625,.F.);
#1306 = ORIENTED_EDGE('',*,*,#1307,.T.);
#1307 = EDGE_CURVE('',#618,#1308,#1310,.T.);
#1308 = VERTEX_POINT('',#1309);
#1309 = CARTESIAN_POINT('',(15.,-17.3486315613,4.));
#1310 = LINE('',#1311,#1312);
#1311 = CARTESIAN_POINT('',(15.,-17.3486315613,-0.1));
#1312 = VECTOR('',#1313,1.);
#1313 = DIRECTION('',(0.,0.,1.));
#1314 = ORIENTED_EDGE('',*,*,#1315,.T.);
#1315 = EDGE_CURVE('',#1308,#1277,#1316,.T.);
#1316 = LINE('',#1317,#1318);
#1317 = CARTESIAN_POINT('',(15.,-17.3486315613,4.));
#1318 = VECTOR('',#1319,1.);
#1319 = DIRECTION('',(0.866025403784,0.5,0.));
#1320 = ORIENTED_EDGE('',*,*,#1276,.F.);
#1321 = PLANE('',#1322);
#1322 = AXIS2_PLACEMENT_3D('',#1323,#1324,#1325);
#1323 = CARTESIAN_POINT('',(15.,-17.3486315613,-0.1));
#1324 = DIRECTION('',(-0.5,0.866025403784,0.));
#1325 = DIRECTION('',(0.866025403784,0.5,0.));
#1326 = ADVANCED_FACE('',(#1327),#1345,.T.);
#1327 = FACE_BOUND('',#1328,.T.);
#1328 = EDGE_LOOP('',(#1329,#1330,#1331,#1339));
#1329 = ORIENTED_EDGE('',*,*,#593,.F.);
#1330 = ORIENTED_EDGE('',*,*,#1292,.T.);
#1331 = ORIENTED_EDGE('',*,*,#1332,.T.);
#1332 = EDGE_CURVE('',#1285,#1333,#1335,.T.);
#1333 = VERTEX_POINT('',#1334);
#1334 = CARTESIAN_POINT('',(15.,-10.6513684387,4.));
#1335 = LINE('',#1336,#1337);
#1336 = CARTESIAN_POINT('',(17.9,-12.32568421935,4.));
#1337 = VECTOR('',#1338,1.);
#1338 = DIRECTION('',(-0.866025403784,0.5,0.));
#1339 = ORIENTED_EDGE('',*,*,#1340,.F.);
#1340 = EDGE_CURVE('',#594,#1333,#1341,.T.);
#1341 = LINE('',#1342,#1343);
#1342 = CARTESIAN_POINT('',(15.,-10.6513684387,-0.1));
#1343 = VECTOR('',#1344,1.);
#1344 = DIRECTION('',(0.,0.,1.));
#1345 = PLANE('',#1346);
#1346 = AXIS2_PLACEMENT_3D('',#1347,#1348,#1349);
#1347 = CARTESIAN_POINT('',(17.9,-12.32568421935,-0.1));
#1348 = DIRECTION('',(-0.5,-0.866025403784,0.));
#1349 = DIRECTION('',(-0.866025403784,0.5,0.));
#1350 = ADVANCED_FACE('',(#1351),#1369,.T.);
#1351 = FACE_BOUND('',#1352,.T.);
#1352 = EDGE_LOOP('',(#1353,#1354,#1362,#1368));
#1353 = ORIENTED_EDGE('',*,*,#617,.F.);
#1354 = ORIENTED_EDGE('',*,*,#1355,.T.);
#1355 = EDGE_CURVE('',#610,#1356,#1358,.T.);
#1356 = VERTEX_POINT('',#1357);
#1357 = CARTESIAN_POINT('',(12.1,-15.67431578065,4.));
#1358 = LINE('',#1359,#1360);
#1359 = CARTESIAN_POINT('',(12.1,-15.67431578065,-0.1));
#1360 = VECTOR('',#1361,1.);
#1361 = DIRECTION('',(0.,0.,1.));
#1362 = ORIENTED_EDGE('',*,*,#1363,.T.);
#1363 = EDGE_CURVE('',#1356,#1308,#1364,.T.);
#1364 = LINE('',#1365,#1366);
#1365 = CARTESIAN_POINT('',(12.1,-15.67431578065,4.));
#1366 = VECTOR('',#1367,1.);
#1367 = DIRECTION('',(0.866025403784,-0.5,0.));
#1368 = ORIENTED_EDGE('',*,*,#1307,.F.);
#1369 = PLANE('',#1370);
#1370 = AXIS2_PLACEMENT_3D('',#1371,#1372,#1373);
#1371 = CARTESIAN_POINT('',(12.1,-15.67431578065,-0.1));
#1372 = DIRECTION('',(0.5,0.866025403784,0.));
#1373 = DIRECTION('',(0.866025403784,-0.5,0.));
#1374 = ADVANCED_FACE('',(#1375),#1393,.T.);
#1375 = FACE_BOUND('',#1376,.T.);
#1376 = EDGE_LOOP('',(#1377,#1378,#1379,#1387));
#1377 = ORIENTED_EDGE('',*,*,#601,.F.);
#1378 = ORIENTED_EDGE('',*,*,#1340,.T.);
#1379 = ORIENTED_EDGE('',*,*,#1380,.T.);
#1380 = EDGE_CURVE('',#1333,#1381,#1383,.T.);
#1381 = VERTEX_POINT('',#1382);
#1382 = CARTESIAN_POINT('',(12.1,-12.32568421935,4.));
#1383 = LINE('',#1384,#1385);
#1384 = CARTESIAN_POINT('',(15.,-10.6513684387,4.));
#1385 = VECTOR('',#1386,1.);
#1386 = DIRECTION('',(-0.866025403784,-0.5,0.));
#1387 = ORIENTED_EDGE('',*,*,#1388,.F.);
#1388 = EDGE_CURVE('',#602,#1381,#1389,.T.);
#1389 = LINE('',#1390,#1391);
#1390 = CARTESIAN_POINT('',(12.1,-12.32568421935,-0.1));
#1391 = VECTOR('',#1392,1.);
#1392 = DIRECTION('',(0.,0.,1.));
#1393 = PLANE('',#1394);
#1394 = AXIS2_PLACEMENT_3D('',#1395,#1396,#1397);
#1395 = CARTESIAN_POINT('',(15.,-10.6513684387,-0.1));
#1396 = DIRECTION('',(0.5,-0.866025403784,0.));
#1397 = DIRECTION('',(-0.866025403784,-0.5,0.));
#1398 = ADVANCED_FACE('',(#1399),#1410,.T.);
#1399 = FACE_BOUND('',#1400,.T.);
#1400 = EDGE_LOOP('',(#1401,#1402,#1403,#1409));
#1401 = ORIENTED_EDGE('',*,*,#609,.F.);
#1402 = ORIENTED_EDGE('',*,*,#1388,.T.);
#1403 = ORIENTED_EDGE('',*,*,#1404,.T.);
#1404 = EDGE_CURVE('',#1381,#1356,#1405,.T.);
#1405 = LINE('',#1406,#1407);
#1406 = CARTESIAN_POINT('',(12.1,-12.32568421935,4.));
#1407 = VECTOR('',#1408,1.);
#1408 = DIRECTION('',(0.,-1.,0.));
#1409 = ORIENTED_EDGE('',*,*,#1355,.F.);
#1410 = PLANE('',#1411);
#1411 = AXIS2_PLACEMENT_3D('',#1412,#1413,#1414);
#1412 = CARTESIAN_POINT('',(12.1,-12.32568421935,-0.1));
#1413 = DIRECTION('',(1.,0.,0.));
#1414 = DIRECTION('',(0.,-1.,0.));
#1415 = ADVANCED_FACE('',(#1416),#1441,.T.);
#1416 = FACE_BOUND('',#1417,.T.);
#1417 = EDGE_LOOP('',(#1418,#1419,#1427,#1435));
#1418 = ORIENTED_EDGE('',*,*,#645,.F.);
#1419 = ORIENTED_EDGE('',*,*,#1420,.T.);
#1420 = EDGE_CURVE('',#646,#1421,#1423,.T.);
#1421 = VERTEX_POINT('',#1422);
#1422 = CARTESIAN_POINT('',(-12.1,-15.67431578065,4.));
#1423 = LINE('',#1424,#1425);
#1424 = CARTESIAN_POINT('',(-12.1,-15.67431578065,-0.1));
#1425 = VECTOR('',#1426,1.);
#1426 = DIRECTION('',(0.,0.,1.));
#1427 = ORIENTED_EDGE('',*,*,#1428,.T.);
#1428 = EDGE_CURVE('',#1421,#1429,#1431,.T.);
#1429 = VERTEX_POINT('',#1430);
#1430 = CARTESIAN_POINT('',(-12.1,-12.32568421935,4.));
#1431 = LINE('',#1432,#1433);
#1432 = CARTESIAN_POINT('',(-12.1,-15.67431578065,4.));
#1433 = VECTOR('',#1434,1.);
#1434 = DIRECTION('',(5.304724652093E-16,1.,0.));
#1435 = ORIENTED_EDGE('',*,*,#1436,.F.);
#1436 = EDGE_CURVE('',#648,#1429,#1437,.T.);
#1437 = LINE('',#1438,#1439);
#1438 = CARTESIAN_POINT('',(-12.1,-12.32568421935,-0.1));
#1439 = VECTOR('',#1440,1.);
#1440 = DIRECTION('',(0.,0.,1.));
#1441 = PLANE('',#1442);
#1442 = AXIS2_PLACEMENT_3D('',#1443,#1444,#1445);
#1443 = CARTESIAN_POINT('',(-12.1,-15.67431578065,-0.1));
#1444 = DIRECTION('',(-1.,5.304724652093E-16,0.));
#1445 = DIRECTION('',(5.304724652093E-16,1.,0.));
#1446 = ADVANCED_FACE('',(#1447),#1465,.T.);
#1447 = FACE_BOUND('',#1448,.T.);
#1448 = EDGE_LOOP('',(#1449,#1450,#1458,#1464));
#1449 = ORIENTED_EDGE('',*,*,#687,.F.);
#1450 = ORIENTED_EDGE('',*,*,#1451,.T.);
#1451 = EDGE_CURVE('',#680,#1452,#1454,.T.);
#1452 = VERTEX_POINT('',#1453);
#1453 = CARTESIAN_POINT('',(-15.,-17.3486315613,4.));
#1454 = LINE('',#1455,#1456);
#1455 = CARTESIAN_POINT('',(-15.,-17.3486315613,-0.1));
#1456 = VECTOR('',#1457,1.);
#1457 = DIRECTION('',(0.,0.,1.));
#1458 = ORIENTED_EDGE('',*,*,#1459,.T.);
#1459 = EDGE_CURVE('',#1452,#1421,#1460,.T.);
#1460 = LINE('',#1461,#1462);
#1461 = CARTESIAN_POINT('',(-15.,-17.3486315613,4.));
#1462 = VECTOR('',#1463,1.);
#1463 = DIRECTION('',(0.866025403784,0.5,0.));
#1464 = ORIENTED_EDGE('',*,*,#1420,.F.);
#1465 = PLANE('',#1466);
#1466 = AXIS2_PLACEMENT_3D('',#1467,#1468,#1469);
#1467 = CARTESIAN_POINT('',(-15.,-17.3486315613,-0.1));
#1468 = DIRECTION('',(-0.5,0.866025403784,0.));
#1469 = DIRECTION('',(0.866025403784,0.5,0.));
#1470 = ADVANCED_FACE('',(#1471),#1489,.T.);
#1471 = FACE_BOUND('',#1472,.T.);
#1472 = EDGE_LOOP('',(#1473,#1474,#1475,#1483));
#1473 = ORIENTED_EDGE('',*,*,#655,.F.);
#1474 = ORIENTED_EDGE('',*,*,#1436,.T.);
#1475 = ORIENTED_EDGE('',*,*,#1476,.T.);
#1476 = EDGE_CURVE('',#1429,#1477,#1479,.T.);
#1477 = VERTEX_POINT('',#1478);
#1478 = CARTESIAN_POINT('',(-15.,-10.6513684387,4.));
#1479 = LINE('',#1480,#1481);
#1480 = CARTESIAN_POINT('',(-12.1,-12.32568421935,4.));
#1481 = VECTOR('',#1482,1.);
#1482 = DIRECTION('',(-0.866025403784,0.5,0.));
#1483 = ORIENTED_EDGE('',*,*,#1484,.F.);
#1484 = EDGE_CURVE('',#656,#1477,#1485,.T.);
#1485 = LINE('',#1486,#1487);
#1486 = CARTESIAN_POINT('',(-15.,-10.6513684387,-0.1));
#1487 = VECTOR('',#1488,1.);
#1488 = DIRECTION('',(0.,0.,1.));
#1489 = PLANE('',#1490);
#1490 = AXIS2_PLACEMENT_3D('',#1491,#1492,#1493);
#1491 = CARTESIAN_POINT('',(-12.1,-12.32568421935,-0.1));
#1492 = DIRECTION('',(-0.5,-0.866025403784,0.));
#1493 = DIRECTION('',(-0.866025403784,0.5,0.));
#1494 = ADVANCED_FACE('',(#1495),#1513,.T.);
#1495 = FACE_BOUND('',#1496,.T.);
#1496 = EDGE_LOOP('',(#1497,#1498,#1506,#1512));
#1497 = ORIENTED_EDGE('',*,*,#679,.F.);
#1498 = ORIENTED_EDGE('',*,*,#1499,.T.);
#1499 = EDGE_CURVE('',#672,#1500,#1502,.T.);
#1500 = VERTEX_POINT('',#1501);
#1501 = CARTESIAN_POINT('',(-17.9,-15.67431578065,4.));
#1502 = LINE('',#1503,#1504);
#1503 = CARTESIAN_POINT('',(-17.9,-15.67431578065,-0.1));
#1504 = VECTOR('',#1505,1.);
#1505 = DIRECTION('',(0.,0.,1.));
#1506 = ORIENTED_EDGE('',*,*,#1507,.T.);
#1507 = EDGE_CURVE('',#1500,#1452,#1508,.T.);
#1508 = LINE('',#1509,#1510);
#1509 = CARTESIAN_POINT('',(-17.9,-15.67431578065,4.));
#1510 = VECTOR('',#1511,1.);
#1511 = DIRECTION('',(0.866025403784,-0.5,0.));
#1512 = ORIENTED_EDGE('',*,*,#1451,.F.);
#1513 = PLANE('',#1514);
#1514 = AXIS2_PLACEMENT_3D('',#1515,#1516,#1517);
#1515 = CARTESIAN_POINT('',(-17.9,-15.67431578065,-0.1));
#1516 = DIRECTION('',(0.5,0.866025403784,0.));
#1517 = DIRECTION('',(0.866025403784,-0.5,0.));
#1518 = ADVANCED_FACE('',(#1519),#1537,.T.);
#1519 = FACE_BOUND('',#1520,.T.);
#1520 = EDGE_LOOP('',(#1521,#1522,#1523,#1531));
#1521 = ORIENTED_EDGE('',*,*,#663,.F.);
#1522 = ORIENTED_EDGE('',*,*,#1484,.T.);
#1523 = ORIENTED_EDGE('',*,*,#1524,.T.);
#1524 = EDGE_CURVE('',#1477,#1525,#1527,.T.);
#1525 = VERTEX_POINT('',#1526);
#1526 = CARTESIAN_POINT('',(-17.9,-12.32568421935,4.));
#1527 = LINE('',#1528,#1529);
#1528 = CARTESIAN_POINT('',(-15.,-10.6513684387,4.));
#1529 = VECTOR('',#1530,1.);
#1530 = DIRECTION('',(-0.866025403784,-0.5,0.));
#1531 = ORIENTED_EDGE('',*,*,#1532,.F.);
#1532 = EDGE_CURVE('',#664,#1525,#1533,.T.);
#1533 = LINE('',#1534,#1535);
#1534 = CARTESIAN_POINT('',(-17.9,-12.32568421935,-0.1));
#1535 = VECTOR('',#1536,1.);
#1536 = DIRECTION('',(0.,0.,1.));
#1537 = PLANE('',#1538);
#1538 = AXIS2_PLACEMENT_3D('',#1539,#1540,#1541);
#1539 = CARTESIAN_POINT('',(-15.,-10.6513684387,-0.1));
#1540 = DIRECTION('',(0.5,-0.866025403784,0.));
#1541 = DIRECTION('',(-0.866025403784,-0.5,0.));
#1542 = ADVANCED_FACE('',(#1543),#1554,.T.);
#1543 = FACE_BOUND('',#1544,.T.);
#1544 = EDGE_LOOP('',(#1545,#1546,#1547,#1553));
#1545 = ORIENTED_EDGE('',*,*,#671,.F.);
#1546 = ORIENTED_EDGE('',*,*,#1532,.T.);
#1547 = ORIENTED_EDGE('',*,*,#1548,.T.);
#1548 = EDGE_CURVE('',#1525,#1500,#1549,.T.);
#1549 = LINE('',#1550,#1551);
#1550 = CARTESIAN_POINT('',(-17.9,-12.32568421935,4.));
#1551 = VECTOR('',#1552,1.);
#1552 = DIRECTION('',(0.,-1.,0.));
#1553 = ORIENTED_EDGE('',*,*,#1499,.F.);
#1554 = PLANE('',#1555);
#1555 = AXIS2_PLACEMENT_3D('',#1556,#1557,#1558);
#1556 = CARTESIAN_POINT('',(-17.9,-12.32568421935,-0.1));
#1557 = DIRECTION('',(1.,0.,0.));
#1558 = DIRECTION('',(0.,-1.,0.));
#1559 = ADVANCED_FACE('',(#1560),#1579,.F.);
#1560 = FACE_BOUND('',#1561,.F.);
#1561 = EDGE_LOOP('',(#1562,#1571,#1577,#1578));
#1562 = ORIENTED_EDGE('',*,*,#1563,.F.);
#1563 = EDGE_CURVE('',#1564,#1564,#1566,.T.);
#1564 = VERTEX_POINT('',#1565);
#1565 = CARTESIAN_POINT('',(3.25,25.,5.5));
#1566 = CIRCLE('',#1567,3.25);
#1567 = AXIS2_PLACEMENT_3D('',#1568,#1569,#1570);
#1568 = CARTESIAN_POINT('',(0.,25.,5.5));
#1569 = DIRECTION('',(0.,0.,1.));
#1570 = DIRECTION('',(1.,0.,0.));
#1571 = ORIENTED_EDGE('',*,*,#1572,.F.);
#1572 = EDGE_CURVE('',#702,#1564,#1573,.T.);
#1573 = LINE('',#1574,#1575);
#1574 = CARTESIAN_POINT('',(3.25,25.,-0.1));
#1575 = VECTOR('',#1576,1.);
#1576 = DIRECTION('',(0.,0.,1.));
#1577 = ORIENTED_EDGE('',*,*,#701,.T.);
#1578 = ORIENTED_EDGE('',*,*,#1572,.T.);
#1579 = CYLINDRICAL_SURFACE('',#1580,3.25);
#1580 = AXIS2_PLACEMENT_3D('',#1581,#1582,#1583);
#1581 = CARTESIAN_POINT('',(0.,25.,-0.1));
#1582 = DIRECTION('',(0.,0.,1.));
#1583 = DIRECTION('',(1.,0.,0.));
#1584 = ADVANCED_FACE('',(#1585,#1666,#1677,#1688,#1691),#1694,.T.);
#1585 = FACE_BOUND('',#1586,.T.);
#1586 = EDGE_LOOP('',(#1587,#1598,#1605,#1606,#1615,#1622,#1623,#1632,
    #1641,#1650,#1659));
#1587 = ORIENTED_EDGE('',*,*,#1588,.T.);
#1588 = EDGE_CURVE('',#1589,#1591,#1593,.T.);
#1589 = VERTEX_POINT('',#1590);
#1590 = CARTESIAN_POINT('',(16.004857279357,-9.767652914974,5.5));
#1591 = VERTEX_POINT('',#1592);
#1592 = CARTESIAN_POINT('',(18.75,0.,5.5));
#1593 = CIRCLE('',#1594,18.75);
#1594 = AXIS2_PLACEMENT_3D('',#1595,#1596,#1597);
#1595 = CARTESIAN_POINT('',(0.,0.,5.5));
#1596 = DIRECTION('',(0.,0.,1.));
#1597 = DIRECTION('',(1.,0.,0.));
#1598 = ORIENTED_EDGE('',*,*,#1599,.T.);
#1599 = EDGE_CURVE('',#1591,#906,#1600,.T.);
#1600 = CIRCLE('',#1601,18.75);
#1601 = AXIS2_PLACEMENT_3D('',#1602,#1603,#1604);
#1602 = CARTESIAN_POINT('',(0.,0.,5.5));
#1603 = DIRECTION('',(0.,0.,1.));
#1604 = DIRECTION('',(1.,0.,0.));
#1605 = ORIENTED_EDGE('',*,*,#928,.T.);
#1606 = ORIENTED_EDGE('',*,*,#1607,.T.);
#1607 = EDGE_CURVE('',#929,#1608,#1610,.T.);
#1608 = VERTEX_POINT('',#1609);
#1609 = CARTESIAN_POINT('',(6.05,25.,5.5));
#1610 = CIRCLE('',#1611,6.05);
#1611 = AXIS2_PLACEMENT_3D('',#1612,#1613,#1614);
#1612 = CARTESIAN_POINT('',(0.,25.,5.5));
#1613 = DIRECTION('',(0.,0.,1.));
#1614 = DIRECTION('',(1.,0.,0.));
#1615 = ORIENTED_EDGE('',*,*,#1616,.T.);
#1616 = EDGE_CURVE('',#1608,#1203,#1617,.T.);
#1617 = CIRCLE('',#1618,6.05);
#1618 = AXIS2_PLACEMENT_3D('',#1619,#1620,#1621);
#1619 = CARTESIAN_POINT('',(0.,25.,5.5));
#1620 = DIRECTION('',(0.,0.,1.));
#1621 = DIRECTION('',(1.,0.,0.));
#1622 = ORIENTED_EDGE('',*,*,#1229,.T.);
#1623 = ORIENTED_EDGE('',*,*,#1624,.T.);
#1624 = EDGE_CURVE('',#1230,#1625,#1627,.T.);
#1625 = VERTEX_POINT('',#1626);
#1626 = CARTESIAN_POINT('',(-16.00485727935,-9.767652914975,5.5));
#1627 = CIRCLE('',#1628,18.75);
#1628 = AXIS2_PLACEMENT_3D('',#1629,#1630,#1631);
#1629 = CARTESIAN_POINT('',(0.,0.,5.5));
#1630 = DIRECTION('',(0.,0.,1.));
#1631 = DIRECTION('',(1.,0.,0.));
#1632 = ORIENTED_EDGE('',*,*,#1633,.T.);
#1633 = EDGE_CURVE('',#1625,#1634,#1636,.T.);
#1634 = VERTEX_POINT('',#1635);
#1635 = CARTESIAN_POINT('',(-10.84692419332,-15.29400979286,5.5));
#1636 = CIRCLE('',#1637,4.35);
#1637 = AXIS2_PLACEMENT_3D('',#1638,#1639,#1640);
#1638 = CARTESIAN_POINT('',(-15.,-14.,5.5));
#1639 = DIRECTION('',(0.,0.,1.));
#1640 = DIRECTION('',(1.,0.,0.));
#1641 = ORIENTED_EDGE('',*,*,#1642,.T.);
#1642 = EDGE_CURVE('',#1634,#1643,#1645,.T.);
#1643 = VERTEX_POINT('',#1644);
#1644 = CARTESIAN_POINT('',(10.846924193327,-15.29400979286,5.5));
#1645 = CIRCLE('',#1646,18.75);
#1646 = AXIS2_PLACEMENT_3D('',#1647,#1648,#1649);
#1647 = CARTESIAN_POINT('',(0.,0.,5.5));
#1648 = DIRECTION('',(0.,0.,1.));
#1649 = DIRECTION('',(1.,0.,0.));
#1650 = ORIENTED_EDGE('',*,*,#1651,.T.);
#1651 = EDGE_CURVE('',#1643,#1652,#1654,.T.);
#1652 = VERTEX_POINT('',#1653);
#1653 = CARTESIAN_POINT('',(19.35,-14.,5.5));
#1654 = CIRCLE('',#1655,4.35);
#1655 = AXIS2_PLACEMENT_3D('',#1656,#1657,#1658);
#1656 = CARTESIAN_POINT('',(15.,-14.,5.5));
#1657 = DIRECTION('',(0.,0.,1.));
#1658 = DIRECTION('',(1.,0.,0.));
#1659 = ORIENTED_EDGE('',*,*,#1660,.T.);
#1660 = EDGE_CURVE('',#1652,#1589,#1661,.T.);
#1661 = CIRCLE('',#1662,4.35);
#1662 = AXIS2_PLACEMENT_3D('',#1663,#1664,#1665);
#1663 = CARTESIAN_POINT('',(15.,-14.,5.5));
#1664 = DIRECTION('',(0.,0.,1.));
#1665 = DIRECTION('',(1.,0.,0.));
#1666 = FACE_BOUND('',#1667,.T.);
#1667 = EDGE_LOOP('',(#1668));
#1668 = ORIENTED_EDGE('',*,*,#1669,.F.);
#1669 = EDGE_CURVE('',#1670,#1670,#1672,.T.);
#1670 = VERTEX_POINT('',#1671);
#1671 = CARTESIAN_POINT('',(-13.3,-14.,5.5));
#1672 = CIRCLE('',#1673,1.7);
#1673 = AXIS2_PLACEMENT_3D('',#1674,#1675,#1676);
#1674 = CARTESIAN_POINT('',(-15.,-14.,5.5));
#1675 = DIRECTION('',(0.,0.,1.));
#1676 = DIRECTION('',(1.,0.,0.));
#1677 = FACE_BOUND('',#1678,.T.);
#1678 = EDGE_LOOP('',(#1679));
#1679 = ORIENTED_EDGE('',*,*,#1680,.F.);
#1680 = EDGE_CURVE('',#1681,#1681,#1683,.T.);
#1681 = VERTEX_POINT('',#1682);
#1682 = CARTESIAN_POINT('',(16.7,-14.,5.5));
#1683 = CIRCLE('',#1684,1.7);
#1684 = AXIS2_PLACEMENT_3D('',#1685,#1686,#1687);
#1685 = CARTESIAN_POINT('',(15.,-14.,5.5));
#1686 = DIRECTION('',(0.,0.,1.));
#1687 = DIRECTION('',(1.,0.,0.));
#1688 = FACE_BOUND('',#1689,.T.);
#1689 = EDGE_LOOP('',(#1690));
#1690 = ORIENTED_EDGE('',*,*,#727,.F.);
#1691 = FACE_BOUND('',#1692,.T.);
#1692 = EDGE_LOOP('',(#1693));
#1693 = ORIENTED_EDGE('',*,*,#1563,.F.);
#1694 = PLANE('',#1695);
#1695 = AXIS2_PLACEMENT_3D('',#1696,#1697,#1698);
#1696 = CARTESIAN_POINT('',(0.212724845925,1.578919062313,5.5));
#1697 = DIRECTION('',(0.,0.,1.));
#1698 = DIRECTION('',(1.,0.,0.));
#1699 = ADVANCED_FACE('',(#1700),#1729,.T.);
#1700 = FACE_BOUND('',#1701,.T.);
#1701 = EDGE_LOOP('',(#1702,#1703,#1704,#1713,#1722,#1728));
#1702 = ORIENTED_EDGE('',*,*,#817,.T.);
#1703 = ORIENTED_EDGE('',*,*,#897,.T.);
#1704 = ORIENTED_EDGE('',*,*,#1705,.F.);
#1705 = EDGE_CURVE('',#1706,#898,#1708,.T.);
#1706 = VERTEX_POINT('',#1707);
#1707 = CARTESIAN_POINT('',(19.2,0.,5.05));
#1708 = CIRCLE('',#1709,19.2);
#1709 = AXIS2_PLACEMENT_3D('',#1710,#1711,#1712);
#1710 = CARTESIAN_POINT('',(0.,0.,5.05));
#1711 = DIRECTION('',(0.,0.,1.));
#1712 = DIRECTION('',(1.,0.,0.));
#1713 = ORIENTED_EDGE('',*,*,#1714,.F.);
#1714 = EDGE_CURVE('',#1715,#1706,#1717,.T.);
#1715 = VERTEX_POINT('',#1716);
#1716 = CARTESIAN_POINT('',(16.682450177007,-9.504517667492,5.05));
#1717 = CIRCLE('',#1718,19.2);
#1718 = AXIS2_PLACEMENT_3D('',#1719,#1720,#1721);
#1719 = CARTESIAN_POINT('',(0.,0.,5.05));
#1720 = DIRECTION('',(0.,0.,1.));
#1721 = DIRECTION('',(1.,0.,0.));
#1722 = ORIENTED_EDGE('',*,*,#1723,.F.);
#1723 = EDGE_CURVE('',#744,#1715,#1724,.T.);
#1724 = LINE('',#1725,#1726);
#1725 = CARTESIAN_POINT('',(16.682450177007,-9.504517667492,0.));
#1726 = VECTOR('',#1727,1.);
#1727 = DIRECTION('',(0.,0.,1.));
#1728 = ORIENTED_EDGE('',*,*,#743,.T.);
#1729 = CYLINDRICAL_SURFACE('',#1730,19.2);
#1730 = AXIS2_PLACEMENT_3D('',#1731,#1732,#1733);
#1731 = CARTESIAN_POINT('',(0.,0.,0.));
#1732 = DIRECTION('',(0.,0.,1.));
#1733 = DIRECTION('',(1.,0.,0.));
#1734 = ADVANCED_FACE('',(#1735),#1764,.T.);
#1735 = FACE_BOUND('',#1736,.T.);
#1736 = EDGE_LOOP('',(#1737,#1748,#1754,#1755,#1756,#1757));
#1737 = ORIENTED_EDGE('',*,*,#1738,.F.);
#1738 = EDGE_CURVE('',#1739,#1741,#1743,.T.);
#1739 = VERTEX_POINT('',#1740);
#1740 = CARTESIAN_POINT('',(10.631089015392,-15.98811891208,5.05));
#1741 = VERTEX_POINT('',#1742);
#1742 = CARTESIAN_POINT('',(19.8,-14.,5.05));
#1743 = CIRCLE('',#1744,4.8);
#1744 = AXIS2_PLACEMENT_3D('',#1745,#1746,#1747);
#1745 = CARTESIAN_POINT('',(15.,-14.,5.05));
#1746 = DIRECTION('',(0.,0.,1.));
#1747 = DIRECTION('',(1.,0.,0.));
#1748 = ORIENTED_EDGE('',*,*,#1749,.F.);
#1749 = EDGE_CURVE('',#857,#1739,#1750,.T.);
#1750 = LINE('',#1751,#1752);
#1751 = CARTESIAN_POINT('',(10.631089015392,-15.98811891208,0.));
#1752 = VECTOR('',#1753,1.);
#1753 = DIRECTION('',(0.,0.,1.));
#1754 = ORIENTED_EDGE('',*,*,#856,.T.);
#1755 = ORIENTED_EDGE('',*,*,#800,.T.);
#1756 = ORIENTED_EDGE('',*,*,#1723,.T.);
#1757 = ORIENTED_EDGE('',*,*,#1758,.F.);
#1758 = EDGE_CURVE('',#1741,#1715,#1759,.T.);
#1759 = CIRCLE('',#1760,4.8);
#1760 = AXIS2_PLACEMENT_3D('',#1761,#1762,#1763);
#1761 = CARTESIAN_POINT('',(15.,-14.,5.05));
#1762 = DIRECTION('',(0.,0.,1.));
#1763 = DIRECTION('',(1.,0.,0.));
#1764 = CYLINDRICAL_SURFACE('',#1765,4.8);
#1765 = AXIS2_PLACEMENT_3D('',#1766,#1767,#1768);
#1766 = CARTESIAN_POINT('',(15.,-14.,0.));
#1767 = DIRECTION('',(0.,0.,1.));
#1768 = DIRECTION('',(1.,0.,0.));
#1769 = ADVANCED_FACE('',(#1770),#1792,.T.);
#1770 = FACE_BOUND('',#1771,.T.);
#1771 = EDGE_LOOP('',(#1772,#1773,#1774,#1783,#1790,#1791));
#1772 = ORIENTED_EDGE('',*,*,#1109,.T.);
#1773 = ORIENTED_EDGE('',*,*,#1194,.T.);
#1774 = ORIENTED_EDGE('',*,*,#1775,.F.);
#1775 = EDGE_CURVE('',#1776,#1195,#1778,.T.);
#1776 = VERTEX_POINT('',#1777);
#1777 = CARTESIAN_POINT('',(6.5,25.,5.05));
#1778 = CIRCLE('',#1779,6.5);
#1779 = AXIS2_PLACEMENT_3D('',#1780,#1781,#1782);
#1780 = CARTESIAN_POINT('',(0.,25.,5.05));
#1781 = DIRECTION('',(0.,0.,1.));
#1782 = DIRECTION('',(1.,0.,0.));
#1783 = ORIENTED_EDGE('',*,*,#1784,.F.);
#1784 = EDGE_CURVE('',#937,#1776,#1785,.T.);
#1785 = CIRCLE('',#1786,6.5);
#1786 = AXIS2_PLACEMENT_3D('',#1787,#1788,#1789);
#1787 = CARTESIAN_POINT('',(0.,25.,5.05));
#1788 = DIRECTION('',(0.,0.,1.));
#1789 = DIRECTION('',(1.,0.,0.));
#1790 = ORIENTED_EDGE('',*,*,#963,.F.);
#1791 = ORIENTED_EDGE('',*,*,#1043,.T.);
#1792 = CYLINDRICAL_SURFACE('',#1793,6.5);
#1793 = AXIS2_PLACEMENT_3D('',#1794,#1795,#1796);
#1794 = CARTESIAN_POINT('',(0.,25.,0.));
#1795 = DIRECTION('',(0.,0.,1.));
#1796 = DIRECTION('',(1.,0.,0.));
#1797 = ADVANCED_FACE('',(#1798),#1810,.T.);
#1798 = FACE_BOUND('',#1799,.T.);
#1799 = EDGE_LOOP('',(#1800,#1801,#1808,#1809));
#1800 = ORIENTED_EDGE('',*,*,#1784,.T.);
#1801 = ORIENTED_EDGE('',*,*,#1802,.T.);
#1802 = EDGE_CURVE('',#1776,#1608,#1803,.T.);
#1803 = CIRCLE('',#1804,0.45);
#1804 = AXIS2_PLACEMENT_3D('',#1805,#1806,#1807);
#1805 = CARTESIAN_POINT('',(6.05,25.,5.05));
#1806 = DIRECTION('',(0.,-1.,0.));
#1807 = DIRECTION('',(1.,0.,0.));
#1808 = ORIENTED_EDGE('',*,*,#1607,.F.);
#1809 = ORIENTED_EDGE('',*,*,#936,.F.);
#1810 = TOROIDAL_SURFACE('',#1811,6.05,0.45);
#1811 = AXIS2_PLACEMENT_3D('',#1812,#1813,#1814);
#1812 = CARTESIAN_POINT('',(0.,25.,5.05));
#1813 = DIRECTION('',(0.,0.,1.));
#1814 = DIRECTION('',(1.,0.,0.));
#1815 = ADVANCED_FACE('',(#1816),#1828,.T.);
#1816 = FACE_BOUND('',#1817,.T.);
#1817 = EDGE_LOOP('',(#1818,#1825,#1826,#1827));
#1818 = ORIENTED_EDGE('',*,*,#1819,.F.);
#1819 = EDGE_CURVE('',#1706,#1591,#1820,.T.);
#1820 = CIRCLE('',#1821,0.45);
#1821 = AXIS2_PLACEMENT_3D('',#1822,#1823,#1824);
#1822 = CARTESIAN_POINT('',(18.75,0.,5.05));
#1823 = DIRECTION('',(0.,-1.,0.));
#1824 = DIRECTION('',(1.,0.,0.));
#1825 = ORIENTED_EDGE('',*,*,#1705,.T.);
#1826 = ORIENTED_EDGE('',*,*,#905,.T.);
#1827 = ORIENTED_EDGE('',*,*,#1599,.F.);
#1828 = TOROIDAL_SURFACE('',#1829,18.75,0.45);
#1829 = AXIS2_PLACEMENT_3D('',#1830,#1831,#1832);
#1830 = CARTESIAN_POINT('',(0.,0.,5.05));
#1831 = DIRECTION('',(0.,0.,1.));
#1832 = DIRECTION('',(1.,0.,0.));
#1833 = ADVANCED_FACE('',(#1834),#1853,.T.);
#1834 = FACE_BOUND('',#1835,.T.);
#1835 = EDGE_LOOP('',(#1836,#1837,#1838,#1847));
#1836 = ORIENTED_EDGE('',*,*,#1004,.T.);
#1837 = ORIENTED_EDGE('',*,*,#1749,.T.);
#1838 = ORIENTED_EDGE('',*,*,#1839,.F.);
#1839 = EDGE_CURVE('',#1840,#1739,#1842,.T.);
#1840 = VERTEX_POINT('',#1841);
#1841 = CARTESIAN_POINT('',(-10.63108901539,-15.98811891208,5.05));
#1842 = CIRCLE('',#1843,19.2);
#1843 = AXIS2_PLACEMENT_3D('',#1844,#1845,#1846);
#1844 = CARTESIAN_POINT('',(0.,0.,5.05));
#1845 = DIRECTION('',(0.,0.,1.));
#1846 = DIRECTION('',(1.,0.,0.));
#1847 = ORIENTED_EDGE('',*,*,#1848,.F.);
#1848 = EDGE_CURVE('',#1005,#1840,#1849,.T.);
#1849 = LINE('',#1850,#1851);
#1850 = CARTESIAN_POINT('',(-10.63108901539,-15.98811891208,0.));
#1851 = VECTOR('',#1852,1.);
#1852 = DIRECTION('',(0.,0.,1.));
#1853 = CYLINDRICAL_SURFACE('',#1854,19.2);
#1854 = AXIS2_PLACEMENT_3D('',#1855,#1856,#1857);
#1855 = CARTESIAN_POINT('',(0.,0.,0.));
#1856 = DIRECTION('',(0.,0.,1.));
#1857 = DIRECTION('',(1.,0.,0.));
#1858 = ADVANCED_FACE('',(#1859),#1878,.T.);
#1859 = FACE_BOUND('',#1860,.T.);
#1860 = EDGE_LOOP('',(#1861,#1869,#1870,#1871));
#1861 = ORIENTED_EDGE('',*,*,#1862,.F.);
#1862 = EDGE_CURVE('',#1070,#1863,#1865,.T.);
#1863 = VERTEX_POINT('',#1864);
#1864 = CARTESIAN_POINT('',(-16.682450177,-9.504517667492,5.05));
#1865 = LINE('',#1866,#1867);
#1866 = CARTESIAN_POINT('',(-16.682450177,-9.504517667492,0.));
#1867 = VECTOR('',#1868,1.);
#1868 = DIRECTION('',(0.,0.,1.));
#1869 = ORIENTED_EDGE('',*,*,#1091,.T.);
#1870 = ORIENTED_EDGE('',*,*,#1848,.T.);
#1871 = ORIENTED_EDGE('',*,*,#1872,.F.);
#1872 = EDGE_CURVE('',#1863,#1840,#1873,.T.);
#1873 = CIRCLE('',#1874,4.8);
#1874 = AXIS2_PLACEMENT_3D('',#1875,#1876,#1877);
#1875 = CARTESIAN_POINT('',(-15.,-14.,5.05));
#1876 = DIRECTION('',(0.,0.,1.));
#1877 = DIRECTION('',(1.,0.,0.));
#1878 = CYLINDRICAL_SURFACE('',#1879,4.8);
#1879 = AXIS2_PLACEMENT_3D('',#1880,#1881,#1882);
#1880 = CARTESIAN_POINT('',(-15.,-14.,0.));
#1881 = DIRECTION('',(0.,0.,1.));
#1882 = DIRECTION('',(1.,0.,0.));
#1883 = ADVANCED_FACE('',(#1884),#1896,.T.);
#1884 = FACE_BOUND('',#1885,.T.);
#1885 = EDGE_LOOP('',(#1886,#1887,#1888,#1895));
#1886 = ORIENTED_EDGE('',*,*,#1176,.T.);
#1887 = ORIENTED_EDGE('',*,*,#1862,.T.);
#1888 = ORIENTED_EDGE('',*,*,#1889,.F.);
#1889 = EDGE_CURVE('',#1238,#1863,#1890,.T.);
#1890 = CIRCLE('',#1891,19.2);
#1891 = AXIS2_PLACEMENT_3D('',#1892,#1893,#1894);
#1892 = CARTESIAN_POINT('',(0.,0.,5.05));
#1893 = DIRECTION('',(0.,0.,1.));
#1894 = DIRECTION('',(1.,0.,0.));
#1895 = ORIENTED_EDGE('',*,*,#1260,.F.);
#1896 = CYLINDRICAL_SURFACE('',#1897,19.2);
#1897 = AXIS2_PLACEMENT_3D('',#1898,#1899,#1900);
#1898 = CARTESIAN_POINT('',(0.,0.,0.));
#1899 = DIRECTION('',(0.,0.,1.));
#1900 = DIRECTION('',(1.,0.,0.));
#1901 = ADVANCED_FACE('',(#1902),#1927,.T.);
#1902 = FACE_BOUND('',#1903,.T.);
#1903 = EDGE_LOOP('',(#1904,#1905,#1906,#1907));
#1904 = ORIENTED_EDGE('',*,*,#1624,.F.);
#1905 = ORIENTED_EDGE('',*,*,#1237,.F.);
#1906 = ORIENTED_EDGE('',*,*,#1889,.T.);
#1907 = ORIENTED_EDGE('',*,*,#1908,.T.);
#1908 = EDGE_CURVE('',#1863,#1625,#1909,.T.);
#1909 = B_SPLINE_CURVE_WITH_KNOTS('',6,(#1910,#1911,#1912,#1913,#1914,
    #1915,#1916,#1917,#1918,#1919,#1920,#1921,#1922,#1923,#1924,#1925,
    #1926),.UNSPECIFIED.,.F.,.F.,(7,5,5,7),(0.,0.278214844974,
    0.562029413396,1.),.UNSPECIFIED.);
#1910 = CARTESIAN_POINT('',(-16.682450177,-9.504517667492,5.05));
#1911 = CARTESIAN_POINT('',(-16.682450177,-9.504517667492,5.084045010543
    ));
#1912 = CARTESIAN_POINT('',(-16.6779684063,-9.506140560525,
    5.118092401129));
#1913 = CARTESIAN_POINT('',(-16.669003335,-9.509386531622,5.151738829719
    ));
#1914 = CARTESIAN_POINT('',(-16.65566195393,-9.514228377456,
    5.184592091235));
#1915 = CARTESIAN_POINT('',(-16.63814194201,-9.520615195873,
    5.216291244942));
#1916 = CARTESIAN_POINT('',(-16.59485443434,-9.536495173548,
    5.277370798715));
#1917 = CARTESIAN_POINT('',(-16.56892574409,-9.546049026569,
    5.306694503313));
#1918 = CARTESIAN_POINT('',(-16.53921220299,-9.557063082999,
    5.334169620054));
#1919 = CARTESIAN_POINT('',(-16.50606274239,-9.569445390841,
    5.359533371461));
#1920 = CARTESIAN_POINT('',(-16.46986204151,-9.583092131704,
    5.382585329764));
#1921 = CARTESIAN_POINT('',(-16.37103428563,-9.620733465246,
    5.434971777527));
#1922 = CARTESIAN_POINT('',(-16.30473542958,-9.646321801884,
    5.46091665704));
#1923 = CARTESIAN_POINT('',(-16.23353614282,-9.67425708825,
    5.480503621147));
#1924 = CARTESIAN_POINT('',(-16.15891061828,-9.704102819949,
    5.493531667398));
#1925 = CARTESIAN_POINT('',(-16.0822353279,-9.735405080445,5.50000003075
    ));
#1926 = CARTESIAN_POINT('',(-16.00485727933,-9.767652915016,5.5));
#1927 = TOROIDAL_SURFACE('',#1928,18.75,0.45);
#1928 = AXIS2_PLACEMENT_3D('',#1929,#1930,#1931);
#1929 = CARTESIAN_POINT('',(0.,0.,5.05));
#1930 = DIRECTION('',(0.,0.,1.));
#1931 = DIRECTION('',(1.,0.,0.));
#1932 = ADVANCED_FACE('',(#1933),#1939,.T.);
#1933 = FACE_BOUND('',#1934,.T.);
#1934 = EDGE_LOOP('',(#1935,#1936,#1937,#1938));
#1935 = ORIENTED_EDGE('',*,*,#1802,.F.);
#1936 = ORIENTED_EDGE('',*,*,#1775,.T.);
#1937 = ORIENTED_EDGE('',*,*,#1202,.T.);
#1938 = ORIENTED_EDGE('',*,*,#1616,.F.);
#1939 = TOROIDAL_SURFACE('',#1940,6.05,0.45);
#1940 = AXIS2_PLACEMENT_3D('',#1941,#1942,#1943);
#1941 = CARTESIAN_POINT('',(0.,25.,5.05));
#1942 = DIRECTION('',(0.,0.,1.));
#1943 = DIRECTION('',(1.,0.,0.));
#1944 = ADVANCED_FACE('',(#1945,#1953),#1964,.F.);
#1945 = FACE_BOUND('',#1946,.F.);
#1946 = EDGE_LOOP('',(#1947,#1948,#1949,#1950,#1951,#1952));
#1947 = ORIENTED_EDGE('',*,*,#1332,.T.);
#1948 = ORIENTED_EDGE('',*,*,#1380,.T.);
#1949 = ORIENTED_EDGE('',*,*,#1404,.T.);
#1950 = ORIENTED_EDGE('',*,*,#1363,.T.);
#1951 = ORIENTED_EDGE('',*,*,#1315,.T.);
#1952 = ORIENTED_EDGE('',*,*,#1284,.T.);
#1953 = FACE_BOUND('',#1954,.F.);
#1954 = EDGE_LOOP('',(#1955));
#1955 = ORIENTED_EDGE('',*,*,#1956,.F.);
#1956 = EDGE_CURVE('',#1957,#1957,#1959,.T.);
#1957 = VERTEX_POINT('',#1958);
#1958 = CARTESIAN_POINT('',(16.7,-14.,4.));
#1959 = CIRCLE('',#1960,1.7);
#1960 = AXIS2_PLACEMENT_3D('',#1961,#1962,#1963);
#1961 = CARTESIAN_POINT('',(15.,-14.,4.));
#1962 = DIRECTION('',(0.,0.,1.));
#1963 = DIRECTION('',(1.,0.,0.));
#1964 = PLANE('',#1965);
#1965 = AXIS2_PLACEMENT_3D('',#1966,#1967,#1968);
#1966 = CARTESIAN_POINT('',(15.,-14.,4.));
#1967 = DIRECTION('',(0.,0.,1.));
#1968 = DIRECTION('',(1.,0.,0.));
#1969 = ADVANCED_FACE('',(#1970,#1978),#1989,.F.);
#1970 = FACE_BOUND('',#1971,.F.);
#1971 = EDGE_LOOP('',(#1972,#1973,#1974,#1975,#1976,#1977));
#1972 = ORIENTED_EDGE('',*,*,#1476,.T.);
#1973 = ORIENTED_EDGE('',*,*,#1524,.T.);
#1974 = ORIENTED_EDGE('',*,*,#1548,.T.);
#1975 = ORIENTED_EDGE('',*,*,#1507,.T.);
#1976 = ORIENTED_EDGE('',*,*,#1459,.T.);
#1977 = ORIENTED_EDGE('',*,*,#1428,.T.);
#1978 = FACE_BOUND('',#1979,.F.);
#1979 = EDGE_LOOP('',(#1980));
#1980 = ORIENTED_EDGE('',*,*,#1981,.F.);
#1981 = EDGE_CURVE('',#1982,#1982,#1984,.T.);
#1982 = VERTEX_POINT('',#1983);
#1983 = CARTESIAN_POINT('',(-13.3,-14.,4.));
#1984 = CIRCLE('',#1985,1.7);
#1985 = AXIS2_PLACEMENT_3D('',#1986,#1987,#1988);
#1986 = CARTESIAN_POINT('',(-15.,-14.,4.));
#1987 = DIRECTION('',(0.,0.,1.));
#1988 = DIRECTION('',(1.,0.,0.));
#1989 = PLANE('',#1990);
#1990 = AXIS2_PLACEMENT_3D('',#1991,#1992,#1993);
#1991 = CARTESIAN_POINT('',(-15.,-14.,4.));
#1992 = DIRECTION('',(0.,0.,1.));
#1993 = DIRECTION('',(1.,0.,0.));
#1994 = ADVANCED_FACE('',(#1995),#2020,.T.);
#1995 = FACE_BOUND('',#1996,.T.);
#1996 = EDGE_LOOP('',(#1997,#1998,#1999,#2000));
#1997 = ORIENTED_EDGE('',*,*,#1714,.T.);
#1998 = ORIENTED_EDGE('',*,*,#1819,.T.);
#1999 = ORIENTED_EDGE('',*,*,#1588,.F.);
#2000 = ORIENTED_EDGE('',*,*,#2001,.T.);
#2001 = EDGE_CURVE('',#1589,#1715,#2002,.T.);
#2002 = B_SPLINE_CURVE_WITH_KNOTS('',6,(#2003,#2004,#2005,#2006,#2007,
    #2008,#2009,#2010,#2011,#2012,#2013,#2014,#2015,#2016,#2017,#2018,
    #2019),.UNSPECIFIED.,.F.,.F.,(7,5,5,7),(0.,0.437362900733,
    0.719315603253,1.),.UNSPECIFIED.);
#2003 = CARTESIAN_POINT('',(16.004857279373,-9.767652914949,5.5));
#2004 = CARTESIAN_POINT('',(16.0821280505,-9.735449789082,5.500000031102
    ));
#2005 = CARTESIAN_POINT('',(16.158697901781,-9.704189662482,
    5.493549589347));
#2006 = CARTESIAN_POINT('',(16.233225590747,-9.674381293311,
    5.480557805627));
#2007 = CARTESIAN_POINT('',(16.304340410316,-9.646476795234,
    5.461025246817));
#2008 = CARTESIAN_POINT('',(16.370574463613,-9.620910944617,
    5.435151557716));
#2009 = CARTESIAN_POINT('',(16.469136164182,-9.583367107924,
    5.383010898838));
#2010 = CARTESIAN_POINT('',(16.505148229219,-9.56978919286,
    5.360151063829));
#2011 = CARTESIAN_POINT('',(16.538154751911,-9.557457570891,
    5.335007233515));
#2012 = CARTESIAN_POINT('',(16.567778414598,-9.546474118386,
    5.307775079586));
#2013 = CARTESIAN_POINT('',(16.593676367091,-9.536929229898,
    5.278711009444));
#2014 = CARTESIAN_POINT('',(16.637361129451,-9.520899856895,
    5.217697148798));
#2015 = CARTESIAN_POINT('',(16.655186193822,-9.514401040457,
    5.18575814114));
#2016 = CARTESIAN_POINT('',(16.668763534355,-9.509473354404,
    5.152634710941));
#2017 = CARTESIAN_POINT('',(16.677888497052,-9.5061694989,5.118696853186
    ));
#2018 = CARTESIAN_POINT('',(16.682450177007,-9.504517667492,
    5.084347185531));
#2019 = CARTESIAN_POINT('',(16.682450177007,-9.504517667492,5.05));
#2020 = TOROIDAL_SURFACE('',#2021,18.75,0.45);
#2021 = AXIS2_PLACEMENT_3D('',#2022,#2023,#2024);
#2022 = CARTESIAN_POINT('',(0.,0.,5.05));
#2023 = DIRECTION('',(0.,0.,1.));
#2024 = DIRECTION('',(1.,0.,0.));
#2025 = ADVANCED_FACE('',(#2026),#2038,.T.);
#2026 = FACE_BOUND('',#2027,.T.);
#2027 = EDGE_LOOP('',(#2028,#2029,#2036,#2037));
#2028 = ORIENTED_EDGE('',*,*,#1660,.F.);
#2029 = ORIENTED_EDGE('',*,*,#2030,.F.);
#2030 = EDGE_CURVE('',#1741,#1652,#2031,.T.);
#2031 = CIRCLE('',#2032,0.45);
#2032 = AXIS2_PLACEMENT_3D('',#2033,#2034,#2035);
#2033 = CARTESIAN_POINT('',(19.35,-14.,5.05));
#2034 = DIRECTION('',(0.,-1.,0.));
#2035 = DIRECTION('',(1.,0.,0.));
#2036 = ORIENTED_EDGE('',*,*,#1758,.T.);
#2037 = ORIENTED_EDGE('',*,*,#2001,.F.);
#2038 = TOROIDAL_SURFACE('',#2039,4.35,0.45);
#2039 = AXIS2_PLACEMENT_3D('',#2040,#2041,#2042);
#2040 = CARTESIAN_POINT('',(15.,-14.,5.05));
#2041 = DIRECTION('',(0.,0.,1.));
#2042 = DIRECTION('',(1.,0.,0.));
#2043 = ADVANCED_FACE('',(#2044),#2069,.T.);
#2044 = FACE_BOUND('',#2045,.T.);
#2045 = EDGE_LOOP('',(#2046,#2047,#2048,#2049));
#2046 = ORIENTED_EDGE('',*,*,#1738,.T.);
#2047 = ORIENTED_EDGE('',*,*,#2030,.T.);
#2048 = ORIENTED_EDGE('',*,*,#1651,.F.);
#2049 = ORIENTED_EDGE('',*,*,#2050,.F.);
#2050 = EDGE_CURVE('',#1739,#1643,#2051,.T.);
#2051 = B_SPLINE_CURVE_WITH_KNOTS('',6,(#2052,#2053,#2054,#2055,#2056,
    #2057,#2058,#2059,#2060,#2061,#2062,#2063,#2064,#2065,#2066,#2067,
    #2068),.UNSPECIFIED.,.F.,.F.,(7,5,5,7),(0.,0.278370863335,
    0.562190348191,1.),.UNSPECIFIED.);
#2052 = CARTESIAN_POINT('',(10.631089015392,-15.98811891208,5.05));
#2053 = CARTESIAN_POINT('',(10.631089015392,-15.98811891208,
    5.084064102019));
#2054 = CARTESIAN_POINT('',(10.63240080313,-15.98353085491,
    5.118130590439));
#2055 = CARTESIAN_POINT('',(10.635024457976,-15.97435319703,
    5.151795437247));
#2056 = CARTESIAN_POINT('',(10.638940166327,-15.9606947968,
    5.184665784764));
#2057 = CARTESIAN_POINT('',(10.644110681793,-15.94275681206,
    5.216380124149));
#2058 = CARTESIAN_POINT('',(10.656981631323,-15.89844290264,
    5.277468882065));
#2059 = CARTESIAN_POINT('',(10.664730203122,-15.87190634994,
    5.306788169119));
#2060 = CARTESIAN_POINT('',(10.673674693456,-15.84149397063,
    5.334258180002));
#2061 = CARTESIAN_POINT('',(10.683747383485,-15.80756029523,
    5.359616232846));
#2062 = CARTESIAN_POINT('',(10.694871182829,-15.7704963017,
    5.382661998355));
#2063 = CARTESIAN_POINT('',(10.725615830024,-15.66931259166,
    5.435019439617));
#2064 = CARTESIAN_POINT('',(10.746571723673,-15.60142613106,
    5.460945441915));
#2065 = CARTESIAN_POINT('',(10.769529591816,-15.5284945824,
    5.480517979189));
#2066 = CARTESIAN_POINT('',(10.79415586665,-15.4520169694,5.493536420827
    ));
#2067 = CARTESIAN_POINT('',(10.820092900054,-15.37339620931,
    5.500000030648));
#2068 = CARTESIAN_POINT('',(10.846924193295,-15.29400979288,5.5));
#2069 = TOROIDAL_SURFACE('',#2070,4.35,0.45);
#2070 = AXIS2_PLACEMENT_3D('',#2071,#2072,#2073);
#2071 = CARTESIAN_POINT('',(15.,-14.,5.05));
#2072 = DIRECTION('',(0.,0.,1.));
#2073 = DIRECTION('',(1.,0.,0.));
#2074 = ADVANCED_FACE('',(#2075),#2100,.T.);
#2075 = FACE_BOUND('',#2076,.T.);
#2076 = EDGE_LOOP('',(#2077,#2078,#2079,#2080));
#2077 = ORIENTED_EDGE('',*,*,#1839,.T.);
#2078 = ORIENTED_EDGE('',*,*,#2050,.T.);
#2079 = ORIENTED_EDGE('',*,*,#1642,.F.);
#2080 = ORIENTED_EDGE('',*,*,#2081,.T.);
#2081 = EDGE_CURVE('',#1634,#1840,#2082,.T.);
#2082 = B_SPLINE_CURVE_WITH_KNOTS('',6,(#2083,#2084,#2085,#2086,#2087,
    #2088,#2089,#2090,#2091,#2092,#2093,#2094,#2095,#2096,#2097,#2098,
    #2099),.UNSPECIFIED.,.F.,.F.,(7,5,5,7),(0.,0.437014864864,
    0.720682026342,1.),.UNSPECIFIED.);
#2083 = CARTESIAN_POINT('',(-10.84692419331,-15.29400979287,5.5));
#2084 = CARTESIAN_POINT('',(-10.82014157949,-15.37325217999,
    5.500000030859));
#2085 = CARTESIAN_POINT('',(-10.79425002609,-15.45173156151,
    5.493559852412));
#2086 = CARTESIAN_POINT('',(-10.7696636978,-15.52807812868,
    5.480588810926));
#2087 = CARTESIAN_POINT('',(-10.74673841301,-15.60089663298,5.4610874013
    ));
#2088 = CARTESIAN_POINT('',(-10.72580604549,-15.66869643846,
    5.43525447355));
#2089 = CARTESIAN_POINT('',(-10.69506735852,-15.7698443527,
    5.383052990178));
#2090 = CARTESIAN_POINT('',(-10.68393455207,-15.80693254006,
    5.360053675642));
#2091 = CARTESIAN_POINT('',(-10.67385080536,-15.84089836501,
    5.334742436069));
#2092 = CARTESIAN_POINT('',(-10.66489314919,-15.8713512808,
    5.307318698902));
#2093 = CARTESIAN_POINT('',(-10.65712929008,-15.89793691428,
    5.278044101995));
#2094 = CARTESIAN_POINT('',(-10.64419877645,-15.94245119917,
    5.216919451339));
#2095 = CARTESIAN_POINT('',(-10.6389935417,-15.9605086156,5.185113028697
    ));
#2096 = CARTESIAN_POINT('',(-10.63505128197,-15.97425936363,
    5.152139020067));
#2097 = CARTESIAN_POINT('',(-10.63240974413,-15.98349958638,
    5.118362393911));
#2098 = CARTESIAN_POINT('',(-10.63108901539,-15.98811891208,
    5.084179984253));
#2099 = CARTESIAN_POINT('',(-10.63108901539,-15.98811891208,5.05));
#2100 = TOROIDAL_SURFACE('',#2101,18.75,0.45);
#2101 = AXIS2_PLACEMENT_3D('',#2102,#2103,#2104);
#2102 = CARTESIAN_POINT('',(0.,0.,5.05));
#2103 = DIRECTION('',(0.,0.,1.));
#2104 = DIRECTION('',(1.,0.,0.));
#2105 = ADVANCED_FACE('',(#2106),#2112,.T.);
#2106 = FACE_BOUND('',#2107,.T.);
#2107 = EDGE_LOOP('',(#2108,#2109,#2110,#2111));
#2108 = ORIENTED_EDGE('',*,*,#2081,.F.);
#2109 = ORIENTED_EDGE('',*,*,#1633,.F.);
#2110 = ORIENTED_EDGE('',*,*,#1908,.F.);
#2111 = ORIENTED_EDGE('',*,*,#1872,.T.);
#2112 = TOROIDAL_SURFACE('',#2113,4.35,0.45);
#2113 = AXIS2_PLACEMENT_3D('',#2114,#2115,#2116);
#2114 = CARTESIAN_POINT('',(-15.,-14.,5.05));
#2115 = DIRECTION('',(0.,0.,1.));
#2116 = DIRECTION('',(1.,0.,0.));
#2117 = ADVANCED_FACE('',(#2118),#2129,.F.);
#2118 = FACE_BOUND('',#2119,.F.);
#2119 = EDGE_LOOP('',(#2120,#2126,#2127,#2128));
#2120 = ORIENTED_EDGE('',*,*,#2121,.T.);
#2121 = EDGE_CURVE('',#1982,#1670,#2122,.T.);
#2122 = LINE('',#2123,#2124);
#2123 = CARTESIAN_POINT('',(-13.3,-14.,-0.1));
#2124 = VECTOR('',#2125,1.);
#2125 = DIRECTION('',(0.,0.,1.));
#2126 = ORIENTED_EDGE('',*,*,#1669,.F.);
#2127 = ORIENTED_EDGE('',*,*,#2121,.F.);
#2128 = ORIENTED_EDGE('',*,*,#1981,.T.);
#2129 = CYLINDRICAL_SURFACE('',#2130,1.7);
#2130 = AXIS2_PLACEMENT_3D('',#2131,#2132,#2133);
#2131 = CARTESIAN_POINT('',(-15.,-14.,-0.1));
#2132 = DIRECTION('',(0.,0.,1.));
#2133 = DIRECTION('',(1.,0.,0.));
#2134 = ADVANCED_FACE('',(#2135),#2146,.F.);
#2135 = FACE_BOUND('',#2136,.F.);
#2136 = EDGE_LOOP('',(#2137,#2143,#2144,#2145));
#2137 = ORIENTED_EDGE('',*,*,#2138,.T.);
#2138 = EDGE_CURVE('',#1957,#1681,#2139,.T.);
#2139 = LINE('',#2140,#2141);
#2140 = CARTESIAN_POINT('',(16.7,-14.,-0.1));
#2141 = VECTOR('',#2142,1.);
#2142 = DIRECTION('',(0.,0.,1.));
#2143 = ORIENTED_EDGE('',*,*,#1680,.F.);
#2144 = ORIENTED_EDGE('',*,*,#2138,.F.);
#2145 = ORIENTED_EDGE('',*,*,#1956,.T.);
#2146 = CYLINDRICAL_SURFACE('',#2147,1.7);
#2147 = AXIS2_PLACEMENT_3D('',#2148,#2149,#2150);
#2148 = CARTESIAN_POINT('',(15.,-14.,-0.1));
#2149 = DIRECTION('',(0.,0.,1.));
#2150 = DIRECTION('',(1.,0.,0.));
#2151 = MANIFOLD_SOLID_BREP('',#2152);
#2152 = CLOSED_SHELL('',(#2153,#2218,#2260,#2827,#2866,#2898,#2935,#2960
    ,#3001,#3035,#3046,#3085,#3111,#3150,#3168,#3193,#3218,#3243,#3290,
    #3314,#3338,#3363,#3429,#3464,#3488,#3560,#3585,#3625,#3649,#3674,
    #3699,#3724,#3748,#3790,#3869,#3893,#3965,#3990,#4037,#4061,#4096,
    #4113,#4146,#4170,#4205,#4222,#4264,#4299,#4323,#4388,#4413,#4437,
    #4462,#4486,#4511,#4535,#4560,#4595,#4619,#4644,#4684,#4702,#4727,
    #4782,#4807,#4841,#4876,#4901,#4936,#4954,#4974,#4994,#5074,#5106,
    #5118,#5145,#5226,#5248,#5260,#5312,#5412,#5424,#5489,#5506,#5523,
    #5540,#5557,#5573,#5586,#5606,#5628,#5640,#5652,#5664,#5703,#5817,
    #5846,#5878,#5905,#5936,#5973,#5985,#5997,#6014,#6031,#6056,#6080,
    #6096,#6108,#6132,#6148,#6160,#6184,#6201,#6212,#6223,#6248));
#2153 = ADVANCED_FACE('',(#2154),#2213,.T.);
#2154 = FACE_BOUND('',#2155,.F.);
#2155 = EDGE_LOOP('',(#2156,#2175,#2184,#2206));
#2156 = ORIENTED_EDGE('',*,*,#2157,.F.);
#2157 = EDGE_CURVE('',#2158,#2160,#2162,.T.);
#2158 = VERTEX_POINT('',#2159);
#2159 = CARTESIAN_POINT('',(17.265986514664,-8.397958661214,10.55));
#2160 = VERTEX_POINT('',#2161);
#2161 = CARTESIAN_POINT('',(16.991085735181,-7.928777051963,11.));
#2162 = B_SPLINE_CURVE_WITH_KNOTS('',6,(#2163,#2164,#2165,#2166,#2167,
    #2168,#2169,#2170,#2171,#2172,#2173,#2174),.UNSPECIFIED.,.F.,.F.,(7,
    5,7),(0.,0.497544785514,1.),.UNSPECIFIED.);
#2163 = CARTESIAN_POINT('',(17.265986514663,-8.397958661214,10.55));
#2164 = CARTESIAN_POINT('',(17.265986514663,-8.397958661214,
    10.609276872031));
#2165 = CARTESIAN_POINT('',(17.260212198137,-8.388408418267,
    10.668565511807));
#2166 = CARTESIAN_POINT('',(17.2486586433,-8.369300450634,
    10.725910156267));
#2167 = CARTESIAN_POINT('',(17.231706280263,-8.341175777612,
    10.779403910931));
#2168 = CARTESIAN_POINT('',(17.21004882568,-8.305015556795,
    10.827444333314));
#2169 = CARTESIAN_POINT('',(17.158832303086,-8.218806334554,
    10.910626205532));
#2170 = CARTESIAN_POINT('',(17.129190364112,-8.168611837659,
    10.945647393395));
#2171 = CARTESIAN_POINT('',(17.096534498338,-8.112859537228,
    10.972665408325));
#2172 = CARTESIAN_POINT('',(17.061924020892,-8.05314967879,
    10.990897346533));
#2173 = CARTESIAN_POINT('',(17.026430605142,-7.991195284349,
    11.000000081415));
#2174 = CARTESIAN_POINT('',(16.991085735181,-7.928777051964,11.));
#2175 = ORIENTED_EDGE('',*,*,#2176,.T.);
#2176 = EDGE_CURVE('',#2158,#2177,#2179,.T.);
#2177 = VERTEX_POINT('',#2178);
#2178 = CARTESIAN_POINT('',(16.682450177007,-9.504517667492,10.55));
#2179 = CIRCLE('',#2180,19.2);
#2180 = AXIS2_PLACEMENT_3D('',#2181,#2182,#2183);
#2181 = CARTESIAN_POINT('',(5.510910596163E-17,0.,10.55));
#2182 = DIRECTION('',(1.224646799147E-16,0.,-1.));
#2183 = DIRECTION('',(-1.,0.,-1.224646799147E-16));
#2184 = ORIENTED_EDGE('',*,*,#2185,.F.);
#2185 = EDGE_CURVE('',#2186,#2177,#2188,.T.);
#2186 = VERTEX_POINT('',#2187);
#2187 = CARTESIAN_POINT('',(16.004857279357,-9.767652914975,11.));
#2188 = B_SPLINE_CURVE_WITH_KNOTS('',6,(#2189,#2190,#2191,#2192,#2193,
    #2194,#2195,#2196,#2197,#2198,#2199,#2200,#2201,#2202,#2203,#2204,
    #2205),.UNSPECIFIED.,.F.,.F.,(7,5,5,7),(0.,0.438372923521,
    0.722175204977,1.),.UNSPECIFIED.);
#2189 = CARTESIAN_POINT('',(16.004857279621,-9.767652914543,11.));
#2190 = CARTESIAN_POINT('',(16.082306415635,-9.735375455019,
    11.000000030964));
#2191 = CARTESIAN_POINT('',(16.159051490351,-9.704045309295,
    10.993519776133));
#2192 = CARTESIAN_POINT('',(16.233741797759,-9.674174840721,
    10.980467702649));
#2193 = CARTESIAN_POINT('',(16.304997049205,-9.646219157291,
    10.960844648277));
#2194 = CARTESIAN_POINT('',(16.371338780694,-9.620615947863,
    10.934852547075));
#2195 = CARTESIAN_POINT('',(16.47017194651,-9.582975100877,
    10.882393559465));
#2196 = CARTESIAN_POINT('',(16.506350120389,-9.569337706875,
    10.859326124702));
#2197 = CARTESIAN_POINT('',(16.539475149995,-9.556965227697,
    10.83394813325));
#2198 = CARTESIAN_POINT('',(16.569162505789,-9.545961429568,
    10.80646025909));
#2199 = CARTESIAN_POINT('',(16.595063487464,-9.536418196107,
    10.777125518666));
#2200 = CARTESIAN_POINT('',(16.638264671271,-9.520570455603,
    10.716069012851));
#2201 = CARTESIAN_POINT('',(16.655736722855,-9.514201242944,
    10.684407842346));
#2202 = CARTESIAN_POINT('',(16.669041018085,-9.509372887976,
    10.651597306122));
#2203 = CARTESIAN_POINT('',(16.677980963575,-9.50613601304,
    10.617996926917));
#2204 = CARTESIAN_POINT('',(16.682450177007,-9.504517667492,
    10.58399728135));
#2205 = CARTESIAN_POINT('',(16.682450177007,-9.504517667492,10.55));
#2206 = ORIENTED_EDGE('',*,*,#2207,.F.);
#2207 = EDGE_CURVE('',#2160,#2186,#2208,.T.);
#2208 = CIRCLE('',#2209,18.75);
#2209 = AXIS2_PLACEMENT_3D('',#2210,#2211,#2212);
#2210 = CARTESIAN_POINT('',(0.,0.,11.));
#2211 = DIRECTION('',(1.224646799147E-16,0.,-1.));
#2212 = DIRECTION('',(-1.,0.,-1.224646799147E-16));
#2213 = TOROIDAL_SURFACE('',#2214,18.75,0.45);
#2214 = AXIS2_PLACEMENT_3D('',#2215,#2216,#2217);
#2215 = CARTESIAN_POINT('',(5.510910596163E-17,0.,10.55));
#2216 = DIRECTION('',(-1.224646799147E-16,-0.,1.));
#2217 = DIRECTION('',(-1.,0.,-1.224646799147E-16));
#2218 = ADVANCED_FACE('',(#2219),#2255,.T.);
#2219 = FACE_BOUND('',#2220,.F.);
#2220 = EDGE_LOOP('',(#2221,#2240,#2247,#2248));
#2221 = ORIENTED_EDGE('',*,*,#2222,.T.);
#2222 = EDGE_CURVE('',#2223,#2225,#2227,.T.);
#2223 = VERTEX_POINT('',#2224);
#2224 = CARTESIAN_POINT('',(18.747802456562,-0.287059313956,11.));
#2225 = VERTEX_POINT('',#2226);
#2226 = CARTESIAN_POINT('',(19.199994160453,1.497459796881E-02,10.55));
#2227 = B_SPLINE_CURVE_WITH_KNOTS('',6,(#2228,#2229,#2230,#2231,#2232,
    #2233,#2234,#2235,#2236,#2237,#2238,#2239),.UNSPECIFIED.,.F.,.F.,(7,
    5,7),(0.,0.502085760142,1.),.UNSPECIFIED.);
#2228 = CARTESIAN_POINT('',(18.747802456562,-0.287059313983,11.));
#2229 = CARTESIAN_POINT('',(18.806813216417,-0.246371957247,
    11.000000080965));
#2230 = CARTESIAN_POINT('',(18.865755148411,-0.206166040586,
    10.990910731141));
#2231 = CARTESIAN_POINT('',(18.922926473878,-0.167590508637,
    10.97270561846));
#2232 = CARTESIAN_POINT('',(18.97661881911,-0.13171611977,
    10.945726848887));
#2233 = CARTESIAN_POINT('',(19.025183948208,-9.951786301375E-02,
    10.910754939038));
#2234 = CARTESIAN_POINT('',(19.108953464158,-4.429618113092E-02,
    10.827622677274));
#2235 = CARTESIAN_POINT('',(19.144276827313,-2.119118600366E-02,
    10.779562797606));
#2236 = CARTESIAN_POINT('',(19.171849229461,-3.266769074387E-03,
    10.726037922963));
#2237 = CARTESIAN_POINT('',(19.190615092485,8.895675597038E-03,
    10.668653582967));
#2238 = CARTESIAN_POINT('',(19.199994160453,1.497459796901E-02,
    10.609320887902));
#2239 = CARTESIAN_POINT('',(19.199994160453,1.497459796901E-02,10.55));
#2240 = ORIENTED_EDGE('',*,*,#2241,.T.);
#2241 = EDGE_CURVE('',#2225,#2158,#2242,.T.);
#2242 = CIRCLE('',#2243,4.4);
#2243 = AXIS2_PLACEMENT_3D('',#2244,#2245,#2246);
#2244 = CARTESIAN_POINT('',(17.4,-4.,10.55));
#2245 = DIRECTION('',(1.224646799147E-16,0.,-1.));
#2246 = DIRECTION('',(-1.,0.,-1.224646799147E-16));
#2247 = ORIENTED_EDGE('',*,*,#2157,.T.);
#2248 = ORIENTED_EDGE('',*,*,#2249,.F.);
#2249 = EDGE_CURVE('',#2223,#2160,#2250,.T.);
#2250 = CIRCLE('',#2251,3.95);
#2251 = AXIS2_PLACEMENT_3D('',#2252,#2253,#2254);
#2252 = CARTESIAN_POINT('',(17.4,-4.,11.));
#2253 = DIRECTION('',(1.224646799147E-16,0.,-1.));
#2254 = DIRECTION('',(-1.,0.,-1.224646799147E-16));
#2255 = TOROIDAL_SURFACE('',#2256,3.95,0.45);
#2256 = AXIS2_PLACEMENT_3D('',#2257,#2258,#2259);
#2257 = CARTESIAN_POINT('',(17.4,-4.,10.55));
#2258 = DIRECTION('',(-1.224646799147E-16,-0.,1.));
#2259 = DIRECTION('',(-1.,0.,-1.224646799147E-16));
#2260 = ADVANCED_FACE('',(#2261,#2344,#2355,#2366,#2377),#2822,.T.);
#2261 = FACE_BOUND('',#2262,.T.);
#2262 = EDGE_LOOP('',(#2263,#2274,#2283,#2292,#2301,#2310,#2319,#2326,
    #2327,#2328,#2337));
#2263 = ORIENTED_EDGE('',*,*,#2264,.F.);
#2264 = EDGE_CURVE('',#2265,#2267,#2269,.T.);
#2265 = VERTEX_POINT('',#2266);
#2266 = CARTESIAN_POINT('',(-21.35,-4.,11.));
#2267 = VERTEX_POINT('',#2268);
#2268 = CARTESIAN_POINT('',(-18.74780245656,-0.287059313955,11.));
#2269 = CIRCLE('',#2270,3.95);
#2270 = AXIS2_PLACEMENT_3D('',#2271,#2272,#2273);
#2271 = CARTESIAN_POINT('',(-17.4,-4.,11.));
#2272 = DIRECTION('',(1.224646799147E-16,0.,-1.));
#2273 = DIRECTION('',(-1.,0.,-1.224646799147E-16));
#2274 = ORIENTED_EDGE('',*,*,#2275,.F.);
#2275 = EDGE_CURVE('',#2276,#2265,#2278,.T.);
#2276 = VERTEX_POINT('',#2277);
#2277 = CARTESIAN_POINT('',(-16.99108573518,-7.928777051962,11.));
#2278 = CIRCLE('',#2279,3.95);
#2279 = AXIS2_PLACEMENT_3D('',#2280,#2281,#2282);
#2280 = CARTESIAN_POINT('',(-17.4,-4.,11.));
#2281 = DIRECTION('',(1.224646799147E-16,0.,-1.));
#2282 = DIRECTION('',(-1.,0.,-1.224646799147E-16));
#2283 = ORIENTED_EDGE('',*,*,#2284,.F.);
#2284 = EDGE_CURVE('',#2285,#2276,#2287,.T.);
#2285 = VERTEX_POINT('',#2286);
#2286 = CARTESIAN_POINT('',(-16.00485727935,-9.767652914974,11.));
#2287 = CIRCLE('',#2288,18.75);
#2288 = AXIS2_PLACEMENT_3D('',#2289,#2290,#2291);
#2289 = CARTESIAN_POINT('',(0.,0.,11.));
#2290 = DIRECTION('',(1.224646799147E-16,0.,-1.));
#2291 = DIRECTION('',(-1.,0.,-1.224646799147E-16));
#2292 = ORIENTED_EDGE('',*,*,#2293,.F.);
#2293 = EDGE_CURVE('',#2294,#2285,#2296,.T.);
#2294 = VERTEX_POINT('',#2295);
#2295 = CARTESIAN_POINT('',(-19.35,-14.,11.));
#2296 = CIRCLE('',#2297,4.35);
#2297 = AXIS2_PLACEMENT_3D('',#2298,#2299,#2300);
#2298 = CARTESIAN_POINT('',(-15.,-14.,11.));
#2299 = DIRECTION('',(1.224646799147E-16,0.,-1.));
#2300 = DIRECTION('',(-1.,0.,-1.224646799147E-16));
#2301 = ORIENTED_EDGE('',*,*,#2302,.F.);
#2302 = EDGE_CURVE('',#2303,#2294,#2305,.T.);
#2303 = VERTEX_POINT('',#2304);
#2304 = CARTESIAN_POINT('',(-10.84692419332,-15.29400979286,11.));
#2305 = CIRCLE('',#2306,4.35);
#2306 = AXIS2_PLACEMENT_3D('',#2307,#2308,#2309);
#2307 = CARTESIAN_POINT('',(-15.,-14.,11.));
#2308 = DIRECTION('',(1.224646799147E-16,0.,-1.));
#2309 = DIRECTION('',(-1.,0.,-1.224646799147E-16));
#2310 = ORIENTED_EDGE('',*,*,#2311,.F.);
#2311 = EDGE_CURVE('',#2312,#2303,#2314,.T.);
#2312 = VERTEX_POINT('',#2313);
#2313 = CARTESIAN_POINT('',(10.846924193327,-15.29400979286,11.));
#2314 = CIRCLE('',#2315,18.75);
#2315 = AXIS2_PLACEMENT_3D('',#2316,#2317,#2318);
#2316 = CARTESIAN_POINT('',(0.,0.,11.));
#2317 = DIRECTION('',(1.224646799147E-16,0.,-1.));
#2318 = DIRECTION('',(-1.,0.,-1.224646799147E-16));
#2319 = ORIENTED_EDGE('',*,*,#2320,.F.);
#2320 = EDGE_CURVE('',#2186,#2312,#2321,.T.);
#2321 = CIRCLE('',#2322,4.35);
#2322 = AXIS2_PLACEMENT_3D('',#2323,#2324,#2325);
#2323 = CARTESIAN_POINT('',(15.,-14.,11.));
#2324 = DIRECTION('',(1.224646799147E-16,0.,-1.));
#2325 = DIRECTION('',(-1.,0.,-1.224646799147E-16));
#2326 = ORIENTED_EDGE('',*,*,#2207,.F.);
#2327 = ORIENTED_EDGE('',*,*,#2249,.F.);
#2328 = ORIENTED_EDGE('',*,*,#2329,.F.);
#2329 = EDGE_CURVE('',#2330,#2223,#2332,.T.);
#2330 = VERTEX_POINT('',#2331);
#2331 = CARTESIAN_POINT('',(-18.75,0.,11.));
#2332 = CIRCLE('',#2333,18.75);
#2333 = AXIS2_PLACEMENT_3D('',#2334,#2335,#2336);
#2334 = CARTESIAN_POINT('',(0.,0.,11.));
#2335 = DIRECTION('',(1.224646799147E-16,0.,-1.));
#2336 = DIRECTION('',(-1.,0.,-1.224646799147E-16));
#2337 = ORIENTED_EDGE('',*,*,#2338,.F.);
#2338 = EDGE_CURVE('',#2267,#2330,#2339,.T.);
#2339 = CIRCLE('',#2340,18.75);
#2340 = AXIS2_PLACEMENT_3D('',#2341,#2342,#2343);
#2341 = CARTESIAN_POINT('',(0.,0.,11.));
#2342 = DIRECTION('',(1.224646799147E-16,0.,-1.));
#2343 = DIRECTION('',(-1.,0.,-1.224646799147E-16));
#2344 = FACE_BOUND('',#2345,.T.);
#2345 = EDGE_LOOP('',(#2346));
#2346 = ORIENTED_EDGE('',*,*,#2347,.T.);
#2347 = EDGE_CURVE('',#2348,#2348,#2350,.T.);
#2348 = VERTEX_POINT('',#2349);
#2349 = CARTESIAN_POINT('',(-18.15,-14.,11.));
#2350 = CIRCLE('',#2351,3.15);
#2351 = AXIS2_PLACEMENT_3D('',#2352,#2353,#2354);
#2352 = CARTESIAN_POINT('',(-15.,-14.,11.));
#2353 = DIRECTION('',(1.224646799147E-16,0.,-1.));
#2354 = DIRECTION('',(-1.,0.,-1.224646799147E-16));
#2355 = FACE_BOUND('',#2356,.T.);
#2356 = EDGE_LOOP('',(#2357));
#2357 = ORIENTED_EDGE('',*,*,#2358,.T.);
#2358 = EDGE_CURVE('',#2359,#2359,#2361,.T.);
#2359 = VERTEX_POINT('',#2360);
#2360 = CARTESIAN_POINT('',(11.85,-14.,11.));
#2361 = CIRCLE('',#2362,3.15);
#2362 = AXIS2_PLACEMENT_3D('',#2363,#2364,#2365);
#2363 = CARTESIAN_POINT('',(15.,-14.,11.));
#2364 = DIRECTION('',(1.224646799147E-16,0.,-1.));
#2365 = DIRECTION('',(-1.,0.,-1.224646799147E-16));
#2366 = FACE_BOUND('',#2367,.T.);
#2367 = EDGE_LOOP('',(#2368));
#2368 = ORIENTED_EDGE('',*,*,#2369,.T.);
#2369 = EDGE_CURVE('',#2370,#2370,#2372,.T.);
#2370 = VERTEX_POINT('',#2371);
#2371 = CARTESIAN_POINT('',(-8.5,5.6,11.));
#2372 = CIRCLE('',#2373,2.2);
#2373 = AXIS2_PLACEMENT_3D('',#2374,#2375,#2376);
#2374 = CARTESIAN_POINT('',(-6.3,5.6,11.));
#2375 = DIRECTION('',(1.224646799147E-16,0.,-1.));
#2376 = DIRECTION('',(-1.,0.,-1.224646799147E-16));
#2377 = FACE_BOUND('',#2378,.T.);
#2378 = EDGE_LOOP('',(#2379,#2389,#2398,#2406,#2415,#2423,#2432,#2441,
    #2450,#2458,#2467,#2475,#2484,#2492,#2501,#2510,#2518,#2526,#2535,
    #2544,#2553,#2561,#2569,#2578,#2587,#2595,#2604,#2612,#2620,#2629,
    #2638,#2646,#2654,#2663,#2671,#2679,#2687,#2696,#2704,#2713,#2722,
    #2731,#2739,#2747,#2756,#2764,#2772,#2781,#2790,#2799,#2808,#2816));
#2379 = ORIENTED_EDGE('',*,*,#2380,.F.);
#2380 = EDGE_CURVE('',#2381,#2383,#2385,.T.);
#2381 = VERTEX_POINT('',#2382);
#2382 = CARTESIAN_POINT('',(-4.265622252365,-4.675529534176,11.));
#2383 = VERTEX_POINT('',#2384);
#2384 = CARTESIAN_POINT('',(-5.804178466646,-5.161389391317,11.));
#2385 = LINE('',#2386,#2387);
#2386 = CARTESIAN_POINT('',(-2.199204062021,-4.022976421436,11.));
#2387 = VECTOR('',#2388,1.);
#2388 = DIRECTION('',(-0.953582665134,-0.301131367937,
    -1.167801958579E-16));
#2389 = ORIENTED_EDGE('',*,*,#2390,.T.);
#2390 = EDGE_CURVE('',#2381,#2391,#2393,.T.);
#2391 = VERTEX_POINT('',#2392);
#2392 = CARTESIAN_POINT('',(-3.934377747635,-5.724470465824,11.));
#2393 = CIRCLE('',#2394,0.55);
#2394 = AXIS2_PLACEMENT_3D('',#2395,#2396,#2397);
#2395 = CARTESIAN_POINT('',(-4.1,-5.2,11.));
#2396 = DIRECTION('',(1.224646799147E-16,0.,-1.));
#2397 = DIRECTION('',(-1.,0.,-1.224646799147E-16));
#2398 = ORIENTED_EDGE('',*,*,#2399,.F.);
#2399 = EDGE_CURVE('',#2400,#2391,#2402,.T.);
#2400 = VERTEX_POINT('',#2401);
#2401 = CARTESIAN_POINT('',(-4.07929117614,-5.770232601141,11.));
#2402 = LINE('',#2403,#2404);
#2403 = CARTESIAN_POINT('',(-2.81795955729,-5.371917353083,11.));
#2404 = VECTOR('',#2405,1.);
#2405 = DIRECTION('',(0.953582665134,0.301131367937,1.167801958579E-16)
  );
#2406 = ORIENTED_EDGE('',*,*,#2407,.T.);
#2407 = EDGE_CURVE('',#2400,#2408,#2410,.T.);
#2408 = VERTEX_POINT('',#2409);
#2409 = CARTESIAN_POINT('',(-5.081150073725,-7.449845502787,11.));
#2410 = CIRCLE('',#2411,1.15);
#2411 = AXIS2_PLACEMENT_3D('',#2412,#2413,#2414);
#2412 = CARTESIAN_POINT('',(-5.1,-6.3,11.));
#2413 = DIRECTION('',(1.224646799147E-16,0.,-1.));
#2414 = DIRECTION('',(-1.,0.,-1.224646799147E-16));
#2415 = ORIENTED_EDGE('',*,*,#2416,.F.);
#2416 = EDGE_CURVE('',#2417,#2408,#2419,.T.);
#2417 = VERTEX_POINT('',#2418);
#2418 = CARTESIAN_POINT('',(-11.06111487309,-7.547877712613,11.));
#2419 = LINE('',#2420,#2421);
#2420 = CARTESIAN_POINT('',(-11.18115007372,-7.549845502787,11.));
#2421 = VECTOR('',#2422,1.);
#2422 = DIRECTION('',(0.999865654597,1.63912402393E-02,1.22448227348E-16
    ));
#2423 = ORIENTED_EDGE('',*,*,#2424,.T.);
#2424 = EDGE_CURVE('',#2417,#2425,#2427,.T.);
#2425 = VERTEX_POINT('',#2426);
#2426 = CARTESIAN_POINT('',(-17.7,-5.3,11.));
#2427 = CIRCLE('',#2428,3.7);
#2428 = AXIS2_PLACEMENT_3D('',#2429,#2430,#2431);
#2429 = CARTESIAN_POINT('',(-14.,-5.3,11.));
#2430 = DIRECTION('',(1.224646799147E-16,0.,-1.));
#2431 = DIRECTION('',(-1.,0.,-1.224646799147E-16));
#2432 = ORIENTED_EDGE('',*,*,#2433,.T.);
#2433 = EDGE_CURVE('',#2425,#2434,#2436,.T.);
#2434 = VERTEX_POINT('',#2435);
#2435 = CARTESIAN_POINT('',(-13.63750733141,-1.61779969784,11.));
#2436 = CIRCLE('',#2437,3.7);
#2437 = AXIS2_PLACEMENT_3D('',#2438,#2439,#2440);
#2438 = CARTESIAN_POINT('',(-14.,-5.3,11.));
#2439 = DIRECTION('',(1.224646799147E-16,0.,-1.));
#2440 = DIRECTION('',(-1.,0.,-1.224646799147E-16));
#2441 = ORIENTED_EDGE('',*,*,#2442,.T.);
#2442 = EDGE_CURVE('',#2434,#2443,#2445,.T.);
#2443 = VERTEX_POINT('',#2444);
#2444 = CARTESIAN_POINT('',(-12.817320014,-0.842715243032,11.));
#2445 = CIRCLE('',#2446,1.2);
#2446 = AXIS2_PLACEMENT_3D('',#2447,#2448,#2449);
#2447 = CARTESIAN_POINT('',(-12.5,-2.,11.));
#2448 = DIRECTION('',(1.224646799147E-16,0.,-1.));
#2449 = DIRECTION('',(-1.,0.,-1.224646799147E-16));
#2450 = ORIENTED_EDGE('',*,*,#2451,.F.);
#2451 = EDGE_CURVE('',#2452,#2443,#2454,.T.);
#2452 = VERTEX_POINT('',#2453);
#2453 = CARTESIAN_POINT('',(-6.617320014007,0.857284756968,11.));
#2454 = LINE('',#2455,#2456);
#2455 = CARTESIAN_POINT('',(-6.617320014007,0.857284756968,11.));
#2456 = VECTOR('',#2457,1.);
#2457 = DIRECTION('',(-0.96440396414,-0.264433345006,-1.181054227769E-16
    ));
#2458 = ORIENTED_EDGE('',*,*,#2459,.T.);
#2459 = EDGE_CURVE('',#2452,#2460,#2462,.T.);
#2460 = VERTEX_POINT('',#2461);
#2461 = CARTESIAN_POINT('',(-5.982679985993,-1.457284756968,11.));
#2462 = CIRCLE('',#2463,1.2);
#2463 = AXIS2_PLACEMENT_3D('',#2464,#2465,#2466);
#2464 = CARTESIAN_POINT('',(-6.3,-0.3,11.));
#2465 = DIRECTION('',(1.224646799147E-16,0.,-1.));
#2466 = DIRECTION('',(-1.,0.,-1.224646799147E-16));
#2467 = ORIENTED_EDGE('',*,*,#2468,.F.);
#2468 = EDGE_CURVE('',#2469,#2460,#2471,.T.);
#2469 = VERTEX_POINT('',#2470);
#2470 = CARTESIAN_POINT('',(-11.19545514553,-2.886594074906,11.));
#2471 = LINE('',#2472,#2473);
#2472 = CARTESIAN_POINT('',(-12.18267998599,-3.157284756968,11.));
#2473 = VECTOR('',#2474,1.);
#2474 = DIRECTION('',(0.96440396414,0.264433345006,1.181054227769E-16));
#2475 = ORIENTED_EDGE('',*,*,#2476,.T.);
#2476 = EDGE_CURVE('',#2469,#2477,#2479,.T.);
#2477 = VERTEX_POINT('',#2478);
#2478 = CARTESIAN_POINT('',(-11.01615425169,-3.112155272811,11.));
#2479 = CIRCLE('',#2480,3.7);
#2480 = AXIS2_PLACEMENT_3D('',#2481,#2482,#2483);
#2481 = CARTESIAN_POINT('',(-14.,-5.3,11.));
#2482 = DIRECTION('',(1.224646799147E-16,0.,-1.));
#2483 = DIRECTION('',(-1.,0.,-1.224646799147E-16));
#2484 = ORIENTED_EDGE('',*,*,#2485,.F.);
#2485 = EDGE_CURVE('',#2486,#2477,#2488,.T.);
#2486 = VERTEX_POINT('',#2487);
#2487 = CARTESIAN_POINT('',(-4.48123047849,-2.113764140794,11.));
#2488 = LINE('',#2489,#2490);
#2489 = CARTESIAN_POINT('',(-4.48123047849,-2.113764140794,11.));
#2490 = VECTOR('',#2491,1.);
#2491 = DIRECTION('',(-0.988529882672,-0.151025398742,
    -1.210599956675E-16));
#2492 = ORIENTED_EDGE('',*,*,#2493,.T.);
#2493 = EDGE_CURVE('',#2486,#2494,#2496,.T.);
#2494 = VERTEX_POINT('',#2495);
#2495 = CARTESIAN_POINT('',(-3.155041019465,-2.940738350373,11.));
#2496 = CIRCLE('',#2497,1.2);
#2497 = AXIS2_PLACEMENT_3D('',#2498,#2499,#2500);
#2498 = CARTESIAN_POINT('',(-4.3,-3.3,11.));
#2499 = DIRECTION('',(1.224646799147E-16,0.,-1.));
#2500 = DIRECTION('',(-1.,0.,-1.224646799147E-16));
#2501 = ORIENTED_EDGE('',*,*,#2502,.T.);
#2502 = EDGE_CURVE('',#2494,#2503,#2505,.T.);
#2503 = VERTEX_POINT('',#2504);
#2504 = CARTESIAN_POINT('',(-2.690702922489,-2.623062167639,11.));
#2505 = CIRCLE('',#2506,0.8);
#2506 = AXIS2_PLACEMENT_3D('',#2507,#2508,#2509);
#2507 = CARTESIAN_POINT('',(-2.5,-3.4,11.));
#2508 = DIRECTION('',(1.224646799147E-16,0.,-1.));
#2509 = DIRECTION('',(-1.,0.,-1.224646799147E-16));
#2510 = ORIENTED_EDGE('',*,*,#2511,.F.);
#2511 = EDGE_CURVE('',#2512,#2503,#2514,.T.);
#2512 = VERTEX_POINT('',#2513);
#2513 = CARTESIAN_POINT('',(-1.348981201794,-2.293730472559,11.));
#2514 = LINE('',#2515,#2516);
#2515 = CARTESIAN_POINT('',(3.922628609051,-0.999789882624,11.));
#2516 = VECTOR('',#2517,1.);
#2517 = DIRECTION('',(-0.971172290452,-0.238378653111,
    -1.189343036922E-16));
#2518 = ORIENTED_EDGE('',*,*,#2519,.F.);
#2519 = EDGE_CURVE('',#2520,#2512,#2522,.T.);
#2520 = VERTEX_POINT('',#2521);
#2521 = CARTESIAN_POINT('',(-2.572969188892,-2.019831062859,11.));
#2522 = LINE('',#2523,#2524);
#2523 = CARTESIAN_POINT('',(-2.572969188892,-2.019831062859,11.));
#2524 = VECTOR('',#2525,1.);
#2525 = DIRECTION('',(0.975864850287,-0.218375351113,1.195089765305E-16)
  );
#2526 = ORIENTED_EDGE('',*,*,#2527,.T.);
#2527 = EDGE_CURVE('',#2520,#2528,#2530,.T.);
#2528 = VERTEX_POINT('',#2529);
#2529 = CARTESIAN_POINT('',(-3.55,-0.8,11.));
#2530 = CIRCLE('',#2531,1.25);
#2531 = AXIS2_PLACEMENT_3D('',#2532,#2533,#2534);
#2532 = CARTESIAN_POINT('',(-2.3,-0.8,11.));
#2533 = DIRECTION('',(1.224646799147E-16,0.,-1.));
#2534 = DIRECTION('',(-1.,0.,-1.224646799147E-16));
#2535 = ORIENTED_EDGE('',*,*,#2536,.T.);
#2536 = EDGE_CURVE('',#2528,#2537,#2539,.T.);
#2537 = VERTEX_POINT('',#2538);
#2538 = CARTESIAN_POINT('',(-2.627634950548,0.406298196624,11.));
#2539 = CIRCLE('',#2540,1.25);
#2540 = AXIS2_PLACEMENT_3D('',#2541,#2542,#2543);
#2541 = CARTESIAN_POINT('',(-2.3,-0.8,11.));
#2542 = DIRECTION('',(1.224646799147E-16,0.,-1.));
#2543 = DIRECTION('',(-1.,0.,-1.224646799147E-16));
#2544 = ORIENTED_EDGE('',*,*,#2545,.T.);
#2545 = EDGE_CURVE('',#2537,#2546,#2548,.T.);
#2546 = VERTEX_POINT('',#2547);
#2547 = CARTESIAN_POINT('',(-1.983613152461,1.429931449123,11.));
#2548 = CIRCLE('',#2549,0.85);
#2549 = AXIS2_PLACEMENT_3D('',#2550,#2551,#2552);
#2550 = CARTESIAN_POINT('',(-1.8,0.6,11.));
#2551 = DIRECTION('',(1.224646799147E-16,0.,-1.));
#2552 = DIRECTION('',(-1.,0.,-1.224646799147E-16));
#2553 = ORIENTED_EDGE('',*,*,#2554,.F.);
#2554 = EDGE_CURVE('',#2555,#2546,#2557,.T.);
#2555 = VERTEX_POINT('',#2556);
#2556 = CARTESIAN_POINT('',(-0.959085543726,1.656596849286,11.));
#2557 = LINE('',#2558,#2559);
#2558 = CARTESIAN_POINT('',(4.033631592806,2.761180286571,11.));
#2559 = VECTOR('',#2560,1.);
#2560 = DIRECTION('',(-0.976389940145,-0.216015473483,
    -1.195732814918E-16));
#2561 = ORIENTED_EDGE('',*,*,#2562,.F.);
#2562 = EDGE_CURVE('',#2563,#2555,#2565,.T.);
#2563 = VERTEX_POINT('',#2564);
#2564 = CARTESIAN_POINT('',(-2.23331267609,2.127506876464,11.));
#2565 = LINE('',#2566,#2567);
#2566 = CARTESIAN_POINT('',(-2.23331267609,2.127506876464,11.));
#2567 = VECTOR('',#2568,1.);
#2568 = DIRECTION('',(0.937994498829,-0.346650140872,1.148711960609E-16)
  );
#2569 = ORIENTED_EDGE('',*,*,#2570,.T.);
#2570 = EDGE_CURVE('',#2563,#2571,#2573,.T.);
#2571 = VERTEX_POINT('',#2572);
#2572 = CARTESIAN_POINT('',(-3.05,3.3,11.));
#2573 = CIRCLE('',#2574,1.25);
#2574 = AXIS2_PLACEMENT_3D('',#2575,#2576,#2577);
#2575 = CARTESIAN_POINT('',(-1.8,3.3,11.));
#2576 = DIRECTION('',(1.224646799147E-16,0.,-1.));
#2577 = DIRECTION('',(-1.,0.,-1.224646799147E-16));
#2578 = ORIENTED_EDGE('',*,*,#2579,.T.);
#2579 = EDGE_CURVE('',#2571,#2580,#2582,.T.);
#2580 = VERTEX_POINT('',#2581);
#2581 = CARTESIAN_POINT('',(-1.36668732391,4.472493123536,11.));
#2582 = CIRCLE('',#2583,1.25);
#2583 = AXIS2_PLACEMENT_3D('',#2584,#2585,#2586);
#2584 = CARTESIAN_POINT('',(-1.8,3.3,11.));
#2585 = DIRECTION('',(1.224646799147E-16,0.,-1.));
#2586 = DIRECTION('',(-1.,0.,-1.224646799147E-16));
#2587 = ORIENTED_EDGE('',*,*,#2588,.F.);
#2588 = EDGE_CURVE('',#2589,#2580,#2591,.T.);
#2589 = VERTEX_POINT('',#2590);
#2590 = CARTESIAN_POINT('',(-0.317056734651,4.084586166636,11.));
#2591 = LINE('',#2592,#2593);
#2592 = CARTESIAN_POINT('',(12.43331267609,-0.627506876464,11.));
#2593 = VECTOR('',#2594,1.);
#2594 = DIRECTION('',(-0.937994498829,0.346650140872,-1.148711960609E-16
    ));
#2595 = ORIENTED_EDGE('',*,*,#2596,.T.);
#2596 = EDGE_CURVE('',#2589,#2597,#2599,.T.);
#2597 = VERTEX_POINT('',#2598);
#2598 = CARTESIAN_POINT('',(1.710289992513E-02,4.301541783545,11.));
#2599 = CIRCLE('',#2600,0.85);
#2600 = AXIS2_PLACEMENT_3D('',#2601,#2602,#2603);
#2601 = CARTESIAN_POINT('',(0.3,3.5,11.));
#2602 = DIRECTION('',(1.224646799147E-16,0.,-1.));
#2603 = DIRECTION('',(-1.,0.,-1.224646799147E-16));
#2604 = ORIENTED_EDGE('',*,*,#2605,.F.);
#2605 = EDGE_CURVE('',#2606,#2597,#2608,.T.);
#2606 = VERTEX_POINT('',#2607);
#2607 = CARTESIAN_POINT('',(1.557026946145,4.845044388094,11.));
#2608 = LINE('',#2609,#2610);
#2609 = CARTESIAN_POINT('',(2.999759493866,5.354244110819,11.));
#2610 = VECTOR('',#2611,1.);
#2611 = DIRECTION('',(-0.942990333583,-0.332820117735,
    -1.154830093649E-16));
#2612 = ORIENTED_EDGE('',*,*,#2613,.F.);
#2613 = EDGE_CURVE('',#2614,#2606,#2616,.T.);
#2614 = VERTEX_POINT('',#2615);
#2615 = CARTESIAN_POINT('',(-0.90478692548,6.206047178911,11.));
#2616 = LINE('',#2617,#2618);
#2617 = CARTESIAN_POINT('',(-0.90478692548,6.206047178911,11.));
#2618 = VECTOR('',#2619,1.);
#2619 = DIRECTION('',(0.875162256871,-0.483829540384,1.071764656612E-16)
  );
#2620 = ORIENTED_EDGE('',*,*,#2621,.T.);
#2621 = EDGE_CURVE('',#2614,#2622,#2624,.T.);
#2622 = VERTEX_POINT('',#2623);
#2623 = CARTESIAN_POINT('',(-1.55,7.3,11.));
#2624 = CIRCLE('',#2625,1.25);
#2625 = AXIS2_PLACEMENT_3D('',#2626,#2627,#2628);
#2626 = CARTESIAN_POINT('',(-0.3,7.3,11.));
#2627 = DIRECTION('',(1.224646799147E-16,0.,-1.));
#2628 = DIRECTION('',(-1.,0.,-1.224646799147E-16));
#2629 = ORIENTED_EDGE('',*,*,#2630,.T.);
#2630 = EDGE_CURVE('',#2622,#2631,#2633,.T.);
#2631 = VERTEX_POINT('',#2632);
#2632 = CARTESIAN_POINT('',(0.30478692548,8.393952821089,11.));
#2633 = CIRCLE('',#2634,1.25);
#2634 = AXIS2_PLACEMENT_3D('',#2635,#2636,#2637);
#2635 = CARTESIAN_POINT('',(-0.3,7.3,11.));
#2636 = DIRECTION('',(1.224646799147E-16,0.,-1.));
#2637 = DIRECTION('',(-1.,0.,-1.224646799147E-16));
#2638 = ORIENTED_EDGE('',*,*,#2639,.F.);
#2639 = EDGE_CURVE('',#2640,#2631,#2642,.T.);
#2640 = VERTEX_POINT('',#2641);
#2641 = CARTESIAN_POINT('',(4.710764047256,5.958128070839,11.));
#2642 = LINE('',#2643,#2644);
#2643 = CARTESIAN_POINT('',(12.60478692548,1.593952821089,11.));
#2644 = VECTOR('',#2645,1.);
#2645 = DIRECTION('',(-0.875162256871,0.483829540384,-1.071764656612E-16
    ));
#2646 = ORIENTED_EDGE('',*,*,#2647,.F.);
#2647 = EDGE_CURVE('',#2648,#2640,#2650,.T.);
#2648 = VERTEX_POINT('',#2649);
#2649 = CARTESIAN_POINT('',(8.517102899925,7.301541783545,11.));
#2650 = LINE('',#2651,#2652);
#2651 = CARTESIAN_POINT('',(2.999759493866,5.354244110819,11.));
#2652 = VECTOR('',#2653,1.);
#2653 = DIRECTION('',(-0.942990333583,-0.332820117735,
    -1.154830093649E-16));
#2654 = ORIENTED_EDGE('',*,*,#2655,.T.);
#2655 = EDGE_CURVE('',#2648,#2656,#2658,.T.);
#2656 = VERTEX_POINT('',#2657);
#2657 = CARTESIAN_POINT('',(9.082897100075,5.698458216455,11.));
#2658 = CIRCLE('',#2659,0.85);
#2659 = AXIS2_PLACEMENT_3D('',#2660,#2661,#2662);
#2660 = CARTESIAN_POINT('',(8.8,6.5,11.));
#2661 = DIRECTION('',(1.224646799147E-16,0.,-1.));
#2662 = DIRECTION('',(-1.,0.,-1.224646799147E-16));
#2663 = ORIENTED_EDGE('',*,*,#2664,.F.);
#2664 = EDGE_CURVE('',#2665,#2656,#2667,.T.);
#2665 = VERTEX_POINT('',#2666);
#2666 = CARTESIAN_POINT('',(6.701051195354,4.857806720671,11.));
#2667 = LINE('',#2668,#2669);
#2668 = CARTESIAN_POINT('',(-0.684446305984,2.251160543728,11.));
#2669 = VECTOR('',#2670,1.);
#2670 = DIRECTION('',(0.942990333583,0.332820117735,1.154830093649E-16)
  );
#2671 = ORIENTED_EDGE('',*,*,#2672,.F.);
#2672 = EDGE_CURVE('',#2673,#2665,#2675,.T.);
#2673 = VERTEX_POINT('',#2674);
#2674 = CARTESIAN_POINT('',(8.647207485875,3.781882917781,11.));
#2675 = LINE('',#2676,#2677);
#2676 = CARTESIAN_POINT('',(12.60478692548,1.593952821089,11.));
#2677 = VECTOR('',#2678,1.);
#2678 = DIRECTION('',(-0.875162256871,0.483829540384,-1.071764656612E-16
    ));
#2679 = ORIENTED_EDGE('',*,*,#2680,.F.);
#2680 = EDGE_CURVE('',#2681,#2673,#2683,.T.);
#2681 = VERTEX_POINT('',#2682);
#2682 = CARTESIAN_POINT('',(9.316386847539,3.929931449123,11.));
#2683 = LINE('',#2684,#2685);
#2684 = CARTESIAN_POINT('',(4.033631592806,2.761180286571,11.));
#2685 = VECTOR('',#2686,1.);
#2686 = DIRECTION('',(-0.976389940145,-0.216015473483,
    -1.195732814918E-16));
#2687 = ORIENTED_EDGE('',*,*,#2688,.T.);
#2688 = EDGE_CURVE('',#2681,#2689,#2691,.T.);
#2689 = VERTEX_POINT('',#2690);
#2690 = CARTESIAN_POINT('',(10.315318360437,2.859675279812,11.));
#2691 = CIRCLE('',#2692,0.85);
#2692 = AXIS2_PLACEMENT_3D('',#2693,#2694,#2695);
#2693 = CARTESIAN_POINT('',(9.5,3.1,11.));
#2694 = DIRECTION('',(1.224646799147E-16,0.,-1.));
#2695 = DIRECTION('',(-1.,0.,-1.224646799147E-16));
#2696 = ORIENTED_EDGE('',*,*,#2697,.F.);
#2697 = EDGE_CURVE('',#2698,#2689,#2700,.T.);
#2698 = VERTEX_POINT('',#2699);
#2699 = CARTESIAN_POINT('',(12.60478692548,1.593952821089,11.));
#2700 = LINE('',#2701,#2702);
#2701 = CARTESIAN_POINT('',(12.60478692548,1.593952821089,11.));
#2702 = VECTOR('',#2703,1.);
#2703 = DIRECTION('',(-0.875162256871,0.483829540384,-1.071764656612E-16
    ));
#2704 = ORIENTED_EDGE('',*,*,#2705,.T.);
#2705 = EDGE_CURVE('',#2698,#2706,#2708,.T.);
#2706 = VERTEX_POINT('',#2707);
#2707 = CARTESIAN_POINT('',(12.489897948557,-0.65,11.));
#2708 = CIRCLE('',#2709,1.25);
#2709 = AXIS2_PLACEMENT_3D('',#2710,#2711,#2712);
#2710 = CARTESIAN_POINT('',(12.,0.5,11.));
#2711 = DIRECTION('',(1.224646799147E-16,0.,-1.));
#2712 = DIRECTION('',(-1.,0.,-1.224646799147E-16));
#2713 = ORIENTED_EDGE('',*,*,#2714,.T.);
#2714 = EDGE_CURVE('',#2706,#2715,#2717,.T.);
#2715 = VERTEX_POINT('',#2716);
#2716 = CARTESIAN_POINT('',(13.194551761212,-1.43183415451,11.));
#2717 = CIRCLE('',#2718,1.25);
#2718 = AXIS2_PLACEMENT_3D('',#2719,#2720,#2721);
#2719 = CARTESIAN_POINT('',(12.,-1.8,11.));
#2720 = DIRECTION('',(1.224646799147E-16,0.,-1.));
#2721 = DIRECTION('',(-1.,0.,-1.224646799147E-16));
#2722 = ORIENTED_EDGE('',*,*,#2723,.T.);
#2723 = EDGE_CURVE('',#2715,#2724,#2726,.T.);
#2724 = VERTEX_POINT('',#2725);
#2725 = CARTESIAN_POINT('',(11.006973302588,-7.439325905181,11.));
#2726 = CIRCLE('',#2727,3.9);
#2727 = AXIS2_PLACEMENT_3D('',#2728,#2729,#2730);
#2728 = CARTESIAN_POINT('',(14.2,-5.2,11.));
#2729 = DIRECTION('',(1.224646799147E-16,0.,-1.));
#2730 = DIRECTION('',(-1.,0.,-1.224646799147E-16));
#2731 = ORIENTED_EDGE('',*,*,#2732,.F.);
#2732 = EDGE_CURVE('',#2733,#2724,#2735,.T.);
#2733 = VERTEX_POINT('',#2734);
#2734 = CARTESIAN_POINT('',(3.152538835933,-6.492337352463,11.));
#2735 = LINE('',#2736,#2737);
#2736 = CARTESIAN_POINT('',(-2.249625627678,-5.841012558978,11.));
#2737 = VECTOR('',#2738,1.);
#2738 = DIRECTION('',(0.992810047183,-0.119700502143,1.215841646444E-16)
  );
#2739 = ORIENTED_EDGE('',*,*,#2740,.F.);
#2740 = EDGE_CURVE('',#2741,#2733,#2743,.T.);
#2741 = VERTEX_POINT('',#2742);
#2742 = CARTESIAN_POINT('',(-1.7653448188,-8.112346085787,11.));
#2743 = LINE('',#2744,#2745);
#2744 = CARTESIAN_POINT('',(-0.323209231334,-7.637289656975,11.));
#2745 = VECTOR('',#2746,1.);
#2746 = DIRECTION('',(0.949794781049,0.312873574934,1.163163138459E-16)
  );
#2747 = ORIENTED_EDGE('',*,*,#2748,.T.);
#2748 = EDGE_CURVE('',#2741,#2749,#2751,.T.);
#2749 = VERTEX_POINT('',#2750);
#2750 = CARTESIAN_POINT('',(-2.2346551812,-6.687653914213,11.));
#2751 = CIRCLE('',#2752,0.75);
#2752 = AXIS2_PLACEMENT_3D('',#2753,#2754,#2755);
#2753 = CARTESIAN_POINT('',(-2.,-7.4,11.));
#2754 = DIRECTION('',(1.224646799147E-16,0.,-1.));
#2755 = DIRECTION('',(-1.,0.,-1.224646799147E-16));
#2756 = ORIENTED_EDGE('',*,*,#2757,.F.);
#2757 = EDGE_CURVE('',#2758,#2749,#2760,.T.);
#2758 = VERTEX_POINT('',#2759);
#2759 = CARTESIAN_POINT('',(-0.357153911531,-6.069182907734,11.));
#2760 = LINE('',#2761,#2762);
#2761 = CARTESIAN_POINT('',(3.457480406265,-4.812597485401,11.));
#2762 = VECTOR('',#2763,1.);
#2763 = DIRECTION('',(-0.949794781049,-0.312873574934,
    -1.163163138459E-16));
#2764 = ORIENTED_EDGE('',*,*,#2765,.F.);
#2765 = EDGE_CURVE('',#2766,#2758,#2768,.T.);
#2766 = VERTEX_POINT('',#2767);
#2767 = CARTESIAN_POINT('',(-2.249625627678,-5.841012558978,11.));
#2768 = LINE('',#2769,#2770);
#2769 = CARTESIAN_POINT('',(-2.249625627678,-5.841012558978,11.));
#2770 = VECTOR('',#2771,1.);
#2771 = DIRECTION('',(0.992810047183,-0.119700502143,1.215841646444E-16)
  );
#2772 = ORIENTED_EDGE('',*,*,#2773,.T.);
#2773 = EDGE_CURVE('',#2766,#2774,#2776,.T.);
#2774 = VERTEX_POINT('',#2775);
#2775 = CARTESIAN_POINT('',(-3.35,-4.6,11.));
#2776 = CIRCLE('',#2777,1.25);
#2777 = AXIS2_PLACEMENT_3D('',#2778,#2779,#2780);
#2778 = CARTESIAN_POINT('',(-2.1,-4.6,11.));
#2779 = DIRECTION('',(1.224646799147E-16,0.,-1.));
#2780 = DIRECTION('',(-1.,0.,-1.224646799147E-16));
#2781 = ORIENTED_EDGE('',*,*,#2782,.T.);
#2782 = EDGE_CURVE('',#2774,#2783,#2785,.T.);
#2783 = VERTEX_POINT('',#2784);
#2784 = CARTESIAN_POINT('',(-3.130471395696,-3.892448798565,11.));
#2785 = CIRCLE('',#2786,1.25);
#2786 = AXIS2_PLACEMENT_3D('',#2787,#2788,#2789);
#2787 = CARTESIAN_POINT('',(-2.1,-4.6,11.));
#2788 = DIRECTION('',(1.224646799147E-16,0.,-1.));
#2789 = DIRECTION('',(-1.,0.,-1.224646799147E-16));
#2790 = ORIENTED_EDGE('',*,*,#2791,.T.);
#2791 = EDGE_CURVE('',#2783,#2792,#2794,.T.);
#2792 = VERTEX_POINT('',#2793);
#2793 = CARTESIAN_POINT('',(-3.201882057458,-3.783877034242,11.));
#2794 = CIRCLE('',#2795,0.8);
#2795 = AXIS2_PLACEMENT_3D('',#2796,#2797,#2798);
#2796 = CARTESIAN_POINT('',(-2.5,-3.4,11.));
#2797 = DIRECTION('',(1.224646799147E-16,0.,-1.));
#2798 = DIRECTION('',(-1.,0.,-1.224646799147E-16));
#2799 = ORIENTED_EDGE('',*,*,#2800,.T.);
#2800 = EDGE_CURVE('',#2792,#2801,#2803,.T.);
#2801 = VERTEX_POINT('',#2802);
#2802 = CARTESIAN_POINT('',(-4.11876952151,-4.486235859206,11.));
#2803 = CIRCLE('',#2804,1.2);
#2804 = AXIS2_PLACEMENT_3D('',#2805,#2806,#2807);
#2805 = CARTESIAN_POINT('',(-4.3,-3.3,11.));
#2806 = DIRECTION('',(1.224646799147E-16,0.,-1.));
#2807 = DIRECTION('',(-1.,0.,-1.224646799147E-16));
#2808 = ORIENTED_EDGE('',*,*,#2809,.F.);
#2809 = EDGE_CURVE('',#2810,#2801,#2812,.T.);
#2810 = VERTEX_POINT('',#2811);
#2811 = CARTESIAN_POINT('',(-8.866557282751,-5.211592322729,11.));
#2812 = LINE('',#2813,#2814);
#2813 = CARTESIAN_POINT('',(-11.31876952151,-5.586235859206,11.));
#2814 = VECTOR('',#2815,1.);
#2815 = DIRECTION('',(0.988529882672,0.151025398742,1.210599956675E-16)
  );
#2816 = ORIENTED_EDGE('',*,*,#2817,.F.);
#2817 = EDGE_CURVE('',#2383,#2810,#2818,.T.);
#2818 = LINE('',#2819,#2820);
#2819 = CARTESIAN_POINT('',(-5.118849926275,-5.150154497213,11.));
#2820 = VECTOR('',#2821,1.);
#2821 = DIRECTION('',(-0.999865654597,-1.63912402393E-02,
    -1.22448227348E-16));
#2822 = PLANE('',#2823);
#2823 = AXIS2_PLACEMENT_3D('',#2824,#2825,#2826);
#2824 = CARTESIAN_POINT('',(-0.19411176765,-3.176224638113,11.));
#2825 = DIRECTION('',(-1.224646799147E-16,-0.,1.));
#2826 = DIRECTION('',(1.,0.,1.224646799147E-16));
#2827 = ADVANCED_FACE('',(#2828),#2861,.T.);
#2828 = FACE_BOUND('',#2829,.F.);
#2829 = EDGE_LOOP('',(#2830,#2831,#2840,#2860));
#2830 = ORIENTED_EDGE('',*,*,#2185,.T.);
#2831 = ORIENTED_EDGE('',*,*,#2832,.T.);
#2832 = EDGE_CURVE('',#2177,#2833,#2835,.T.);
#2833 = VERTEX_POINT('',#2834);
#2834 = CARTESIAN_POINT('',(10.631089015392,-15.98811891208,10.55));
#2835 = CIRCLE('',#2836,4.8);
#2836 = AXIS2_PLACEMENT_3D('',#2837,#2838,#2839);
#2837 = CARTESIAN_POINT('',(15.,-14.,10.55));
#2838 = DIRECTION('',(1.224646799147E-16,0.,-1.));
#2839 = DIRECTION('',(-1.,0.,-1.224646799147E-16));
#2840 = ORIENTED_EDGE('',*,*,#2841,.T.);
#2841 = EDGE_CURVE('',#2833,#2312,#2842,.T.);
#2842 = B_SPLINE_CURVE_WITH_KNOTS('',6,(#2843,#2844,#2845,#2846,#2847,
    #2848,#2849,#2850,#2851,#2852,#2853,#2854,#2855,#2856,#2857,#2858,
    #2859),.UNSPECIFIED.,.F.,.F.,(7,5,5,7),(0.,0.278927787637,
    0.562764833867,1.),.UNSPECIFIED.);
#2843 = CARTESIAN_POINT('',(10.631089015392,-15.98811891208,10.55));
#2844 = CARTESIAN_POINT('',(10.631089015392,-15.98811891208,
    10.584132250528));
#2845 = CARTESIAN_POINT('',(10.632406057515,-15.98351247924,
    10.618266910399));
#2846 = CARTESIAN_POINT('',(10.635040221712,-15.9742980537,
    10.651997496294));
#2847 = CARTESIAN_POINT('',(10.638971533814,-15.96058538194,
    10.68492881531));
#2848 = CARTESIAN_POINT('',(10.644162453713,-15.94257720581,
    10.716697326481));
#2849 = CARTESIAN_POINT('',(10.657070879566,-15.89813702531,
    10.777818869657));
#2850 = CARTESIAN_POINT('',(10.664831849479,-15.87155998143,
    10.80712237274));
#2851 = CARTESIAN_POINT('',(10.673788372524,-15.8411093194,
    10.834574144139));
#2852 = CARTESIAN_POINT('',(10.683872655288,-15.80713990479,
    10.859911843359));
#2853 = CARTESIAN_POINT('',(10.695007547886,-15.77004293319,
    10.882935492601));
#2854 = CARTESIAN_POINT('',(10.725753357228,-15.66886709821,
    10.935189434409));
#2855 = CARTESIAN_POINT('',(10.746692242955,-15.60104328782,
    10.961048106373));
#2856 = CARTESIAN_POINT('',(10.769626539886,-15.52819351917,
    10.980569189951));
#2857 = CARTESIAN_POINT('',(10.794223935149,-15.45181064119,
    10.993553374052));
#2858 = CARTESIAN_POINT('',(10.820128108589,-15.37329203722,
    11.000000030326));
#2859 = CARTESIAN_POINT('',(10.846924193293,-15.29400979288,11.));
#2860 = ORIENTED_EDGE('',*,*,#2320,.F.);
#2861 = TOROIDAL_SURFACE('',#2862,4.35,0.45);
#2862 = AXIS2_PLACEMENT_3D('',#2863,#2864,#2865);
#2863 = CARTESIAN_POINT('',(15.,-14.,10.55));
#2864 = DIRECTION('',(-1.224646799147E-16,-0.,1.));
#2865 = DIRECTION('',(-1.,0.,-1.224646799147E-16));
#2866 = ADVANCED_FACE('',(#2867),#2893,.T.);
#2867 = FACE_BOUND('',#2868,.T.);
#2868 = EDGE_LOOP('',(#2869,#2877,#2878,#2886));
#2869 = ORIENTED_EDGE('',*,*,#2870,.F.);
#2870 = EDGE_CURVE('',#2158,#2871,#2873,.T.);
#2871 = VERTEX_POINT('',#2872);
#2872 = CARTESIAN_POINT('',(17.265986514664,-8.397958661214,5.95));
#2873 = LINE('',#2874,#2875);
#2874 = CARTESIAN_POINT('',(17.265986514663,-8.397958661214,11.));
#2875 = VECTOR('',#2876,1.);
#2876 = DIRECTION('',(1.224646799147E-16,0.,-1.));
#2877 = ORIENTED_EDGE('',*,*,#2176,.T.);
#2878 = ORIENTED_EDGE('',*,*,#2879,.T.);
#2879 = EDGE_CURVE('',#2177,#2880,#2882,.T.);
#2880 = VERTEX_POINT('',#2881);
#2881 = CARTESIAN_POINT('',(16.682450177007,-9.504517667492,5.95));
#2882 = LINE('',#2883,#2884);
#2883 = CARTESIAN_POINT('',(16.682450177007,-9.504517667492,11.));
#2884 = VECTOR('',#2885,1.);
#2885 = DIRECTION('',(1.224646799147E-16,0.,-1.));
#2886 = ORIENTED_EDGE('',*,*,#2887,.F.);
#2887 = EDGE_CURVE('',#2871,#2880,#2888,.T.);
#2888 = CIRCLE('',#2889,19.2);
#2889 = AXIS2_PLACEMENT_3D('',#2890,#2891,#2892);
#2890 = CARTESIAN_POINT('',(6.184466335694E-16,0.,5.95));
#2891 = DIRECTION('',(1.224646799147E-16,0.,-1.));
#2892 = DIRECTION('',(-1.,0.,-1.224646799147E-16));
#2893 = CYLINDRICAL_SURFACE('',#2894,19.2);
#2894 = AXIS2_PLACEMENT_3D('',#2895,#2896,#2897);
#2895 = CARTESIAN_POINT('',(0.,0.,11.));
#2896 = DIRECTION('',(1.224646799147E-16,0.,-1.));
#2897 = DIRECTION('',(-1.,0.,-1.224646799147E-16));
#2898 = ADVANCED_FACE('',(#2899),#2930,.T.);
#2899 = FACE_BOUND('',#2900,.F.);
#2900 = EDGE_LOOP('',(#2901,#2910,#2921,#2928,#2929));
#2901 = ORIENTED_EDGE('',*,*,#2902,.F.);
#2902 = EDGE_CURVE('',#2903,#2330,#2905,.T.);
#2903 = VERTEX_POINT('',#2904);
#2904 = CARTESIAN_POINT('',(-19.17692307692,0.,10.692255707761));
#2905 = CIRCLE('',#2906,0.45);
#2906 = AXIS2_PLACEMENT_3D('',#2907,#2908,#2909);
#2907 = CARTESIAN_POINT('',(-18.75,0.,10.55));
#2908 = DIRECTION('',(0.,1.,0.));
#2909 = DIRECTION('',(-1.,0.,-1.224646799147E-16));
#2910 = ORIENTED_EDGE('',*,*,#2911,.F.);
#2911 = EDGE_CURVE('',#2912,#2903,#2914,.T.);
#2912 = VERTEX_POINT('',#2913);
#2913 = CARTESIAN_POINT('',(-19.19999416045,1.497459796882E-02,10.55));
#2914 = B_SPLINE_CURVE_WITH_KNOTS('',5,(#2915,#2916,#2917,#2918,#2919,
    #2920),.UNSPECIFIED.,.F.,.F.,(6,6),(0.,1.),
  .PIECEWISE_BEZIER_KNOTS.);
#2915 = CARTESIAN_POINT('',(-19.19999416045,1.497459796901E-02,10.55));
#2916 = CARTESIAN_POINT('',(-19.19999416045,1.497459796901E-02,
    10.578967576789));
#2917 = CARTESIAN_POINT('',(-19.19766445998,1.346464006703E-02,
    10.607935409985));
#2918 = CARTESIAN_POINT('',(-19.19300489644,1.044466569212E-02,
    10.636642489898));
#2919 = CARTESIAN_POINT('',(-19.18606172294,5.9401199146E-03,
    10.664829751079));
#2920 = CARTESIAN_POINT('',(-19.17692307692,-2.22044604925E-16,
    10.692255707761));
#2921 = ORIENTED_EDGE('',*,*,#2922,.T.);
#2922 = EDGE_CURVE('',#2912,#2225,#2923,.T.);
#2923 = CIRCLE('',#2924,19.2);
#2924 = AXIS2_PLACEMENT_3D('',#2925,#2926,#2927);
#2925 = CARTESIAN_POINT('',(5.510910596163E-17,0.,10.55));
#2926 = DIRECTION('',(1.224646799147E-16,0.,-1.));
#2927 = DIRECTION('',(-1.,0.,-1.224646799147E-16));
#2928 = ORIENTED_EDGE('',*,*,#2222,.F.);
#2929 = ORIENTED_EDGE('',*,*,#2329,.F.);
#2930 = TOROIDAL_SURFACE('',#2931,18.75,0.45);
#2931 = AXIS2_PLACEMENT_3D('',#2932,#2933,#2934);
#2932 = CARTESIAN_POINT('',(5.510910596163E-17,0.,10.55));
#2933 = DIRECTION('',(-1.224646799147E-16,-0.,1.));
#2934 = DIRECTION('',(-1.,0.,-1.224646799147E-16));
#2935 = ADVANCED_FACE('',(#2936),#2955,.T.);
#2936 = FACE_BOUND('',#2937,.T.);
#2937 = EDGE_LOOP('',(#2938,#2946,#2947,#2948));
#2938 = ORIENTED_EDGE('',*,*,#2939,.F.);
#2939 = EDGE_CURVE('',#2225,#2940,#2942,.T.);
#2940 = VERTEX_POINT('',#2941);
#2941 = CARTESIAN_POINT('',(19.199994160453,1.497459796881E-02,5.95));
#2942 = LINE('',#2943,#2944);
#2943 = CARTESIAN_POINT('',(19.199994160453,1.4974597969E-02,11.));
#2944 = VECTOR('',#2945,1.);
#2945 = DIRECTION('',(1.224646799147E-16,0.,-1.));
#2946 = ORIENTED_EDGE('',*,*,#2241,.T.);
#2947 = ORIENTED_EDGE('',*,*,#2870,.T.);
#2948 = ORIENTED_EDGE('',*,*,#2949,.F.);
#2949 = EDGE_CURVE('',#2940,#2871,#2950,.T.);
#2950 = CIRCLE('',#2951,4.4);
#2951 = AXIS2_PLACEMENT_3D('',#2952,#2953,#2954);
#2952 = CARTESIAN_POINT('',(17.4,-4.,5.95));
#2953 = DIRECTION('',(1.224646799147E-16,0.,-1.));
#2954 = DIRECTION('',(-1.,0.,-1.224646799147E-16));
#2955 = CYLINDRICAL_SURFACE('',#2956,4.4);
#2956 = AXIS2_PLACEMENT_3D('',#2957,#2958,#2959);
#2957 = CARTESIAN_POINT('',(17.4,-4.,11.));
#2958 = DIRECTION('',(1.224646799147E-16,0.,-1.));
#2959 = DIRECTION('',(-1.,0.,-1.224646799147E-16));
#2960 = ADVANCED_FACE('',(#2961),#2996,.T.);
#2961 = FACE_BOUND('',#2962,.F.);
#2962 = EDGE_LOOP('',(#2963,#2972,#2979,#2980,#2995));
#2963 = ORIENTED_EDGE('',*,*,#2964,.F.);
#2964 = EDGE_CURVE('',#2965,#2265,#2967,.T.);
#2965 = VERTEX_POINT('',#2966);
#2966 = CARTESIAN_POINT('',(-21.8,-4.,10.55));
#2967 = CIRCLE('',#2968,0.45);
#2968 = AXIS2_PLACEMENT_3D('',#2969,#2970,#2971);
#2969 = CARTESIAN_POINT('',(-21.35,-4.,10.55));
#2970 = DIRECTION('',(0.,1.,0.));
#2971 = DIRECTION('',(-1.,0.,-1.224646799147E-16));
#2972 = ORIENTED_EDGE('',*,*,#2973,.T.);
#2973 = EDGE_CURVE('',#2965,#2912,#2974,.T.);
#2974 = CIRCLE('',#2975,4.4);
#2975 = AXIS2_PLACEMENT_3D('',#2976,#2977,#2978);
#2976 = CARTESIAN_POINT('',(-17.4,-4.,10.55));
#2977 = DIRECTION('',(1.224646799147E-16,0.,-1.));
#2978 = DIRECTION('',(-1.,0.,-1.224646799147E-16));
#2979 = ORIENTED_EDGE('',*,*,#2911,.T.);
#2980 = ORIENTED_EDGE('',*,*,#2981,.T.);
#2981 = EDGE_CURVE('',#2903,#2267,#2982,.T.);
#2982 = B_SPLINE_CURVE_WITH_KNOTS('',6,(#2983,#2984,#2985,#2986,#2987,
    #2988,#2989,#2990,#2991,#2992,#2993,#2994),.UNSPECIFIED.,.F.,.F.,(7,
    5,7),(0.,0.498218959737,1.),.UNSPECIFIED.);
#2983 = CARTESIAN_POINT('',(-19.17692307692,-2.22044604925E-16,
    10.692255707761));
#2984 = CARTESIAN_POINT('',(-19.16199112559,-9.705768366308E-03,
    10.737067931505));
#2985 = CARTESIAN_POINT('',(-19.14143121117,-2.309153784924E-02,
    10.779932154684));
#2986 = CARTESIAN_POINT('',(-19.11557491553,-3.997276557999E-02,
    10.819933266463));
#2987 = CARTESIAN_POINT('',(-19.0849560912,-6.005101516459E-02,
    10.856263000526));
#2988 = CARTESIAN_POINT('',(-19.05024745869,-8.294422088552E-02,
    10.888275361463));
#2989 = CARTESIAN_POINT('',(-18.97389435099,-0.133645972853,
    10.942907552219));
#2990 = CARTESIAN_POINT('',(-18.93219864819,-0.161490683796,
    10.965460940638));
#2991 = CARTESIAN_POINT('',(-18.88789068421,-0.19128449622,
    10.982669087701));
#2992 = CARTESIAN_POINT('',(-18.84181130696,-0.222516545053,
    10.994227896212));
#2993 = CARTESIAN_POINT('',(-18.79482981439,-0.254634463362,
    10.999999940022));
#2994 = CARTESIAN_POINT('',(-18.74780245656,-0.287059313952,11.));
#2995 = ORIENTED_EDGE('',*,*,#2264,.F.);
#2996 = TOROIDAL_SURFACE('',#2997,3.95,0.45);
#2997 = AXIS2_PLACEMENT_3D('',#2998,#2999,#3000);
#2998 = CARTESIAN_POINT('',(-17.4,-4.,10.55));
#2999 = DIRECTION('',(-1.224646799147E-16,-0.,1.));
#3000 = DIRECTION('',(-1.,0.,-1.224646799147E-16));
#3001 = ADVANCED_FACE('',(#3002),#3030,.T.);
#3002 = FACE_BOUND('',#3003,.F.);
#3003 = EDGE_LOOP('',(#3004,#3013,#3014,#3015));
#3004 = ORIENTED_EDGE('',*,*,#3005,.T.);
#3005 = EDGE_CURVE('',#3006,#2965,#3008,.T.);
#3006 = VERTEX_POINT('',#3007);
#3007 = CARTESIAN_POINT('',(-17.26598651466,-8.397958661214,10.55));
#3008 = CIRCLE('',#3009,4.4);
#3009 = AXIS2_PLACEMENT_3D('',#3010,#3011,#3012);
#3010 = CARTESIAN_POINT('',(-17.4,-4.,10.55));
#3011 = DIRECTION('',(1.224646799147E-16,0.,-1.));
#3012 = DIRECTION('',(-1.,0.,-1.224646799147E-16));
#3013 = ORIENTED_EDGE('',*,*,#2964,.T.);
#3014 = ORIENTED_EDGE('',*,*,#2275,.F.);
#3015 = ORIENTED_EDGE('',*,*,#3016,.T.);
#3016 = EDGE_CURVE('',#2276,#3006,#3017,.T.);
#3017 = B_SPLINE_CURVE_WITH_KNOTS('',6,(#3018,#3019,#3020,#3021,#3022,
    #3023,#3024,#3025,#3026,#3027,#3028,#3029),.UNSPECIFIED.,.F.,.F.,(7,
    5,7),(0.,0.503116391651,1.),.UNSPECIFIED.);
#3018 = CARTESIAN_POINT('',(-16.99108573515,-7.928777052024,11.));
#3019 = CARTESIAN_POINT('',(-17.02647712119,-7.991277430077,
    11.00000008221));
#3020 = CARTESIAN_POINT('',(-17.06201745209,-8.053312764903,
    10.990873368806));
#3021 = CARTESIAN_POINT('',(-17.09667115521,-8.113095291478,
    10.972593374119));
#3022 = CARTESIAN_POINT('',(-17.12936226387,-8.168905311318,
    10.945505057109));
#3023 = CARTESIAN_POINT('',(-17.15902731418,-8.219136550468,
    10.910395607521));
#3024 = CARTESIAN_POINT('',(-17.21019264542,-8.305255680241,
    10.827125018005));
#3025 = CARTESIAN_POINT('',(-17.23179634396,-8.341325198501,
    10.779119502848));
#3026 = CARTESIAN_POINT('',(-17.24870468773,-8.369376599869,
    10.725681488432));
#3027 = CARTESIAN_POINT('',(-17.2602275339,-8.388433783064,
    10.668407899465));
#3028 = CARTESIAN_POINT('',(-17.26598651466,-8.397958661214,
    10.609198101044));
#3029 = CARTESIAN_POINT('',(-17.26598651466,-8.397958661214,10.55));
#3030 = TOROIDAL_SURFACE('',#3031,3.95,0.45);
#3031 = AXIS2_PLACEMENT_3D('',#3032,#3033,#3034);
#3032 = CARTESIAN_POINT('',(-17.4,-4.,10.55));
#3033 = DIRECTION('',(-1.224646799147E-16,-0.,1.));
#3034 = DIRECTION('',(-1.,0.,-1.224646799147E-16));
#3035 = ADVANCED_FACE('',(#3036),#3041,.T.);
#3036 = FACE_BOUND('',#3037,.F.);
#3037 = EDGE_LOOP('',(#3038,#3039,#3040));
#3038 = ORIENTED_EDGE('',*,*,#2981,.F.);
#3039 = ORIENTED_EDGE('',*,*,#2902,.T.);
#3040 = ORIENTED_EDGE('',*,*,#2338,.F.);
#3041 = TOROIDAL_SURFACE('',#3042,18.75,0.45);
#3042 = AXIS2_PLACEMENT_3D('',#3043,#3044,#3045);
#3043 = CARTESIAN_POINT('',(5.510910596163E-17,0.,10.55));
#3044 = DIRECTION('',(-1.224646799147E-16,-0.,1.));
#3045 = DIRECTION('',(-1.,0.,-1.224646799147E-16));
#3046 = ADVANCED_FACE('',(#3047),#3080,.T.);
#3047 = FACE_BOUND('',#3048,.F.);
#3048 = EDGE_LOOP('',(#3049,#3058,#3059,#3060));
#3049 = ORIENTED_EDGE('',*,*,#3050,.T.);
#3050 = EDGE_CURVE('',#3051,#3006,#3053,.T.);
#3051 = VERTEX_POINT('',#3052);
#3052 = CARTESIAN_POINT('',(-16.682450177,-9.504517667492,10.55));
#3053 = CIRCLE('',#3054,19.2);
#3054 = AXIS2_PLACEMENT_3D('',#3055,#3056,#3057);
#3055 = CARTESIAN_POINT('',(5.510910596163E-17,0.,10.55));
#3056 = DIRECTION('',(1.224646799147E-16,0.,-1.));
#3057 = DIRECTION('',(-1.,0.,-1.224646799147E-16));
#3058 = ORIENTED_EDGE('',*,*,#3016,.F.);
#3059 = ORIENTED_EDGE('',*,*,#2284,.F.);
#3060 = ORIENTED_EDGE('',*,*,#3061,.F.);
#3061 = EDGE_CURVE('',#3051,#2285,#3062,.T.);
#3062 = B_SPLINE_CURVE_WITH_KNOTS('',6,(#3063,#3064,#3065,#3066,#3067,
    #3068,#3069,#3070,#3071,#3072,#3073,#3074,#3075,#3076,#3077,#3078,
    #3079),.UNSPECIFIED.,.F.,.F.,(7,5,5,7),(0.,0.27834366273,
    0.562162290997,1.),.UNSPECIFIED.);
#3063 = CARTESIAN_POINT('',(-16.682450177,-9.504517667492,10.55));
#3064 = CARTESIAN_POINT('',(-16.682450177,-9.504517667492,
    10.584060773496));
#3065 = CARTESIAN_POINT('',(-16.6779642553,-9.506142063769,
    10.618123932246));
#3066 = CARTESIAN_POINT('',(-16.66899087824,-9.509391041751,
    10.651785567964));
#3067 = CARTESIAN_POINT('',(-16.65563723822,-9.514237347112,
    10.684652936771));
#3068 = CARTESIAN_POINT('',(-16.63810137363,-9.520629985038,
    10.716364628875));
#3069 = CARTESIAN_POINT('',(-16.59478534396,-9.536520614682,
    10.777451782699));
#3070 = CARTESIAN_POINT('',(-16.56884750482,-9.546077974425,
    10.806771840071));
#3071 = CARTESIAN_POINT('',(-16.53912531818,-9.557095418187,
    10.834242741264));
#3072 = CARTESIAN_POINT('',(-16.50596779164,-9.569480971404,
    10.85960178774));
#3073 = CARTESIAN_POINT('',(-16.4697596538,-9.583130798468,
    10.882648633036));
#3074 = CARTESIAN_POINT('',(-16.37093370495,-9.62077228523,
    10.93501113094));
#3075 = CARTESIAN_POINT('',(-16.30464901937,-9.646355705414,
    10.960940424097));
#3076 = CARTESIAN_POINT('',(-16.23346822098,-9.67428425339,
    10.980515476377));
#3077 = CARTESIAN_POINT('',(-16.15886409309,-9.704121813356,
    10.993535592154));
#3078 = CARTESIAN_POINT('',(-16.0822118511,-9.735414864734,
    11.000000030662));
#3079 = CARTESIAN_POINT('',(-16.00485727937,-9.767652914943,11.));
#3080 = TOROIDAL_SURFACE('',#3081,18.75,0.45);
#3081 = AXIS2_PLACEMENT_3D('',#3082,#3083,#3084);
#3082 = CARTESIAN_POINT('',(5.510910596163E-17,0.,10.55));
#3083 = DIRECTION('',(-1.224646799147E-16,-0.,1.));
#3084 = DIRECTION('',(-1.,0.,-1.224646799147E-16));
#3085 = ADVANCED_FACE('',(#3086),#3106,.T.);
#3086 = FACE_BOUND('',#3087,.F.);
#3087 = EDGE_LOOP('',(#3088,#3089,#3098,#3105));
#3088 = ORIENTED_EDGE('',*,*,#2293,.F.);
#3089 = ORIENTED_EDGE('',*,*,#3090,.F.);
#3090 = EDGE_CURVE('',#3091,#2294,#3093,.T.);
#3091 = VERTEX_POINT('',#3092);
#3092 = CARTESIAN_POINT('',(-19.8,-14.,10.55));
#3093 = CIRCLE('',#3094,0.45);
#3094 = AXIS2_PLACEMENT_3D('',#3095,#3096,#3097);
#3095 = CARTESIAN_POINT('',(-19.35,-14.,10.55));
#3096 = DIRECTION('',(0.,1.,0.));
#3097 = DIRECTION('',(-1.,0.,-1.224646799147E-16));
#3098 = ORIENTED_EDGE('',*,*,#3099,.T.);
#3099 = EDGE_CURVE('',#3091,#3051,#3100,.T.);
#3100 = CIRCLE('',#3101,4.8);
#3101 = AXIS2_PLACEMENT_3D('',#3102,#3103,#3104);
#3102 = CARTESIAN_POINT('',(-15.,-14.,10.55));
#3103 = DIRECTION('',(1.224646799147E-16,0.,-1.));
#3104 = DIRECTION('',(-1.,0.,-1.224646799147E-16));
#3105 = ORIENTED_EDGE('',*,*,#3061,.T.);
#3106 = TOROIDAL_SURFACE('',#3107,4.35,0.45);
#3107 = AXIS2_PLACEMENT_3D('',#3108,#3109,#3110);
#3108 = CARTESIAN_POINT('',(-15.,-14.,10.55));
#3109 = DIRECTION('',(-1.224646799147E-16,-0.,1.));
#3110 = DIRECTION('',(-1.,0.,-1.224646799147E-16));
#3111 = ADVANCED_FACE('',(#3112),#3145,.T.);
#3112 = FACE_BOUND('',#3113,.F.);
#3113 = EDGE_LOOP('',(#3114,#3123,#3124,#3125));
#3114 = ORIENTED_EDGE('',*,*,#3115,.T.);
#3115 = EDGE_CURVE('',#3116,#3091,#3118,.T.);
#3116 = VERTEX_POINT('',#3117);
#3117 = CARTESIAN_POINT('',(-10.63108901539,-15.98811891208,10.55));
#3118 = CIRCLE('',#3119,4.8);
#3119 = AXIS2_PLACEMENT_3D('',#3120,#3121,#3122);
#3120 = CARTESIAN_POINT('',(-15.,-14.,10.55));
#3121 = DIRECTION('',(1.224646799147E-16,0.,-1.));
#3122 = DIRECTION('',(-1.,0.,-1.224646799147E-16));
#3123 = ORIENTED_EDGE('',*,*,#3090,.T.);
#3124 = ORIENTED_EDGE('',*,*,#2302,.F.);
#3125 = ORIENTED_EDGE('',*,*,#3126,.T.);
#3126 = EDGE_CURVE('',#2303,#3116,#3127,.T.);
#3127 = B_SPLINE_CURVE_WITH_KNOTS('',6,(#3128,#3129,#3130,#3131,#3132,
    #3133,#3134,#3135,#3136,#3137,#3138,#3139,#3140,#3141,#3142,#3143,
    #3144),.UNSPECIFIED.,.F.,.F.,(7,5,5,7),(0.,0.437004893626,
    0.722019180685,1.),.UNSPECIFIED.);
#3128 = CARTESIAN_POINT('',(-10.84692419331,-15.29400979287,11.));
#3129 = CARTESIAN_POINT('',(-10.82014222178,-15.3732502801,
    11.000000030183));
#3130 = CARTESIAN_POINT('',(-10.7942512199,-15.45172793808,
    10.993560163534));
#3131 = CARTESIAN_POINT('',(-10.76966540344,-15.52807283753,
    10.980589697313));
#3132 = CARTESIAN_POINT('',(-10.74674056128,-15.60088980938,
    10.961089220142));
#3133 = CARTESIAN_POINT('',(-10.7258085024,-15.66868847972,
    10.935257513051));
#3134 = CARTESIAN_POINT('',(-10.69501233018,-15.7700253454,
    10.882960277939));
#3135 = CARTESIAN_POINT('',(-10.68383106774,-15.80727724636,
    10.859840444212));
#3136 = CARTESIAN_POINT('',(-10.67370923937,-15.84137520924,
    10.834387300139));
#3137 = CARTESIAN_POINT('',(-10.66472495709,-15.87192310509,
    10.806803437629));
#3138 = CARTESIAN_POINT('',(-10.65694680702,-15.89856183105,
    10.777354846467));
#3139 = CARTESIAN_POINT('',(-10.64407448163,-15.94288240057,
    10.716157907197));
#3140 = CARTESIAN_POINT('',(-10.63891823414,-15.96077130051,
    10.684481540886));
#3141 = CARTESIAN_POINT('',(-10.63501343615,-15.97439175258,
    10.651653913623));
#3142 = CARTESIAN_POINT('',(-10.63239712932,-15.98354370298,
    10.618035114909));
#3143 = CARTESIAN_POINT('',(-10.63108901539,-15.98811891208,
    10.584016372177));
#3144 = CARTESIAN_POINT('',(-10.63108901539,-15.98811891208,10.55));
#3145 = TOROIDAL_SURFACE('',#3146,4.35,0.45);
#3146 = AXIS2_PLACEMENT_3D('',#3147,#3148,#3149);
#3147 = CARTESIAN_POINT('',(-15.,-14.,10.55));
#3148 = DIRECTION('',(-1.224646799147E-16,-0.,1.));
#3149 = DIRECTION('',(-1.,0.,-1.224646799147E-16));
#3150 = ADVANCED_FACE('',(#3151),#3163,.T.);
#3151 = FACE_BOUND('',#3152,.F.);
#3152 = EDGE_LOOP('',(#3153,#3160,#3161,#3162));
#3153 = ORIENTED_EDGE('',*,*,#3154,.T.);
#3154 = EDGE_CURVE('',#2833,#3116,#3155,.T.);
#3155 = CIRCLE('',#3156,19.2);
#3156 = AXIS2_PLACEMENT_3D('',#3157,#3158,#3159);
#3157 = CARTESIAN_POINT('',(5.510910596163E-17,0.,10.55));
#3158 = DIRECTION('',(1.224646799147E-16,0.,-1.));
#3159 = DIRECTION('',(-1.,0.,-1.224646799147E-16));
#3160 = ORIENTED_EDGE('',*,*,#3126,.F.);
#3161 = ORIENTED_EDGE('',*,*,#2311,.F.);
#3162 = ORIENTED_EDGE('',*,*,#2841,.F.);
#3163 = TOROIDAL_SURFACE('',#3164,18.75,0.45);
#3164 = AXIS2_PLACEMENT_3D('',#3165,#3166,#3167);
#3165 = CARTESIAN_POINT('',(5.510910596163E-17,0.,10.55));
#3166 = DIRECTION('',(-1.224646799147E-16,-0.,1.));
#3167 = DIRECTION('',(-1.,0.,-1.224646799147E-16));
#3168 = ADVANCED_FACE('',(#3169),#3188,.F.);
#3169 = FACE_BOUND('',#3170,.F.);
#3170 = EDGE_LOOP('',(#3171,#3179,#3186,#3187));
#3171 = ORIENTED_EDGE('',*,*,#3172,.T.);
#3172 = EDGE_CURVE('',#2348,#3173,#3175,.T.);
#3173 = VERTEX_POINT('',#3174);
#3174 = CARTESIAN_POINT('',(-18.15,-14.,10.));
#3175 = LINE('',#3176,#3177);
#3176 = CARTESIAN_POINT('',(-18.15,-14.,11.1));
#3177 = VECTOR('',#3178,1.);
#3178 = DIRECTION('',(1.224646799147E-16,0.,-1.));
#3179 = ORIENTED_EDGE('',*,*,#3180,.F.);
#3180 = EDGE_CURVE('',#3173,#3173,#3181,.T.);
#3181 = CIRCLE('',#3182,3.15);
#3182 = AXIS2_PLACEMENT_3D('',#3183,#3184,#3185);
#3183 = CARTESIAN_POINT('',(-15.,-14.,10.));
#3184 = DIRECTION('',(1.224646799147E-16,0.,-1.));
#3185 = DIRECTION('',(-1.,0.,-1.224646799147E-16));
#3186 = ORIENTED_EDGE('',*,*,#3172,.F.);
#3187 = ORIENTED_EDGE('',*,*,#2347,.T.);
#3188 = CYLINDRICAL_SURFACE('',#3189,3.15);
#3189 = AXIS2_PLACEMENT_3D('',#3190,#3191,#3192);
#3190 = CARTESIAN_POINT('',(-15.,-14.,11.1));
#3191 = DIRECTION('',(1.224646799147E-16,0.,-1.));
#3192 = DIRECTION('',(-1.,0.,-1.224646799147E-16));
#3193 = ADVANCED_FACE('',(#3194),#3213,.F.);
#3194 = FACE_BOUND('',#3195,.F.);
#3195 = EDGE_LOOP('',(#3196,#3204,#3211,#3212));
#3196 = ORIENTED_EDGE('',*,*,#3197,.T.);
#3197 = EDGE_CURVE('',#2359,#3198,#3200,.T.);
#3198 = VERTEX_POINT('',#3199);
#3199 = CARTESIAN_POINT('',(11.85,-14.,10.));
#3200 = LINE('',#3201,#3202);
#3201 = CARTESIAN_POINT('',(11.85,-14.,11.1));
#3202 = VECTOR('',#3203,1.);
#3203 = DIRECTION('',(1.224646799147E-16,0.,-1.));
#3204 = ORIENTED_EDGE('',*,*,#3205,.F.);
#3205 = EDGE_CURVE('',#3198,#3198,#3206,.T.);
#3206 = CIRCLE('',#3207,3.15);
#3207 = AXIS2_PLACEMENT_3D('',#3208,#3209,#3210);
#3208 = CARTESIAN_POINT('',(15.,-14.,10.));
#3209 = DIRECTION('',(1.224646799147E-16,0.,-1.));
#3210 = DIRECTION('',(-1.,0.,-1.224646799147E-16));
#3211 = ORIENTED_EDGE('',*,*,#3197,.F.);
#3212 = ORIENTED_EDGE('',*,*,#2358,.T.);
#3213 = CYLINDRICAL_SURFACE('',#3214,3.15);
#3214 = AXIS2_PLACEMENT_3D('',#3215,#3216,#3217);
#3215 = CARTESIAN_POINT('',(15.,-14.,11.1));
#3216 = DIRECTION('',(1.224646799147E-16,0.,-1.));
#3217 = DIRECTION('',(-1.,0.,-1.224646799147E-16));
#3218 = ADVANCED_FACE('',(#3219),#3238,.F.);
#3219 = FACE_BOUND('',#3220,.F.);
#3220 = EDGE_LOOP('',(#3221,#3230,#3236,#3237));
#3221 = ORIENTED_EDGE('',*,*,#3222,.F.);
#3222 = EDGE_CURVE('',#3223,#3223,#3225,.T.);
#3223 = VERTEX_POINT('',#3224);
#3224 = CARTESIAN_POINT('',(-8.5,5.6,9.8));
#3225 = CIRCLE('',#3226,2.2);
#3226 = AXIS2_PLACEMENT_3D('',#3227,#3228,#3229);
#3227 = CARTESIAN_POINT('',(-6.3,5.6,9.8));
#3228 = DIRECTION('',(1.224646799147E-16,0.,-1.));
#3229 = DIRECTION('',(-1.,0.,-1.224646799147E-16));
#3230 = ORIENTED_EDGE('',*,*,#3231,.F.);
#3231 = EDGE_CURVE('',#2370,#3223,#3232,.T.);
#3232 = LINE('',#3233,#3234);
#3233 = CARTESIAN_POINT('',(-8.5,5.6,11.1));
#3234 = VECTOR('',#3235,1.);
#3235 = DIRECTION('',(1.224646799147E-16,0.,-1.));
#3236 = ORIENTED_EDGE('',*,*,#2369,.T.);
#3237 = ORIENTED_EDGE('',*,*,#3231,.T.);
#3238 = CYLINDRICAL_SURFACE('',#3239,2.2);
#3239 = AXIS2_PLACEMENT_3D('',#3240,#3241,#3242);
#3240 = CARTESIAN_POINT('',(-6.3,5.6,11.1));
#3241 = DIRECTION('',(1.224646799147E-16,0.,-1.));
#3242 = DIRECTION('',(-1.,0.,-1.224646799147E-16));
#3243 = ADVANCED_FACE('',(#3244),#3285,.F.);
#3244 = FACE_BOUND('',#3245,.F.);
#3245 = EDGE_LOOP('',(#3246,#3247,#3255,#3263,#3271,#3279));
#3246 = ORIENTED_EDGE('',*,*,#2380,.F.);
#3247 = ORIENTED_EDGE('',*,*,#3248,.T.);
#3248 = EDGE_CURVE('',#2381,#3249,#3251,.T.);
#3249 = VERTEX_POINT('',#3250);
#3250 = CARTESIAN_POINT('',(-4.265622252365,-4.675529534176,9.8));
#3251 = LINE('',#3252,#3253);
#3252 = CARTESIAN_POINT('',(-4.265622252365,-4.675529534176,11.1));
#3253 = VECTOR('',#3254,1.);
#3254 = DIRECTION('',(1.224646799147E-16,0.,-1.));
#3255 = ORIENTED_EDGE('',*,*,#3256,.F.);
#3256 = EDGE_CURVE('',#3257,#3249,#3259,.T.);
#3257 = VERTEX_POINT('',#3258);
#3258 = CARTESIAN_POINT('',(-6.165622252365,-5.275529534176,9.8));
#3259 = LINE('',#3260,#3261);
#3260 = CARTESIAN_POINT('',(-1.654916962693,-3.851096284806,9.8));
#3261 = VECTOR('',#3262,1.);
#3262 = DIRECTION('',(0.953582665134,0.301131367937,1.167801958579E-16)
  );
#3263 = ORIENTED_EDGE('',*,*,#3264,.F.);
#3264 = EDGE_CURVE('',#3265,#3257,#3267,.T.);
#3265 = VERTEX_POINT('',#3266);
#3266 = CARTESIAN_POINT('',(-6.165622252365,-5.275529534176,10.6));
#3267 = LINE('',#3268,#3269);
#3268 = CARTESIAN_POINT('',(-6.165622252365,-5.275529534176,11.1));
#3269 = VECTOR('',#3270,1.);
#3270 = DIRECTION('',(1.224646799147E-16,0.,-1.));
#3271 = ORIENTED_EDGE('',*,*,#3272,.T.);
#3272 = EDGE_CURVE('',#3265,#3273,#3275,.T.);
#3273 = VERTEX_POINT('',#3274);
#3274 = CARTESIAN_POINT('',(-5.804178466646,-5.161389391317,10.6));
#3275 = LINE('',#3276,#3277);
#3276 = CARTESIAN_POINT('',(-6.496299331272,-5.379953874884,10.6));
#3277 = VECTOR('',#3278,1.);
#3278 = DIRECTION('',(0.953582665134,0.301131367937,1.167801958579E-16)
  );
#3279 = ORIENTED_EDGE('',*,*,#3280,.T.);
#3280 = EDGE_CURVE('',#3273,#2383,#3281,.T.);
#3281 = LINE('',#3282,#3283);
#3282 = CARTESIAN_POINT('',(-5.804178466646,-5.161389391317,11.05));
#3283 = VECTOR('',#3284,1.);
#3284 = DIRECTION('',(-1.224646799147E-16,0.,1.));
#3285 = PLANE('',#3286);
#3286 = AXIS2_PLACEMENT_3D('',#3287,#3288,#3289);
#3287 = CARTESIAN_POINT('',(-4.265622252365,-4.675529534176,11.1));
#3288 = DIRECTION('',(-0.301131367937,0.953582665134,-3.68779565867E-17)
  );
#3289 = DIRECTION('',(-0.953582665134,-0.301131367937,
    -1.167801958579E-16));
#3290 = ADVANCED_FACE('',(#3291),#3309,.F.);
#3291 = FACE_BOUND('',#3292,.F.);
#3292 = EDGE_LOOP('',(#3293,#3294,#3295,#3303));
#3293 = ORIENTED_EDGE('',*,*,#2817,.F.);
#3294 = ORIENTED_EDGE('',*,*,#3280,.F.);
#3295 = ORIENTED_EDGE('',*,*,#3296,.T.);
#3296 = EDGE_CURVE('',#3273,#3297,#3299,.T.);
#3297 = VERTEX_POINT('',#3298);
#3298 = CARTESIAN_POINT('',(-8.866557282751,-5.211592322729,10.6));
#3299 = LINE('',#3300,#3301);
#3300 = CARTESIAN_POINT('',(-5.118849926275,-5.150154497213,10.6));
#3301 = VECTOR('',#3302,1.);
#3302 = DIRECTION('',(-0.999865654597,-1.63912402393E-02,
    -1.22448227348E-16));
#3303 = ORIENTED_EDGE('',*,*,#3304,.T.);
#3304 = EDGE_CURVE('',#3297,#2810,#3305,.T.);
#3305 = LINE('',#3306,#3307);
#3306 = CARTESIAN_POINT('',(-8.866557282751,-5.211592322729,11.));
#3307 = VECTOR('',#3308,1.);
#3308 = DIRECTION('',(-1.224646799147E-16,0.,1.));
#3309 = PLANE('',#3310);
#3310 = AXIS2_PLACEMENT_3D('',#3311,#3312,#3313);
#3311 = CARTESIAN_POINT('',(-5.118849926275,-5.150154497213,11.));
#3312 = DIRECTION('',(-1.63912402393E-02,0.999865654597,
    -2.007347989312E-18));
#3313 = DIRECTION('',(-0.999865654597,-1.63912402393E-02,
    -1.22448227348E-16));
#3314 = ADVANCED_FACE('',(#3315),#3333,.F.);
#3315 = FACE_BOUND('',#3316,.F.);
#3316 = EDGE_LOOP('',(#3317,#3318,#3319,#3327));
#3317 = ORIENTED_EDGE('',*,*,#2809,.F.);
#3318 = ORIENTED_EDGE('',*,*,#3304,.F.);
#3319 = ORIENTED_EDGE('',*,*,#3320,.T.);
#3320 = EDGE_CURVE('',#3297,#3321,#3323,.T.);
#3321 = VERTEX_POINT('',#3322);
#3322 = CARTESIAN_POINT('',(-4.11876952151,-4.486235859206,10.6));
#3323 = LINE('',#3324,#3325);
#3324 = CARTESIAN_POINT('',(-11.31876952151,-5.586235859206,10.6));
#3325 = VECTOR('',#3326,1.);
#3326 = DIRECTION('',(0.988529882672,0.151025398742,1.210599956675E-16)
  );
#3327 = ORIENTED_EDGE('',*,*,#3328,.F.);
#3328 = EDGE_CURVE('',#2801,#3321,#3329,.T.);
#3329 = LINE('',#3330,#3331);
#3330 = CARTESIAN_POINT('',(-4.11876952151,-4.486235859206,11.));
#3331 = VECTOR('',#3332,1.);
#3332 = DIRECTION('',(1.224646799147E-16,0.,-1.));
#3333 = PLANE('',#3334);
#3334 = AXIS2_PLACEMENT_3D('',#3335,#3336,#3337);
#3335 = CARTESIAN_POINT('',(-11.31876952151,-5.586235859206,11.));
#3336 = DIRECTION('',(0.151025398742,-0.988529882672,1.849527711587E-17)
  );
#3337 = DIRECTION('',(0.988529882672,0.151025398742,1.210599956675E-16)
  );
#3338 = ADVANCED_FACE('',(#3339),#3358,.F.);
#3339 = FACE_BOUND('',#3340,.F.);
#3340 = EDGE_LOOP('',(#3341,#3350,#3356,#3357));
#3341 = ORIENTED_EDGE('',*,*,#3342,.F.);
#3342 = EDGE_CURVE('',#3343,#3321,#3345,.T.);
#3343 = VERTEX_POINT('',#3344);
#3344 = CARTESIAN_POINT('',(-3.201882057458,-3.783877034242,10.6));
#3345 = CIRCLE('',#3346,1.2);
#3346 = AXIS2_PLACEMENT_3D('',#3347,#3348,#3349);
#3347 = CARTESIAN_POINT('',(-4.3,-3.3,10.6));
#3348 = DIRECTION('',(1.224646799147E-16,0.,-1.));
#3349 = DIRECTION('',(-1.,0.,-1.224646799147E-16));
#3350 = ORIENTED_EDGE('',*,*,#3351,.F.);
#3351 = EDGE_CURVE('',#2792,#3343,#3352,.T.);
#3352 = LINE('',#3353,#3354);
#3353 = CARTESIAN_POINT('',(-3.201882057458,-3.783877034242,11.));
#3354 = VECTOR('',#3355,1.);
#3355 = DIRECTION('',(1.224646799147E-16,0.,-1.));
#3356 = ORIENTED_EDGE('',*,*,#2800,.T.);
#3357 = ORIENTED_EDGE('',*,*,#3328,.T.);
#3358 = CYLINDRICAL_SURFACE('',#3359,1.2);
#3359 = AXIS2_PLACEMENT_3D('',#3360,#3361,#3362);
#3360 = CARTESIAN_POINT('',(-4.3,-3.3,11.));
#3361 = DIRECTION('',(1.224646799147E-16,0.,-1.));
#3362 = DIRECTION('',(-1.,0.,-1.224646799147E-16));
#3363 = ADVANCED_FACE('',(#3364),#3424,.F.);
#3364 = FACE_BOUND('',#3365,.F.);
#3365 = EDGE_LOOP('',(#3366,#3377,#3385,#3394,#3400,#3401,#3402,#3411,
    #3417,#3418));
#3366 = ORIENTED_EDGE('',*,*,#3367,.F.);
#3367 = EDGE_CURVE('',#3368,#3370,#3372,.T.);
#3368 = VERTEX_POINT('',#3369);
#3369 = CARTESIAN_POINT('',(-2.309297077511,-4.176937832361,9.8));
#3370 = VERTEX_POINT('',#3371);
#3371 = CARTESIAN_POINT('',(-2.690702922489,-2.623062167639,9.8));
#3372 = CIRCLE('',#3373,0.8);
#3373 = AXIS2_PLACEMENT_3D('',#3374,#3375,#3376);
#3374 = CARTESIAN_POINT('',(-2.5,-3.4,9.8));
#3375 = DIRECTION('',(1.224646799147E-16,0.,-1.));
#3376 = DIRECTION('',(-1.,0.,-1.224646799147E-16));
#3377 = ORIENTED_EDGE('',*,*,#3378,.F.);
#3378 = EDGE_CURVE('',#3379,#3368,#3381,.T.);
#3379 = VERTEX_POINT('',#3380);
#3380 = CARTESIAN_POINT('',(-2.309297077511,-4.176937832361,10.6));
#3381 = LINE('',#3382,#3383);
#3382 = CARTESIAN_POINT('',(-2.309297077511,-4.176937832361,11.1));
#3383 = VECTOR('',#3384,1.);
#3384 = DIRECTION('',(1.224646799147E-16,0.,-1.));
#3385 = ORIENTED_EDGE('',*,*,#3386,.T.);
#3386 = EDGE_CURVE('',#3379,#3387,#3389,.T.);
#3387 = VERTEX_POINT('',#3388);
#3388 = CARTESIAN_POINT('',(-3.130471395696,-3.892448798565,10.6));
#3389 = CIRCLE('',#3390,0.8);
#3390 = AXIS2_PLACEMENT_3D('',#3391,#3392,#3393);
#3391 = CARTESIAN_POINT('',(-2.5,-3.4,10.6));
#3392 = DIRECTION('',(1.224646799147E-16,0.,-1.));
#3393 = DIRECTION('',(-1.,0.,-1.224646799147E-16));
#3394 = ORIENTED_EDGE('',*,*,#3395,.F.);
#3395 = EDGE_CURVE('',#2783,#3387,#3396,.T.);
#3396 = LINE('',#3397,#3398);
#3397 = CARTESIAN_POINT('',(-3.130471395696,-3.892448798565,11.));
#3398 = VECTOR('',#3399,1.);
#3399 = DIRECTION('',(1.224646799147E-16,0.,-1.));
#3400 = ORIENTED_EDGE('',*,*,#2791,.T.);
#3401 = ORIENTED_EDGE('',*,*,#3351,.T.);
#3402 = ORIENTED_EDGE('',*,*,#3403,.T.);
#3403 = EDGE_CURVE('',#3343,#3404,#3406,.T.);
#3404 = VERTEX_POINT('',#3405);
#3405 = CARTESIAN_POINT('',(-3.155041019465,-2.940738350373,10.6));
#3406 = CIRCLE('',#3407,0.8);
#3407 = AXIS2_PLACEMENT_3D('',#3408,#3409,#3410);
#3408 = CARTESIAN_POINT('',(-2.5,-3.4,10.6));
#3409 = DIRECTION('',(1.224646799147E-16,0.,-1.));
#3410 = DIRECTION('',(-1.,0.,-1.224646799147E-16));
#3411 = ORIENTED_EDGE('',*,*,#3412,.F.);
#3412 = EDGE_CURVE('',#2494,#3404,#3413,.T.);
#3413 = LINE('',#3414,#3415);
#3414 = CARTESIAN_POINT('',(-3.155041019465,-2.940738350373,11.));
#3415 = VECTOR('',#3416,1.);
#3416 = DIRECTION('',(1.224646799147E-16,0.,-1.));
#3417 = ORIENTED_EDGE('',*,*,#2502,.T.);
#3418 = ORIENTED_EDGE('',*,*,#3419,.T.);
#3419 = EDGE_CURVE('',#2503,#3370,#3420,.T.);
#3420 = LINE('',#3421,#3422);
#3421 = CARTESIAN_POINT('',(-2.690702922489,-2.623062167639,11.1));
#3422 = VECTOR('',#3423,1.);
#3423 = DIRECTION('',(1.224646799147E-16,0.,-1.));
#3424 = CYLINDRICAL_SURFACE('',#3425,0.8);
#3425 = AXIS2_PLACEMENT_3D('',#3426,#3427,#3428);
#3426 = CARTESIAN_POINT('',(-2.5,-3.4,11.1));
#3427 = DIRECTION('',(1.224646799147E-16,0.,-1.));
#3428 = DIRECTION('',(-1.,0.,-1.224646799147E-16));
#3429 = ADVANCED_FACE('',(#3430),#3459,.F.);
#3430 = FACE_BOUND('',#3431,.F.);
#3431 = EDGE_LOOP('',(#3432,#3443,#3449,#3450,#3451,#3452));
#3432 = ORIENTED_EDGE('',*,*,#3433,.F.);
#3433 = EDGE_CURVE('',#3434,#3436,#3438,.T.);
#3434 = VERTEX_POINT('',#3435);
#3435 = CARTESIAN_POINT('',(-2.249625627678,-5.841012558978,10.6));
#3436 = VERTEX_POINT('',#3437);
#3437 = CARTESIAN_POINT('',(-3.35,-4.6,10.6));
#3438 = CIRCLE('',#3439,1.25);
#3439 = AXIS2_PLACEMENT_3D('',#3440,#3441,#3442);
#3440 = CARTESIAN_POINT('',(-2.1,-4.6,10.6));
#3441 = DIRECTION('',(1.224646799147E-16,0.,-1.));
#3442 = DIRECTION('',(-1.,0.,-1.224646799147E-16));
#3443 = ORIENTED_EDGE('',*,*,#3444,.F.);
#3444 = EDGE_CURVE('',#2766,#3434,#3445,.T.);
#3445 = LINE('',#3446,#3447);
#3446 = CARTESIAN_POINT('',(-2.249625627678,-5.841012558978,11.));
#3447 = VECTOR('',#3448,1.);
#3448 = DIRECTION('',(1.224646799147E-16,0.,-1.));
#3449 = ORIENTED_EDGE('',*,*,#2773,.T.);
#3450 = ORIENTED_EDGE('',*,*,#2782,.T.);
#3451 = ORIENTED_EDGE('',*,*,#3395,.T.);
#3452 = ORIENTED_EDGE('',*,*,#3453,.F.);
#3453 = EDGE_CURVE('',#3436,#3387,#3454,.T.);
#3454 = CIRCLE('',#3455,1.25);
#3455 = AXIS2_PLACEMENT_3D('',#3456,#3457,#3458);
#3456 = CARTESIAN_POINT('',(-2.1,-4.6,10.6));
#3457 = DIRECTION('',(1.224646799147E-16,0.,-1.));
#3458 = DIRECTION('',(-1.,0.,-1.224646799147E-16));
#3459 = CYLINDRICAL_SURFACE('',#3460,1.25);
#3460 = AXIS2_PLACEMENT_3D('',#3461,#3462,#3463);
#3461 = CARTESIAN_POINT('',(-2.1,-4.6,11.));
#3462 = DIRECTION('',(1.224646799147E-16,0.,-1.));
#3463 = DIRECTION('',(-1.,0.,-1.224646799147E-16));
#3464 = ADVANCED_FACE('',(#3465),#3483,.F.);
#3465 = FACE_BOUND('',#3466,.F.);
#3466 = EDGE_LOOP('',(#3467,#3468,#3469,#3477));
#3467 = ORIENTED_EDGE('',*,*,#2765,.F.);
#3468 = ORIENTED_EDGE('',*,*,#3444,.T.);
#3469 = ORIENTED_EDGE('',*,*,#3470,.T.);
#3470 = EDGE_CURVE('',#3434,#3471,#3473,.T.);
#3471 = VERTEX_POINT('',#3472);
#3472 = CARTESIAN_POINT('',(-0.357153911531,-6.069182907734,10.6));
#3473 = LINE('',#3474,#3475);
#3474 = CARTESIAN_POINT('',(-2.249625627678,-5.841012558978,10.6));
#3475 = VECTOR('',#3476,1.);
#3476 = DIRECTION('',(0.992810047183,-0.119700502143,1.215841646444E-16)
  );
#3477 = ORIENTED_EDGE('',*,*,#3478,.F.);
#3478 = EDGE_CURVE('',#2758,#3471,#3479,.T.);
#3479 = LINE('',#3480,#3481);
#3480 = CARTESIAN_POINT('',(-0.357153911531,-6.069182907734,11.05));
#3481 = VECTOR('',#3482,1.);
#3482 = DIRECTION('',(1.224646799147E-16,0.,-1.));
#3483 = PLANE('',#3484);
#3484 = AXIS2_PLACEMENT_3D('',#3485,#3486,#3487);
#3485 = CARTESIAN_POINT('',(-2.249625627678,-5.841012558978,11.));
#3486 = DIRECTION('',(-0.119700502143,-0.992810047183,
    -1.465908368053E-17));
#3487 = DIRECTION('',(0.992810047183,-0.119700502143,1.215841646444E-16)
  );
#3488 = ADVANCED_FACE('',(#3489),#3555,.F.);
#3489 = FACE_BOUND('',#3490,.F.);
#3490 = EDGE_LOOP('',(#3491,#3501,#3509,#3517,#3525,#3533,#3539,#3540,
    #3541,#3549));
#3491 = ORIENTED_EDGE('',*,*,#3492,.F.);
#3492 = EDGE_CURVE('',#3493,#3495,#3497,.T.);
#3493 = VERTEX_POINT('',#3494);
#3494 = CARTESIAN_POINT('',(6.06653052036,-3.953145683111,11.));
#3495 = VERTEX_POINT('',#3496);
#3496 = CARTESIAN_POINT('',(5.238894503582,-4.225778723932,11.));
#3497 = LINE('',#3498,#3499);
#3498 = CARTESIAN_POINT('',(3.457480406265,-4.812597485401,11.));
#3499 = VECTOR('',#3500,1.);
#3500 = DIRECTION('',(-0.949794781049,-0.312873574934,
    -1.163163138459E-16));
#3501 = ORIENTED_EDGE('',*,*,#3502,.T.);
#3502 = EDGE_CURVE('',#3493,#3503,#3505,.T.);
#3503 = VERTEX_POINT('',#3504);
#3504 = CARTESIAN_POINT('',(6.06653052036,-3.953145683111,10.6));
#3505 = LINE('',#3506,#3507);
#3506 = CARTESIAN_POINT('',(6.06653052036,-3.953145683111,11.05));
#3507 = VECTOR('',#3508,1.);
#3508 = DIRECTION('',(1.224646799147E-16,0.,-1.));
#3509 = ORIENTED_EDGE('',*,*,#3510,.T.);
#3510 = EDGE_CURVE('',#3503,#3511,#3513,.T.);
#3511 = VERTEX_POINT('',#3512);
#3512 = CARTESIAN_POINT('',(6.2653448188,-3.887653914213,10.6));
#3513 = LINE('',#3514,#3515);
#3514 = CARTESIAN_POINT('',(6.156128333581,-3.923631109344,10.6));
#3515 = VECTOR('',#3516,1.);
#3516 = DIRECTION('',(0.949794781049,0.312873574934,1.163163138459E-16)
  );
#3517 = ORIENTED_EDGE('',*,*,#3518,.T.);
#3518 = EDGE_CURVE('',#3511,#3519,#3521,.T.);
#3519 = VERTEX_POINT('',#3520);
#3520 = CARTESIAN_POINT('',(6.2653448188,-3.887653914213,9.8));
#3521 = LINE('',#3522,#3523);
#3522 = CARTESIAN_POINT('',(6.2653448188,-3.887653914213,11.1));
#3523 = VECTOR('',#3524,1.);
#3524 = DIRECTION('',(1.224646799147E-16,0.,-1.));
#3525 = ORIENTED_EDGE('',*,*,#3526,.F.);
#3526 = EDGE_CURVE('',#3527,#3519,#3529,.T.);
#3527 = VERTEX_POINT('',#3528);
#3528 = CARTESIAN_POINT('',(-2.2346551812,-6.687653914213,9.8));
#3529 = LINE('',#3530,#3531);
#3530 = CARTESIAN_POINT('',(4.016967992729,-4.628295692213,9.8));
#3531 = VECTOR('',#3532,1.);
#3532 = DIRECTION('',(0.949794781049,0.312873574934,1.163163138459E-16)
  );
#3533 = ORIENTED_EDGE('',*,*,#3534,.F.);
#3534 = EDGE_CURVE('',#2749,#3527,#3535,.T.);
#3535 = LINE('',#3536,#3537);
#3536 = CARTESIAN_POINT('',(-2.2346551812,-6.687653914213,11.1));
#3537 = VECTOR('',#3538,1.);
#3538 = DIRECTION('',(1.224646799147E-16,0.,-1.));
#3539 = ORIENTED_EDGE('',*,*,#2757,.F.);
#3540 = ORIENTED_EDGE('',*,*,#3478,.T.);
#3541 = ORIENTED_EDGE('',*,*,#3542,.T.);
#3542 = EDGE_CURVE('',#3471,#3543,#3545,.T.);
#3543 = VERTEX_POINT('',#3544);
#3544 = CARTESIAN_POINT('',(5.238894503582,-4.225778723932,10.6));
#3545 = LINE('',#3546,#3547);
#3546 = CARTESIAN_POINT('',(6.156128333581,-3.923631109344,10.6));
#3547 = VECTOR('',#3548,1.);
#3548 = DIRECTION('',(0.949794781049,0.312873574934,1.163163138459E-16)
  );
#3549 = ORIENTED_EDGE('',*,*,#3550,.T.);
#3550 = EDGE_CURVE('',#3543,#3495,#3551,.T.);
#3551 = LINE('',#3552,#3553);
#3552 = CARTESIAN_POINT('',(5.238894503582,-4.225778723932,11.05));
#3553 = VECTOR('',#3554,1.);
#3554 = DIRECTION('',(-1.224646799147E-16,0.,1.));
#3555 = PLANE('',#3556);
#3556 = AXIS2_PLACEMENT_3D('',#3557,#3558,#3559);
#3557 = CARTESIAN_POINT('',(6.2653448188,-3.887653914213,11.1));
#3558 = DIRECTION('',(-0.312873574934,0.949794781049,-3.831596220805E-17
    ));
#3559 = DIRECTION('',(-0.949794781049,-0.312873574934,
    -1.163163138459E-16));
#3560 = ADVANCED_FACE('',(#3561),#3580,.F.);
#3561 = FACE_BOUND('',#3562,.F.);
#3562 = EDGE_LOOP('',(#3563,#3572,#3578,#3579));
#3563 = ORIENTED_EDGE('',*,*,#3564,.F.);
#3564 = EDGE_CURVE('',#3565,#3527,#3567,.T.);
#3565 = VERTEX_POINT('',#3566);
#3566 = CARTESIAN_POINT('',(-1.7653448188,-8.112346085787,9.8));
#3567 = CIRCLE('',#3568,0.75);
#3568 = AXIS2_PLACEMENT_3D('',#3569,#3570,#3571);
#3569 = CARTESIAN_POINT('',(-2.,-7.4,9.8));
#3570 = DIRECTION('',(1.224646799147E-16,0.,-1.));
#3571 = DIRECTION('',(-1.,0.,-1.224646799147E-16));
#3572 = ORIENTED_EDGE('',*,*,#3573,.F.);
#3573 = EDGE_CURVE('',#2741,#3565,#3574,.T.);
#3574 = LINE('',#3575,#3576);
#3575 = CARTESIAN_POINT('',(-1.7653448188,-8.112346085787,11.1));
#3576 = VECTOR('',#3577,1.);
#3577 = DIRECTION('',(1.224646799147E-16,0.,-1.));
#3578 = ORIENTED_EDGE('',*,*,#2748,.T.);
#3579 = ORIENTED_EDGE('',*,*,#3534,.T.);
#3580 = CYLINDRICAL_SURFACE('',#3581,0.75);
#3581 = AXIS2_PLACEMENT_3D('',#3582,#3583,#3584);
#3582 = CARTESIAN_POINT('',(-2.,-7.4,11.1));
#3583 = DIRECTION('',(1.224646799147E-16,0.,-1.));
#3584 = DIRECTION('',(-1.,0.,-1.224646799147E-16));
#3585 = ADVANCED_FACE('',(#3586),#3620,.F.);
#3586 = FACE_BOUND('',#3587,.F.);
#3587 = EDGE_LOOP('',(#3588,#3589,#3590,#3598,#3606,#3614));
#3588 = ORIENTED_EDGE('',*,*,#2740,.F.);
#3589 = ORIENTED_EDGE('',*,*,#3573,.T.);
#3590 = ORIENTED_EDGE('',*,*,#3591,.F.);
#3591 = EDGE_CURVE('',#3592,#3565,#3594,.T.);
#3592 = VERTEX_POINT('',#3593);
#3593 = CARTESIAN_POINT('',(6.7346551812,-5.312346085787,9.8));
#3594 = LINE('',#3595,#3596);
#3595 = CARTESIAN_POINT('',(0.23627835513,-7.452987863787,9.8));
#3596 = VECTOR('',#3597,1.);
#3597 = DIRECTION('',(-0.949794781049,-0.312873574934,
    -1.163163138459E-16));
#3598 = ORIENTED_EDGE('',*,*,#3599,.F.);
#3599 = EDGE_CURVE('',#3600,#3592,#3602,.T.);
#3600 = VERTEX_POINT('',#3601);
#3601 = CARTESIAN_POINT('',(6.7346551812,-5.312346085787,10.6));
#3602 = LINE('',#3603,#3604);
#3603 = CARTESIAN_POINT('',(6.7346551812,-5.312346085787,11.1));
#3604 = VECTOR('',#3605,1.);
#3605 = DIRECTION('',(1.224646799147E-16,0.,-1.));
#3606 = ORIENTED_EDGE('',*,*,#3607,.T.);
#3607 = EDGE_CURVE('',#3600,#3608,#3610,.T.);
#3608 = VERTEX_POINT('',#3609);
#3609 = CARTESIAN_POINT('',(3.152538835933,-6.492337352463,10.6));
#3610 = LINE('',#3611,#3612);
#3611 = CARTESIAN_POINT('',(2.375438695981,-6.748323280918,10.6));
#3612 = VECTOR('',#3613,1.);
#3613 = DIRECTION('',(-0.949794781049,-0.312873574934,
    -1.163163138459E-16));
#3614 = ORIENTED_EDGE('',*,*,#3615,.T.);
#3615 = EDGE_CURVE('',#3608,#2733,#3616,.T.);
#3616 = LINE('',#3617,#3618);
#3617 = CARTESIAN_POINT('',(3.152538835933,-6.492337352463,11.05));
#3618 = VECTOR('',#3619,1.);
#3619 = DIRECTION('',(-1.224646799147E-16,0.,1.));
#3620 = PLANE('',#3621);
#3621 = AXIS2_PLACEMENT_3D('',#3622,#3623,#3624);
#3622 = CARTESIAN_POINT('',(-1.7653448188,-8.112346085787,11.1));
#3623 = DIRECTION('',(0.312873574934,-0.949794781049,3.831596220805E-17)
  );
#3624 = DIRECTION('',(0.949794781049,0.312873574934,1.163163138459E-16)
  );
#3625 = ADVANCED_FACE('',(#3626),#3644,.F.);
#3626 = FACE_BOUND('',#3627,.F.);
#3627 = EDGE_LOOP('',(#3628,#3629,#3630,#3638));
#3628 = ORIENTED_EDGE('',*,*,#2732,.F.);
#3629 = ORIENTED_EDGE('',*,*,#3615,.F.);
#3630 = ORIENTED_EDGE('',*,*,#3631,.T.);
#3631 = EDGE_CURVE('',#3608,#3632,#3634,.T.);
#3632 = VERTEX_POINT('',#3633);
#3633 = CARTESIAN_POINT('',(11.006973302588,-7.439325905181,10.6));
#3634 = LINE('',#3635,#3636);
#3635 = CARTESIAN_POINT('',(-2.249625627678,-5.841012558978,10.6));
#3636 = VECTOR('',#3637,1.);
#3637 = DIRECTION('',(0.992810047183,-0.119700502143,1.215841646444E-16)
  );
#3638 = ORIENTED_EDGE('',*,*,#3639,.F.);
#3639 = EDGE_CURVE('',#2724,#3632,#3640,.T.);
#3640 = LINE('',#3641,#3642);
#3641 = CARTESIAN_POINT('',(11.006973302588,-7.439325905181,11.));
#3642 = VECTOR('',#3643,1.);
#3643 = DIRECTION('',(1.224646799147E-16,0.,-1.));
#3644 = PLANE('',#3645);
#3645 = AXIS2_PLACEMENT_3D('',#3646,#3647,#3648);
#3646 = CARTESIAN_POINT('',(-2.249625627678,-5.841012558978,11.));
#3647 = DIRECTION('',(-0.119700502143,-0.992810047183,
    -1.465908368053E-17));
#3648 = DIRECTION('',(0.992810047183,-0.119700502143,1.215841646444E-16)
  );
#3649 = ADVANCED_FACE('',(#3650),#3669,.F.);
#3650 = FACE_BOUND('',#3651,.F.);
#3651 = EDGE_LOOP('',(#3652,#3653,#3662,#3668));
#3652 = ORIENTED_EDGE('',*,*,#3639,.T.);
#3653 = ORIENTED_EDGE('',*,*,#3654,.F.);
#3654 = EDGE_CURVE('',#3655,#3632,#3657,.T.);
#3655 = VERTEX_POINT('',#3656);
#3656 = CARTESIAN_POINT('',(13.194551761212,-1.43183415451,10.6));
#3657 = CIRCLE('',#3658,3.9);
#3658 = AXIS2_PLACEMENT_3D('',#3659,#3660,#3661);
#3659 = CARTESIAN_POINT('',(14.2,-5.2,10.6));
#3660 = DIRECTION('',(1.224646799147E-16,0.,-1.));
#3661 = DIRECTION('',(-1.,0.,-1.224646799147E-16));
#3662 = ORIENTED_EDGE('',*,*,#3663,.F.);
#3663 = EDGE_CURVE('',#2715,#3655,#3664,.T.);
#3664 = LINE('',#3665,#3666);
#3665 = CARTESIAN_POINT('',(13.194551761212,-1.43183415451,11.));
#3666 = VECTOR('',#3667,1.);
#3667 = DIRECTION('',(1.224646799147E-16,0.,-1.));
#3668 = ORIENTED_EDGE('',*,*,#2723,.T.);
#3669 = CYLINDRICAL_SURFACE('',#3670,3.9);
#3670 = AXIS2_PLACEMENT_3D('',#3671,#3672,#3673);
#3671 = CARTESIAN_POINT('',(14.2,-5.2,11.));
#3672 = DIRECTION('',(1.224646799147E-16,0.,-1.));
#3673 = DIRECTION('',(-1.,0.,-1.224646799147E-16));
#3674 = ADVANCED_FACE('',(#3675),#3694,.F.);
#3675 = FACE_BOUND('',#3676,.F.);
#3676 = EDGE_LOOP('',(#3677,#3686,#3692,#3693));
#3677 = ORIENTED_EDGE('',*,*,#3678,.F.);
#3678 = EDGE_CURVE('',#3679,#3655,#3681,.T.);
#3679 = VERTEX_POINT('',#3680);
#3680 = CARTESIAN_POINT('',(12.489897948557,-0.65,10.6));
#3681 = CIRCLE('',#3682,1.25);
#3682 = AXIS2_PLACEMENT_3D('',#3683,#3684,#3685);
#3683 = CARTESIAN_POINT('',(12.,-1.8,10.6));
#3684 = DIRECTION('',(1.224646799147E-16,0.,-1.));
#3685 = DIRECTION('',(-1.,0.,-1.224646799147E-16));
#3686 = ORIENTED_EDGE('',*,*,#3687,.F.);
#3687 = EDGE_CURVE('',#2706,#3679,#3688,.T.);
#3688 = LINE('',#3689,#3690);
#3689 = CARTESIAN_POINT('',(12.489897948557,-0.65,11.));
#3690 = VECTOR('',#3691,1.);
#3691 = DIRECTION('',(1.224646799147E-16,0.,-1.));
#3692 = ORIENTED_EDGE('',*,*,#2714,.T.);
#3693 = ORIENTED_EDGE('',*,*,#3663,.T.);
#3694 = CYLINDRICAL_SURFACE('',#3695,1.25);
#3695 = AXIS2_PLACEMENT_3D('',#3696,#3697,#3698);
#3696 = CARTESIAN_POINT('',(12.,-1.8,11.));
#3697 = DIRECTION('',(1.224646799147E-16,0.,-1.));
#3698 = DIRECTION('',(-1.,0.,-1.224646799147E-16));
#3699 = ADVANCED_FACE('',(#3700),#3719,.F.);
#3700 = FACE_BOUND('',#3701,.F.);
#3701 = EDGE_LOOP('',(#3702,#3711,#3717,#3718));
#3702 = ORIENTED_EDGE('',*,*,#3703,.F.);
#3703 = EDGE_CURVE('',#3704,#3679,#3706,.T.);
#3704 = VERTEX_POINT('',#3705);
#3705 = CARTESIAN_POINT('',(12.60478692548,1.593952821089,10.6));
#3706 = CIRCLE('',#3707,1.25);
#3707 = AXIS2_PLACEMENT_3D('',#3708,#3709,#3710);
#3708 = CARTESIAN_POINT('',(12.,0.5,10.6));
#3709 = DIRECTION('',(1.224646799147E-16,0.,-1.));
#3710 = DIRECTION('',(-1.,0.,-1.224646799147E-16));
#3711 = ORIENTED_EDGE('',*,*,#3712,.F.);
#3712 = EDGE_CURVE('',#2698,#3704,#3713,.T.);
#3713 = LINE('',#3714,#3715);
#3714 = CARTESIAN_POINT('',(12.60478692548,1.593952821089,11.));
#3715 = VECTOR('',#3716,1.);
#3716 = DIRECTION('',(1.224646799147E-16,0.,-1.));
#3717 = ORIENTED_EDGE('',*,*,#2705,.T.);
#3718 = ORIENTED_EDGE('',*,*,#3687,.T.);
#3719 = CYLINDRICAL_SURFACE('',#3720,1.25);
#3720 = AXIS2_PLACEMENT_3D('',#3721,#3722,#3723);
#3721 = CARTESIAN_POINT('',(12.,0.5,11.));
#3722 = DIRECTION('',(1.224646799147E-16,0.,-1.));
#3723 = DIRECTION('',(-1.,0.,-1.224646799147E-16));
#3724 = ADVANCED_FACE('',(#3725),#3743,.F.);
#3725 = FACE_BOUND('',#3726,.F.);
#3726 = EDGE_LOOP('',(#3727,#3728,#3729,#3737));
#3727 = ORIENTED_EDGE('',*,*,#2697,.F.);
#3728 = ORIENTED_EDGE('',*,*,#3712,.T.);
#3729 = ORIENTED_EDGE('',*,*,#3730,.T.);
#3730 = EDGE_CURVE('',#3704,#3731,#3733,.T.);
#3731 = VERTEX_POINT('',#3732);
#3732 = CARTESIAN_POINT('',(10.315318360437,2.859675279812,10.6));
#3733 = LINE('',#3734,#3735);
#3734 = CARTESIAN_POINT('',(12.60478692548,1.593952821089,10.6));
#3735 = VECTOR('',#3736,1.);
#3736 = DIRECTION('',(-0.875162256871,0.483829540384,-1.071764656612E-16
    ));
#3737 = ORIENTED_EDGE('',*,*,#3738,.F.);
#3738 = EDGE_CURVE('',#2689,#3731,#3739,.T.);
#3739 = LINE('',#3740,#3741);
#3740 = CARTESIAN_POINT('',(10.315318360437,2.859675279812,11.1));
#3741 = VECTOR('',#3742,1.);
#3742 = DIRECTION('',(1.224646799147E-16,0.,-1.));
#3743 = PLANE('',#3744);
#3744 = AXIS2_PLACEMENT_3D('',#3745,#3746,#3747);
#3745 = CARTESIAN_POINT('',(12.60478692548,1.593952821089,11.));
#3746 = DIRECTION('',(0.483829540384,0.875162256871,5.925202979642E-17)
  );
#3747 = DIRECTION('',(-0.875162256871,0.483829540384,-1.071764656612E-16
    ));
#3748 = ADVANCED_FACE('',(#3749),#3785,.F.);
#3749 = FACE_BOUND('',#3750,.F.);
#3750 = EDGE_LOOP('',(#3751,#3762,#3768,#3769,#3770,#3779));
#3751 = ORIENTED_EDGE('',*,*,#3752,.F.);
#3752 = EDGE_CURVE('',#3753,#3755,#3757,.T.);
#3753 = VERTEX_POINT('',#3754);
#3754 = CARTESIAN_POINT('',(9.316386847539,3.929931449123,9.8));
#3755 = VERTEX_POINT('',#3756);
#3756 = CARTESIAN_POINT('',(9.683613152461,2.270068550877,9.8));
#3757 = CIRCLE('',#3758,0.85);
#3758 = AXIS2_PLACEMENT_3D('',#3759,#3760,#3761);
#3759 = CARTESIAN_POINT('',(9.5,3.1,9.8));
#3760 = DIRECTION('',(1.224646799147E-16,0.,-1.));
#3761 = DIRECTION('',(-1.,0.,-1.224646799147E-16));
#3762 = ORIENTED_EDGE('',*,*,#3763,.F.);
#3763 = EDGE_CURVE('',#2681,#3753,#3764,.T.);
#3764 = LINE('',#3765,#3766);
#3765 = CARTESIAN_POINT('',(9.316386847539,3.929931449123,11.1));
#3766 = VECTOR('',#3767,1.);
#3767 = DIRECTION('',(1.224646799147E-16,0.,-1.));
#3768 = ORIENTED_EDGE('',*,*,#2688,.T.);
#3769 = ORIENTED_EDGE('',*,*,#3738,.T.);
#3770 = ORIENTED_EDGE('',*,*,#3771,.T.);
#3771 = EDGE_CURVE('',#3731,#3772,#3774,.T.);
#3772 = VERTEX_POINT('',#3773);
#3773 = CARTESIAN_POINT('',(9.683613152461,2.270068550877,10.6));
#3774 = CIRCLE('',#3775,0.85);
#3775 = AXIS2_PLACEMENT_3D('',#3776,#3777,#3778);
#3776 = CARTESIAN_POINT('',(9.5,3.1,10.6));
#3777 = DIRECTION('',(1.224646799147E-16,0.,-1.));
#3778 = DIRECTION('',(-1.,0.,-1.224646799147E-16));
#3779 = ORIENTED_EDGE('',*,*,#3780,.T.);
#3780 = EDGE_CURVE('',#3772,#3755,#3781,.T.);
#3781 = LINE('',#3782,#3783);
#3782 = CARTESIAN_POINT('',(9.683613152461,2.270068550877,11.1));
#3783 = VECTOR('',#3784,1.);
#3784 = DIRECTION('',(1.224646799147E-16,0.,-1.));
#3785 = CYLINDRICAL_SURFACE('',#3786,0.85);
#3786 = AXIS2_PLACEMENT_3D('',#3787,#3788,#3789);
#3787 = CARTESIAN_POINT('',(9.5,3.1,11.1));
#3788 = DIRECTION('',(1.224646799147E-16,0.,-1.));
#3789 = DIRECTION('',(-1.,0.,-1.224646799147E-16));
#3790 = ADVANCED_FACE('',(#3791),#3864,.F.);
#3791 = FACE_BOUND('',#3792,.F.);
#3792 = EDGE_LOOP('',(#3793,#3794,#3795,#3803,#3809,#3810,#3818,#3826,
    #3834,#3842,#3850,#3858));
#3793 = ORIENTED_EDGE('',*,*,#2680,.F.);
#3794 = ORIENTED_EDGE('',*,*,#3763,.T.);
#3795 = ORIENTED_EDGE('',*,*,#3796,.F.);
#3796 = EDGE_CURVE('',#3797,#3753,#3799,.T.);
#3797 = VERTEX_POINT('',#3798);
#3798 = CARTESIAN_POINT('',(-1.983613152461,1.429931449123,9.8));
#3799 = LINE('',#3800,#3801);
#3800 = CARTESIAN_POINT('',(4.461115830666,2.85575644539,9.8));
#3801 = VECTOR('',#3802,1.);
#3802 = DIRECTION('',(0.976389940145,0.216015473483,1.195732814918E-16)
  );
#3803 = ORIENTED_EDGE('',*,*,#3804,.F.);
#3804 = EDGE_CURVE('',#2546,#3797,#3805,.T.);
#3805 = LINE('',#3806,#3807);
#3806 = CARTESIAN_POINT('',(-1.983613152461,1.429931449123,11.1));
#3807 = VECTOR('',#3808,1.);
#3808 = DIRECTION('',(1.224646799147E-16,0.,-1.));
#3809 = ORIENTED_EDGE('',*,*,#2554,.F.);
#3810 = ORIENTED_EDGE('',*,*,#3811,.T.);
#3811 = EDGE_CURVE('',#2555,#3812,#3814,.T.);
#3812 = VERTEX_POINT('',#3813);
#3813 = CARTESIAN_POINT('',(-0.959085543726,1.656596849286,10.6));
#3814 = LINE('',#3815,#3816);
#3815 = CARTESIAN_POINT('',(-0.959085543726,1.656596849286,11.05));
#3816 = VECTOR('',#3817,1.);
#3817 = DIRECTION('',(1.224646799147E-16,0.,-1.));
#3818 = ORIENTED_EDGE('',*,*,#3819,.T.);
#3819 = EDGE_CURVE('',#3812,#3820,#3822,.T.);
#3820 = VERTEX_POINT('',#3821);
#3821 = CARTESIAN_POINT('',(3.552156987639,2.654659356225,10.6));
#3822 = LINE('',#3823,#3824);
#3823 = CARTESIAN_POINT('',(6.765510469971,3.365578268245,10.6));
#3824 = VECTOR('',#3825,1.);
#3825 = DIRECTION('',(0.976389940145,0.216015473483,1.195732814918E-16)
  );
#3826 = ORIENTED_EDGE('',*,*,#3827,.T.);
#3827 = EDGE_CURVE('',#3820,#3828,#3830,.T.);
#3828 = VERTEX_POINT('',#3829);
#3829 = CARTESIAN_POINT('',(3.552156987639,2.654659356225,11.));
#3830 = LINE('',#3831,#3832);
#3831 = CARTESIAN_POINT('',(3.552156987639,2.654659356225,11.05));
#3832 = VECTOR('',#3833,1.);
#3833 = DIRECTION('',(-1.224646799147E-16,0.,1.));
#3834 = ORIENTED_EDGE('',*,*,#3835,.F.);
#3835 = EDGE_CURVE('',#3836,#3828,#3838,.T.);
#3836 = VERTEX_POINT('',#3837);
#3837 = CARTESIAN_POINT('',(4.956895561773,2.965442226608,11.));
#3838 = LINE('',#3839,#3840);
#3839 = CARTESIAN_POINT('',(4.033631592806,2.761180286571,11.));
#3840 = VECTOR('',#3841,1.);
#3841 = DIRECTION('',(-0.976389940145,-0.216015473483,
    -1.195732814918E-16));
#3842 = ORIENTED_EDGE('',*,*,#3843,.T.);
#3843 = EDGE_CURVE('',#3836,#3844,#3846,.T.);
#3844 = VERTEX_POINT('',#3845);
#3845 = CARTESIAN_POINT('',(4.956895561773,2.965442226608,10.6));
#3846 = LINE('',#3847,#3848);
#3847 = CARTESIAN_POINT('',(4.956895561773,2.965442226608,11.05));
#3848 = VECTOR('',#3849,1.);
#3849 = DIRECTION('',(1.224646799147E-16,0.,-1.));
#3850 = ORIENTED_EDGE('',*,*,#3851,.T.);
#3851 = EDGE_CURVE('',#3844,#3852,#3854,.T.);
#3852 = VERTEX_POINT('',#3853);
#3853 = CARTESIAN_POINT('',(8.647207485875,3.781882917781,10.6));
#3854 = LINE('',#3855,#3856);
#3855 = CARTESIAN_POINT('',(6.765510469971,3.365578268245,10.6));
#3856 = VECTOR('',#3857,1.);
#3857 = DIRECTION('',(0.976389940145,0.216015473483,1.195732814918E-16)
  );
#3858 = ORIENTED_EDGE('',*,*,#3859,.T.);
#3859 = EDGE_CURVE('',#3852,#2673,#3860,.T.);
#3860 = LINE('',#3861,#3862);
#3861 = CARTESIAN_POINT('',(8.647207485875,3.781882917781,11.05));
#3862 = VECTOR('',#3863,1.);
#3863 = DIRECTION('',(-1.224646799147E-16,0.,1.));
#3864 = PLANE('',#3865);
#3865 = AXIS2_PLACEMENT_3D('',#3866,#3867,#3868);
#3866 = CARTESIAN_POINT('',(9.316386847539,3.929931449123,11.1));
#3867 = DIRECTION('',(-0.216015473483,0.976389940145,-2.645426581677E-17
    ));
#3868 = DIRECTION('',(-0.976389940145,-0.216015473483,
    -1.195732814918E-16));
#3869 = ADVANCED_FACE('',(#3870),#3888,.F.);
#3870 = FACE_BOUND('',#3871,.F.);
#3871 = EDGE_LOOP('',(#3872,#3873,#3874,#3882));
#3872 = ORIENTED_EDGE('',*,*,#2672,.F.);
#3873 = ORIENTED_EDGE('',*,*,#3859,.F.);
#3874 = ORIENTED_EDGE('',*,*,#3875,.T.);
#3875 = EDGE_CURVE('',#3852,#3876,#3878,.T.);
#3876 = VERTEX_POINT('',#3877);
#3877 = CARTESIAN_POINT('',(6.701051195354,4.857806720671,10.6));
#3878 = LINE('',#3879,#3880);
#3879 = CARTESIAN_POINT('',(12.60478692548,1.593952821089,10.6));
#3880 = VECTOR('',#3881,1.);
#3881 = DIRECTION('',(-0.875162256871,0.483829540384,-1.071764656612E-16
    ));
#3882 = ORIENTED_EDGE('',*,*,#3883,.F.);
#3883 = EDGE_CURVE('',#2665,#3876,#3884,.T.);
#3884 = LINE('',#3885,#3886);
#3885 = CARTESIAN_POINT('',(6.701051195354,4.857806720671,11.05));
#3886 = VECTOR('',#3887,1.);
#3887 = DIRECTION('',(1.224646799147E-16,0.,-1.));
#3888 = PLANE('',#3889);
#3889 = AXIS2_PLACEMENT_3D('',#3890,#3891,#3892);
#3890 = CARTESIAN_POINT('',(12.60478692548,1.593952821089,11.));
#3891 = DIRECTION('',(0.483829540384,0.875162256871,5.925202979642E-17)
  );
#3892 = DIRECTION('',(-0.875162256871,0.483829540384,-1.071764656612E-16
    ));
#3893 = ADVANCED_FACE('',(#3894),#3960,.F.);
#3894 = FACE_BOUND('',#3895,.F.);
#3895 = EDGE_LOOP('',(#3896,#3906,#3914,#3922,#3930,#3938,#3944,#3945,
    #3946,#3954));
#3896 = ORIENTED_EDGE('',*,*,#3897,.F.);
#3897 = EDGE_CURVE('',#3898,#3900,#3902,.T.);
#3898 = VERTEX_POINT('',#3899);
#3899 = CARTESIAN_POINT('',(2.04106594752,3.213106044964,11.));
#3900 = VERTEX_POINT('',#3901);
#3901 = CARTESIAN_POINT('',(3.547314094243,3.744723037926,11.));
#3902 = LINE('',#3903,#3904);
#3903 = CARTESIAN_POINT('',(-0.684446305984,2.251160543728,11.));
#3904 = VECTOR('',#3905,1.);
#3905 = DIRECTION('',(0.942990333583,0.332820117735,1.154830093649E-16)
  );
#3906 = ORIENTED_EDGE('',*,*,#3907,.T.);
#3907 = EDGE_CURVE('',#3898,#3908,#3910,.T.);
#3908 = VERTEX_POINT('',#3909);
#3909 = CARTESIAN_POINT('',(2.04106594752,3.213106044964,10.6));
#3910 = LINE('',#3911,#3912);
#3911 = CARTESIAN_POINT('',(2.04106594752,3.213106044964,11.05));
#3912 = VECTOR('',#3913,1.);
#3913 = DIRECTION('',(1.224646799147E-16,0.,-1.));
#3914 = ORIENTED_EDGE('',*,*,#3915,.T.);
#3915 = EDGE_CURVE('',#3908,#3916,#3918,.T.);
#3916 = VERTEX_POINT('',#3917);
#3917 = CARTESIAN_POINT('',(0.582897100075,2.698458216455,10.6));
#3918 = LINE('',#3919,#3920);
#3919 = CARTESIAN_POINT('',(2.000022954178,3.198620282609,10.6));
#3920 = VECTOR('',#3921,1.);
#3921 = DIRECTION('',(-0.942990333583,-0.332820117735,
    -1.154830093649E-16));
#3922 = ORIENTED_EDGE('',*,*,#3923,.T.);
#3923 = EDGE_CURVE('',#3916,#3924,#3926,.T.);
#3924 = VERTEX_POINT('',#3925);
#3925 = CARTESIAN_POINT('',(0.582897100075,2.698458216455,9.8));
#3926 = LINE('',#3927,#3928);
#3927 = CARTESIAN_POINT('',(0.582897100075,2.698458216455,11.1));
#3928 = VECTOR('',#3929,1.);
#3929 = DIRECTION('',(1.224646799147E-16,0.,-1.));
#3930 = ORIENTED_EDGE('',*,*,#3931,.F.);
#3931 = EDGE_CURVE('',#3932,#3924,#3934,.T.);
#3932 = VERTEX_POINT('',#3933);
#3933 = CARTESIAN_POINT('',(9.082897100075,5.698458216455,9.8));
#3934 = LINE('',#3935,#3936);
#3935 = CARTESIAN_POINT('',(-9.971828454052E-02,2.457535139531,9.8));
#3936 = VECTOR('',#3937,1.);
#3937 = DIRECTION('',(-0.942990333583,-0.332820117735,
    -1.154830093649E-16));
#3938 = ORIENTED_EDGE('',*,*,#3939,.F.);
#3939 = EDGE_CURVE('',#2656,#3932,#3940,.T.);
#3940 = LINE('',#3941,#3942);
#3941 = CARTESIAN_POINT('',(9.082897100075,5.698458216455,11.1));
#3942 = VECTOR('',#3943,1.);
#3943 = DIRECTION('',(1.224646799147E-16,0.,-1.));
#3944 = ORIENTED_EDGE('',*,*,#2664,.F.);
#3945 = ORIENTED_EDGE('',*,*,#3883,.T.);
#3946 = ORIENTED_EDGE('',*,*,#3947,.T.);
#3947 = EDGE_CURVE('',#3876,#3948,#3950,.T.);
#3948 = VERTEX_POINT('',#3949);
#3949 = CARTESIAN_POINT('',(3.547314094243,3.744723037926,10.6));
#3950 = LINE('',#3951,#3952);
#3951 = CARTESIAN_POINT('',(2.000022954178,3.198620282609,10.6));
#3952 = VECTOR('',#3953,1.);
#3953 = DIRECTION('',(-0.942990333583,-0.332820117735,
    -1.154830093649E-16));
#3954 = ORIENTED_EDGE('',*,*,#3955,.T.);
#3955 = EDGE_CURVE('',#3948,#3900,#3956,.T.);
#3956 = LINE('',#3957,#3958);
#3957 = CARTESIAN_POINT('',(3.547314094243,3.744723037926,11.05));
#3958 = VECTOR('',#3959,1.);
#3959 = DIRECTION('',(-1.224646799147E-16,0.,1.));
#3960 = PLANE('',#3961);
#3961 = AXIS2_PLACEMENT_3D('',#3962,#3963,#3964);
#3962 = CARTESIAN_POINT('',(0.582897100075,2.698458216455,11.1));
#3963 = DIRECTION('',(0.332820117735,-0.942990333583,4.075870918762E-17)
  );
#3964 = DIRECTION('',(0.942990333583,0.332820117735,1.154830093649E-16)
  );
#3965 = ADVANCED_FACE('',(#3966),#3985,.F.);
#3966 = FACE_BOUND('',#3967,.F.);
#3967 = EDGE_LOOP('',(#3968,#3977,#3983,#3984));
#3968 = ORIENTED_EDGE('',*,*,#3969,.F.);
#3969 = EDGE_CURVE('',#3970,#3932,#3972,.T.);
#3970 = VERTEX_POINT('',#3971);
#3971 = CARTESIAN_POINT('',(8.517102899925,7.301541783545,9.8));
#3972 = CIRCLE('',#3973,0.85);
#3973 = AXIS2_PLACEMENT_3D('',#3974,#3975,#3976);
#3974 = CARTESIAN_POINT('',(8.8,6.5,9.8));
#3975 = DIRECTION('',(1.224646799147E-16,0.,-1.));
#3976 = DIRECTION('',(-1.,0.,-1.224646799147E-16));
#3977 = ORIENTED_EDGE('',*,*,#3978,.F.);
#3978 = EDGE_CURVE('',#2648,#3970,#3979,.T.);
#3979 = LINE('',#3980,#3981);
#3980 = CARTESIAN_POINT('',(8.517102899925,7.301541783545,11.1));
#3981 = VECTOR('',#3982,1.);
#3982 = DIRECTION('',(1.224646799147E-16,0.,-1.));
#3983 = ORIENTED_EDGE('',*,*,#2655,.T.);
#3984 = ORIENTED_EDGE('',*,*,#3939,.T.);
#3985 = CYLINDRICAL_SURFACE('',#3986,0.85);
#3986 = AXIS2_PLACEMENT_3D('',#3987,#3988,#3989);
#3987 = CARTESIAN_POINT('',(8.8,6.5,11.1));
#3988 = DIRECTION('',(1.224646799147E-16,0.,-1.));
#3989 = DIRECTION('',(-1.,0.,-1.224646799147E-16));
#3990 = ADVANCED_FACE('',(#3991),#4032,.F.);
#3991 = FACE_BOUND('',#3992,.F.);
#3992 = EDGE_LOOP('',(#3993,#3994,#3995,#4003,#4009,#4010,#4018,#4026));
#3993 = ORIENTED_EDGE('',*,*,#2647,.F.);
#3994 = ORIENTED_EDGE('',*,*,#3978,.T.);
#3995 = ORIENTED_EDGE('',*,*,#3996,.F.);
#3996 = EDGE_CURVE('',#3997,#3970,#3999,.T.);
#3997 = VERTEX_POINT('',#3998);
#3998 = CARTESIAN_POINT('',(1.710289992513E-02,4.301541783545,9.8));
#3999 = LINE('',#4000,#4001);
#4000 = CARTESIAN_POINT('',(3.58448751531,5.560618706622,9.8));
#4001 = VECTOR('',#4002,1.);
#4002 = DIRECTION('',(0.942990333583,0.332820117735,1.154830093649E-16)
  );
#4003 = ORIENTED_EDGE('',*,*,#4004,.F.);
#4004 = EDGE_CURVE('',#2597,#3997,#4005,.T.);
#4005 = LINE('',#4006,#4007);
#4006 = CARTESIAN_POINT('',(1.710289992513E-02,4.301541783545,11.1));
#4007 = VECTOR('',#4008,1.);
#4008 = DIRECTION('',(1.224646799147E-16,0.,-1.));
#4009 = ORIENTED_EDGE('',*,*,#2605,.F.);
#4010 = ORIENTED_EDGE('',*,*,#4011,.T.);
#4011 = EDGE_CURVE('',#2606,#4012,#4014,.T.);
#4012 = VERTEX_POINT('',#4013);
#4013 = CARTESIAN_POINT('',(1.557026946145,4.845044388094,10.6));
#4014 = LINE('',#4015,#4016);
#4015 = CARTESIAN_POINT('',(1.557026946145,4.845044388094,11.05));
#4016 = VECTOR('',#4017,1.);
#4017 = DIRECTION('',(1.224646799147E-16,0.,-1.));
#4018 = ORIENTED_EDGE('',*,*,#4019,.T.);
#4019 = EDGE_CURVE('',#4012,#4020,#4022,.T.);
#4020 = VERTEX_POINT('',#4021);
#4021 = CARTESIAN_POINT('',(4.710764047256,5.958128070839,10.6));
#4022 = LINE('',#4023,#4024);
#4023 = CARTESIAN_POINT('',(5.684228754028,6.301703849699,10.6));
#4024 = VECTOR('',#4025,1.);
#4025 = DIRECTION('',(0.942990333583,0.332820117735,1.154830093649E-16)
  );
#4026 = ORIENTED_EDGE('',*,*,#4027,.T.);
#4027 = EDGE_CURVE('',#4020,#2640,#4028,.T.);
#4028 = LINE('',#4029,#4030);
#4029 = CARTESIAN_POINT('',(4.710764047256,5.958128070839,11.05));
#4030 = VECTOR('',#4031,1.);
#4031 = DIRECTION('',(-1.224646799147E-16,0.,1.));
#4032 = PLANE('',#4033);
#4033 = AXIS2_PLACEMENT_3D('',#4034,#4035,#4036);
#4034 = CARTESIAN_POINT('',(8.517102899925,7.301541783545,11.1));
#4035 = DIRECTION('',(-0.332820117735,0.942990333583,-4.075870918762E-17
    ));
#4036 = DIRECTION('',(-0.942990333583,-0.332820117735,
    -1.154830093649E-16));
#4037 = ADVANCED_FACE('',(#4038),#4056,.F.);
#4038 = FACE_BOUND('',#4039,.F.);
#4039 = EDGE_LOOP('',(#4040,#4041,#4042,#4050));
#4040 = ORIENTED_EDGE('',*,*,#2639,.F.);
#4041 = ORIENTED_EDGE('',*,*,#4027,.F.);
#4042 = ORIENTED_EDGE('',*,*,#4043,.T.);
#4043 = EDGE_CURVE('',#4020,#4044,#4046,.T.);
#4044 = VERTEX_POINT('',#4045);
#4045 = CARTESIAN_POINT('',(0.30478692548,8.393952821089,10.6));
#4046 = LINE('',#4047,#4048);
#4047 = CARTESIAN_POINT('',(12.60478692548,1.593952821089,10.6));
#4048 = VECTOR('',#4049,1.);
#4049 = DIRECTION('',(-0.875162256871,0.483829540384,-1.071764656612E-16
    ));
#4050 = ORIENTED_EDGE('',*,*,#4051,.F.);
#4051 = EDGE_CURVE('',#2631,#4044,#4052,.T.);
#4052 = LINE('',#4053,#4054);
#4053 = CARTESIAN_POINT('',(0.30478692548,8.393952821089,11.));
#4054 = VECTOR('',#4055,1.);
#4055 = DIRECTION('',(1.224646799147E-16,0.,-1.));
#4056 = PLANE('',#4057);
#4057 = AXIS2_PLACEMENT_3D('',#4058,#4059,#4060);
#4058 = CARTESIAN_POINT('',(12.60478692548,1.593952821089,11.));
#4059 = DIRECTION('',(0.483829540384,0.875162256871,5.925202979642E-17)
  );
#4060 = DIRECTION('',(-0.875162256871,0.483829540384,-1.071764656612E-16
    ));
#4061 = ADVANCED_FACE('',(#4062),#4091,.F.);
#4062 = FACE_BOUND('',#4063,.F.);
#4063 = EDGE_LOOP('',(#4064,#4075,#4081,#4082,#4083,#4084));
#4064 = ORIENTED_EDGE('',*,*,#4065,.F.);
#4065 = EDGE_CURVE('',#4066,#4068,#4070,.T.);
#4066 = VERTEX_POINT('',#4067);
#4067 = CARTESIAN_POINT('',(-0.90478692548,6.206047178911,10.6));
#4068 = VERTEX_POINT('',#4069);
#4069 = CARTESIAN_POINT('',(-1.55,7.3,10.6));
#4070 = CIRCLE('',#4071,1.25);
#4071 = AXIS2_PLACEMENT_3D('',#4072,#4073,#4074);
#4072 = CARTESIAN_POINT('',(-0.3,7.3,10.6));
#4073 = DIRECTION('',(1.224646799147E-16,0.,-1.));
#4074 = DIRECTION('',(-1.,0.,-1.224646799147E-16));
#4075 = ORIENTED_EDGE('',*,*,#4076,.F.);
#4076 = EDGE_CURVE('',#2614,#4066,#4077,.T.);
#4077 = LINE('',#4078,#4079);
#4078 = CARTESIAN_POINT('',(-0.90478692548,6.206047178911,11.));
#4079 = VECTOR('',#4080,1.);
#4080 = DIRECTION('',(1.224646799147E-16,0.,-1.));
#4081 = ORIENTED_EDGE('',*,*,#2621,.T.);
#4082 = ORIENTED_EDGE('',*,*,#2630,.T.);
#4083 = ORIENTED_EDGE('',*,*,#4051,.T.);
#4084 = ORIENTED_EDGE('',*,*,#4085,.F.);
#4085 = EDGE_CURVE('',#4068,#4044,#4086,.T.);
#4086 = CIRCLE('',#4087,1.25);
#4087 = AXIS2_PLACEMENT_3D('',#4088,#4089,#4090);
#4088 = CARTESIAN_POINT('',(-0.3,7.3,10.6));
#4089 = DIRECTION('',(1.224646799147E-16,0.,-1.));
#4090 = DIRECTION('',(-1.,0.,-1.224646799147E-16));
#4091 = CYLINDRICAL_SURFACE('',#4092,1.25);
#4092 = AXIS2_PLACEMENT_3D('',#4093,#4094,#4095);
#4093 = CARTESIAN_POINT('',(-0.3,7.3,11.));
#4094 = DIRECTION('',(1.224646799147E-16,0.,-1.));
#4095 = DIRECTION('',(-1.,0.,-1.224646799147E-16));
#4096 = ADVANCED_FACE('',(#4097),#4108,.F.);
#4097 = FACE_BOUND('',#4098,.F.);
#4098 = EDGE_LOOP('',(#4099,#4100,#4101,#4107));
#4099 = ORIENTED_EDGE('',*,*,#2613,.F.);
#4100 = ORIENTED_EDGE('',*,*,#4076,.T.);
#4101 = ORIENTED_EDGE('',*,*,#4102,.T.);
#4102 = EDGE_CURVE('',#4066,#4012,#4103,.T.);
#4103 = LINE('',#4104,#4105);
#4104 = CARTESIAN_POINT('',(-0.90478692548,6.206047178911,10.6));
#4105 = VECTOR('',#4106,1.);
#4106 = DIRECTION('',(0.875162256871,-0.483829540384,1.071764656612E-16)
  );
#4107 = ORIENTED_EDGE('',*,*,#4011,.F.);
#4108 = PLANE('',#4109);
#4109 = AXIS2_PLACEMENT_3D('',#4110,#4111,#4112);
#4110 = CARTESIAN_POINT('',(-0.90478692548,6.206047178911,11.));
#4111 = DIRECTION('',(-0.483829540384,-0.875162256871,
    -5.925202979642E-17));
#4112 = DIRECTION('',(0.875162256871,-0.483829540384,1.071764656612E-16)
  );
#4113 = ADVANCED_FACE('',(#4114),#4141,.F.);
#4114 = FACE_BOUND('',#4115,.F.);
#4115 = EDGE_LOOP('',(#4116,#4123,#4124,#4133,#4139,#4140));
#4116 = ORIENTED_EDGE('',*,*,#4117,.F.);
#4117 = EDGE_CURVE('',#3924,#3997,#4118,.T.);
#4118 = CIRCLE('',#4119,0.85);
#4119 = AXIS2_PLACEMENT_3D('',#4120,#4121,#4122);
#4120 = CARTESIAN_POINT('',(0.3,3.5,9.8));
#4121 = DIRECTION('',(1.224646799147E-16,0.,-1.));
#4122 = DIRECTION('',(-1.,0.,-1.224646799147E-16));
#4123 = ORIENTED_EDGE('',*,*,#3923,.F.);
#4124 = ORIENTED_EDGE('',*,*,#4125,.T.);
#4125 = EDGE_CURVE('',#3916,#4126,#4128,.T.);
#4126 = VERTEX_POINT('',#4127);
#4127 = CARTESIAN_POINT('',(-0.317056734651,4.084586166636,10.6));
#4128 = CIRCLE('',#4129,0.85);
#4129 = AXIS2_PLACEMENT_3D('',#4130,#4131,#4132);
#4130 = CARTESIAN_POINT('',(0.3,3.5,10.6));
#4131 = DIRECTION('',(1.224646799147E-16,0.,-1.));
#4132 = DIRECTION('',(-1.,0.,-1.224646799147E-16));
#4133 = ORIENTED_EDGE('',*,*,#4134,.F.);
#4134 = EDGE_CURVE('',#2589,#4126,#4135,.T.);
#4135 = LINE('',#4136,#4137);
#4136 = CARTESIAN_POINT('',(-0.317056734651,4.084586166636,11.1));
#4137 = VECTOR('',#4138,1.);
#4138 = DIRECTION('',(1.224646799147E-16,0.,-1.));
#4139 = ORIENTED_EDGE('',*,*,#2596,.T.);
#4140 = ORIENTED_EDGE('',*,*,#4004,.T.);
#4141 = CYLINDRICAL_SURFACE('',#4142,0.85);
#4142 = AXIS2_PLACEMENT_3D('',#4143,#4144,#4145);
#4143 = CARTESIAN_POINT('',(0.3,3.5,11.1));
#4144 = DIRECTION('',(1.224646799147E-16,0.,-1.));
#4145 = DIRECTION('',(-1.,0.,-1.224646799147E-16));
#4146 = ADVANCED_FACE('',(#4147),#4165,.F.);
#4147 = FACE_BOUND('',#4148,.F.);
#4148 = EDGE_LOOP('',(#4149,#4150,#4151,#4159));
#4149 = ORIENTED_EDGE('',*,*,#2588,.F.);
#4150 = ORIENTED_EDGE('',*,*,#4134,.T.);
#4151 = ORIENTED_EDGE('',*,*,#4152,.T.);
#4152 = EDGE_CURVE('',#4126,#4153,#4155,.T.);
#4153 = VERTEX_POINT('',#4154);
#4154 = CARTESIAN_POINT('',(-1.36668732391,4.472493123536,10.6));
#4155 = LINE('',#4156,#4157);
#4156 = CARTESIAN_POINT('',(12.43331267609,-0.627506876464,10.6));
#4157 = VECTOR('',#4158,1.);
#4158 = DIRECTION('',(-0.937994498829,0.346650140872,-1.148711960609E-16
    ));
#4159 = ORIENTED_EDGE('',*,*,#4160,.F.);
#4160 = EDGE_CURVE('',#2580,#4153,#4161,.T.);
#4161 = LINE('',#4162,#4163);
#4162 = CARTESIAN_POINT('',(-1.36668732391,4.472493123536,11.));
#4163 = VECTOR('',#4164,1.);
#4164 = DIRECTION('',(1.224646799147E-16,0.,-1.));
#4165 = PLANE('',#4166);
#4166 = AXIS2_PLACEMENT_3D('',#4167,#4168,#4169);
#4167 = CARTESIAN_POINT('',(12.43331267609,-0.627506876464,11.));
#4168 = DIRECTION('',(0.346650140872,0.937994498829,4.245239854424E-17)
  );
#4169 = DIRECTION('',(-0.937994498829,0.346650140872,-1.148711960609E-16
    ));
#4170 = ADVANCED_FACE('',(#4171),#4200,.F.);
#4171 = FACE_BOUND('',#4172,.F.);
#4172 = EDGE_LOOP('',(#4173,#4184,#4190,#4191,#4192,#4193));
#4173 = ORIENTED_EDGE('',*,*,#4174,.F.);
#4174 = EDGE_CURVE('',#4175,#4177,#4179,.T.);
#4175 = VERTEX_POINT('',#4176);
#4176 = CARTESIAN_POINT('',(-2.23331267609,2.127506876464,10.6));
#4177 = VERTEX_POINT('',#4178);
#4178 = CARTESIAN_POINT('',(-3.05,3.3,10.6));
#4179 = CIRCLE('',#4180,1.25);
#4180 = AXIS2_PLACEMENT_3D('',#4181,#4182,#4183);
#4181 = CARTESIAN_POINT('',(-1.8,3.3,10.6));
#4182 = DIRECTION('',(1.224646799147E-16,0.,-1.));
#4183 = DIRECTION('',(-1.,0.,-1.224646799147E-16));
#4184 = ORIENTED_EDGE('',*,*,#4185,.F.);
#4185 = EDGE_CURVE('',#2563,#4175,#4186,.T.);
#4186 = LINE('',#4187,#4188);
#4187 = CARTESIAN_POINT('',(-2.23331267609,2.127506876464,11.));
#4188 = VECTOR('',#4189,1.);
#4189 = DIRECTION('',(1.224646799147E-16,0.,-1.));
#4190 = ORIENTED_EDGE('',*,*,#2570,.T.);
#4191 = ORIENTED_EDGE('',*,*,#2579,.T.);
#4192 = ORIENTED_EDGE('',*,*,#4160,.T.);
#4193 = ORIENTED_EDGE('',*,*,#4194,.F.);
#4194 = EDGE_CURVE('',#4177,#4153,#4195,.T.);
#4195 = CIRCLE('',#4196,1.25);
#4196 = AXIS2_PLACEMENT_3D('',#4197,#4198,#4199);
#4197 = CARTESIAN_POINT('',(-1.8,3.3,10.6));
#4198 = DIRECTION('',(1.224646799147E-16,0.,-1.));
#4199 = DIRECTION('',(-1.,0.,-1.224646799147E-16));
#4200 = CYLINDRICAL_SURFACE('',#4201,1.25);
#4201 = AXIS2_PLACEMENT_3D('',#4202,#4203,#4204);
#4202 = CARTESIAN_POINT('',(-1.8,3.3,11.));
#4203 = DIRECTION('',(1.224646799147E-16,0.,-1.));
#4204 = DIRECTION('',(-1.,0.,-1.224646799147E-16));
#4205 = ADVANCED_FACE('',(#4206),#4217,.F.);
#4206 = FACE_BOUND('',#4207,.F.);
#4207 = EDGE_LOOP('',(#4208,#4209,#4210,#4216));
#4208 = ORIENTED_EDGE('',*,*,#2562,.F.);
#4209 = ORIENTED_EDGE('',*,*,#4185,.T.);
#4210 = ORIENTED_EDGE('',*,*,#4211,.T.);
#4211 = EDGE_CURVE('',#4175,#3812,#4212,.T.);
#4212 = LINE('',#4213,#4214);
#4213 = CARTESIAN_POINT('',(-2.23331267609,2.127506876464,10.6));
#4214 = VECTOR('',#4215,1.);
#4215 = DIRECTION('',(0.937994498829,-0.346650140872,1.148711960609E-16)
  );
#4216 = ORIENTED_EDGE('',*,*,#3811,.F.);
#4217 = PLANE('',#4218);
#4218 = AXIS2_PLACEMENT_3D('',#4219,#4220,#4221);
#4219 = CARTESIAN_POINT('',(-2.23331267609,2.127506876464,11.));
#4220 = DIRECTION('',(-0.346650140872,-0.937994498829,
    -4.245239854424E-17));
#4221 = DIRECTION('',(0.937994498829,-0.346650140872,1.148711960609E-16)
  );
#4222 = ADVANCED_FACE('',(#4223),#4259,.F.);
#4223 = FACE_BOUND('',#4224,.F.);
#4224 = EDGE_LOOP('',(#4225,#4234,#4242,#4251,#4257,#4258));
#4225 = ORIENTED_EDGE('',*,*,#4226,.F.);
#4226 = EDGE_CURVE('',#4227,#3797,#4229,.T.);
#4227 = VERTEX_POINT('',#4228);
#4228 = CARTESIAN_POINT('',(-1.616386847539,-0.229931449123,9.8));
#4229 = CIRCLE('',#4230,0.85);
#4230 = AXIS2_PLACEMENT_3D('',#4231,#4232,#4233);
#4231 = CARTESIAN_POINT('',(-1.8,0.6,9.8));
#4232 = DIRECTION('',(1.224646799147E-16,0.,-1.));
#4233 = DIRECTION('',(-1.,0.,-1.224646799147E-16));
#4234 = ORIENTED_EDGE('',*,*,#4235,.F.);
#4235 = EDGE_CURVE('',#4236,#4227,#4238,.T.);
#4236 = VERTEX_POINT('',#4237);
#4237 = CARTESIAN_POINT('',(-1.616386847539,-0.229931449123,10.6));
#4238 = LINE('',#4239,#4240);
#4239 = CARTESIAN_POINT('',(-1.616386847539,-0.229931449123,11.1));
#4240 = VECTOR('',#4241,1.);
#4241 = DIRECTION('',(1.224646799147E-16,0.,-1.));
#4242 = ORIENTED_EDGE('',*,*,#4243,.T.);
#4243 = EDGE_CURVE('',#4236,#4244,#4246,.T.);
#4244 = VERTEX_POINT('',#4245);
#4245 = CARTESIAN_POINT('',(-2.627634950548,0.406298196624,10.6));
#4246 = CIRCLE('',#4247,0.85);
#4247 = AXIS2_PLACEMENT_3D('',#4248,#4249,#4250);
#4248 = CARTESIAN_POINT('',(-1.8,0.6,10.6));
#4249 = DIRECTION('',(1.224646799147E-16,0.,-1.));
#4250 = DIRECTION('',(-1.,0.,-1.224646799147E-16));
#4251 = ORIENTED_EDGE('',*,*,#4252,.F.);
#4252 = EDGE_CURVE('',#2537,#4244,#4253,.T.);
#4253 = LINE('',#4254,#4255);
#4254 = CARTESIAN_POINT('',(-2.627634950548,0.406298196624,11.));
#4255 = VECTOR('',#4256,1.);
#4256 = DIRECTION('',(1.224646799147E-16,0.,-1.));
#4257 = ORIENTED_EDGE('',*,*,#2545,.T.);
#4258 = ORIENTED_EDGE('',*,*,#3804,.T.);
#4259 = CYLINDRICAL_SURFACE('',#4260,0.85);
#4260 = AXIS2_PLACEMENT_3D('',#4261,#4262,#4263);
#4261 = CARTESIAN_POINT('',(-1.8,0.6,11.1));
#4262 = DIRECTION('',(1.224646799147E-16,0.,-1.));
#4263 = DIRECTION('',(-1.,0.,-1.224646799147E-16));
#4264 = ADVANCED_FACE('',(#4265),#4294,.F.);
#4265 = FACE_BOUND('',#4266,.F.);
#4266 = EDGE_LOOP('',(#4267,#4278,#4284,#4285,#4286,#4287));
#4267 = ORIENTED_EDGE('',*,*,#4268,.F.);
#4268 = EDGE_CURVE('',#4269,#4271,#4273,.T.);
#4269 = VERTEX_POINT('',#4270);
#4270 = CARTESIAN_POINT('',(-2.572969188892,-2.019831062859,10.6));
#4271 = VERTEX_POINT('',#4272);
#4272 = CARTESIAN_POINT('',(-3.55,-0.8,10.6));
#4273 = CIRCLE('',#4274,1.25);
#4274 = AXIS2_PLACEMENT_3D('',#4275,#4276,#4277);
#4275 = CARTESIAN_POINT('',(-2.3,-0.8,10.6));
#4276 = DIRECTION('',(1.224646799147E-16,0.,-1.));
#4277 = DIRECTION('',(-1.,0.,-1.224646799147E-16));
#4278 = ORIENTED_EDGE('',*,*,#4279,.F.);
#4279 = EDGE_CURVE('',#2520,#4269,#4280,.T.);
#4280 = LINE('',#4281,#4282);
#4281 = CARTESIAN_POINT('',(-2.572969188892,-2.019831062859,11.));
#4282 = VECTOR('',#4283,1.);
#4283 = DIRECTION('',(1.224646799147E-16,0.,-1.));
#4284 = ORIENTED_EDGE('',*,*,#2527,.T.);
#4285 = ORIENTED_EDGE('',*,*,#2536,.T.);
#4286 = ORIENTED_EDGE('',*,*,#4252,.T.);
#4287 = ORIENTED_EDGE('',*,*,#4288,.F.);
#4288 = EDGE_CURVE('',#4271,#4244,#4289,.T.);
#4289 = CIRCLE('',#4290,1.25);
#4290 = AXIS2_PLACEMENT_3D('',#4291,#4292,#4293);
#4291 = CARTESIAN_POINT('',(-2.3,-0.8,10.6));
#4292 = DIRECTION('',(1.224646799147E-16,0.,-1.));
#4293 = DIRECTION('',(-1.,0.,-1.224646799147E-16));
#4294 = CYLINDRICAL_SURFACE('',#4295,1.25);
#4295 = AXIS2_PLACEMENT_3D('',#4296,#4297,#4298);
#4296 = CARTESIAN_POINT('',(-2.3,-0.8,11.));
#4297 = DIRECTION('',(1.224646799147E-16,0.,-1.));
#4298 = DIRECTION('',(-1.,0.,-1.224646799147E-16));
#4299 = ADVANCED_FACE('',(#4300),#4318,.F.);
#4300 = FACE_BOUND('',#4301,.F.);
#4301 = EDGE_LOOP('',(#4302,#4303,#4304,#4312));
#4302 = ORIENTED_EDGE('',*,*,#2519,.F.);
#4303 = ORIENTED_EDGE('',*,*,#4279,.T.);
#4304 = ORIENTED_EDGE('',*,*,#4305,.T.);
#4305 = EDGE_CURVE('',#4269,#4306,#4308,.T.);
#4306 = VERTEX_POINT('',#4307);
#4307 = CARTESIAN_POINT('',(-1.348981201794,-2.293730472559,10.6));
#4308 = LINE('',#4309,#4310);
#4309 = CARTESIAN_POINT('',(-2.572969188892,-2.019831062859,10.6));
#4310 = VECTOR('',#4311,1.);
#4311 = DIRECTION('',(0.975864850287,-0.218375351113,1.195089765305E-16)
  );
#4312 = ORIENTED_EDGE('',*,*,#4313,.F.);
#4313 = EDGE_CURVE('',#2512,#4306,#4314,.T.);
#4314 = LINE('',#4315,#4316);
#4315 = CARTESIAN_POINT('',(-1.348981201794,-2.293730472559,11.05));
#4316 = VECTOR('',#4317,1.);
#4317 = DIRECTION('',(1.224646799147E-16,0.,-1.));
#4318 = PLANE('',#4319);
#4319 = AXIS2_PLACEMENT_3D('',#4320,#4321,#4322);
#4320 = CARTESIAN_POINT('',(-2.572969188892,-2.019831062859,11.));
#4321 = DIRECTION('',(-0.218375351113,-0.975864850287,
    -2.674326747535E-17));
#4322 = DIRECTION('',(0.975864850287,-0.218375351113,1.195089765305E-16)
  );
#4323 = ADVANCED_FACE('',(#4324),#4383,.F.);
#4324 = FACE_BOUND('',#4325,.F.);
#4325 = EDGE_LOOP('',(#4326,#4336,#4344,#4352,#4360,#4366,#4367,#4368,
    #4369,#4377));
#4326 = ORIENTED_EDGE('',*,*,#4327,.F.);
#4327 = EDGE_CURVE('',#4328,#4330,#4332,.T.);
#4328 = VERTEX_POINT('',#4329);
#4329 = CARTESIAN_POINT('',(5.308397053065,-0.659646719094,11.));
#4330 = VERTEX_POINT('',#4331);
#4331 = CARTESIAN_POINT('',(4.110656831987,-0.953637500631,11.));
#4332 = LINE('',#4333,#4334);
#4333 = CARTESIAN_POINT('',(3.922628609051,-0.999789882624,11.));
#4334 = VECTOR('',#4335,1.);
#4335 = DIRECTION('',(-0.971172290452,-0.238378653111,
    -1.189343036922E-16));
#4336 = ORIENTED_EDGE('',*,*,#4337,.T.);
#4337 = EDGE_CURVE('',#4328,#4338,#4340,.T.);
#4338 = VERTEX_POINT('',#4339);
#4339 = CARTESIAN_POINT('',(5.308397053065,-0.659646719094,10.6));
#4340 = LINE('',#4341,#4342);
#4341 = CARTESIAN_POINT('',(5.308397053065,-0.659646719094,11.05));
#4342 = VECTOR('',#4343,1.);
#4343 = DIRECTION('',(1.224646799147E-16,0.,-1.));
#4344 = ORIENTED_EDGE('',*,*,#4345,.T.);
#4345 = EDGE_CURVE('',#4338,#4346,#4348,.T.);
#4346 = VERTEX_POINT('',#4347);
#4347 = CARTESIAN_POINT('',(8.309297077511,7.69378323613E-02,10.6));
#4348 = LINE('',#4349,#4350);
#4349 = CARTESIAN_POINT('',(6.651968260304,-0.329861059135,10.6));
#4350 = VECTOR('',#4351,1.);
#4351 = DIRECTION('',(0.971172290452,0.238378653111,1.189343036922E-16)
  );
#4352 = ORIENTED_EDGE('',*,*,#4353,.T.);
#4353 = EDGE_CURVE('',#4346,#4354,#4356,.T.);
#4354 = VERTEX_POINT('',#4355);
#4355 = CARTESIAN_POINT('',(8.309297077511,7.69378323613E-02,9.8));
#4356 = LINE('',#4357,#4358);
#4357 = CARTESIAN_POINT('',(8.309297077511,7.69378323613E-02,11.1));
#4358 = VECTOR('',#4359,1.);
#4359 = DIRECTION('',(1.224646799147E-16,0.,-1.));
#4360 = ORIENTED_EDGE('',*,*,#4361,.F.);
#4361 = EDGE_CURVE('',#3370,#4354,#4362,.T.);
#4362 = LINE('',#4363,#4364);
#4363 = CARTESIAN_POINT('',(4.381828062,-0.887077289628,9.8));
#4364 = VECTOR('',#4365,1.);
#4365 = DIRECTION('',(0.971172290452,0.238378653111,1.189343036922E-16)
  );
#4366 = ORIENTED_EDGE('',*,*,#3419,.F.);
#4367 = ORIENTED_EDGE('',*,*,#2511,.F.);
#4368 = ORIENTED_EDGE('',*,*,#4313,.T.);
#4369 = ORIENTED_EDGE('',*,*,#4370,.T.);
#4370 = EDGE_CURVE('',#4306,#4371,#4373,.T.);
#4371 = VERTEX_POINT('',#4372);
#4372 = CARTESIAN_POINT('',(4.110656831987,-0.953637500631,10.6));
#4373 = LINE('',#4374,#4375);
#4374 = CARTESIAN_POINT('',(6.651968260304,-0.329861059135,10.6));
#4375 = VECTOR('',#4376,1.);
#4376 = DIRECTION('',(0.971172290452,0.238378653111,1.189343036922E-16)
  );
#4377 = ORIENTED_EDGE('',*,*,#4378,.T.);
#4378 = EDGE_CURVE('',#4371,#4330,#4379,.T.);
#4379 = LINE('',#4380,#4381);
#4380 = CARTESIAN_POINT('',(4.110656831987,-0.953637500631,11.05));
#4381 = VECTOR('',#4382,1.);
#4382 = DIRECTION('',(-1.224646799147E-16,0.,1.));
#4383 = PLANE('',#4384);
#4384 = AXIS2_PLACEMENT_3D('',#4385,#4386,#4387);
#4385 = CARTESIAN_POINT('',(8.309297077511,7.69378323613E-02,11.1));
#4386 = DIRECTION('',(-0.238378653111,0.971172290452,-2.919296545173E-17
    ));
#4387 = DIRECTION('',(-0.971172290452,-0.238378653111,
    -1.189343036922E-16));
#4388 = ADVANCED_FACE('',(#4389),#4408,.F.);
#4389 = FACE_BOUND('',#4390,.F.);
#4390 = EDGE_LOOP('',(#4391,#4400,#4406,#4407));
#4391 = ORIENTED_EDGE('',*,*,#4392,.F.);
#4392 = EDGE_CURVE('',#4393,#3404,#4395,.T.);
#4393 = VERTEX_POINT('',#4394);
#4394 = CARTESIAN_POINT('',(-4.48123047849,-2.113764140794,10.6));
#4395 = CIRCLE('',#4396,1.2);
#4396 = AXIS2_PLACEMENT_3D('',#4397,#4398,#4399);
#4397 = CARTESIAN_POINT('',(-4.3,-3.3,10.6));
#4398 = DIRECTION('',(1.224646799147E-16,0.,-1.));
#4399 = DIRECTION('',(-1.,0.,-1.224646799147E-16));
#4400 = ORIENTED_EDGE('',*,*,#4401,.F.);
#4401 = EDGE_CURVE('',#2486,#4393,#4402,.T.);
#4402 = LINE('',#4403,#4404);
#4403 = CARTESIAN_POINT('',(-4.48123047849,-2.113764140794,11.));
#4404 = VECTOR('',#4405,1.);
#4405 = DIRECTION('',(1.224646799147E-16,0.,-1.));
#4406 = ORIENTED_EDGE('',*,*,#2493,.T.);
#4407 = ORIENTED_EDGE('',*,*,#3412,.T.);
#4408 = CYLINDRICAL_SURFACE('',#4409,1.2);
#4409 = AXIS2_PLACEMENT_3D('',#4410,#4411,#4412);
#4410 = CARTESIAN_POINT('',(-4.3,-3.3,11.));
#4411 = DIRECTION('',(1.224646799147E-16,0.,-1.));
#4412 = DIRECTION('',(-1.,0.,-1.224646799147E-16));
#4413 = ADVANCED_FACE('',(#4414),#4432,.F.);
#4414 = FACE_BOUND('',#4415,.F.);
#4415 = EDGE_LOOP('',(#4416,#4417,#4418,#4426));
#4416 = ORIENTED_EDGE('',*,*,#2485,.F.);
#4417 = ORIENTED_EDGE('',*,*,#4401,.T.);
#4418 = ORIENTED_EDGE('',*,*,#4419,.T.);
#4419 = EDGE_CURVE('',#4393,#4420,#4422,.T.);
#4420 = VERTEX_POINT('',#4421);
#4421 = CARTESIAN_POINT('',(-11.01615425169,-3.112155272811,10.6));
#4422 = LINE('',#4423,#4424);
#4423 = CARTESIAN_POINT('',(-4.48123047849,-2.113764140794,10.6));
#4424 = VECTOR('',#4425,1.);
#4425 = DIRECTION('',(-0.988529882672,-0.151025398742,
    -1.210599956675E-16));
#4426 = ORIENTED_EDGE('',*,*,#4427,.F.);
#4427 = EDGE_CURVE('',#2477,#4420,#4428,.T.);
#4428 = LINE('',#4429,#4430);
#4429 = CARTESIAN_POINT('',(-11.01615425169,-3.112155272811,11.));
#4430 = VECTOR('',#4431,1.);
#4431 = DIRECTION('',(1.224646799147E-16,0.,-1.));
#4432 = PLANE('',#4433);
#4433 = AXIS2_PLACEMENT_3D('',#4434,#4435,#4436);
#4434 = CARTESIAN_POINT('',(-4.48123047849,-2.113764140794,11.));
#4435 = DIRECTION('',(-0.151025398742,0.988529882672,-1.849527711587E-17
    ));
#4436 = DIRECTION('',(-0.988529882672,-0.151025398742,
    -1.210599956675E-16));
#4437 = ADVANCED_FACE('',(#4438),#4457,.F.);
#4438 = FACE_BOUND('',#4439,.F.);
#4439 = EDGE_LOOP('',(#4440,#4449,#4455,#4456));
#4440 = ORIENTED_EDGE('',*,*,#4441,.F.);
#4441 = EDGE_CURVE('',#4442,#4420,#4444,.T.);
#4442 = VERTEX_POINT('',#4443);
#4443 = CARTESIAN_POINT('',(-11.19545514553,-2.886594074906,10.6));
#4444 = CIRCLE('',#4445,3.7);
#4445 = AXIS2_PLACEMENT_3D('',#4446,#4447,#4448);
#4446 = CARTESIAN_POINT('',(-14.,-5.3,10.6));
#4447 = DIRECTION('',(1.224646799147E-16,0.,-1.));
#4448 = DIRECTION('',(-1.,0.,-1.224646799147E-16));
#4449 = ORIENTED_EDGE('',*,*,#4450,.F.);
#4450 = EDGE_CURVE('',#2469,#4442,#4451,.T.);
#4451 = LINE('',#4452,#4453);
#4452 = CARTESIAN_POINT('',(-11.19545514553,-2.886594074906,11.));
#4453 = VECTOR('',#4454,1.);
#4454 = DIRECTION('',(1.224646799147E-16,0.,-1.));
#4455 = ORIENTED_EDGE('',*,*,#2476,.T.);
#4456 = ORIENTED_EDGE('',*,*,#4427,.T.);
#4457 = CYLINDRICAL_SURFACE('',#4458,3.7);
#4458 = AXIS2_PLACEMENT_3D('',#4459,#4460,#4461);
#4459 = CARTESIAN_POINT('',(-14.,-5.3,11.));
#4460 = DIRECTION('',(1.224646799147E-16,0.,-1.));
#4461 = DIRECTION('',(-1.,0.,-1.224646799147E-16));
#4462 = ADVANCED_FACE('',(#4463),#4481,.F.);
#4463 = FACE_BOUND('',#4464,.F.);
#4464 = EDGE_LOOP('',(#4465,#4466,#4467,#4475));
#4465 = ORIENTED_EDGE('',*,*,#2468,.F.);
#4466 = ORIENTED_EDGE('',*,*,#4450,.T.);
#4467 = ORIENTED_EDGE('',*,*,#4468,.T.);
#4468 = EDGE_CURVE('',#4442,#4469,#4471,.T.);
#4469 = VERTEX_POINT('',#4470);
#4470 = CARTESIAN_POINT('',(-5.982679985993,-1.457284756968,10.6));
#4471 = LINE('',#4472,#4473);
#4472 = CARTESIAN_POINT('',(-12.18267998599,-3.157284756968,10.6));
#4473 = VECTOR('',#4474,1.);
#4474 = DIRECTION('',(0.96440396414,0.264433345006,1.181054227769E-16));
#4475 = ORIENTED_EDGE('',*,*,#4476,.F.);
#4476 = EDGE_CURVE('',#2460,#4469,#4477,.T.);
#4477 = LINE('',#4478,#4479);
#4478 = CARTESIAN_POINT('',(-5.982679985993,-1.457284756968,11.));
#4479 = VECTOR('',#4480,1.);
#4480 = DIRECTION('',(1.224646799147E-16,0.,-1.));
#4481 = PLANE('',#4482);
#4482 = AXIS2_PLACEMENT_3D('',#4483,#4484,#4485);
#4483 = CARTESIAN_POINT('',(-12.18267998599,-3.157284756968,11.));
#4484 = DIRECTION('',(0.264433345006,-0.96440396414,3.238374495496E-17)
  );
#4485 = DIRECTION('',(0.96440396414,0.264433345006,1.181054227769E-16));
#4486 = ADVANCED_FACE('',(#4487),#4506,.F.);
#4487 = FACE_BOUND('',#4488,.F.);
#4488 = EDGE_LOOP('',(#4489,#4498,#4504,#4505));
#4489 = ORIENTED_EDGE('',*,*,#4490,.F.);
#4490 = EDGE_CURVE('',#4491,#4469,#4493,.T.);
#4491 = VERTEX_POINT('',#4492);
#4492 = CARTESIAN_POINT('',(-6.617320014007,0.857284756968,10.6));
#4493 = CIRCLE('',#4494,1.2);
#4494 = AXIS2_PLACEMENT_3D('',#4495,#4496,#4497);
#4495 = CARTESIAN_POINT('',(-6.3,-0.3,10.6));
#4496 = DIRECTION('',(1.224646799147E-16,0.,-1.));
#4497 = DIRECTION('',(-1.,0.,-1.224646799147E-16));
#4498 = ORIENTED_EDGE('',*,*,#4499,.F.);
#4499 = EDGE_CURVE('',#2452,#4491,#4500,.T.);
#4500 = LINE('',#4501,#4502);
#4501 = CARTESIAN_POINT('',(-6.617320014007,0.857284756968,11.));
#4502 = VECTOR('',#4503,1.);
#4503 = DIRECTION('',(1.224646799147E-16,0.,-1.));
#4504 = ORIENTED_EDGE('',*,*,#2459,.T.);
#4505 = ORIENTED_EDGE('',*,*,#4476,.T.);
#4506 = CYLINDRICAL_SURFACE('',#4507,1.2);
#4507 = AXIS2_PLACEMENT_3D('',#4508,#4509,#4510);
#4508 = CARTESIAN_POINT('',(-6.3,-0.3,11.));
#4509 = DIRECTION('',(1.224646799147E-16,0.,-1.));
#4510 = DIRECTION('',(-1.,0.,-1.224646799147E-16));
#4511 = ADVANCED_FACE('',(#4512),#4530,.F.);
#4512 = FACE_BOUND('',#4513,.F.);
#4513 = EDGE_LOOP('',(#4514,#4515,#4523,#4529));
#4514 = ORIENTED_EDGE('',*,*,#4499,.T.);
#4515 = ORIENTED_EDGE('',*,*,#4516,.T.);
#4516 = EDGE_CURVE('',#4491,#4517,#4519,.T.);
#4517 = VERTEX_POINT('',#4518);
#4518 = CARTESIAN_POINT('',(-12.817320014,-0.842715243032,10.6));
#4519 = LINE('',#4520,#4521);
#4520 = CARTESIAN_POINT('',(-6.617320014007,0.857284756968,10.6));
#4521 = VECTOR('',#4522,1.);
#4522 = DIRECTION('',(-0.96440396414,-0.264433345006,-1.181054227769E-16
    ));
#4523 = ORIENTED_EDGE('',*,*,#4524,.F.);
#4524 = EDGE_CURVE('',#2443,#4517,#4525,.T.);
#4525 = LINE('',#4526,#4527);
#4526 = CARTESIAN_POINT('',(-12.817320014,-0.842715243032,11.));
#4527 = VECTOR('',#4528,1.);
#4528 = DIRECTION('',(1.224646799147E-16,0.,-1.));
#4529 = ORIENTED_EDGE('',*,*,#2451,.F.);
#4530 = PLANE('',#4531);
#4531 = AXIS2_PLACEMENT_3D('',#4532,#4533,#4534);
#4532 = CARTESIAN_POINT('',(-6.617320014007,0.857284756968,11.));
#4533 = DIRECTION('',(-0.264433345006,0.96440396414,-3.238374495496E-17)
  );
#4534 = DIRECTION('',(-0.96440396414,-0.264433345006,-1.181054227769E-16
    ));
#4535 = ADVANCED_FACE('',(#4536),#4555,.F.);
#4536 = FACE_BOUND('',#4537,.F.);
#4537 = EDGE_LOOP('',(#4538,#4546,#4547,#4548));
#4538 = ORIENTED_EDGE('',*,*,#4539,.F.);
#4539 = EDGE_CURVE('',#2434,#4540,#4542,.T.);
#4540 = VERTEX_POINT('',#4541);
#4541 = CARTESIAN_POINT('',(-13.63750733141,-1.61779969784,10.6));
#4542 = LINE('',#4543,#4544);
#4543 = CARTESIAN_POINT('',(-13.63750733141,-1.61779969784,11.));
#4544 = VECTOR('',#4545,1.);
#4545 = DIRECTION('',(1.224646799147E-16,0.,-1.));
#4546 = ORIENTED_EDGE('',*,*,#2442,.T.);
#4547 = ORIENTED_EDGE('',*,*,#4524,.T.);
#4548 = ORIENTED_EDGE('',*,*,#4549,.F.);
#4549 = EDGE_CURVE('',#4540,#4517,#4550,.T.);
#4550 = CIRCLE('',#4551,1.2);
#4551 = AXIS2_PLACEMENT_3D('',#4552,#4553,#4554);
#4552 = CARTESIAN_POINT('',(-12.5,-2.,10.6));
#4553 = DIRECTION('',(1.224646799147E-16,0.,-1.));
#4554 = DIRECTION('',(-1.,0.,-1.224646799147E-16));
#4555 = CYLINDRICAL_SURFACE('',#4556,1.2);
#4556 = AXIS2_PLACEMENT_3D('',#4557,#4558,#4559);
#4557 = CARTESIAN_POINT('',(-12.5,-2.,11.));
#4558 = DIRECTION('',(1.224646799147E-16,0.,-1.));
#4559 = DIRECTION('',(-1.,0.,-1.224646799147E-16));
#4560 = ADVANCED_FACE('',(#4561),#4590,.F.);
#4561 = FACE_BOUND('',#4562,.F.);
#4562 = EDGE_LOOP('',(#4563,#4564,#4565,#4574,#4583,#4589));
#4563 = ORIENTED_EDGE('',*,*,#2433,.T.);
#4564 = ORIENTED_EDGE('',*,*,#4539,.T.);
#4565 = ORIENTED_EDGE('',*,*,#4566,.F.);
#4566 = EDGE_CURVE('',#4567,#4540,#4569,.T.);
#4567 = VERTEX_POINT('',#4568);
#4568 = CARTESIAN_POINT('',(-17.7,-5.3,10.6));
#4569 = CIRCLE('',#4570,3.7);
#4570 = AXIS2_PLACEMENT_3D('',#4571,#4572,#4573);
#4571 = CARTESIAN_POINT('',(-14.,-5.3,10.6));
#4572 = DIRECTION('',(1.224646799147E-16,0.,-1.));
#4573 = DIRECTION('',(-1.,0.,-1.224646799147E-16));
#4574 = ORIENTED_EDGE('',*,*,#4575,.F.);
#4575 = EDGE_CURVE('',#4576,#4567,#4578,.T.);
#4576 = VERTEX_POINT('',#4577);
#4577 = CARTESIAN_POINT('',(-11.06111487309,-7.547877712613,10.6));
#4578 = CIRCLE('',#4579,3.7);
#4579 = AXIS2_PLACEMENT_3D('',#4580,#4581,#4582);
#4580 = CARTESIAN_POINT('',(-14.,-5.3,10.6));
#4581 = DIRECTION('',(1.224646799147E-16,0.,-1.));
#4582 = DIRECTION('',(-1.,0.,-1.224646799147E-16));
#4583 = ORIENTED_EDGE('',*,*,#4584,.F.);
#4584 = EDGE_CURVE('',#2417,#4576,#4585,.T.);
#4585 = LINE('',#4586,#4587);
#4586 = CARTESIAN_POINT('',(-11.06111487309,-7.547877712613,11.));
#4587 = VECTOR('',#4588,1.);
#4588 = DIRECTION('',(1.224646799147E-16,0.,-1.));
#4589 = ORIENTED_EDGE('',*,*,#2424,.T.);
#4590 = CYLINDRICAL_SURFACE('',#4591,3.7);
#4591 = AXIS2_PLACEMENT_3D('',#4592,#4593,#4594);
#4592 = CARTESIAN_POINT('',(-14.,-5.3,11.));
#4593 = DIRECTION('',(1.224646799147E-16,0.,-1.));
#4594 = DIRECTION('',(-1.,0.,-1.224646799147E-16));
#4595 = ADVANCED_FACE('',(#4596),#4614,.F.);
#4596 = FACE_BOUND('',#4597,.F.);
#4597 = EDGE_LOOP('',(#4598,#4599,#4600,#4608));
#4598 = ORIENTED_EDGE('',*,*,#2416,.F.);
#4599 = ORIENTED_EDGE('',*,*,#4584,.T.);
#4600 = ORIENTED_EDGE('',*,*,#4601,.T.);
#4601 = EDGE_CURVE('',#4576,#4602,#4604,.T.);
#4602 = VERTEX_POINT('',#4603);
#4603 = CARTESIAN_POINT('',(-5.081150073725,-7.449845502787,10.6));
#4604 = LINE('',#4605,#4606);
#4605 = CARTESIAN_POINT('',(-11.18115007372,-7.549845502787,10.6));
#4606 = VECTOR('',#4607,1.);
#4607 = DIRECTION('',(0.999865654597,1.63912402393E-02,1.22448227348E-16
    ));
#4608 = ORIENTED_EDGE('',*,*,#4609,.F.);
#4609 = EDGE_CURVE('',#2408,#4602,#4610,.T.);
#4610 = LINE('',#4611,#4612);
#4611 = CARTESIAN_POINT('',(-5.081150073725,-7.449845502787,11.));
#4612 = VECTOR('',#4613,1.);
#4613 = DIRECTION('',(1.224646799147E-16,0.,-1.));
#4614 = PLANE('',#4615);
#4615 = AXIS2_PLACEMENT_3D('',#4616,#4617,#4618);
#4616 = CARTESIAN_POINT('',(-11.18115007372,-7.549845502787,11.));
#4617 = DIRECTION('',(1.63912402393E-02,-0.999865654597,
    2.007347989312E-18));
#4618 = DIRECTION('',(0.999865654597,1.63912402393E-02,1.22448227348E-16
    ));
#4619 = ADVANCED_FACE('',(#4620),#4639,.F.);
#4620 = FACE_BOUND('',#4621,.F.);
#4621 = EDGE_LOOP('',(#4622,#4631,#4637,#4638));
#4622 = ORIENTED_EDGE('',*,*,#4623,.F.);
#4623 = EDGE_CURVE('',#4624,#4602,#4626,.T.);
#4624 = VERTEX_POINT('',#4625);
#4625 = CARTESIAN_POINT('',(-4.07929117614,-5.770232601141,10.6));
#4626 = CIRCLE('',#4627,1.15);
#4627 = AXIS2_PLACEMENT_3D('',#4628,#4629,#4630);
#4628 = CARTESIAN_POINT('',(-5.1,-6.3,10.6));
#4629 = DIRECTION('',(1.224646799147E-16,0.,-1.));
#4630 = DIRECTION('',(-1.,0.,-1.224646799147E-16));
#4631 = ORIENTED_EDGE('',*,*,#4632,.F.);
#4632 = EDGE_CURVE('',#2400,#4624,#4633,.T.);
#4633 = LINE('',#4634,#4635);
#4634 = CARTESIAN_POINT('',(-4.07929117614,-5.770232601141,11.));
#4635 = VECTOR('',#4636,1.);
#4636 = DIRECTION('',(1.224646799147E-16,0.,-1.));
#4637 = ORIENTED_EDGE('',*,*,#2407,.T.);
#4638 = ORIENTED_EDGE('',*,*,#4609,.T.);
#4639 = CYLINDRICAL_SURFACE('',#4640,1.15);
#4640 = AXIS2_PLACEMENT_3D('',#4641,#4642,#4643);
#4641 = CARTESIAN_POINT('',(-5.1,-6.3,11.));
#4642 = DIRECTION('',(1.224646799147E-16,0.,-1.));
#4643 = DIRECTION('',(-1.,0.,-1.224646799147E-16));
#4644 = ADVANCED_FACE('',(#4645),#4679,.F.);
#4645 = FACE_BOUND('',#4646,.F.);
#4646 = EDGE_LOOP('',(#4647,#4648,#4649,#4657,#4665,#4673));
#4647 = ORIENTED_EDGE('',*,*,#2399,.F.);
#4648 = ORIENTED_EDGE('',*,*,#4632,.T.);
#4649 = ORIENTED_EDGE('',*,*,#4650,.T.);
#4650 = EDGE_CURVE('',#4624,#4651,#4653,.T.);
#4651 = VERTEX_POINT('',#4652);
#4652 = CARTESIAN_POINT('',(-5.834377747635,-6.324470465824,10.6));
#4653 = LINE('',#4654,#4655);
#4654 = CARTESIAN_POINT('',(-7.115054826542,-6.728894806531,10.6));
#4655 = VECTOR('',#4656,1.);
#4656 = DIRECTION('',(-0.953582665134,-0.301131367937,
    -1.167801958579E-16));
#4657 = ORIENTED_EDGE('',*,*,#4658,.T.);
#4658 = EDGE_CURVE('',#4651,#4659,#4661,.T.);
#4659 = VERTEX_POINT('',#4660);
#4660 = CARTESIAN_POINT('',(-5.834377747635,-6.324470465824,9.8));
#4661 = LINE('',#4662,#4663);
#4662 = CARTESIAN_POINT('',(-5.834377747635,-6.324470465824,11.1));
#4663 = VECTOR('',#4664,1.);
#4664 = DIRECTION('',(1.224646799147E-16,0.,-1.));
#4665 = ORIENTED_EDGE('',*,*,#4666,.F.);
#4666 = EDGE_CURVE('',#4667,#4659,#4669,.T.);
#4667 = VERTEX_POINT('',#4668);
#4668 = CARTESIAN_POINT('',(-3.934377747635,-5.724470465824,9.8));
#4669 = LINE('',#4670,#4671);
#4670 = CARTESIAN_POINT('',(-2.273672457962,-5.200037216454,9.8));
#4671 = VECTOR('',#4672,1.);
#4672 = DIRECTION('',(-0.953582665134,-0.301131367937,
    -1.167801958579E-16));
#4673 = ORIENTED_EDGE('',*,*,#4674,.F.);
#4674 = EDGE_CURVE('',#2391,#4667,#4675,.T.);
#4675 = LINE('',#4676,#4677);
#4676 = CARTESIAN_POINT('',(-3.934377747635,-5.724470465824,11.1));
#4677 = VECTOR('',#4678,1.);
#4678 = DIRECTION('',(1.224646799147E-16,0.,-1.));
#4679 = PLANE('',#4680);
#4680 = AXIS2_PLACEMENT_3D('',#4681,#4682,#4683);
#4681 = CARTESIAN_POINT('',(-5.834377747635,-6.324470465824,11.1));
#4682 = DIRECTION('',(0.301131367937,-0.953582665134,3.68779565867E-17)
  );
#4683 = DIRECTION('',(0.953582665134,0.301131367937,1.167801958579E-16)
  );
#4684 = ADVANCED_FACE('',(#4685),#4697,.F.);
#4685 = FACE_BOUND('',#4686,.F.);
#4686 = EDGE_LOOP('',(#4687,#4694,#4695,#4696));
#4687 = ORIENTED_EDGE('',*,*,#4688,.F.);
#4688 = EDGE_CURVE('',#3249,#4667,#4689,.T.);
#4689 = CIRCLE('',#4690,0.55);
#4690 = AXIS2_PLACEMENT_3D('',#4691,#4692,#4693);
#4691 = CARTESIAN_POINT('',(-4.1,-5.2,9.8));
#4692 = DIRECTION('',(1.224646799147E-16,0.,-1.));
#4693 = DIRECTION('',(-1.,0.,-1.224646799147E-16));
#4694 = ORIENTED_EDGE('',*,*,#3248,.F.);
#4695 = ORIENTED_EDGE('',*,*,#2390,.T.);
#4696 = ORIENTED_EDGE('',*,*,#4674,.T.);
#4697 = CYLINDRICAL_SURFACE('',#4698,0.55);
#4698 = AXIS2_PLACEMENT_3D('',#4699,#4700,#4701);
#4699 = CARTESIAN_POINT('',(-4.1,-5.2,11.1));
#4700 = DIRECTION('',(1.224646799147E-16,0.,-1.));
#4701 = DIRECTION('',(-1.,0.,-1.224646799147E-16));
#4702 = ADVANCED_FACE('',(#4703),#4722,.T.);
#4703 = FACE_BOUND('',#4704,.T.);
#4704 = EDGE_LOOP('',(#4705,#4706,#4707,#4715));
#4705 = ORIENTED_EDGE('',*,*,#2879,.F.);
#4706 = ORIENTED_EDGE('',*,*,#2832,.T.);
#4707 = ORIENTED_EDGE('',*,*,#4708,.T.);
#4708 = EDGE_CURVE('',#2833,#4709,#4711,.T.);
#4709 = VERTEX_POINT('',#4710);
#4710 = CARTESIAN_POINT('',(10.631089015392,-15.98811891208,5.95));
#4711 = LINE('',#4712,#4713);
#4712 = CARTESIAN_POINT('',(10.631089015392,-15.98811891208,11.));
#4713 = VECTOR('',#4714,1.);
#4714 = DIRECTION('',(1.224646799147E-16,0.,-1.));
#4715 = ORIENTED_EDGE('',*,*,#4716,.F.);
#4716 = EDGE_CURVE('',#2880,#4709,#4717,.T.);
#4717 = CIRCLE('',#4718,4.8);
#4718 = AXIS2_PLACEMENT_3D('',#4719,#4720,#4721);
#4719 = CARTESIAN_POINT('',(15.,-14.,5.95));
#4720 = DIRECTION('',(1.224646799147E-16,0.,-1.));
#4721 = DIRECTION('',(-1.,0.,-1.224646799147E-16));
#4722 = CYLINDRICAL_SURFACE('',#4723,4.8);
#4723 = AXIS2_PLACEMENT_3D('',#4724,#4725,#4726);
#4724 = CARTESIAN_POINT('',(15.,-14.,11.));
#4725 = DIRECTION('',(1.224646799147E-16,0.,-1.));
#4726 = DIRECTION('',(-1.,0.,-1.224646799147E-16));
#4727 = ADVANCED_FACE('',(#4728),#4777,.T.);
#4728 = FACE_BOUND('',#4729,.T.);
#4729 = EDGE_LOOP('',(#4730,#4747,#4748,#4770));
#4730 = ORIENTED_EDGE('',*,*,#4731,.T.);
#4731 = EDGE_CURVE('',#4732,#2871,#4734,.T.);
#4732 = VERTEX_POINT('',#4733);
#4733 = CARTESIAN_POINT('',(16.991085735181,-7.928777051963,5.5));
#4734 = B_SPLINE_CURVE_WITH_KNOTS('',6,(#4735,#4736,#4737,#4738,#4739,
    #4740,#4741,#4742,#4743,#4744,#4745,#4746),.UNSPECIFIED.,.F.,.F.,(7,
    5,7),(0.,0.502055504357,1.),.UNSPECIFIED.);
#4735 = CARTESIAN_POINT('',(16.991085735177,-7.928777051972,5.5));
#4736 = CARTESIAN_POINT('',(17.026402484257,-7.991145623628,
    5.499999919068));
#4737 = CARTESIAN_POINT('',(17.061867537814,-8.053051085491,
    5.509088173188));
#4738 = CARTESIAN_POINT('',(17.09645187899,-8.112717002209,
    5.527291089894));
#4739 = CARTESIAN_POINT('',(17.12908642349,-8.168434380193,
    5.554266646762));
#4740 = CARTESIAN_POINT('',(17.158714359735,-8.218606611253,
    5.58923452236));
#4741 = CARTESIAN_POINT('',(17.209961799859,-8.30487025421,
    5.672362720178));
#4742 = CARTESIAN_POINT('',(17.231651777395,-8.341085353569,
    5.720424191776));
#4743 = CARTESIAN_POINT('',(17.248630777669,-8.369254365894,
    5.773951614025));
#4744 = CARTESIAN_POINT('',(17.260202917114,-8.388393067793,
    5.831339204625));
#4745 = CARTESIAN_POINT('',(17.265986514663,-8.397958661214,
    5.890675507461));
#4746 = CARTESIAN_POINT('',(17.265986514663,-8.397958661214,5.95));
#4747 = ORIENTED_EDGE('',*,*,#2887,.T.);
#4748 = ORIENTED_EDGE('',*,*,#4749,.T.);
#4749 = EDGE_CURVE('',#2880,#4750,#4752,.T.);
#4750 = VERTEX_POINT('',#4751);
#4751 = CARTESIAN_POINT('',(16.004857279357,-9.767652914975,5.5));
#4752 = B_SPLINE_CURVE_WITH_KNOTS('',6,(#4753,#4754,#4755,#4756,#4757,
    #4758,#4759,#4760,#4761,#4762,#4763,#4764,#4765,#4766,#4767,#4768,
    #4769),.UNSPECIFIED.,.F.,.F.,(7,5,5,7),(0.,0.278214844974,
    0.562029413396,1.),.UNSPECIFIED.);
#4753 = CARTESIAN_POINT('',(16.682450177007,-9.504517667492,5.95));
#4754 = CARTESIAN_POINT('',(16.682450177007,-9.504517667492,
    5.915954989457));
#4755 = CARTESIAN_POINT('',(16.677968406306,-9.506140560525,
    5.881907598871));
#4756 = CARTESIAN_POINT('',(16.669003335,-9.509386531622,5.848261170281)
  );
#4757 = CARTESIAN_POINT('',(16.655661953932,-9.514228377456,
    5.815407908765));
#4758 = CARTESIAN_POINT('',(16.63814194201,-9.520615195873,
    5.783708755058));
#4759 = CARTESIAN_POINT('',(16.594854434345,-9.536495173548,
    5.722629201285));
#4760 = CARTESIAN_POINT('',(16.568925744098,-9.546049026569,
    5.693305496687));
#4761 = CARTESIAN_POINT('',(16.539212202994,-9.557063082999,
    5.665830379946));
#4762 = CARTESIAN_POINT('',(16.50606274239,-9.569445390841,
    5.640466628539));
#4763 = CARTESIAN_POINT('',(16.469862041511,-9.583092131704,
    5.617414670236));
#4764 = CARTESIAN_POINT('',(16.371034285638,-9.620733465246,
    5.565028222473));
#4765 = CARTESIAN_POINT('',(16.30473542958,-9.646321801884,5.53908334296
    ));
#4766 = CARTESIAN_POINT('',(16.233536142828,-9.67425708825,
    5.519496378853));
#4767 = CARTESIAN_POINT('',(16.15891061828,-9.704102819949,
    5.506468332602));
#4768 = CARTESIAN_POINT('',(16.082235327909,-9.735405080445,
    5.49999996925));
#4769 = CARTESIAN_POINT('',(16.004857279332,-9.767652915016,5.5));
#4770 = ORIENTED_EDGE('',*,*,#4771,.F.);
#4771 = EDGE_CURVE('',#4732,#4750,#4772,.T.);
#4772 = CIRCLE('',#4773,18.75);
#4773 = AXIS2_PLACEMENT_3D('',#4774,#4775,#4776);
#4774 = CARTESIAN_POINT('',(6.73555739531E-16,0.,5.5));
#4775 = DIRECTION('',(1.224646799147E-16,0.,-1.));
#4776 = DIRECTION('',(-1.,0.,-1.224646799147E-16));
#4777 = TOROIDAL_SURFACE('',#4778,18.75,0.45);
#4778 = AXIS2_PLACEMENT_3D('',#4779,#4780,#4781);
#4779 = CARTESIAN_POINT('',(6.184466335694E-16,0.,5.95));
#4780 = DIRECTION('',(1.224646799147E-16,0.,-1.));
#4781 = DIRECTION('',(-1.,0.,-1.224646799147E-16));
#4782 = ADVANCED_FACE('',(#4783),#4802,.T.);
#4783 = FACE_BOUND('',#4784,.T.);
#4784 = EDGE_LOOP('',(#4785,#4793,#4794,#4795));
#4785 = ORIENTED_EDGE('',*,*,#4786,.F.);
#4786 = EDGE_CURVE('',#2912,#4787,#4789,.T.);
#4787 = VERTEX_POINT('',#4788);
#4788 = CARTESIAN_POINT('',(-19.19999416045,1.497459796882E-02,5.95));
#4789 = LINE('',#4790,#4791);
#4790 = CARTESIAN_POINT('',(-19.19999416045,1.4974597969E-02,11.));
#4791 = VECTOR('',#4792,1.);
#4792 = DIRECTION('',(1.224646799147E-16,0.,-1.));
#4793 = ORIENTED_EDGE('',*,*,#2922,.T.);
#4794 = ORIENTED_EDGE('',*,*,#2939,.T.);
#4795 = ORIENTED_EDGE('',*,*,#4796,.F.);
#4796 = EDGE_CURVE('',#4787,#2940,#4797,.T.);
#4797 = CIRCLE('',#4798,19.2);
#4798 = AXIS2_PLACEMENT_3D('',#4799,#4800,#4801);
#4799 = CARTESIAN_POINT('',(6.184466335694E-16,0.,5.95));
#4800 = DIRECTION('',(1.224646799147E-16,0.,-1.));
#4801 = DIRECTION('',(-1.,0.,-1.224646799147E-16));
#4802 = CYLINDRICAL_SURFACE('',#4803,19.2);
#4803 = AXIS2_PLACEMENT_3D('',#4804,#4805,#4806);
#4804 = CARTESIAN_POINT('',(0.,0.,11.));
#4805 = DIRECTION('',(1.224646799147E-16,0.,-1.));
#4806 = DIRECTION('',(-1.,0.,-1.224646799147E-16));
#4807 = ADVANCED_FACE('',(#4808),#4836,.T.);
#4808 = FACE_BOUND('',#4809,.T.);
#4809 = EDGE_LOOP('',(#4810,#4811,#4820,#4835));
#4810 = ORIENTED_EDGE('',*,*,#4731,.F.);
#4811 = ORIENTED_EDGE('',*,*,#4812,.F.);
#4812 = EDGE_CURVE('',#4813,#4732,#4815,.T.);
#4813 = VERTEX_POINT('',#4814);
#4814 = CARTESIAN_POINT('',(18.747802456562,-0.287059313956,5.5));
#4815 = CIRCLE('',#4816,3.95);
#4816 = AXIS2_PLACEMENT_3D('',#4817,#4818,#4819);
#4817 = CARTESIAN_POINT('',(17.4,-4.,5.5));
#4818 = DIRECTION('',(1.224646799147E-16,0.,-1.));
#4819 = DIRECTION('',(-1.,0.,-1.224646799147E-16));
#4820 = ORIENTED_EDGE('',*,*,#4821,.F.);
#4821 = EDGE_CURVE('',#2940,#4813,#4822,.T.);
#4822 = B_SPLINE_CURVE_WITH_KNOTS('',6,(#4823,#4824,#4825,#4826,#4827,
    #4828,#4829,#4830,#4831,#4832,#4833,#4834),.UNSPECIFIED.,.F.,.F.,(7,
    5,7),(0.,0.497114826009,1.),.UNSPECIFIED.);
#4823 = CARTESIAN_POINT('',(19.199994160453,1.497459796901E-02,5.95));
#4824 = CARTESIAN_POINT('',(19.199994160453,1.497459796901E-02,
    5.890774352348));
#4825 = CARTESIAN_POINT('',(19.190645183811,8.915179428157E-03,
    5.831536982524));
#4826 = CARTESIAN_POINT('',(19.171939573001,-3.208217409471E-03,
    5.774238542857));
#4827 = CARTESIAN_POINT('',(19.144453785185,-2.10761472644E-02,
    5.720781028644));
#4828 = CARTESIAN_POINT('',(19.10923683068,-4.411083484414E-02,
    5.672763293715));
#4829 = CARTESIAN_POINT('',(19.025570511597,-9.926158215201E-02,
    5.589523719522));
#4830 = CARTESIAN_POINT('',(18.97696078664,-0.131487640025,
    5.554445146289));
#4831 = CARTESIAN_POINT('',(18.923199602331,-0.16740622365,5.52738142432
    ));
#4832 = CARTESIAN_POINT('',(18.865942882236,-0.206037982423,
    5.509118242451));
#4833 = CARTESIAN_POINT('',(18.806907184249,-0.246307167539,
    5.499999918069));
#4834 = CARTESIAN_POINT('',(18.747802456562,-0.287059313974,5.5));
#4835 = ORIENTED_EDGE('',*,*,#2949,.T.);
#4836 = TOROIDAL_SURFACE('',#4837,3.95,0.45);
#4837 = AXIS2_PLACEMENT_3D('',#4838,#4839,#4840);
#4838 = CARTESIAN_POINT('',(17.4,-4.,5.95));
#4839 = DIRECTION('',(1.224646799147E-16,0.,-1.));
#4840 = DIRECTION('',(-1.,0.,-1.224646799147E-16));
#4841 = ADVANCED_FACE('',(#4842),#4871,.T.);
#4842 = FACE_BOUND('',#4843,.T.);
#4843 = EDGE_LOOP('',(#4844,#4855,#4861,#4862,#4863,#4864));
#4844 = ORIENTED_EDGE('',*,*,#4845,.F.);
#4845 = EDGE_CURVE('',#4846,#4848,#4850,.T.);
#4846 = VERTEX_POINT('',#4847);
#4847 = CARTESIAN_POINT('',(-17.26598651466,-8.397958661214,5.95));
#4848 = VERTEX_POINT('',#4849);
#4849 = CARTESIAN_POINT('',(-21.8,-4.,5.95));
#4850 = CIRCLE('',#4851,4.4);
#4851 = AXIS2_PLACEMENT_3D('',#4852,#4853,#4854);
#4852 = CARTESIAN_POINT('',(-17.4,-4.,5.95));
#4853 = DIRECTION('',(1.224646799147E-16,0.,-1.));
#4854 = DIRECTION('',(-1.,0.,-1.224646799147E-16));
#4855 = ORIENTED_EDGE('',*,*,#4856,.F.);
#4856 = EDGE_CURVE('',#3006,#4846,#4857,.T.);
#4857 = LINE('',#4858,#4859);
#4858 = CARTESIAN_POINT('',(-17.26598651466,-8.397958661214,11.));
#4859 = VECTOR('',#4860,1.);
#4860 = DIRECTION('',(1.224646799147E-16,0.,-1.));
#4861 = ORIENTED_EDGE('',*,*,#3005,.T.);
#4862 = ORIENTED_EDGE('',*,*,#2973,.T.);
#4863 = ORIENTED_EDGE('',*,*,#4786,.T.);
#4864 = ORIENTED_EDGE('',*,*,#4865,.F.);
#4865 = EDGE_CURVE('',#4848,#4787,#4866,.T.);
#4866 = CIRCLE('',#4867,4.4);
#4867 = AXIS2_PLACEMENT_3D('',#4868,#4869,#4870);
#4868 = CARTESIAN_POINT('',(-17.4,-4.,5.95));
#4869 = DIRECTION('',(1.224646799147E-16,0.,-1.));
#4870 = DIRECTION('',(-1.,0.,-1.224646799147E-16));
#4871 = CYLINDRICAL_SURFACE('',#4872,4.4);
#4872 = AXIS2_PLACEMENT_3D('',#4873,#4874,#4875);
#4873 = CARTESIAN_POINT('',(-17.4,-4.,11.));
#4874 = DIRECTION('',(1.224646799147E-16,0.,-1.));
#4875 = DIRECTION('',(-1.,0.,-1.224646799147E-16));
#4876 = ADVANCED_FACE('',(#4877),#4896,.T.);
#4877 = FACE_BOUND('',#4878,.T.);
#4878 = EDGE_LOOP('',(#4879,#4880,#4881,#4890));
#4879 = ORIENTED_EDGE('',*,*,#3050,.T.);
#4880 = ORIENTED_EDGE('',*,*,#4856,.T.);
#4881 = ORIENTED_EDGE('',*,*,#4882,.F.);
#4882 = EDGE_CURVE('',#4883,#4846,#4885,.T.);
#4883 = VERTEX_POINT('',#4884);
#4884 = CARTESIAN_POINT('',(-16.682450177,-9.504517667492,5.95));
#4885 = CIRCLE('',#4886,19.2);
#4886 = AXIS2_PLACEMENT_3D('',#4887,#4888,#4889);
#4887 = CARTESIAN_POINT('',(6.184466335694E-16,0.,5.95));
#4888 = DIRECTION('',(1.224646799147E-16,0.,-1.));
#4889 = DIRECTION('',(-1.,0.,-1.224646799147E-16));
#4890 = ORIENTED_EDGE('',*,*,#4891,.F.);
#4891 = EDGE_CURVE('',#3051,#4883,#4892,.T.);
#4892 = LINE('',#4893,#4894);
#4893 = CARTESIAN_POINT('',(-16.682450177,-9.504517667492,11.));
#4894 = VECTOR('',#4895,1.);
#4895 = DIRECTION('',(1.224646799147E-16,0.,-1.));
#4896 = CYLINDRICAL_SURFACE('',#4897,19.2);
#4897 = AXIS2_PLACEMENT_3D('',#4898,#4899,#4900);
#4898 = CARTESIAN_POINT('',(0.,0.,11.));
#4899 = DIRECTION('',(1.224646799147E-16,0.,-1.));
#4900 = DIRECTION('',(-1.,0.,-1.224646799147E-16));
#4901 = ADVANCED_FACE('',(#4902),#4931,.T.);
#4902 = FACE_BOUND('',#4903,.T.);
#4903 = EDGE_LOOP('',(#4904,#4915,#4921,#4922,#4923,#4924));
#4904 = ORIENTED_EDGE('',*,*,#4905,.F.);
#4905 = EDGE_CURVE('',#4906,#4908,#4910,.T.);
#4906 = VERTEX_POINT('',#4907);
#4907 = CARTESIAN_POINT('',(-10.63108901539,-15.98811891208,5.95));
#4908 = VERTEX_POINT('',#4909);
#4909 = CARTESIAN_POINT('',(-19.8,-14.,5.95));
#4910 = CIRCLE('',#4911,4.8);
#4911 = AXIS2_PLACEMENT_3D('',#4912,#4913,#4914);
#4912 = CARTESIAN_POINT('',(-15.,-14.,5.95));
#4913 = DIRECTION('',(1.224646799147E-16,0.,-1.));
#4914 = DIRECTION('',(-1.,0.,-1.224646799147E-16));
#4915 = ORIENTED_EDGE('',*,*,#4916,.F.);
#4916 = EDGE_CURVE('',#3116,#4906,#4917,.T.);
#4917 = LINE('',#4918,#4919);
#4918 = CARTESIAN_POINT('',(-10.63108901539,-15.98811891208,11.));
#4919 = VECTOR('',#4920,1.);
#4920 = DIRECTION('',(1.224646799147E-16,0.,-1.));
#4921 = ORIENTED_EDGE('',*,*,#3115,.T.);
#4922 = ORIENTED_EDGE('',*,*,#3099,.T.);
#4923 = ORIENTED_EDGE('',*,*,#4891,.T.);
#4924 = ORIENTED_EDGE('',*,*,#4925,.F.);
#4925 = EDGE_CURVE('',#4908,#4883,#4926,.T.);
#4926 = CIRCLE('',#4927,4.8);
#4927 = AXIS2_PLACEMENT_3D('',#4928,#4929,#4930);
#4928 = CARTESIAN_POINT('',(-15.,-14.,5.95));
#4929 = DIRECTION('',(1.224646799147E-16,0.,-1.));
#4930 = DIRECTION('',(-1.,0.,-1.224646799147E-16));
#4931 = CYLINDRICAL_SURFACE('',#4932,4.8);
#4932 = AXIS2_PLACEMENT_3D('',#4933,#4934,#4935);
#4933 = CARTESIAN_POINT('',(-15.,-14.,11.));
#4934 = DIRECTION('',(1.224646799147E-16,0.,-1.));
#4935 = DIRECTION('',(-1.,0.,-1.224646799147E-16));
#4936 = ADVANCED_FACE('',(#4937),#4949,.T.);
#4937 = FACE_BOUND('',#4938,.T.);
#4938 = EDGE_LOOP('',(#4939,#4940,#4941,#4948));
#4939 = ORIENTED_EDGE('',*,*,#3154,.T.);
#4940 = ORIENTED_EDGE('',*,*,#4916,.T.);
#4941 = ORIENTED_EDGE('',*,*,#4942,.F.);
#4942 = EDGE_CURVE('',#4709,#4906,#4943,.T.);
#4943 = CIRCLE('',#4944,19.2);
#4944 = AXIS2_PLACEMENT_3D('',#4945,#4946,#4947);
#4945 = CARTESIAN_POINT('',(6.184466335694E-16,0.,5.95));
#4946 = DIRECTION('',(1.224646799147E-16,0.,-1.));
#4947 = DIRECTION('',(-1.,0.,-1.224646799147E-16));
#4948 = ORIENTED_EDGE('',*,*,#4708,.F.);
#4949 = CYLINDRICAL_SURFACE('',#4950,19.2);
#4950 = AXIS2_PLACEMENT_3D('',#4951,#4952,#4953);
#4951 = CARTESIAN_POINT('',(0.,0.,11.));
#4952 = DIRECTION('',(1.224646799147E-16,0.,-1.));
#4953 = DIRECTION('',(-1.,0.,-1.224646799147E-16));
#4954 = ADVANCED_FACE('',(#4955,#4958),#4969,.F.);
#4955 = FACE_BOUND('',#4956,.F.);
#4956 = EDGE_LOOP('',(#4957));
#4957 = ORIENTED_EDGE('',*,*,#3180,.T.);
#4958 = FACE_BOUND('',#4959,.F.);
#4959 = EDGE_LOOP('',(#4960));
#4960 = ORIENTED_EDGE('',*,*,#4961,.F.);
#4961 = EDGE_CURVE('',#4962,#4962,#4964,.T.);
#4962 = VERTEX_POINT('',#4963);
#4963 = CARTESIAN_POINT('',(-16.7,-14.,10.));
#4964 = CIRCLE('',#4965,1.7);
#4965 = AXIS2_PLACEMENT_3D('',#4966,#4967,#4968);
#4966 = CARTESIAN_POINT('',(-15.,-14.,10.));
#4967 = DIRECTION('',(1.224646799147E-16,0.,-1.));
#4968 = DIRECTION('',(-1.,0.,-1.224646799147E-16));
#4969 = PLANE('',#4970);
#4970 = AXIS2_PLACEMENT_3D('',#4971,#4972,#4973);
#4971 = CARTESIAN_POINT('',(-15.,-14.,10.));
#4972 = DIRECTION('',(1.224646799147E-16,0.,-1.));
#4973 = DIRECTION('',(-1.,0.,-1.224646799147E-16));
#4974 = ADVANCED_FACE('',(#4975,#4978),#4989,.F.);
#4975 = FACE_BOUND('',#4976,.F.);
#4976 = EDGE_LOOP('',(#4977));
#4977 = ORIENTED_EDGE('',*,*,#3205,.T.);
#4978 = FACE_BOUND('',#4979,.F.);
#4979 = EDGE_LOOP('',(#4980));
#4980 = ORIENTED_EDGE('',*,*,#4981,.F.);
#4981 = EDGE_CURVE('',#4982,#4982,#4984,.T.);
#4982 = VERTEX_POINT('',#4983);
#4983 = CARTESIAN_POINT('',(13.3,-14.,10.));
#4984 = CIRCLE('',#4985,1.7);
#4985 = AXIS2_PLACEMENT_3D('',#4986,#4987,#4988);
#4986 = CARTESIAN_POINT('',(15.,-14.,10.));
#4987 = DIRECTION('',(1.224646799147E-16,0.,-1.));
#4988 = DIRECTION('',(-1.,0.,-1.224646799147E-16));
#4989 = PLANE('',#4990);
#4990 = AXIS2_PLACEMENT_3D('',#4991,#4992,#4993);
#4991 = CARTESIAN_POINT('',(15.,-14.,10.));
#4992 = DIRECTION('',(1.224646799147E-16,0.,-1.));
#4993 = DIRECTION('',(-1.,0.,-1.224646799147E-16));
#4994 = ADVANCED_FACE('',(#4995,#5006,#5018,#5037,#5049,#5060,#5066),
  #5069,.T.);
#4995 = FACE_BOUND('',#4996,.T.);
#4996 = EDGE_LOOP('',(#4997));
#4997 = ORIENTED_EDGE('',*,*,#4998,.T.);
#4998 = EDGE_CURVE('',#4999,#4999,#5001,.T.);
#4999 = VERTEX_POINT('',#5000);
#5000 = CARTESIAN_POINT('',(-16.25,-3.980102097229E-15,9.8));
#5001 = CIRCLE('',#5002,16.25);
#5002 = AXIS2_PLACEMENT_3D('',#5003,#5004,#5005);
#5003 = CARTESIAN_POINT('',(1.469576158977E-16,0.,9.8));
#5004 = DIRECTION('',(1.224646799147E-16,0.,-1.));
#5005 = DIRECTION('',(-1.,0.,-1.224646799147E-16));
#5006 = FACE_BOUND('',#5007,.T.);
#5007 = EDGE_LOOP('',(#5008,#5009,#5010,#5011));
#5008 = ORIENTED_EDGE('',*,*,#3526,.F.);
#5009 = ORIENTED_EDGE('',*,*,#3564,.F.);
#5010 = ORIENTED_EDGE('',*,*,#3591,.F.);
#5011 = ORIENTED_EDGE('',*,*,#5012,.F.);
#5012 = EDGE_CURVE('',#3519,#3592,#5013,.T.);
#5013 = CIRCLE('',#5014,0.75);
#5014 = AXIS2_PLACEMENT_3D('',#5015,#5016,#5017);
#5015 = CARTESIAN_POINT('',(6.5,-4.6,9.8));
#5016 = DIRECTION('',(1.224646799147E-16,0.,-1.));
#5017 = DIRECTION('',(-1.,0.,-1.224646799147E-16));
#5018 = FACE_BOUND('',#5019,.T.);
#5019 = EDGE_LOOP('',(#5020,#5021,#5022,#5030));
#5020 = ORIENTED_EDGE('',*,*,#4361,.F.);
#5021 = ORIENTED_EDGE('',*,*,#3367,.F.);
#5022 = ORIENTED_EDGE('',*,*,#5023,.F.);
#5023 = EDGE_CURVE('',#5024,#3368,#5026,.T.);
#5024 = VERTEX_POINT('',#5025);
#5025 = CARTESIAN_POINT('',(8.690702922489,-1.476937832361,9.8));
#5026 = LINE('',#5027,#5028);
#5027 = CARTESIAN_POINT('',(-0.736766093023,-3.790952954351,9.8));
#5028 = VECTOR('',#5029,1.);
#5029 = DIRECTION('',(-0.971172290452,-0.238378653111,
    -1.189343036922E-16));
#5030 = ORIENTED_EDGE('',*,*,#5031,.F.);
#5031 = EDGE_CURVE('',#4354,#5024,#5032,.T.);
#5032 = CIRCLE('',#5033,0.8);
#5033 = AXIS2_PLACEMENT_3D('',#5034,#5035,#5036);
#5034 = CARTESIAN_POINT('',(8.5,-0.7,9.8));
#5035 = DIRECTION('',(1.224646799147E-16,0.,-1.));
#5036 = DIRECTION('',(-1.,0.,-1.224646799147E-16));
#5037 = FACE_BOUND('',#5038,.T.);
#5038 = EDGE_LOOP('',(#5039,#5040,#5047,#5048));
#5039 = ORIENTED_EDGE('',*,*,#3256,.F.);
#5040 = ORIENTED_EDGE('',*,*,#5041,.F.);
#5041 = EDGE_CURVE('',#4659,#3257,#5042,.T.);
#5042 = CIRCLE('',#5043,0.55);
#5043 = AXIS2_PLACEMENT_3D('',#5044,#5045,#5046);
#5044 = CARTESIAN_POINT('',(-6.,-5.8,9.8));
#5045 = DIRECTION('',(1.224646799147E-16,0.,-1.));
#5046 = DIRECTION('',(-1.,0.,-1.224646799147E-16));
#5047 = ORIENTED_EDGE('',*,*,#4666,.F.);
#5048 = ORIENTED_EDGE('',*,*,#4688,.F.);
#5049 = FACE_BOUND('',#5050,.T.);
#5050 = EDGE_LOOP('',(#5051,#5052,#5053,#5059));
#5051 = ORIENTED_EDGE('',*,*,#3796,.F.);
#5052 = ORIENTED_EDGE('',*,*,#4226,.F.);
#5053 = ORIENTED_EDGE('',*,*,#5054,.F.);
#5054 = EDGE_CURVE('',#3755,#4227,#5055,.T.);
#5055 = LINE('',#5056,#5057);
#5056 = CARTESIAN_POINT('',(-0.821657864412,-5.410645285601E-02,9.8));
#5057 = VECTOR('',#5058,1.);
#5058 = DIRECTION('',(-0.976389940145,-0.216015473483,
    -1.195732814918E-16));
#5059 = ORIENTED_EDGE('',*,*,#3752,.F.);
#5060 = FACE_BOUND('',#5061,.T.);
#5061 = EDGE_LOOP('',(#5062,#5063,#5064,#5065));
#5062 = ORIENTED_EDGE('',*,*,#3996,.F.);
#5063 = ORIENTED_EDGE('',*,*,#4117,.F.);
#5064 = ORIENTED_EDGE('',*,*,#3931,.F.);
#5065 = ORIENTED_EDGE('',*,*,#3969,.F.);
#5066 = FACE_BOUND('',#5067,.T.);
#5067 = EDGE_LOOP('',(#5068));
#5068 = ORIENTED_EDGE('',*,*,#3222,.F.);
#5069 = PLANE('',#5070);
#5070 = AXIS2_PLACEMENT_3D('',#5071,#5072,#5073);
#5071 = CARTESIAN_POINT('',(1.469576158977E-16,0.,9.8));
#5072 = DIRECTION('',(1.224646799147E-16,0.,-1.));
#5073 = DIRECTION('',(-1.,0.,-1.224646799147E-16));
#5074 = ADVANCED_FACE('',(#5075),#5101,.F.);
#5075 = FACE_BOUND('',#5076,.F.);
#5076 = EDGE_LOOP('',(#5077,#5078,#5079,#5080,#5081,#5082,#5083,#5084,
    #5085,#5086,#5087,#5088,#5089,#5090,#5091,#5092,#5099,#5100));
#5077 = ORIENTED_EDGE('',*,*,#4601,.F.);
#5078 = ORIENTED_EDGE('',*,*,#4575,.T.);
#5079 = ORIENTED_EDGE('',*,*,#4566,.T.);
#5080 = ORIENTED_EDGE('',*,*,#4549,.T.);
#5081 = ORIENTED_EDGE('',*,*,#4516,.F.);
#5082 = ORIENTED_EDGE('',*,*,#4490,.T.);
#5083 = ORIENTED_EDGE('',*,*,#4468,.F.);
#5084 = ORIENTED_EDGE('',*,*,#4441,.T.);
#5085 = ORIENTED_EDGE('',*,*,#4419,.F.);
#5086 = ORIENTED_EDGE('',*,*,#4392,.T.);
#5087 = ORIENTED_EDGE('',*,*,#3403,.F.);
#5088 = ORIENTED_EDGE('',*,*,#3342,.T.);
#5089 = ORIENTED_EDGE('',*,*,#3320,.F.);
#5090 = ORIENTED_EDGE('',*,*,#3296,.F.);
#5091 = ORIENTED_EDGE('',*,*,#3272,.F.);
#5092 = ORIENTED_EDGE('',*,*,#5093,.F.);
#5093 = EDGE_CURVE('',#4651,#3265,#5094,.T.);
#5094 = CIRCLE('',#5095,0.55);
#5095 = AXIS2_PLACEMENT_3D('',#5096,#5097,#5098);
#5096 = CARTESIAN_POINT('',(-6.,-5.8,10.6));
#5097 = DIRECTION('',(1.224646799147E-16,0.,-1.));
#5098 = DIRECTION('',(-1.,0.,-1.224646799147E-16));
#5099 = ORIENTED_EDGE('',*,*,#4650,.F.);
#5100 = ORIENTED_EDGE('',*,*,#4623,.T.);
#5101 = PLANE('',#5102);
#5102 = AXIS2_PLACEMENT_3D('',#5103,#5104,#5105);
#5103 = CARTESIAN_POINT('',(-9.387192228837,-3.993694789842,10.6));
#5104 = DIRECTION('',(1.224646799147E-16,0.,-1.));
#5105 = DIRECTION('',(-1.,0.,-1.224646799147E-16));
#5106 = ADVANCED_FACE('',(#5107),#5113,.F.);
#5107 = FACE_BOUND('',#5108,.F.);
#5108 = EDGE_LOOP('',(#5109,#5110,#5111,#5112));
#5109 = ORIENTED_EDGE('',*,*,#5041,.F.);
#5110 = ORIENTED_EDGE('',*,*,#4658,.F.);
#5111 = ORIENTED_EDGE('',*,*,#5093,.T.);
#5112 = ORIENTED_EDGE('',*,*,#3264,.T.);
#5113 = CYLINDRICAL_SURFACE('',#5114,0.55);
#5114 = AXIS2_PLACEMENT_3D('',#5115,#5116,#5117);
#5115 = CARTESIAN_POINT('',(-6.,-5.8,11.1));
#5116 = DIRECTION('',(1.224646799147E-16,0.,-1.));
#5117 = DIRECTION('',(-1.,0.,-1.224646799147E-16));
#5118 = ADVANCED_FACE('',(#5119),#5140,.F.);
#5119 = FACE_BOUND('',#5120,.F.);
#5120 = EDGE_LOOP('',(#5121,#5122,#5123,#5124,#5125,#5133,#5139));
#5121 = ORIENTED_EDGE('',*,*,#3470,.F.);
#5122 = ORIENTED_EDGE('',*,*,#3433,.T.);
#5123 = ORIENTED_EDGE('',*,*,#3453,.T.);
#5124 = ORIENTED_EDGE('',*,*,#3386,.F.);
#5125 = ORIENTED_EDGE('',*,*,#5126,.F.);
#5126 = EDGE_CURVE('',#5127,#3379,#5129,.T.);
#5127 = VERTEX_POINT('',#5128);
#5128 = CARTESIAN_POINT('',(4.363510997888E-02,-3.599399931796,10.6));
#5129 = LINE('',#5130,#5131);
#5130 = CARTESIAN_POINT('',(1.533374105281,-3.233736723858,10.6));
#5131 = VECTOR('',#5132,1.);
#5132 = DIRECTION('',(-0.971172290452,-0.238378653111,
    -1.189343036922E-16));
#5133 = ORIENTED_EDGE('',*,*,#5134,.F.);
#5134 = EDGE_CURVE('',#3543,#5127,#5135,.T.);
#5135 = LINE('',#5136,#5137);
#5136 = CARTESIAN_POINT('',(12.149625627678,-5.058987441022,10.6));
#5137 = VECTOR('',#5138,1.);
#5138 = DIRECTION('',(-0.992810047183,0.119700502143,-1.215841646444E-16
    ));
#5139 = ORIENTED_EDGE('',*,*,#3542,.F.);
#5140 = PLANE('',#5141);
#5141 = AXIS2_PLACEMENT_3D('',#5142,#5143,#5144);
#5142 = CARTESIAN_POINT('',(5.022134711148,-0.848677709361,10.6));
#5143 = DIRECTION('',(1.224646799147E-16,0.,-1.));
#5144 = DIRECTION('',(-1.,0.,-1.224646799147E-16));
#5145 = ADVANCED_FACE('',(#5146),#5221,.F.);
#5146 = FACE_BOUND('',#5147,.F.);
#5147 = EDGE_LOOP('',(#5148,#5158,#5164,#5165,#5166,#5167,#5175,#5183,
    #5191,#5199,#5207,#5215));
#5148 = ORIENTED_EDGE('',*,*,#5149,.F.);
#5149 = EDGE_CURVE('',#5150,#5152,#5154,.T.);
#5150 = VERTEX_POINT('',#5151);
#5151 = CARTESIAN_POINT('',(4.363510997888E-02,-3.599399931796,11.));
#5152 = VERTEX_POINT('',#5153);
#5153 = CARTESIAN_POINT('',(2.16207044074,-3.079420350609,11.));
#5154 = LINE('',#5155,#5156);
#5155 = CARTESIAN_POINT('',(-1.195965545972,-3.903665547347,11.));
#5156 = VECTOR('',#5157,1.);
#5157 = DIRECTION('',(0.971172290452,0.238378653111,1.189343036922E-16)
  );
#5158 = ORIENTED_EDGE('',*,*,#5159,.T.);
#5159 = EDGE_CURVE('',#5150,#5127,#5160,.T.);
#5160 = LINE('',#5161,#5162);
#5161 = CARTESIAN_POINT('',(4.363510997887E-02,-3.599399931796,11.05));
#5162 = VECTOR('',#5163,1.);
#5163 = DIRECTION('',(1.224646799147E-16,0.,-1.));
#5164 = ORIENTED_EDGE('',*,*,#5126,.T.);
#5165 = ORIENTED_EDGE('',*,*,#3378,.T.);
#5166 = ORIENTED_EDGE('',*,*,#5023,.F.);
#5167 = ORIENTED_EDGE('',*,*,#5168,.F.);
#5168 = EDGE_CURVE('',#5169,#5024,#5171,.T.);
#5169 = VERTEX_POINT('',#5170);
#5170 = CARTESIAN_POINT('',(8.690702922489,-1.476937832361,10.6));
#5171 = LINE('',#5172,#5173);
#5172 = CARTESIAN_POINT('',(8.690702922489,-1.476937832361,11.1));
#5173 = VECTOR('',#5174,1.);
#5174 = DIRECTION('',(1.224646799147E-16,0.,-1.));
#5175 = ORIENTED_EDGE('',*,*,#5176,.T.);
#5176 = EDGE_CURVE('',#5169,#5177,#5179,.T.);
#5177 = VERTEX_POINT('',#5178);
#5178 = CARTESIAN_POINT('',(7.987162131137,-1.649625117511,10.6));
#5179 = LINE('',#5180,#5181);
#5180 = CARTESIAN_POINT('',(1.533374105281,-3.233736723858,10.6));
#5181 = VECTOR('',#5182,1.);
#5182 = DIRECTION('',(-0.971172290452,-0.238378653111,
    -1.189343036922E-16));
#5183 = ORIENTED_EDGE('',*,*,#5184,.T.);
#5184 = EDGE_CURVE('',#5177,#5185,#5187,.T.);
#5185 = VERTEX_POINT('',#5186);
#5186 = CARTESIAN_POINT('',(7.987162131137,-1.649625117511,11.));
#5187 = LINE('',#5188,#5189);
#5188 = CARTESIAN_POINT('',(7.987162131137,-1.649625117511,11.05));
#5189 = VECTOR('',#5190,1.);
#5190 = DIRECTION('',(-1.224646799147E-16,0.,1.));
#5191 = ORIENTED_EDGE('',*,*,#5192,.F.);
#5192 = EDGE_CURVE('',#5193,#5185,#5195,.T.);
#5193 = VERTEX_POINT('',#5194);
#5194 = CARTESIAN_POINT('',(7.621708474522,-1.739327378681,11.));
#5195 = LINE('',#5196,#5197);
#5196 = CARTESIAN_POINT('',(-1.195965545972,-3.903665547347,11.));
#5197 = VECTOR('',#5198,1.);
#5198 = DIRECTION('',(0.971172290452,0.238378653111,1.189343036922E-16)
  );
#5199 = ORIENTED_EDGE('',*,*,#5200,.T.);
#5200 = EDGE_CURVE('',#5193,#5201,#5203,.T.);
#5201 = VERTEX_POINT('',#5202);
#5202 = CARTESIAN_POINT('',(7.621708474522,-1.739327378681,10.6));
#5203 = LINE('',#5204,#5205);
#5204 = CARTESIAN_POINT('',(7.621708474522,-1.739327378681,11.05));
#5205 = VECTOR('',#5206,1.);
#5206 = DIRECTION('',(1.224646799147E-16,0.,-1.));
#5207 = ORIENTED_EDGE('',*,*,#5208,.T.);
#5208 = EDGE_CURVE('',#5201,#5209,#5211,.T.);
#5209 = VERTEX_POINT('',#5210);
#5210 = CARTESIAN_POINT('',(2.16207044074,-3.079420350609,10.6));
#5211 = LINE('',#5212,#5213);
#5212 = CARTESIAN_POINT('',(1.533374105281,-3.233736723858,10.6));
#5213 = VECTOR('',#5214,1.);
#5214 = DIRECTION('',(-0.971172290452,-0.238378653111,
    -1.189343036922E-16));
#5215 = ORIENTED_EDGE('',*,*,#5216,.T.);
#5216 = EDGE_CURVE('',#5209,#5152,#5217,.T.);
#5217 = LINE('',#5218,#5219);
#5218 = CARTESIAN_POINT('',(2.16207044074,-3.079420350609,11.05));
#5219 = VECTOR('',#5220,1.);
#5220 = DIRECTION('',(-1.224646799147E-16,0.,1.));
#5221 = PLANE('',#5222);
#5222 = AXIS2_PLACEMENT_3D('',#5223,#5224,#5225);
#5223 = CARTESIAN_POINT('',(-2.309297077511,-4.176937832361,11.1));
#5224 = DIRECTION('',(0.238378653111,-0.971172290452,2.919296545173E-17)
  );
#5225 = DIRECTION('',(0.971172290452,0.238378653111,1.189343036922E-16)
  );
#5226 = ADVANCED_FACE('',(#5227),#5243,.T.);
#5227 = FACE_BOUND('',#5228,.T.);
#5228 = EDGE_LOOP('',(#5229,#5230,#5236,#5237));
#5229 = ORIENTED_EDGE('',*,*,#5149,.F.);
#5230 = ORIENTED_EDGE('',*,*,#5231,.F.);
#5231 = EDGE_CURVE('',#3495,#5150,#5232,.T.);
#5232 = LINE('',#5233,#5234);
#5233 = CARTESIAN_POINT('',(12.149625627678,-5.058987441022,11.));
#5234 = VECTOR('',#5235,1.);
#5235 = DIRECTION('',(-0.992810047183,0.119700502143,-1.215841646444E-16
    ));
#5236 = ORIENTED_EDGE('',*,*,#3492,.F.);
#5237 = ORIENTED_EDGE('',*,*,#5238,.F.);
#5238 = EDGE_CURVE('',#5152,#3493,#5239,.T.);
#5239 = LINE('',#5240,#5241);
#5240 = CARTESIAN_POINT('',(-2.572969188892,-2.019831062859,11.));
#5241 = VECTOR('',#5242,1.);
#5242 = DIRECTION('',(0.975864850287,-0.218375351113,1.195089765305E-16)
  );
#5243 = PLANE('',#5244);
#5244 = AXIS2_PLACEMENT_3D('',#5245,#5246,#5247);
#5245 = CARTESIAN_POINT('',(-0.19411176765,-3.176224638113,11.));
#5246 = DIRECTION('',(-1.224646799147E-16,-0.,1.));
#5247 = DIRECTION('',(1.,0.,1.224646799147E-16));
#5248 = ADVANCED_FACE('',(#5249),#5255,.F.);
#5249 = FACE_BOUND('',#5250,.F.);
#5250 = EDGE_LOOP('',(#5251,#5252,#5253,#5254));
#5251 = ORIENTED_EDGE('',*,*,#5231,.F.);
#5252 = ORIENTED_EDGE('',*,*,#3550,.F.);
#5253 = ORIENTED_EDGE('',*,*,#5134,.T.);
#5254 = ORIENTED_EDGE('',*,*,#5159,.F.);
#5255 = PLANE('',#5256);
#5256 = AXIS2_PLACEMENT_3D('',#5257,#5258,#5259);
#5257 = CARTESIAN_POINT('',(12.149625627678,-5.058987441022,11.));
#5258 = DIRECTION('',(0.119700502143,0.992810047183,1.465908368053E-17)
  );
#5259 = DIRECTION('',(-0.992810047183,0.119700502143,-1.215841646444E-16
    ));
#5260 = ADVANCED_FACE('',(#5261),#5307,.F.);
#5261 = FACE_BOUND('',#5262,.F.);
#5262 = EDGE_LOOP('',(#5263,#5264,#5265,#5274,#5282,#5291,#5299,#5306));
#5263 = ORIENTED_EDGE('',*,*,#5012,.F.);
#5264 = ORIENTED_EDGE('',*,*,#3518,.F.);
#5265 = ORIENTED_EDGE('',*,*,#5266,.T.);
#5266 = EDGE_CURVE('',#3511,#5267,#5269,.T.);
#5267 = VERTEX_POINT('',#5268);
#5268 = CARTESIAN_POINT('',(7.128531915407,-4.19079634494,10.6));
#5269 = CIRCLE('',#5270,0.75);
#5270 = AXIS2_PLACEMENT_3D('',#5271,#5272,#5273);
#5271 = CARTESIAN_POINT('',(6.5,-4.6,10.6));
#5272 = DIRECTION('',(1.224646799147E-16,0.,-1.));
#5273 = DIRECTION('',(-1.,0.,-1.224646799147E-16));
#5274 = ORIENTED_EDGE('',*,*,#5275,.F.);
#5275 = EDGE_CURVE('',#5276,#5267,#5278,.T.);
#5276 = VERTEX_POINT('',#5277);
#5277 = CARTESIAN_POINT('',(7.128531915407,-4.19079634494,11.));
#5278 = LINE('',#5279,#5280);
#5279 = CARTESIAN_POINT('',(7.128531915407,-4.19079634494,11.1));
#5280 = VECTOR('',#5281,1.);
#5281 = DIRECTION('',(1.224646799147E-16,0.,-1.));
#5282 = ORIENTED_EDGE('',*,*,#5283,.T.);
#5283 = EDGE_CURVE('',#5276,#5284,#5286,.T.);
#5284 = VERTEX_POINT('',#5285);
#5285 = CARTESIAN_POINT('',(7.238079821427,-4.466815251616,11.));
#5286 = CIRCLE('',#5287,0.75);
#5287 = AXIS2_PLACEMENT_3D('',#5288,#5289,#5290);
#5288 = CARTESIAN_POINT('',(6.5,-4.6,11.));
#5289 = DIRECTION('',(1.224646799147E-16,0.,-1.));
#5290 = DIRECTION('',(-1.,0.,-1.224646799147E-16));
#5291 = ORIENTED_EDGE('',*,*,#5292,.T.);
#5292 = EDGE_CURVE('',#5284,#5293,#5295,.T.);
#5293 = VERTEX_POINT('',#5294);
#5294 = CARTESIAN_POINT('',(7.238079821427,-4.466815251616,10.6));
#5295 = LINE('',#5296,#5297);
#5296 = CARTESIAN_POINT('',(7.238079821427,-4.466815251616,11.1));
#5297 = VECTOR('',#5298,1.);
#5298 = DIRECTION('',(1.224646799147E-16,0.,-1.));
#5299 = ORIENTED_EDGE('',*,*,#5300,.T.);
#5300 = EDGE_CURVE('',#5293,#3600,#5301,.T.);
#5301 = CIRCLE('',#5302,0.75);
#5302 = AXIS2_PLACEMENT_3D('',#5303,#5304,#5305);
#5303 = CARTESIAN_POINT('',(6.5,-4.6,10.6));
#5304 = DIRECTION('',(1.224646799147E-16,0.,-1.));
#5305 = DIRECTION('',(-1.,0.,-1.224646799147E-16));
#5306 = ORIENTED_EDGE('',*,*,#3599,.T.);
#5307 = CYLINDRICAL_SURFACE('',#5308,0.75);
#5308 = AXIS2_PLACEMENT_3D('',#5309,#5310,#5311);
#5309 = CARTESIAN_POINT('',(6.5,-4.6,11.1));
#5310 = DIRECTION('',(1.224646799147E-16,0.,-1.));
#5311 = DIRECTION('',(-1.,0.,-1.224646799147E-16));
#5312 = ADVANCED_FACE('',(#5313),#5407,.F.);
#5313 = FACE_BOUND('',#5314,.F.);
#5314 = EDGE_LOOP('',(#5315,#5316,#5317,#5318,#5326,#5332,#5333,#5334,
    #5340,#5341,#5349,#5355,#5356,#5363,#5364,#5372,#5380,#5388,#5396,
    #5402,#5403,#5404,#5405,#5406));
#5315 = ORIENTED_EDGE('',*,*,#3631,.F.);
#5316 = ORIENTED_EDGE('',*,*,#3607,.F.);
#5317 = ORIENTED_EDGE('',*,*,#5300,.F.);
#5318 = ORIENTED_EDGE('',*,*,#5319,.F.);
#5319 = EDGE_CURVE('',#5320,#5293,#5322,.T.);
#5320 = VERTEX_POINT('',#5321);
#5321 = CARTESIAN_POINT('',(9.674931846097,-4.760620105654,10.6));
#5322 = LINE('',#5323,#5324);
#5323 = CARTESIAN_POINT('',(12.149625627678,-5.058987441022,10.6));
#5324 = VECTOR('',#5325,1.);
#5325 = DIRECTION('',(-0.992810047183,0.119700502143,-1.215841646444E-16
    ));
#5326 = ORIENTED_EDGE('',*,*,#5327,.F.);
#5327 = EDGE_CURVE('',#5267,#5320,#5328,.T.);
#5328 = LINE('',#5329,#5330);
#5329 = CARTESIAN_POINT('',(-2.572969188892,-2.019831062859,10.6));
#5330 = VECTOR('',#5331,1.);
#5331 = DIRECTION('',(0.975864850287,-0.218375351113,1.195089765305E-16)
  );
#5332 = ORIENTED_EDGE('',*,*,#5266,.F.);
#5333 = ORIENTED_EDGE('',*,*,#3510,.F.);
#5334 = ORIENTED_EDGE('',*,*,#5335,.F.);
#5335 = EDGE_CURVE('',#5209,#3503,#5336,.T.);
#5336 = LINE('',#5337,#5338);
#5337 = CARTESIAN_POINT('',(-2.572969188892,-2.019831062859,10.6));
#5338 = VECTOR('',#5339,1.);
#5339 = DIRECTION('',(0.975864850287,-0.218375351113,1.195089765305E-16)
  );
#5340 = ORIENTED_EDGE('',*,*,#5208,.F.);
#5341 = ORIENTED_EDGE('',*,*,#5342,.F.);
#5342 = EDGE_CURVE('',#5343,#5201,#5345,.T.);
#5343 = VERTEX_POINT('',#5344);
#5344 = CARTESIAN_POINT('',(9.163397018007,-2.084320619181,10.6));
#5345 = LINE('',#5346,#5347);
#5346 = CARTESIAN_POINT('',(12.272969188892,-2.780168937141,10.6));
#5347 = VECTOR('',#5348,1.);
#5348 = DIRECTION('',(-0.975864850287,0.218375351113,-1.195089765305E-16
    ));
#5349 = ORIENTED_EDGE('',*,*,#5350,.F.);
#5350 = EDGE_CURVE('',#5177,#5343,#5351,.T.);
#5351 = LINE('',#5352,#5353);
#5352 = CARTESIAN_POINT('',(-2.23331267609,2.127506876464,10.6));
#5353 = VECTOR('',#5354,1.);
#5354 = DIRECTION('',(0.937994498829,-0.346650140872,1.148711960609E-16)
  );
#5355 = ORIENTED_EDGE('',*,*,#5176,.F.);
#5356 = ORIENTED_EDGE('',*,*,#5357,.F.);
#5357 = EDGE_CURVE('',#4346,#5169,#5358,.T.);
#5358 = CIRCLE('',#5359,0.8);
#5359 = AXIS2_PLACEMENT_3D('',#5360,#5361,#5362);
#5360 = CARTESIAN_POINT('',(8.5,-0.7,10.6));
#5361 = DIRECTION('',(1.224646799147E-16,0.,-1.));
#5362 = DIRECTION('',(-1.,0.,-1.224646799147E-16));
#5363 = ORIENTED_EDGE('',*,*,#4345,.F.);
#5364 = ORIENTED_EDGE('',*,*,#5365,.F.);
#5365 = EDGE_CURVE('',#5366,#4338,#5368,.T.);
#5366 = VERTEX_POINT('',#5367);
#5367 = CARTESIAN_POINT('',(1.987927675337,0.567483268328,10.6));
#5368 = LINE('',#5369,#5370);
#5369 = CARTESIAN_POINT('',(-2.23331267609,2.127506876464,10.6));
#5370 = VECTOR('',#5371,1.);
#5371 = DIRECTION('',(0.937994498829,-0.346650140872,1.148711960609E-16)
  );
#5372 = ORIENTED_EDGE('',*,*,#5373,.F.);
#5373 = EDGE_CURVE('',#5374,#5366,#5376,.T.);
#5374 = VERTEX_POINT('',#5375);
#5375 = CARTESIAN_POINT('',(6.499170206702,1.565545775267,10.6));
#5376 = LINE('',#5377,#5378);
#5377 = CARTESIAN_POINT('',(1.482736774893,0.455715369999,10.6));
#5378 = VECTOR('',#5379,1.);
#5379 = DIRECTION('',(-0.976389940145,-0.216015473483,
    -1.195732814918E-16));
#5380 = ORIENTED_EDGE('',*,*,#5381,.F.);
#5381 = EDGE_CURVE('',#5382,#5374,#5384,.T.);
#5382 = VERTEX_POINT('',#5383);
#5383 = CARTESIAN_POINT('',(9.485070912927,0.462060731662,10.6));
#5384 = LINE('',#5385,#5386);
#5385 = CARTESIAN_POINT('',(12.43331267609,-0.627506876464,10.6));
#5386 = VECTOR('',#5387,1.);
#5387 = DIRECTION('',(-0.937994498829,0.346650140872,-1.148711960609E-16
    ));
#5388 = ORIENTED_EDGE('',*,*,#5389,.F.);
#5389 = EDGE_CURVE('',#5390,#5382,#5392,.T.);
#5390 = VERTEX_POINT('',#5391);
#5391 = CARTESIAN_POINT('',(7.206143197274,1.721955728933,10.6));
#5392 = LINE('',#5393,#5394);
#5393 = CARTESIAN_POINT('',(-0.90478692548,6.206047178911,10.6));
#5394 = VECTOR('',#5395,1.);
#5395 = DIRECTION('',(0.875162256871,-0.483829540384,1.071764656612E-16)
  );
#5396 = ORIENTED_EDGE('',*,*,#5397,.F.);
#5397 = EDGE_CURVE('',#3772,#5390,#5398,.T.);
#5398 = LINE('',#5399,#5400);
#5399 = CARTESIAN_POINT('',(1.482736774893,0.455715369999,10.6));
#5400 = VECTOR('',#5401,1.);
#5401 = DIRECTION('',(-0.976389940145,-0.216015473483,
    -1.195732814918E-16));
#5402 = ORIENTED_EDGE('',*,*,#3771,.F.);
#5403 = ORIENTED_EDGE('',*,*,#3730,.F.);
#5404 = ORIENTED_EDGE('',*,*,#3703,.T.);
#5405 = ORIENTED_EDGE('',*,*,#3678,.T.);
#5406 = ORIENTED_EDGE('',*,*,#3654,.T.);
#5407 = PLANE('',#5408);
#5408 = AXIS2_PLACEMENT_3D('',#5409,#5410,#5411);
#5409 = CARTESIAN_POINT('',(5.022134711148,-0.848677709361,10.6));
#5410 = DIRECTION('',(1.224646799147E-16,0.,-1.));
#5411 = DIRECTION('',(-1.,0.,-1.224646799147E-16));
#5412 = ADVANCED_FACE('',(#5413),#5419,.F.);
#5413 = FACE_BOUND('',#5414,.F.);
#5414 = EDGE_LOOP('',(#5415,#5416,#5417,#5418));
#5415 = ORIENTED_EDGE('',*,*,#5238,.F.);
#5416 = ORIENTED_EDGE('',*,*,#5216,.F.);
#5417 = ORIENTED_EDGE('',*,*,#5335,.T.);
#5418 = ORIENTED_EDGE('',*,*,#3502,.F.);
#5419 = PLANE('',#5420);
#5420 = AXIS2_PLACEMENT_3D('',#5421,#5422,#5423);
#5421 = CARTESIAN_POINT('',(-2.572969188892,-2.019831062859,11.));
#5422 = DIRECTION('',(-0.218375351113,-0.975864850287,
    -2.674326747535E-17));
#5423 = DIRECTION('',(0.975864850287,-0.218375351113,1.195089765305E-16)
  );
#5424 = ADVANCED_FACE('',(#5425),#5484,.F.);
#5425 = FACE_BOUND('',#5426,.F.);
#5426 = EDGE_LOOP('',(#5427,#5437,#5445,#5451,#5452,#5453,#5454,#5455,
    #5463,#5471,#5477,#5478));
#5427 = ORIENTED_EDGE('',*,*,#5428,.F.);
#5428 = EDGE_CURVE('',#5429,#5431,#5433,.T.);
#5429 = VERTEX_POINT('',#5430);
#5430 = CARTESIAN_POINT('',(-0.362788758421,4.741326085899E-02,11.));
#5431 = VERTEX_POINT('',#5432);
#5432 = CARTESIAN_POINT('',(1.987927675337,0.567483268328,11.));
#5433 = LINE('',#5434,#5435);
#5434 = CARTESIAN_POINT('',(-1.249142102272,-0.148682611675,11.));
#5435 = VECTOR('',#5436,1.);
#5436 = DIRECTION('',(0.976389940145,0.216015473483,1.195732814918E-16)
  );
#5437 = ORIENTED_EDGE('',*,*,#5438,.T.);
#5438 = EDGE_CURVE('',#5429,#5439,#5441,.T.);
#5439 = VERTEX_POINT('',#5440);
#5440 = CARTESIAN_POINT('',(-0.362788758421,4.741326085899E-02,10.6));
#5441 = LINE('',#5442,#5443);
#5442 = CARTESIAN_POINT('',(-0.362788758421,4.741326085899E-02,11.05));
#5443 = VECTOR('',#5444,1.);
#5444 = DIRECTION('',(1.224646799147E-16,0.,-1.));
#5445 = ORIENTED_EDGE('',*,*,#5446,.T.);
#5446 = EDGE_CURVE('',#5439,#4236,#5447,.T.);
#5447 = LINE('',#5448,#5449);
#5448 = CARTESIAN_POINT('',(1.482736774893,0.455715369999,10.6));
#5449 = VECTOR('',#5450,1.);
#5450 = DIRECTION('',(-0.976389940145,-0.216015473483,
    -1.195732814918E-16));
#5451 = ORIENTED_EDGE('',*,*,#4235,.T.);
#5452 = ORIENTED_EDGE('',*,*,#5054,.F.);
#5453 = ORIENTED_EDGE('',*,*,#3780,.F.);
#5454 = ORIENTED_EDGE('',*,*,#5397,.T.);
#5455 = ORIENTED_EDGE('',*,*,#5456,.T.);
#5456 = EDGE_CURVE('',#5390,#5457,#5459,.T.);
#5457 = VERTEX_POINT('',#5458);
#5458 = CARTESIAN_POINT('',(7.206143197274,1.721955728933,11.));
#5459 = LINE('',#5460,#5461);
#5460 = CARTESIAN_POINT('',(7.206143197274,1.721955728933,11.05));
#5461 = VECTOR('',#5462,1.);
#5462 = DIRECTION('',(-1.224646799147E-16,0.,1.));
#5463 = ORIENTED_EDGE('',*,*,#5464,.F.);
#5464 = EDGE_CURVE('',#5465,#5457,#5467,.T.);
#5465 = VERTEX_POINT('',#5466);
#5466 = CARTESIAN_POINT('',(6.499170206702,1.565545775267,11.));
#5467 = LINE('',#5468,#5469);
#5468 = CARTESIAN_POINT('',(-1.249142102272,-0.148682611675,11.));
#5469 = VECTOR('',#5470,1.);
#5470 = DIRECTION('',(0.976389940145,0.216015473483,1.195732814918E-16)
  );
#5471 = ORIENTED_EDGE('',*,*,#5472,.T.);
#5472 = EDGE_CURVE('',#5465,#5374,#5473,.T.);
#5473 = LINE('',#5474,#5475);
#5474 = CARTESIAN_POINT('',(6.499170206702,1.565545775267,11.05));
#5475 = VECTOR('',#5476,1.);
#5476 = DIRECTION('',(1.224646799147E-16,0.,-1.));
#5477 = ORIENTED_EDGE('',*,*,#5373,.T.);
#5478 = ORIENTED_EDGE('',*,*,#5479,.T.);
#5479 = EDGE_CURVE('',#5366,#5431,#5480,.T.);
#5480 = LINE('',#5481,#5482);
#5481 = CARTESIAN_POINT('',(1.987927675337,0.567483268328,11.05));
#5482 = VECTOR('',#5483,1.);
#5483 = DIRECTION('',(-1.224646799147E-16,0.,1.));
#5484 = PLANE('',#5485);
#5485 = AXIS2_PLACEMENT_3D('',#5486,#5487,#5488);
#5486 = CARTESIAN_POINT('',(-1.616386847539,-0.229931449123,11.1));
#5487 = DIRECTION('',(0.216015473483,-0.976389940145,2.645426581677E-17)
  );
#5488 = DIRECTION('',(0.976389940145,0.216015473483,1.195732814918E-16)
  );
#5489 = ADVANCED_FACE('',(#5490),#5501,.F.);
#5490 = FACE_BOUND('',#5491,.F.);
#5491 = EDGE_LOOP('',(#5492,#5493,#5494,#5500));
#5492 = ORIENTED_EDGE('',*,*,#3875,.F.);
#5493 = ORIENTED_EDGE('',*,*,#3851,.F.);
#5494 = ORIENTED_EDGE('',*,*,#5495,.F.);
#5495 = EDGE_CURVE('',#3948,#3844,#5496,.T.);
#5496 = LINE('',#5497,#5498);
#5497 = CARTESIAN_POINT('',(-0.90478692548,6.206047178911,10.6));
#5498 = VECTOR('',#5499,1.);
#5499 = DIRECTION('',(0.875162256871,-0.483829540384,1.071764656612E-16)
  );
#5500 = ORIENTED_EDGE('',*,*,#3947,.F.);
#5501 = PLANE('',#5502);
#5502 = AXIS2_PLACEMENT_3D('',#5503,#5504,#5505);
#5503 = CARTESIAN_POINT('',(5.022134711148,-0.848677709361,10.6));
#5504 = DIRECTION('',(1.224646799147E-16,0.,-1.));
#5505 = DIRECTION('',(-1.,0.,-1.224646799147E-16));
#5506 = ADVANCED_FACE('',(#5507),#5518,.F.);
#5507 = FACE_BOUND('',#5508,.F.);
#5508 = EDGE_LOOP('',(#5509,#5515,#5516,#5517));
#5509 = ORIENTED_EDGE('',*,*,#5510,.F.);
#5510 = EDGE_CURVE('',#3900,#3836,#5511,.T.);
#5511 = LINE('',#5512,#5513);
#5512 = CARTESIAN_POINT('',(-0.90478692548,6.206047178911,11.));
#5513 = VECTOR('',#5514,1.);
#5514 = DIRECTION('',(0.875162256871,-0.483829540384,1.071764656612E-16)
  );
#5515 = ORIENTED_EDGE('',*,*,#3955,.F.);
#5516 = ORIENTED_EDGE('',*,*,#5495,.T.);
#5517 = ORIENTED_EDGE('',*,*,#3843,.F.);
#5518 = PLANE('',#5519);
#5519 = AXIS2_PLACEMENT_3D('',#5520,#5521,#5522);
#5520 = CARTESIAN_POINT('',(-0.90478692548,6.206047178911,11.));
#5521 = DIRECTION('',(-0.483829540384,-0.875162256871,
    -5.925202979642E-17));
#5522 = DIRECTION('',(0.875162256871,-0.483829540384,1.071764656612E-16)
  );
#5523 = ADVANCED_FACE('',(#5524),#5535,.T.);
#5524 = FACE_BOUND('',#5525,.T.);
#5525 = EDGE_LOOP('',(#5526,#5532,#5533,#5534));
#5526 = ORIENTED_EDGE('',*,*,#5527,.F.);
#5527 = EDGE_CURVE('',#3828,#3898,#5528,.T.);
#5528 = LINE('',#5529,#5530);
#5529 = CARTESIAN_POINT('',(12.43331267609,-0.627506876464,11.));
#5530 = VECTOR('',#5531,1.);
#5531 = DIRECTION('',(-0.937994498829,0.346650140872,-1.148711960609E-16
    ));
#5532 = ORIENTED_EDGE('',*,*,#3835,.F.);
#5533 = ORIENTED_EDGE('',*,*,#5510,.F.);
#5534 = ORIENTED_EDGE('',*,*,#3897,.F.);
#5535 = PLANE('',#5536);
#5536 = AXIS2_PLACEMENT_3D('',#5537,#5538,#5539);
#5537 = CARTESIAN_POINT('',(-0.19411176765,-3.176224638113,11.));
#5538 = DIRECTION('',(-1.224646799147E-16,-0.,1.));
#5539 = DIRECTION('',(1.,0.,1.224646799147E-16));
#5540 = ADVANCED_FACE('',(#5541),#5552,.F.);
#5541 = FACE_BOUND('',#5542,.F.);
#5542 = EDGE_LOOP('',(#5543,#5544,#5545,#5551));
#5543 = ORIENTED_EDGE('',*,*,#5527,.F.);
#5544 = ORIENTED_EDGE('',*,*,#3827,.F.);
#5545 = ORIENTED_EDGE('',*,*,#5546,.T.);
#5546 = EDGE_CURVE('',#3820,#3908,#5547,.T.);
#5547 = LINE('',#5548,#5549);
#5548 = CARTESIAN_POINT('',(12.43331267609,-0.627506876464,10.6));
#5549 = VECTOR('',#5550,1.);
#5550 = DIRECTION('',(-0.937994498829,0.346650140872,-1.148711960609E-16
    ));
#5551 = ORIENTED_EDGE('',*,*,#3907,.F.);
#5552 = PLANE('',#5553);
#5553 = AXIS2_PLACEMENT_3D('',#5554,#5555,#5556);
#5554 = CARTESIAN_POINT('',(12.43331267609,-0.627506876464,11.));
#5555 = DIRECTION('',(0.346650140872,0.937994498829,4.245239854424E-17)
  );
#5556 = DIRECTION('',(-0.937994498829,0.346650140872,-1.148711960609E-16
    ));
#5557 = ADVANCED_FACE('',(#5558),#5568,.F.);
#5558 = FACE_BOUND('',#5559,.F.);
#5559 = EDGE_LOOP('',(#5560,#5561,#5562,#5563,#5564,#5565,#5566,#5567));
#5560 = ORIENTED_EDGE('',*,*,#5546,.F.);
#5561 = ORIENTED_EDGE('',*,*,#3819,.F.);
#5562 = ORIENTED_EDGE('',*,*,#4211,.F.);
#5563 = ORIENTED_EDGE('',*,*,#4174,.T.);
#5564 = ORIENTED_EDGE('',*,*,#4194,.T.);
#5565 = ORIENTED_EDGE('',*,*,#4152,.F.);
#5566 = ORIENTED_EDGE('',*,*,#4125,.F.);
#5567 = ORIENTED_EDGE('',*,*,#3915,.F.);
#5568 = PLANE('',#5569);
#5569 = AXIS2_PLACEMENT_3D('',#5570,#5571,#5572);
#5570 = CARTESIAN_POINT('',(5.022134711148,-0.848677709361,10.6));
#5571 = DIRECTION('',(1.224646799147E-16,0.,-1.));
#5572 = DIRECTION('',(-1.,0.,-1.224646799147E-16));
#5573 = ADVANCED_FACE('',(#5574),#5581,.F.);
#5574 = FACE_BOUND('',#5575,.F.);
#5575 = EDGE_LOOP('',(#5576,#5577,#5578,#5579,#5580));
#5576 = ORIENTED_EDGE('',*,*,#4043,.F.);
#5577 = ORIENTED_EDGE('',*,*,#4019,.F.);
#5578 = ORIENTED_EDGE('',*,*,#4102,.F.);
#5579 = ORIENTED_EDGE('',*,*,#4065,.T.);
#5580 = ORIENTED_EDGE('',*,*,#4085,.T.);
#5581 = PLANE('',#5582);
#5582 = AXIS2_PLACEMENT_3D('',#5583,#5584,#5585);
#5583 = CARTESIAN_POINT('',(5.022134711148,-0.848677709361,10.6));
#5584 = DIRECTION('',(1.224646799147E-16,0.,-1.));
#5585 = DIRECTION('',(-1.,0.,-1.224646799147E-16));
#5586 = ADVANCED_FACE('',(#5587),#5601,.F.);
#5587 = FACE_BOUND('',#5588,.F.);
#5588 = EDGE_LOOP('',(#5589,#5590,#5591,#5592,#5593,#5594,#5595));
#5589 = ORIENTED_EDGE('',*,*,#4370,.F.);
#5590 = ORIENTED_EDGE('',*,*,#4305,.F.);
#5591 = ORIENTED_EDGE('',*,*,#4268,.T.);
#5592 = ORIENTED_EDGE('',*,*,#4288,.T.);
#5593 = ORIENTED_EDGE('',*,*,#4243,.F.);
#5594 = ORIENTED_EDGE('',*,*,#5446,.F.);
#5595 = ORIENTED_EDGE('',*,*,#5596,.F.);
#5596 = EDGE_CURVE('',#4371,#5439,#5597,.T.);
#5597 = LINE('',#5598,#5599);
#5598 = CARTESIAN_POINT('',(12.272969188892,-2.780168937141,10.6));
#5599 = VECTOR('',#5600,1.);
#5600 = DIRECTION('',(-0.975864850287,0.218375351113,-1.195089765305E-16
    ));
#5601 = PLANE('',#5602);
#5602 = AXIS2_PLACEMENT_3D('',#5603,#5604,#5605);
#5603 = CARTESIAN_POINT('',(5.022134711148,-0.848677709361,10.6));
#5604 = DIRECTION('',(1.224646799147E-16,0.,-1.));
#5605 = DIRECTION('',(-1.,0.,-1.224646799147E-16));
#5606 = ADVANCED_FACE('',(#5607),#5623,.T.);
#5607 = FACE_BOUND('',#5608,.T.);
#5608 = EDGE_LOOP('',(#5609,#5615,#5616,#5622));
#5609 = ORIENTED_EDGE('',*,*,#5610,.F.);
#5610 = EDGE_CURVE('',#4330,#5429,#5611,.T.);
#5611 = LINE('',#5612,#5613);
#5612 = CARTESIAN_POINT('',(12.272969188892,-2.780168937141,11.));
#5613 = VECTOR('',#5614,1.);
#5614 = DIRECTION('',(-0.975864850287,0.218375351113,-1.195089765305E-16
    ));
#5615 = ORIENTED_EDGE('',*,*,#4327,.F.);
#5616 = ORIENTED_EDGE('',*,*,#5617,.F.);
#5617 = EDGE_CURVE('',#5431,#4328,#5618,.T.);
#5618 = LINE('',#5619,#5620);
#5619 = CARTESIAN_POINT('',(-2.23331267609,2.127506876464,11.));
#5620 = VECTOR('',#5621,1.);
#5621 = DIRECTION('',(0.937994498829,-0.346650140872,1.148711960609E-16)
  );
#5622 = ORIENTED_EDGE('',*,*,#5428,.F.);
#5623 = PLANE('',#5624);
#5624 = AXIS2_PLACEMENT_3D('',#5625,#5626,#5627);
#5625 = CARTESIAN_POINT('',(-0.19411176765,-3.176224638113,11.));
#5626 = DIRECTION('',(-1.224646799147E-16,-0.,1.));
#5627 = DIRECTION('',(1.,0.,1.224646799147E-16));
#5628 = ADVANCED_FACE('',(#5629),#5635,.F.);
#5629 = FACE_BOUND('',#5630,.F.);
#5630 = EDGE_LOOP('',(#5631,#5632,#5633,#5634));
#5631 = ORIENTED_EDGE('',*,*,#5610,.F.);
#5632 = ORIENTED_EDGE('',*,*,#4378,.F.);
#5633 = ORIENTED_EDGE('',*,*,#5596,.T.);
#5634 = ORIENTED_EDGE('',*,*,#5438,.F.);
#5635 = PLANE('',#5636);
#5636 = AXIS2_PLACEMENT_3D('',#5637,#5638,#5639);
#5637 = CARTESIAN_POINT('',(12.272969188892,-2.780168937141,11.));
#5638 = DIRECTION('',(0.218375351113,0.975864850287,2.674326747535E-17)
  );
#5639 = DIRECTION('',(-0.975864850287,0.218375351113,-1.195089765305E-16
    ));
#5640 = ADVANCED_FACE('',(#5641),#5647,.F.);
#5641 = FACE_BOUND('',#5642,.F.);
#5642 = EDGE_LOOP('',(#5643,#5644,#5645,#5646));
#5643 = ORIENTED_EDGE('',*,*,#5031,.F.);
#5644 = ORIENTED_EDGE('',*,*,#4353,.F.);
#5645 = ORIENTED_EDGE('',*,*,#5357,.T.);
#5646 = ORIENTED_EDGE('',*,*,#5168,.T.);
#5647 = CYLINDRICAL_SURFACE('',#5648,0.8);
#5648 = AXIS2_PLACEMENT_3D('',#5649,#5650,#5651);
#5649 = CARTESIAN_POINT('',(8.5,-0.7,11.1));
#5650 = DIRECTION('',(1.224646799147E-16,0.,-1.));
#5651 = DIRECTION('',(-1.,0.,-1.224646799147E-16));
#5652 = ADVANCED_FACE('',(#5653),#5659,.F.);
#5653 = FACE_BOUND('',#5654,.F.);
#5654 = EDGE_LOOP('',(#5655,#5656,#5657,#5658));
#5655 = ORIENTED_EDGE('',*,*,#5617,.F.);
#5656 = ORIENTED_EDGE('',*,*,#5479,.F.);
#5657 = ORIENTED_EDGE('',*,*,#5365,.T.);
#5658 = ORIENTED_EDGE('',*,*,#4337,.F.);
#5659 = PLANE('',#5660);
#5660 = AXIS2_PLACEMENT_3D('',#5661,#5662,#5663);
#5661 = CARTESIAN_POINT('',(-2.23331267609,2.127506876464,11.));
#5662 = DIRECTION('',(-0.346650140872,-0.937994498829,
    -4.245239854424E-17));
#5663 = DIRECTION('',(0.937994498829,-0.346650140872,1.148711960609E-16)
  );
#5664 = ADVANCED_FACE('',(#5665),#5698,.T.);
#5665 = FACE_BOUND('',#5666,.T.);
#5666 = EDGE_LOOP('',(#5667,#5689,#5696,#5697));
#5667 = ORIENTED_EDGE('',*,*,#5668,.F.);
#5668 = EDGE_CURVE('',#5669,#4709,#5671,.T.);
#5669 = VERTEX_POINT('',#5670);
#5670 = CARTESIAN_POINT('',(10.846924193327,-15.29400979286,5.5));
#5671 = B_SPLINE_CURVE_WITH_KNOTS('',6,(#5672,#5673,#5674,#5675,#5676,
    #5677,#5678,#5679,#5680,#5681,#5682,#5683,#5684,#5685,#5686,#5687,
    #5688),.UNSPECIFIED.,.F.,.F.,(7,5,5,7),(0.,0.437014864864,
    0.720682026342,1.),.UNSPECIFIED.);
#5672 = CARTESIAN_POINT('',(10.846924193313,-15.29400979287,5.5));
#5673 = CARTESIAN_POINT('',(10.820141579498,-15.37325217999,
    5.499999969141));
#5674 = CARTESIAN_POINT('',(10.794250026091,-15.45173156151,
    5.506440147588));
#5675 = CARTESIAN_POINT('',(10.769663697802,-15.52807812868,
    5.519411189074));
#5676 = CARTESIAN_POINT('',(10.746738413012,-15.60089663298,5.5389125987
    ));
#5677 = CARTESIAN_POINT('',(10.725806045494,-15.66869643846,
    5.56474552645));
#5678 = CARTESIAN_POINT('',(10.695067358526,-15.7698443527,
    5.616947009822));
#5679 = CARTESIAN_POINT('',(10.683934552079,-15.80693254006,
    5.639946324358));
#5680 = CARTESIAN_POINT('',(10.673850805367,-15.84089836501,
    5.665257563931));
#5681 = CARTESIAN_POINT('',(10.664893149197,-15.8713512808,
    5.692681301098));
#5682 = CARTESIAN_POINT('',(10.657129290084,-15.89793691428,
    5.721955898005));
#5683 = CARTESIAN_POINT('',(10.644198776451,-15.94245119917,
    5.783080548661));
#5684 = CARTESIAN_POINT('',(10.638993541701,-15.9605086156,
    5.814886971303));
#5685 = CARTESIAN_POINT('',(10.635051281976,-15.97425936363,
    5.847860979933));
#5686 = CARTESIAN_POINT('',(10.632409744132,-15.98349958638,
    5.881637606089));
#5687 = CARTESIAN_POINT('',(10.631089015392,-15.98811891208,
    5.915820015747));
#5688 = CARTESIAN_POINT('',(10.631089015392,-15.98811891208,5.95));
#5689 = ORIENTED_EDGE('',*,*,#5690,.F.);
#5690 = EDGE_CURVE('',#4750,#5669,#5691,.T.);
#5691 = CIRCLE('',#5692,4.35);
#5692 = AXIS2_PLACEMENT_3D('',#5693,#5694,#5695);
#5693 = CARTESIAN_POINT('',(15.,-14.,5.5));
#5694 = DIRECTION('',(1.224646799147E-16,0.,-1.));
#5695 = DIRECTION('',(-1.,0.,-1.224646799147E-16));
#5696 = ORIENTED_EDGE('',*,*,#4749,.F.);
#5697 = ORIENTED_EDGE('',*,*,#4716,.T.);
#5698 = TOROIDAL_SURFACE('',#5699,4.35,0.45);
#5699 = AXIS2_PLACEMENT_3D('',#5700,#5701,#5702);
#5700 = CARTESIAN_POINT('',(15.,-14.,5.95));
#5701 = DIRECTION('',(1.224646799147E-16,0.,-1.));
#5702 = DIRECTION('',(-1.,0.,-1.224646799147E-16));
#5703 = ADVANCED_FACE('',(#5704,#5779,#5790,#5801),#5812,.T.);
#5704 = FACE_BOUND('',#5705,.T.);
#5705 = EDGE_LOOP('',(#5706,#5717,#5726,#5733,#5734,#5735,#5736,#5745,
    #5754,#5763,#5772));
#5706 = ORIENTED_EDGE('',*,*,#5707,.T.);
#5707 = EDGE_CURVE('',#5708,#5710,#5712,.T.);
#5708 = VERTEX_POINT('',#5709);
#5709 = CARTESIAN_POINT('',(-21.35,-4.,5.5));
#5710 = VERTEX_POINT('',#5711);
#5711 = CARTESIAN_POINT('',(-18.74780245656,-0.287059313955,5.5));
#5712 = CIRCLE('',#5713,3.95);
#5713 = AXIS2_PLACEMENT_3D('',#5714,#5715,#5716);
#5714 = CARTESIAN_POINT('',(-17.4,-4.,5.5));
#5715 = DIRECTION('',(1.224646799147E-16,0.,-1.));
#5716 = DIRECTION('',(-1.,0.,-1.224646799147E-16));
#5717 = ORIENTED_EDGE('',*,*,#5718,.T.);
#5718 = EDGE_CURVE('',#5710,#5719,#5721,.T.);
#5719 = VERTEX_POINT('',#5720);
#5720 = CARTESIAN_POINT('',(-18.75,0.,5.5));
#5721 = CIRCLE('',#5722,18.75);
#5722 = AXIS2_PLACEMENT_3D('',#5723,#5724,#5725);
#5723 = CARTESIAN_POINT('',(6.73555739531E-16,0.,5.5));
#5724 = DIRECTION('',(1.224646799147E-16,0.,-1.));
#5725 = DIRECTION('',(-1.,0.,-1.224646799147E-16));
#5726 = ORIENTED_EDGE('',*,*,#5727,.T.);
#5727 = EDGE_CURVE('',#5719,#4813,#5728,.T.);
#5728 = CIRCLE('',#5729,18.75);
#5729 = AXIS2_PLACEMENT_3D('',#5730,#5731,#5732);
#5730 = CARTESIAN_POINT('',(6.73555739531E-16,0.,5.5));
#5731 = DIRECTION('',(1.224646799147E-16,0.,-1.));
#5732 = DIRECTION('',(-1.,0.,-1.224646799147E-16));
#5733 = ORIENTED_EDGE('',*,*,#4812,.T.);
#5734 = ORIENTED_EDGE('',*,*,#4771,.T.);
#5735 = ORIENTED_EDGE('',*,*,#5690,.T.);
#5736 = ORIENTED_EDGE('',*,*,#5737,.T.);
#5737 = EDGE_CURVE('',#5669,#5738,#5740,.T.);
#5738 = VERTEX_POINT('',#5739);
#5739 = CARTESIAN_POINT('',(-10.84692419332,-15.29400979286,5.5));
#5740 = CIRCLE('',#5741,18.75);
#5741 = AXIS2_PLACEMENT_3D('',#5742,#5743,#5744);
#5742 = CARTESIAN_POINT('',(6.73555739531E-16,0.,5.5));
#5743 = DIRECTION('',(1.224646799147E-16,0.,-1.));
#5744 = DIRECTION('',(-1.,0.,-1.224646799147E-16));
#5745 = ORIENTED_EDGE('',*,*,#5746,.T.);
#5746 = EDGE_CURVE('',#5738,#5747,#5749,.T.);
#5747 = VERTEX_POINT('',#5748);
#5748 = CARTESIAN_POINT('',(-19.35,-14.,5.5));
#5749 = CIRCLE('',#5750,4.35);
#5750 = AXIS2_PLACEMENT_3D('',#5751,#5752,#5753);
#5751 = CARTESIAN_POINT('',(-15.,-14.,5.5));
#5752 = DIRECTION('',(1.224646799147E-16,0.,-1.));
#5753 = DIRECTION('',(-1.,0.,-1.224646799147E-16));
#5754 = ORIENTED_EDGE('',*,*,#5755,.T.);
#5755 = EDGE_CURVE('',#5747,#5756,#5758,.T.);
#5756 = VERTEX_POINT('',#5757);
#5757 = CARTESIAN_POINT('',(-16.00485727935,-9.767652914974,5.5));
#5758 = CIRCLE('',#5759,4.35);
#5759 = AXIS2_PLACEMENT_3D('',#5760,#5761,#5762);
#5760 = CARTESIAN_POINT('',(-15.,-14.,5.5));
#5761 = DIRECTION('',(1.224646799147E-16,0.,-1.));
#5762 = DIRECTION('',(-1.,0.,-1.224646799147E-16));
#5763 = ORIENTED_EDGE('',*,*,#5764,.T.);
#5764 = EDGE_CURVE('',#5756,#5765,#5767,.T.);
#5765 = VERTEX_POINT('',#5766);
#5766 = CARTESIAN_POINT('',(-16.99108573518,-7.928777051962,5.5));
#5767 = CIRCLE('',#5768,18.75);
#5768 = AXIS2_PLACEMENT_3D('',#5769,#5770,#5771);
#5769 = CARTESIAN_POINT('',(6.73555739531E-16,0.,5.5));
#5770 = DIRECTION('',(1.224646799147E-16,0.,-1.));
#5771 = DIRECTION('',(-1.,0.,-1.224646799147E-16));
#5772 = ORIENTED_EDGE('',*,*,#5773,.T.);
#5773 = EDGE_CURVE('',#5765,#5708,#5774,.T.);
#5774 = CIRCLE('',#5775,3.95);
#5775 = AXIS2_PLACEMENT_3D('',#5776,#5777,#5778);
#5776 = CARTESIAN_POINT('',(-17.4,-4.,5.5));
#5777 = DIRECTION('',(1.224646799147E-16,0.,-1.));
#5778 = DIRECTION('',(-1.,0.,-1.224646799147E-16));
#5779 = FACE_BOUND('',#5780,.T.);
#5780 = EDGE_LOOP('',(#5781));
#5781 = ORIENTED_EDGE('',*,*,#5782,.F.);
#5782 = EDGE_CURVE('',#5783,#5783,#5785,.T.);
#5783 = VERTEX_POINT('',#5784);
#5784 = CARTESIAN_POINT('',(13.3,-14.,5.5));
#5785 = CIRCLE('',#5786,1.7);
#5786 = AXIS2_PLACEMENT_3D('',#5787,#5788,#5789);
#5787 = CARTESIAN_POINT('',(15.,-14.,5.5));
#5788 = DIRECTION('',(1.224646799147E-16,0.,-1.));
#5789 = DIRECTION('',(-1.,0.,-1.224646799147E-16));
#5790 = FACE_BOUND('',#5791,.T.);
#5791 = EDGE_LOOP('',(#5792));
#5792 = ORIENTED_EDGE('',*,*,#5793,.F.);
#5793 = EDGE_CURVE('',#5794,#5794,#5796,.T.);
#5794 = VERTEX_POINT('',#5795);
#5795 = CARTESIAN_POINT('',(-16.7,-14.,5.5));
#5796 = CIRCLE('',#5797,1.7);
#5797 = AXIS2_PLACEMENT_3D('',#5798,#5799,#5800);
#5798 = CARTESIAN_POINT('',(-15.,-14.,5.5));
#5799 = DIRECTION('',(1.224646799147E-16,0.,-1.));
#5800 = DIRECTION('',(-1.,0.,-1.224646799147E-16));
#5801 = FACE_BOUND('',#5802,.T.);
#5802 = EDGE_LOOP('',(#5803));
#5803 = ORIENTED_EDGE('',*,*,#5804,.F.);
#5804 = EDGE_CURVE('',#5805,#5805,#5807,.T.);
#5805 = VERTEX_POINT('',#5806);
#5806 = CARTESIAN_POINT('',(-17.65,-4.32300320099E-15,5.5));
#5807 = CIRCLE('',#5808,17.65);
#5808 = AXIS2_PLACEMENT_3D('',#5809,#5810,#5811);
#5809 = CARTESIAN_POINT('',(6.73555739531E-16,0.,5.5));
#5810 = DIRECTION('',(1.224646799147E-16,0.,-1.));
#5811 = DIRECTION('',(-1.,0.,-1.224646799147E-16));
#5812 = PLANE('',#5813);
#5813 = AXIS2_PLACEMENT_3D('',#5814,#5815,#5816);
#5814 = CARTESIAN_POINT('',(-0.19411176765,-3.176224638113,5.5));
#5815 = DIRECTION('',(1.224646799147E-16,0.,-1.));
#5816 = DIRECTION('',(-1.,0.,-1.224646799147E-16));
#5817 = ADVANCED_FACE('',(#5818),#5841,.T.);
#5818 = FACE_BOUND('',#5819,.T.);
#5819 = EDGE_LOOP('',(#5820,#5829,#5838,#5839,#5840));
#5820 = ORIENTED_EDGE('',*,*,#5821,.F.);
#5821 = EDGE_CURVE('',#5822,#5719,#5824,.T.);
#5822 = VERTEX_POINT('',#5823);
#5823 = CARTESIAN_POINT('',(-19.17692307692,0.,5.807744292239));
#5824 = CIRCLE('',#5825,0.45);
#5825 = AXIS2_PLACEMENT_3D('',#5826,#5827,#5828);
#5826 = CARTESIAN_POINT('',(-18.75,0.,5.95));
#5827 = DIRECTION('',(0.,-1.,-0.));
#5828 = DIRECTION('',(-1.,0.,-1.224646799147E-16));
#5829 = ORIENTED_EDGE('',*,*,#5830,.T.);
#5830 = EDGE_CURVE('',#5822,#4787,#5831,.T.);
#5831 = B_SPLINE_CURVE_WITH_KNOTS('',5,(#5832,#5833,#5834,#5835,#5836,
    #5837),.UNSPECIFIED.,.F.,.F.,(6,6),(0.,1.),
  .PIECEWISE_BEZIER_KNOTS.);
#5832 = CARTESIAN_POINT('',(-19.17692307692,-2.22044604925E-16,
    5.807744292239));
#5833 = CARTESIAN_POINT('',(-19.18606172296,5.940119928506E-03,
    5.835170248985));
#5834 = CARTESIAN_POINT('',(-19.19300489642,1.044466567634E-02,
    5.863357510038));
#5835 = CARTESIAN_POINT('',(-19.19766445997,1.346464007381E-02,
    5.892064590009));
#5836 = CARTESIAN_POINT('',(-19.19999416045,1.4974597969E-02,
    5.921032423271));
#5837 = CARTESIAN_POINT('',(-19.19999416045,1.4974597969E-02,5.95));
#5838 = ORIENTED_EDGE('',*,*,#4796,.T.);
#5839 = ORIENTED_EDGE('',*,*,#4821,.T.);
#5840 = ORIENTED_EDGE('',*,*,#5727,.F.);
#5841 = TOROIDAL_SURFACE('',#5842,18.75,0.45);
#5842 = AXIS2_PLACEMENT_3D('',#5843,#5844,#5845);
#5843 = CARTESIAN_POINT('',(6.184466335694E-16,0.,5.95));
#5844 = DIRECTION('',(1.224646799147E-16,0.,-1.));
#5845 = DIRECTION('',(-1.,0.,-1.224646799147E-16));
#5846 = ADVANCED_FACE('',(#5847),#5873,.T.);
#5847 = FACE_BOUND('',#5848,.T.);
#5848 = EDGE_LOOP('',(#5849,#5850,#5857,#5858));
#5849 = ORIENTED_EDGE('',*,*,#4845,.T.);
#5850 = ORIENTED_EDGE('',*,*,#5851,.T.);
#5851 = EDGE_CURVE('',#4848,#5708,#5852,.T.);
#5852 = CIRCLE('',#5853,0.45);
#5853 = AXIS2_PLACEMENT_3D('',#5854,#5855,#5856);
#5854 = CARTESIAN_POINT('',(-21.35,-4.,5.95));
#5855 = DIRECTION('',(0.,-1.,-0.));
#5856 = DIRECTION('',(-1.,0.,-1.224646799147E-16));
#5857 = ORIENTED_EDGE('',*,*,#5773,.F.);
#5858 = ORIENTED_EDGE('',*,*,#5859,.F.);
#5859 = EDGE_CURVE('',#4846,#5765,#5860,.T.);
#5860 = B_SPLINE_CURVE_WITH_KNOTS('',6,(#5861,#5862,#5863,#5864,#5865,
    #5866,#5867,#5868,#5869,#5870,#5871,#5872),.UNSPECIFIED.,.F.,.F.,(7,
    5,7),(0.,0.4976830157,1.),.UNSPECIFIED.);
#5861 = CARTESIAN_POINT('',(-17.26598651466,-8.397958661214,5.95));
#5862 = CARTESIAN_POINT('',(-17.26598651466,-8.397958661214,
    5.890706659491));
#5863 = CARTESIAN_POINT('',(-17.26020898936,-8.388403111069,
    5.831401536706));
#5864 = CARTESIAN_POINT('',(-17.24864900914,-8.36928451748,
    5.774042039316));
#5865 = CARTESIAN_POINT('',(-17.23168743647,-8.341144514518,
    5.720536639096));
#5866 = CARTESIAN_POINT('',(-17.21001873669,-8.30496531901,
    5.672488932682));
#5867 = CARTESIAN_POINT('',(-17.15879151946,-8.218737272904,
    5.589325619022));
#5868 = CARTESIAN_POINT('',(-17.12915442043,-8.168550471514,
    5.554322871852));
#5869 = CARTESIAN_POINT('',(-17.09650592652,-8.112810245905,
    5.527319543671));
#5870 = CARTESIAN_POINT('',(-17.0619044878,-8.053115582481,
    5.509097644491));
#5871 = CARTESIAN_POINT('',(-17.02642087996,-7.991178110436,
    5.499999918745));
#5872 = CARTESIAN_POINT('',(-16.99108573522,-7.928777051866,5.5));
#5873 = TOROIDAL_SURFACE('',#5874,3.95,0.45);
#5874 = AXIS2_PLACEMENT_3D('',#5875,#5876,#5877);
#5875 = CARTESIAN_POINT('',(-17.4,-4.,5.95));
#5876 = DIRECTION('',(1.224646799147E-16,0.,-1.));
#5877 = DIRECTION('',(-1.,0.,-1.224646799147E-16));
#5878 = ADVANCED_FACE('',(#5879),#5900,.T.);
#5879 = FACE_BOUND('',#5880,.T.);
#5880 = EDGE_LOOP('',(#5881,#5882,#5897,#5898,#5899));
#5881 = ORIENTED_EDGE('',*,*,#5830,.F.);
#5882 = ORIENTED_EDGE('',*,*,#5883,.F.);
#5883 = EDGE_CURVE('',#5710,#5822,#5884,.T.);
#5884 = B_SPLINE_CURVE_WITH_KNOTS('',6,(#5885,#5886,#5887,#5888,#5889,
    #5890,#5891,#5892,#5893,#5894,#5895,#5896),.UNSPECIFIED.,.F.,.F.,(7,
    5,7),(0.,0.503060036902,1.),.UNSPECIFIED.);
#5885 = CARTESIAN_POINT('',(-18.74780245656,-0.28705931389,5.5));
#5886 = CARTESIAN_POINT('',(-18.79494969217,-0.254551809959,
    5.500000061332));
#5887 = CARTESIAN_POINT('',(-18.84205081878,-0.222352807857,
    5.505801565306));
#5888 = CARTESIAN_POINT('',(-18.88824304743,-0.191045674157,
    5.517419418511));
#5889 = CARTESIAN_POINT('',(-18.93265036238,-0.161186950953,
    5.534714741644));
#5890 = CARTESIAN_POINT('',(-18.97442560052,-0.133291212432,
    5.557380242793));
#5891 = CARTESIAN_POINT('',(-19.05069270073,-8.26505550508E-02,
    5.61213583041));
#5892 = CARTESIAN_POINT('',(-19.08527032197,-5.984496114508E-02,
    5.644110205284));
#5893 = CARTESIAN_POINT('',(-19.11577395504,-3.984281658568E-02,
    5.680374870532));
#5894 = CARTESIAN_POINT('',(-19.14153673947,-2.302283236006E-02,
    5.720287951061));
#5895 = CARTESIAN_POINT('',(-19.16202945808,-9.680852242259E-03,
    5.763047108004));
#5896 = CARTESIAN_POINT('',(-19.17692307692,0.,5.807744292239));
#5897 = ORIENTED_EDGE('',*,*,#5707,.F.);
#5898 = ORIENTED_EDGE('',*,*,#5851,.F.);
#5899 = ORIENTED_EDGE('',*,*,#4865,.T.);
#5900 = TOROIDAL_SURFACE('',#5901,3.95,0.45);
#5901 = AXIS2_PLACEMENT_3D('',#5902,#5903,#5904);
#5902 = CARTESIAN_POINT('',(-17.4,-4.,5.95));
#5903 = DIRECTION('',(1.224646799147E-16,0.,-1.));
#5904 = DIRECTION('',(-1.,0.,-1.224646799147E-16));
#5905 = ADVANCED_FACE('',(#5906),#5931,.T.);
#5906 = FACE_BOUND('',#5907,.T.);
#5907 = EDGE_LOOP('',(#5908,#5909,#5910,#5911));
#5908 = ORIENTED_EDGE('',*,*,#4882,.T.);
#5909 = ORIENTED_EDGE('',*,*,#5859,.T.);
#5910 = ORIENTED_EDGE('',*,*,#5764,.F.);
#5911 = ORIENTED_EDGE('',*,*,#5912,.T.);
#5912 = EDGE_CURVE('',#5756,#4883,#5913,.T.);
#5913 = B_SPLINE_CURVE_WITH_KNOTS('',6,(#5914,#5915,#5916,#5917,#5918,
    #5919,#5920,#5921,#5922,#5923,#5924,#5925,#5926,#5927,#5928,#5929,
    #5930),.UNSPECIFIED.,.F.,.F.,(7,5,5,7),(0.,0.437362900733,
    0.719315603253,1.),.UNSPECIFIED.);
#5914 = CARTESIAN_POINT('',(-16.00485727937,-9.767652914949,5.5));
#5915 = CARTESIAN_POINT('',(-16.0821280505,-9.735449789082,
    5.499999968898));
#5916 = CARTESIAN_POINT('',(-16.15869790178,-9.704189662482,
    5.506450410653));
#5917 = CARTESIAN_POINT('',(-16.23322559074,-9.674381293311,
    5.519442194373));
#5918 = CARTESIAN_POINT('',(-16.30434041031,-9.646476795234,
    5.538974753183));
#5919 = CARTESIAN_POINT('',(-16.37057446361,-9.620910944617,
    5.564848442284));
#5920 = CARTESIAN_POINT('',(-16.46913616418,-9.583367107924,
    5.616989101162));
#5921 = CARTESIAN_POINT('',(-16.50514822921,-9.56978919286,
    5.639848936171));
#5922 = CARTESIAN_POINT('',(-16.53815475191,-9.557457570891,
    5.664992766485));
#5923 = CARTESIAN_POINT('',(-16.56777841459,-9.546474118386,
    5.692224920414));
#5924 = CARTESIAN_POINT('',(-16.59367636709,-9.536929229898,
    5.721288990556));
#5925 = CARTESIAN_POINT('',(-16.63736112945,-9.520899856895,
    5.782302851202));
#5926 = CARTESIAN_POINT('',(-16.65518619382,-9.514401040457,
    5.81424185886));
#5927 = CARTESIAN_POINT('',(-16.66876353435,-9.509473354404,
    5.847365289059));
#5928 = CARTESIAN_POINT('',(-16.67788849705,-9.5061694989,5.881303146814
    ));
#5929 = CARTESIAN_POINT('',(-16.682450177,-9.504517667492,5.915652814469
    ));
#5930 = CARTESIAN_POINT('',(-16.682450177,-9.504517667492,5.95));
#5931 = TOROIDAL_SURFACE('',#5932,18.75,0.45);
#5932 = AXIS2_PLACEMENT_3D('',#5933,#5934,#5935);
#5933 = CARTESIAN_POINT('',(6.184466335694E-16,0.,5.95));
#5934 = DIRECTION('',(1.224646799147E-16,0.,-1.));
#5935 = DIRECTION('',(-1.,0.,-1.224646799147E-16));
#5936 = ADVANCED_FACE('',(#5937),#5968,.T.);
#5937 = FACE_BOUND('',#5938,.T.);
#5938 = EDGE_LOOP('',(#5939,#5940,#5947,#5948));
#5939 = ORIENTED_EDGE('',*,*,#4905,.T.);
#5940 = ORIENTED_EDGE('',*,*,#5941,.T.);
#5941 = EDGE_CURVE('',#4908,#5747,#5942,.T.);
#5942 = CIRCLE('',#5943,0.45);
#5943 = AXIS2_PLACEMENT_3D('',#5944,#5945,#5946);
#5944 = CARTESIAN_POINT('',(-19.35,-14.,5.95));
#5945 = DIRECTION('',(0.,-1.,-0.));
#5946 = DIRECTION('',(-1.,0.,-1.224646799147E-16));
#5947 = ORIENTED_EDGE('',*,*,#5746,.F.);
#5948 = ORIENTED_EDGE('',*,*,#5949,.F.);
#5949 = EDGE_CURVE('',#4906,#5738,#5950,.T.);
#5950 = B_SPLINE_CURVE_WITH_KNOTS('',6,(#5951,#5952,#5953,#5954,#5955,
    #5956,#5957,#5958,#5959,#5960,#5961,#5962,#5963,#5964,#5965,#5966,
    #5967),.UNSPECIFIED.,.F.,.F.,(7,5,5,7),(0.,0.278370863335,
    0.562190348191,1.),.UNSPECIFIED.);
#5951 = CARTESIAN_POINT('',(-10.63108901539,-15.98811891208,5.95));
#5952 = CARTESIAN_POINT('',(-10.63108901539,-15.98811891208,
    5.915935897981));
#5953 = CARTESIAN_POINT('',(-10.63240080313,-15.98353085491,
    5.881869409561));
#5954 = CARTESIAN_POINT('',(-10.63502445797,-15.97435319703,
    5.848204562753));
#5955 = CARTESIAN_POINT('',(-10.63894016632,-15.9606947968,
    5.815334215236));
#5956 = CARTESIAN_POINT('',(-10.64411068179,-15.94275681206,
    5.783619875851));
#5957 = CARTESIAN_POINT('',(-10.65698163132,-15.89844290264,
    5.722531117935));
#5958 = CARTESIAN_POINT('',(-10.66473020312,-15.87190634994,
    5.693211830881));
#5959 = CARTESIAN_POINT('',(-10.67367469345,-15.84149397063,
    5.665741819998));
#5960 = CARTESIAN_POINT('',(-10.68374738348,-15.80756029523,
    5.640383767154));
#5961 = CARTESIAN_POINT('',(-10.69487118282,-15.7704963017,
    5.617338001645));
#5962 = CARTESIAN_POINT('',(-10.72561583002,-15.66931259166,
    5.564980560383));
#5963 = CARTESIAN_POINT('',(-10.74657172367,-15.60142613106,
    5.539054558085));
#5964 = CARTESIAN_POINT('',(-10.76952959181,-15.5284945824,
    5.519482020811));
#5965 = CARTESIAN_POINT('',(-10.79415586665,-15.4520169694,
    5.506463579173));
#5966 = CARTESIAN_POINT('',(-10.82009290005,-15.37339620931,
    5.499999969352));
#5967 = CARTESIAN_POINT('',(-10.84692419329,-15.29400979288,5.5));
#5968 = TOROIDAL_SURFACE('',#5969,4.35,0.45);
#5969 = AXIS2_PLACEMENT_3D('',#5970,#5971,#5972);
#5970 = CARTESIAN_POINT('',(-15.,-14.,5.95));
#5971 = DIRECTION('',(1.224646799147E-16,0.,-1.));
#5972 = DIRECTION('',(-1.,0.,-1.224646799147E-16));
#5973 = ADVANCED_FACE('',(#5974),#5980,.T.);
#5974 = FACE_BOUND('',#5975,.T.);
#5975 = EDGE_LOOP('',(#5976,#5977,#5978,#5979));
#5976 = ORIENTED_EDGE('',*,*,#5755,.F.);
#5977 = ORIENTED_EDGE('',*,*,#5941,.F.);
#5978 = ORIENTED_EDGE('',*,*,#4925,.T.);
#5979 = ORIENTED_EDGE('',*,*,#5912,.F.);
#5980 = TOROIDAL_SURFACE('',#5981,4.35,0.45);
#5981 = AXIS2_PLACEMENT_3D('',#5982,#5983,#5984);
#5982 = CARTESIAN_POINT('',(-15.,-14.,5.95));
#5983 = DIRECTION('',(1.224646799147E-16,0.,-1.));
#5984 = DIRECTION('',(-1.,0.,-1.224646799147E-16));
#5985 = ADVANCED_FACE('',(#5986),#5992,.T.);
#5986 = FACE_BOUND('',#5987,.T.);
#5987 = EDGE_LOOP('',(#5988,#5989,#5990,#5991));
#5988 = ORIENTED_EDGE('',*,*,#4942,.T.);
#5989 = ORIENTED_EDGE('',*,*,#5949,.T.);
#5990 = ORIENTED_EDGE('',*,*,#5737,.F.);
#5991 = ORIENTED_EDGE('',*,*,#5668,.T.);
#5992 = TOROIDAL_SURFACE('',#5993,18.75,0.45);
#5993 = AXIS2_PLACEMENT_3D('',#5994,#5995,#5996);
#5994 = CARTESIAN_POINT('',(6.184466335694E-16,0.,5.95));
#5995 = DIRECTION('',(1.224646799147E-16,0.,-1.));
#5996 = DIRECTION('',(-1.,0.,-1.224646799147E-16));
#5997 = ADVANCED_FACE('',(#5998),#6009,.F.);
#5998 = FACE_BOUND('',#5999,.F.);
#5999 = EDGE_LOOP('',(#6000,#6006,#6007,#6008));
#6000 = ORIENTED_EDGE('',*,*,#6001,.T.);
#6001 = EDGE_CURVE('',#4962,#5794,#6002,.T.);
#6002 = LINE('',#6003,#6004);
#6003 = CARTESIAN_POINT('',(-16.7,-14.,11.1));
#6004 = VECTOR('',#6005,1.);
#6005 = DIRECTION('',(1.224646799147E-16,0.,-1.));
#6006 = ORIENTED_EDGE('',*,*,#5793,.F.);
#6007 = ORIENTED_EDGE('',*,*,#6001,.F.);
#6008 = ORIENTED_EDGE('',*,*,#4961,.T.);
#6009 = CYLINDRICAL_SURFACE('',#6010,1.7);
#6010 = AXIS2_PLACEMENT_3D('',#6011,#6012,#6013);
#6011 = CARTESIAN_POINT('',(-15.,-14.,11.1));
#6012 = DIRECTION('',(1.224646799147E-16,0.,-1.));
#6013 = DIRECTION('',(-1.,0.,-1.224646799147E-16));
#6014 = ADVANCED_FACE('',(#6015),#6026,.F.);
#6015 = FACE_BOUND('',#6016,.F.);
#6016 = EDGE_LOOP('',(#6017,#6023,#6024,#6025));
#6017 = ORIENTED_EDGE('',*,*,#6018,.T.);
#6018 = EDGE_CURVE('',#4982,#5783,#6019,.T.);
#6019 = LINE('',#6020,#6021);
#6020 = CARTESIAN_POINT('',(13.3,-14.,11.1));
#6021 = VECTOR('',#6022,1.);
#6022 = DIRECTION('',(1.224646799147E-16,0.,-1.));
#6023 = ORIENTED_EDGE('',*,*,#5782,.F.);
#6024 = ORIENTED_EDGE('',*,*,#6018,.F.);
#6025 = ORIENTED_EDGE('',*,*,#4981,.T.);
#6026 = CYLINDRICAL_SURFACE('',#6027,1.7);
#6027 = AXIS2_PLACEMENT_3D('',#6028,#6029,#6030);
#6028 = CARTESIAN_POINT('',(15.,-14.,11.1));
#6029 = DIRECTION('',(1.224646799147E-16,0.,-1.));
#6030 = DIRECTION('',(-1.,0.,-1.224646799147E-16));
#6031 = ADVANCED_FACE('',(#6032),#6051,.F.);
#6032 = FACE_BOUND('',#6033,.F.);
#6033 = EDGE_LOOP('',(#6034,#6043,#6049,#6050));
#6034 = ORIENTED_EDGE('',*,*,#6035,.F.);
#6035 = EDGE_CURVE('',#6036,#6036,#6038,.T.);
#6036 = VERTEX_POINT('',#6037);
#6037 = CARTESIAN_POINT('',(-16.25,-3.980102097229E-15,6.45));
#6038 = CIRCLE('',#6039,16.25);
#6039 = AXIS2_PLACEMENT_3D('',#6040,#6041,#6042);
#6040 = CARTESIAN_POINT('',(5.57214293612E-16,0.,6.45));
#6041 = DIRECTION('',(1.224646799147E-16,0.,-1.));
#6042 = DIRECTION('',(-1.,0.,-1.224646799147E-16));
#6043 = ORIENTED_EDGE('',*,*,#6044,.F.);
#6044 = EDGE_CURVE('',#4999,#6036,#6045,.T.);
#6045 = LINE('',#6046,#6047);
#6046 = CARTESIAN_POINT('',(-16.25,-3.980102097229E-15,9.8));
#6047 = VECTOR('',#6048,1.);
#6048 = DIRECTION('',(1.224646799147E-16,0.,-1.));
#6049 = ORIENTED_EDGE('',*,*,#4998,.T.);
#6050 = ORIENTED_EDGE('',*,*,#6044,.T.);
#6051 = CYLINDRICAL_SURFACE('',#6052,16.25);
#6052 = AXIS2_PLACEMENT_3D('',#6053,#6054,#6055);
#6053 = CARTESIAN_POINT('',(1.469576158977E-16,0.,9.8));
#6054 = DIRECTION('',(1.224646799147E-16,0.,-1.));
#6055 = DIRECTION('',(-1.,0.,-1.224646799147E-16));
#6056 = ADVANCED_FACE('',(#6057),#6075,.F.);
#6057 = FACE_BOUND('',#6058,.F.);
#6058 = EDGE_LOOP('',(#6059,#6067,#6073,#6074));
#6059 = ORIENTED_EDGE('',*,*,#6060,.F.);
#6060 = EDGE_CURVE('',#6061,#5193,#6063,.T.);
#6061 = VERTEX_POINT('',#6062);
#6062 = CARTESIAN_POINT('',(9.163397018007,-2.084320619181,11.));
#6063 = LINE('',#6064,#6065);
#6064 = CARTESIAN_POINT('',(12.272969188892,-2.780168937141,11.));
#6065 = VECTOR('',#6066,1.);
#6066 = DIRECTION('',(-0.975864850287,0.218375351113,-1.195089765305E-16
    ));
#6067 = ORIENTED_EDGE('',*,*,#6068,.T.);
#6068 = EDGE_CURVE('',#6061,#5343,#6069,.T.);
#6069 = LINE('',#6070,#6071);
#6070 = CARTESIAN_POINT('',(9.163397018007,-2.084320619181,11.));
#6071 = VECTOR('',#6072,1.);
#6072 = DIRECTION('',(1.224646799147E-16,0.,-1.));
#6073 = ORIENTED_EDGE('',*,*,#5342,.T.);
#6074 = ORIENTED_EDGE('',*,*,#5200,.F.);
#6075 = PLANE('',#6076);
#6076 = AXIS2_PLACEMENT_3D('',#6077,#6078,#6079);
#6077 = CARTESIAN_POINT('',(12.272969188892,-2.780168937141,11.));
#6078 = DIRECTION('',(0.218375351113,0.975864850287,2.674326747535E-17)
  );
#6079 = DIRECTION('',(-0.975864850287,0.218375351113,-1.195089765305E-16
    ));
#6080 = ADVANCED_FACE('',(#6081),#6091,.T.);
#6081 = FACE_BOUND('',#6082,.T.);
#6082 = EDGE_LOOP('',(#6083,#6084,#6085));
#6083 = ORIENTED_EDGE('',*,*,#5192,.F.);
#6084 = ORIENTED_EDGE('',*,*,#6060,.F.);
#6085 = ORIENTED_EDGE('',*,*,#6086,.F.);
#6086 = EDGE_CURVE('',#5185,#6061,#6087,.T.);
#6087 = LINE('',#6088,#6089);
#6088 = CARTESIAN_POINT('',(-2.23331267609,2.127506876464,11.));
#6089 = VECTOR('',#6090,1.);
#6090 = DIRECTION('',(0.937994498829,-0.346650140872,1.148711960609E-16)
  );
#6091 = PLANE('',#6092);
#6092 = AXIS2_PLACEMENT_3D('',#6093,#6094,#6095);
#6093 = CARTESIAN_POINT('',(-0.19411176765,-3.176224638113,11.));
#6094 = DIRECTION('',(-1.224646799147E-16,-0.,1.));
#6095 = DIRECTION('',(1.,0.,1.224646799147E-16));
#6096 = ADVANCED_FACE('',(#6097),#6103,.F.);
#6097 = FACE_BOUND('',#6098,.F.);
#6098 = EDGE_LOOP('',(#6099,#6100,#6101,#6102));
#6099 = ORIENTED_EDGE('',*,*,#6086,.F.);
#6100 = ORIENTED_EDGE('',*,*,#5184,.F.);
#6101 = ORIENTED_EDGE('',*,*,#5350,.T.);
#6102 = ORIENTED_EDGE('',*,*,#6068,.F.);
#6103 = PLANE('',#6104);
#6104 = AXIS2_PLACEMENT_3D('',#6105,#6106,#6107);
#6105 = CARTESIAN_POINT('',(-2.23331267609,2.127506876464,11.));
#6106 = DIRECTION('',(-0.346650140872,-0.937994498829,
    -4.245239854424E-17));
#6107 = DIRECTION('',(0.937994498829,-0.346650140872,1.148711960609E-16)
  );
#6108 = ADVANCED_FACE('',(#6109),#6127,.F.);
#6109 = FACE_BOUND('',#6110,.F.);
#6110 = EDGE_LOOP('',(#6111,#6119,#6125,#6126));
#6111 = ORIENTED_EDGE('',*,*,#6112,.F.);
#6112 = EDGE_CURVE('',#6113,#5284,#6115,.T.);
#6113 = VERTEX_POINT('',#6114);
#6114 = CARTESIAN_POINT('',(9.674931846097,-4.760620105654,11.));
#6115 = LINE('',#6116,#6117);
#6116 = CARTESIAN_POINT('',(12.149625627678,-5.058987441022,11.));
#6117 = VECTOR('',#6118,1.);
#6118 = DIRECTION('',(-0.992810047183,0.119700502143,-1.215841646444E-16
    ));
#6119 = ORIENTED_EDGE('',*,*,#6120,.T.);
#6120 = EDGE_CURVE('',#6113,#5320,#6121,.T.);
#6121 = LINE('',#6122,#6123);
#6122 = CARTESIAN_POINT('',(9.674931846097,-4.760620105654,11.));
#6123 = VECTOR('',#6124,1.);
#6124 = DIRECTION('',(1.224646799147E-16,0.,-1.));
#6125 = ORIENTED_EDGE('',*,*,#5319,.T.);
#6126 = ORIENTED_EDGE('',*,*,#5292,.F.);
#6127 = PLANE('',#6128);
#6128 = AXIS2_PLACEMENT_3D('',#6129,#6130,#6131);
#6129 = CARTESIAN_POINT('',(12.149625627678,-5.058987441022,11.));
#6130 = DIRECTION('',(0.119700502143,0.992810047183,1.465908368053E-17)
  );
#6131 = DIRECTION('',(-0.992810047183,0.119700502143,-1.215841646444E-16
    ));
#6132 = ADVANCED_FACE('',(#6133),#6143,.T.);
#6133 = FACE_BOUND('',#6134,.T.);
#6134 = EDGE_LOOP('',(#6135,#6141,#6142));
#6135 = ORIENTED_EDGE('',*,*,#6136,.F.);
#6136 = EDGE_CURVE('',#5276,#6113,#6137,.T.);
#6137 = LINE('',#6138,#6139);
#6138 = CARTESIAN_POINT('',(-2.572969188892,-2.019831062859,11.));
#6139 = VECTOR('',#6140,1.);
#6140 = DIRECTION('',(0.975864850287,-0.218375351113,1.195089765305E-16)
  );
#6141 = ORIENTED_EDGE('',*,*,#5283,.T.);
#6142 = ORIENTED_EDGE('',*,*,#6112,.F.);
#6143 = PLANE('',#6144);
#6144 = AXIS2_PLACEMENT_3D('',#6145,#6146,#6147);
#6145 = CARTESIAN_POINT('',(-0.19411176765,-3.176224638113,11.));
#6146 = DIRECTION('',(-1.224646799147E-16,-0.,1.));
#6147 = DIRECTION('',(1.,0.,1.224646799147E-16));
#6148 = ADVANCED_FACE('',(#6149),#6155,.F.);
#6149 = FACE_BOUND('',#6150,.F.);
#6150 = EDGE_LOOP('',(#6151,#6152,#6153,#6154));
#6151 = ORIENTED_EDGE('',*,*,#6136,.F.);
#6152 = ORIENTED_EDGE('',*,*,#5275,.T.);
#6153 = ORIENTED_EDGE('',*,*,#5327,.T.);
#6154 = ORIENTED_EDGE('',*,*,#6120,.F.);
#6155 = PLANE('',#6156);
#6156 = AXIS2_PLACEMENT_3D('',#6157,#6158,#6159);
#6157 = CARTESIAN_POINT('',(-2.572969188892,-2.019831062859,11.));
#6158 = DIRECTION('',(-0.218375351113,-0.975864850287,
    -2.674326747535E-17));
#6159 = DIRECTION('',(0.975864850287,-0.218375351113,1.195089765305E-16)
  );
#6160 = ADVANCED_FACE('',(#6161),#6179,.F.);
#6161 = FACE_BOUND('',#6162,.F.);
#6162 = EDGE_LOOP('',(#6163,#6171,#6172,#6173));
#6163 = ORIENTED_EDGE('',*,*,#6164,.F.);
#6164 = EDGE_CURVE('',#5457,#6165,#6167,.T.);
#6165 = VERTEX_POINT('',#6166);
#6166 = CARTESIAN_POINT('',(9.485070912927,0.462060731662,11.));
#6167 = LINE('',#6168,#6169);
#6168 = CARTESIAN_POINT('',(-0.90478692548,6.206047178911,11.));
#6169 = VECTOR('',#6170,1.);
#6170 = DIRECTION('',(0.875162256871,-0.483829540384,1.071764656612E-16)
  );
#6171 = ORIENTED_EDGE('',*,*,#5456,.F.);
#6172 = ORIENTED_EDGE('',*,*,#5389,.T.);
#6173 = ORIENTED_EDGE('',*,*,#6174,.F.);
#6174 = EDGE_CURVE('',#6165,#5382,#6175,.T.);
#6175 = LINE('',#6176,#6177);
#6176 = CARTESIAN_POINT('',(9.485070912927,0.462060731662,11.));
#6177 = VECTOR('',#6178,1.);
#6178 = DIRECTION('',(1.224646799147E-16,0.,-1.));
#6179 = PLANE('',#6180);
#6180 = AXIS2_PLACEMENT_3D('',#6181,#6182,#6183);
#6181 = CARTESIAN_POINT('',(-0.90478692548,6.206047178911,11.));
#6182 = DIRECTION('',(-0.483829540384,-0.875162256871,
    -5.925202979642E-17));
#6183 = DIRECTION('',(0.875162256871,-0.483829540384,1.071764656612E-16)
  );
#6184 = ADVANCED_FACE('',(#6185),#6196,.F.);
#6185 = FACE_BOUND('',#6186,.F.);
#6186 = EDGE_LOOP('',(#6187,#6193,#6194,#6195));
#6187 = ORIENTED_EDGE('',*,*,#6188,.F.);
#6188 = EDGE_CURVE('',#6165,#5465,#6189,.T.);
#6189 = LINE('',#6190,#6191);
#6190 = CARTESIAN_POINT('',(12.43331267609,-0.627506876464,11.));
#6191 = VECTOR('',#6192,1.);
#6192 = DIRECTION('',(-0.937994498829,0.346650140872,-1.148711960609E-16
    ));
#6193 = ORIENTED_EDGE('',*,*,#6174,.T.);
#6194 = ORIENTED_EDGE('',*,*,#5381,.T.);
#6195 = ORIENTED_EDGE('',*,*,#5472,.F.);
#6196 = PLANE('',#6197);
#6197 = AXIS2_PLACEMENT_3D('',#6198,#6199,#6200);
#6198 = CARTESIAN_POINT('',(12.43331267609,-0.627506876464,11.));
#6199 = DIRECTION('',(0.346650140872,0.937994498829,4.245239854424E-17)
  );
#6200 = DIRECTION('',(-0.937994498829,0.346650140872,-1.148711960609E-16
    ));
#6201 = ADVANCED_FACE('',(#6202),#6207,.T.);
#6202 = FACE_BOUND('',#6203,.T.);
#6203 = EDGE_LOOP('',(#6204,#6205,#6206));
#6204 = ORIENTED_EDGE('',*,*,#5464,.F.);
#6205 = ORIENTED_EDGE('',*,*,#6188,.F.);
#6206 = ORIENTED_EDGE('',*,*,#6164,.F.);
#6207 = PLANE('',#6208);
#6208 = AXIS2_PLACEMENT_3D('',#6209,#6210,#6211);
#6209 = CARTESIAN_POINT('',(-0.19411176765,-3.176224638113,11.));
#6210 = DIRECTION('',(-1.224646799147E-16,-0.,1.));
#6211 = DIRECTION('',(1.,0.,1.224646799147E-16));
#6212 = ADVANCED_FACE('',(#6213),#6218,.T.);
#6213 = FACE_BOUND('',#6214,.T.);
#6214 = EDGE_LOOP('',(#6215,#6216,#6217));
#6215 = ORIENTED_EDGE('',*,*,#5883,.T.);
#6216 = ORIENTED_EDGE('',*,*,#5821,.T.);
#6217 = ORIENTED_EDGE('',*,*,#5718,.F.);
#6218 = TOROIDAL_SURFACE('',#6219,18.75,0.45);
#6219 = AXIS2_PLACEMENT_3D('',#6220,#6221,#6222);
#6220 = CARTESIAN_POINT('',(6.184466335694E-16,0.,5.95));
#6221 = DIRECTION('',(1.224646799147E-16,0.,-1.));
#6222 = DIRECTION('',(-1.,0.,-1.224646799147E-16));
#6223 = ADVANCED_FACE('',(#6224),#6243,.F.);
#6224 = FACE_BOUND('',#6225,.F.);
#6225 = EDGE_LOOP('',(#6226,#6227,#6235,#6242));
#6226 = ORIENTED_EDGE('',*,*,#5804,.F.);
#6227 = ORIENTED_EDGE('',*,*,#6228,.F.);
#6228 = EDGE_CURVE('',#6229,#5805,#6231,.T.);
#6229 = VERTEX_POINT('',#6230);
#6230 = CARTESIAN_POINT('',(-17.65,-4.32300320099E-15,6.45));
#6231 = LINE('',#6232,#6233);
#6232 = CARTESIAN_POINT('',(-17.65,-4.32300320099E-15,6.45));
#6233 = VECTOR('',#6234,1.);
#6234 = DIRECTION('',(1.224646799147E-16,0.,-1.));
#6235 = ORIENTED_EDGE('',*,*,#6236,.T.);
#6236 = EDGE_CURVE('',#6229,#6229,#6237,.T.);
#6237 = CIRCLE('',#6238,17.65);
#6238 = AXIS2_PLACEMENT_3D('',#6239,#6240,#6241);
#6239 = CARTESIAN_POINT('',(5.57214293612E-16,0.,6.45));
#6240 = DIRECTION('',(1.224646799147E-16,0.,-1.));
#6241 = DIRECTION('',(-1.,0.,-1.224646799147E-16));
#6242 = ORIENTED_EDGE('',*,*,#6228,.T.);
#6243 = CYLINDRICAL_SURFACE('',#6244,17.65);
#6244 = AXIS2_PLACEMENT_3D('',#6245,#6246,#6247);
#6245 = CARTESIAN_POINT('',(5.57214293612E-16,0.,6.45));
#6246 = DIRECTION('',(1.224646799147E-16,0.,-1.));
#6247 = DIRECTION('',(-1.,0.,-1.224646799147E-16));
#6248 = ADVANCED_FACE('',(#6249,#6252),#6255,.T.);
#6249 = FACE_BOUND('',#6250,.T.);
#6250 = EDGE_LOOP('',(#6251));
#6251 = ORIENTED_EDGE('',*,*,#6236,.T.);
#6252 = FACE_BOUND('',#6253,.T.);
#6253 = EDGE_LOOP('',(#6254));
#6254 = ORIENTED_EDGE('',*,*,#6035,.F.);
#6255 = PLANE('',#6256);
#6256 = AXIS2_PLACEMENT_3D('',#6257,#6258,#6259);
#6257 = CARTESIAN_POINT('',(5.57214293612E-16,0.,6.45));
#6258 = DIRECTION('',(1.224646799147E-16,0.,-1.));
#6259 = DIRECTION('',(-1.,0.,-1.224646799147E-16));
#6260 = ( GEOMETRIC_REPRESENTATION_CONTEXT(3) 
GLOBAL_UNCERTAINTY_ASSIGNED_CONTEXT((#6264)) 
GLOBAL_UNIT_ASSIGNED_CONTEXT((#6261,#6262,#6263)) REPRESENTATION_CONTEXT
('Context #1','3D Context with UNIT and UNCERTAINTY') );
#6261 = ( LENGTH_UNIT() NAMED_UNIT(*) SI_UNIT(.MILLI.,.METRE.) );
#6262 = ( NAMED_UNIT(*) PLANE_ANGLE_UNIT() SI_UNIT($,.RADIAN.) );
#6263 = ( NAMED_UNIT(*) SI_UNIT($,.STERADIAN.) SOLID_ANGLE_UNIT() );
#6264 = UNCERTAINTY_MEASURE_WITH_UNIT(LENGTH_MEASURE(2.E-07),#6261,
  'distance_accuracy_value','confusion accuracy');
#6265 = PRODUCT_RELATED_PRODUCT_CATEGORY('part',$,(#7));
ENDSEC;
END-ISO-10303-21;
