ISO-10303-21;
HEADER;
FILE_DESCRIPTION(('FreeCAD Model'),'2;1');
FILE_NAME('Open CASCADE Shape Model','2026-09-29T10:28:26',('FreeCAD'),(
    'FreeCAD'),'Open CASCADE STEP processor 7.8','FreeCAD','Unknown');
FILE_SCHEMA(('AUTOMOTIVE_DESIGN { 1 0 10303 214 1 1 1 1 }'));
ENDSEC;
DATA;
#1 = APPLICATION_PROTOCOL_DEFINITION('international standard',
  'automotive_design',2000,#2);
#2 = APPLICATION_CONTEXT(
  'core data for automotive mechanical design processes');
#3 = SHAPE_DEFINITION_REPRESENTATION(#4,#10);
#4 = PRODUCT_DEFINITION_SHAPE('','',#5);
#5 = PRODUCT_DEFINITION('design','',#6,#9);
#6 = PRODUCT_DEFINITION_FORMATION('','',#7);
#7 = PRODUCT('Open CASCADE STEP translator 7.8 1',
  'Open CASCADE STEP translator 7.8 1','',(#8));
#8 = PRODUCT_CONTEXT('',#2,'mechanical');
#9 = PRODUCT_DEFINITION_CONTEXT('part definition',#2,'design');
#10 = SHAPE_REPRESENTATION('',(#11,#15,#2151),#4756);
#11 = AXIS2_PLACEMENT_3D('',#12,#13,#14);
#12 = CARTESIAN_POINT('',(0.,0.,0.));
#13 = DIRECTION('',(0.,0.,1.));
#14 = DIRECTION('',(1.,0.,-0.));
#15 = MANIFOLD_SOLID_BREP('',#16);
#16 = CLOSED_SHELL('',(#17,#142,#166,#197,#222,#246,#264,#295,#320,#345,
    #362,#393,#418,#443,#460,#480,#714,#739,#786,#812,#852,#891,#1000,
    #1039,#1065,#1104,#1148,#1188,#1271,#1302,#1326,#1350,#1374,#1398,
    #1415,#1446,#1470,#1494,#1518,#1542,#1559,#1584,#1699,#1734,#1769,
    #1797,#1815,#1833,#1858,#1883,#1901,#1932,#1944,#1969,#1994,#2025,
    #2043,#2074,#2105,#2117,#2134));
#17 = ADVANCED_FACE('',(#18,#29,#65,#101),#137,.T.);
#18 = FACE_BOUND('',#19,.T.);
#19 = EDGE_LOOP('',(#20));
#20 = ORIENTED_EDGE('',*,*,#21,.T.);
#21 = EDGE_CURVE('',#22,#22,#24,.T.);
#22 = VERTEX_POINT('',#23);
#23 = CARTESIAN_POINT('',(16.25,-3.980102097229E-15,1.2));
#24 = CIRCLE('',#25,16.25);
#25 = AXIS2_PLACEMENT_3D('',#26,#27,#28);
#26 = CARTESIAN_POINT('',(0.,0.,1.2));
#27 = DIRECTION('',(0.,0.,1.));
#28 = DIRECTION('',(1.,0.,0.));
#29 = FACE_BOUND('',#30,.T.);
#30 = EDGE_LOOP('',(#31,#41,#50,#58));
#31 = ORIENTED_EDGE('',*,*,#32,.F.);
#32 = EDGE_CURVE('',#33,#35,#37,.T.);
#33 = VERTEX_POINT('',#34);
#34 = CARTESIAN_POINT('',(0.9,-9.5,1.2));
#35 = VERTEX_POINT('',#36);
#36 = CARTESIAN_POINT('',(0.9,-5.2,1.2));
#37 = LINE('',#38,#39);
#38 = CARTESIAN_POINT('',(0.9,-2.6,1.2));
#39 = VECTOR('',#40,1.);
#40 = DIRECTION('',(1.807339807529E-16,1.,0.));
#41 = ORIENTED_EDGE('',*,*,#42,.F.);
#42 = EDGE_CURVE('',#43,#33,#45,.T.);
#43 = VERTEX_POINT('',#44);
#44 = CARTESIAN_POINT('',(-0.9,-9.5,1.2));
#45 = CIRCLE('',#46,0.9);
#46 = AXIS2_PLACEMENT_3D('',#47,#48,#49);
#47 = CARTESIAN_POINT('',(-1.745121688785E-15,-9.5,1.2));
#48 = DIRECTION('',(0.,0.,1.));
#49 = DIRECTION('',(1.,0.,0.));
#50 = ORIENTED_EDGE('',*,*,#51,.F.);
#51 = EDGE_CURVE('',#52,#43,#54,.T.);
#52 = VERTEX_POINT('',#53);
#53 = CARTESIAN_POINT('',(-0.9,-5.2,1.2));
#54 = LINE('',#55,#56);
#55 = CARTESIAN_POINT('',(-0.9,-4.75,1.2));
#56 = VECTOR('',#57,1.);
#57 = DIRECTION('',(-1.807339807529E-16,-1.,0.));
#58 = ORIENTED_EDGE('',*,*,#59,.F.);
#59 = EDGE_CURVE('',#35,#52,#60,.T.);
#60 = CIRCLE('',#61,0.9);
#61 = AXIS2_PLACEMENT_3D('',#62,#63,#64);
#62 = CARTESIAN_POINT('',(-9.552245033349E-16,-5.2,1.2));
#63 = DIRECTION('',(0.,0.,1.));
#64 = DIRECTION('',(1.,0.,0.));
#65 = FACE_BOUND('',#66,.T.);
#66 = EDGE_LOOP('',(#67,#77,#86,#94));
#67 = ORIENTED_EDGE('',*,*,#68,.F.);
#68 = EDGE_CURVE('',#69,#71,#73,.T.);
#69 = VERTEX_POINT('',#70);
#70 = CARTESIAN_POINT('',(-8.677241335952,3.970577136594,1.2));
#71 = VERTEX_POINT('',#72);
#72 = CARTESIAN_POINT('',(-4.953332099679,1.820577136594,1.2));
#73 = LINE('',#74,#75);
#74 = CARTESIAN_POINT('',(-2.70166604984,0.520577136594,1.2));
#75 = VECTOR('',#76,1.);
#76 = DIRECTION('',(0.866025403784,-0.5,0.));
#77 = ORIENTED_EDGE('',*,*,#78,.F.);
#78 = EDGE_CURVE('',#79,#69,#81,.T.);
#79 = VERTEX_POINT('',#80);
#80 = CARTESIAN_POINT('',(-7.777241335952,5.529422863406,1.2));
#81 = CIRCLE('',#82,0.9);
#82 = AXIS2_PLACEMENT_3D('',#83,#84,#85);
#83 = CARTESIAN_POINT('',(-8.227241335952,4.75,1.2));
#84 = DIRECTION('',(0.,0.,1.));
#85 = DIRECTION('',(1.,0.,0.));
#86 = ORIENTED_EDGE('',*,*,#87,.F.);
#87 = EDGE_CURVE('',#88,#79,#90,.T.);
#88 = VERTEX_POINT('',#89);
#89 = CARTESIAN_POINT('',(-4.053332099679,3.379422863406,1.2));
#90 = LINE('',#91,#92);
#91 = CARTESIAN_POINT('',(-3.663620667976,3.154422863406,1.2));
#92 = VECTOR('',#93,1.);
#93 = DIRECTION('',(-0.866025403784,0.5,0.));
#94 = ORIENTED_EDGE('',*,*,#95,.F.);
#95 = EDGE_CURVE('',#71,#88,#96,.T.);
#96 = CIRCLE('',#97,0.9);
#97 = AXIS2_PLACEMENT_3D('',#98,#99,#100);
#98 = CARTESIAN_POINT('',(-4.503332099679,2.6,1.2));
#99 = DIRECTION('',(0.,0.,1.));
#100 = DIRECTION('',(1.,0.,0.));
#101 = FACE_BOUND('',#102,.T.);
#102 = EDGE_LOOP('',(#103,#113,#122,#130));
#103 = ORIENTED_EDGE('',*,*,#104,.F.);
#104 = EDGE_CURVE('',#105,#107,#109,.T.);
#105 = VERTEX_POINT('',#106);
#106 = CARTESIAN_POINT('',(7.777241335952,5.529422863406,1.2));
#107 = VERTEX_POINT('',#108);
#108 = CARTESIAN_POINT('',(4.053332099679,3.379422863406,1.2));
#109 = LINE('',#110,#111);
#110 = CARTESIAN_POINT('',(1.80166604984,2.079422863406,1.2));
#111 = VECTOR('',#112,1.);
#112 = DIRECTION('',(-0.866025403784,-0.5,0.));
#113 = ORIENTED_EDGE('',*,*,#114,.F.);
#114 = EDGE_CURVE('',#115,#105,#117,.T.);
#115 = VERTEX_POINT('',#116);
#116 = CARTESIAN_POINT('',(8.677241335952,3.970577136594,1.2));
#117 = CIRCLE('',#118,0.9);
#118 = AXIS2_PLACEMENT_3D('',#119,#120,#121);
#119 = CARTESIAN_POINT('',(8.227241335952,4.75,1.2));
#120 = DIRECTION('',(0.,0.,1.));
#121 = DIRECTION('',(1.,0.,0.));
#122 = ORIENTED_EDGE('',*,*,#123,.F.);
#123 = EDGE_CURVE('',#124,#115,#126,.T.);
#124 = VERTEX_POINT('',#125);
#125 = CARTESIAN_POINT('',(4.953332099679,1.820577136594,1.2));
#126 = LINE('',#127,#128);
#127 = CARTESIAN_POINT('',(4.563620667976,1.595577136594,1.2));
#128 = VECTOR('',#129,1.);
#129 = DIRECTION('',(0.866025403784,0.5,0.));
#130 = ORIENTED_EDGE('',*,*,#131,.F.);
#131 = EDGE_CURVE('',#107,#124,#132,.T.);
#132 = CIRCLE('',#133,0.9);
#133 = AXIS2_PLACEMENT_3D('',#134,#135,#136);
#134 = CARTESIAN_POINT('',(4.503332099679,2.6,1.2));
#135 = DIRECTION('',(0.,0.,1.));
#136 = DIRECTION('',(1.,0.,0.));
#137 = PLANE('',#138);
#138 = AXIS2_PLACEMENT_3D('',#139,#140,#141);
#139 = CARTESIAN_POINT('',(0.,0.,1.2));
#140 = DIRECTION('',(0.,0.,1.));
#141 = DIRECTION('',(1.,0.,0.));
#142 = ADVANCED_FACE('',(#143),#161,.F.);
#143 = FACE_BOUND('',#144,.F.);
#144 = EDGE_LOOP('',(#145,#146,#153,#160));
#145 = ORIENTED_EDGE('',*,*,#21,.T.);
#146 = ORIENTED_EDGE('',*,*,#147,.T.);
#147 = EDGE_CURVE('',#22,#148,#150,.T.);
#148 = VERTEX_POINT('',#149);
#149 = CARTESIAN_POINT('',(16.25,-3.980102097229E-15,6.3));
#150 = B_SPLINE_CURVE_WITH_KNOTS('',1,(#151,#152),.UNSPECIFIED.,.F.,.F.,
  (2,2),(-4.2,0.9),.PIECEWISE_BEZIER_KNOTS.);
#151 = CARTESIAN_POINT('',(16.25,0.,1.2));
#152 = CARTESIAN_POINT('',(16.25,0.,6.3));
#153 = ORIENTED_EDGE('',*,*,#154,.F.);
#154 = EDGE_CURVE('',#148,#148,#155,.T.);
#155 = CIRCLE('',#156,16.25);
#156 = AXIS2_PLACEMENT_3D('',#157,#158,#159);
#157 = CARTESIAN_POINT('',(0.,0.,6.3));
#158 = DIRECTION('',(0.,0.,1.));
#159 = DIRECTION('',(1.,0.,0.));
#160 = ORIENTED_EDGE('',*,*,#147,.F.);
#161 = CYLINDRICAL_SURFACE('',#162,16.25);
#162 = AXIS2_PLACEMENT_3D('',#163,#164,#165);
#163 = CARTESIAN_POINT('',(0.,0.,5.4));
#164 = DIRECTION('',(0.,0.,1.));
#165 = DIRECTION('',(1.,0.,0.));
#166 = ADVANCED_FACE('',(#167),#192,.F.);
#167 = FACE_BOUND('',#168,.F.);
#168 = EDGE_LOOP('',(#169,#179,#185,#186));
#169 = ORIENTED_EDGE('',*,*,#170,.F.);
#170 = EDGE_CURVE('',#171,#173,#175,.T.);
#171 = VERTEX_POINT('',#172);
#172 = CARTESIAN_POINT('',(0.9,-5.2,0.));
#173 = VERTEX_POINT('',#174);
#174 = CARTESIAN_POINT('',(0.9,-9.5,0.));
#175 = LINE('',#176,#177);
#176 = CARTESIAN_POINT('',(0.9,-1.810540468843,0.));
#177 = VECTOR('',#178,1.);
#178 = DIRECTION('',(-1.807339807529E-16,-1.,0.));
#179 = ORIENTED_EDGE('',*,*,#180,.T.);
#180 = EDGE_CURVE('',#171,#35,#181,.T.);
#181 = LINE('',#182,#183);
#182 = CARTESIAN_POINT('',(0.9,-5.2,-0.1));
#183 = VECTOR('',#184,1.);
#184 = DIRECTION('',(0.,0.,1.));
#185 = ORIENTED_EDGE('',*,*,#32,.F.);
#186 = ORIENTED_EDGE('',*,*,#187,.F.);
#187 = EDGE_CURVE('',#173,#33,#188,.T.);
#188 = LINE('',#189,#190);
#189 = CARTESIAN_POINT('',(0.9,-9.5,-0.1));
#190 = VECTOR('',#191,1.);
#191 = DIRECTION('',(0.,0.,1.));
#192 = PLANE('',#193);
#193 = AXIS2_PLACEMENT_3D('',#194,#195,#196);
#194 = CARTESIAN_POINT('',(0.9,-5.2,-0.1));
#195 = DIRECTION('',(1.,-1.807339807529E-16,0.));
#196 = DIRECTION('',(-1.807339807529E-16,-1.,0.));
#197 = ADVANCED_FACE('',(#198),#217,.F.);
#198 = FACE_BOUND('',#199,.F.);
#199 = EDGE_LOOP('',(#200,#201,#202,#211));
#200 = ORIENTED_EDGE('',*,*,#59,.F.);
#201 = ORIENTED_EDGE('',*,*,#180,.F.);
#202 = ORIENTED_EDGE('',*,*,#203,.T.);
#203 = EDGE_CURVE('',#171,#204,#206,.T.);
#204 = VERTEX_POINT('',#205);
#205 = CARTESIAN_POINT('',(-0.9,-5.2,0.));
#206 = CIRCLE('',#207,0.9);
#207 = AXIS2_PLACEMENT_3D('',#208,#209,#210);
#208 = CARTESIAN_POINT('',(-9.552245033349E-16,-5.2,0.));
#209 = DIRECTION('',(0.,0.,1.));
#210 = DIRECTION('',(1.,0.,0.));
#211 = ORIENTED_EDGE('',*,*,#212,.T.);
#212 = EDGE_CURVE('',#204,#52,#213,.T.);
#213 = LINE('',#214,#215);
#214 = CARTESIAN_POINT('',(-0.9,-5.2,-0.1));
#215 = VECTOR('',#216,1.);
#216 = DIRECTION('',(0.,0.,1.));
#217 = CYLINDRICAL_SURFACE('',#218,0.9);
#218 = AXIS2_PLACEMENT_3D('',#219,#220,#221);
#219 = CARTESIAN_POINT('',(-9.552245033349E-16,-5.2,-0.1));
#220 = DIRECTION('',(0.,0.,1.));
#221 = DIRECTION('',(1.,0.,0.));
#222 = ADVANCED_FACE('',(#223),#241,.F.);
#223 = FACE_BOUND('',#224,.F.);
#224 = EDGE_LOOP('',(#225,#233,#239,#240));
#225 = ORIENTED_EDGE('',*,*,#226,.F.);
#226 = EDGE_CURVE('',#227,#204,#229,.T.);
#227 = VERTEX_POINT('',#228);
#228 = CARTESIAN_POINT('',(-0.9,-9.5,0.));
#229 = LINE('',#230,#231);
#230 = CARTESIAN_POINT('',(-0.9,-3.960540468843,0.));
#231 = VECTOR('',#232,1.);
#232 = DIRECTION('',(1.807339807529E-16,1.,0.));
#233 = ORIENTED_EDGE('',*,*,#234,.T.);
#234 = EDGE_CURVE('',#227,#43,#235,.T.);
#235 = LINE('',#236,#237);
#236 = CARTESIAN_POINT('',(-0.9,-9.5,-0.1));
#237 = VECTOR('',#238,1.);
#238 = DIRECTION('',(0.,0.,1.));
#239 = ORIENTED_EDGE('',*,*,#51,.F.);
#240 = ORIENTED_EDGE('',*,*,#212,.F.);
#241 = PLANE('',#242);
#242 = AXIS2_PLACEMENT_3D('',#243,#244,#245);
#243 = CARTESIAN_POINT('',(-0.9,-9.5,-0.1));
#244 = DIRECTION('',(-1.,1.807339807529E-16,0.));
#245 = DIRECTION('',(1.807339807529E-16,1.,0.));
#246 = ADVANCED_FACE('',(#247),#259,.F.);
#247 = FACE_BOUND('',#248,.F.);
#248 = EDGE_LOOP('',(#249,#256,#257,#258));
#249 = ORIENTED_EDGE('',*,*,#250,.T.);
#250 = EDGE_CURVE('',#227,#173,#251,.T.);
#251 = CIRCLE('',#252,0.9);
#252 = AXIS2_PLACEMENT_3D('',#253,#254,#255);
#253 = CARTESIAN_POINT('',(-1.745121688785E-15,-9.5,0.));
#254 = DIRECTION('',(0.,0.,1.));
#255 = DIRECTION('',(1.,0.,0.));
#256 = ORIENTED_EDGE('',*,*,#187,.T.);
#257 = ORIENTED_EDGE('',*,*,#42,.F.);
#258 = ORIENTED_EDGE('',*,*,#234,.F.);
#259 = CYLINDRICAL_SURFACE('',#260,0.9);
#260 = AXIS2_PLACEMENT_3D('',#261,#262,#263);
#261 = CARTESIAN_POINT('',(-1.745121688785E-15,-9.5,-0.1));
#262 = DIRECTION('',(0.,0.,1.));
#263 = DIRECTION('',(1.,0.,0.));
#264 = ADVANCED_FACE('',(#265),#290,.F.);
#265 = FACE_BOUND('',#266,.F.);
#266 = EDGE_LOOP('',(#267,#277,#283,#284));
#267 = ORIENTED_EDGE('',*,*,#268,.F.);
#268 = EDGE_CURVE('',#269,#271,#273,.T.);
#269 = VERTEX_POINT('',#270);
#270 = CARTESIAN_POINT('',(-4.953332099679,1.820577136594,0.));
#271 = VERTEX_POINT('',#272);
#272 = CARTESIAN_POINT('',(-8.677241335952,3.970577136594,0.));
#273 = LINE('',#274,#275);
#274 = CARTESIAN_POINT('',(-2.963740237238,0.671885739236,0.));
#275 = VECTOR('',#276,1.);
#276 = DIRECTION('',(-0.866025403784,0.5,0.));
#277 = ORIENTED_EDGE('',*,*,#278,.T.);
#278 = EDGE_CURVE('',#269,#71,#279,.T.);
#279 = LINE('',#280,#281);
#280 = CARTESIAN_POINT('',(-4.953332099679,1.820577136594,-0.1));
#281 = VECTOR('',#282,1.);
#282 = DIRECTION('',(0.,0.,1.));
#283 = ORIENTED_EDGE('',*,*,#68,.F.);
#284 = ORIENTED_EDGE('',*,*,#285,.F.);
#285 = EDGE_CURVE('',#271,#69,#286,.T.);
#286 = LINE('',#287,#288);
#287 = CARTESIAN_POINT('',(-8.677241335952,3.970577136594,-0.1));
#288 = VECTOR('',#289,1.);
#289 = DIRECTION('',(0.,0.,1.));
#290 = PLANE('',#291);
#291 = AXIS2_PLACEMENT_3D('',#292,#293,#294);
#292 = CARTESIAN_POINT('',(-4.953332099679,1.820577136594,-0.1));
#293 = DIRECTION('',(-0.5,-0.866025403784,0.));
#294 = DIRECTION('',(-0.866025403784,0.5,0.));
#295 = ADVANCED_FACE('',(#296),#315,.F.);
#296 = FACE_BOUND('',#297,.F.);
#297 = EDGE_LOOP('',(#298,#299,#307,#314));
#298 = ORIENTED_EDGE('',*,*,#78,.F.);
#299 = ORIENTED_EDGE('',*,*,#300,.F.);
#300 = EDGE_CURVE('',#301,#79,#303,.T.);
#301 = VERTEX_POINT('',#302);
#302 = CARTESIAN_POINT('',(-7.777241335952,5.529422863406,0.));
#303 = LINE('',#304,#305);
#304 = CARTESIAN_POINT('',(-7.777241335952,5.529422863406,-0.1));
#305 = VECTOR('',#306,1.);
#306 = DIRECTION('',(0.,0.,1.));
#307 = ORIENTED_EDGE('',*,*,#308,.T.);
#308 = EDGE_CURVE('',#301,#271,#309,.T.);
#309 = CIRCLE('',#310,0.9);
#310 = AXIS2_PLACEMENT_3D('',#311,#312,#313);
#311 = CARTESIAN_POINT('',(-8.227241335952,4.75,0.));
#312 = DIRECTION('',(0.,0.,1.));
#313 = DIRECTION('',(1.,0.,0.));
#314 = ORIENTED_EDGE('',*,*,#285,.T.);
#315 = CYLINDRICAL_SURFACE('',#316,0.9);
#316 = AXIS2_PLACEMENT_3D('',#317,#318,#319);
#317 = CARTESIAN_POINT('',(-8.227241335952,4.75,-0.1));
#318 = DIRECTION('',(0.,0.,1.));
#319 = DIRECTION('',(1.,0.,0.));
#320 = ADVANCED_FACE('',(#321),#340,.F.);
#321 = FACE_BOUND('',#322,.F.);
#322 = EDGE_LOOP('',(#323,#332,#338,#339));
#323 = ORIENTED_EDGE('',*,*,#324,.T.);
#324 = EDGE_CURVE('',#269,#325,#327,.T.);
#325 = VERTEX_POINT('',#326);
#326 = CARTESIAN_POINT('',(-4.053332099679,3.379422863406,0.));
#327 = CIRCLE('',#328,0.9);
#328 = AXIS2_PLACEMENT_3D('',#329,#330,#331);
#329 = CARTESIAN_POINT('',(-4.503332099679,2.6,0.));
#330 = DIRECTION('',(0.,0.,1.));
#331 = DIRECTION('',(1.,0.,0.));
#332 = ORIENTED_EDGE('',*,*,#333,.T.);
#333 = EDGE_CURVE('',#325,#88,#334,.T.);
#334 = LINE('',#335,#336);
#335 = CARTESIAN_POINT('',(-4.053332099679,3.379422863406,-0.1));
#336 = VECTOR('',#337,1.);
#337 = DIRECTION('',(0.,0.,1.));
#338 = ORIENTED_EDGE('',*,*,#95,.F.);
#339 = ORIENTED_EDGE('',*,*,#278,.F.);
#340 = CYLINDRICAL_SURFACE('',#341,0.9);
#341 = AXIS2_PLACEMENT_3D('',#342,#343,#344);
#342 = CARTESIAN_POINT('',(-4.503332099679,2.6,-0.1));
#343 = DIRECTION('',(0.,0.,1.));
#344 = DIRECTION('',(1.,0.,0.));
#345 = ADVANCED_FACE('',(#346),#357,.F.);
#346 = FACE_BOUND('',#347,.F.);
#347 = EDGE_LOOP('',(#348,#354,#355,#356));
#348 = ORIENTED_EDGE('',*,*,#349,.F.);
#349 = EDGE_CURVE('',#301,#325,#350,.T.);
#350 = LINE('',#351,#352);
#351 = CARTESIAN_POINT('',(-3.925694855375,3.305731466048,
    1.387778780781E-17));
#352 = VECTOR('',#353,1.);
#353 = DIRECTION('',(0.866025403784,-0.5,0.));
#354 = ORIENTED_EDGE('',*,*,#300,.T.);
#355 = ORIENTED_EDGE('',*,*,#87,.F.);
#356 = ORIENTED_EDGE('',*,*,#333,.F.);
#357 = PLANE('',#358);
#358 = AXIS2_PLACEMENT_3D('',#359,#360,#361);
#359 = CARTESIAN_POINT('',(-7.777241335952,5.529422863406,-0.1));
#360 = DIRECTION('',(0.5,0.866025403784,0.));
#361 = DIRECTION('',(0.866025403784,-0.5,0.));
#362 = ADVANCED_FACE('',(#363),#388,.F.);
#363 = FACE_BOUND('',#364,.F.);
#364 = EDGE_LOOP('',(#365,#375,#381,#382));
#365 = ORIENTED_EDGE('',*,*,#366,.F.);
#366 = EDGE_CURVE('',#367,#369,#371,.T.);
#367 = VERTEX_POINT('',#368);
#368 = CARTESIAN_POINT('',(4.053332099679,3.379422863406,0.));
#369 = VERTEX_POINT('',#370);
#370 = CARTESIAN_POINT('',(7.777241335952,5.529422863406,0.));
#371 = LINE('',#372,#373);
#372 = CARTESIAN_POINT('',(2.223283871682,2.322844026342,
    1.387778780781E-17));
#373 = VECTOR('',#374,1.);
#374 = DIRECTION('',(0.866025403784,0.5,0.));
#375 = ORIENTED_EDGE('',*,*,#376,.T.);
#376 = EDGE_CURVE('',#367,#107,#377,.T.);
#377 = LINE('',#378,#379);
#378 = CARTESIAN_POINT('',(4.053332099679,3.379422863406,-0.1));
#379 = VECTOR('',#380,1.);
#380 = DIRECTION('',(0.,0.,1.));
#381 = ORIENTED_EDGE('',*,*,#104,.F.);
#382 = ORIENTED_EDGE('',*,*,#383,.F.);
#383 = EDGE_CURVE('',#369,#105,#384,.T.);
#384 = LINE('',#385,#386);
#385 = CARTESIAN_POINT('',(7.777241335952,5.529422863406,-0.1));
#386 = VECTOR('',#387,1.);
#387 = DIRECTION('',(0.,0.,1.));
#388 = PLANE('',#389);
#389 = AXIS2_PLACEMENT_3D('',#390,#391,#392);
#390 = CARTESIAN_POINT('',(4.053332099679,3.379422863406,-0.1));
#391 = DIRECTION('',(-0.5,0.866025403784,0.));
#392 = DIRECTION('',(0.866025403784,0.5,0.));
#393 = ADVANCED_FACE('',(#394),#413,.F.);
#394 = FACE_BOUND('',#395,.F.);
#395 = EDGE_LOOP('',(#396,#397,#405,#412));
#396 = ORIENTED_EDGE('',*,*,#114,.F.);
#397 = ORIENTED_EDGE('',*,*,#398,.F.);
#398 = EDGE_CURVE('',#399,#115,#401,.T.);
#399 = VERTEX_POINT('',#400);
#400 = CARTESIAN_POINT('',(8.677241335952,3.970577136594,0.));
#401 = LINE('',#402,#403);
#402 = CARTESIAN_POINT('',(8.677241335952,3.970577136594,-0.1));
#403 = VECTOR('',#404,1.);
#404 = DIRECTION('',(0.,0.,1.));
#405 = ORIENTED_EDGE('',*,*,#406,.T.);
#406 = EDGE_CURVE('',#399,#369,#407,.T.);
#407 = CIRCLE('',#408,0.9);
#408 = AXIS2_PLACEMENT_3D('',#409,#410,#411);
#409 = CARTESIAN_POINT('',(8.227241335952,4.75,0.));
#410 = DIRECTION('',(0.,0.,1.));
#411 = DIRECTION('',(1.,0.,0.));
#412 = ORIENTED_EDGE('',*,*,#383,.T.);
#413 = CYLINDRICAL_SURFACE('',#414,0.9);
#414 = AXIS2_PLACEMENT_3D('',#415,#416,#417);
#415 = CARTESIAN_POINT('',(8.227241335952,4.75,-0.1));
#416 = DIRECTION('',(0.,0.,1.));
#417 = DIRECTION('',(1.,0.,0.));
#418 = ADVANCED_FACE('',(#419),#438,.F.);
#419 = FACE_BOUND('',#420,.F.);
#420 = EDGE_LOOP('',(#421,#422,#423,#432));
#421 = ORIENTED_EDGE('',*,*,#131,.F.);
#422 = ORIENTED_EDGE('',*,*,#376,.F.);
#423 = ORIENTED_EDGE('',*,*,#424,.T.);
#424 = EDGE_CURVE('',#367,#425,#427,.T.);
#425 = VERTEX_POINT('',#426);
#426 = CARTESIAN_POINT('',(4.953332099679,1.820577136594,0.));
#427 = CIRCLE('',#428,0.9);
#428 = AXIS2_PLACEMENT_3D('',#429,#430,#431);
#429 = CARTESIAN_POINT('',(4.503332099679,2.6,0.));
#430 = DIRECTION('',(0.,0.,1.));
#431 = DIRECTION('',(1.,0.,0.));
#432 = ORIENTED_EDGE('',*,*,#433,.T.);
#433 = EDGE_CURVE('',#425,#124,#434,.T.);
#434 = LINE('',#435,#436);
#435 = CARTESIAN_POINT('',(4.953332099679,1.820577136594,-0.1));
#436 = VECTOR('',#437,1.);
#437 = DIRECTION('',(0.,0.,1.));
#438 = CYLINDRICAL_SURFACE('',#439,0.9);
#439 = AXIS2_PLACEMENT_3D('',#440,#441,#442);
#440 = CARTESIAN_POINT('',(4.503332099679,2.6,-0.1));
#441 = DIRECTION('',(0.,0.,1.));
#442 = DIRECTION('',(1.,0.,0.));
#443 = ADVANCED_FACE('',(#444),#455,.F.);
#444 = FACE_BOUND('',#445,.F.);
#445 = EDGE_LOOP('',(#446,#452,#453,#454));
#446 = ORIENTED_EDGE('',*,*,#447,.F.);
#447 = EDGE_CURVE('',#399,#425,#448,.T.);
#448 = LINE('',#449,#450);
#449 = CARTESIAN_POINT('',(4.985238489819,1.83899829953,0.));
#450 = VECTOR('',#451,1.);
#451 = DIRECTION('',(-0.866025403784,-0.5,0.));
#452 = ORIENTED_EDGE('',*,*,#398,.T.);
#453 = ORIENTED_EDGE('',*,*,#123,.F.);
#454 = ORIENTED_EDGE('',*,*,#433,.F.);
#455 = PLANE('',#456);
#456 = AXIS2_PLACEMENT_3D('',#457,#458,#459);
#457 = CARTESIAN_POINT('',(8.677241335952,3.970577136594,-0.1));
#458 = DIRECTION('',(0.5,-0.866025403784,0.));
#459 = DIRECTION('',(-0.866025403784,-0.5,0.));
#460 = ADVANCED_FACE('',(#461,#472),#475,.T.);
#461 = FACE_BOUND('',#462,.T.);
#462 = EDGE_LOOP('',(#463));
#463 = ORIENTED_EDGE('',*,*,#464,.T.);
#464 = EDGE_CURVE('',#465,#465,#467,.T.);
#465 = VERTEX_POINT('',#466);
#466 = CARTESIAN_POINT('',(17.35,-4.249524393041E-15,6.3));
#467 = CIRCLE('',#468,17.35);
#468 = AXIS2_PLACEMENT_3D('',#469,#470,#471);
#469 = CARTESIAN_POINT('',(0.,0.,6.3));
#470 = DIRECTION('',(0.,0.,1.));
#471 = DIRECTION('',(1.,0.,0.));
#472 = FACE_BOUND('',#473,.T.);
#473 = EDGE_LOOP('',(#474));
#474 = ORIENTED_EDGE('',*,*,#154,.F.);
#475 = PLANE('',#476);
#476 = AXIS2_PLACEMENT_3D('',#477,#478,#479);
#477 = CARTESIAN_POINT('',(0.,0.,6.3));
#478 = DIRECTION('',(0.,0.,1.));
#479 = DIRECTION('',(1.,0.,0.));
#480 = ADVANCED_FACE('',(#481,#580,#630,#636,#642,#692,#698),#709,.T.);
#481 = FACE_BOUND('',#482,.T.);
#482 = EDGE_LOOP('',(#483,#494,#503,#512,#521,#530,#539,#547,#556,#565,
    #573));
#483 = ORIENTED_EDGE('',*,*,#484,.F.);
#484 = EDGE_CURVE('',#485,#487,#489,.T.);
#485 = VERTEX_POINT('',#486);
#486 = CARTESIAN_POINT('',(16.004857279357,-9.767652914974,0.));
#487 = VERTEX_POINT('',#488);
#488 = CARTESIAN_POINT('',(18.75,0.,0.));
#489 = CIRCLE('',#490,18.75);
#490 = AXIS2_PLACEMENT_3D('',#491,#492,#493);
#491 = CARTESIAN_POINT('',(0.,0.,0.));
#492 = DIRECTION('',(0.,0.,1.));
#493 = DIRECTION('',(1.,0.,0.));
#494 = ORIENTED_EDGE('',*,*,#495,.F.);
#495 = EDGE_CURVE('',#496,#485,#498,.T.);
#496 = VERTEX_POINT('',#497);
#497 = CARTESIAN_POINT('',(19.35,-14.,0.));
#498 = CIRCLE('',#499,4.35);
#499 = AXIS2_PLACEMENT_3D('',#500,#501,#502);
#500 = CARTESIAN_POINT('',(15.,-14.,0.));
#501 = DIRECTION('',(0.,0.,1.));
#502 = DIRECTION('',(1.,0.,0.));
#503 = ORIENTED_EDGE('',*,*,#504,.F.);
#504 = EDGE_CURVE('',#505,#496,#507,.T.);
#505 = VERTEX_POINT('',#506);
#506 = CARTESIAN_POINT('',(10.846924193327,-15.29400979286,0.));
#507 = CIRCLE('',#508,4.35);
#508 = AXIS2_PLACEMENT_3D('',#509,#510,#511);
#509 = CARTESIAN_POINT('',(15.,-14.,0.));
#510 = DIRECTION('',(0.,0.,1.));
#511 = DIRECTION('',(1.,0.,0.));
#512 = ORIENTED_EDGE('',*,*,#513,.F.);
#513 = EDGE_CURVE('',#514,#505,#516,.T.);
#514 = VERTEX_POINT('',#515);
#515 = CARTESIAN_POINT('',(-10.84692419332,-15.29400979286,0.));
#516 = CIRCLE('',#517,18.75);
#517 = AXIS2_PLACEMENT_3D('',#518,#519,#520);
#518 = CARTESIAN_POINT('',(0.,0.,0.));
#519 = DIRECTION('',(0.,0.,1.));
#520 = DIRECTION('',(1.,0.,0.));
#521 = ORIENTED_EDGE('',*,*,#522,.F.);
#522 = EDGE_CURVE('',#523,#514,#525,.T.);
#523 = VERTEX_POINT('',#524);
#524 = CARTESIAN_POINT('',(-16.00485727935,-9.767652914975,0.));
#525 = CIRCLE('',#526,4.35);
#526 = AXIS2_PLACEMENT_3D('',#527,#528,#529);
#527 = CARTESIAN_POINT('',(-15.,-14.,0.));
#528 = DIRECTION('',(0.,0.,1.));
#529 = DIRECTION('',(1.,0.,0.));
#530 = ORIENTED_EDGE('',*,*,#531,.F.);
#531 = EDGE_CURVE('',#532,#523,#534,.T.);
#532 = VERTEX_POINT('',#533);
#533 = CARTESIAN_POINT('',(-7.350142588901,17.249287055493,0.));
#534 = CIRCLE('',#535,18.75);
#535 = AXIS2_PLACEMENT_3D('',#536,#537,#538);
#536 = CARTESIAN_POINT('',(0.,0.,0.));
#537 = DIRECTION('',(0.,0.,1.));
#538 = DIRECTION('',(1.,0.,0.));
#539 = ORIENTED_EDGE('',*,*,#540,.F.);
#540 = EDGE_CURVE('',#541,#532,#543,.T.);
#541 = VERTEX_POINT('',#542);
#542 = CARTESIAN_POINT('',(-5.981528590111,24.092357049447,0.));
#543 = LINE('',#544,#545);
#544 = CARTESIAN_POINT('',(-5.8,25.,0.));
#545 = VECTOR('',#546,1.);
#546 = DIRECTION('',(-0.196116135138,-0.980580675691,0.));
#547 = ORIENTED_EDGE('',*,*,#548,.F.);
#548 = EDGE_CURVE('',#549,#541,#551,.T.);
#549 = VERTEX_POINT('',#550);
#550 = CARTESIAN_POINT('',(6.05,25.,0.));
#551 = CIRCLE('',#552,6.05);
#552 = AXIS2_PLACEMENT_3D('',#553,#554,#555);
#553 = CARTESIAN_POINT('',(0.,25.,0.));
#554 = DIRECTION('',(0.,0.,1.));
#555 = DIRECTION('',(1.,0.,0.));
#556 = ORIENTED_EDGE('',*,*,#557,.F.);
#557 = EDGE_CURVE('',#558,#549,#560,.T.);
#558 = VERTEX_POINT('',#559);
#559 = CARTESIAN_POINT('',(5.981528590111,24.092357049447,0.));
#560 = CIRCLE('',#561,6.05);
#561 = AXIS2_PLACEMENT_3D('',#562,#563,#564);
#562 = CARTESIAN_POINT('',(0.,25.,0.));
#563 = DIRECTION('',(0.,0.,1.));
#564 = DIRECTION('',(1.,0.,0.));
#565 = ORIENTED_EDGE('',*,*,#566,.F.);
#566 = EDGE_CURVE('',#567,#558,#569,.T.);
#567 = VERTEX_POINT('',#568);
#568 = CARTESIAN_POINT('',(7.350142588901,17.249287055493,0.));
#569 = LINE('',#570,#571);
#570 = CARTESIAN_POINT('',(8.,14.,0.));
#571 = VECTOR('',#572,1.);
#572 = DIRECTION('',(-0.196116135138,0.980580675691,0.));
#573 = ORIENTED_EDGE('',*,*,#574,.F.);
#574 = EDGE_CURVE('',#487,#567,#575,.T.);
#575 = CIRCLE('',#576,18.75);
#576 = AXIS2_PLACEMENT_3D('',#577,#578,#579);
#577 = CARTESIAN_POINT('',(0.,0.,0.));
#578 = DIRECTION('',(0.,0.,1.));
#579 = DIRECTION('',(1.,0.,0.));
#580 = FACE_BOUND('',#581,.T.);
#581 = EDGE_LOOP('',(#582,#592,#600,#608,#616,#624));
#582 = ORIENTED_EDGE('',*,*,#583,.T.);
#583 = EDGE_CURVE('',#584,#586,#588,.T.);
#584 = VERTEX_POINT('',#585);
#585 = CARTESIAN_POINT('',(17.9,-15.67431578065,0.));
#586 = VERTEX_POINT('',#587);
#587 = CARTESIAN_POINT('',(17.9,-12.32568421935,0.));
#588 = LINE('',#589,#590);
#589 = CARTESIAN_POINT('',(17.9,-7.047698359168,0.));
#590 = VECTOR('',#591,1.);
#591 = DIRECTION('',(0.,1.,0.));
#592 = ORIENTED_EDGE('',*,*,#593,.T.);
#593 = EDGE_CURVE('',#586,#594,#596,.T.);
#594 = VERTEX_POINT('',#595);
#595 = CARTESIAN_POINT('',(15.,-10.6513684387,0.));
#596 = LINE('',#597,#598);
#597 = CARTESIAN_POINT('',(8.256836899356,-6.758201407354,0.));
#598 = VECTOR('',#599,1.);
#599 = DIRECTION('',(-0.866025403784,0.5,0.));
#600 = ORIENTED_EDGE('',*,*,#601,.T.);
#601 = EDGE_CURVE('',#594,#602,#604,.T.);
#602 = VERTEX_POINT('',#603);
#603 = CARTESIAN_POINT('',(12.1,-12.32568421935,0.));
#604 = LINE('',#605,#606);
#605 = CARTESIAN_POINT('',(12.102706735088,-12.32412148511,0.));
#606 = VECTOR('',#607,1.);
#607 = DIRECTION('',(-0.866025403784,-0.5,0.));
#608 = ORIENTED_EDGE('',*,*,#609,.T.);
#609 = EDGE_CURVE('',#602,#610,#612,.T.);
#610 = VERTEX_POINT('',#611);
#611 = CARTESIAN_POINT('',(12.1,-15.67431578065,0.));
#612 = LINE('',#613,#614);
#613 = CARTESIAN_POINT('',(12.1,-5.373382578518,0.));
#614 = VECTOR('',#615,1.);
#615 = DIRECTION('',(0.,-1.,0.));
#616 = ORIENTED_EDGE('',*,*,#617,.T.);
#617 = EDGE_CURVE('',#610,#618,#620,.T.);
#618 = VERTEX_POINT('',#619);
#619 = CARTESIAN_POINT('',(15.,-17.3486315613,0.));
#620 = LINE('',#621,#622);
#621 = CARTESIAN_POINT('',(3.906836899356,-10.94399085897,0.));
#622 = VECTOR('',#623,1.);
#623 = DIRECTION('',(0.866025403784,-0.5,0.));
#624 = ORIENTED_EDGE('',*,*,#625,.T.);
#625 = EDGE_CURVE('',#618,#584,#626,.T.);
#626 = LINE('',#627,#628);
#627 = CARTESIAN_POINT('',(13.552706735088,-18.18422671739,0.));
#628 = VECTOR('',#629,1.);
#629 = DIRECTION('',(0.866025403784,0.5,0.));
#630 = FACE_BOUND('',#631,.T.);
#631 = EDGE_LOOP('',(#632,#633,#634,#635));
#632 = ORIENTED_EDGE('',*,*,#366,.F.);
#633 = ORIENTED_EDGE('',*,*,#424,.T.);
#634 = ORIENTED_EDGE('',*,*,#447,.F.);
#635 = ORIENTED_EDGE('',*,*,#406,.T.);
#636 = FACE_BOUND('',#637,.T.);
#637 = EDGE_LOOP('',(#638,#639,#640,#641));
#638 = ORIENTED_EDGE('',*,*,#170,.F.);
#639 = ORIENTED_EDGE('',*,*,#203,.T.);
#640 = ORIENTED_EDGE('',*,*,#226,.F.);
#641 = ORIENTED_EDGE('',*,*,#250,.T.);
#642 = FACE_BOUND('',#643,.T.);
#643 = EDGE_LOOP('',(#644,#654,#662,#670,#678,#686));
#644 = ORIENTED_EDGE('',*,*,#645,.T.);
#645 = EDGE_CURVE('',#646,#648,#650,.T.);
#646 = VERTEX_POINT('',#647);
#647 = CARTESIAN_POINT('',(-12.1,-15.67431578065,0.));
#648 = VERTEX_POINT('',#649);
#649 = CARTESIAN_POINT('',(-12.1,-12.32568421935,0.));
#650 = LINE('',#651,#652);
#651 = CARTESIAN_POINT('',(-12.1,-7.047698359168,0.));
#652 = VECTOR('',#653,1.);
#653 = DIRECTION('',(5.304724652093E-16,1.,0.));
#654 = ORIENTED_EDGE('',*,*,#655,.T.);
#655 = EDGE_CURVE('',#648,#656,#658,.T.);
#656 = VERTEX_POINT('',#657);
#657 = CARTESIAN_POINT('',(-15.,-10.6513684387,0.));
#658 = LINE('',#659,#660);
#659 = CARTESIAN_POINT('',(-10.49316310064,-13.25339193573,0.));
#660 = VECTOR('',#661,1.);
#661 = DIRECTION('',(-0.866025403784,0.5,0.));
#662 = ORIENTED_EDGE('',*,*,#663,.T.);
#663 = EDGE_CURVE('',#656,#664,#666,.T.);
#664 = VERTEX_POINT('',#665);
#665 = CARTESIAN_POINT('',(-17.9,-12.32568421935,0.));
#666 = LINE('',#667,#668);
#667 = CARTESIAN_POINT('',(-6.647293264912,-5.828930956735,0.));
#668 = VECTOR('',#669,1.);
#669 = DIRECTION('',(-0.866025403784,-0.5,0.));
#670 = ORIENTED_EDGE('',*,*,#671,.T.);
#671 = EDGE_CURVE('',#664,#672,#674,.T.);
#672 = VERTEX_POINT('',#673);
#673 = CARTESIAN_POINT('',(-17.9,-15.67431578065,0.));
#674 = LINE('',#675,#676);
#675 = CARTESIAN_POINT('',(-17.9,-5.373382578518,0.));
#676 = VECTOR('',#677,1.);
#677 = DIRECTION('',(0.,-1.,0.));
#678 = ORIENTED_EDGE('',*,*,#679,.T.);
#679 = EDGE_CURVE('',#672,#680,#682,.T.);
#680 = VERTEX_POINT('',#681);
#681 = CARTESIAN_POINT('',(-15.,-17.3486315613,0.));
#682 = LINE('',#683,#684);
#683 = CARTESIAN_POINT('',(-14.84316310064,-17.43918138736,0.));
#684 = VECTOR('',#685,1.);
#685 = DIRECTION('',(0.866025403784,-0.5,0.));
#686 = ORIENTED_EDGE('',*,*,#687,.T.);
#687 = EDGE_CURVE('',#680,#646,#688,.T.);
#688 = LINE('',#689,#690);
#689 = CARTESIAN_POINT('',(-5.197293264912,-11.68903618901,0.));
#690 = VECTOR('',#691,1.);
#691 = DIRECTION('',(0.866025403784,0.5,0.));
#692 = FACE_BOUND('',#693,.T.);
#693 = EDGE_LOOP('',(#694,#695,#696,#697));
#694 = ORIENTED_EDGE('',*,*,#268,.F.);
#695 = ORIENTED_EDGE('',*,*,#324,.T.);
#696 = ORIENTED_EDGE('',*,*,#349,.F.);
#697 = ORIENTED_EDGE('',*,*,#308,.T.);
#698 = FACE_BOUND('',#699,.T.);
#699 = EDGE_LOOP('',(#700));
#700 = ORIENTED_EDGE('',*,*,#701,.T.);
#701 = EDGE_CURVE('',#702,#702,#704,.T.);
#702 = VERTEX_POINT('',#703);
#703 = CARTESIAN_POINT('',(3.25,25.,0.));
#704 = CIRCLE('',#705,3.25);
#705 = AXIS2_PLACEMENT_3D('',#706,#707,#708);
#706 = CARTESIAN_POINT('',(0.,25.,0.));
#707 = DIRECTION('',(0.,0.,1.));
#708 = DIRECTION('',(1.,0.,0.));
#709 = PLANE('',#710);
#710 = AXIS2_PLACEMENT_3D('',#711,#712,#713);
#711 = CARTESIAN_POINT('',(0.212724845925,1.578919062313,0.));
#712 = DIRECTION('',(-0.,-0.,-1.));
#713 = DIRECTION('',(-1.,0.,0.));
#714 = ADVANCED_FACE('',(#715),#734,.T.);
#715 = FACE_BOUND('',#716,.T.);
#716 = EDGE_LOOP('',(#717,#718,#726,#733));
#717 = ORIENTED_EDGE('',*,*,#464,.F.);
#718 = ORIENTED_EDGE('',*,*,#719,.F.);
#719 = EDGE_CURVE('',#720,#465,#722,.T.);
#720 = VERTEX_POINT('',#721);
#721 = CARTESIAN_POINT('',(17.35,-4.249524393041E-15,5.5));
#722 = LINE('',#723,#724);
#723 = CARTESIAN_POINT('',(17.35,-4.249524393041E-15,5.5));
#724 = VECTOR('',#725,1.);
#725 = DIRECTION('',(0.,0.,1.));
#726 = ORIENTED_EDGE('',*,*,#727,.T.);
#727 = EDGE_CURVE('',#720,#720,#728,.T.);
#728 = CIRCLE('',#729,17.35);
#729 = AXIS2_PLACEMENT_3D('',#730,#731,#732);
#730 = CARTESIAN_POINT('',(0.,0.,5.5));
#731 = DIRECTION('',(0.,0.,1.));
#732 = DIRECTION('',(1.,0.,0.));
#733 = ORIENTED_EDGE('',*,*,#719,.T.);
#734 = CYLINDRICAL_SURFACE('',#735,17.35);
#735 = AXIS2_PLACEMENT_3D('',#736,#737,#738);
#736 = CARTESIAN_POINT('',(0.,0.,5.5));
#737 = DIRECTION('',(0.,0.,1.));
#738 = DIRECTION('',(1.,0.,0.));
#739 = ADVANCED_FACE('',(#740),#781,.T.);
#740 = FACE_BOUND('',#741,.F.);
#741 = EDGE_LOOP('',(#742,#753,#760,#761));
#742 = ORIENTED_EDGE('',*,*,#743,.T.);
#743 = EDGE_CURVE('',#744,#746,#748,.T.);
#744 = VERTEX_POINT('',#745);
#745 = CARTESIAN_POINT('',(16.682450177007,-9.504517667492,0.45));
#746 = VERTEX_POINT('',#747);
#747 = CARTESIAN_POINT('',(19.2,0.,0.45));
#748 = CIRCLE('',#749,19.2);
#749 = AXIS2_PLACEMENT_3D('',#750,#751,#752);
#750 = CARTESIAN_POINT('',(0.,0.,0.45));
#751 = DIRECTION('',(0.,0.,1.));
#752 = DIRECTION('',(1.,0.,0.));
#753 = ORIENTED_EDGE('',*,*,#754,.T.);
#754 = EDGE_CURVE('',#746,#487,#755,.T.);
#755 = CIRCLE('',#756,0.45);
#756 = AXIS2_PLACEMENT_3D('',#757,#758,#759);
#757 = CARTESIAN_POINT('',(18.75,0.,0.45));
#758 = DIRECTION('',(-0.,1.,0.));
#759 = DIRECTION('',(1.,0.,0.));
#760 = ORIENTED_EDGE('',*,*,#484,.F.);
#761 = ORIENTED_EDGE('',*,*,#762,.F.);
#762 = EDGE_CURVE('',#744,#485,#763,.T.);
#763 = B_SPLINE_CURVE_WITH_KNOTS('',6,(#764,#765,#766,#767,#768,#769,
    #770,#771,#772,#773,#774,#775,#776,#777,#778,#779,#780),
  .UNSPECIFIED.,.F.,.F.,(7,5,5,7),(0.,0.27834366273,0.562162290997,1.),
  .UNSPECIFIED.);
#764 = CARTESIAN_POINT('',(16.682450177007,-9.504517667492,0.45));
#765 = CARTESIAN_POINT('',(16.682450177007,-9.504517667492,
    0.415939226504));
#766 = CARTESIAN_POINT('',(16.677964255301,-9.506142063769,
    0.381876067754));
#767 = CARTESIAN_POINT('',(16.668990878243,-9.509391041751,
    0.348214432036));
#768 = CARTESIAN_POINT('',(16.655637238227,-9.514237347112,
    0.315347063229));
#769 = CARTESIAN_POINT('',(16.638101373635,-9.520629985038,
    0.283635371125));
#770 = CARTESIAN_POINT('',(16.594785343964,-9.536520614682,
    0.222548217301));
#771 = CARTESIAN_POINT('',(16.568847504821,-9.546077974425,
    0.193228159929));
#772 = CARTESIAN_POINT('',(16.539125318187,-9.557095418187,
    0.165757258736));
#773 = CARTESIAN_POINT('',(16.505967791649,-9.569480971404,0.14039821226
    ));
#774 = CARTESIAN_POINT('',(16.4697596538,-9.583130798468,0.117351366964)
  );
#775 = CARTESIAN_POINT('',(16.370933704956,-9.62077228523,
    6.498886905967E-02));
#776 = CARTESIAN_POINT('',(16.304649019378,-9.646355705414,
    3.905957590281E-02));
#777 = CARTESIAN_POINT('',(16.23346822098,-9.67428425339,
    1.948452362252E-02));
#778 = CARTESIAN_POINT('',(16.15886409309,-9.704121813356,
    6.464407845822E-03));
#779 = CARTESIAN_POINT('',(16.0822118511,-9.735414864734,
    -3.066181656144E-08));
#780 = CARTESIAN_POINT('',(16.004857279376,-9.767652914943,0.));
#781 = TOROIDAL_SURFACE('',#782,18.75,0.45);
#782 = AXIS2_PLACEMENT_3D('',#783,#784,#785);
#783 = CARTESIAN_POINT('',(0.,0.,0.45));
#784 = DIRECTION('',(-0.,-0.,-1.));
#785 = DIRECTION('',(1.,0.,0.));
#786 = ADVANCED_FACE('',(#787),#807,.T.);
#787 = FACE_BOUND('',#788,.F.);
#788 = EDGE_LOOP('',(#789,#790,#799,#806));
#789 = ORIENTED_EDGE('',*,*,#495,.F.);
#790 = ORIENTED_EDGE('',*,*,#791,.F.);
#791 = EDGE_CURVE('',#792,#496,#794,.T.);
#792 = VERTEX_POINT('',#793);
#793 = CARTESIAN_POINT('',(19.8,-14.,0.45));
#794 = CIRCLE('',#795,0.45);
#795 = AXIS2_PLACEMENT_3D('',#796,#797,#798);
#796 = CARTESIAN_POINT('',(19.35,-14.,0.45));
#797 = DIRECTION('',(-0.,1.,0.));
#798 = DIRECTION('',(1.,0.,0.));
#799 = ORIENTED_EDGE('',*,*,#800,.T.);
#800 = EDGE_CURVE('',#792,#744,#801,.T.);
#801 = CIRCLE('',#802,4.8);
#802 = AXIS2_PLACEMENT_3D('',#803,#804,#805);
#803 = CARTESIAN_POINT('',(15.,-14.,0.45));
#804 = DIRECTION('',(0.,0.,1.));
#805 = DIRECTION('',(1.,0.,0.));
#806 = ORIENTED_EDGE('',*,*,#762,.T.);
#807 = TOROIDAL_SURFACE('',#808,4.35,0.45);
#808 = AXIS2_PLACEMENT_3D('',#809,#810,#811);
#809 = CARTESIAN_POINT('',(15.,-14.,0.45));
#810 = DIRECTION('',(-0.,-0.,-1.));
#811 = DIRECTION('',(1.,0.,0.));
#812 = ADVANCED_FACE('',(#813),#847,.T.);
#813 = FACE_BOUND('',#814,.F.);
#814 = EDGE_LOOP('',(#815,#816,#825,#846));
#815 = ORIENTED_EDGE('',*,*,#754,.F.);
#816 = ORIENTED_EDGE('',*,*,#817,.T.);
#817 = EDGE_CURVE('',#746,#818,#820,.T.);
#818 = VERTEX_POINT('',#819);
#819 = CARTESIAN_POINT('',(7.24377917892,17.781104105399,0.45));
#820 = CIRCLE('',#821,19.2);
#821 = AXIS2_PLACEMENT_3D('',#822,#823,#824);
#822 = CARTESIAN_POINT('',(0.,0.,0.45));
#823 = DIRECTION('',(0.,0.,1.));
#824 = DIRECTION('',(1.,0.,0.));
#825 = ORIENTED_EDGE('',*,*,#826,.T.);
#826 = EDGE_CURVE('',#818,#567,#827,.T.);
#827 = B_SPLINE_CURVE_WITH_KNOTS('',5,(#828,#829,#830,#831,#832,#833,
    #834,#835,#836,#837,#838,#839,#840,#841,#842,#843,#844,#845),
  .UNSPECIFIED.,.F.,.F.,(6,4,4,4,6),(0.,0.251363464202,0.503650548514,
    0.750401253539,1.),.UNSPECIFIED.);
#828 = CARTESIAN_POINT('',(7.24377917892,17.781104105399,0.45));
#829 = CARTESIAN_POINT('',(7.24377917892,17.781104105399,0.413791405213)
  );
#830 = CARTESIAN_POINT('',(7.244635430846,17.776822845769,0.377581120425
    ));
#831 = CARTESIAN_POINT('',(7.246348112658,17.768259436711,0.341899005633
    ));
#832 = CARTESIAN_POINT('',(7.248887136091,17.755564319544,0.307260993605
    ));
#833 = CARTESIAN_POINT('',(7.255521985681,17.722390071595,0.240857240822
    ));
#834 = CARTESIAN_POINT('',(7.259623747201,17.701881263994,0.209100199482
    ));
#835 = CARTESIAN_POINT('',(7.264449484878,17.677752575609,0.179306034036
    ));
#836 = CARTESIAN_POINT('',(7.269923244288,17.65038377856,0.151851332134)
  );
#837 = CARTESIAN_POINT('',(7.281862572902,17.590687135488,0.102740132437
    ));
#838 = CARTESIAN_POINT('',(7.28830389701,17.558480514951,
    8.096904854174E-02));
#839 = CARTESIAN_POINT('',(7.29520294229,17.523985288551,
    6.197820522233E-02));
#840 = CARTESIAN_POINT('',(7.302471692064,17.487641539682,
    4.595310800724E-02));
#841 = CARTESIAN_POINT('',(7.317657316133,17.411713419335,
    1.992103717103E-02));
#842 = CARTESIAN_POINT('',(7.325580651258,17.37209674371,
    9.985775498845E-03));
#843 = CARTESIAN_POINT('',(7.333698650628,17.331506746858,
    3.327580613861E-03));
#844 = CARTESIAN_POINT('',(7.341917162399,17.290414188007,0.));
#845 = CARTESIAN_POINT('',(7.350142588901,17.249287055494,0.));
#846 = ORIENTED_EDGE('',*,*,#574,.F.);
#847 = TOROIDAL_SURFACE('',#848,18.75,0.45);
#848 = AXIS2_PLACEMENT_3D('',#849,#850,#851);
#849 = CARTESIAN_POINT('',(0.,0.,0.45));
#850 = DIRECTION('',(-0.,-0.,-1.));
#851 = DIRECTION('',(1.,0.,0.));
#852 = ADVANCED_FACE('',(#853),#886,.T.);
#853 = FACE_BOUND('',#854,.F.);
#854 = EDGE_LOOP('',(#855,#864,#865,#866));
#855 = ORIENTED_EDGE('',*,*,#856,.T.);
#856 = EDGE_CURVE('',#857,#792,#859,.T.);
#857 = VERTEX_POINT('',#858);
#858 = CARTESIAN_POINT('',(10.631089015392,-15.98811891208,0.45));
#859 = CIRCLE('',#860,4.8);
#860 = AXIS2_PLACEMENT_3D('',#861,#862,#863);
#861 = CARTESIAN_POINT('',(15.,-14.,0.45));
#862 = DIRECTION('',(0.,0.,1.));
#863 = DIRECTION('',(1.,0.,0.));
#864 = ORIENTED_EDGE('',*,*,#791,.T.);
#865 = ORIENTED_EDGE('',*,*,#504,.F.);
#866 = ORIENTED_EDGE('',*,*,#867,.T.);
#867 = EDGE_CURVE('',#505,#857,#868,.T.);
#868 = B_SPLINE_CURVE_WITH_KNOTS('',6,(#869,#870,#871,#872,#873,#874,
    #875,#876,#877,#878,#879,#880,#881,#882,#883,#884,#885),
  .UNSPECIFIED.,.F.,.F.,(7,5,5,7),(0.,0.437004893626,0.722019180685,1.),
  .UNSPECIFIED.);
#869 = CARTESIAN_POINT('',(10.846924193318,-15.29400979287,0.));
#870 = CARTESIAN_POINT('',(10.820142221789,-15.3732502801,
    -3.01828054208E-08));
#871 = CARTESIAN_POINT('',(10.7942512199,-15.45172793808,
    6.439836466042E-03));
#872 = CARTESIAN_POINT('',(10.76966540344,-15.52807283753,
    1.941030268702E-02));
#873 = CARTESIAN_POINT('',(10.746740561283,-15.60088980938,
    3.89107798578E-02));
#874 = CARTESIAN_POINT('',(10.725808502409,-15.66868847972,
    6.474248694886E-02));
#875 = CARTESIAN_POINT('',(10.695012330188,-15.7700253454,0.117039722061
    ));
#876 = CARTESIAN_POINT('',(10.683831067748,-15.80727724636,
    0.140159555788));
#877 = CARTESIAN_POINT('',(10.67370923937,-15.84137520924,0.165612699861
    ));
#878 = CARTESIAN_POINT('',(10.664724957092,-15.87192310509,
    0.193196562371));
#879 = CARTESIAN_POINT('',(10.656946807029,-15.89856183105,
    0.222645153533));
#880 = CARTESIAN_POINT('',(10.644074481633,-15.94288240057,
    0.283842092803));
#881 = CARTESIAN_POINT('',(10.638918234149,-15.96077130051,
    0.315518459114));
#882 = CARTESIAN_POINT('',(10.635013436152,-15.97439175258,
    0.348346086377));
#883 = CARTESIAN_POINT('',(10.632397129325,-15.98354370298,
    0.381964885091));
#884 = CARTESIAN_POINT('',(10.631089015392,-15.98811891208,
    0.415983627823));
#885 = CARTESIAN_POINT('',(10.631089015392,-15.98811891208,0.45));
#886 = TOROIDAL_SURFACE('',#887,4.35,0.45);
#887 = AXIS2_PLACEMENT_3D('',#888,#889,#890);
#888 = CARTESIAN_POINT('',(15.,-14.,0.45));
#889 = DIRECTION('',(-0.,-0.,-1.));
#890 = DIRECTION('',(1.,0.,0.));
#891 = ADVANCED_FACE('',(#892),#995,.F.);
#892 = FACE_BOUND('',#893,.F.);
#893 = EDGE_LOOP('',(#894,#895,#896,#904,#927,#935,#962,#970));
#894 = ORIENTED_EDGE('',*,*,#566,.F.);
#895 = ORIENTED_EDGE('',*,*,#826,.F.);
#896 = ORIENTED_EDGE('',*,*,#897,.T.);
#897 = EDGE_CURVE('',#818,#898,#900,.T.);
#898 = VERTEX_POINT('',#899);
#899 = CARTESIAN_POINT('',(7.24377917892,17.781104105399,5.05));
#900 = LINE('',#901,#902);
#901 = CARTESIAN_POINT('',(7.24377917892,17.781104105399,0.));
#902 = VECTOR('',#903,1.);
#903 = DIRECTION('',(0.,0.,1.));
#904 = ORIENTED_EDGE('',*,*,#905,.T.);
#905 = EDGE_CURVE('',#898,#906,#908,.T.);
#906 = VERTEX_POINT('',#907);
#907 = CARTESIAN_POINT('',(7.350142588901,17.249287055493,5.5));
#908 = B_SPLINE_CURVE_WITH_KNOTS('',5,(#909,#910,#911,#912,#913,#914,
    #915,#916,#917,#918,#919,#920,#921,#922,#923,#924,#925,#926),
  .UNSPECIFIED.,.F.,.F.,(6,4,4,4,6),(0.,0.251363464202,0.503650548515,
    0.750401253539,1.),.UNSPECIFIED.);
#909 = CARTESIAN_POINT('',(7.24377917892,17.781104105399,5.05));
#910 = CARTESIAN_POINT('',(7.24377917892,17.781104105399,5.086208594787)
  );
#911 = CARTESIAN_POINT('',(7.244635430846,17.776822845769,5.122418879575
    ));
#912 = CARTESIAN_POINT('',(7.246348112658,17.768259436711,5.158100994367
    ));
#913 = CARTESIAN_POINT('',(7.248887136091,17.755564319544,5.192739006395
    ));
#914 = CARTESIAN_POINT('',(7.255521985681,17.722390071595,5.259142759178
    ));
#915 = CARTESIAN_POINT('',(7.259623747201,17.701881263994,5.290899800518
    ));
#916 = CARTESIAN_POINT('',(7.264449484878,17.677752575609,5.320693965964
    ));
#917 = CARTESIAN_POINT('',(7.269923244288,17.65038377856,5.348148667866)
  );
#918 = CARTESIAN_POINT('',(7.281862572902,17.590687135488,5.397259867563
    ));
#919 = CARTESIAN_POINT('',(7.28830389701,17.558480514951,5.419030951458)
  );
#920 = CARTESIAN_POINT('',(7.29520294229,17.523985288551,5.438021794778)
  );
#921 = CARTESIAN_POINT('',(7.302471692064,17.487641539682,5.454046891993
    ));
#922 = CARTESIAN_POINT('',(7.317657316133,17.411713419335,5.480078962829
    ));
#923 = CARTESIAN_POINT('',(7.325580651258,17.37209674371,5.490014224501)
  );
#924 = CARTESIAN_POINT('',(7.333698650628,17.331506746858,5.496672419386
    ));
#925 = CARTESIAN_POINT('',(7.341917162399,17.290414188007,5.5));
#926 = CARTESIAN_POINT('',(7.350142588901,17.249287055494,5.5));
#927 = ORIENTED_EDGE('',*,*,#928,.T.);
#928 = EDGE_CURVE('',#906,#929,#931,.T.);
#929 = VERTEX_POINT('',#930);
#930 = CARTESIAN_POINT('',(5.981528590111,24.092357049447,5.5));
#931 = LINE('',#932,#933);
#932 = CARTESIAN_POINT('',(8.,14.,5.5));
#933 = VECTOR('',#934,1.);
#934 = DIRECTION('',(-0.196116135138,0.980580675691,0.));
#935 = ORIENTED_EDGE('',*,*,#936,.F.);
#936 = EDGE_CURVE('',#937,#929,#939,.T.);
#937 = VERTEX_POINT('',#938);
#938 = CARTESIAN_POINT('',(6.194107943688,23.029460281561,5.05));
#939 = B_SPLINE_CURVE_WITH_KNOTS('',6,(#940,#941,#942,#943,#944,#945,
    #946,#947,#948,#949,#950,#951,#952,#953,#954,#955,#956,#957,#958,
    #959,#960,#961),.UNSPECIFIED.,.F.,.F.,(7,5,5,5,7),(0.,0.27534369129,
    0.447072688864,0.70507260187,1.),.UNSPECIFIED.);
#940 = CARTESIAN_POINT('',(6.194107943688,23.029460281561,5.05));
#941 = CARTESIAN_POINT('',(6.194107943688,23.029460281561,5.088647467332
    ));
#942 = CARTESIAN_POINT('',(6.192494562429,23.037527187855,5.127311232344
    ));
#943 = CARTESIAN_POINT('',(6.189265291501,23.053673542495,5.165138186409
    ));
#944 = CARTESIAN_POINT('',(6.184523494631,23.077382526846,5.201380053181
    ));
#945 = CARTESIAN_POINT('',(6.178424091115,23.107879544425,5.235506646995
    ));
#946 = CARTESIAN_POINT('',(6.166603323472,23.166983382642,5.286936121642
    ));
#947 = CARTESIAN_POINT('',(6.161601443074,23.191992784629,5.305745845263
    ));
#948 = CARTESIAN_POINT('',(6.156178167342,23.219109163289,5.323537425211
    ));
#949 = CARTESIAN_POINT('',(6.150373587276,23.248132063619,5.340269448374
    ));
#950 = CARTESIAN_POINT('',(6.144225591194,23.27887204403,5.35592496317)
  );
#951 = CARTESIAN_POINT('',(6.128065023691,23.359674881545,5.392408339119
    ));
#952 = CARTESIAN_POINT('',(6.117664191276,23.411679043622,5.411879865961
    ));
#953 = CARTESIAN_POINT('',(6.106676704265,23.466616478674,5.428928236481
    ));
#954 = CARTESIAN_POINT('',(6.095198022761,23.524009886194,5.44362889263)
  );
#955 = CARTESIAN_POINT('',(6.083305326069,23.583473369657,5.456095721237
    ));
#956 = CARTESIAN_POINT('',(6.057052348844,23.714738255778,5.478293145209
    ));
#957 = CARTESIAN_POINT('',(6.042585749616,23.787071251922,5.487374214853
    ));
#958 = CARTESIAN_POINT('',(6.027742154222,23.861289228891,5.493885330763
    ));
#959 = CARTESIAN_POINT('',(6.012588372844,23.93705813578,5.498026604179)
  );
#960 = CARTESIAN_POINT('',(5.997173124179,24.014134379106,5.5));
#961 = CARTESIAN_POINT('',(5.981528590111,24.092357049447,5.5));
#962 = ORIENTED_EDGE('',*,*,#963,.F.);
#963 = EDGE_CURVE('',#964,#937,#966,.T.);
#964 = VERTEX_POINT('',#965);
#965 = CARTESIAN_POINT('',(6.194107943688,23.029460281561,0.45));
#966 = LINE('',#967,#968);
#967 = CARTESIAN_POINT('',(6.194107943688,23.029460281561,0.));
#968 = VECTOR('',#969,1.);
#969 = DIRECTION('',(0.,0.,1.));
#970 = ORIENTED_EDGE('',*,*,#971,.T.);
#971 = EDGE_CURVE('',#964,#558,#972,.T.);
#972 = B_SPLINE_CURVE_WITH_KNOTS('',6,(#973,#974,#975,#976,#977,#978,
    #979,#980,#981,#982,#983,#984,#985,#986,#987,#988,#989,#990,#991,
    #992,#993,#994),.UNSPECIFIED.,.F.,.F.,(7,5,5,5,7),(0.,0.27534369129,
    0.447072688864,0.70507260187,1.),.UNSPECIFIED.);
#973 = CARTESIAN_POINT('',(6.194107943688,23.029460281561,0.45));
#974 = CARTESIAN_POINT('',(6.194107943688,23.029460281561,0.411352532668
    ));
#975 = CARTESIAN_POINT('',(6.192494562429,23.037527187855,0.372688767656
    ));
#976 = CARTESIAN_POINT('',(6.189265291501,23.053673542495,0.334861813591
    ));
#977 = CARTESIAN_POINT('',(6.184523494631,23.077382526846,0.298619946819
    ));
#978 = CARTESIAN_POINT('',(6.178424091115,23.107879544425,0.264493353005
    ));
#979 = CARTESIAN_POINT('',(6.166603323472,23.166983382642,0.213063878358
    ));
#980 = CARTESIAN_POINT('',(6.161601443074,23.191992784629,0.194254154737
    ));
#981 = CARTESIAN_POINT('',(6.156178167342,23.219109163289,0.176462574789
    ));
#982 = CARTESIAN_POINT('',(6.150373587276,23.248132063619,0.159730551626
    ));
#983 = CARTESIAN_POINT('',(6.144225591194,23.27887204403,0.14407503683)
  );
#984 = CARTESIAN_POINT('',(6.128065023691,23.359674881545,0.107591660881
    ));
#985 = CARTESIAN_POINT('',(6.117664191276,23.411679043622,
    8.812013403914E-02));
#986 = CARTESIAN_POINT('',(6.106676704265,23.466616478674,
    7.107176351855E-02));
#987 = CARTESIAN_POINT('',(6.095198022761,23.524009886194,
    5.637110737025E-02));
#988 = CARTESIAN_POINT('',(6.083305326069,23.583473369657,
    4.390427876337E-02));
#989 = CARTESIAN_POINT('',(6.057052348844,23.714738255778,
    2.170685479115E-02));
#990 = CARTESIAN_POINT('',(6.042585749616,23.787071251922,
    1.262578514718E-02));
#991 = CARTESIAN_POINT('',(6.027742154222,23.861289228891,
    6.114669237326E-03));
#992 = CARTESIAN_POINT('',(6.012588372844,23.93705813578,
    1.973395821226E-03));
#993 = CARTESIAN_POINT('',(5.997173124179,24.014134379106,0.));
#994 = CARTESIAN_POINT('',(5.981528590111,24.092357049447,0.));
#995 = PLANE('',#996);
#996 = AXIS2_PLACEMENT_3D('',#997,#998,#999);
#997 = CARTESIAN_POINT('',(8.,14.,0.));
#998 = DIRECTION('',(-0.980580675691,-0.196116135138,0.));
#999 = DIRECTION('',(-0.196116135138,0.980580675691,0.));
#1000 = ADVANCED_FACE('',(#1001),#1034,.T.);
#1001 = FACE_BOUND('',#1002,.F.);
#1002 = EDGE_LOOP('',(#1003,#1012,#1013,#1014));
#1003 = ORIENTED_EDGE('',*,*,#1004,.T.);
#1004 = EDGE_CURVE('',#1005,#857,#1007,.T.);
#1005 = VERTEX_POINT('',#1006);
#1006 = CARTESIAN_POINT('',(-10.63108901539,-15.98811891208,0.45));
#1007 = CIRCLE('',#1008,19.2);
#1008 = AXIS2_PLACEMENT_3D('',#1009,#1010,#1011);
#1009 = CARTESIAN_POINT('',(0.,0.,0.45));
#1010 = DIRECTION('',(0.,0.,1.));
#1011 = DIRECTION('',(1.,0.,0.));
#1012 = ORIENTED_EDGE('',*,*,#867,.F.);
#1013 = ORIENTED_EDGE('',*,*,#513,.F.);
#1014 = ORIENTED_EDGE('',*,*,#1015,.F.);
#1015 = EDGE_CURVE('',#1005,#514,#1016,.T.);
#1016 = B_SPLINE_CURVE_WITH_KNOTS('',6,(#1017,#1018,#1019,#1020,#1021,
    #1022,#1023,#1024,#1025,#1026,#1027,#1028,#1029,#1030,#1031,#1032,
    #1033),.UNSPECIFIED.,.F.,.F.,(7,5,5,7),(0.,0.278927787637,
    0.562764833867,1.),.UNSPECIFIED.);
#1017 = CARTESIAN_POINT('',(-10.63108901539,-15.98811891208,0.45));
#1018 = CARTESIAN_POINT('',(-10.63108901539,-15.98811891208,
    0.415867749472));
#1019 = CARTESIAN_POINT('',(-10.63240605751,-15.98351247924,
    0.381733089601));
#1020 = CARTESIAN_POINT('',(-10.63504022171,-15.9742980537,
    0.348002503706));
#1021 = CARTESIAN_POINT('',(-10.63897153381,-15.96058538194,
    0.31507118469));
#1022 = CARTESIAN_POINT('',(-10.64416245371,-15.94257720581,
    0.283302673519));
#1023 = CARTESIAN_POINT('',(-10.65707087956,-15.89813702531,
    0.222181130343));
#1024 = CARTESIAN_POINT('',(-10.66483184947,-15.87155998143,
    0.19287762726));
#1025 = CARTESIAN_POINT('',(-10.67378837252,-15.8411093194,
    0.165425855861));
#1026 = CARTESIAN_POINT('',(-10.68387265528,-15.80713990479,
    0.140088156641));
#1027 = CARTESIAN_POINT('',(-10.69500754788,-15.77004293319,
    0.117064507399));
#1028 = CARTESIAN_POINT('',(-10.72575335722,-15.66886709821,
    6.481056559085E-02));
#1029 = CARTESIAN_POINT('',(-10.74669224295,-15.60104328782,
    3.895189362717E-02));
#1030 = CARTESIAN_POINT('',(-10.76962653988,-15.52819351917,
    1.943081004861E-02));
#1031 = CARTESIAN_POINT('',(-10.79422393514,-15.45181064119,
    6.446625948478E-03));
#1032 = CARTESIAN_POINT('',(-10.82012810858,-15.37329203722,
    -3.032611517288E-08));
#1033 = CARTESIAN_POINT('',(-10.84692419329,-15.29400979288,0.));
#1034 = TOROIDAL_SURFACE('',#1035,18.75,0.45);
#1035 = AXIS2_PLACEMENT_3D('',#1036,#1037,#1038);
#1036 = CARTESIAN_POINT('',(0.,0.,0.45));
#1037 = DIRECTION('',(-0.,-0.,-1.));
#1038 = DIRECTION('',(1.,0.,0.));
#1039 = ADVANCED_FACE('',(#1040),#1060,.T.);
#1040 = FACE_BOUND('',#1041,.F.);
#1041 = EDGE_LOOP('',(#1042,#1051,#1058,#1059));
#1042 = ORIENTED_EDGE('',*,*,#1043,.T.);
#1043 = EDGE_CURVE('',#964,#1044,#1046,.T.);
#1044 = VERTEX_POINT('',#1045);
#1045 = CARTESIAN_POINT('',(6.5,25.,0.45));
#1046 = CIRCLE('',#1047,6.5);
#1047 = AXIS2_PLACEMENT_3D('',#1048,#1049,#1050);
#1048 = CARTESIAN_POINT('',(0.,25.,0.45));
#1049 = DIRECTION('',(0.,0.,1.));
#1050 = DIRECTION('',(1.,0.,0.));
#1051 = ORIENTED_EDGE('',*,*,#1052,.T.);
#1052 = EDGE_CURVE('',#1044,#549,#1053,.T.);
#1053 = CIRCLE('',#1054,0.45);
#1054 = AXIS2_PLACEMENT_3D('',#1055,#1056,#1057);
#1055 = CARTESIAN_POINT('',(6.05,25.,0.45));
#1056 = DIRECTION('',(-0.,1.,0.));
#1057 = DIRECTION('',(1.,0.,0.));
#1058 = ORIENTED_EDGE('',*,*,#557,.F.);
#1059 = ORIENTED_EDGE('',*,*,#971,.F.);
#1060 = TOROIDAL_SURFACE('',#1061,6.05,0.45);
#1061 = AXIS2_PLACEMENT_3D('',#1062,#1063,#1064);
#1062 = CARTESIAN_POINT('',(0.,25.,0.45));
#1063 = DIRECTION('',(-0.,-0.,-1.));
#1064 = DIRECTION('',(1.,0.,0.));
#1065 = ADVANCED_FACE('',(#1066),#1099,.T.);
#1066 = FACE_BOUND('',#1067,.F.);
#1067 = EDGE_LOOP('',(#1068,#1090,#1097,#1098));
#1068 = ORIENTED_EDGE('',*,*,#1069,.T.);
#1069 = EDGE_CURVE('',#523,#1070,#1072,.T.);
#1070 = VERTEX_POINT('',#1071);
#1071 = CARTESIAN_POINT('',(-16.682450177,-9.504517667492,0.45));
#1072 = B_SPLINE_CURVE_WITH_KNOTS('',6,(#1073,#1074,#1075,#1076,#1077,
    #1078,#1079,#1080,#1081,#1082,#1083,#1084,#1085,#1086,#1087,#1088,
    #1089),.UNSPECIFIED.,.F.,.F.,(7,5,5,7),(0.,0.438372923521,
    0.722175204977,1.),.UNSPECIFIED.);
#1073 = CARTESIAN_POINT('',(-16.00485727962,-9.767652914543,0.));
#1074 = CARTESIAN_POINT('',(-16.08230641563,-9.735375455019,
    -3.096417887892E-08));
#1075 = CARTESIAN_POINT('',(-16.15905149035,-9.704045309295,
    6.480223866813E-03));
#1076 = CARTESIAN_POINT('',(-16.23374179775,-9.674174840721,
    1.953229735075E-02));
#1077 = CARTESIAN_POINT('',(-16.3049970492,-9.646219157291,
    3.915535172259E-02));
#1078 = CARTESIAN_POINT('',(-16.37133878069,-9.620615947863,
    6.514745292511E-02));
#1079 = CARTESIAN_POINT('',(-16.47017194651,-9.582975100877,
    0.117606440535));
#1080 = CARTESIAN_POINT('',(-16.50635012038,-9.569337706875,
    0.140673875298));
#1081 = CARTESIAN_POINT('',(-16.53947514999,-9.556965227697,
    0.16605186675));
#1082 = CARTESIAN_POINT('',(-16.56916250578,-9.545961429568,
    0.19353974091));
#1083 = CARTESIAN_POINT('',(-16.59506348746,-9.536418196107,
    0.222874481334));
#1084 = CARTESIAN_POINT('',(-16.63826467127,-9.520570455603,
    0.283930987149));
#1085 = CARTESIAN_POINT('',(-16.65573672285,-9.514201242944,
    0.315592157654));
#1086 = CARTESIAN_POINT('',(-16.66904101808,-9.509372887976,
    0.348402693878));
#1087 = CARTESIAN_POINT('',(-16.67798096357,-9.50613601304,
    0.382003073083));
#1088 = CARTESIAN_POINT('',(-16.682450177,-9.504517667492,0.41600271865)
  );
#1089 = CARTESIAN_POINT('',(-16.682450177,-9.504517667492,0.45));
#1090 = ORIENTED_EDGE('',*,*,#1091,.T.);
#1091 = EDGE_CURVE('',#1070,#1005,#1092,.T.);
#1092 = CIRCLE('',#1093,4.8);
#1093 = AXIS2_PLACEMENT_3D('',#1094,#1095,#1096);
#1094 = CARTESIAN_POINT('',(-15.,-14.,0.45));
#1095 = DIRECTION('',(0.,0.,1.));
#1096 = DIRECTION('',(1.,0.,0.));
#1097 = ORIENTED_EDGE('',*,*,#1015,.T.);
#1098 = ORIENTED_EDGE('',*,*,#522,.F.);
#1099 = TOROIDAL_SURFACE('',#1100,4.35,0.45);
#1100 = AXIS2_PLACEMENT_3D('',#1101,#1102,#1103);
#1101 = CARTESIAN_POINT('',(-15.,-14.,0.45));
#1102 = DIRECTION('',(-0.,-0.,-1.));
#1103 = DIRECTION('',(1.,0.,0.));
#1104 = ADVANCED_FACE('',(#1105),#1143,.T.);
#1105 = FACE_BOUND('',#1106,.F.);
#1106 = EDGE_LOOP('',(#1107,#1108,#1117,#1142));
#1107 = ORIENTED_EDGE('',*,*,#1052,.F.);
#1108 = ORIENTED_EDGE('',*,*,#1109,.T.);
#1109 = EDGE_CURVE('',#1044,#1110,#1112,.T.);
#1110 = VERTEX_POINT('',#1111);
#1111 = CARTESIAN_POINT('',(-6.194107943688,23.029460281561,0.45));
#1112 = CIRCLE('',#1113,6.5);
#1113 = AXIS2_PLACEMENT_3D('',#1114,#1115,#1116);
#1114 = CARTESIAN_POINT('',(0.,25.,0.45));
#1115 = DIRECTION('',(0.,0.,1.));
#1116 = DIRECTION('',(1.,0.,0.));
#1117 = ORIENTED_EDGE('',*,*,#1118,.T.);
#1118 = EDGE_CURVE('',#1110,#541,#1119,.T.);
#1119 = B_SPLINE_CURVE_WITH_KNOTS('',6,(#1120,#1121,#1122,#1123,#1124,
    #1125,#1126,#1127,#1128,#1129,#1130,#1131,#1132,#1133,#1134,#1135,
    #1136,#1137,#1138,#1139,#1140,#1141),.UNSPECIFIED.,.F.,.F.,(7,5,5,5,
    7),(0.,0.275343691283,0.447072688856,0.705072601861,1.),
  .UNSPECIFIED.);
#1120 = CARTESIAN_POINT('',(-6.194107943688,23.029460281561,0.45));
#1121 = CARTESIAN_POINT('',(-6.194107943688,23.029460281561,
    0.411352532669));
#1122 = CARTESIAN_POINT('',(-6.192494562429,23.037527187855,
    0.372688767658));
#1123 = CARTESIAN_POINT('',(-6.189265291501,23.053673542494,
    0.334861813594));
#1124 = CARTESIAN_POINT('',(-6.184523494631,23.077382526844,
    0.298619946823));
#1125 = CARTESIAN_POINT('',(-6.178424091116,23.107879544421,
    0.26449335301));
#1126 = CARTESIAN_POINT('',(-6.166603323473,23.166983382636,
    0.213063878363));
#1127 = CARTESIAN_POINT('',(-6.161601443076,23.191992784622,
    0.194254154742));
#1128 = CARTESIAN_POINT('',(-6.156178167344,23.219109163282,
    0.176462574793));
#1129 = CARTESIAN_POINT('',(-6.150373587278,23.24813206361,
    0.159730551631));
#1130 = CARTESIAN_POINT('',(-6.144225591196,23.278872044021,
    0.144075036834));
#1131 = CARTESIAN_POINT('',(-6.128065023693,23.359674881535,
    0.107591660885));
#1132 = CARTESIAN_POINT('',(-6.117664191278,23.411679043612,
    8.812013404266E-02));
#1133 = CARTESIAN_POINT('',(-6.106676704268,23.466616478662,
    7.107176352176E-02));
#1134 = CARTESIAN_POINT('',(-6.095198022764,23.524009886182,
    5.637110737315E-02));
#1135 = CARTESIAN_POINT('',(-6.083305326071,23.583473369644,
    4.390427876592E-02));
#1136 = CARTESIAN_POINT('',(-6.057052348847,23.714738255766,
    2.170685479257E-02));
#1137 = CARTESIAN_POINT('',(-6.042585749618,23.787071251912,
    1.2625785148E-02));
#1138 = CARTESIAN_POINT('',(-6.027742154223,23.861289228884,
    6.114669237715E-03));
#1139 = CARTESIAN_POINT('',(-6.012588372845,23.937058135775,
    1.973395821351E-03));
#1140 = CARTESIAN_POINT('',(-5.997173124179,24.014134379104,0.));
#1141 = CARTESIAN_POINT('',(-5.981528590111,24.092357049447,0.));
#1142 = ORIENTED_EDGE('',*,*,#548,.F.);
#1143 = TOROIDAL_SURFACE('',#1144,6.05,0.45);
#1144 = AXIS2_PLACEMENT_3D('',#1145,#1146,#1147);
#1145 = CARTESIAN_POINT('',(0.,25.,0.45));
#1146 = DIRECTION('',(-0.,-0.,-1.));
#1147 = DIRECTION('',(1.,0.,0.));
#1148 = ADVANCED_FACE('',(#1149),#1183,.T.);
#1149 = FACE_BOUND('',#1150,.F.);
#1150 = EDGE_LOOP('',(#1151,#1152,#1175,#1182));
#1151 = ORIENTED_EDGE('',*,*,#531,.F.);
#1152 = ORIENTED_EDGE('',*,*,#1153,.F.);
#1153 = EDGE_CURVE('',#1154,#532,#1156,.T.);
#1154 = VERTEX_POINT('',#1155);
#1155 = CARTESIAN_POINT('',(-7.24377917892,17.781104105399,0.45));
#1156 = B_SPLINE_CURVE_WITH_KNOTS('',5,(#1157,#1158,#1159,#1160,#1161,
    #1162,#1163,#1164,#1165,#1166,#1167,#1168,#1169,#1170,#1171,#1172,
    #1173,#1174),.UNSPECIFIED.,.F.,.F.,(6,4,4,4,6),(0.,0.251363464221,
    0.503650548534,0.750401253558,1.),.UNSPECIFIED.);
#1157 = CARTESIAN_POINT('',(-7.24377917892,17.781104105399,0.45));
#1158 = CARTESIAN_POINT('',(-7.24377917892,17.781104105399,0.41379140521
    ));
#1159 = CARTESIAN_POINT('',(-7.244635430846,17.776822845768,
    0.37758112042));
#1160 = CARTESIAN_POINT('',(-7.246348112658,17.768259436709,
    0.341899005625));
#1161 = CARTESIAN_POINT('',(-7.248887136092,17.75556431954,
    0.307260993595));
#1162 = CARTESIAN_POINT('',(-7.255521985683,17.722390071587,
    0.240857240809));
#1163 = CARTESIAN_POINT('',(-7.259623747203,17.701881263985,
    0.20910019947));
#1164 = CARTESIAN_POINT('',(-7.26444948488,17.677752575599,
    0.179306034025));
#1165 = CARTESIAN_POINT('',(-7.26992324429,17.65038377855,0.151851332124
    ));
#1166 = CARTESIAN_POINT('',(-7.281862572905,17.590687135475,
    0.102740132428));
#1167 = CARTESIAN_POINT('',(-7.288303897012,17.558480514938,
    8.096904853388E-02));
#1168 = CARTESIAN_POINT('',(-7.295202942293,17.523985288537,
    6.197820521531E-02));
#1169 = CARTESIAN_POINT('',(-7.302471692066,17.487641539668,
    4.595310800117E-02));
#1170 = CARTESIAN_POINT('',(-7.317657316135,17.411713419323,
    1.992103716792E-02));
#1171 = CARTESIAN_POINT('',(-7.32558065126,17.372096743701,
    9.985775497289E-03));
#1172 = CARTESIAN_POINT('',(-7.33369865063,17.331506746851,
    3.327580613337E-03));
#1173 = CARTESIAN_POINT('',(-7.341917162399,17.290414188004,0.));
#1174 = CARTESIAN_POINT('',(-7.350142588901,17.249287055494,0.));
#1175 = ORIENTED_EDGE('',*,*,#1176,.T.);
#1176 = EDGE_CURVE('',#1154,#1070,#1177,.T.);
#1177 = CIRCLE('',#1178,19.2);
#1178 = AXIS2_PLACEMENT_3D('',#1179,#1180,#1181);
#1179 = CARTESIAN_POINT('',(0.,0.,0.45));
#1180 = DIRECTION('',(0.,0.,1.));
#1181 = DIRECTION('',(1.,0.,0.));
#1182 = ORIENTED_EDGE('',*,*,#1069,.F.);
#1183 = TOROIDAL_SURFACE('',#1184,18.75,0.45);
#1184 = AXIS2_PLACEMENT_3D('',#1185,#1186,#1187);
#1185 = CARTESIAN_POINT('',(0.,0.,0.45));
#1186 = DIRECTION('',(-0.,-0.,-1.));
#1187 = DIRECTION('',(1.,0.,0.));
#1188 = ADVANCED_FACE('',(#1189),#1266,.F.);
#1189 = FACE_BOUND('',#1190,.F.);
#1190 = EDGE_LOOP('',(#1191,#1192,#1193,#1201,#1228,#1236,#1259,#1265));
#1191 = ORIENTED_EDGE('',*,*,#540,.F.);
#1192 = ORIENTED_EDGE('',*,*,#1118,.F.);
#1193 = ORIENTED_EDGE('',*,*,#1194,.T.);
#1194 = EDGE_CURVE('',#1110,#1195,#1197,.T.);
#1195 = VERTEX_POINT('',#1196);
#1196 = CARTESIAN_POINT('',(-6.194107943688,23.029460281561,5.05));
#1197 = LINE('',#1198,#1199);
#1198 = CARTESIAN_POINT('',(-6.194107943688,23.029460281561,0.));
#1199 = VECTOR('',#1200,1.);
#1200 = DIRECTION('',(0.,0.,1.));
#1201 = ORIENTED_EDGE('',*,*,#1202,.T.);
#1202 = EDGE_CURVE('',#1195,#1203,#1205,.T.);
#1203 = VERTEX_POINT('',#1204);
#1204 = CARTESIAN_POINT('',(-5.981528590111,24.092357049447,5.5));
#1205 = B_SPLINE_CURVE_WITH_KNOTS('',6,(#1206,#1207,#1208,#1209,#1210,
    #1211,#1212,#1213,#1214,#1215,#1216,#1217,#1218,#1219,#1220,#1221,
    #1222,#1223,#1224,#1225,#1226,#1227),.UNSPECIFIED.,.F.,.F.,(7,5,5,5,
    7),(0.,0.275343691283,0.447072688856,0.705072601861,1.),
  .UNSPECIFIED.);
#1206 = CARTESIAN_POINT('',(-6.194107943688,23.029460281561,5.05));
#1207 = CARTESIAN_POINT('',(-6.194107943688,23.029460281561,
    5.088647467331));
#1208 = CARTESIAN_POINT('',(-6.192494562429,23.037527187855,
    5.127311232342));
#1209 = CARTESIAN_POINT('',(-6.189265291501,23.053673542494,
    5.165138186406));
#1210 = CARTESIAN_POINT('',(-6.184523494631,23.077382526844,
    5.201380053177));
#1211 = CARTESIAN_POINT('',(-6.178424091116,23.107879544421,
    5.23550664699));
#1212 = CARTESIAN_POINT('',(-6.166603323473,23.166983382636,
    5.286936121637));
#1213 = CARTESIAN_POINT('',(-6.161601443076,23.191992784622,
    5.305745845258));
#1214 = CARTESIAN_POINT('',(-6.156178167344,23.219109163282,
    5.323537425207));
#1215 = CARTESIAN_POINT('',(-6.150373587278,23.24813206361,
    5.340269448369));
#1216 = CARTESIAN_POINT('',(-6.144225591196,23.278872044021,
    5.355924963166));
#1217 = CARTESIAN_POINT('',(-6.128065023693,23.359674881535,
    5.392408339115));
#1218 = CARTESIAN_POINT('',(-6.117664191278,23.411679043612,
    5.411879865957));
#1219 = CARTESIAN_POINT('',(-6.106676704268,23.466616478662,
    5.428928236478));
#1220 = CARTESIAN_POINT('',(-6.095198022764,23.524009886182,
    5.443628892627));
#1221 = CARTESIAN_POINT('',(-6.083305326071,23.583473369644,
    5.456095721234));
#1222 = CARTESIAN_POINT('',(-6.057052348847,23.714738255766,
    5.478293145207));
#1223 = CARTESIAN_POINT('',(-6.042585749618,23.787071251912,
    5.487374214852));
#1224 = CARTESIAN_POINT('',(-6.027742154223,23.861289228884,
    5.493885330762));
#1225 = CARTESIAN_POINT('',(-6.012588372845,23.937058135775,
    5.498026604179));
#1226 = CARTESIAN_POINT('',(-5.997173124179,24.014134379104,5.5));
#1227 = CARTESIAN_POINT('',(-5.981528590111,24.092357049447,5.5));
#1228 = ORIENTED_EDGE('',*,*,#1229,.T.);
#1229 = EDGE_CURVE('',#1203,#1230,#1232,.T.);
#1230 = VERTEX_POINT('',#1231);
#1231 = CARTESIAN_POINT('',(-7.350142588901,17.249287055493,5.5));
#1232 = LINE('',#1233,#1234);
#1233 = CARTESIAN_POINT('',(-5.8,25.,5.5));
#1234 = VECTOR('',#1235,1.);
#1235 = DIRECTION('',(-0.196116135138,-0.980580675691,0.));
#1236 = ORIENTED_EDGE('',*,*,#1237,.F.);
#1237 = EDGE_CURVE('',#1238,#1230,#1240,.T.);
#1238 = VERTEX_POINT('',#1239);
#1239 = CARTESIAN_POINT('',(-7.24377917892,17.781104105399,5.05));
#1240 = B_SPLINE_CURVE_WITH_KNOTS('',5,(#1241,#1242,#1243,#1244,#1245,
    #1246,#1247,#1248,#1249,#1250,#1251,#1252,#1253,#1254,#1255,#1256,
    #1257,#1258),.UNSPECIFIED.,.F.,.F.,(6,4,4,4,6),(0.,0.251363464221,
    0.503650548534,0.750401253558,1.),.UNSPECIFIED.);
#1241 = CARTESIAN_POINT('',(-7.24377917892,17.781104105399,5.05));
#1242 = CARTESIAN_POINT('',(-7.24377917892,17.781104105399,5.08620859479
    ));
#1243 = CARTESIAN_POINT('',(-7.244635430846,17.776822845768,
    5.12241887958));
#1244 = CARTESIAN_POINT('',(-7.246348112658,17.768259436709,
    5.158100994375));
#1245 = CARTESIAN_POINT('',(-7.248887136092,17.75556431954,
    5.192739006405));
#1246 = CARTESIAN_POINT('',(-7.255521985683,17.722390071587,
    5.259142759191));
#1247 = CARTESIAN_POINT('',(-7.259623747203,17.701881263985,
    5.29089980053));
#1248 = CARTESIAN_POINT('',(-7.26444948488,17.677752575599,
    5.320693965975));
#1249 = CARTESIAN_POINT('',(-7.26992324429,17.65038377855,5.348148667876
    ));
#1250 = CARTESIAN_POINT('',(-7.281862572905,17.590687135475,
    5.397259867572));
#1251 = CARTESIAN_POINT('',(-7.288303897012,17.558480514938,
    5.419030951466));
#1252 = CARTESIAN_POINT('',(-7.295202942293,17.523985288537,
    5.438021794785));
#1253 = CARTESIAN_POINT('',(-7.302471692066,17.487641539668,
    5.454046891999));
#1254 = CARTESIAN_POINT('',(-7.317657316135,17.411713419323,
    5.480078962832));
#1255 = CARTESIAN_POINT('',(-7.32558065126,17.372096743701,
    5.490014224503));
#1256 = CARTESIAN_POINT('',(-7.33369865063,17.331506746851,
    5.496672419387));
#1257 = CARTESIAN_POINT('',(-7.341917162399,17.290414188004,5.5));
#1258 = CARTESIAN_POINT('',(-7.350142588901,17.249287055494,5.5));
#1259 = ORIENTED_EDGE('',*,*,#1260,.F.);
#1260 = EDGE_CURVE('',#1154,#1238,#1261,.T.);
#1261 = LINE('',#1262,#1263);
#1262 = CARTESIAN_POINT('',(-7.24377917892,17.781104105399,0.));
#1263 = VECTOR('',#1264,1.);
#1264 = DIRECTION('',(0.,0.,1.));
#1265 = ORIENTED_EDGE('',*,*,#1153,.T.);
#1266 = PLANE('',#1267);
#1267 = AXIS2_PLACEMENT_3D('',#1268,#1269,#1270);
#1268 = CARTESIAN_POINT('',(-5.8,25.,0.));
#1269 = DIRECTION('',(0.980580675691,-0.196116135138,0.));
#1270 = DIRECTION('',(-0.196116135138,-0.980580675691,0.));
#1271 = ADVANCED_FACE('',(#1272),#1297,.T.);
#1272 = FACE_BOUND('',#1273,.T.);
#1273 = EDGE_LOOP('',(#1274,#1275,#1283,#1291));
#1274 = ORIENTED_EDGE('',*,*,#583,.F.);
#1275 = ORIENTED_EDGE('',*,*,#1276,.T.);
#1276 = EDGE_CURVE('',#584,#1277,#1279,.T.);
#1277 = VERTEX_POINT('',#1278);
#1278 = CARTESIAN_POINT('',(17.9,-15.67431578065,4.));
#1279 = LINE('',#1280,#1281);
#1280 = CARTESIAN_POINT('',(17.9,-15.67431578065,-0.1));
#1281 = VECTOR('',#1282,1.);
#1282 = DIRECTION('',(0.,0.,1.));
#1283 = ORIENTED_EDGE('',*,*,#1284,.T.);
#1284 = EDGE_CURVE('',#1277,#1285,#1287,.T.);
#1285 = VERTEX_POINT('',#1286);
#1286 = CARTESIAN_POINT('',(17.9,-12.32568421935,4.));
#1287 = LINE('',#1288,#1289);
#1288 = CARTESIAN_POINT('',(17.9,-15.67431578065,4.));
#1289 = VECTOR('',#1290,1.);
#1290 = DIRECTION('',(0.,1.,0.));
#1291 = ORIENTED_EDGE('',*,*,#1292,.F.);
#1292 = EDGE_CURVE('',#586,#1285,#1293,.T.);
#1293 = LINE('',#1294,#1295);
#1294 = CARTESIAN_POINT('',(17.9,-12.32568421935,-0.1));
#1295 = VECTOR('',#1296,1.);
#1296 = DIRECTION('',(0.,0.,1.));
#1297 = PLANE('',#1298);
#1298 = AXIS2_PLACEMENT_3D('',#1299,#1300,#1301);
#1299 = CARTESIAN_POINT('',(17.9,-15.67431578065,-0.1));
#1300 = DIRECTION('',(-1.,0.,0.));
#1301 = DIRECTION('',(0.,1.,0.));
#1302 = ADVANCED_FACE('',(#1303),#1321,.T.);
#1303 = FACE_BOUND('',#1304,.T.);
#1304 = EDGE_LOOP('',(#1305,#1306,#1314,#1320));
#1305 = ORIENTED_EDGE('',*,*,#625,.F.);
#1306 = ORIENTED_EDGE('',*,*,#1307,.T.);
#1307 = EDGE_CURVE('',#618,#1308,#1310,.T.);
#1308 = VERTEX_POINT('',#1309);
#1309 = CARTESIAN_POINT('',(15.,-17.3486315613,4.));
#1310 = LINE('',#1311,#1312);
#1311 = CARTESIAN_POINT('',(15.,-17.3486315613,-0.1));
#1312 = VECTOR('',#1313,1.);
#1313 = DIRECTION('',(0.,0.,1.));
#1314 = ORIENTED_EDGE('',*,*,#1315,.T.);
#1315 = EDGE_CURVE('',#1308,#1277,#1316,.T.);
#1316 = LINE('',#1317,#1318);
#1317 = CARTESIAN_POINT('',(15.,-17.3486315613,4.));
#1318 = VECTOR('',#1319,1.);
#1319 = DIRECTION('',(0.866025403784,0.5,0.));
#1320 = ORIENTED_EDGE('',*,*,#1276,.F.);
#1321 = PLANE('',#1322);
#1322 = AXIS2_PLACEMENT_3D('',#1323,#1324,#1325);
#1323 = CARTESIAN_POINT('',(15.,-17.3486315613,-0.1));
#1324 = DIRECTION('',(-0.5,0.866025403784,0.));
#1325 = DIRECTION('',(0.866025403784,0.5,0.));
#1326 = ADVANCED_FACE('',(#1327),#1345,.T.);
#1327 = FACE_BOUND('',#1328,.T.);
#1328 = EDGE_LOOP('',(#1329,#1330,#1331,#1339));
#1329 = ORIENTED_EDGE('',*,*,#593,.F.);
#1330 = ORIENTED_EDGE('',*,*,#1292,.T.);
#1331 = ORIENTED_EDGE('',*,*,#1332,.T.);
#1332 = EDGE_CURVE('',#1285,#1333,#1335,.T.);
#1333 = VERTEX_POINT('',#1334);
#1334 = CARTESIAN_POINT('',(15.,-10.6513684387,4.));
#1335 = LINE('',#1336,#1337);
#1336 = CARTESIAN_POINT('',(17.9,-12.32568421935,4.));
#1337 = VECTOR('',#1338,1.);
#1338 = DIRECTION('',(-0.866025403784,0.5,0.));
#1339 = ORIENTED_EDGE('',*,*,#1340,.F.);
#1340 = EDGE_CURVE('',#594,#1333,#1341,.T.);
#1341 = LINE('',#1342,#1343);
#1342 = CARTESIAN_POINT('',(15.,-10.6513684387,-0.1));
#1343 = VECTOR('',#1344,1.);
#1344 = DIRECTION('',(0.,0.,1.));
#1345 = PLANE('',#1346);
#1346 = AXIS2_PLACEMENT_3D('',#1347,#1348,#1349);
#1347 = CARTESIAN_POINT('',(17.9,-12.32568421935,-0.1));
#1348 = DIRECTION('',(-0.5,-0.866025403784,0.));
#1349 = DIRECTION('',(-0.866025403784,0.5,0.));
#1350 = ADVANCED_FACE('',(#1351),#1369,.T.);
#1351 = FACE_BOUND('',#1352,.T.);
#1352 = EDGE_LOOP('',(#1353,#1354,#1362,#1368));
#1353 = ORIENTED_EDGE('',*,*,#617,.F.);
#1354 = ORIENTED_EDGE('',*,*,#1355,.T.);
#1355 = EDGE_CURVE('',#610,#1356,#1358,.T.);
#1356 = VERTEX_POINT('',#1357);
#1357 = CARTESIAN_POINT('',(12.1,-15.67431578065,4.));
#1358 = LINE('',#1359,#1360);
#1359 = CARTESIAN_POINT('',(12.1,-15.67431578065,-0.1));
#1360 = VECTOR('',#1361,1.);
#1361 = DIRECTION('',(0.,0.,1.));
#1362 = ORIENTED_EDGE('',*,*,#1363,.T.);
#1363 = EDGE_CURVE('',#1356,#1308,#1364,.T.);
#1364 = LINE('',#1365,#1366);
#1365 = CARTESIAN_POINT('',(12.1,-15.67431578065,4.));
#1366 = VECTOR('',#1367,1.);
#1367 = DIRECTION('',(0.866025403784,-0.5,0.));
#1368 = ORIENTED_EDGE('',*,*,#1307,.F.);
#1369 = PLANE('',#1370);
#1370 = AXIS2_PLACEMENT_3D('',#1371,#1372,#1373);
#1371 = CARTESIAN_POINT('',(12.1,-15.67431578065,-0.1));
#1372 = DIRECTION('',(0.5,0.866025403784,0.));
#1373 = DIRECTION('',(0.866025403784,-0.5,0.));
#1374 = ADVANCED_FACE('',(#1375),#1393,.T.);
#1375 = FACE_BOUND('',#1376,.T.);
#1376 = EDGE_LOOP('',(#1377,#1378,#1379,#1387));
#1377 = ORIENTED_EDGE('',*,*,#601,.F.);
#1378 = ORIENTED_EDGE('',*,*,#1340,.T.);
#1379 = ORIENTED_EDGE('',*,*,#1380,.T.);
#1380 = EDGE_CURVE('',#1333,#1381,#1383,.T.);
#1381 = VERTEX_POINT('',#1382);
#1382 = CARTESIAN_POINT('',(12.1,-12.32568421935,4.));
#1383 = LINE('',#1384,#1385);
#1384 = CARTESIAN_POINT('',(15.,-10.6513684387,4.));
#1385 = VECTOR('',#1386,1.);
#1386 = DIRECTION('',(-0.866025403784,-0.5,0.));
#1387 = ORIENTED_EDGE('',*,*,#1388,.F.);
#1388 = EDGE_CURVE('',#602,#1381,#1389,.T.);
#1389 = LINE('',#1390,#1391);
#1390 = CARTESIAN_POINT('',(12.1,-12.32568421935,-0.1));
#1391 = VECTOR('',#1392,1.);
#1392 = DIRECTION('',(0.,0.,1.));
#1393 = PLANE('',#1394);
#1394 = AXIS2_PLACEMENT_3D('',#1395,#1396,#1397);
#1395 = CARTESIAN_POINT('',(15.,-10.6513684387,-0.1));
#1396 = DIRECTION('',(0.5,-0.866025403784,0.));
#1397 = DIRECTION('',(-0.866025403784,-0.5,0.));
#1398 = ADVANCED_FACE('',(#1399),#1410,.T.);
#1399 = FACE_BOUND('',#1400,.T.);
#1400 = EDGE_LOOP('',(#1401,#1402,#1403,#1409));
#1401 = ORIENTED_EDGE('',*,*,#609,.F.);
#1402 = ORIENTED_EDGE('',*,*,#1388,.T.);
#1403 = ORIENTED_EDGE('',*,*,#1404,.T.);
#1404 = EDGE_CURVE('',#1381,#1356,#1405,.T.);
#1405 = LINE('',#1406,#1407);
#1406 = CARTESIAN_POINT('',(12.1,-12.32568421935,4.));
#1407 = VECTOR('',#1408,1.);
#1408 = DIRECTION('',(0.,-1.,0.));
#1409 = ORIENTED_EDGE('',*,*,#1355,.F.);
#1410 = PLANE('',#1411);
#1411 = AXIS2_PLACEMENT_3D('',#1412,#1413,#1414);
#1412 = CARTESIAN_POINT('',(12.1,-12.32568421935,-0.1));
#1413 = DIRECTION('',(1.,0.,0.));
#1414 = DIRECTION('',(0.,-1.,0.));
#1415 = ADVANCED_FACE('',(#1416),#1441,.T.);
#1416 = FACE_BOUND('',#1417,.T.);
#1417 = EDGE_LOOP('',(#1418,#1419,#1427,#1435));
#1418 = ORIENTED_EDGE('',*,*,#645,.F.);
#1419 = ORIENTED_EDGE('',*,*,#1420,.T.);
#1420 = EDGE_CURVE('',#646,#1421,#1423,.T.);
#1421 = VERTEX_POINT('',#1422);
#1422 = CARTESIAN_POINT('',(-12.1,-15.67431578065,4.));
#1423 = LINE('',#1424,#1425);
#1424 = CARTESIAN_POINT('',(-12.1,-15.67431578065,-0.1));
#1425 = VECTOR('',#1426,1.);
#1426 = DIRECTION('',(0.,0.,1.));
#1427 = ORIENTED_EDGE('',*,*,#1428,.T.);
#1428 = EDGE_CURVE('',#1421,#1429,#1431,.T.);
#1429 = VERTEX_POINT('',#1430);
#1430 = CARTESIAN_POINT('',(-12.1,-12.32568421935,4.));
#1431 = LINE('',#1432,#1433);
#1432 = CARTESIAN_POINT('',(-12.1,-15.67431578065,4.));
#1433 = VECTOR('',#1434,1.);
#1434 = DIRECTION('',(5.304724652093E-16,1.,0.));
#1435 = ORIENTED_EDGE('',*,*,#1436,.F.);
#1436 = EDGE_CURVE('',#648,#1429,#1437,.T.);
#1437 = LINE('',#1438,#1439);
#1438 = CARTESIAN_POINT('',(-12.1,-12.32568421935,-0.1));
#1439 = VECTOR('',#1440,1.);
#1440 = DIRECTION('',(0.,0.,1.));
#1441 = PLANE('',#1442);
#1442 = AXIS2_PLACEMENT_3D('',#1443,#1444,#1445);
#1443 = CARTESIAN_POINT('',(-12.1,-15.67431578065,-0.1));
#1444 = DIRECTION('',(-1.,5.304724652093E-16,0.));
#1445 = DIRECTION('',(5.304724652093E-16,1.,0.));
#1446 = ADVANCED_FACE('',(#1447),#1465,.T.);
#1447 = FACE_BOUND('',#1448,.T.);
#1448 = EDGE_LOOP('',(#1449,#1450,#1458,#1464));
#1449 = ORIENTED_EDGE('',*,*,#687,.F.);
#1450 = ORIENTED_EDGE('',*,*,#1451,.T.);
#1451 = EDGE_CURVE('',#680,#1452,#1454,.T.);
#1452 = VERTEX_POINT('',#1453);
#1453 = CARTESIAN_POINT('',(-15.,-17.3486315613,4.));
#1454 = LINE('',#1455,#1456);
#1455 = CARTESIAN_POINT('',(-15.,-17.3486315613,-0.1));
#1456 = VECTOR('',#1457,1.);
#1457 = DIRECTION('',(0.,0.,1.));
#1458 = ORIENTED_EDGE('',*,*,#1459,.T.);
#1459 = EDGE_CURVE('',#1452,#1421,#1460,.T.);
#1460 = LINE('',#1461,#1462);
#1461 = CARTESIAN_POINT('',(-15.,-17.3486315613,4.));
#1462 = VECTOR('',#1463,1.);
#1463 = DIRECTION('',(0.866025403784,0.5,0.));
#1464 = ORIENTED_EDGE('',*,*,#1420,.F.);
#1465 = PLANE('',#1466);
#1466 = AXIS2_PLACEMENT_3D('',#1467,#1468,#1469);
#1467 = CARTESIAN_POINT('',(-15.,-17.3486315613,-0.1));
#1468 = DIRECTION('',(-0.5,0.866025403784,0.));
#1469 = DIRECTION('',(0.866025403784,0.5,0.));
#1470 = ADVANCED_FACE('',(#1471),#1489,.T.);
#1471 = FACE_BOUND('',#1472,.T.);
#1472 = EDGE_LOOP('',(#1473,#1474,#1475,#1483));
#1473 = ORIENTED_EDGE('',*,*,#655,.F.);
#1474 = ORIENTED_EDGE('',*,*,#1436,.T.);
#1475 = ORIENTED_EDGE('',*,*,#1476,.T.);
#1476 = EDGE_CURVE('',#1429,#1477,#1479,.T.);
#1477 = VERTEX_POINT('',#1478);
#1478 = CARTESIAN_POINT('',(-15.,-10.6513684387,4.));
#1479 = LINE('',#1480,#1481);
#1480 = CARTESIAN_POINT('',(-12.1,-12.32568421935,4.));
#1481 = VECTOR('',#1482,1.);
#1482 = DIRECTION('',(-0.866025403784,0.5,0.));
#1483 = ORIENTED_EDGE('',*,*,#1484,.F.);
#1484 = EDGE_CURVE('',#656,#1477,#1485,.T.);
#1485 = LINE('',#1486,#1487);
#1486 = CARTESIAN_POINT('',(-15.,-10.6513684387,-0.1));
#1487 = VECTOR('',#1488,1.);
#1488 = DIRECTION('',(0.,0.,1.));
#1489 = PLANE('',#1490);
#1490 = AXIS2_PLACEMENT_3D('',#1491,#1492,#1493);
#1491 = CARTESIAN_POINT('',(-12.1,-12.32568421935,-0.1));
#1492 = DIRECTION('',(-0.5,-0.866025403784,0.));
#1493 = DIRECTION('',(-0.866025403784,0.5,0.));
#1494 = ADVANCED_FACE('',(#1495),#1513,.T.);
#1495 = FACE_BOUND('',#1496,.T.);
#1496 = EDGE_LOOP('',(#1497,#1498,#1506,#1512));
#1497 = ORIENTED_EDGE('',*,*,#679,.F.);
#1498 = ORIENTED_EDGE('',*,*,#1499,.T.);
#1499 = EDGE_CURVE('',#672,#1500,#1502,.T.);
#1500 = VERTEX_POINT('',#1501);
#1501 = CARTESIAN_POINT('',(-17.9,-15.67431578065,4.));
#1502 = LINE('',#1503,#1504);
#1503 = CARTESIAN_POINT('',(-17.9,-15.67431578065,-0.1));
#1504 = VECTOR('',#1505,1.);
#1505 = DIRECTION('',(0.,0.,1.));
#1506 = ORIENTED_EDGE('',*,*,#1507,.T.);
#1507 = EDGE_CURVE('',#1500,#1452,#1508,.T.);
#1508 = LINE('',#1509,#1510);
#1509 = CARTESIAN_POINT('',(-17.9,-15.67431578065,4.));
#1510 = VECTOR('',#1511,1.);
#1511 = DIRECTION('',(0.866025403784,-0.5,0.));
#1512 = ORIENTED_EDGE('',*,*,#1451,.F.);
#1513 = PLANE('',#1514);
#1514 = AXIS2_PLACEMENT_3D('',#1515,#1516,#1517);
#1515 = CARTESIAN_POINT('',(-17.9,-15.67431578065,-0.1));
#1516 = DIRECTION('',(0.5,0.866025403784,0.));
#1517 = DIRECTION('',(0.866025403784,-0.5,0.));
#1518 = ADVANCED_FACE('',(#1519),#1537,.T.);
#1519 = FACE_BOUND('',#1520,.T.);
#1520 = EDGE_LOOP('',(#1521,#1522,#1523,#1531));
#1521 = ORIENTED_EDGE('',*,*,#663,.F.);
#1522 = ORIENTED_EDGE('',*,*,#1484,.T.);
#1523 = ORIENTED_EDGE('',*,*,#1524,.T.);
#1524 = EDGE_CURVE('',#1477,#1525,#1527,.T.);
#1525 = VERTEX_POINT('',#1526);
#1526 = CARTESIAN_POINT('',(-17.9,-12.32568421935,4.));
#1527 = LINE('',#1528,#1529);
#1528 = CARTESIAN_POINT('',(-15.,-10.6513684387,4.));
#1529 = VECTOR('',#1530,1.);
#1530 = DIRECTION('',(-0.866025403784,-0.5,0.));
#1531 = ORIENTED_EDGE('',*,*,#1532,.F.);
#1532 = EDGE_CURVE('',#664,#1525,#1533,.T.);
#1533 = LINE('',#1534,#1535);
#1534 = CARTESIAN_POINT('',(-17.9,-12.32568421935,-0.1));
#1535 = VECTOR('',#1536,1.);
#1536 = DIRECTION('',(0.,0.,1.));
#1537 = PLANE('',#1538);
#1538 = AXIS2_PLACEMENT_3D('',#1539,#1540,#1541);
#1539 = CARTESIAN_POINT('',(-15.,-10.6513684387,-0.1));
#1540 = DIRECTION('',(0.5,-0.866025403784,0.));
#1541 = DIRECTION('',(-0.866025403784,-0.5,0.));
#1542 = ADVANCED_FACE('',(#1543),#1554,.T.);
#1543 = FACE_BOUND('',#1544,.T.);
#1544 = EDGE_LOOP('',(#1545,#1546,#1547,#1553));
#1545 = ORIENTED_EDGE('',*,*,#671,.F.);
#1546 = ORIENTED_EDGE('',*,*,#1532,.T.);
#1547 = ORIENTED_EDGE('',*,*,#1548,.T.);
#1548 = EDGE_CURVE('',#1525,#1500,#1549,.T.);
#1549 = LINE('',#1550,#1551);
#1550 = CARTESIAN_POINT('',(-17.9,-12.32568421935,4.));
#1551 = VECTOR('',#1552,1.);
#1552 = DIRECTION('',(0.,-1.,0.));
#1553 = ORIENTED_EDGE('',*,*,#1499,.F.);
#1554 = PLANE('',#1555);
#1555 = AXIS2_PLACEMENT_3D('',#1556,#1557,#1558);
#1556 = CARTESIAN_POINT('',(-17.9,-12.32568421935,-0.1));
#1557 = DIRECTION('',(1.,0.,0.));
#1558 = DIRECTION('',(0.,-1.,0.));
#1559 = ADVANCED_FACE('',(#1560),#1579,.F.);
#1560 = FACE_BOUND('',#1561,.F.);
#1561 = EDGE_LOOP('',(#1562,#1571,#1577,#1578));
#1562 = ORIENTED_EDGE('',*,*,#1563,.F.);
#1563 = EDGE_CURVE('',#1564,#1564,#1566,.T.);
#1564 = VERTEX_POINT('',#1565);
#1565 = CARTESIAN_POINT('',(3.25,25.,5.5));
#1566 = CIRCLE('',#1567,3.25);
#1567 = AXIS2_PLACEMENT_3D('',#1568,#1569,#1570);
#1568 = CARTESIAN_POINT('',(0.,25.,5.5));
#1569 = DIRECTION('',(0.,0.,1.));
#1570 = DIRECTION('',(1.,0.,0.));
#1571 = ORIENTED_EDGE('',*,*,#1572,.F.);
#1572 = EDGE_CURVE('',#702,#1564,#1573,.T.);
#1573 = LINE('',#1574,#1575);
#1574 = CARTESIAN_POINT('',(3.25,25.,-0.1));
#1575 = VECTOR('',#1576,1.);
#1576 = DIRECTION('',(0.,0.,1.));
#1577 = ORIENTED_EDGE('',*,*,#701,.T.);
#1578 = ORIENTED_EDGE('',*,*,#1572,.T.);
#1579 = CYLINDRICAL_SURFACE('',#1580,3.25);
#1580 = AXIS2_PLACEMENT_3D('',#1581,#1582,#1583);
#1581 = CARTESIAN_POINT('',(0.,25.,-0.1));
#1582 = DIRECTION('',(0.,0.,1.));
#1583 = DIRECTION('',(1.,0.,0.));
#1584 = ADVANCED_FACE('',(#1585,#1666,#1677,#1688,#1691),#1694,.T.);
#1585 = FACE_BOUND('',#1586,.T.);
#1586 = EDGE_LOOP('',(#1587,#1598,#1605,#1606,#1615,#1622,#1623,#1632,
    #1641,#1650,#1659));
#1587 = ORIENTED_EDGE('',*,*,#1588,.T.);
#1588 = EDGE_CURVE('',#1589,#1591,#1593,.T.);
#1589 = VERTEX_POINT('',#1590);
#1590 = CARTESIAN_POINT('',(16.004857279357,-9.767652914974,5.5));
#1591 = VERTEX_POINT('',#1592);
#1592 = CARTESIAN_POINT('',(18.75,0.,5.5));
#1593 = CIRCLE('',#1594,18.75);
#1594 = AXIS2_PLACEMENT_3D('',#1595,#1596,#1597);
#1595 = CARTESIAN_POINT('',(0.,0.,5.5));
#1596 = DIRECTION('',(0.,0.,1.));
#1597 = DIRECTION('',(1.,0.,0.));
#1598 = ORIENTED_EDGE('',*,*,#1599,.T.);
#1599 = EDGE_CURVE('',#1591,#906,#1600,.T.);
#1600 = CIRCLE('',#1601,18.75);
#1601 = AXIS2_PLACEMENT_3D('',#1602,#1603,#1604);
#1602 = CARTESIAN_POINT('',(0.,0.,5.5));
#1603 = DIRECTION('',(0.,0.,1.));
#1604 = DIRECTION('',(1.,0.,0.));
#1605 = ORIENTED_EDGE('',*,*,#928,.T.);
#1606 = ORIENTED_EDGE('',*,*,#1607,.T.);
#1607 = EDGE_CURVE('',#929,#1608,#1610,.T.);
#1608 = VERTEX_POINT('',#1609);
#1609 = CARTESIAN_POINT('',(6.05,25.,5.5));
#1610 = CIRCLE('',#1611,6.05);
#1611 = AXIS2_PLACEMENT_3D('',#1612,#1613,#1614);
#1612 = CARTESIAN_POINT('',(0.,25.,5.5));
#1613 = DIRECTION('',(0.,0.,1.));
#1614 = DIRECTION('',(1.,0.,0.));
#1615 = ORIENTED_EDGE('',*,*,#1616,.T.);
#1616 = EDGE_CURVE('',#1608,#1203,#1617,.T.);
#1617 = CIRCLE('',#1618,6.05);
#1618 = AXIS2_PLACEMENT_3D('',#1619,#1620,#1621);
#1619 = CARTESIAN_POINT('',(0.,25.,5.5));
#1620 = DIRECTION('',(0.,0.,1.));
#1621 = DIRECTION('',(1.,0.,0.));
#1622 = ORIENTED_EDGE('',*,*,#1229,.T.);
#1623 = ORIENTED_EDGE('',*,*,#1624,.T.);
#1624 = EDGE_CURVE('',#1230,#1625,#1627,.T.);
#1625 = VERTEX_POINT('',#1626);
#1626 = CARTESIAN_POINT('',(-16.00485727935,-9.767652914975,5.5));
#1627 = CIRCLE('',#1628,18.75);
#1628 = AXIS2_PLACEMENT_3D('',#1629,#1630,#1631);
#1629 = CARTESIAN_POINT('',(0.,0.,5.5));
#1630 = DIRECTION('',(0.,0.,1.));
#1631 = DIRECTION('',(1.,0.,0.));
#1632 = ORIENTED_EDGE('',*,*,#1633,.T.);
#1633 = EDGE_CURVE('',#1625,#1634,#1636,.T.);
#1634 = VERTEX_POINT('',#1635);
#1635 = CARTESIAN_POINT('',(-10.84692419332,-15.29400979286,5.5));
#1636 = CIRCLE('',#1637,4.35);
#1637 = AXIS2_PLACEMENT_3D('',#1638,#1639,#1640);
#1638 = CARTESIAN_POINT('',(-15.,-14.,5.5));
#1639 = DIRECTION('',(0.,0.,1.));
#1640 = DIRECTION('',(1.,0.,0.));
#1641 = ORIENTED_EDGE('',*,*,#1642,.T.);
#1642 = EDGE_CURVE('',#1634,#1643,#1645,.T.);
#1643 = VERTEX_POINT('',#1644);
#1644 = CARTESIAN_POINT('',(10.846924193327,-15.29400979286,5.5));
#1645 = CIRCLE('',#1646,18.75);
#1646 = AXIS2_PLACEMENT_3D('',#1647,#1648,#1649);
#1647 = CARTESIAN_POINT('',(0.,0.,5.5));
#1648 = DIRECTION('',(0.,0.,1.));
#1649 = DIRECTION('',(1.,0.,0.));
#1650 = ORIENTED_EDGE('',*,*,#1651,.T.);
#1651 = EDGE_CURVE('',#1643,#1652,#1654,.T.);
#1652 = VERTEX_POINT('',#1653);
#1653 = CARTESIAN_POINT('',(19.35,-14.,5.5));
#1654 = CIRCLE('',#1655,4.35);
#1655 = AXIS2_PLACEMENT_3D('',#1656,#1657,#1658);
#1656 = CARTESIAN_POINT('',(15.,-14.,5.5));
#1657 = DIRECTION('',(0.,0.,1.));
#1658 = DIRECTION('',(1.,0.,0.));
#1659 = ORIENTED_EDGE('',*,*,#1660,.T.);
#1660 = EDGE_CURVE('',#1652,#1589,#1661,.T.);
#1661 = CIRCLE('',#1662,4.35);
#1662 = AXIS2_PLACEMENT_3D('',#1663,#1664,#1665);
#1663 = CARTESIAN_POINT('',(15.,-14.,5.5));
#1664 = DIRECTION('',(0.,0.,1.));
#1665 = DIRECTION('',(1.,0.,0.));
#1666 = FACE_BOUND('',#1667,.T.);
#1667 = EDGE_LOOP('',(#1668));
#1668 = ORIENTED_EDGE('',*,*,#1669,.F.);
#1669 = EDGE_CURVE('',#1670,#1670,#1672,.T.);
#1670 = VERTEX_POINT('',#1671);
#1671 = CARTESIAN_POINT('',(-13.3,-14.,5.5));
#1672 = CIRCLE('',#1673,1.7);
#1673 = AXIS2_PLACEMENT_3D('',#1674,#1675,#1676);
#1674 = CARTESIAN_POINT('',(-15.,-14.,5.5));
#1675 = DIRECTION('',(0.,0.,1.));
#1676 = DIRECTION('',(1.,0.,0.));
#1677 = FACE_BOUND('',#1678,.T.);
#1678 = EDGE_LOOP('',(#1679));
#1679 = ORIENTED_EDGE('',*,*,#1680,.F.);
#1680 = EDGE_CURVE('',#1681,#1681,#1683,.T.);
#1681 = VERTEX_POINT('',#1682);
#1682 = CARTESIAN_POINT('',(16.7,-14.,5.5));
#1683 = CIRCLE('',#1684,1.7);
#1684 = AXIS2_PLACEMENT_3D('',#1685,#1686,#1687);
#1685 = CARTESIAN_POINT('',(15.,-14.,5.5));
#1686 = DIRECTION('',(0.,0.,1.));
#1687 = DIRECTION('',(1.,0.,0.));
#1688 = FACE_BOUND('',#1689,.T.);
#1689 = EDGE_LOOP('',(#1690));
#1690 = ORIENTED_EDGE('',*,*,#727,.F.);
#1691 = FACE_BOUND('',#1692,.T.);
#1692 = EDGE_LOOP('',(#1693));
#1693 = ORIENTED_EDGE('',*,*,#1563,.F.);
#1694 = PLANE('',#1695);
#1695 = AXIS2_PLACEMENT_3D('',#1696,#1697,#1698);
#1696 = CARTESIAN_POINT('',(0.212724845925,1.578919062313,5.5));
#1697 = DIRECTION('',(0.,0.,1.));
#1698 = DIRECTION('',(1.,0.,0.));
#1699 = ADVANCED_FACE('',(#1700),#1729,.T.);
#1700 = FACE_BOUND('',#1701,.T.);
#1701 = EDGE_LOOP('',(#1702,#1703,#1704,#1713,#1722,#1728));
#1702 = ORIENTED_EDGE('',*,*,#817,.T.);
#1703 = ORIENTED_EDGE('',*,*,#897,.T.);
#1704 = ORIENTED_EDGE('',*,*,#1705,.F.);
#1705 = EDGE_CURVE('',#1706,#898,#1708,.T.);
#1706 = VERTEX_POINT('',#1707);
#1707 = CARTESIAN_POINT('',(19.2,0.,5.05));
#1708 = CIRCLE('',#1709,19.2);
#1709 = AXIS2_PLACEMENT_3D('',#1710,#1711,#1712);
#1710 = CARTESIAN_POINT('',(0.,0.,5.05));
#1711 = DIRECTION('',(0.,0.,1.));
#1712 = DIRECTION('',(1.,0.,0.));
#1713 = ORIENTED_EDGE('',*,*,#1714,.F.);
#1714 = EDGE_CURVE('',#1715,#1706,#1717,.T.);
#1715 = VERTEX_POINT('',#1716);
#1716 = CARTESIAN_POINT('',(16.682450177007,-9.504517667492,5.05));
#1717 = CIRCLE('',#1718,19.2);
#1718 = AXIS2_PLACEMENT_3D('',#1719,#1720,#1721);
#1719 = CARTESIAN_POINT('',(0.,0.,5.05));
#1720 = DIRECTION('',(0.,0.,1.));
#1721 = DIRECTION('',(1.,0.,0.));
#1722 = ORIENTED_EDGE('',*,*,#1723,.F.);
#1723 = EDGE_CURVE('',#744,#1715,#1724,.T.);
#1724 = LINE('',#1725,#1726);
#1725 = CARTESIAN_POINT('',(16.682450177007,-9.504517667492,0.));
#1726 = VECTOR('',#1727,1.);
#1727 = DIRECTION('',(0.,0.,1.));
#1728 = ORIENTED_EDGE('',*,*,#743,.T.);
#1729 = CYLINDRICAL_SURFACE('',#1730,19.2);
#1730 = AXIS2_PLACEMENT_3D('',#1731,#1732,#1733);
#1731 = CARTESIAN_POINT('',(0.,0.,0.));
#1732 = DIRECTION('',(0.,0.,1.));
#1733 = DIRECTION('',(1.,0.,0.));
#1734 = ADVANCED_FACE('',(#1735),#1764,.T.);
#1735 = FACE_BOUND('',#1736,.T.);
#1736 = EDGE_LOOP('',(#1737,#1748,#1754,#1755,#1756,#1757));
#1737 = ORIENTED_EDGE('',*,*,#1738,.F.);
#1738 = EDGE_CURVE('',#1739,#1741,#1743,.T.);
#1739 = VERTEX_POINT('',#1740);
#1740 = CARTESIAN_POINT('',(10.631089015392,-15.98811891208,5.05));
#1741 = VERTEX_POINT('',#1742);
#1742 = CARTESIAN_POINT('',(19.8,-14.,5.05));
#1743 = CIRCLE('',#1744,4.8);
#1744 = AXIS2_PLACEMENT_3D('',#1745,#1746,#1747);
#1745 = CARTESIAN_POINT('',(15.,-14.,5.05));
#1746 = DIRECTION('',(0.,0.,1.));
#1747 = DIRECTION('',(1.,0.,0.));
#1748 = ORIENTED_EDGE('',*,*,#1749,.F.);
#1749 = EDGE_CURVE('',#857,#1739,#1750,.T.);
#1750 = LINE('',#1751,#1752);
#1751 = CARTESIAN_POINT('',(10.631089015392,-15.98811891208,0.));
#1752 = VECTOR('',#1753,1.);
#1753 = DIRECTION('',(0.,0.,1.));
#1754 = ORIENTED_EDGE('',*,*,#856,.T.);
#1755 = ORIENTED_EDGE('',*,*,#800,.T.);
#1756 = ORIENTED_EDGE('',*,*,#1723,.T.);
#1757 = ORIENTED_EDGE('',*,*,#1758,.F.);
#1758 = EDGE_CURVE('',#1741,#1715,#1759,.T.);
#1759 = CIRCLE('',#1760,4.8);
#1760 = AXIS2_PLACEMENT_3D('',#1761,#1762,#1763);
#1761 = CARTESIAN_POINT('',(15.,-14.,5.05));
#1762 = DIRECTION('',(0.,0.,1.));
#1763 = DIRECTION('',(1.,0.,0.));
#1764 = CYLINDRICAL_SURFACE('',#1765,4.8);
#1765 = AXIS2_PLACEMENT_3D('',#1766,#1767,#1768);
#1766 = CARTESIAN_POINT('',(15.,-14.,0.));
#1767 = DIRECTION('',(0.,0.,1.));
#1768 = DIRECTION('',(1.,0.,0.));
#1769 = ADVANCED_FACE('',(#1770),#1792,.T.);
#1770 = FACE_BOUND('',#1771,.T.);
#1771 = EDGE_LOOP('',(#1772,#1773,#1774,#1783,#1790,#1791));
#1772 = ORIENTED_EDGE('',*,*,#1109,.T.);
#1773 = ORIENTED_EDGE('',*,*,#1194,.T.);
#1774 = ORIENTED_EDGE('',*,*,#1775,.F.);
#1775 = EDGE_CURVE('',#1776,#1195,#1778,.T.);
#1776 = VERTEX_POINT('',#1777);
#1777 = CARTESIAN_POINT('',(6.5,25.,5.05));
#1778 = CIRCLE('',#1779,6.5);
#1779 = AXIS2_PLACEMENT_3D('',#1780,#1781,#1782);
#1780 = CARTESIAN_POINT('',(0.,25.,5.05));
#1781 = DIRECTION('',(0.,0.,1.));
#1782 = DIRECTION('',(1.,0.,0.));
#1783 = ORIENTED_EDGE('',*,*,#1784,.F.);
#1784 = EDGE_CURVE('',#937,#1776,#1785,.T.);
#1785 = CIRCLE('',#1786,6.5);
#1786 = AXIS2_PLACEMENT_3D('',#1787,#1788,#1789);
#1787 = CARTESIAN_POINT('',(0.,25.,5.05));
#1788 = DIRECTION('',(0.,0.,1.));
#1789 = DIRECTION('',(1.,0.,0.));
#1790 = ORIENTED_EDGE('',*,*,#963,.F.);
#1791 = ORIENTED_EDGE('',*,*,#1043,.T.);
#1792 = CYLINDRICAL_SURFACE('',#1793,6.5);
#1793 = AXIS2_PLACEMENT_3D('',#1794,#1795,#1796);
#1794 = CARTESIAN_POINT('',(0.,25.,0.));
#1795 = DIRECTION('',(0.,0.,1.));
#1796 = DIRECTION('',(1.,0.,0.));
#1797 = ADVANCED_FACE('',(#1798),#1810,.T.);
#1798 = FACE_BOUND('',#1799,.T.);
#1799 = EDGE_LOOP('',(#1800,#1801,#1808,#1809));
#1800 = ORIENTED_EDGE('',*,*,#1784,.T.);
#1801 = ORIENTED_EDGE('',*,*,#1802,.T.);
#1802 = EDGE_CURVE('',#1776,#1608,#1803,.T.);
#1803 = CIRCLE('',#1804,0.45);
#1804 = AXIS2_PLACEMENT_3D('',#1805,#1806,#1807);
#1805 = CARTESIAN_POINT('',(6.05,25.,5.05));
#1806 = DIRECTION('',(0.,-1.,0.));
#1807 = DIRECTION('',(1.,0.,0.));
#1808 = ORIENTED_EDGE('',*,*,#1607,.F.);
#1809 = ORIENTED_EDGE('',*,*,#936,.F.);
#1810 = TOROIDAL_SURFACE('',#1811,6.05,0.45);
#1811 = AXIS2_PLACEMENT_3D('',#1812,#1813,#1814);
#1812 = CARTESIAN_POINT('',(0.,25.,5.05));
#1813 = DIRECTION('',(0.,0.,1.));
#1814 = DIRECTION('',(1.,0.,0.));
#1815 = ADVANCED_FACE('',(#1816),#1828,.T.);
#1816 = FACE_BOUND('',#1817,.T.);
#1817 = EDGE_LOOP('',(#1818,#1825,#1826,#1827));
#1818 = ORIENTED_EDGE('',*,*,#1819,.F.);
#1819 = EDGE_CURVE('',#1706,#1591,#1820,.T.);
#1820 = CIRCLE('',#1821,0.45);
#1821 = AXIS2_PLACEMENT_3D('',#1822,#1823,#1824);
#1822 = CARTESIAN_POINT('',(18.75,0.,5.05));
#1823 = DIRECTION('',(0.,-1.,0.));
#1824 = DIRECTION('',(1.,0.,0.));
#1825 = ORIENTED_EDGE('',*,*,#1705,.T.);
#1826 = ORIENTED_EDGE('',*,*,#905,.T.);
#1827 = ORIENTED_EDGE('',*,*,#1599,.F.);
#1828 = TOROIDAL_SURFACE('',#1829,18.75,0.45);
#1829 = AXIS2_PLACEMENT_3D('',#1830,#1831,#1832);
#1830 = CARTESIAN_POINT('',(0.,0.,5.05));
#1831 = DIRECTION('',(0.,0.,1.));
#1832 = DIRECTION('',(1.,0.,0.));
#1833 = ADVANCED_FACE('',(#1834),#1853,.T.);
#1834 = FACE_BOUND('',#1835,.T.);
#1835 = EDGE_LOOP('',(#1836,#1837,#1838,#1847));
#1836 = ORIENTED_EDGE('',*,*,#1004,.T.);
#1837 = ORIENTED_EDGE('',*,*,#1749,.T.);
#1838 = ORIENTED_EDGE('',*,*,#1839,.F.);
#1839 = EDGE_CURVE('',#1840,#1739,#1842,.T.);
#1840 = VERTEX_POINT('',#1841);
#1841 = CARTESIAN_POINT('',(-10.63108901539,-15.98811891208,5.05));
#1842 = CIRCLE('',#1843,19.2);
#1843 = AXIS2_PLACEMENT_3D('',#1844,#1845,#1846);
#1844 = CARTESIAN_POINT('',(0.,0.,5.05));
#1845 = DIRECTION('',(0.,0.,1.));
#1846 = DIRECTION('',(1.,0.,0.));
#1847 = ORIENTED_EDGE('',*,*,#1848,.F.);
#1848 = EDGE_CURVE('',#1005,#1840,#1849,.T.);
#1849 = LINE('',#1850,#1851);
#1850 = CARTESIAN_POINT('',(-10.63108901539,-15.98811891208,0.));
#1851 = VECTOR('',#1852,1.);
#1852 = DIRECTION('',(0.,0.,1.));
#1853 = CYLINDRICAL_SURFACE('',#1854,19.2);
#1854 = AXIS2_PLACEMENT_3D('',#1855,#1856,#1857);
#1855 = CARTESIAN_POINT('',(0.,0.,0.));
#1856 = DIRECTION('',(0.,0.,1.));
#1857 = DIRECTION('',(1.,0.,0.));
#1858 = ADVANCED_FACE('',(#1859),#1878,.T.);
#1859 = FACE_BOUND('',#1860,.T.);
#1860 = EDGE_LOOP('',(#1861,#1869,#1870,#1871));
#1861 = ORIENTED_EDGE('',*,*,#1862,.F.);
#1862 = EDGE_CURVE('',#1070,#1863,#1865,.T.);
#1863 = VERTEX_POINT('',#1864);
#1864 = CARTESIAN_POINT('',(-16.682450177,-9.504517667492,5.05));
#1865 = LINE('',#1866,#1867);
#1866 = CARTESIAN_POINT('',(-16.682450177,-9.504517667492,0.));
#1867 = VECTOR('',#1868,1.);
#1868 = DIRECTION('',(0.,0.,1.));
#1869 = ORIENTED_EDGE('',*,*,#1091,.T.);
#1870 = ORIENTED_EDGE('',*,*,#1848,.T.);
#1871 = ORIENTED_EDGE('',*,*,#1872,.F.);
#1872 = EDGE_CURVE('',#1863,#1840,#1873,.T.);
#1873 = CIRCLE('',#1874,4.8);
#1874 = AXIS2_PLACEMENT_3D('',#1875,#1876,#1877);
#1875 = CARTESIAN_POINT('',(-15.,-14.,5.05));
#1876 = DIRECTION('',(0.,0.,1.));
#1877 = DIRECTION('',(1.,0.,0.));
#1878 = CYLINDRICAL_SURFACE('',#1879,4.8);
#1879 = AXIS2_PLACEMENT_3D('',#1880,#1881,#1882);
#1880 = CARTESIAN_POINT('',(-15.,-14.,0.));
#1881 = DIRECTION('',(0.,0.,1.));
#1882 = DIRECTION('',(1.,0.,0.));
#1883 = ADVANCED_FACE('',(#1884),#1896,.T.);
#1884 = FACE_BOUND('',#1885,.T.);
#1885 = EDGE_LOOP('',(#1886,#1887,#1888,#1895));
#1886 = ORIENTED_EDGE('',*,*,#1176,.T.);
#1887 = ORIENTED_EDGE('',*,*,#1862,.T.);
#1888 = ORIENTED_EDGE('',*,*,#1889,.F.);
#1889 = EDGE_CURVE('',#1238,#1863,#1890,.T.);
#1890 = CIRCLE('',#1891,19.2);
#1891 = AXIS2_PLACEMENT_3D('',#1892,#1893,#1894);
#1892 = CARTESIAN_POINT('',(0.,0.,5.05));
#1893 = DIRECTION('',(0.,0.,1.));
#1894 = DIRECTION('',(1.,0.,0.));
#1895 = ORIENTED_EDGE('',*,*,#1260,.F.);
#1896 = CYLINDRICAL_SURFACE('',#1897,19.2);
#1897 = AXIS2_PLACEMENT_3D('',#1898,#1899,#1900);
#1898 = CARTESIAN_POINT('',(0.,0.,0.));
#1899 = DIRECTION('',(0.,0.,1.));
#1900 = DIRECTION('',(1.,0.,0.));
#1901 = ADVANCED_FACE('',(#1902),#1927,.T.);
#1902 = FACE_BOUND('',#1903,.T.);
#1903 = EDGE_LOOP('',(#1904,#1905,#1906,#1907));
#1904 = ORIENTED_EDGE('',*,*,#1624,.F.);
#1905 = ORIENTED_EDGE('',*,*,#1237,.F.);
#1906 = ORIENTED_EDGE('',*,*,#1889,.T.);
#1907 = ORIENTED_EDGE('',*,*,#1908,.T.);
#1908 = EDGE_CURVE('',#1863,#1625,#1909,.T.);
#1909 = B_SPLINE_CURVE_WITH_KNOTS('',6,(#1910,#1911,#1912,#1913,#1914,
    #1915,#1916,#1917,#1918,#1919,#1920,#1921,#1922,#1923,#1924,#1925,
    #1926),.UNSPECIFIED.,.F.,.F.,(7,5,5,7),(0.,0.278214844974,
    0.562029413396,1.),.UNSPECIFIED.);
#1910 = CARTESIAN_POINT('',(-16.682450177,-9.504517667492,5.05));
#1911 = CARTESIAN_POINT('',(-16.682450177,-9.504517667492,5.084045010543
    ));
#1912 = CARTESIAN_POINT('',(-16.6779684063,-9.506140560525,
    5.118092401129));
#1913 = CARTESIAN_POINT('',(-16.669003335,-9.509386531622,5.151738829719
    ));
#1914 = CARTESIAN_POINT('',(-16.65566195393,-9.514228377456,
    5.184592091235));
#1915 = CARTESIAN_POINT('',(-16.63814194201,-9.520615195873,
    5.216291244942));
#1916 = CARTESIAN_POINT('',(-16.59485443434,-9.536495173548,
    5.277370798715));
#1917 = CARTESIAN_POINT('',(-16.56892574409,-9.546049026569,
    5.306694503313));
#1918 = CARTESIAN_POINT('',(-16.53921220299,-9.557063082999,
    5.334169620054));
#1919 = CARTESIAN_POINT('',(-16.50606274239,-9.569445390841,
    5.359533371461));
#1920 = CARTESIAN_POINT('',(-16.46986204151,-9.583092131704,
    5.382585329764));
#1921 = CARTESIAN_POINT('',(-16.37103428563,-9.620733465246,
    5.434971777527));
#1922 = CARTESIAN_POINT('',(-16.30473542958,-9.646321801884,
    5.46091665704));
#1923 = CARTESIAN_POINT('',(-16.23353614282,-9.67425708825,
    5.480503621147));
#1924 = CARTESIAN_POINT('',(-16.15891061828,-9.704102819949,
    5.493531667398));
#1925 = CARTESIAN_POINT('',(-16.0822353279,-9.735405080445,5.50000003075
    ));
#1926 = CARTESIAN_POINT('',(-16.00485727933,-9.767652915016,5.5));
#1927 = TOROIDAL_SURFACE('',#1928,18.75,0.45);
#1928 = AXIS2_PLACEMENT_3D('',#1929,#1930,#1931);
#1929 = CARTESIAN_POINT('',(0.,0.,5.05));
#1930 = DIRECTION('',(0.,0.,1.));
#1931 = DIRECTION('',(1.,0.,0.));
#1932 = ADVANCED_FACE('',(#1933),#1939,.T.);
#1933 = FACE_BOUND('',#1934,.T.);
#1934 = EDGE_LOOP('',(#1935,#1936,#1937,#1938));
#1935 = ORIENTED_EDGE('',*,*,#1802,.F.);
#1936 = ORIENTED_EDGE('',*,*,#1775,.T.);
#1937 = ORIENTED_EDGE('',*,*,#1202,.T.);
#1938 = ORIENTED_EDGE('',*,*,#1616,.F.);
#1939 = TOROIDAL_SURFACE('',#1940,6.05,0.45);
#1940 = AXIS2_PLACEMENT_3D('',#1941,#1942,#1943);
#1941 = CARTESIAN_POINT('',(0.,25.,5.05));
#1942 = DIRECTION('',(0.,0.,1.));
#1943 = DIRECTION('',(1.,0.,0.));
#1944 = ADVANCED_FACE('',(#1945,#1953),#1964,.F.);
#1945 = FACE_BOUND('',#1946,.F.);
#1946 = EDGE_LOOP('',(#1947,#1948,#1949,#1950,#1951,#1952));
#1947 = ORIENTED_EDGE('',*,*,#1332,.T.);
#1948 = ORIENTED_EDGE('',*,*,#1380,.T.);
#1949 = ORIENTED_EDGE('',*,*,#1404,.T.);
#1950 = ORIENTED_EDGE('',*,*,#1363,.T.);
#1951 = ORIENTED_EDGE('',*,*,#1315,.T.);
#1952 = ORIENTED_EDGE('',*,*,#1284,.T.);
#1953 = FACE_BOUND('',#1954,.F.);
#1954 = EDGE_LOOP('',(#1955));
#1955 = ORIENTED_EDGE('',*,*,#1956,.F.);
#1956 = EDGE_CURVE('',#1957,#1957,#1959,.T.);
#1957 = VERTEX_POINT('',#1958);
#1958 = CARTESIAN_POINT('',(16.7,-14.,4.));
#1959 = CIRCLE('',#1960,1.7);
#1960 = AXIS2_PLACEMENT_3D('',#1961,#1962,#1963);
#1961 = CARTESIAN_POINT('',(15.,-14.,4.));
#1962 = DIRECTION('',(0.,0.,1.));
#1963 = DIRECTION('',(1.,0.,0.));
#1964 = PLANE('',#1965);
#1965 = AXIS2_PLACEMENT_3D('',#1966,#1967,#1968);
#1966 = CARTESIAN_POINT('',(15.,-14.,4.));
#1967 = DIRECTION('',(0.,0.,1.));
#1968 = DIRECTION('',(1.,0.,0.));
#1969 = ADVANCED_FACE('',(#1970,#1978),#1989,.F.);
#1970 = FACE_BOUND('',#1971,.F.);
#1971 = EDGE_LOOP('',(#1972,#1973,#1974,#1975,#1976,#1977));
#1972 = ORIENTED_EDGE('',*,*,#1476,.T.);
#1973 = ORIENTED_EDGE('',*,*,#1524,.T.);
#1974 = ORIENTED_EDGE('',*,*,#1548,.T.);
#1975 = ORIENTED_EDGE('',*,*,#1507,.T.);
#1976 = ORIENTED_EDGE('',*,*,#1459,.T.);
#1977 = ORIENTED_EDGE('',*,*,#1428,.T.);
#1978 = FACE_BOUND('',#1979,.F.);
#1979 = EDGE_LOOP('',(#1980));
#1980 = ORIENTED_EDGE('',*,*,#1981,.F.);
#1981 = EDGE_CURVE('',#1982,#1982,#1984,.T.);
#1982 = VERTEX_POINT('',#1983);
#1983 = CARTESIAN_POINT('',(-13.3,-14.,4.));
#1984 = CIRCLE('',#1985,1.7);
#1985 = AXIS2_PLACEMENT_3D('',#1986,#1987,#1988);
#1986 = CARTESIAN_POINT('',(-15.,-14.,4.));
#1987 = DIRECTION('',(0.,0.,1.));
#1988 = DIRECTION('',(1.,0.,0.));
#1989 = PLANE('',#1990);
#1990 = AXIS2_PLACEMENT_3D('',#1991,#1992,#1993);
#1991 = CARTESIAN_POINT('',(-15.,-14.,4.));
#1992 = DIRECTION('',(0.,0.,1.));
#1993 = DIRECTION('',(1.,0.,0.));
#1994 = ADVANCED_FACE('',(#1995),#2020,.T.);
#1995 = FACE_BOUND('',#1996,.T.);
#1996 = EDGE_LOOP('',(#1997,#1998,#1999,#2000));
#1997 = ORIENTED_EDGE('',*,*,#1714,.T.);
#1998 = ORIENTED_EDGE('',*,*,#1819,.T.);
#1999 = ORIENTED_EDGE('',*,*,#1588,.F.);
#2000 = ORIENTED_EDGE('',*,*,#2001,.T.);
#2001 = EDGE_CURVE('',#1589,#1715,#2002,.T.);
#2002 = B_SPLINE_CURVE_WITH_KNOTS('',6,(#2003,#2004,#2005,#2006,#2007,
    #2008,#2009,#2010,#2011,#2012,#2013,#2014,#2015,#2016,#2017,#2018,
    #2019),.UNSPECIFIED.,.F.,.F.,(7,5,5,7),(0.,0.437362900733,
    0.719315603253,1.),.UNSPECIFIED.);
#2003 = CARTESIAN_POINT('',(16.004857279373,-9.767652914949,5.5));
#2004 = CARTESIAN_POINT('',(16.0821280505,-9.735449789082,5.500000031102
    ));
#2005 = CARTESIAN_POINT('',(16.158697901781,-9.704189662482,
    5.493549589347));
#2006 = CARTESIAN_POINT('',(16.233225590747,-9.674381293311,
    5.480557805627));
#2007 = CARTESIAN_POINT('',(16.304340410316,-9.646476795234,
    5.461025246817));
#2008 = CARTESIAN_POINT('',(16.370574463613,-9.620910944617,
    5.435151557716));
#2009 = CARTESIAN_POINT('',(16.469136164182,-9.583367107924,
    5.383010898838));
#2010 = CARTESIAN_POINT('',(16.505148229219,-9.56978919286,
    5.360151063829));
#2011 = CARTESIAN_POINT('',(16.538154751911,-9.557457570891,
    5.335007233515));
#2012 = CARTESIAN_POINT('',(16.567778414598,-9.546474118386,
    5.307775079586));
#2013 = CARTESIAN_POINT('',(16.593676367091,-9.536929229898,
    5.278711009444));
#2014 = CARTESIAN_POINT('',(16.637361129451,-9.520899856895,
    5.217697148798));
#2015 = CARTESIAN_POINT('',(16.655186193822,-9.514401040457,
    5.18575814114));
#2016 = CARTESIAN_POINT('',(16.668763534355,-9.509473354404,
    5.152634710941));
#2017 = CARTESIAN_POINT('',(16.677888497052,-9.5061694989,5.118696853186
    ));
#2018 = CARTESIAN_POINT('',(16.682450177007,-9.504517667492,
    5.084347185531));
#2019 = CARTESIAN_POINT('',(16.682450177007,-9.504517667492,5.05));
#2020 = TOROIDAL_SURFACE('',#2021,18.75,0.45);
#2021 = AXIS2_PLACEMENT_3D('',#2022,#2023,#2024);
#2022 = CARTESIAN_POINT('',(0.,0.,5.05));
#2023 = DIRECTION('',(0.,0.,1.));
#2024 = DIRECTION('',(1.,0.,0.));
#2025 = ADVANCED_FACE('',(#2026),#2038,.T.);
#2026 = FACE_BOUND('',#2027,.T.);
#2027 = EDGE_LOOP('',(#2028,#2029,#2036,#2037));
#2028 = ORIENTED_EDGE('',*,*,#1660,.F.);
#2029 = ORIENTED_EDGE('',*,*,#2030,.F.);
#2030 = EDGE_CURVE('',#1741,#1652,#2031,.T.);
#2031 = CIRCLE('',#2032,0.45);
#2032 = AXIS2_PLACEMENT_3D('',#2033,#2034,#2035);
#2033 = CARTESIAN_POINT('',(19.35,-14.,5.05));
#2034 = DIRECTION('',(0.,-1.,0.));
#2035 = DIRECTION('',(1.,0.,0.));
#2036 = ORIENTED_EDGE('',*,*,#1758,.T.);
#2037 = ORIENTED_EDGE('',*,*,#2001,.F.);
#2038 = TOROIDAL_SURFACE('',#2039,4.35,0.45);
#2039 = AXIS2_PLACEMENT_3D('',#2040,#2041,#2042);
#2040 = CARTESIAN_POINT('',(15.,-14.,5.05));
#2041 = DIRECTION('',(0.,0.,1.));
#2042 = DIRECTION('',(1.,0.,0.));
#2043 = ADVANCED_FACE('',(#2044),#2069,.T.);
#2044 = FACE_BOUND('',#2045,.T.);
#2045 = EDGE_LOOP('',(#2046,#2047,#2048,#2049));
#2046 = ORIENTED_EDGE('',*,*,#1738,.T.);
#2047 = ORIENTED_EDGE('',*,*,#2030,.T.);
#2048 = ORIENTED_EDGE('',*,*,#1651,.F.);
#2049 = ORIENTED_EDGE('',*,*,#2050,.F.);
#2050 = EDGE_CURVE('',#1739,#1643,#2051,.T.);
#2051 = B_SPLINE_CURVE_WITH_KNOTS('',6,(#2052,#2053,#2054,#2055,#2056,
    #2057,#2058,#2059,#2060,#2061,#2062,#2063,#2064,#2065,#2066,#2067,
    #2068),.UNSPECIFIED.,.F.,.F.,(7,5,5,7),(0.,0.278370863335,
    0.562190348191,1.),.UNSPECIFIED.);
#2052 = CARTESIAN_POINT('',(10.631089015392,-15.98811891208,5.05));
#2053 = CARTESIAN_POINT('',(10.631089015392,-15.98811891208,
    5.084064102019));
#2054 = CARTESIAN_POINT('',(10.63240080313,-15.98353085491,
    5.118130590439));
#2055 = CARTESIAN_POINT('',(10.635024457976,-15.97435319703,
    5.151795437247));
#2056 = CARTESIAN_POINT('',(10.638940166327,-15.9606947968,
    5.184665784764));
#2057 = CARTESIAN_POINT('',(10.644110681793,-15.94275681206,
    5.216380124149));
#2058 = CARTESIAN_POINT('',(10.656981631323,-15.89844290264,
    5.277468882065));
#2059 = CARTESIAN_POINT('',(10.664730203122,-15.87190634994,
    5.306788169119));
#2060 = CARTESIAN_POINT('',(10.673674693456,-15.84149397063,
    5.334258180002));
#2061 = CARTESIAN_POINT('',(10.683747383485,-15.80756029523,
    5.359616232846));
#2062 = CARTESIAN_POINT('',(10.694871182829,-15.7704963017,
    5.382661998355));
#2063 = CARTESIAN_POINT('',(10.725615830024,-15.66931259166,
    5.435019439617));
#2064 = CARTESIAN_POINT('',(10.746571723673,-15.60142613106,
    5.460945441915));
#2065 = CARTESIAN_POINT('',(10.769529591816,-15.5284945824,
    5.480517979189));
#2066 = CARTESIAN_POINT('',(10.79415586665,-15.4520169694,5.493536420827
    ));
#2067 = CARTESIAN_POINT('',(10.820092900054,-15.37339620931,
    5.500000030648));
#2068 = CARTESIAN_POINT('',(10.846924193295,-15.29400979288,5.5));
#2069 = TOROIDAL_SURFACE('',#2070,4.35,0.45);
#2070 = AXIS2_PLACEMENT_3D('',#2071,#2072,#2073);
#2071 = CARTESIAN_POINT('',(15.,-14.,5.05));
#2072 = DIRECTION('',(0.,0.,1.));
#2073 = DIRECTION('',(1.,0.,0.));
#2074 = ADVANCED_FACE('',(#2075),#2100,.T.);
#2075 = FACE_BOUND('',#2076,.T.);
#2076 = EDGE_LOOP('',(#2077,#2078,#2079,#2080));
#2077 = ORIENTED_EDGE('',*,*,#1839,.T.);
#2078 = ORIENTED_EDGE('',*,*,#2050,.T.);
#2079 = ORIENTED_EDGE('',*,*,#1642,.F.);
#2080 = ORIENTED_EDGE('',*,*,#2081,.T.);
#2081 = EDGE_CURVE('',#1634,#1840,#2082,.T.);
#2082 = B_SPLINE_CURVE_WITH_KNOTS('',6,(#2083,#2084,#2085,#2086,#2087,
    #2088,#2089,#2090,#2091,#2092,#2093,#2094,#2095,#2096,#2097,#2098,
    #2099),.UNSPECIFIED.,.F.,.F.,(7,5,5,7),(0.,0.437014864864,
    0.720682026342,1.),.UNSPECIFIED.);
#2083 = CARTESIAN_POINT('',(-10.84692419331,-15.29400979287,5.5));
#2084 = CARTESIAN_POINT('',(-10.82014157949,-15.37325217999,
    5.500000030859));
#2085 = CARTESIAN_POINT('',(-10.79425002609,-15.45173156151,
    5.493559852412));
#2086 = CARTESIAN_POINT('',(-10.7696636978,-15.52807812868,
    5.480588810926));
#2087 = CARTESIAN_POINT('',(-10.74673841301,-15.60089663298,5.4610874013
    ));
#2088 = CARTESIAN_POINT('',(-10.72580604549,-15.66869643846,
    5.43525447355));
#2089 = CARTESIAN_POINT('',(-10.69506735852,-15.7698443527,
    5.383052990178));
#2090 = CARTESIAN_POINT('',(-10.68393455207,-15.80693254006,
    5.360053675642));
#2091 = CARTESIAN_POINT('',(-10.67385080536,-15.84089836501,
    5.334742436069));
#2092 = CARTESIAN_POINT('',(-10.66489314919,-15.8713512808,
    5.307318698902));
#2093 = CARTESIAN_POINT('',(-10.65712929008,-15.89793691428,
    5.278044101995));
#2094 = CARTESIAN_POINT('',(-10.64419877645,-15.94245119917,
    5.216919451339));
#2095 = CARTESIAN_POINT('',(-10.6389935417,-15.9605086156,5.185113028697
    ));
#2096 = CARTESIAN_POINT('',(-10.63505128197,-15.97425936363,
    5.152139020067));
#2097 = CARTESIAN_POINT('',(-10.63240974413,-15.98349958638,
    5.118362393911));
#2098 = CARTESIAN_POINT('',(-10.63108901539,-15.98811891208,
    5.084179984253));
#2099 = CARTESIAN_POINT('',(-10.63108901539,-15.98811891208,5.05));
#2100 = TOROIDAL_SURFACE('',#2101,18.75,0.45);
#2101 = AXIS2_PLACEMENT_3D('',#2102,#2103,#2104);
#2102 = CARTESIAN_POINT('',(0.,0.,5.05));
#2103 = DIRECTION('',(0.,0.,1.));
#2104 = DIRECTION('',(1.,0.,0.));
#2105 = ADVANCED_FACE('',(#2106),#2112,.T.);
#2106 = FACE_BOUND('',#2107,.T.);
#2107 = EDGE_LOOP('',(#2108,#2109,#2110,#2111));
#2108 = ORIENTED_EDGE('',*,*,#2081,.F.);
#2109 = ORIENTED_EDGE('',*,*,#1633,.F.);
#2110 = ORIENTED_EDGE('',*,*,#1908,.F.);
#2111 = ORIENTED_EDGE('',*,*,#1872,.T.);
#2112 = TOROIDAL_SURFACE('',#2113,4.35,0.45);
#2113 = AXIS2_PLACEMENT_3D('',#2114,#2115,#2116);
#2114 = CARTESIAN_POINT('',(-15.,-14.,5.05));
#2115 = DIRECTION('',(0.,0.,1.));
#2116 = DIRECTION('',(1.,0.,0.));
#2117 = ADVANCED_FACE('',(#2118),#2129,.F.);
#2118 = FACE_BOUND('',#2119,.F.);
#2119 = EDGE_LOOP('',(#2120,#2126,#2127,#2128));
#2120 = ORIENTED_EDGE('',*,*,#2121,.T.);
#2121 = EDGE_CURVE('',#1982,#1670,#2122,.T.);
#2122 = LINE('',#2123,#2124);
#2123 = CARTESIAN_POINT('',(-13.3,-14.,-0.1));
#2124 = VECTOR('',#2125,1.);
#2125 = DIRECTION('',(0.,0.,1.));
#2126 = ORIENTED_EDGE('',*,*,#1669,.F.);
#2127 = ORIENTED_EDGE('',*,*,#2121,.F.);
#2128 = ORIENTED_EDGE('',*,*,#1981,.T.);
#2129 = CYLINDRICAL_SURFACE('',#2130,1.7);
#2130 = AXIS2_PLACEMENT_3D('',#2131,#2132,#2133);
#2131 = CARTESIAN_POINT('',(-15.,-14.,-0.1));
#2132 = DIRECTION('',(0.,0.,1.));
#2133 = DIRECTION('',(1.,0.,0.));
#2134 = ADVANCED_FACE('',(#2135),#2146,.F.);
#2135 = FACE_BOUND('',#2136,.F.);
#2136 = EDGE_LOOP('',(#2137,#2143,#2144,#2145));
#2137 = ORIENTED_EDGE('',*,*,#2138,.T.);
#2138 = EDGE_CURVE('',#1957,#1681,#2139,.T.);
#2139 = LINE('',#2140,#2141);
#2140 = CARTESIAN_POINT('',(16.7,-14.,-0.1));
#2141 = VECTOR('',#2142,1.);
#2142 = DIRECTION('',(0.,0.,1.));
#2143 = ORIENTED_EDGE('',*,*,#1680,.F.);
#2144 = ORIENTED_EDGE('',*,*,#2138,.F.);
#2145 = ORIENTED_EDGE('',*,*,#1956,.T.);
#2146 = CYLINDRICAL_SURFACE('',#2147,1.7);
#2147 = AXIS2_PLACEMENT_3D('',#2148,#2149,#2150);
#2148 = CARTESIAN_POINT('',(15.,-14.,-0.1));
#2149 = DIRECTION('',(0.,0.,1.));
#2150 = DIRECTION('',(1.,0.,0.));
#2151 = MANIFOLD_SOLID_BREP('',#2152);
#2152 = CLOSED_SHELL('',(#2153,#2210,#2260,#2294,#2371,#2402,#2449,#2482
    ,#2525,#2564,#2595,#2626,#2644,#2669,#2694,#2719,#3200,#3231,#3249,
    #3286,#3298,#3318,#3338,#3358,#3370,#3387,#3404,#3429,#3460,#3484,
    #3508,#3532,#3556,#3580,#3604,#3628,#3652,#3676,#3700,#3724,#3748,
    #3772,#3796,#3820,#3844,#3868,#3892,#3916,#3940,#3964,#3988,#4022,
    #4046,#4070,#4094,#4118,#4142,#4166,#4190,#4214,#4238,#4262,#4286,
    #4310,#4334,#4358,#4382,#4406,#4430,#4454,#4478,#4502,#4526,#4550,
    #4574,#4598,#4641,#4658,#4683,#4695));
#2153 = ADVANCED_FACE('',(#2154),#2205,.T.);
#2154 = FACE_BOUND('',#2155,.T.);
#2155 = EDGE_LOOP('',(#2156,#2167,#2176,#2185));
#2156 = ORIENTED_EDGE('',*,*,#2157,.T.);
#2157 = EDGE_CURVE('',#2158,#2160,#2162,.T.);
#2158 = VERTEX_POINT('',#2159);
#2159 = CARTESIAN_POINT('',(-16.682450177,-9.504517667492,5.95));
#2160 = VERTEX_POINT('',#2161);
#2161 = CARTESIAN_POINT('',(-19.2,0.,5.95));
#2162 = CIRCLE('',#2163,19.2);
#2163 = AXIS2_PLACEMENT_3D('',#2164,#2165,#2166);
#2164 = CARTESIAN_POINT('',(6.184466335694E-16,0.,5.95));
#2165 = DIRECTION('',(1.224646799147E-16,0.,-1.));
#2166 = DIRECTION('',(-1.,0.,-1.224646799147E-16));
#2167 = ORIENTED_EDGE('',*,*,#2168,.T.);
#2168 = EDGE_CURVE('',#2160,#2169,#2171,.T.);
#2169 = VERTEX_POINT('',#2170);
#2170 = CARTESIAN_POINT('',(-18.75,0.,5.5));
#2171 = CIRCLE('',#2172,0.45);
#2172 = AXIS2_PLACEMENT_3D('',#2173,#2174,#2175);
#2173 = CARTESIAN_POINT('',(-18.75,0.,5.95));
#2174 = DIRECTION('',(0.,-1.,-0.));
#2175 = DIRECTION('',(-1.,0.,-1.224646799147E-16));
#2176 = ORIENTED_EDGE('',*,*,#2177,.F.);
#2177 = EDGE_CURVE('',#2178,#2169,#2180,.T.);
#2178 = VERTEX_POINT('',#2179);
#2179 = CARTESIAN_POINT('',(-16.00485727935,-9.767652914974,5.5));
#2180 = CIRCLE('',#2181,18.75);
#2181 = AXIS2_PLACEMENT_3D('',#2182,#2183,#2184);
#2182 = CARTESIAN_POINT('',(6.73555739531E-16,0.,5.5));
#2183 = DIRECTION('',(1.224646799147E-16,0.,-1.));
#2184 = DIRECTION('',(-1.,0.,-1.224646799147E-16));
#2185 = ORIENTED_EDGE('',*,*,#2186,.T.);
#2186 = EDGE_CURVE('',#2178,#2158,#2187,.T.);
#2187 = B_SPLINE_CURVE_WITH_KNOTS('',6,(#2188,#2189,#2190,#2191,#2192,
    #2193,#2194,#2195,#2196,#2197,#2198,#2199,#2200,#2201,#2202,#2203,
    #2204),.UNSPECIFIED.,.F.,.F.,(7,5,5,7),(0.,0.437362900733,
    0.719315603253,1.),.UNSPECIFIED.);
#2188 = CARTESIAN_POINT('',(-16.00485727937,-9.767652914949,5.5));
#2189 = CARTESIAN_POINT('',(-16.0821280505,-9.735449789082,
    5.499999968898));
#2190 = CARTESIAN_POINT('',(-16.15869790178,-9.704189662482,
    5.506450410653));
#2191 = CARTESIAN_POINT('',(-16.23322559074,-9.674381293311,
    5.519442194373));
#2192 = CARTESIAN_POINT('',(-16.30434041031,-9.646476795234,
    5.538974753183));
#2193 = CARTESIAN_POINT('',(-16.37057446361,-9.620910944617,
    5.564848442284));
#2194 = CARTESIAN_POINT('',(-16.46913616418,-9.583367107924,
    5.616989101162));
#2195 = CARTESIAN_POINT('',(-16.50514822921,-9.56978919286,
    5.639848936171));
#2196 = CARTESIAN_POINT('',(-16.53815475191,-9.557457570891,
    5.664992766485));
#2197 = CARTESIAN_POINT('',(-16.56777841459,-9.546474118386,
    5.692224920414));
#2198 = CARTESIAN_POINT('',(-16.59367636709,-9.536929229898,
    5.721288990556));
#2199 = CARTESIAN_POINT('',(-16.63736112945,-9.520899856895,
    5.782302851202));
#2200 = CARTESIAN_POINT('',(-16.65518619382,-9.514401040457,
    5.81424185886));
#2201 = CARTESIAN_POINT('',(-16.66876353435,-9.509473354404,
    5.847365289059));
#2202 = CARTESIAN_POINT('',(-16.67788849705,-9.5061694989,5.881303146814
    ));
#2203 = CARTESIAN_POINT('',(-16.682450177,-9.504517667492,5.915652814469
    ));
#2204 = CARTESIAN_POINT('',(-16.682450177,-9.504517667492,5.95));
#2205 = TOROIDAL_SURFACE('',#2206,18.75,0.45);
#2206 = AXIS2_PLACEMENT_3D('',#2207,#2208,#2209);
#2207 = CARTESIAN_POINT('',(6.184466335694E-16,0.,5.95));
#2208 = DIRECTION('',(1.224646799147E-16,0.,-1.));
#2209 = DIRECTION('',(-1.,0.,-1.224646799147E-16));
#2210 = ADVANCED_FACE('',(#2211),#2255,.T.);
#2211 = FACE_BOUND('',#2212,.T.);
#2212 = EDGE_LOOP('',(#2213,#2224,#2232,#2239,#2240,#2248));
#2213 = ORIENTED_EDGE('',*,*,#2214,.T.);
#2214 = EDGE_CURVE('',#2215,#2217,#2219,.T.);
#2215 = VERTEX_POINT('',#2216);
#2216 = CARTESIAN_POINT('',(-19.2,0.,10.55));
#2217 = VERTEX_POINT('',#2218);
#2218 = CARTESIAN_POINT('',(16.682450177007,-9.504517667492,10.55));
#2219 = CIRCLE('',#2220,19.2);
#2220 = AXIS2_PLACEMENT_3D('',#2221,#2222,#2223);
#2221 = CARTESIAN_POINT('',(5.510910596163E-17,0.,10.55));
#2222 = DIRECTION('',(1.224646799147E-16,0.,-1.));
#2223 = DIRECTION('',(-1.,0.,-1.224646799147E-16));
#2224 = ORIENTED_EDGE('',*,*,#2225,.T.);
#2225 = EDGE_CURVE('',#2217,#2226,#2228,.T.);
#2226 = VERTEX_POINT('',#2227);
#2227 = CARTESIAN_POINT('',(16.682450177007,-9.504517667492,5.95));
#2228 = LINE('',#2229,#2230);
#2229 = CARTESIAN_POINT('',(16.682450177007,-9.504517667492,11.));
#2230 = VECTOR('',#2231,1.);
#2231 = DIRECTION('',(1.224646799147E-16,0.,-1.));
#2232 = ORIENTED_EDGE('',*,*,#2233,.F.);
#2233 = EDGE_CURVE('',#2160,#2226,#2234,.T.);
#2234 = CIRCLE('',#2235,19.2);
#2235 = AXIS2_PLACEMENT_3D('',#2236,#2237,#2238);
#2236 = CARTESIAN_POINT('',(6.184466335694E-16,0.,5.95));
#2237 = DIRECTION('',(1.224646799147E-16,0.,-1.));
#2238 = DIRECTION('',(-1.,0.,-1.224646799147E-16));
#2239 = ORIENTED_EDGE('',*,*,#2157,.F.);
#2240 = ORIENTED_EDGE('',*,*,#2241,.F.);
#2241 = EDGE_CURVE('',#2242,#2158,#2244,.T.);
#2242 = VERTEX_POINT('',#2243);
#2243 = CARTESIAN_POINT('',(-16.682450177,-9.504517667492,10.55));
#2244 = LINE('',#2245,#2246);
#2245 = CARTESIAN_POINT('',(-16.682450177,-9.504517667492,11.));
#2246 = VECTOR('',#2247,1.);
#2247 = DIRECTION('',(1.224646799147E-16,0.,-1.));
#2248 = ORIENTED_EDGE('',*,*,#2249,.T.);
#2249 = EDGE_CURVE('',#2242,#2215,#2250,.T.);
#2250 = CIRCLE('',#2251,19.2);
#2251 = AXIS2_PLACEMENT_3D('',#2252,#2253,#2254);
#2252 = CARTESIAN_POINT('',(5.510910596163E-17,0.,10.55));
#2253 = DIRECTION('',(1.224646799147E-16,0.,-1.));
#2254 = DIRECTION('',(-1.,0.,-1.224646799147E-16));
#2255 = CYLINDRICAL_SURFACE('',#2256,19.2);
#2256 = AXIS2_PLACEMENT_3D('',#2257,#2258,#2259);
#2257 = CARTESIAN_POINT('',(0.,0.,11.));
#2258 = DIRECTION('',(1.224646799147E-16,0.,-1.));
#2259 = DIRECTION('',(-1.,0.,-1.224646799147E-16));
#2260 = ADVANCED_FACE('',(#2261),#2289,.T.);
#2261 = FACE_BOUND('',#2262,.T.);
#2262 = EDGE_LOOP('',(#2263,#2272,#2281,#2288));
#2263 = ORIENTED_EDGE('',*,*,#2264,.F.);
#2264 = EDGE_CURVE('',#2265,#2178,#2267,.T.);
#2265 = VERTEX_POINT('',#2266);
#2266 = CARTESIAN_POINT('',(-19.35,-14.,5.5));
#2267 = CIRCLE('',#2268,4.35);
#2268 = AXIS2_PLACEMENT_3D('',#2269,#2270,#2271);
#2269 = CARTESIAN_POINT('',(-15.,-14.,5.5));
#2270 = DIRECTION('',(1.224646799147E-16,0.,-1.));
#2271 = DIRECTION('',(-1.,0.,-1.224646799147E-16));
#2272 = ORIENTED_EDGE('',*,*,#2273,.F.);
#2273 = EDGE_CURVE('',#2274,#2265,#2276,.T.);
#2274 = VERTEX_POINT('',#2275);
#2275 = CARTESIAN_POINT('',(-19.8,-14.,5.95));
#2276 = CIRCLE('',#2277,0.45);
#2277 = AXIS2_PLACEMENT_3D('',#2278,#2279,#2280);
#2278 = CARTESIAN_POINT('',(-19.35,-14.,5.95));
#2279 = DIRECTION('',(0.,-1.,-0.));
#2280 = DIRECTION('',(-1.,0.,-1.224646799147E-16));
#2281 = ORIENTED_EDGE('',*,*,#2282,.T.);
#2282 = EDGE_CURVE('',#2274,#2158,#2283,.T.);
#2283 = CIRCLE('',#2284,4.8);
#2284 = AXIS2_PLACEMENT_3D('',#2285,#2286,#2287);
#2285 = CARTESIAN_POINT('',(-15.,-14.,5.95));
#2286 = DIRECTION('',(1.224646799147E-16,0.,-1.));
#2287 = DIRECTION('',(-1.,0.,-1.224646799147E-16));
#2288 = ORIENTED_EDGE('',*,*,#2186,.F.);
#2289 = TOROIDAL_SURFACE('',#2290,4.35,0.45);
#2290 = AXIS2_PLACEMENT_3D('',#2291,#2292,#2293);
#2291 = CARTESIAN_POINT('',(-15.,-14.,5.95));
#2292 = DIRECTION('',(1.224646799147E-16,0.,-1.));
#2293 = DIRECTION('',(-1.,0.,-1.224646799147E-16));
#2294 = ADVANCED_FACE('',(#2295,#2333,#2344,#2355),#2366,.T.);
#2295 = FACE_BOUND('',#2296,.T.);
#2296 = EDGE_LOOP('',(#2297,#2298,#2307,#2316,#2325,#2332));
#2297 = ORIENTED_EDGE('',*,*,#2177,.T.);
#2298 = ORIENTED_EDGE('',*,*,#2299,.T.);
#2299 = EDGE_CURVE('',#2169,#2300,#2302,.T.);
#2300 = VERTEX_POINT('',#2301);
#2301 = CARTESIAN_POINT('',(16.004857279357,-9.767652914975,5.5));
#2302 = CIRCLE('',#2303,18.75);
#2303 = AXIS2_PLACEMENT_3D('',#2304,#2305,#2306);
#2304 = CARTESIAN_POINT('',(6.73555739531E-16,0.,5.5));
#2305 = DIRECTION('',(1.224646799147E-16,0.,-1.));
#2306 = DIRECTION('',(-1.,0.,-1.224646799147E-16));
#2307 = ORIENTED_EDGE('',*,*,#2308,.T.);
#2308 = EDGE_CURVE('',#2300,#2309,#2311,.T.);
#2309 = VERTEX_POINT('',#2310);
#2310 = CARTESIAN_POINT('',(10.846924193327,-15.29400979286,5.5));
#2311 = CIRCLE('',#2312,4.35);
#2312 = AXIS2_PLACEMENT_3D('',#2313,#2314,#2315);
#2313 = CARTESIAN_POINT('',(15.,-14.,5.5));
#2314 = DIRECTION('',(1.224646799147E-16,0.,-1.));
#2315 = DIRECTION('',(-1.,0.,-1.224646799147E-16));
#2316 = ORIENTED_EDGE('',*,*,#2317,.T.);
#2317 = EDGE_CURVE('',#2309,#2318,#2320,.T.);
#2318 = VERTEX_POINT('',#2319);
#2319 = CARTESIAN_POINT('',(-10.84692419332,-15.29400979286,5.5));
#2320 = CIRCLE('',#2321,18.75);
#2321 = AXIS2_PLACEMENT_3D('',#2322,#2323,#2324);
#2322 = CARTESIAN_POINT('',(6.73555739531E-16,0.,5.5));
#2323 = DIRECTION('',(1.224646799147E-16,0.,-1.));
#2324 = DIRECTION('',(-1.,0.,-1.224646799147E-16));
#2325 = ORIENTED_EDGE('',*,*,#2326,.T.);
#2326 = EDGE_CURVE('',#2318,#2265,#2327,.T.);
#2327 = CIRCLE('',#2328,4.35);
#2328 = AXIS2_PLACEMENT_3D('',#2329,#2330,#2331);
#2329 = CARTESIAN_POINT('',(-15.,-14.,5.5));
#2330 = DIRECTION('',(1.224646799147E-16,0.,-1.));
#2331 = DIRECTION('',(-1.,0.,-1.224646799147E-16));
#2332 = ORIENTED_EDGE('',*,*,#2264,.T.);
#2333 = FACE_BOUND('',#2334,.T.);
#2334 = EDGE_LOOP('',(#2335));
#2335 = ORIENTED_EDGE('',*,*,#2336,.F.);
#2336 = EDGE_CURVE('',#2337,#2337,#2339,.T.);
#2337 = VERTEX_POINT('',#2338);
#2338 = CARTESIAN_POINT('',(13.3,-14.,5.5));
#2339 = CIRCLE('',#2340,1.7);
#2340 = AXIS2_PLACEMENT_3D('',#2341,#2342,#2343);
#2341 = CARTESIAN_POINT('',(15.,-14.,5.5));
#2342 = DIRECTION('',(1.224646799147E-16,0.,-1.));
#2343 = DIRECTION('',(-1.,0.,-1.224646799147E-16));
#2344 = FACE_BOUND('',#2345,.T.);
#2345 = EDGE_LOOP('',(#2346));
#2346 = ORIENTED_EDGE('',*,*,#2347,.F.);
#2347 = EDGE_CURVE('',#2348,#2348,#2350,.T.);
#2348 = VERTEX_POINT('',#2349);
#2349 = CARTESIAN_POINT('',(-16.7,-14.,5.5));
#2350 = CIRCLE('',#2351,1.7);
#2351 = AXIS2_PLACEMENT_3D('',#2352,#2353,#2354);
#2352 = CARTESIAN_POINT('',(-15.,-14.,5.5));
#2353 = DIRECTION('',(1.224646799147E-16,0.,-1.));
#2354 = DIRECTION('',(-1.,0.,-1.224646799147E-16));
#2355 = FACE_BOUND('',#2356,.T.);
#2356 = EDGE_LOOP('',(#2357));
#2357 = ORIENTED_EDGE('',*,*,#2358,.F.);
#2358 = EDGE_CURVE('',#2359,#2359,#2361,.T.);
#2359 = VERTEX_POINT('',#2360);
#2360 = CARTESIAN_POINT('',(-17.65,-4.32300320099E-15,5.5));
#2361 = CIRCLE('',#2362,17.65);
#2362 = AXIS2_PLACEMENT_3D('',#2363,#2364,#2365);
#2363 = CARTESIAN_POINT('',(6.73555739531E-16,0.,5.5));
#2364 = DIRECTION('',(1.224646799147E-16,0.,-1.));
#2365 = DIRECTION('',(-1.,0.,-1.224646799147E-16));
#2366 = PLANE('',#2367);
#2367 = AXIS2_PLACEMENT_3D('',#2368,#2369,#2370);
#2368 = CARTESIAN_POINT('',(-0.386583065355,-3.28048783498,5.5));
#2369 = DIRECTION('',(1.224646799147E-16,0.,-1.));
#2370 = DIRECTION('',(-1.,0.,-1.224646799147E-16));
#2371 = ADVANCED_FACE('',(#2372),#2397,.T.);
#2372 = FACE_BOUND('',#2373,.T.);
#2373 = EDGE_LOOP('',(#2374,#2375,#2376,#2396));
#2374 = ORIENTED_EDGE('',*,*,#2168,.F.);
#2375 = ORIENTED_EDGE('',*,*,#2233,.T.);
#2376 = ORIENTED_EDGE('',*,*,#2377,.T.);
#2377 = EDGE_CURVE('',#2226,#2300,#2378,.T.);
#2378 = B_SPLINE_CURVE_WITH_KNOTS('',6,(#2379,#2380,#2381,#2382,#2383,
    #2384,#2385,#2386,#2387,#2388,#2389,#2390,#2391,#2392,#2393,#2394,
    #2395),.UNSPECIFIED.,.F.,.F.,(7,5,5,7),(0.,0.278214844974,
    0.562029413396,1.),.UNSPECIFIED.);
#2379 = CARTESIAN_POINT('',(16.682450177007,-9.504517667492,5.95));
#2380 = CARTESIAN_POINT('',(16.682450177007,-9.504517667492,
    5.915954989457));
#2381 = CARTESIAN_POINT('',(16.677968406306,-9.506140560525,
    5.881907598871));
#2382 = CARTESIAN_POINT('',(16.669003335,-9.509386531622,5.848261170281)
  );
#2383 = CARTESIAN_POINT('',(16.655661953932,-9.514228377456,
    5.815407908765));
#2384 = CARTESIAN_POINT('',(16.63814194201,-9.520615195873,
    5.783708755058));
#2385 = CARTESIAN_POINT('',(16.594854434345,-9.536495173548,
    5.722629201285));
#2386 = CARTESIAN_POINT('',(16.568925744098,-9.546049026569,
    5.693305496687));
#2387 = CARTESIAN_POINT('',(16.539212202994,-9.557063082999,
    5.665830379946));
#2388 = CARTESIAN_POINT('',(16.50606274239,-9.569445390841,
    5.640466628539));
#2389 = CARTESIAN_POINT('',(16.469862041511,-9.583092131704,
    5.617414670236));
#2390 = CARTESIAN_POINT('',(16.371034285638,-9.620733465246,
    5.565028222473));
#2391 = CARTESIAN_POINT('',(16.30473542958,-9.646321801884,5.53908334296
    ));
#2392 = CARTESIAN_POINT('',(16.233536142828,-9.67425708825,
    5.519496378853));
#2393 = CARTESIAN_POINT('',(16.15891061828,-9.704102819949,
    5.506468332602));
#2394 = CARTESIAN_POINT('',(16.082235327909,-9.735405080445,
    5.49999996925));
#2395 = CARTESIAN_POINT('',(16.004857279332,-9.767652915016,5.5));
#2396 = ORIENTED_EDGE('',*,*,#2299,.F.);
#2397 = TOROIDAL_SURFACE('',#2398,18.75,0.45);
#2398 = AXIS2_PLACEMENT_3D('',#2399,#2400,#2401);
#2399 = CARTESIAN_POINT('',(6.184466335694E-16,0.,5.95));
#2400 = DIRECTION('',(1.224646799147E-16,0.,-1.));
#2401 = DIRECTION('',(-1.,0.,-1.224646799147E-16));
#2402 = ADVANCED_FACE('',(#2403),#2444,.T.);
#2403 = FACE_BOUND('',#2404,.F.);
#2404 = EDGE_LOOP('',(#2405,#2414,#2415,#2437));
#2405 = ORIENTED_EDGE('',*,*,#2406,.F.);
#2406 = EDGE_CURVE('',#2215,#2407,#2409,.T.);
#2407 = VERTEX_POINT('',#2408);
#2408 = CARTESIAN_POINT('',(-18.75,0.,11.));
#2409 = CIRCLE('',#2410,0.45);
#2410 = AXIS2_PLACEMENT_3D('',#2411,#2412,#2413);
#2411 = CARTESIAN_POINT('',(-18.75,0.,10.55));
#2412 = DIRECTION('',(0.,1.,0.));
#2413 = DIRECTION('',(-1.,0.,-1.224646799147E-16));
#2414 = ORIENTED_EDGE('',*,*,#2214,.T.);
#2415 = ORIENTED_EDGE('',*,*,#2416,.F.);
#2416 = EDGE_CURVE('',#2417,#2217,#2419,.T.);
#2417 = VERTEX_POINT('',#2418);
#2418 = CARTESIAN_POINT('',(16.004857279357,-9.767652914975,11.));
#2419 = B_SPLINE_CURVE_WITH_KNOTS('',6,(#2420,#2421,#2422,#2423,#2424,
    #2425,#2426,#2427,#2428,#2429,#2430,#2431,#2432,#2433,#2434,#2435,
    #2436),.UNSPECIFIED.,.F.,.F.,(7,5,5,7),(0.,0.438372923521,
    0.722175204977,1.),.UNSPECIFIED.);
#2420 = CARTESIAN_POINT('',(16.004857279621,-9.767652914543,11.));
#2421 = CARTESIAN_POINT('',(16.082306415635,-9.735375455019,
    11.000000030964));
#2422 = CARTESIAN_POINT('',(16.159051490351,-9.704045309295,
    10.993519776133));
#2423 = CARTESIAN_POINT('',(16.233741797759,-9.674174840721,
    10.980467702649));
#2424 = CARTESIAN_POINT('',(16.304997049205,-9.646219157291,
    10.960844648277));
#2425 = CARTESIAN_POINT('',(16.371338780694,-9.620615947863,
    10.934852547075));
#2426 = CARTESIAN_POINT('',(16.47017194651,-9.582975100877,
    10.882393559465));
#2427 = CARTESIAN_POINT('',(16.506350120389,-9.569337706875,
    10.859326124702));
#2428 = CARTESIAN_POINT('',(16.539475149995,-9.556965227697,
    10.83394813325));
#2429 = CARTESIAN_POINT('',(16.569162505789,-9.545961429568,
    10.80646025909));
#2430 = CARTESIAN_POINT('',(16.595063487464,-9.536418196107,
    10.777125518666));
#2431 = CARTESIAN_POINT('',(16.638264671271,-9.520570455603,
    10.716069012851));
#2432 = CARTESIAN_POINT('',(16.655736722855,-9.514201242944,
    10.684407842346));
#2433 = CARTESIAN_POINT('',(16.669041018085,-9.509372887976,
    10.651597306122));
#2434 = CARTESIAN_POINT('',(16.677980963575,-9.50613601304,
    10.617996926917));
#2435 = CARTESIAN_POINT('',(16.682450177007,-9.504517667492,
    10.58399728135));
#2436 = CARTESIAN_POINT('',(16.682450177007,-9.504517667492,10.55));
#2437 = ORIENTED_EDGE('',*,*,#2438,.F.);
#2438 = EDGE_CURVE('',#2407,#2417,#2439,.T.);
#2439 = CIRCLE('',#2440,18.75);
#2440 = AXIS2_PLACEMENT_3D('',#2441,#2442,#2443);
#2441 = CARTESIAN_POINT('',(0.,0.,11.));
#2442 = DIRECTION('',(1.224646799147E-16,0.,-1.));
#2443 = DIRECTION('',(-1.,0.,-1.224646799147E-16));
#2444 = TOROIDAL_SURFACE('',#2445,18.75,0.45);
#2445 = AXIS2_PLACEMENT_3D('',#2446,#2447,#2448);
#2446 = CARTESIAN_POINT('',(5.510910596163E-17,0.,10.55));
#2447 = DIRECTION('',(-1.224646799147E-16,-0.,1.));
#2448 = DIRECTION('',(-1.,0.,-1.224646799147E-16));
#2449 = ADVANCED_FACE('',(#2450),#2477,.T.);
#2450 = FACE_BOUND('',#2451,.T.);
#2451 = EDGE_LOOP('',(#2452,#2453,#2462,#2470));
#2452 = ORIENTED_EDGE('',*,*,#2225,.F.);
#2453 = ORIENTED_EDGE('',*,*,#2454,.T.);
#2454 = EDGE_CURVE('',#2217,#2455,#2457,.T.);
#2455 = VERTEX_POINT('',#2456);
#2456 = CARTESIAN_POINT('',(10.631089015392,-15.98811891208,10.55));
#2457 = CIRCLE('',#2458,4.8);
#2458 = AXIS2_PLACEMENT_3D('',#2459,#2460,#2461);
#2459 = CARTESIAN_POINT('',(15.,-14.,10.55));
#2460 = DIRECTION('',(1.224646799147E-16,0.,-1.));
#2461 = DIRECTION('',(-1.,0.,-1.224646799147E-16));
#2462 = ORIENTED_EDGE('',*,*,#2463,.T.);
#2463 = EDGE_CURVE('',#2455,#2464,#2466,.T.);
#2464 = VERTEX_POINT('',#2465);
#2465 = CARTESIAN_POINT('',(10.631089015392,-15.98811891208,5.95));
#2466 = LINE('',#2467,#2468);
#2467 = CARTESIAN_POINT('',(10.631089015392,-15.98811891208,11.));
#2468 = VECTOR('',#2469,1.);
#2469 = DIRECTION('',(1.224646799147E-16,0.,-1.));
#2470 = ORIENTED_EDGE('',*,*,#2471,.F.);
#2471 = EDGE_CURVE('',#2226,#2464,#2472,.T.);
#2472 = CIRCLE('',#2473,4.8);
#2473 = AXIS2_PLACEMENT_3D('',#2474,#2475,#2476);
#2474 = CARTESIAN_POINT('',(15.,-14.,5.95));
#2475 = DIRECTION('',(1.224646799147E-16,0.,-1.));
#2476 = DIRECTION('',(-1.,0.,-1.224646799147E-16));
#2477 = CYLINDRICAL_SURFACE('',#2478,4.8);
#2478 = AXIS2_PLACEMENT_3D('',#2479,#2480,#2481);
#2479 = CARTESIAN_POINT('',(15.,-14.,11.));
#2480 = DIRECTION('',(1.224646799147E-16,0.,-1.));
#2481 = DIRECTION('',(-1.,0.,-1.224646799147E-16));
#2482 = ADVANCED_FACE('',(#2483),#2520,.T.);
#2483 = FACE_BOUND('',#2484,.T.);
#2484 = EDGE_LOOP('',(#2485,#2494,#2502,#2511,#2518,#2519));
#2485 = ORIENTED_EDGE('',*,*,#2486,.F.);
#2486 = EDGE_CURVE('',#2487,#2274,#2489,.T.);
#2487 = VERTEX_POINT('',#2488);
#2488 = CARTESIAN_POINT('',(-10.63108901539,-15.98811891208,5.95));
#2489 = CIRCLE('',#2490,4.8);
#2490 = AXIS2_PLACEMENT_3D('',#2491,#2492,#2493);
#2491 = CARTESIAN_POINT('',(-15.,-14.,5.95));
#2492 = DIRECTION('',(1.224646799147E-16,0.,-1.));
#2493 = DIRECTION('',(-1.,0.,-1.224646799147E-16));
#2494 = ORIENTED_EDGE('',*,*,#2495,.F.);
#2495 = EDGE_CURVE('',#2496,#2487,#2498,.T.);
#2496 = VERTEX_POINT('',#2497);
#2497 = CARTESIAN_POINT('',(-10.63108901539,-15.98811891208,10.55));
#2498 = LINE('',#2499,#2500);
#2499 = CARTESIAN_POINT('',(-10.63108901539,-15.98811891208,11.));
#2500 = VECTOR('',#2501,1.);
#2501 = DIRECTION('',(1.224646799147E-16,0.,-1.));
#2502 = ORIENTED_EDGE('',*,*,#2503,.T.);
#2503 = EDGE_CURVE('',#2496,#2504,#2506,.T.);
#2504 = VERTEX_POINT('',#2505);
#2505 = CARTESIAN_POINT('',(-19.8,-14.,10.55));
#2506 = CIRCLE('',#2507,4.8);
#2507 = AXIS2_PLACEMENT_3D('',#2508,#2509,#2510);
#2508 = CARTESIAN_POINT('',(-15.,-14.,10.55));
#2509 = DIRECTION('',(1.224646799147E-16,0.,-1.));
#2510 = DIRECTION('',(-1.,0.,-1.224646799147E-16));
#2511 = ORIENTED_EDGE('',*,*,#2512,.T.);
#2512 = EDGE_CURVE('',#2504,#2242,#2513,.T.);
#2513 = CIRCLE('',#2514,4.8);
#2514 = AXIS2_PLACEMENT_3D('',#2515,#2516,#2517);
#2515 = CARTESIAN_POINT('',(-15.,-14.,10.55));
#2516 = DIRECTION('',(1.224646799147E-16,0.,-1.));
#2517 = DIRECTION('',(-1.,0.,-1.224646799147E-16));
#2518 = ORIENTED_EDGE('',*,*,#2241,.T.);
#2519 = ORIENTED_EDGE('',*,*,#2282,.F.);
#2520 = CYLINDRICAL_SURFACE('',#2521,4.8);
#2521 = AXIS2_PLACEMENT_3D('',#2522,#2523,#2524);
#2522 = CARTESIAN_POINT('',(-15.,-14.,11.));
#2523 = DIRECTION('',(1.224646799147E-16,0.,-1.));
#2524 = DIRECTION('',(-1.,0.,-1.224646799147E-16));
#2525 = ADVANCED_FACE('',(#2526),#2559,.T.);
#2526 = FACE_BOUND('',#2527,.F.);
#2527 = EDGE_LOOP('',(#2528,#2529,#2530,#2539));
#2528 = ORIENTED_EDGE('',*,*,#2249,.T.);
#2529 = ORIENTED_EDGE('',*,*,#2406,.T.);
#2530 = ORIENTED_EDGE('',*,*,#2531,.F.);
#2531 = EDGE_CURVE('',#2532,#2407,#2534,.T.);
#2532 = VERTEX_POINT('',#2533);
#2533 = CARTESIAN_POINT('',(-16.00485727935,-9.767652914974,11.));
#2534 = CIRCLE('',#2535,18.75);
#2535 = AXIS2_PLACEMENT_3D('',#2536,#2537,#2538);
#2536 = CARTESIAN_POINT('',(0.,0.,11.));
#2537 = DIRECTION('',(1.224646799147E-16,0.,-1.));
#2538 = DIRECTION('',(-1.,0.,-1.224646799147E-16));
#2539 = ORIENTED_EDGE('',*,*,#2540,.F.);
#2540 = EDGE_CURVE('',#2242,#2532,#2541,.T.);
#2541 = B_SPLINE_CURVE_WITH_KNOTS('',6,(#2542,#2543,#2544,#2545,#2546,
    #2547,#2548,#2549,#2550,#2551,#2552,#2553,#2554,#2555,#2556,#2557,
    #2558),.UNSPECIFIED.,.F.,.F.,(7,5,5,7),(0.,0.27834366273,
    0.562162290997,1.),.UNSPECIFIED.);
#2542 = CARTESIAN_POINT('',(-16.682450177,-9.504517667492,10.55));
#2543 = CARTESIAN_POINT('',(-16.682450177,-9.504517667492,
    10.584060773496));
#2544 = CARTESIAN_POINT('',(-16.6779642553,-9.506142063769,
    10.618123932246));
#2545 = CARTESIAN_POINT('',(-16.66899087824,-9.509391041751,
    10.651785567964));
#2546 = CARTESIAN_POINT('',(-16.65563723822,-9.514237347112,
    10.684652936771));
#2547 = CARTESIAN_POINT('',(-16.63810137363,-9.520629985038,
    10.716364628875));
#2548 = CARTESIAN_POINT('',(-16.59478534396,-9.536520614682,
    10.777451782699));
#2549 = CARTESIAN_POINT('',(-16.56884750482,-9.546077974425,
    10.806771840071));
#2550 = CARTESIAN_POINT('',(-16.53912531818,-9.557095418187,
    10.834242741264));
#2551 = CARTESIAN_POINT('',(-16.50596779164,-9.569480971404,
    10.85960178774));
#2552 = CARTESIAN_POINT('',(-16.4697596538,-9.583130798468,
    10.882648633036));
#2553 = CARTESIAN_POINT('',(-16.37093370495,-9.62077228523,
    10.93501113094));
#2554 = CARTESIAN_POINT('',(-16.30464901937,-9.646355705414,
    10.960940424097));
#2555 = CARTESIAN_POINT('',(-16.23346822098,-9.67428425339,
    10.980515476377));
#2556 = CARTESIAN_POINT('',(-16.15886409309,-9.704121813356,
    10.993535592154));
#2557 = CARTESIAN_POINT('',(-16.0822118511,-9.735414864734,
    11.000000030662));
#2558 = CARTESIAN_POINT('',(-16.00485727937,-9.767652914943,11.));
#2559 = TOROIDAL_SURFACE('',#2560,18.75,0.45);
#2560 = AXIS2_PLACEMENT_3D('',#2561,#2562,#2563);
#2561 = CARTESIAN_POINT('',(5.510910596163E-17,0.,10.55));
#2562 = DIRECTION('',(-1.224646799147E-16,-0.,1.));
#2563 = DIRECTION('',(-1.,0.,-1.224646799147E-16));
#2564 = ADVANCED_FACE('',(#2565),#2590,.T.);
#2565 = FACE_BOUND('',#2566,.T.);
#2566 = EDGE_LOOP('',(#2567,#2568,#2569,#2570));
#2567 = ORIENTED_EDGE('',*,*,#2486,.T.);
#2568 = ORIENTED_EDGE('',*,*,#2273,.T.);
#2569 = ORIENTED_EDGE('',*,*,#2326,.F.);
#2570 = ORIENTED_EDGE('',*,*,#2571,.F.);
#2571 = EDGE_CURVE('',#2487,#2318,#2572,.T.);
#2572 = B_SPLINE_CURVE_WITH_KNOTS('',6,(#2573,#2574,#2575,#2576,#2577,
    #2578,#2579,#2580,#2581,#2582,#2583,#2584,#2585,#2586,#2587,#2588,
    #2589),.UNSPECIFIED.,.F.,.F.,(7,5,5,7),(0.,0.278370863335,
    0.562190348191,1.),.UNSPECIFIED.);
#2573 = CARTESIAN_POINT('',(-10.63108901539,-15.98811891208,5.95));
#2574 = CARTESIAN_POINT('',(-10.63108901539,-15.98811891208,
    5.915935897981));
#2575 = CARTESIAN_POINT('',(-10.63240080313,-15.98353085491,
    5.881869409561));
#2576 = CARTESIAN_POINT('',(-10.63502445797,-15.97435319703,
    5.848204562753));
#2577 = CARTESIAN_POINT('',(-10.63894016632,-15.9606947968,
    5.815334215236));
#2578 = CARTESIAN_POINT('',(-10.64411068179,-15.94275681206,
    5.783619875851));
#2579 = CARTESIAN_POINT('',(-10.65698163132,-15.89844290264,
    5.722531117935));
#2580 = CARTESIAN_POINT('',(-10.66473020312,-15.87190634994,
    5.693211830881));
#2581 = CARTESIAN_POINT('',(-10.67367469345,-15.84149397063,
    5.665741819998));
#2582 = CARTESIAN_POINT('',(-10.68374738348,-15.80756029523,
    5.640383767154));
#2583 = CARTESIAN_POINT('',(-10.69487118282,-15.7704963017,
    5.617338001645));
#2584 = CARTESIAN_POINT('',(-10.72561583002,-15.66931259166,
    5.564980560383));
#2585 = CARTESIAN_POINT('',(-10.74657172367,-15.60142613106,
    5.539054558085));
#2586 = CARTESIAN_POINT('',(-10.76952959181,-15.5284945824,
    5.519482020811));
#2587 = CARTESIAN_POINT('',(-10.79415586665,-15.4520169694,
    5.506463579173));
#2588 = CARTESIAN_POINT('',(-10.82009290005,-15.37339620931,
    5.499999969352));
#2589 = CARTESIAN_POINT('',(-10.84692419329,-15.29400979288,5.5));
#2590 = TOROIDAL_SURFACE('',#2591,4.35,0.45);
#2591 = AXIS2_PLACEMENT_3D('',#2592,#2593,#2594);
#2592 = CARTESIAN_POINT('',(-15.,-14.,5.95));
#2593 = DIRECTION('',(1.224646799147E-16,0.,-1.));
#2594 = DIRECTION('',(-1.,0.,-1.224646799147E-16));
#2595 = ADVANCED_FACE('',(#2596),#2621,.T.);
#2596 = FACE_BOUND('',#2597,.T.);
#2597 = EDGE_LOOP('',(#2598,#2618,#2619,#2620));
#2598 = ORIENTED_EDGE('',*,*,#2599,.F.);
#2599 = EDGE_CURVE('',#2309,#2464,#2600,.T.);
#2600 = B_SPLINE_CURVE_WITH_KNOTS('',6,(#2601,#2602,#2603,#2604,#2605,
    #2606,#2607,#2608,#2609,#2610,#2611,#2612,#2613,#2614,#2615,#2616,
    #2617),.UNSPECIFIED.,.F.,.F.,(7,5,5,7),(0.,0.437014864864,
    0.720682026342,1.),.UNSPECIFIED.);
#2601 = CARTESIAN_POINT('',(10.846924193313,-15.29400979287,5.5));
#2602 = CARTESIAN_POINT('',(10.820141579498,-15.37325217999,
    5.499999969141));
#2603 = CARTESIAN_POINT('',(10.794250026091,-15.45173156151,
    5.506440147588));
#2604 = CARTESIAN_POINT('',(10.769663697802,-15.52807812868,
    5.519411189074));
#2605 = CARTESIAN_POINT('',(10.746738413012,-15.60089663298,5.5389125987
    ));
#2606 = CARTESIAN_POINT('',(10.725806045494,-15.66869643846,
    5.56474552645));
#2607 = CARTESIAN_POINT('',(10.695067358526,-15.7698443527,
    5.616947009822));
#2608 = CARTESIAN_POINT('',(10.683934552079,-15.80693254006,
    5.639946324358));
#2609 = CARTESIAN_POINT('',(10.673850805367,-15.84089836501,
    5.665257563931));
#2610 = CARTESIAN_POINT('',(10.664893149197,-15.8713512808,
    5.692681301098));
#2611 = CARTESIAN_POINT('',(10.657129290084,-15.89793691428,
    5.721955898005));
#2612 = CARTESIAN_POINT('',(10.644198776451,-15.94245119917,
    5.783080548661));
#2613 = CARTESIAN_POINT('',(10.638993541701,-15.9605086156,
    5.814886971303));
#2614 = CARTESIAN_POINT('',(10.635051281976,-15.97425936363,
    5.847860979933));
#2615 = CARTESIAN_POINT('',(10.632409744132,-15.98349958638,
    5.881637606089));
#2616 = CARTESIAN_POINT('',(10.631089015392,-15.98811891208,
    5.915820015747));
#2617 = CARTESIAN_POINT('',(10.631089015392,-15.98811891208,5.95));
#2618 = ORIENTED_EDGE('',*,*,#2308,.F.);
#2619 = ORIENTED_EDGE('',*,*,#2377,.F.);
#2620 = ORIENTED_EDGE('',*,*,#2471,.T.);
#2621 = TOROIDAL_SURFACE('',#2622,4.35,0.45);
#2622 = AXIS2_PLACEMENT_3D('',#2623,#2624,#2625);
#2623 = CARTESIAN_POINT('',(15.,-14.,5.95));
#2624 = DIRECTION('',(1.224646799147E-16,0.,-1.));
#2625 = DIRECTION('',(-1.,0.,-1.224646799147E-16));
#2626 = ADVANCED_FACE('',(#2627),#2639,.T.);
#2627 = FACE_BOUND('',#2628,.T.);
#2628 = EDGE_LOOP('',(#2629,#2630,#2637,#2638));
#2629 = ORIENTED_EDGE('',*,*,#2599,.T.);
#2630 = ORIENTED_EDGE('',*,*,#2631,.T.);
#2631 = EDGE_CURVE('',#2464,#2487,#2632,.T.);
#2632 = CIRCLE('',#2633,19.2);
#2633 = AXIS2_PLACEMENT_3D('',#2634,#2635,#2636);
#2634 = CARTESIAN_POINT('',(6.184466335694E-16,0.,5.95));
#2635 = DIRECTION('',(1.224646799147E-16,0.,-1.));
#2636 = DIRECTION('',(-1.,0.,-1.224646799147E-16));
#2637 = ORIENTED_EDGE('',*,*,#2571,.T.);
#2638 = ORIENTED_EDGE('',*,*,#2317,.F.);
#2639 = TOROIDAL_SURFACE('',#2640,18.75,0.45);
#2640 = AXIS2_PLACEMENT_3D('',#2641,#2642,#2643);
#2641 = CARTESIAN_POINT('',(6.184466335694E-16,0.,5.95));
#2642 = DIRECTION('',(1.224646799147E-16,0.,-1.));
#2643 = DIRECTION('',(-1.,0.,-1.224646799147E-16));
#2644 = ADVANCED_FACE('',(#2645),#2664,.F.);
#2645 = FACE_BOUND('',#2646,.F.);
#2646 = EDGE_LOOP('',(#2647,#2655,#2656,#2657));
#2647 = ORIENTED_EDGE('',*,*,#2648,.T.);
#2648 = EDGE_CURVE('',#2649,#2337,#2651,.T.);
#2649 = VERTEX_POINT('',#2650);
#2650 = CARTESIAN_POINT('',(13.3,-14.,8.6));
#2651 = LINE('',#2652,#2653);
#2652 = CARTESIAN_POINT('',(13.3,-14.,11.1));
#2653 = VECTOR('',#2654,1.);
#2654 = DIRECTION('',(1.224646799147E-16,0.,-1.));
#2655 = ORIENTED_EDGE('',*,*,#2336,.F.);
#2656 = ORIENTED_EDGE('',*,*,#2648,.F.);
#2657 = ORIENTED_EDGE('',*,*,#2658,.T.);
#2658 = EDGE_CURVE('',#2649,#2649,#2659,.T.);
#2659 = CIRCLE('',#2660,1.7);
#2660 = AXIS2_PLACEMENT_3D('',#2661,#2662,#2663);
#2661 = CARTESIAN_POINT('',(15.,-14.,8.6));
#2662 = DIRECTION('',(1.224646799147E-16,0.,-1.));
#2663 = DIRECTION('',(-1.,0.,-1.224646799147E-16));
#2664 = CYLINDRICAL_SURFACE('',#2665,1.7);
#2665 = AXIS2_PLACEMENT_3D('',#2666,#2667,#2668);
#2666 = CARTESIAN_POINT('',(15.,-14.,11.1));
#2667 = DIRECTION('',(1.224646799147E-16,0.,-1.));
#2668 = DIRECTION('',(-1.,0.,-1.224646799147E-16));
#2669 = ADVANCED_FACE('',(#2670),#2689,.F.);
#2670 = FACE_BOUND('',#2671,.F.);
#2671 = EDGE_LOOP('',(#2672,#2680,#2681,#2682));
#2672 = ORIENTED_EDGE('',*,*,#2673,.T.);
#2673 = EDGE_CURVE('',#2674,#2348,#2676,.T.);
#2674 = VERTEX_POINT('',#2675);
#2675 = CARTESIAN_POINT('',(-16.7,-14.,8.6));
#2676 = LINE('',#2677,#2678);
#2677 = CARTESIAN_POINT('',(-16.7,-14.,11.1));
#2678 = VECTOR('',#2679,1.);
#2679 = DIRECTION('',(1.224646799147E-16,0.,-1.));
#2680 = ORIENTED_EDGE('',*,*,#2347,.F.);
#2681 = ORIENTED_EDGE('',*,*,#2673,.F.);
#2682 = ORIENTED_EDGE('',*,*,#2683,.T.);
#2683 = EDGE_CURVE('',#2674,#2674,#2684,.T.);
#2684 = CIRCLE('',#2685,1.7);
#2685 = AXIS2_PLACEMENT_3D('',#2686,#2687,#2688);
#2686 = CARTESIAN_POINT('',(-15.,-14.,8.6));
#2687 = DIRECTION('',(1.224646799147E-16,0.,-1.));
#2688 = DIRECTION('',(-1.,0.,-1.224646799147E-16));
#2689 = CYLINDRICAL_SURFACE('',#2690,1.7);
#2690 = AXIS2_PLACEMENT_3D('',#2691,#2692,#2693);
#2691 = CARTESIAN_POINT('',(-15.,-14.,11.1));
#2692 = DIRECTION('',(1.224646799147E-16,0.,-1.));
#2693 = DIRECTION('',(-1.,0.,-1.224646799147E-16));
#2694 = ADVANCED_FACE('',(#2695),#2714,.F.);
#2695 = FACE_BOUND('',#2696,.F.);
#2696 = EDGE_LOOP('',(#2697,#2698,#2706,#2713));
#2697 = ORIENTED_EDGE('',*,*,#2358,.F.);
#2698 = ORIENTED_EDGE('',*,*,#2699,.F.);
#2699 = EDGE_CURVE('',#2700,#2359,#2702,.T.);
#2700 = VERTEX_POINT('',#2701);
#2701 = CARTESIAN_POINT('',(-17.65,-4.32300320099E-15,6.45));
#2702 = LINE('',#2703,#2704);
#2703 = CARTESIAN_POINT('',(-17.65,-4.32300320099E-15,6.45));
#2704 = VECTOR('',#2705,1.);
#2705 = DIRECTION('',(1.224646799147E-16,0.,-1.));
#2706 = ORIENTED_EDGE('',*,*,#2707,.T.);
#2707 = EDGE_CURVE('',#2700,#2700,#2708,.T.);
#2708 = CIRCLE('',#2709,17.65);
#2709 = AXIS2_PLACEMENT_3D('',#2710,#2711,#2712);
#2710 = CARTESIAN_POINT('',(5.57214293612E-16,0.,6.45));
#2711 = DIRECTION('',(1.224646799147E-16,0.,-1.));
#2712 = DIRECTION('',(-1.,0.,-1.224646799147E-16));
#2713 = ORIENTED_EDGE('',*,*,#2699,.T.);
#2714 = CYLINDRICAL_SURFACE('',#2715,17.65);
#2715 = AXIS2_PLACEMENT_3D('',#2716,#2717,#2718);
#2716 = CARTESIAN_POINT('',(5.57214293612E-16,0.,6.45));
#2717 = DIRECTION('',(1.224646799147E-16,0.,-1.));
#2718 = DIRECTION('',(-1.,0.,-1.224646799147E-16));
#2719 = ADVANCED_FACE('',(#2720,#2758,#2769,#2780,#2791),#3195,.T.);
#2720 = FACE_BOUND('',#2721,.T.);
#2721 = EDGE_LOOP('',(#2722,#2723,#2732,#2741,#2750,#2757));
#2722 = ORIENTED_EDGE('',*,*,#2531,.F.);
#2723 = ORIENTED_EDGE('',*,*,#2724,.F.);
#2724 = EDGE_CURVE('',#2725,#2532,#2727,.T.);
#2725 = VERTEX_POINT('',#2726);
#2726 = CARTESIAN_POINT('',(-19.35,-14.,11.));
#2727 = CIRCLE('',#2728,4.35);
#2728 = AXIS2_PLACEMENT_3D('',#2729,#2730,#2731);
#2729 = CARTESIAN_POINT('',(-15.,-14.,11.));
#2730 = DIRECTION('',(1.224646799147E-16,0.,-1.));
#2731 = DIRECTION('',(-1.,0.,-1.224646799147E-16));
#2732 = ORIENTED_EDGE('',*,*,#2733,.F.);
#2733 = EDGE_CURVE('',#2734,#2725,#2736,.T.);
#2734 = VERTEX_POINT('',#2735);
#2735 = CARTESIAN_POINT('',(-10.84692419332,-15.29400979286,11.));
#2736 = CIRCLE('',#2737,4.35);
#2737 = AXIS2_PLACEMENT_3D('',#2738,#2739,#2740);
#2738 = CARTESIAN_POINT('',(-15.,-14.,11.));
#2739 = DIRECTION('',(1.224646799147E-16,0.,-1.));
#2740 = DIRECTION('',(-1.,0.,-1.224646799147E-16));
#2741 = ORIENTED_EDGE('',*,*,#2742,.F.);
#2742 = EDGE_CURVE('',#2743,#2734,#2745,.T.);
#2743 = VERTEX_POINT('',#2744);
#2744 = CARTESIAN_POINT('',(10.846924193327,-15.29400979286,11.));
#2745 = CIRCLE('',#2746,18.75);
#2746 = AXIS2_PLACEMENT_3D('',#2747,#2748,#2749);
#2747 = CARTESIAN_POINT('',(0.,0.,11.));
#2748 = DIRECTION('',(1.224646799147E-16,0.,-1.));
#2749 = DIRECTION('',(-1.,0.,-1.224646799147E-16));
#2750 = ORIENTED_EDGE('',*,*,#2751,.F.);
#2751 = EDGE_CURVE('',#2417,#2743,#2752,.T.);
#2752 = CIRCLE('',#2753,4.35);
#2753 = AXIS2_PLACEMENT_3D('',#2754,#2755,#2756);
#2754 = CARTESIAN_POINT('',(15.,-14.,11.));
#2755 = DIRECTION('',(1.224646799147E-16,0.,-1.));
#2756 = DIRECTION('',(-1.,0.,-1.224646799147E-16));
#2757 = ORIENTED_EDGE('',*,*,#2438,.F.);
#2758 = FACE_BOUND('',#2759,.T.);
#2759 = EDGE_LOOP('',(#2760));
#2760 = ORIENTED_EDGE('',*,*,#2761,.T.);
#2761 = EDGE_CURVE('',#2762,#2762,#2764,.T.);
#2762 = VERTEX_POINT('',#2763);
#2763 = CARTESIAN_POINT('',(-18.15,-14.,11.));
#2764 = CIRCLE('',#2765,3.15);
#2765 = AXIS2_PLACEMENT_3D('',#2766,#2767,#2768);
#2766 = CARTESIAN_POINT('',(-15.,-14.,11.));
#2767 = DIRECTION('',(1.224646799147E-16,0.,-1.));
#2768 = DIRECTION('',(-1.,0.,-1.224646799147E-16));
#2769 = FACE_BOUND('',#2770,.T.);
#2770 = EDGE_LOOP('',(#2771));
#2771 = ORIENTED_EDGE('',*,*,#2772,.T.);
#2772 = EDGE_CURVE('',#2773,#2773,#2775,.T.);
#2773 = VERTEX_POINT('',#2774);
#2774 = CARTESIAN_POINT('',(11.85,-14.,11.));
#2775 = CIRCLE('',#2776,3.15);
#2776 = AXIS2_PLACEMENT_3D('',#2777,#2778,#2779);
#2777 = CARTESIAN_POINT('',(15.,-14.,11.));
#2778 = DIRECTION('',(1.224646799147E-16,0.,-1.));
#2779 = DIRECTION('',(-1.,0.,-1.224646799147E-16));
#2780 = FACE_BOUND('',#2781,.T.);
#2781 = EDGE_LOOP('',(#2782));
#2782 = ORIENTED_EDGE('',*,*,#2783,.T.);
#2783 = EDGE_CURVE('',#2784,#2784,#2786,.T.);
#2784 = VERTEX_POINT('',#2785);
#2785 = CARTESIAN_POINT('',(-11.3,-2.767701766073E-15,11.));
#2786 = CIRCLE('',#2787,11.3);
#2787 = AXIS2_PLACEMENT_3D('',#2788,#2789,#2790);
#2788 = CARTESIAN_POINT('',(0.,0.,11.));
#2789 = DIRECTION('',(1.224646799147E-16,0.,-1.));
#2790 = DIRECTION('',(-1.,0.,-1.224646799147E-16));
#2791 = FACE_BOUND('',#2792,.T.);
#2792 = EDGE_LOOP('',(#2793,#2803,#2811,#2820,#2828,#2836,#2844,#2852,
    #2860,#2868,#2876,#2884,#2892,#2900,#2908,#2916,#2924,#2932,#2940,
    #2948,#2956,#2964,#2972,#2980,#2988,#2996,#3004,#3012,#3021,#3029,
    #3037,#3045,#3053,#3061,#3069,#3077,#3085,#3093,#3101,#3109,#3117,
    #3125,#3133,#3141,#3149,#3157,#3165,#3173,#3181,#3189));
#2793 = ORIENTED_EDGE('',*,*,#2794,.T.);
#2794 = EDGE_CURVE('',#2795,#2797,#2799,.T.);
#2795 = VERTEX_POINT('',#2796);
#2796 = CARTESIAN_POINT('',(-10.72688421777,8.481720343093,11.));
#2797 = VERTEX_POINT('',#2798);
#2798 = CARTESIAN_POINT('',(-11.44710634921,7.481268691185,11.));
#2799 = LINE('',#2800,#2801);
#2800 = CARTESIAN_POINT('',(-11.75066041892,7.059605488647,11.));
#2801 = VECTOR('',#2802,1.);
#2802 = DIRECTION('',(-0.584249665637,-0.811573981965,
    -7.154994829258E-17));
#2803 = ORIENTED_EDGE('',*,*,#2804,.T.);
#2804 = EDGE_CURVE('',#2797,#2805,#2807,.T.);
#2805 = VERTEX_POINT('',#2806);
#2806 = CARTESIAN_POINT('',(-12.07430833234,6.420023621097,11.));
#2807 = LINE('',#2808,#2809);
#2808 = CARTESIAN_POINT('',(-12.37239226608,5.915656425733,11.));
#2809 = VECTOR('',#2810,1.);
#2810 = DIRECTION('',(-0.508791014511,-0.860890064731,
    -6.230892873559E-17));
#2811 = ORIENTED_EDGE('',*,*,#2812,.T.);
#2812 = EDGE_CURVE('',#2805,#2813,#2815,.T.);
#2813 = VERTEX_POINT('',#2814);
#2814 = CARTESIAN_POINT('',(-12.80532122007,6.852056471753,11.));
#2815 = CIRCLE('',#2816,0.425);
#2816 = AXIS2_PLACEMENT_3D('',#2817,#2818,#2819);
#2817 = CARTESIAN_POINT('',(-12.44956105931,6.619549035281,11.));
#2818 = DIRECTION('',(1.224646799147E-16,0.,-1.));
#2819 = DIRECTION('',(-1.,0.,-1.224646799147E-16));
#2820 = ORIENTED_EDGE('',*,*,#2821,.T.);
#2821 = EDGE_CURVE('',#2813,#2822,#2824,.T.);
#2822 = VERTEX_POINT('',#2823);
#2823 = CARTESIAN_POINT('',(-12.15862667074,7.946283564129,11.));
#2824 = LINE('',#2825,#2826);
#2825 = CARTESIAN_POINT('',(-13.42675242848,5.800575730201,11.));
#2826 = VECTOR('',#2827,1.);
#2827 = DIRECTION('',(0.508791014511,0.860890064731,6.230892873559E-17)
  );
#2828 = ORIENTED_EDGE('',*,*,#2829,.T.);
#2829 = EDGE_CURVE('',#2822,#2830,#2832,.T.);
#2830 = VERTEX_POINT('',#2831);
#2831 = CARTESIAN_POINT('',(-11.39363753295,9.008920510671,11.));
#2832 = LINE('',#2833,#2834);
#2833 = CARTESIAN_POINT('',(-12.81110005458,7.039940859295,11.));
#2834 = VECTOR('',#2835,1.);
#2835 = DIRECTION('',(0.584249665637,0.811573981965,7.154994829258E-17)
  );
#2836 = ORIENTED_EDGE('',*,*,#2837,.T.);
#2837 = EDGE_CURVE('',#2830,#2838,#2840,.T.);
#2838 = VERTEX_POINT('',#2839);
#2839 = CARTESIAN_POINT('',(-10.53606273895,9.998350211952,11.));
#2840 = LINE('',#2841,#2842);
#2841 = CARTESIAN_POINT('',(-12.07396590794,8.223989440465,11.));
#2842 = VECTOR('',#2843,1.);
#2843 = DIRECTION('',(0.654960654875,0.755662980809,8.020954695603E-17)
  );
#2844 = ORIENTED_EDGE('',*,*,#2845,.T.);
#2845 = EDGE_CURVE('',#2838,#2846,#2848,.T.);
#2846 = VERTEX_POINT('',#2847);
#2847 = CARTESIAN_POINT('',(-9.592871013586,10.906532479056,11.));
#2848 = LINE('',#2849,#2850);
#2849 = CARTESIAN_POINT('',(-11.22010004527,9.339703051542,11.));
#2850 = VECTOR('',#2851,1.);
#2851 = DIRECTION('',(0.720349378782,0.693611398759,8.821735609937E-17)
  );
#2852 = ORIENTED_EDGE('',*,*,#2853,.T.);
#2853 = EDGE_CURVE('',#2846,#2854,#2856,.T.);
#2854 = VERTEX_POINT('',#2855);
#2855 = CARTESIAN_POINT('',(-8.571726812088,11.72608734655,11.));
#2856 = LINE('',#2857,#2858);
#2857 = CARTESIAN_POINT('',(-10.25583049557,10.374451241536,11.));
#2858 = VECTOR('',#2859,1.);
#2859 = DIRECTION('',(0.779884483093,0.625923472184,9.550830359244E-17)
  );
#2860 = ORIENTED_EDGE('',*,*,#2861,.T.);
#2861 = EDGE_CURVE('',#2854,#2862,#2864,.T.);
#2862 = VERTEX_POINT('',#2863);
#2863 = CARTESIAN_POINT('',(-7.480928038069,12.450355042698,11.));
#2864 = LINE('',#2865,#2866);
#2865 = CARTESIAN_POINT('',(-9.189031643542,11.316209779077,11.));
#2866 = VECTOR('',#2867,1.);
#2867 = DIRECTION('',(0.833082180545,0.553149238866,1.020231425831E-16)
  );
#2868 = ORIENTED_EDGE('',*,*,#2869,.T.);
#2869 = EDGE_CURVE('',#2862,#2870,#2872,.T.);
#2870 = VERTEX_POINT('',#2871);
#2871 = CARTESIAN_POINT('',(-6.329338614046,13.073450107326,11.));
#2872 = LINE('',#2873,#2874);
#2873 = CARTESIAN_POINT('',(-8.029058987848,12.153775652116,11.));
#2874 = VECTOR('',#2875,1.);
#2875 = DIRECTION('',(0.879510182178,0.475880068342,1.077089329422E-16)
  );
#2876 = ORIENTED_EDGE('',*,*,#2877,.T.);
#2877 = EDGE_CURVE('',#2870,#2878,#2880,.T.);
#2878 = VERTEX_POINT('',#2879);
#2879 = CARTESIAN_POINT('',(-5.126316452469,13.590309217569,11.));
#2880 = LINE('',#2881,#2882);
#2881 = CARTESIAN_POINT('',(-6.786650845449,12.876973267102,11.));
#2882 = VECTOR('',#2883,1.);
#2883 = DIRECTION('',(0.918791210149,0.394743856384,1.125194714594E-16)
  );
#2884 = ORIENTED_EDGE('',*,*,#2885,.T.);
#2885 = EDGE_CURVE('',#2878,#2886,#2888,.T.);
#2886 = VERTEX_POINT('',#2887);
#2887 = CARTESIAN_POINT('',(-3.881637412537,13.996732332855,11.));
#2888 = LINE('',#2889,#2890);
#2889 = CARTESIAN_POINT('',(-5.473798522902,13.47684643637,11.));
#2890 = VECTOR('',#2891,1.);
#2891 = DIRECTION('',(0.950606063522,0.310399922672,1.164156672943E-16)
  );
#2892 = ORIENTED_EDGE('',*,*,#2893,.T.);
#2893 = EDGE_CURVE('',#2886,#2894,#2896,.T.);
#2894 = VERTEX_POINT('',#2895);
#2895 = CARTESIAN_POINT('',(-2.605415860742,14.28941682479,11.));
#2896 = LINE('',#2897,#2898);
#2897 = CARTESIAN_POINT('',(-4.103587390653,13.94583104813,11.));
#2898 = VECTOR('',#2899,1.);
#2899 = DIRECTION('',(0.974696212126,0.223533653099,1.193658596321E-16)
  );
#2900 = ORIENTED_EDGE('',*,*,#2901,.T.);
#2901 = EDGE_CURVE('',#2894,#2902,#2904,.T.);
#2902 = VERTEX_POINT('',#2903);
#2903 = CARTESIAN_POINT('',(-1.308022480679,14.465984314593,11.));
#2904 = LINE('',#2905,#2906);
#2905 = CARTESIAN_POINT('',(-2.690012146124,14.277903775636,11.));
#2906 = VECTOR('',#2907,1.);
#2907 = DIRECTION('',(0.990865897387,0.134850930274,1.213460749619E-16)
  );
#2908 = ORIENTED_EDGE('',*,*,#2909,.T.);
#2909 = EDGE_CURVE('',#2902,#2910,#2912,.T.);
#2910 = VERTEX_POINT('',#2911);
#2911 = CARTESIAN_POINT('',(-8.893997378808E-16,14.525,11.));
#2912 = LINE('',#2913,#2914);
#2913 = CARTESIAN_POINT('',(-1.247770310074,14.468702787094,11.));
#2914 = VECTOR('',#2915,1.);
#2915 = DIRECTION('',(0.998983723084,4.507239745458E-02,
    1.223402218876E-16));
#2916 = ORIENTED_EDGE('',*,*,#2917,.T.);
#2917 = EDGE_CURVE('',#2910,#2918,#2920,.T.);
#2918 = VERTEX_POINT('',#2919);
#2919 = CARTESIAN_POINT('',(1.308022480679,14.465984314593,11.));
#2920 = LINE('',#2921,#2922);
#2921 = CARTESIAN_POINT('',(0.207961356,14.515617147531,11.));
#2922 = VECTOR('',#2923,1.);
#2923 = DIRECTION('',(0.998983723084,-4.507239745458E-02,
    1.223402218876E-16));
#2924 = ORIENTED_EDGE('',*,*,#2925,.T.);
#2925 = EDGE_CURVE('',#2918,#2926,#2928,.T.);
#2926 = VERTEX_POINT('',#2927);
#2927 = CARTESIAN_POINT('',(2.605415860742,14.28941682479,11.));
#2928 = LINE('',#2929,#2930);
#2929 = CARTESIAN_POINT('',(1.661762316179,14.41784243584,11.));
#2930 = VECTOR('',#2931,1.);
#2931 = DIRECTION('',(0.990865897387,-0.134850930274,1.213460749619E-16)
  );
#2932 = ORIENTED_EDGE('',*,*,#2933,.T.);
#2933 = EDGE_CURVE('',#2926,#2934,#2936,.T.);
#2934 = VERTEX_POINT('',#2935);
#2935 = CARTESIAN_POINT('',(3.881637412537,13.996732332855,11.));
#2936 = LINE('',#2937,#2938);
#2937 = CARTESIAN_POINT('',(3.098210059109,14.176401009178,11.));
#2938 = VECTOR('',#2939,1.);
#2939 = DIRECTION('',(0.974696212126,-0.223533653099,1.193658596321E-16)
  );
#2940 = ORIENTED_EDGE('',*,*,#2941,.T.);
#2941 = EDGE_CURVE('',#2934,#2942,#2944,.T.);
#2942 = VERTEX_POINT('',#2943);
#2943 = CARTESIAN_POINT('',(5.126316452469,13.590309217569,11.));
#2944 = LINE('',#2945,#2946);
#2945 = CARTESIAN_POINT('',(4.502122486057,13.794126304732,11.));
#2946 = VECTOR('',#2947,1.);
#2947 = DIRECTION('',(0.950606063522,-0.310399922672,1.164156672943E-16)
  );
#2948 = ORIENTED_EDGE('',*,*,#2949,.T.);
#2949 = EDGE_CURVE('',#2942,#2950,#2952,.T.);
#2950 = VERTEX_POINT('',#2951);
#2951 = CARTESIAN_POINT('',(6.329338614046,13.073450107326,11.));
#2952 = LINE('',#2953,#2954);
#2953 = CARTESIAN_POINT('',(5.858795121022,13.275611546161,11.));
#2954 = VECTOR('',#2955,1.);
#2955 = DIRECTION('',(0.918791210149,-0.394743856384,1.125194714594E-16)
  );
#2956 = ORIENTED_EDGE('',*,*,#2957,.T.);
#2957 = EDGE_CURVE('',#2950,#2958,#2960,.T.);
#2958 = VERTEX_POINT('',#2959);
#2959 = CARTESIAN_POINT('',(7.480928038069,12.450355042698,11.));
#2960 = LINE('',#2961,#2962);
#2961 = CARTESIAN_POINT('',(7.15422752256,12.627124188523,11.));
#2962 = VECTOR('',#2963,1.);
#2963 = DIRECTION('',(0.879510182178,-0.475880068342,1.077089329422E-16)
  );
#2964 = ORIENTED_EDGE('',*,*,#2965,.T.);
#2965 = EDGE_CURVE('',#2958,#2966,#2968,.T.);
#2966 = VERTEX_POINT('',#2967);
#2967 = CARTESIAN_POINT('',(8.571726812088,11.72608734655,11.));
#2968 = LINE('',#2969,#2970);
#2969 = CARTESIAN_POINT('',(8.37533358912,11.856488361409,11.));
#2970 = VECTOR('',#2971,1.);
#2971 = DIRECTION('',(0.833082180545,-0.553149238866,1.020231425831E-16)
  );
#2972 = ORIENTED_EDGE('',*,*,#2973,.T.);
#2973 = EDGE_CURVE('',#2966,#2974,#2976,.T.);
#2974 = VERTEX_POINT('',#2975);
#2975 = CARTESIAN_POINT('',(9.592871013586,10.906532479056,11.));
#2976 = LINE('',#2977,#2978);
#2977 = CARTESIAN_POINT('',(9.510130917443,10.972938426846,11.));
#2978 = VECTOR('',#2979,1.);
#2979 = DIRECTION('',(0.779884483093,-0.625923472184,9.550830359244E-17)
  );
#2980 = ORIENTED_EDGE('',*,*,#2981,.T.);
#2981 = EDGE_CURVE('',#2974,#2982,#2984,.T.);
#2982 = VERTEX_POINT('',#2983);
#2983 = CARTESIAN_POINT('',(10.536062738953,9.998350211952,11.));
#2984 = LINE('',#2985,#2986);
#2985 = CARTESIAN_POINT('',(10.547904982273,9.986947529871,11.));
#2986 = VECTOR('',#2987,1.);
#2987 = DIRECTION('',(0.720349378782,-0.693611398759,8.821735609937E-17)
  );
#2988 = ORIENTED_EDGE('',*,*,#2989,.T.);
#2989 = EDGE_CURVE('',#2982,#2990,#2992,.T.);
#2990 = VERTEX_POINT('',#2991);
#2991 = CARTESIAN_POINT('',(11.393637532957,9.008920510671,11.));
#2992 = LINE('',#2993,#2994);
#2993 = CARTESIAN_POINT('',(11.479344636041,8.910035662382,11.));
#2994 = VECTOR('',#2995,1.);
#2995 = DIRECTION('',(0.654960654875,-0.755662980809,8.020954695603E-17)
  );
#2996 = ORIENTED_EDGE('',*,*,#2997,.T.);
#2997 = EDGE_CURVE('',#2990,#2998,#3000,.T.);
#2998 = VERTEX_POINT('',#2999);
#2999 = CARTESIAN_POINT('',(12.158626670741,7.946283564129,11.));
#3000 = LINE('',#3001,#3002);
#3001 = CARTESIAN_POINT('',(12.296646256377,7.754562265355,11.));
#3002 = VECTOR('',#3003,1.);
#3003 = DIRECTION('',(0.584249665637,-0.811573981965,7.154994829258E-17)
  );
#3004 = ORIENTED_EDGE('',*,*,#3005,.T.);
#3005 = EDGE_CURVE('',#2998,#3006,#3008,.T.);
#3006 = VERTEX_POINT('',#3007);
#3007 = CARTESIAN_POINT('',(12.805321220073,6.852056471753,11.));
#3008 = LINE('',#3009,#3010);
#3009 = CARTESIAN_POINT('',(12.99358477115,6.533508745769,11.));
#3010 = VECTOR('',#3011,1.);
#3011 = DIRECTION('',(0.508791014511,-0.860890064731,6.230892873559E-17)
  );
#3012 = ORIENTED_EDGE('',*,*,#3013,.T.);
#3013 = EDGE_CURVE('',#3006,#3014,#3016,.T.);
#3014 = VERTEX_POINT('',#3015);
#3015 = CARTESIAN_POINT('',(12.074308332346,6.420023621097,11.));
#3016 = CIRCLE('',#3017,0.425);
#3017 = AXIS2_PLACEMENT_3D('',#3018,#3019,#3020);
#3018 = CARTESIAN_POINT('',(12.449561059311,6.619549035281,11.));
#3019 = DIRECTION('',(1.224646799147E-16,0.,-1.));
#3020 = DIRECTION('',(-1.,0.,-1.224646799147E-16));
#3021 = ORIENTED_EDGE('',*,*,#3022,.T.);
#3022 = EDGE_CURVE('',#3014,#3023,#3025,.T.);
#3023 = VERTEX_POINT('',#3024);
#3024 = CARTESIAN_POINT('',(11.447106349218,7.481268691185,11.));
#3025 = LINE('',#3026,#3027);
#3026 = CARTESIAN_POINT('',(12.585919158089,5.554362348925,11.));
#3027 = VECTOR('',#3028,1.);
#3028 = DIRECTION('',(-0.508791014511,0.860890064731,-6.230892873559E-17
    ));
#3029 = ORIENTED_EDGE('',*,*,#3030,.T.);
#3030 = EDGE_CURVE('',#3023,#3031,#3033,.T.);
#3031 = VERTEX_POINT('',#3032);
#3032 = CARTESIAN_POINT('',(10.726884217775,8.481720343093,11.));
#3033 = LINE('',#3034,#3035);
#3034 = CARTESIAN_POINT('',(11.978812255331,6.742682595482,11.));
#3035 = VECTOR('',#3036,1.);
#3036 = DIRECTION('',(-0.584249665637,0.811573981965,-7.154994829258E-17
    ));
#3037 = ORIENTED_EDGE('',*,*,#3038,.T.);
#3038 = EDGE_CURVE('',#3031,#3039,#3041,.T.);
#3039 = VERTEX_POINT('',#3040);
#3040 = CARTESIAN_POINT('',(9.919494523593,9.413248822612,11.));
#3041 = LINE('',#3042,#3043);
#3042 = CARTESIAN_POINT('',(11.253924992816,7.873645338723,11.));
#3043 = VECTOR('',#3044,1.);
#3044 = DIRECTION('',(-0.654960654875,0.755662980809,-8.020954695603E-17
    ));
#3045 = ORIENTED_EDGE('',*,*,#3046,.T.);
#3046 = EDGE_CURVE('',#3039,#3047,#3049,.T.);
#3047 = VERTEX_POINT('',#3048);
#3048 = CARTESIAN_POINT('',(9.031498183186,10.268284451022,11.));
#3049 = LINE('',#3050,#3051);
#3050 = CARTESIAN_POINT('',(10.416731475837,8.934468347306,11.));
#3051 = VECTOR('',#3052,1.);
#3052 = DIRECTION('',(-0.720349378782,0.693611398759,-8.821735609937E-17
    ));
#3053 = ORIENTED_EDGE('',*,*,#3054,.T.);
#3054 = EDGE_CURVE('',#3047,#3055,#3057,.T.);
#3055 = VERTEX_POINT('',#3056);
#3056 = CARTESIAN_POINT('',(8.070111129453,11.039879136942,11.));
#3057 = LINE('',#3058,#3059);
#3058 = CARTESIAN_POINT('',(9.474269474733,9.912922919671,11.));
#3059 = VECTOR('',#3060,1.);
#3060 = DIRECTION('',(-0.779884483093,0.625923472184,-9.550830359244E-17
    ));
#3061 = ORIENTED_EDGE('',*,*,#3062,.T.);
#3062 = EDGE_CURVE('',#3055,#3063,#3065,.T.);
#3063 = VERTEX_POINT('',#3064);
#3064 = CARTESIAN_POINT('',(7.043145674395,11.721762837101,11.));
#3065 = LINE('',#3066,#3067);
#3066 = CARTESIAN_POINT('',(8.435075623235,10.797550304729,11.));
#3067 = VECTOR('',#3068,1.);
#3068 = DIRECTION('',(-0.833082180545,0.553149238866,-1.020231425831E-16
    ));
#3069 = ORIENTED_EDGE('',*,*,#3070,.T.);
#3070 = EDGE_CURVE('',#3063,#3071,#3073,.T.);
#3071 = VERTEX_POINT('',#3072);
#3072 = CARTESIAN_POINT('',(5.958947025616,12.308394507242,11.));
#3073 = LINE('',#3074,#3075);
#3074 = CARTESIAN_POINT('',(7.309087564709,11.57786860199,11.));
#3075 = VECTOR('',#3076,1.);
#3076 = DIRECTION('',(-0.879510182178,0.475880068342,-1.077089329422E-16
    ));
#3077 = ORIENTED_EDGE('',*,*,#3078,.T.);
#3078 = EDGE_CURVE('',#3071,#3079,#3081,.T.);
#3079 = VERTEX_POINT('',#3080);
#3080 = CARTESIAN_POINT('',(4.826325472462,12.795007129106,11.));
#3081 = LINE('',#3082,#3083);
#3082 = CARTESIAN_POINT('',(6.107514765486,12.244564768861,11.));
#3083 = VECTOR('',#3084,1.);
#3084 = DIRECTION('',(-0.918791210149,0.394743856384,-1.125194714594E-16
    ));
#3085 = ORIENTED_EDGE('',*,*,#3086,.T.);
#3086 = EDGE_CURVE('',#3079,#3087,#3089,.T.);
#3087 = VERTEX_POINT('',#3088);
#3088 = CARTESIAN_POINT('',(3.65448479287,13.177646447628,11.));
#3089 = LINE('',#3090,#3091);
#3090 = CARTESIAN_POINT('',(4.842680616101,12.789666709435,11.));
#3091 = VECTOR('',#3092,1.);
#3092 = DIRECTION('',(-0.950606063522,0.310399922672,-1.164156672943E-16
    ));
#3093 = ORIENTED_EDGE('',*,*,#3094,.T.);
#3094 = EDGE_CURVE('',#3087,#3095,#3097,.T.);
#3095 = VERTEX_POINT('',#3096);
#3096 = CARTESIAN_POINT('',(2.452947462695,13.453203103546,11.));
#3097 = LINE('',#3098,#3099);
#3098 = CARTESIAN_POINT('',(3.527839270745,13.206690918979,11.));
#3099 = VECTOR('',#3100,1.);
#3100 = DIRECTION('',(-0.974696212126,0.223533653099,-1.193658596321E-16
    ));
#3101 = ORIENTED_EDGE('',*,*,#3102,.T.);
#3102 = EDGE_CURVE('',#3095,#3103,#3105,.T.);
#3103 = VERTEX_POINT('',#3104);
#3104 = CARTESIAN_POINT('',(1.231477275269,13.619437900313,11.));
#3105 = LINE('',#3106,#3107);
#3106 = CARTESIAN_POINT('',(2.176971406323,13.490761796436,11.));
#3107 = VECTOR('',#3108,1.);
#3108 = DIRECTION('',(-0.990865897387,0.134850930274,-1.213460749619E-16
    ));
#3109 = ORIENTED_EDGE('',*,*,#3110,.T.);
#3110 = EDGE_CURVE('',#3103,#3111,#3113,.T.);
#3111 = VERTEX_POINT('',#3112);
#3112 = CARTESIAN_POINT('',(-8.37352248917E-16,13.675,11.));
#3113 = LINE('',#3114,#3115);
#3114 = CARTESIAN_POINT('',(0.804563692282,13.638699494118,11.));
#3115 = VECTOR('',#3116,1.);
#3116 = DIRECTION('',(-0.998983723084,4.507239745458E-02,
    -1.223402218876E-16));
#3117 = ORIENTED_EDGE('',*,*,#3118,.T.);
#3118 = EDGE_CURVE('',#3111,#3119,#3121,.T.);
#3119 = VERTEX_POINT('',#3120);
#3120 = CARTESIAN_POINT('',(-1.231477275269,13.619437900313,11.));
#3121 = LINE('',#3122,#3123);
#3122 = CARTESIAN_POINT('',(-0.574622768383,13.649074026228,11.));
#3123 = VECTOR('',#3124,1.);
#3124 = DIRECTION('',(-0.998983723084,-4.507239745458E-02,
    -1.223402218876E-16));
#3125 = ORIENTED_EDGE('',*,*,#3126,.T.);
#3126 = EDGE_CURVE('',#3119,#3127,#3129,.T.);
#3127 = VERTEX_POINT('',#3128);
#3128 = CARTESIAN_POINT('',(-2.452947462695,13.453203103546,11.));
#3129 = LINE('',#3130,#3131);
#3130 = CARTESIAN_POINT('',(-1.945789452523,13.522224279517,11.));
#3131 = VECTOR('',#3132,1.);
#3132 = DIRECTION('',(-0.990865897387,-0.134850930274,
    -1.213460749619E-16));
#3133 = ORIENTED_EDGE('',*,*,#3134,.T.);
#3134 = EDGE_CURVE('',#3127,#3135,#3137,.T.);
#3135 = VERTEX_POINT('',#3136);
#3136 = CARTESIAN_POINT('',(-3.65448479287,13.177646447628,11.));
#3137 = LINE('',#3138,#3139);
#3138 = CARTESIAN_POINT('',(-3.294337161304,13.260241531858,11.));
#3139 = VECTOR('',#3140,1.);
#3140 = DIRECTION('',(-0.974696212126,-0.223533653099,
    -1.193658596321E-16));
#3141 = ORIENTED_EDGE('',*,*,#3142,.T.);
#3142 = EDGE_CURVE('',#3135,#3143,#3145,.T.);
#3143 = VERTEX_POINT('',#3144);
#3144 = CARTESIAN_POINT('',(-4.826325472462,12.795007129106,11.));
#3145 = LINE('',#3146,#3147);
#3146 = CARTESIAN_POINT('',(-4.606096793184,12.866918057976,11.));
#3147 = VECTOR('',#3148,1.);
#3148 = DIRECTION('',(-0.950606063522,-0.310399922672,
    -1.164156672943E-16));
#3149 = ORIENTED_EDGE('',*,*,#3150,.T.);
#3150 = EDGE_CURVE('',#3143,#3151,#3153,.T.);
#3151 = VERTEX_POINT('',#3152);
#3152 = CARTESIAN_POINT('',(-5.958947025616,12.308394507242,11.));
#3153 = LINE('',#3154,#3155);
#3154 = CARTESIAN_POINT('',(-5.867548632548,12.347662355855,11.));
#3155 = VECTOR('',#3156,1.);
#3156 = DIRECTION('',(-0.918791210149,-0.394743856384,
    -1.125194714594E-16));
#3157 = ORIENTED_EDGE('',*,*,#3158,.T.);
#3158 = EDGE_CURVE('',#3151,#3159,#3161,.T.);
#3159 = VERTEX_POINT('',#3160);
#3160 = CARTESIAN_POINT('',(-7.043145674395,11.721762837101,11.));
#3161 = LINE('',#3162,#3163);
#3162 = CARTESIAN_POINT('',(-7.066024993596,11.709383432968,11.));
#3163 = VECTOR('',#3164,1.);
#3164 = DIRECTION('',(-0.879510182178,-0.475880068342,
    -1.077089329422E-16));
#3165 = ORIENTED_EDGE('',*,*,#3166,.T.);
#3166 = EDGE_CURVE('',#3159,#3167,#3169,.T.);
#3167 = VERTEX_POINT('',#3168);
#3168 = CARTESIAN_POINT('',(-8.070111129453,11.039879136942,11.));
#3169 = LINE('',#3170,#3171);
#3170 = CARTESIAN_POINT('',(-8.189891563118,10.960347420551,11.));
#3171 = VECTOR('',#3172,1.);
#3172 = DIRECTION('',(-0.833082180545,-0.553149238866,
    -1.020231425831E-16));
#3173 = ORIENTED_EDGE('',*,*,#3174,.T.);
#3174 = EDGE_CURVE('',#3167,#3175,#3177,.T.);
#3175 = VERTEX_POINT('',#3176);
#3176 = CARTESIAN_POINT('',(-9.031498183186,10.268284451022,11.));
#3177 = LINE('',#3178,#3179);
#3178 = CARTESIAN_POINT('',(-9.228703425254,10.110010511068,11.));
#3179 = VECTOR('',#3180,1.);
#3180 = DIRECTION('',(-0.779884483093,-0.625923472184,
    -9.550830359244E-17));
#3181 = ORIENTED_EDGE('',*,*,#3182,.T.);
#3182 = EDGE_CURVE('',#3175,#3183,#3185,.T.);
#3183 = VERTEX_POINT('',#3184);
#3184 = CARTESIAN_POINT('',(-9.919494523593,9.413248822612,11.));
#3185 = LINE('',#3186,#3187);
#3186 = CARTESIAN_POINT('',(-10.17333250594,9.168832816734,11.));
#3187 = VECTOR('',#3188,1.);
#3188 = DIRECTION('',(-0.720349378782,-0.693611398759,
    -8.821735609937E-17));
#3189 = ORIENTED_EDGE('',*,*,#3190,.T.);
#3190 = EDGE_CURVE('',#3183,#2795,#3191,.T.);
#3191 = LINE('',#3192,#3193);
#3192 = CARTESIAN_POINT('',(-11.01606402062,8.148078207206,11.));
#3193 = VECTOR('',#3194,1.);
#3194 = DIRECTION('',(-0.654960654875,-0.755662980809,
    -8.020954695603E-17));
#3195 = PLANE('',#3196);
#3196 = AXIS2_PLACEMENT_3D('',#3197,#3198,#3199);
#3197 = CARTESIAN_POINT('',(-0.386583065355,-3.28048783498,11.));
#3198 = DIRECTION('',(-1.224646799147E-16,-0.,1.));
#3199 = DIRECTION('',(1.,0.,1.224646799147E-16));
#3200 = ADVANCED_FACE('',(#3201),#3226,.T.);
#3201 = FACE_BOUND('',#3202,.F.);
#3202 = EDGE_LOOP('',(#3203,#3204,#3205,#3225));
#3203 = ORIENTED_EDGE('',*,*,#2416,.T.);
#3204 = ORIENTED_EDGE('',*,*,#2454,.T.);
#3205 = ORIENTED_EDGE('',*,*,#3206,.T.);
#3206 = EDGE_CURVE('',#2455,#2743,#3207,.T.);
#3207 = B_SPLINE_CURVE_WITH_KNOTS('',6,(#3208,#3209,#3210,#3211,#3212,
    #3213,#3214,#3215,#3216,#3217,#3218,#3219,#3220,#3221,#3222,#3223,
    #3224),.UNSPECIFIED.,.F.,.F.,(7,5,5,7),(0.,0.278927787637,
    0.562764833867,1.),.UNSPECIFIED.);
#3208 = CARTESIAN_POINT('',(10.631089015392,-15.98811891208,10.55));
#3209 = CARTESIAN_POINT('',(10.631089015392,-15.98811891208,
    10.584132250528));
#3210 = CARTESIAN_POINT('',(10.632406057515,-15.98351247924,
    10.618266910399));
#3211 = CARTESIAN_POINT('',(10.635040221712,-15.9742980537,
    10.651997496294));
#3212 = CARTESIAN_POINT('',(10.638971533814,-15.96058538194,
    10.68492881531));
#3213 = CARTESIAN_POINT('',(10.644162453713,-15.94257720581,
    10.716697326481));
#3214 = CARTESIAN_POINT('',(10.657070879566,-15.89813702531,
    10.777818869657));
#3215 = CARTESIAN_POINT('',(10.664831849479,-15.87155998143,
    10.80712237274));
#3216 = CARTESIAN_POINT('',(10.673788372524,-15.8411093194,
    10.834574144139));
#3217 = CARTESIAN_POINT('',(10.683872655288,-15.80713990479,
    10.859911843359));
#3218 = CARTESIAN_POINT('',(10.695007547886,-15.77004293319,
    10.882935492601));
#3219 = CARTESIAN_POINT('',(10.725753357228,-15.66886709821,
    10.935189434409));
#3220 = CARTESIAN_POINT('',(10.746692242955,-15.60104328782,
    10.961048106373));
#3221 = CARTESIAN_POINT('',(10.769626539886,-15.52819351917,
    10.980569189951));
#3222 = CARTESIAN_POINT('',(10.794223935149,-15.45181064119,
    10.993553374052));
#3223 = CARTESIAN_POINT('',(10.820128108589,-15.37329203722,
    11.000000030326));
#3224 = CARTESIAN_POINT('',(10.846924193293,-15.29400979288,11.));
#3225 = ORIENTED_EDGE('',*,*,#2751,.F.);
#3226 = TOROIDAL_SURFACE('',#3227,4.35,0.45);
#3227 = AXIS2_PLACEMENT_3D('',#3228,#3229,#3230);
#3228 = CARTESIAN_POINT('',(15.,-14.,10.55));
#3229 = DIRECTION('',(-1.224646799147E-16,-0.,1.));
#3230 = DIRECTION('',(-1.,0.,-1.224646799147E-16));
#3231 = ADVANCED_FACE('',(#3232),#3244,.T.);
#3232 = FACE_BOUND('',#3233,.T.);
#3233 = EDGE_LOOP('',(#3234,#3235,#3242,#3243));
#3234 = ORIENTED_EDGE('',*,*,#2463,.F.);
#3235 = ORIENTED_EDGE('',*,*,#3236,.T.);
#3236 = EDGE_CURVE('',#2455,#2496,#3237,.T.);
#3237 = CIRCLE('',#3238,19.2);
#3238 = AXIS2_PLACEMENT_3D('',#3239,#3240,#3241);
#3239 = CARTESIAN_POINT('',(5.510910596163E-17,0.,10.55));
#3240 = DIRECTION('',(1.224646799147E-16,0.,-1.));
#3241 = DIRECTION('',(-1.,0.,-1.224646799147E-16));
#3242 = ORIENTED_EDGE('',*,*,#2495,.T.);
#3243 = ORIENTED_EDGE('',*,*,#2631,.F.);
#3244 = CYLINDRICAL_SURFACE('',#3245,19.2);
#3245 = AXIS2_PLACEMENT_3D('',#3246,#3247,#3248);
#3246 = CARTESIAN_POINT('',(0.,0.,11.));
#3247 = DIRECTION('',(1.224646799147E-16,0.,-1.));
#3248 = DIRECTION('',(-1.,0.,-1.224646799147E-16));
#3249 = ADVANCED_FACE('',(#3250),#3281,.T.);
#3250 = FACE_BOUND('',#3251,.F.);
#3251 = EDGE_LOOP('',(#3252,#3253,#3260,#3261));
#3252 = ORIENTED_EDGE('',*,*,#2503,.T.);
#3253 = ORIENTED_EDGE('',*,*,#3254,.T.);
#3254 = EDGE_CURVE('',#2504,#2725,#3255,.T.);
#3255 = CIRCLE('',#3256,0.45);
#3256 = AXIS2_PLACEMENT_3D('',#3257,#3258,#3259);
#3257 = CARTESIAN_POINT('',(-19.35,-14.,10.55));
#3258 = DIRECTION('',(0.,1.,0.));
#3259 = DIRECTION('',(-1.,0.,-1.224646799147E-16));
#3260 = ORIENTED_EDGE('',*,*,#2733,.F.);
#3261 = ORIENTED_EDGE('',*,*,#3262,.T.);
#3262 = EDGE_CURVE('',#2734,#2496,#3263,.T.);
#3263 = B_SPLINE_CURVE_WITH_KNOTS('',6,(#3264,#3265,#3266,#3267,#3268,
    #3269,#3270,#3271,#3272,#3273,#3274,#3275,#3276,#3277,#3278,#3279,
    #3280),.UNSPECIFIED.,.F.,.F.,(7,5,5,7),(0.,0.437004893626,
    0.722019180685,1.),.UNSPECIFIED.);
#3264 = CARTESIAN_POINT('',(-10.84692419331,-15.29400979287,11.));
#3265 = CARTESIAN_POINT('',(-10.82014222178,-15.3732502801,
    11.000000030183));
#3266 = CARTESIAN_POINT('',(-10.7942512199,-15.45172793808,
    10.993560163534));
#3267 = CARTESIAN_POINT('',(-10.76966540344,-15.52807283753,
    10.980589697313));
#3268 = CARTESIAN_POINT('',(-10.74674056128,-15.60088980938,
    10.961089220142));
#3269 = CARTESIAN_POINT('',(-10.7258085024,-15.66868847972,
    10.935257513051));
#3270 = CARTESIAN_POINT('',(-10.69501233018,-15.7700253454,
    10.882960277939));
#3271 = CARTESIAN_POINT('',(-10.68383106774,-15.80727724636,
    10.859840444212));
#3272 = CARTESIAN_POINT('',(-10.67370923937,-15.84137520924,
    10.834387300139));
#3273 = CARTESIAN_POINT('',(-10.66472495709,-15.87192310509,
    10.806803437629));
#3274 = CARTESIAN_POINT('',(-10.65694680702,-15.89856183105,
    10.777354846467));
#3275 = CARTESIAN_POINT('',(-10.64407448163,-15.94288240057,
    10.716157907197));
#3276 = CARTESIAN_POINT('',(-10.63891823414,-15.96077130051,
    10.684481540886));
#3277 = CARTESIAN_POINT('',(-10.63501343615,-15.97439175258,
    10.651653913623));
#3278 = CARTESIAN_POINT('',(-10.63239712932,-15.98354370298,
    10.618035114909));
#3279 = CARTESIAN_POINT('',(-10.63108901539,-15.98811891208,
    10.584016372177));
#3280 = CARTESIAN_POINT('',(-10.63108901539,-15.98811891208,10.55));
#3281 = TOROIDAL_SURFACE('',#3282,4.35,0.45);
#3282 = AXIS2_PLACEMENT_3D('',#3283,#3284,#3285);
#3283 = CARTESIAN_POINT('',(-15.,-14.,10.55));
#3284 = DIRECTION('',(-1.224646799147E-16,-0.,1.));
#3285 = DIRECTION('',(-1.,0.,-1.224646799147E-16));
#3286 = ADVANCED_FACE('',(#3287),#3293,.T.);
#3287 = FACE_BOUND('',#3288,.F.);
#3288 = EDGE_LOOP('',(#3289,#3290,#3291,#3292));
#3289 = ORIENTED_EDGE('',*,*,#2724,.F.);
#3290 = ORIENTED_EDGE('',*,*,#3254,.F.);
#3291 = ORIENTED_EDGE('',*,*,#2512,.T.);
#3292 = ORIENTED_EDGE('',*,*,#2540,.T.);
#3293 = TOROIDAL_SURFACE('',#3294,4.35,0.45);
#3294 = AXIS2_PLACEMENT_3D('',#3295,#3296,#3297);
#3295 = CARTESIAN_POINT('',(-15.,-14.,10.55));
#3296 = DIRECTION('',(-1.224646799147E-16,-0.,1.));
#3297 = DIRECTION('',(-1.,0.,-1.224646799147E-16));
#3298 = ADVANCED_FACE('',(#3299,#3310),#3313,.F.);
#3299 = FACE_BOUND('',#3300,.F.);
#3300 = EDGE_LOOP('',(#3301));
#3301 = ORIENTED_EDGE('',*,*,#3302,.T.);
#3302 = EDGE_CURVE('',#3303,#3303,#3305,.T.);
#3303 = VERTEX_POINT('',#3304);
#3304 = CARTESIAN_POINT('',(11.85,-14.,8.6));
#3305 = CIRCLE('',#3306,3.15);
#3306 = AXIS2_PLACEMENT_3D('',#3307,#3308,#3309);
#3307 = CARTESIAN_POINT('',(15.,-14.,8.6));
#3308 = DIRECTION('',(1.224646799147E-16,0.,-1.));
#3309 = DIRECTION('',(-1.,0.,-1.224646799147E-16));
#3310 = FACE_BOUND('',#3311,.F.);
#3311 = EDGE_LOOP('',(#3312));
#3312 = ORIENTED_EDGE('',*,*,#2658,.F.);
#3313 = PLANE('',#3314);
#3314 = AXIS2_PLACEMENT_3D('',#3315,#3316,#3317);
#3315 = CARTESIAN_POINT('',(15.,-14.,8.6));
#3316 = DIRECTION('',(1.224646799147E-16,0.,-1.));
#3317 = DIRECTION('',(-1.,0.,-1.224646799147E-16));
#3318 = ADVANCED_FACE('',(#3319,#3330),#3333,.F.);
#3319 = FACE_BOUND('',#3320,.F.);
#3320 = EDGE_LOOP('',(#3321));
#3321 = ORIENTED_EDGE('',*,*,#3322,.T.);
#3322 = EDGE_CURVE('',#3323,#3323,#3325,.T.);
#3323 = VERTEX_POINT('',#3324);
#3324 = CARTESIAN_POINT('',(-18.15,-14.,8.6));
#3325 = CIRCLE('',#3326,3.15);
#3326 = AXIS2_PLACEMENT_3D('',#3327,#3328,#3329);
#3327 = CARTESIAN_POINT('',(-15.,-14.,8.6));
#3328 = DIRECTION('',(1.224646799147E-16,0.,-1.));
#3329 = DIRECTION('',(-1.,0.,-1.224646799147E-16));
#3330 = FACE_BOUND('',#3331,.F.);
#3331 = EDGE_LOOP('',(#3332));
#3332 = ORIENTED_EDGE('',*,*,#2683,.F.);
#3333 = PLANE('',#3334);
#3334 = AXIS2_PLACEMENT_3D('',#3335,#3336,#3337);
#3335 = CARTESIAN_POINT('',(-15.,-14.,8.6));
#3336 = DIRECTION('',(1.224646799147E-16,0.,-1.));
#3337 = DIRECTION('',(-1.,0.,-1.224646799147E-16));
#3338 = ADVANCED_FACE('',(#3339,#3342),#3353,.T.);
#3339 = FACE_BOUND('',#3340,.T.);
#3340 = EDGE_LOOP('',(#3341));
#3341 = ORIENTED_EDGE('',*,*,#2707,.T.);
#3342 = FACE_BOUND('',#3343,.T.);
#3343 = EDGE_LOOP('',(#3344));
#3344 = ORIENTED_EDGE('',*,*,#3345,.F.);
#3345 = EDGE_CURVE('',#3346,#3346,#3348,.T.);
#3346 = VERTEX_POINT('',#3347);
#3347 = CARTESIAN_POINT('',(-16.25,-3.980102097229E-15,6.45));
#3348 = CIRCLE('',#3349,16.25);
#3349 = AXIS2_PLACEMENT_3D('',#3350,#3351,#3352);
#3350 = CARTESIAN_POINT('',(5.57214293612E-16,0.,6.45));
#3351 = DIRECTION('',(1.224646799147E-16,0.,-1.));
#3352 = DIRECTION('',(-1.,0.,-1.224646799147E-16));
#3353 = PLANE('',#3354);
#3354 = AXIS2_PLACEMENT_3D('',#3355,#3356,#3357);
#3355 = CARTESIAN_POINT('',(5.57214293612E-16,0.,6.45));
#3356 = DIRECTION('',(1.224646799147E-16,0.,-1.));
#3357 = DIRECTION('',(-1.,0.,-1.224646799147E-16));
#3358 = ADVANCED_FACE('',(#3359),#3365,.T.);
#3359 = FACE_BOUND('',#3360,.F.);
#3360 = EDGE_LOOP('',(#3361,#3362,#3363,#3364));
#3361 = ORIENTED_EDGE('',*,*,#3206,.F.);
#3362 = ORIENTED_EDGE('',*,*,#3236,.T.);
#3363 = ORIENTED_EDGE('',*,*,#3262,.F.);
#3364 = ORIENTED_EDGE('',*,*,#2742,.F.);
#3365 = TOROIDAL_SURFACE('',#3366,18.75,0.45);
#3366 = AXIS2_PLACEMENT_3D('',#3367,#3368,#3369);
#3367 = CARTESIAN_POINT('',(5.510910596163E-17,0.,10.55));
#3368 = DIRECTION('',(-1.224646799147E-16,-0.,1.));
#3369 = DIRECTION('',(-1.,0.,-1.224646799147E-16));
#3370 = ADVANCED_FACE('',(#3371),#3382,.F.);
#3371 = FACE_BOUND('',#3372,.F.);
#3372 = EDGE_LOOP('',(#3373,#3379,#3380,#3381));
#3373 = ORIENTED_EDGE('',*,*,#3374,.T.);
#3374 = EDGE_CURVE('',#2762,#3323,#3375,.T.);
#3375 = LINE('',#3376,#3377);
#3376 = CARTESIAN_POINT('',(-18.15,-14.,11.1));
#3377 = VECTOR('',#3378,1.);
#3378 = DIRECTION('',(1.224646799147E-16,0.,-1.));
#3379 = ORIENTED_EDGE('',*,*,#3322,.F.);
#3380 = ORIENTED_EDGE('',*,*,#3374,.F.);
#3381 = ORIENTED_EDGE('',*,*,#2761,.T.);
#3382 = CYLINDRICAL_SURFACE('',#3383,3.15);
#3383 = AXIS2_PLACEMENT_3D('',#3384,#3385,#3386);
#3384 = CARTESIAN_POINT('',(-15.,-14.,11.1));
#3385 = DIRECTION('',(1.224646799147E-16,0.,-1.));
#3386 = DIRECTION('',(-1.,0.,-1.224646799147E-16));
#3387 = ADVANCED_FACE('',(#3388),#3399,.F.);
#3388 = FACE_BOUND('',#3389,.F.);
#3389 = EDGE_LOOP('',(#3390,#3396,#3397,#3398));
#3390 = ORIENTED_EDGE('',*,*,#3391,.T.);
#3391 = EDGE_CURVE('',#2773,#3303,#3392,.T.);
#3392 = LINE('',#3393,#3394);
#3393 = CARTESIAN_POINT('',(11.85,-14.,11.1));
#3394 = VECTOR('',#3395,1.);
#3395 = DIRECTION('',(1.224646799147E-16,0.,-1.));
#3396 = ORIENTED_EDGE('',*,*,#3302,.F.);
#3397 = ORIENTED_EDGE('',*,*,#3391,.F.);
#3398 = ORIENTED_EDGE('',*,*,#2772,.T.);
#3399 = CYLINDRICAL_SURFACE('',#3400,3.15);
#3400 = AXIS2_PLACEMENT_3D('',#3401,#3402,#3403);
#3401 = CARTESIAN_POINT('',(15.,-14.,11.1));
#3402 = DIRECTION('',(1.224646799147E-16,0.,-1.));
#3403 = DIRECTION('',(-1.,0.,-1.224646799147E-16));
#3404 = ADVANCED_FACE('',(#3405),#3424,.F.);
#3405 = FACE_BOUND('',#3406,.F.);
#3406 = EDGE_LOOP('',(#3407,#3416,#3422,#3423));
#3407 = ORIENTED_EDGE('',*,*,#3408,.F.);
#3408 = EDGE_CURVE('',#3409,#3409,#3411,.T.);
#3409 = VERTEX_POINT('',#3410);
#3410 = CARTESIAN_POINT('',(-11.3,-2.767701766073E-15,9.8));
#3411 = CIRCLE('',#3412,11.3);
#3412 = AXIS2_PLACEMENT_3D('',#3413,#3414,#3415);
#3413 = CARTESIAN_POINT('',(1.469576158977E-16,0.,9.8));
#3414 = DIRECTION('',(1.224646799147E-16,0.,-1.));
#3415 = DIRECTION('',(-1.,0.,-1.224646799147E-16));
#3416 = ORIENTED_EDGE('',*,*,#3417,.F.);
#3417 = EDGE_CURVE('',#2784,#3409,#3418,.T.);
#3418 = LINE('',#3419,#3420);
#3419 = CARTESIAN_POINT('',(-11.3,-2.767701766073E-15,11.1));
#3420 = VECTOR('',#3421,1.);
#3421 = DIRECTION('',(1.224646799147E-16,0.,-1.));
#3422 = ORIENTED_EDGE('',*,*,#2783,.T.);
#3423 = ORIENTED_EDGE('',*,*,#3417,.T.);
#3424 = CYLINDRICAL_SURFACE('',#3425,11.3);
#3425 = AXIS2_PLACEMENT_3D('',#3426,#3427,#3428);
#3426 = CARTESIAN_POINT('',(-1.224646799147E-17,0.,11.1));
#3427 = DIRECTION('',(1.224646799147E-16,0.,-1.));
#3428 = DIRECTION('',(-1.,0.,-1.224646799147E-16));
#3429 = ADVANCED_FACE('',(#3430),#3455,.T.);
#3430 = FACE_BOUND('',#3431,.T.);
#3431 = EDGE_LOOP('',(#3432,#3433,#3441,#3449));
#3432 = ORIENTED_EDGE('',*,*,#2794,.F.);
#3433 = ORIENTED_EDGE('',*,*,#3434,.T.);
#3434 = EDGE_CURVE('',#2795,#3435,#3437,.T.);
#3435 = VERTEX_POINT('',#3436);
#3436 = CARTESIAN_POINT('',(-10.72688421777,8.481720343093,10.72));
#3437 = LINE('',#3438,#3439);
#3438 = CARTESIAN_POINT('',(-10.72688421777,8.481720343093,11.1));
#3439 = VECTOR('',#3440,1.);
#3440 = DIRECTION('',(1.224646799147E-16,0.,-1.));
#3441 = ORIENTED_EDGE('',*,*,#3442,.T.);
#3442 = EDGE_CURVE('',#3435,#3443,#3445,.T.);
#3443 = VERTEX_POINT('',#3444);
#3444 = CARTESIAN_POINT('',(-11.44710634921,7.481268691185,10.72));
#3445 = LINE('',#3446,#3447);
#3446 = CARTESIAN_POINT('',(-10.72688421777,8.481720343093,10.72));
#3447 = VECTOR('',#3448,1.);
#3448 = DIRECTION('',(-0.584249665637,-0.811573981965,
    -7.154994829258E-17));
#3449 = ORIENTED_EDGE('',*,*,#3450,.F.);
#3450 = EDGE_CURVE('',#2797,#3443,#3451,.T.);
#3451 = LINE('',#3452,#3453);
#3452 = CARTESIAN_POINT('',(-11.44710634921,7.481268691185,11.1));
#3453 = VECTOR('',#3454,1.);
#3454 = DIRECTION('',(1.224646799147E-16,0.,-1.));
#3455 = PLANE('',#3456);
#3456 = AXIS2_PLACEMENT_3D('',#3457,#3458,#3459);
#3457 = CARTESIAN_POINT('',(-10.72688421777,8.481720343093,11.1));
#3458 = DIRECTION('',(-0.811573981965,0.584249665637,-9.938914792847E-17
    ));
#3459 = DIRECTION('',(-0.584249665637,-0.811573981965,
    -7.154994829258E-17));
#3460 = ADVANCED_FACE('',(#3461),#3479,.T.);
#3461 = FACE_BOUND('',#3462,.T.);
#3462 = EDGE_LOOP('',(#3463,#3464,#3472,#3478));
#3463 = ORIENTED_EDGE('',*,*,#3190,.F.);
#3464 = ORIENTED_EDGE('',*,*,#3465,.T.);
#3465 = EDGE_CURVE('',#3183,#3466,#3468,.T.);
#3466 = VERTEX_POINT('',#3467);
#3467 = CARTESIAN_POINT('',(-9.919494523593,9.413248822612,10.72));
#3468 = LINE('',#3469,#3470);
#3469 = CARTESIAN_POINT('',(-9.919494523593,9.413248822612,11.1));
#3470 = VECTOR('',#3471,1.);
#3471 = DIRECTION('',(1.224646799147E-16,0.,-1.));
#3472 = ORIENTED_EDGE('',*,*,#3473,.T.);
#3473 = EDGE_CURVE('',#3466,#3435,#3474,.T.);
#3474 = LINE('',#3475,#3476);
#3475 = CARTESIAN_POINT('',(-9.919494523593,9.413248822612,10.72));
#3476 = VECTOR('',#3477,1.);
#3477 = DIRECTION('',(-0.654960654875,-0.755662980809,
    -8.020954695603E-17));
#3478 = ORIENTED_EDGE('',*,*,#3434,.F.);
#3479 = PLANE('',#3480);
#3480 = AXIS2_PLACEMENT_3D('',#3481,#3482,#3483);
#3481 = CARTESIAN_POINT('',(-9.919494523593,9.413248822612,11.1));
#3482 = DIRECTION('',(-0.755662980809,0.654960654875,-9.254202506822E-17
    ));
#3483 = DIRECTION('',(-0.654960654875,-0.755662980809,
    -8.020954695603E-17));
#3484 = ADVANCED_FACE('',(#3485),#3503,.T.);
#3485 = FACE_BOUND('',#3486,.T.);
#3486 = EDGE_LOOP('',(#3487,#3488,#3496,#3502));
#3487 = ORIENTED_EDGE('',*,*,#3182,.F.);
#3488 = ORIENTED_EDGE('',*,*,#3489,.T.);
#3489 = EDGE_CURVE('',#3175,#3490,#3492,.T.);
#3490 = VERTEX_POINT('',#3491);
#3491 = CARTESIAN_POINT('',(-9.031498183186,10.268284451022,10.72));
#3492 = LINE('',#3493,#3494);
#3493 = CARTESIAN_POINT('',(-9.031498183186,10.268284451022,11.1));
#3494 = VECTOR('',#3495,1.);
#3495 = DIRECTION('',(1.224646799147E-16,0.,-1.));
#3496 = ORIENTED_EDGE('',*,*,#3497,.T.);
#3497 = EDGE_CURVE('',#3490,#3466,#3498,.T.);
#3498 = LINE('',#3499,#3500);
#3499 = CARTESIAN_POINT('',(-9.031498183186,10.268284451022,10.72));
#3500 = VECTOR('',#3501,1.);
#3501 = DIRECTION('',(-0.720349378782,-0.693611398759,
    -8.821735609937E-17));
#3502 = ORIENTED_EDGE('',*,*,#3465,.F.);
#3503 = PLANE('',#3504);
#3504 = AXIS2_PLACEMENT_3D('',#3505,#3506,#3507);
#3505 = CARTESIAN_POINT('',(-9.031498183186,10.268284451022,11.1));
#3506 = DIRECTION('',(-0.693611398759,0.720349378782,-8.494289793418E-17
    ));
#3507 = DIRECTION('',(-0.720349378782,-0.693611398759,
    -8.821735609937E-17));
#3508 = ADVANCED_FACE('',(#3509),#3527,.T.);
#3509 = FACE_BOUND('',#3510,.T.);
#3510 = EDGE_LOOP('',(#3511,#3512,#3520,#3526));
#3511 = ORIENTED_EDGE('',*,*,#3174,.F.);
#3512 = ORIENTED_EDGE('',*,*,#3513,.T.);
#3513 = EDGE_CURVE('',#3167,#3514,#3516,.T.);
#3514 = VERTEX_POINT('',#3515);
#3515 = CARTESIAN_POINT('',(-8.070111129453,11.039879136942,10.72));
#3516 = LINE('',#3517,#3518);
#3517 = CARTESIAN_POINT('',(-8.070111129453,11.039879136942,11.1));
#3518 = VECTOR('',#3519,1.);
#3519 = DIRECTION('',(1.224646799147E-16,0.,-1.));
#3520 = ORIENTED_EDGE('',*,*,#3521,.T.);
#3521 = EDGE_CURVE('',#3514,#3490,#3522,.T.);
#3522 = LINE('',#3523,#3524);
#3523 = CARTESIAN_POINT('',(-8.070111129453,11.039879136942,10.72));
#3524 = VECTOR('',#3525,1.);
#3525 = DIRECTION('',(-0.779884483093,-0.625923472184,
    -9.550830359244E-17));
#3526 = ORIENTED_EDGE('',*,*,#3489,.F.);
#3527 = PLANE('',#3528);
#3528 = AXIS2_PLACEMENT_3D('',#3529,#3530,#3531);
#3529 = CARTESIAN_POINT('',(-8.070111129453,11.039879136942,11.1));
#3530 = DIRECTION('',(-0.625923472184,0.779884483093,-7.665351767214E-17
    ));
#3531 = DIRECTION('',(-0.779884483093,-0.625923472184,
    -9.550830359244E-17));
#3532 = ADVANCED_FACE('',(#3533),#3551,.T.);
#3533 = FACE_BOUND('',#3534,.T.);
#3534 = EDGE_LOOP('',(#3535,#3536,#3544,#3550));
#3535 = ORIENTED_EDGE('',*,*,#3166,.F.);
#3536 = ORIENTED_EDGE('',*,*,#3537,.T.);
#3537 = EDGE_CURVE('',#3159,#3538,#3540,.T.);
#3538 = VERTEX_POINT('',#3539);
#3539 = CARTESIAN_POINT('',(-7.043145674395,11.721762837101,10.72));
#3540 = LINE('',#3541,#3542);
#3541 = CARTESIAN_POINT('',(-7.043145674395,11.721762837101,11.1));
#3542 = VECTOR('',#3543,1.);
#3543 = DIRECTION('',(1.224646799147E-16,0.,-1.));
#3544 = ORIENTED_EDGE('',*,*,#3545,.T.);
#3545 = EDGE_CURVE('',#3538,#3514,#3546,.T.);
#3546 = LINE('',#3547,#3548);
#3547 = CARTESIAN_POINT('',(-7.043145674395,11.721762837101,10.72));
#3548 = VECTOR('',#3549,1.);
#3549 = DIRECTION('',(-0.833082180545,-0.553149238866,
    -1.020231425831E-16));
#3550 = ORIENTED_EDGE('',*,*,#3513,.F.);
#3551 = PLANE('',#3552);
#3552 = AXIS2_PLACEMENT_3D('',#3553,#3554,#3555);
#3553 = CARTESIAN_POINT('',(-7.043145674395,11.721762837101,11.1));
#3554 = DIRECTION('',(-0.553149238866,0.833082180545,-6.774124448283E-17
    ));
#3555 = DIRECTION('',(-0.833082180545,-0.553149238866,
    -1.020231425831E-16));
#3556 = ADVANCED_FACE('',(#3557),#3575,.T.);
#3557 = FACE_BOUND('',#3558,.T.);
#3558 = EDGE_LOOP('',(#3559,#3560,#3568,#3574));
#3559 = ORIENTED_EDGE('',*,*,#3158,.F.);
#3560 = ORIENTED_EDGE('',*,*,#3561,.T.);
#3561 = EDGE_CURVE('',#3151,#3562,#3564,.T.);
#3562 = VERTEX_POINT('',#3563);
#3563 = CARTESIAN_POINT('',(-5.958947025616,12.308394507242,10.72));
#3564 = LINE('',#3565,#3566);
#3565 = CARTESIAN_POINT('',(-5.958947025616,12.308394507242,11.1));
#3566 = VECTOR('',#3567,1.);
#3567 = DIRECTION('',(1.224646799147E-16,0.,-1.));
#3568 = ORIENTED_EDGE('',*,*,#3569,.T.);
#3569 = EDGE_CURVE('',#3562,#3538,#3570,.T.);
#3570 = LINE('',#3571,#3572);
#3571 = CARTESIAN_POINT('',(-5.958947025616,12.308394507242,10.72));
#3572 = VECTOR('',#3573,1.);
#3573 = DIRECTION('',(-0.879510182178,-0.475880068342,
    -1.077089329422E-16));
#3574 = ORIENTED_EDGE('',*,*,#3537,.F.);
#3575 = PLANE('',#3576);
#3576 = AXIS2_PLACEMENT_3D('',#3577,#3578,#3579);
#3577 = CARTESIAN_POINT('',(-5.958947025616,12.308394507242,11.1));
#3578 = DIRECTION('',(-0.475880068342,0.879510182178,-5.827850024725E-17
    ));
#3579 = DIRECTION('',(-0.879510182178,-0.475880068342,
    -1.077089329422E-16));
#3580 = ADVANCED_FACE('',(#3581),#3599,.T.);
#3581 = FACE_BOUND('',#3582,.T.);
#3582 = EDGE_LOOP('',(#3583,#3584,#3592,#3598));
#3583 = ORIENTED_EDGE('',*,*,#3150,.F.);
#3584 = ORIENTED_EDGE('',*,*,#3585,.T.);
#3585 = EDGE_CURVE('',#3143,#3586,#3588,.T.);
#3586 = VERTEX_POINT('',#3587);
#3587 = CARTESIAN_POINT('',(-4.826325472462,12.795007129106,10.72));
#3588 = LINE('',#3589,#3590);
#3589 = CARTESIAN_POINT('',(-4.826325472462,12.795007129106,11.1));
#3590 = VECTOR('',#3591,1.);
#3591 = DIRECTION('',(1.224646799147E-16,0.,-1.));
#3592 = ORIENTED_EDGE('',*,*,#3593,.T.);
#3593 = EDGE_CURVE('',#3586,#3562,#3594,.T.);
#3594 = LINE('',#3595,#3596);
#3595 = CARTESIAN_POINT('',(-4.826325472462,12.795007129106,10.72));
#3596 = VECTOR('',#3597,1.);
#3597 = DIRECTION('',(-0.918791210149,-0.394743856384,
    -1.125194714594E-16));
#3598 = ORIENTED_EDGE('',*,*,#3561,.F.);
#3599 = PLANE('',#3600);
#3600 = AXIS2_PLACEMENT_3D('',#3601,#3602,#3603);
#3601 = CARTESIAN_POINT('',(-4.826325472462,12.795007129106,11.1));
#3602 = DIRECTION('',(-0.394743856384,0.918791210149,-4.834218002041E-17
    ));
#3603 = DIRECTION('',(-0.918791210149,-0.394743856384,
    -1.125194714594E-16));
#3604 = ADVANCED_FACE('',(#3605),#3623,.T.);
#3605 = FACE_BOUND('',#3606,.T.);
#3606 = EDGE_LOOP('',(#3607,#3608,#3616,#3622));
#3607 = ORIENTED_EDGE('',*,*,#3142,.F.);
#3608 = ORIENTED_EDGE('',*,*,#3609,.T.);
#3609 = EDGE_CURVE('',#3135,#3610,#3612,.T.);
#3610 = VERTEX_POINT('',#3611);
#3611 = CARTESIAN_POINT('',(-3.65448479287,13.177646447628,10.72));
#3612 = LINE('',#3613,#3614);
#3613 = CARTESIAN_POINT('',(-3.65448479287,13.177646447628,11.1));
#3614 = VECTOR('',#3615,1.);
#3615 = DIRECTION('',(1.224646799147E-16,0.,-1.));
#3616 = ORIENTED_EDGE('',*,*,#3617,.T.);
#3617 = EDGE_CURVE('',#3610,#3586,#3618,.T.);
#3618 = LINE('',#3619,#3620);
#3619 = CARTESIAN_POINT('',(-3.65448479287,13.177646447628,10.72));
#3620 = VECTOR('',#3621,1.);
#3621 = DIRECTION('',(-0.950606063522,-0.310399922672,
    -1.164156672943E-16));
#3622 = ORIENTED_EDGE('',*,*,#3585,.F.);
#3623 = PLANE('',#3624);
#3624 = AXIS2_PLACEMENT_3D('',#3625,#3626,#3627);
#3625 = CARTESIAN_POINT('',(-3.65448479287,13.177646447628,11.1));
#3626 = DIRECTION('',(-0.310399922672,0.950606063522,-3.801302717559E-17
    ));
#3627 = DIRECTION('',(-0.950606063522,-0.310399922672,
    -1.164156672943E-16));
#3628 = ADVANCED_FACE('',(#3629),#3647,.T.);
#3629 = FACE_BOUND('',#3630,.T.);
#3630 = EDGE_LOOP('',(#3631,#3632,#3640,#3646));
#3631 = ORIENTED_EDGE('',*,*,#3134,.F.);
#3632 = ORIENTED_EDGE('',*,*,#3633,.T.);
#3633 = EDGE_CURVE('',#3127,#3634,#3636,.T.);
#3634 = VERTEX_POINT('',#3635);
#3635 = CARTESIAN_POINT('',(-2.452947462695,13.453203103546,10.72));
#3636 = LINE('',#3637,#3638);
#3637 = CARTESIAN_POINT('',(-2.452947462695,13.453203103546,11.1));
#3638 = VECTOR('',#3639,1.);
#3639 = DIRECTION('',(1.224646799147E-16,0.,-1.));
#3640 = ORIENTED_EDGE('',*,*,#3641,.T.);
#3641 = EDGE_CURVE('',#3634,#3610,#3642,.T.);
#3642 = LINE('',#3643,#3644);
#3643 = CARTESIAN_POINT('',(-2.452947462695,13.453203103546,10.72));
#3644 = VECTOR('',#3645,1.);
#3645 = DIRECTION('',(-0.974696212126,-0.223533653099,
    -1.193658596321E-16));
#3646 = ORIENTED_EDGE('',*,*,#3609,.F.);
#3647 = PLANE('',#3648);
#3648 = AXIS2_PLACEMENT_3D('',#3649,#3650,#3651);
#3649 = CARTESIAN_POINT('',(-2.452947462695,13.453203103546,11.1));
#3650 = DIRECTION('',(-0.223533653099,0.974696212126,-2.737497727698E-17
    ));
#3651 = DIRECTION('',(-0.974696212126,-0.223533653099,
    -1.193658596321E-16));
#3652 = ADVANCED_FACE('',(#3653),#3671,.T.);
#3653 = FACE_BOUND('',#3654,.T.);
#3654 = EDGE_LOOP('',(#3655,#3656,#3664,#3670));
#3655 = ORIENTED_EDGE('',*,*,#3126,.F.);
#3656 = ORIENTED_EDGE('',*,*,#3657,.T.);
#3657 = EDGE_CURVE('',#3119,#3658,#3660,.T.);
#3658 = VERTEX_POINT('',#3659);
#3659 = CARTESIAN_POINT('',(-1.231477275269,13.619437900313,10.72));
#3660 = LINE('',#3661,#3662);
#3661 = CARTESIAN_POINT('',(-1.231477275269,13.619437900313,11.1));
#3662 = VECTOR('',#3663,1.);
#3663 = DIRECTION('',(1.224646799147E-16,0.,-1.));
#3664 = ORIENTED_EDGE('',*,*,#3665,.T.);
#3665 = EDGE_CURVE('',#3658,#3634,#3666,.T.);
#3666 = LINE('',#3667,#3668);
#3667 = CARTESIAN_POINT('',(-1.231477275269,13.619437900313,10.72));
#3668 = VECTOR('',#3669,1.);
#3669 = DIRECTION('',(-0.990865897387,-0.134850930274,
    -1.213460749619E-16));
#3670 = ORIENTED_EDGE('',*,*,#3633,.F.);
#3671 = PLANE('',#3672);
#3672 = AXIS2_PLACEMENT_3D('',#3673,#3674,#3675);
#3673 = CARTESIAN_POINT('',(-1.231477275269,13.619437900313,11.1));
#3674 = DIRECTION('',(-0.134850930274,0.990865897387,-1.651447601218E-17
    ));
#3675 = DIRECTION('',(-0.990865897387,-0.134850930274,
    -1.213460749619E-16));
#3676 = ADVANCED_FACE('',(#3677),#3695,.T.);
#3677 = FACE_BOUND('',#3678,.T.);
#3678 = EDGE_LOOP('',(#3679,#3680,#3688,#3694));
#3679 = ORIENTED_EDGE('',*,*,#3118,.F.);
#3680 = ORIENTED_EDGE('',*,*,#3681,.T.);
#3681 = EDGE_CURVE('',#3111,#3682,#3684,.T.);
#3682 = VERTEX_POINT('',#3683);
#3683 = CARTESIAN_POINT('',(-8.030621385409E-16,13.675,10.72));
#3684 = LINE('',#3685,#3686);
#3685 = CARTESIAN_POINT('',(-8.495987169085E-16,13.675,11.1));
#3686 = VECTOR('',#3687,1.);
#3687 = DIRECTION('',(1.224646799147E-16,0.,-1.));
#3688 = ORIENTED_EDGE('',*,*,#3689,.T.);
#3689 = EDGE_CURVE('',#3682,#3658,#3690,.T.);
#3690 = LINE('',#3691,#3692);
#3691 = CARTESIAN_POINT('',(-8.030621385409E-16,13.675,10.72));
#3692 = VECTOR('',#3693,1.);
#3693 = DIRECTION('',(-0.998983723084,-4.507239745458E-02,
    -1.223402218876E-16));
#3694 = ORIENTED_EDGE('',*,*,#3657,.F.);
#3695 = PLANE('',#3696);
#3696 = AXIS2_PLACEMENT_3D('',#3697,#3698,#3699);
#3697 = CARTESIAN_POINT('',(-8.495987169085E-16,13.675,11.1));
#3698 = DIRECTION('',(-4.507239745458E-02,0.998983723084,
    -5.519776727265E-18));
#3699 = DIRECTION('',(-0.998983723084,-4.507239745458E-02,
    -1.223402218876E-16));
#3700 = ADVANCED_FACE('',(#3701),#3719,.T.);
#3701 = FACE_BOUND('',#3702,.T.);
#3702 = EDGE_LOOP('',(#3703,#3704,#3712,#3718));
#3703 = ORIENTED_EDGE('',*,*,#3110,.F.);
#3704 = ORIENTED_EDGE('',*,*,#3705,.T.);
#3705 = EDGE_CURVE('',#3103,#3706,#3708,.T.);
#3706 = VERTEX_POINT('',#3707);
#3707 = CARTESIAN_POINT('',(1.231477275269,13.619437900313,10.72));
#3708 = LINE('',#3709,#3710);
#3709 = CARTESIAN_POINT('',(1.231477275269,13.619437900313,11.1));
#3710 = VECTOR('',#3711,1.);
#3711 = DIRECTION('',(1.224646799147E-16,0.,-1.));
#3712 = ORIENTED_EDGE('',*,*,#3713,.T.);
#3713 = EDGE_CURVE('',#3706,#3682,#3714,.T.);
#3714 = LINE('',#3715,#3716);
#3715 = CARTESIAN_POINT('',(1.231477275269,13.619437900313,10.72));
#3716 = VECTOR('',#3717,1.);
#3717 = DIRECTION('',(-0.998983723084,4.507239745458E-02,
    -1.223402218876E-16));
#3718 = ORIENTED_EDGE('',*,*,#3681,.F.);
#3719 = PLANE('',#3720);
#3720 = AXIS2_PLACEMENT_3D('',#3721,#3722,#3723);
#3721 = CARTESIAN_POINT('',(1.231477275269,13.619437900313,11.1));
#3722 = DIRECTION('',(4.507239745458E-02,0.998983723084,
    5.519776727265E-18));
#3723 = DIRECTION('',(-0.998983723084,4.507239745458E-02,
    -1.223402218876E-16));
#3724 = ADVANCED_FACE('',(#3725),#3743,.T.);
#3725 = FACE_BOUND('',#3726,.T.);
#3726 = EDGE_LOOP('',(#3727,#3728,#3736,#3742));
#3727 = ORIENTED_EDGE('',*,*,#3102,.F.);
#3728 = ORIENTED_EDGE('',*,*,#3729,.T.);
#3729 = EDGE_CURVE('',#3095,#3730,#3732,.T.);
#3730 = VERTEX_POINT('',#3731);
#3731 = CARTESIAN_POINT('',(2.452947462695,13.453203103546,10.72));
#3732 = LINE('',#3733,#3734);
#3733 = CARTESIAN_POINT('',(2.452947462695,13.453203103546,11.1));
#3734 = VECTOR('',#3735,1.);
#3735 = DIRECTION('',(1.224646799147E-16,0.,-1.));
#3736 = ORIENTED_EDGE('',*,*,#3737,.T.);
#3737 = EDGE_CURVE('',#3730,#3706,#3738,.T.);
#3738 = LINE('',#3739,#3740);
#3739 = CARTESIAN_POINT('',(2.452947462695,13.453203103546,10.72));
#3740 = VECTOR('',#3741,1.);
#3741 = DIRECTION('',(-0.990865897387,0.134850930274,-1.213460749619E-16
    ));
#3742 = ORIENTED_EDGE('',*,*,#3705,.F.);
#3743 = PLANE('',#3744);
#3744 = AXIS2_PLACEMENT_3D('',#3745,#3746,#3747);
#3745 = CARTESIAN_POINT('',(2.452947462695,13.453203103546,11.1));
#3746 = DIRECTION('',(0.134850930274,0.990865897387,1.651447601218E-17)
  );
#3747 = DIRECTION('',(-0.990865897387,0.134850930274,-1.213460749619E-16
    ));
#3748 = ADVANCED_FACE('',(#3749),#3767,.T.);
#3749 = FACE_BOUND('',#3750,.T.);
#3750 = EDGE_LOOP('',(#3751,#3752,#3760,#3766));
#3751 = ORIENTED_EDGE('',*,*,#3094,.F.);
#3752 = ORIENTED_EDGE('',*,*,#3753,.T.);
#3753 = EDGE_CURVE('',#3087,#3754,#3756,.T.);
#3754 = VERTEX_POINT('',#3755);
#3755 = CARTESIAN_POINT('',(3.65448479287,13.177646447628,10.72));
#3756 = LINE('',#3757,#3758);
#3757 = CARTESIAN_POINT('',(3.65448479287,13.177646447628,11.1));
#3758 = VECTOR('',#3759,1.);
#3759 = DIRECTION('',(1.224646799147E-16,0.,-1.));
#3760 = ORIENTED_EDGE('',*,*,#3761,.T.);
#3761 = EDGE_CURVE('',#3754,#3730,#3762,.T.);
#3762 = LINE('',#3763,#3764);
#3763 = CARTESIAN_POINT('',(3.65448479287,13.177646447628,10.72));
#3764 = VECTOR('',#3765,1.);
#3765 = DIRECTION('',(-0.974696212126,0.223533653099,-1.193658596321E-16
    ));
#3766 = ORIENTED_EDGE('',*,*,#3729,.F.);
#3767 = PLANE('',#3768);
#3768 = AXIS2_PLACEMENT_3D('',#3769,#3770,#3771);
#3769 = CARTESIAN_POINT('',(3.65448479287,13.177646447628,11.1));
#3770 = DIRECTION('',(0.223533653099,0.974696212126,2.737497727698E-17)
  );
#3771 = DIRECTION('',(-0.974696212126,0.223533653099,-1.193658596321E-16
    ));
#3772 = ADVANCED_FACE('',(#3773),#3791,.T.);
#3773 = FACE_BOUND('',#3774,.T.);
#3774 = EDGE_LOOP('',(#3775,#3776,#3784,#3790));
#3775 = ORIENTED_EDGE('',*,*,#3086,.F.);
#3776 = ORIENTED_EDGE('',*,*,#3777,.T.);
#3777 = EDGE_CURVE('',#3079,#3778,#3780,.T.);
#3778 = VERTEX_POINT('',#3779);
#3779 = CARTESIAN_POINT('',(4.826325472462,12.795007129106,10.72));
#3780 = LINE('',#3781,#3782);
#3781 = CARTESIAN_POINT('',(4.826325472462,12.795007129106,11.1));
#3782 = VECTOR('',#3783,1.);
#3783 = DIRECTION('',(1.224646799147E-16,0.,-1.));
#3784 = ORIENTED_EDGE('',*,*,#3785,.T.);
#3785 = EDGE_CURVE('',#3778,#3754,#3786,.T.);
#3786 = LINE('',#3787,#3788);
#3787 = CARTESIAN_POINT('',(4.826325472462,12.795007129106,10.72));
#3788 = VECTOR('',#3789,1.);
#3789 = DIRECTION('',(-0.950606063522,0.310399922672,-1.164156672943E-16
    ));
#3790 = ORIENTED_EDGE('',*,*,#3753,.F.);
#3791 = PLANE('',#3792);
#3792 = AXIS2_PLACEMENT_3D('',#3793,#3794,#3795);
#3793 = CARTESIAN_POINT('',(4.826325472462,12.795007129106,11.1));
#3794 = DIRECTION('',(0.310399922672,0.950606063522,3.801302717559E-17)
  );
#3795 = DIRECTION('',(-0.950606063522,0.310399922672,-1.164156672943E-16
    ));
#3796 = ADVANCED_FACE('',(#3797),#3815,.T.);
#3797 = FACE_BOUND('',#3798,.T.);
#3798 = EDGE_LOOP('',(#3799,#3800,#3808,#3814));
#3799 = ORIENTED_EDGE('',*,*,#3078,.F.);
#3800 = ORIENTED_EDGE('',*,*,#3801,.T.);
#3801 = EDGE_CURVE('',#3071,#3802,#3804,.T.);
#3802 = VERTEX_POINT('',#3803);
#3803 = CARTESIAN_POINT('',(5.958947025616,12.308394507242,10.72));
#3804 = LINE('',#3805,#3806);
#3805 = CARTESIAN_POINT('',(5.958947025616,12.308394507242,11.1));
#3806 = VECTOR('',#3807,1.);
#3807 = DIRECTION('',(1.224646799147E-16,0.,-1.));
#3808 = ORIENTED_EDGE('',*,*,#3809,.T.);
#3809 = EDGE_CURVE('',#3802,#3778,#3810,.T.);
#3810 = LINE('',#3811,#3812);
#3811 = CARTESIAN_POINT('',(5.958947025616,12.308394507242,10.72));
#3812 = VECTOR('',#3813,1.);
#3813 = DIRECTION('',(-0.918791210149,0.394743856384,-1.125194714594E-16
    ));
#3814 = ORIENTED_EDGE('',*,*,#3777,.F.);
#3815 = PLANE('',#3816);
#3816 = AXIS2_PLACEMENT_3D('',#3817,#3818,#3819);
#3817 = CARTESIAN_POINT('',(5.958947025616,12.308394507242,11.1));
#3818 = DIRECTION('',(0.394743856384,0.918791210149,4.834218002041E-17)
  );
#3819 = DIRECTION('',(-0.918791210149,0.394743856384,-1.125194714594E-16
    ));
#3820 = ADVANCED_FACE('',(#3821),#3839,.T.);
#3821 = FACE_BOUND('',#3822,.T.);
#3822 = EDGE_LOOP('',(#3823,#3824,#3832,#3838));
#3823 = ORIENTED_EDGE('',*,*,#3070,.F.);
#3824 = ORIENTED_EDGE('',*,*,#3825,.T.);
#3825 = EDGE_CURVE('',#3063,#3826,#3828,.T.);
#3826 = VERTEX_POINT('',#3827);
#3827 = CARTESIAN_POINT('',(7.043145674395,11.721762837101,10.72));
#3828 = LINE('',#3829,#3830);
#3829 = CARTESIAN_POINT('',(7.043145674395,11.721762837101,11.1));
#3830 = VECTOR('',#3831,1.);
#3831 = DIRECTION('',(1.224646799147E-16,0.,-1.));
#3832 = ORIENTED_EDGE('',*,*,#3833,.T.);
#3833 = EDGE_CURVE('',#3826,#3802,#3834,.T.);
#3834 = LINE('',#3835,#3836);
#3835 = CARTESIAN_POINT('',(7.043145674395,11.721762837101,10.72));
#3836 = VECTOR('',#3837,1.);
#3837 = DIRECTION('',(-0.879510182178,0.475880068342,-1.077089329422E-16
    ));
#3838 = ORIENTED_EDGE('',*,*,#3801,.F.);
#3839 = PLANE('',#3840);
#3840 = AXIS2_PLACEMENT_3D('',#3841,#3842,#3843);
#3841 = CARTESIAN_POINT('',(7.043145674395,11.721762837101,11.1));
#3842 = DIRECTION('',(0.475880068342,0.879510182178,5.827850024725E-17)
  );
#3843 = DIRECTION('',(-0.879510182178,0.475880068342,-1.077089329422E-16
    ));
#3844 = ADVANCED_FACE('',(#3845),#3863,.T.);
#3845 = FACE_BOUND('',#3846,.T.);
#3846 = EDGE_LOOP('',(#3847,#3848,#3856,#3862));
#3847 = ORIENTED_EDGE('',*,*,#3062,.F.);
#3848 = ORIENTED_EDGE('',*,*,#3849,.T.);
#3849 = EDGE_CURVE('',#3055,#3850,#3852,.T.);
#3850 = VERTEX_POINT('',#3851);
#3851 = CARTESIAN_POINT('',(8.070111129453,11.039879136942,10.72));
#3852 = LINE('',#3853,#3854);
#3853 = CARTESIAN_POINT('',(8.070111129453,11.039879136942,11.1));
#3854 = VECTOR('',#3855,1.);
#3855 = DIRECTION('',(1.224646799147E-16,0.,-1.));
#3856 = ORIENTED_EDGE('',*,*,#3857,.T.);
#3857 = EDGE_CURVE('',#3850,#3826,#3858,.T.);
#3858 = LINE('',#3859,#3860);
#3859 = CARTESIAN_POINT('',(8.070111129453,11.039879136942,10.72));
#3860 = VECTOR('',#3861,1.);
#3861 = DIRECTION('',(-0.833082180545,0.553149238866,-1.020231425831E-16
    ));
#3862 = ORIENTED_EDGE('',*,*,#3825,.F.);
#3863 = PLANE('',#3864);
#3864 = AXIS2_PLACEMENT_3D('',#3865,#3866,#3867);
#3865 = CARTESIAN_POINT('',(8.070111129453,11.039879136942,11.1));
#3866 = DIRECTION('',(0.553149238866,0.833082180545,6.774124448283E-17)
  );
#3867 = DIRECTION('',(-0.833082180545,0.553149238866,-1.020231425831E-16
    ));
#3868 = ADVANCED_FACE('',(#3869),#3887,.T.);
#3869 = FACE_BOUND('',#3870,.T.);
#3870 = EDGE_LOOP('',(#3871,#3872,#3880,#3886));
#3871 = ORIENTED_EDGE('',*,*,#3054,.F.);
#3872 = ORIENTED_EDGE('',*,*,#3873,.T.);
#3873 = EDGE_CURVE('',#3047,#3874,#3876,.T.);
#3874 = VERTEX_POINT('',#3875);
#3875 = CARTESIAN_POINT('',(9.031498183186,10.268284451022,10.72));
#3876 = LINE('',#3877,#3878);
#3877 = CARTESIAN_POINT('',(9.031498183186,10.268284451022,11.1));
#3878 = VECTOR('',#3879,1.);
#3879 = DIRECTION('',(1.224646799147E-16,0.,-1.));
#3880 = ORIENTED_EDGE('',*,*,#3881,.T.);
#3881 = EDGE_CURVE('',#3874,#3850,#3882,.T.);
#3882 = LINE('',#3883,#3884);
#3883 = CARTESIAN_POINT('',(9.031498183186,10.268284451022,10.72));
#3884 = VECTOR('',#3885,1.);
#3885 = DIRECTION('',(-0.779884483093,0.625923472184,-9.550830359244E-17
    ));
#3886 = ORIENTED_EDGE('',*,*,#3849,.F.);
#3887 = PLANE('',#3888);
#3888 = AXIS2_PLACEMENT_3D('',#3889,#3890,#3891);
#3889 = CARTESIAN_POINT('',(9.031498183186,10.268284451022,11.1));
#3890 = DIRECTION('',(0.625923472184,0.779884483093,7.665351767214E-17)
  );
#3891 = DIRECTION('',(-0.779884483093,0.625923472184,-9.550830359244E-17
    ));
#3892 = ADVANCED_FACE('',(#3893),#3911,.T.);
#3893 = FACE_BOUND('',#3894,.T.);
#3894 = EDGE_LOOP('',(#3895,#3896,#3904,#3910));
#3895 = ORIENTED_EDGE('',*,*,#3046,.F.);
#3896 = ORIENTED_EDGE('',*,*,#3897,.T.);
#3897 = EDGE_CURVE('',#3039,#3898,#3900,.T.);
#3898 = VERTEX_POINT('',#3899);
#3899 = CARTESIAN_POINT('',(9.919494523593,9.413248822612,10.72));
#3900 = LINE('',#3901,#3902);
#3901 = CARTESIAN_POINT('',(9.919494523593,9.413248822612,11.1));
#3902 = VECTOR('',#3903,1.);
#3903 = DIRECTION('',(1.224646799147E-16,0.,-1.));
#3904 = ORIENTED_EDGE('',*,*,#3905,.T.);
#3905 = EDGE_CURVE('',#3898,#3874,#3906,.T.);
#3906 = LINE('',#3907,#3908);
#3907 = CARTESIAN_POINT('',(9.919494523593,9.413248822612,10.72));
#3908 = VECTOR('',#3909,1.);
#3909 = DIRECTION('',(-0.720349378782,0.693611398759,-8.821735609937E-17
    ));
#3910 = ORIENTED_EDGE('',*,*,#3873,.F.);
#3911 = PLANE('',#3912);
#3912 = AXIS2_PLACEMENT_3D('',#3913,#3914,#3915);
#3913 = CARTESIAN_POINT('',(9.919494523593,9.413248822612,11.1));
#3914 = DIRECTION('',(0.693611398759,0.720349378782,8.494289793418E-17)
  );
#3915 = DIRECTION('',(-0.720349378782,0.693611398759,-8.821735609937E-17
    ));
#3916 = ADVANCED_FACE('',(#3917),#3935,.T.);
#3917 = FACE_BOUND('',#3918,.T.);
#3918 = EDGE_LOOP('',(#3919,#3920,#3928,#3934));
#3919 = ORIENTED_EDGE('',*,*,#3038,.F.);
#3920 = ORIENTED_EDGE('',*,*,#3921,.T.);
#3921 = EDGE_CURVE('',#3031,#3922,#3924,.T.);
#3922 = VERTEX_POINT('',#3923);
#3923 = CARTESIAN_POINT('',(10.726884217775,8.481720343093,10.72));
#3924 = LINE('',#3925,#3926);
#3925 = CARTESIAN_POINT('',(10.726884217775,8.481720343093,11.1));
#3926 = VECTOR('',#3927,1.);
#3927 = DIRECTION('',(1.224646799147E-16,0.,-1.));
#3928 = ORIENTED_EDGE('',*,*,#3929,.T.);
#3929 = EDGE_CURVE('',#3922,#3898,#3930,.T.);
#3930 = LINE('',#3931,#3932);
#3931 = CARTESIAN_POINT('',(10.726884217775,8.481720343093,10.72));
#3932 = VECTOR('',#3933,1.);
#3933 = DIRECTION('',(-0.654960654875,0.755662980809,-8.020954695603E-17
    ));
#3934 = ORIENTED_EDGE('',*,*,#3897,.F.);
#3935 = PLANE('',#3936);
#3936 = AXIS2_PLACEMENT_3D('',#3937,#3938,#3939);
#3937 = CARTESIAN_POINT('',(10.726884217775,8.481720343093,11.1));
#3938 = DIRECTION('',(0.755662980809,0.654960654875,9.254202506822E-17)
  );
#3939 = DIRECTION('',(-0.654960654875,0.755662980809,-8.020954695603E-17
    ));
#3940 = ADVANCED_FACE('',(#3941),#3959,.T.);
#3941 = FACE_BOUND('',#3942,.T.);
#3942 = EDGE_LOOP('',(#3943,#3944,#3952,#3958));
#3943 = ORIENTED_EDGE('',*,*,#3030,.F.);
#3944 = ORIENTED_EDGE('',*,*,#3945,.T.);
#3945 = EDGE_CURVE('',#3023,#3946,#3948,.T.);
#3946 = VERTEX_POINT('',#3947);
#3947 = CARTESIAN_POINT('',(11.447106349218,7.481268691185,10.72));
#3948 = LINE('',#3949,#3950);
#3949 = CARTESIAN_POINT('',(11.447106349218,7.481268691185,11.1));
#3950 = VECTOR('',#3951,1.);
#3951 = DIRECTION('',(1.224646799147E-16,0.,-1.));
#3952 = ORIENTED_EDGE('',*,*,#3953,.T.);
#3953 = EDGE_CURVE('',#3946,#3922,#3954,.T.);
#3954 = LINE('',#3955,#3956);
#3955 = CARTESIAN_POINT('',(11.447106349218,7.481268691185,10.72));
#3956 = VECTOR('',#3957,1.);
#3957 = DIRECTION('',(-0.584249665637,0.811573981965,-7.154994829258E-17
    ));
#3958 = ORIENTED_EDGE('',*,*,#3921,.F.);
#3959 = PLANE('',#3960);
#3960 = AXIS2_PLACEMENT_3D('',#3961,#3962,#3963);
#3961 = CARTESIAN_POINT('',(11.447106349218,7.481268691185,11.1));
#3962 = DIRECTION('',(0.811573981965,0.584249665637,9.938914792847E-17)
  );
#3963 = DIRECTION('',(-0.584249665637,0.811573981965,-7.154994829258E-17
    ));
#3964 = ADVANCED_FACE('',(#3965),#3983,.T.);
#3965 = FACE_BOUND('',#3966,.T.);
#3966 = EDGE_LOOP('',(#3967,#3968,#3976,#3982));
#3967 = ORIENTED_EDGE('',*,*,#3022,.F.);
#3968 = ORIENTED_EDGE('',*,*,#3969,.T.);
#3969 = EDGE_CURVE('',#3014,#3970,#3972,.T.);
#3970 = VERTEX_POINT('',#3971);
#3971 = CARTESIAN_POINT('',(12.074308332346,6.420023621097,10.72));
#3972 = LINE('',#3973,#3974);
#3973 = CARTESIAN_POINT('',(12.074308332346,6.420023621097,11.1));
#3974 = VECTOR('',#3975,1.);
#3975 = DIRECTION('',(1.224646799147E-16,0.,-1.));
#3976 = ORIENTED_EDGE('',*,*,#3977,.T.);
#3977 = EDGE_CURVE('',#3970,#3946,#3978,.T.);
#3978 = LINE('',#3979,#3980);
#3979 = CARTESIAN_POINT('',(12.074308332346,6.420023621097,10.72));
#3980 = VECTOR('',#3981,1.);
#3981 = DIRECTION('',(-0.508791014511,0.860890064731,-6.230892873559E-17
    ));
#3982 = ORIENTED_EDGE('',*,*,#3945,.F.);
#3983 = PLANE('',#3984);
#3984 = AXIS2_PLACEMENT_3D('',#3985,#3986,#3987);
#3985 = CARTESIAN_POINT('',(12.074308332346,6.420023621097,11.1));
#3986 = DIRECTION('',(0.860890064731,0.508791014511,1.054286262191E-16)
  );
#3987 = DIRECTION('',(-0.508791014511,0.860890064731,-6.230892873559E-17
    ));
#3988 = ADVANCED_FACE('',(#3989),#4017,.F.);
#3989 = FACE_BOUND('',#3990,.F.);
#3990 = EDGE_LOOP('',(#3991,#4002,#4008,#4009,#4010));
#3991 = ORIENTED_EDGE('',*,*,#3992,.F.);
#3992 = EDGE_CURVE('',#3993,#3995,#3997,.T.);
#3993 = VERTEX_POINT('',#3994);
#3994 = CARTESIAN_POINT('',(12.805321220073,6.852056471753,10.72));
#3995 = VERTEX_POINT('',#3996);
#3996 = CARTESIAN_POINT('',(12.824813786276,6.819074449465,10.72));
#3997 = CIRCLE('',#3998,0.425);
#3998 = AXIS2_PLACEMENT_3D('',#3999,#4000,#4001);
#3999 = CARTESIAN_POINT('',(12.449561059311,6.619549035281,10.72));
#4000 = DIRECTION('',(1.224646799147E-16,0.,-1.));
#4001 = DIRECTION('',(-1.,0.,-1.224646799147E-16));
#4002 = ORIENTED_EDGE('',*,*,#4003,.F.);
#4003 = EDGE_CURVE('',#3006,#3993,#4004,.T.);
#4004 = LINE('',#4005,#4006);
#4005 = CARTESIAN_POINT('',(12.805321220073,6.852056471753,11.1));
#4006 = VECTOR('',#4007,1.);
#4007 = DIRECTION('',(1.224646799147E-16,0.,-1.));
#4008 = ORIENTED_EDGE('',*,*,#3013,.T.);
#4009 = ORIENTED_EDGE('',*,*,#3969,.T.);
#4010 = ORIENTED_EDGE('',*,*,#4011,.F.);
#4011 = EDGE_CURVE('',#3995,#3970,#4012,.T.);
#4012 = CIRCLE('',#4013,0.425);
#4013 = AXIS2_PLACEMENT_3D('',#4014,#4015,#4016);
#4014 = CARTESIAN_POINT('',(12.449561059311,6.619549035281,10.72));
#4015 = DIRECTION('',(1.224646799147E-16,0.,-1.));
#4016 = DIRECTION('',(-1.,0.,-1.224646799147E-16));
#4017 = CYLINDRICAL_SURFACE('',#4018,0.425);
#4018 = AXIS2_PLACEMENT_3D('',#4019,#4020,#4021);
#4019 = CARTESIAN_POINT('',(12.449561059311,6.619549035281,11.1));
#4020 = DIRECTION('',(1.224646799147E-16,0.,-1.));
#4021 = DIRECTION('',(-1.,0.,-1.224646799147E-16));
#4022 = ADVANCED_FACE('',(#4023),#4041,.T.);
#4023 = FACE_BOUND('',#4024,.T.);
#4024 = EDGE_LOOP('',(#4025,#4026,#4034,#4040));
#4025 = ORIENTED_EDGE('',*,*,#3005,.F.);
#4026 = ORIENTED_EDGE('',*,*,#4027,.T.);
#4027 = EDGE_CURVE('',#2998,#4028,#4030,.T.);
#4028 = VERTEX_POINT('',#4029);
#4029 = CARTESIAN_POINT('',(12.158626670741,7.946283564129,10.72));
#4030 = LINE('',#4031,#4032);
#4031 = CARTESIAN_POINT('',(12.158626670741,7.946283564129,11.1));
#4032 = VECTOR('',#4033,1.);
#4033 = DIRECTION('',(1.224646799147E-16,0.,-1.));
#4034 = ORIENTED_EDGE('',*,*,#4035,.T.);
#4035 = EDGE_CURVE('',#4028,#3993,#4036,.T.);
#4036 = LINE('',#4037,#4038);
#4037 = CARTESIAN_POINT('',(12.158626670741,7.946283564129,10.72));
#4038 = VECTOR('',#4039,1.);
#4039 = DIRECTION('',(0.508791014511,-0.860890064731,6.230892873559E-17)
  );
#4040 = ORIENTED_EDGE('',*,*,#4003,.F.);
#4041 = PLANE('',#4042);
#4042 = AXIS2_PLACEMENT_3D('',#4043,#4044,#4045);
#4043 = CARTESIAN_POINT('',(12.158626670741,7.946283564129,11.1));
#4044 = DIRECTION('',(-0.860890064731,-0.508791014511,
    -1.054286262191E-16));
#4045 = DIRECTION('',(0.508791014511,-0.860890064731,6.230892873559E-17)
  );
#4046 = ADVANCED_FACE('',(#4047),#4065,.T.);
#4047 = FACE_BOUND('',#4048,.T.);
#4048 = EDGE_LOOP('',(#4049,#4050,#4058,#4064));
#4049 = ORIENTED_EDGE('',*,*,#2997,.F.);
#4050 = ORIENTED_EDGE('',*,*,#4051,.T.);
#4051 = EDGE_CURVE('',#2990,#4052,#4054,.T.);
#4052 = VERTEX_POINT('',#4053);
#4053 = CARTESIAN_POINT('',(11.393637532957,9.008920510671,10.72));
#4054 = LINE('',#4055,#4056);
#4055 = CARTESIAN_POINT('',(11.393637532957,9.008920510671,11.1));
#4056 = VECTOR('',#4057,1.);
#4057 = DIRECTION('',(1.224646799147E-16,0.,-1.));
#4058 = ORIENTED_EDGE('',*,*,#4059,.T.);
#4059 = EDGE_CURVE('',#4052,#4028,#4060,.T.);
#4060 = LINE('',#4061,#4062);
#4061 = CARTESIAN_POINT('',(11.393637532957,9.008920510671,10.72));
#4062 = VECTOR('',#4063,1.);
#4063 = DIRECTION('',(0.584249665637,-0.811573981965,7.154994829258E-17)
  );
#4064 = ORIENTED_EDGE('',*,*,#4027,.F.);
#4065 = PLANE('',#4066);
#4066 = AXIS2_PLACEMENT_3D('',#4067,#4068,#4069);
#4067 = CARTESIAN_POINT('',(11.393637532957,9.008920510671,11.1));
#4068 = DIRECTION('',(-0.811573981965,-0.584249665637,
    -9.938914792847E-17));
#4069 = DIRECTION('',(0.584249665637,-0.811573981965,7.154994829258E-17)
  );
#4070 = ADVANCED_FACE('',(#4071),#4089,.T.);
#4071 = FACE_BOUND('',#4072,.T.);
#4072 = EDGE_LOOP('',(#4073,#4074,#4082,#4088));
#4073 = ORIENTED_EDGE('',*,*,#2989,.F.);
#4074 = ORIENTED_EDGE('',*,*,#4075,.T.);
#4075 = EDGE_CURVE('',#2982,#4076,#4078,.T.);
#4076 = VERTEX_POINT('',#4077);
#4077 = CARTESIAN_POINT('',(10.536062738953,9.998350211952,10.72));
#4078 = LINE('',#4079,#4080);
#4079 = CARTESIAN_POINT('',(10.536062738953,9.998350211952,11.1));
#4080 = VECTOR('',#4081,1.);
#4081 = DIRECTION('',(1.224646799147E-16,0.,-1.));
#4082 = ORIENTED_EDGE('',*,*,#4083,.T.);
#4083 = EDGE_CURVE('',#4076,#4052,#4084,.T.);
#4084 = LINE('',#4085,#4086);
#4085 = CARTESIAN_POINT('',(10.536062738953,9.998350211952,10.72));
#4086 = VECTOR('',#4087,1.);
#4087 = DIRECTION('',(0.654960654875,-0.755662980809,8.020954695603E-17)
  );
#4088 = ORIENTED_EDGE('',*,*,#4051,.F.);
#4089 = PLANE('',#4090);
#4090 = AXIS2_PLACEMENT_3D('',#4091,#4092,#4093);
#4091 = CARTESIAN_POINT('',(10.536062738953,9.998350211952,11.1));
#4092 = DIRECTION('',(-0.755662980809,-0.654960654875,
    -9.254202506822E-17));
#4093 = DIRECTION('',(0.654960654875,-0.755662980809,8.020954695603E-17)
  );
#4094 = ADVANCED_FACE('',(#4095),#4113,.T.);
#4095 = FACE_BOUND('',#4096,.T.);
#4096 = EDGE_LOOP('',(#4097,#4098,#4106,#4112));
#4097 = ORIENTED_EDGE('',*,*,#2981,.F.);
#4098 = ORIENTED_EDGE('',*,*,#4099,.T.);
#4099 = EDGE_CURVE('',#2974,#4100,#4102,.T.);
#4100 = VERTEX_POINT('',#4101);
#4101 = CARTESIAN_POINT('',(9.592871013586,10.906532479056,10.72));
#4102 = LINE('',#4103,#4104);
#4103 = CARTESIAN_POINT('',(9.592871013586,10.906532479056,11.1));
#4104 = VECTOR('',#4105,1.);
#4105 = DIRECTION('',(1.224646799147E-16,0.,-1.));
#4106 = ORIENTED_EDGE('',*,*,#4107,.T.);
#4107 = EDGE_CURVE('',#4100,#4076,#4108,.T.);
#4108 = LINE('',#4109,#4110);
#4109 = CARTESIAN_POINT('',(9.592871013586,10.906532479056,10.72));
#4110 = VECTOR('',#4111,1.);
#4111 = DIRECTION('',(0.720349378782,-0.693611398759,8.821735609937E-17)
  );
#4112 = ORIENTED_EDGE('',*,*,#4075,.F.);
#4113 = PLANE('',#4114);
#4114 = AXIS2_PLACEMENT_3D('',#4115,#4116,#4117);
#4115 = CARTESIAN_POINT('',(9.592871013586,10.906532479056,11.1));
#4116 = DIRECTION('',(-0.693611398759,-0.720349378782,
    -8.494289793418E-17));
#4117 = DIRECTION('',(0.720349378782,-0.693611398759,8.821735609937E-17)
  );
#4118 = ADVANCED_FACE('',(#4119),#4137,.T.);
#4119 = FACE_BOUND('',#4120,.T.);
#4120 = EDGE_LOOP('',(#4121,#4122,#4130,#4136));
#4121 = ORIENTED_EDGE('',*,*,#2973,.F.);
#4122 = ORIENTED_EDGE('',*,*,#4123,.T.);
#4123 = EDGE_CURVE('',#2966,#4124,#4126,.T.);
#4124 = VERTEX_POINT('',#4125);
#4125 = CARTESIAN_POINT('',(8.571726812088,11.72608734655,10.72));
#4126 = LINE('',#4127,#4128);
#4127 = CARTESIAN_POINT('',(8.571726812088,11.72608734655,11.1));
#4128 = VECTOR('',#4129,1.);
#4129 = DIRECTION('',(1.224646799147E-16,0.,-1.));
#4130 = ORIENTED_EDGE('',*,*,#4131,.T.);
#4131 = EDGE_CURVE('',#4124,#4100,#4132,.T.);
#4132 = LINE('',#4133,#4134);
#4133 = CARTESIAN_POINT('',(8.571726812088,11.72608734655,10.72));
#4134 = VECTOR('',#4135,1.);
#4135 = DIRECTION('',(0.779884483093,-0.625923472184,9.550830359244E-17)
  );
#4136 = ORIENTED_EDGE('',*,*,#4099,.F.);
#4137 = PLANE('',#4138);
#4138 = AXIS2_PLACEMENT_3D('',#4139,#4140,#4141);
#4139 = CARTESIAN_POINT('',(8.571726812088,11.72608734655,11.1));
#4140 = DIRECTION('',(-0.625923472184,-0.779884483093,
    -7.665351767214E-17));
#4141 = DIRECTION('',(0.779884483093,-0.625923472184,9.550830359244E-17)
  );
#4142 = ADVANCED_FACE('',(#4143),#4161,.T.);
#4143 = FACE_BOUND('',#4144,.T.);
#4144 = EDGE_LOOP('',(#4145,#4146,#4154,#4160));
#4145 = ORIENTED_EDGE('',*,*,#2965,.F.);
#4146 = ORIENTED_EDGE('',*,*,#4147,.T.);
#4147 = EDGE_CURVE('',#2958,#4148,#4150,.T.);
#4148 = VERTEX_POINT('',#4149);
#4149 = CARTESIAN_POINT('',(7.480928038069,12.450355042698,10.72));
#4150 = LINE('',#4151,#4152);
#4151 = CARTESIAN_POINT('',(7.480928038069,12.450355042698,11.1));
#4152 = VECTOR('',#4153,1.);
#4153 = DIRECTION('',(1.224646799147E-16,0.,-1.));
#4154 = ORIENTED_EDGE('',*,*,#4155,.T.);
#4155 = EDGE_CURVE('',#4148,#4124,#4156,.T.);
#4156 = LINE('',#4157,#4158);
#4157 = CARTESIAN_POINT('',(7.480928038069,12.450355042698,10.72));
#4158 = VECTOR('',#4159,1.);
#4159 = DIRECTION('',(0.833082180545,-0.553149238866,1.020231425831E-16)
  );
#4160 = ORIENTED_EDGE('',*,*,#4123,.F.);
#4161 = PLANE('',#4162);
#4162 = AXIS2_PLACEMENT_3D('',#4163,#4164,#4165);
#4163 = CARTESIAN_POINT('',(7.480928038069,12.450355042698,11.1));
#4164 = DIRECTION('',(-0.553149238866,-0.833082180545,
    -6.774124448283E-17));
#4165 = DIRECTION('',(0.833082180545,-0.553149238866,1.020231425831E-16)
  );
#4166 = ADVANCED_FACE('',(#4167),#4185,.T.);
#4167 = FACE_BOUND('',#4168,.T.);
#4168 = EDGE_LOOP('',(#4169,#4170,#4178,#4184));
#4169 = ORIENTED_EDGE('',*,*,#2957,.F.);
#4170 = ORIENTED_EDGE('',*,*,#4171,.T.);
#4171 = EDGE_CURVE('',#2950,#4172,#4174,.T.);
#4172 = VERTEX_POINT('',#4173);
#4173 = CARTESIAN_POINT('',(6.329338614046,13.073450107326,10.72));
#4174 = LINE('',#4175,#4176);
#4175 = CARTESIAN_POINT('',(6.329338614046,13.073450107326,11.1));
#4176 = VECTOR('',#4177,1.);
#4177 = DIRECTION('',(1.224646799147E-16,0.,-1.));
#4178 = ORIENTED_EDGE('',*,*,#4179,.T.);
#4179 = EDGE_CURVE('',#4172,#4148,#4180,.T.);
#4180 = LINE('',#4181,#4182);
#4181 = CARTESIAN_POINT('',(6.329338614046,13.073450107326,10.72));
#4182 = VECTOR('',#4183,1.);
#4183 = DIRECTION('',(0.879510182178,-0.475880068342,1.077089329422E-16)
  );
#4184 = ORIENTED_EDGE('',*,*,#4147,.F.);
#4185 = PLANE('',#4186);
#4186 = AXIS2_PLACEMENT_3D('',#4187,#4188,#4189);
#4187 = CARTESIAN_POINT('',(6.329338614046,13.073450107326,11.1));
#4188 = DIRECTION('',(-0.475880068342,-0.879510182178,
    -5.827850024725E-17));
#4189 = DIRECTION('',(0.879510182178,-0.475880068342,1.077089329422E-16)
  );
#4190 = ADVANCED_FACE('',(#4191),#4209,.T.);
#4191 = FACE_BOUND('',#4192,.T.);
#4192 = EDGE_LOOP('',(#4193,#4194,#4202,#4208));
#4193 = ORIENTED_EDGE('',*,*,#2949,.F.);
#4194 = ORIENTED_EDGE('',*,*,#4195,.T.);
#4195 = EDGE_CURVE('',#2942,#4196,#4198,.T.);
#4196 = VERTEX_POINT('',#4197);
#4197 = CARTESIAN_POINT('',(5.126316452469,13.590309217569,10.72));
#4198 = LINE('',#4199,#4200);
#4199 = CARTESIAN_POINT('',(5.126316452469,13.590309217569,11.1));
#4200 = VECTOR('',#4201,1.);
#4201 = DIRECTION('',(1.224646799147E-16,0.,-1.));
#4202 = ORIENTED_EDGE('',*,*,#4203,.T.);
#4203 = EDGE_CURVE('',#4196,#4172,#4204,.T.);
#4204 = LINE('',#4205,#4206);
#4205 = CARTESIAN_POINT('',(5.126316452469,13.590309217569,10.72));
#4206 = VECTOR('',#4207,1.);
#4207 = DIRECTION('',(0.918791210149,-0.394743856384,1.125194714594E-16)
  );
#4208 = ORIENTED_EDGE('',*,*,#4171,.F.);
#4209 = PLANE('',#4210);
#4210 = AXIS2_PLACEMENT_3D('',#4211,#4212,#4213);
#4211 = CARTESIAN_POINT('',(5.126316452469,13.590309217569,11.1));
#4212 = DIRECTION('',(-0.394743856384,-0.918791210149,
    -4.834218002041E-17));
#4213 = DIRECTION('',(0.918791210149,-0.394743856384,1.125194714594E-16)
  );
#4214 = ADVANCED_FACE('',(#4215),#4233,.T.);
#4215 = FACE_BOUND('',#4216,.T.);
#4216 = EDGE_LOOP('',(#4217,#4218,#4226,#4232));
#4217 = ORIENTED_EDGE('',*,*,#2941,.F.);
#4218 = ORIENTED_EDGE('',*,*,#4219,.T.);
#4219 = EDGE_CURVE('',#2934,#4220,#4222,.T.);
#4220 = VERTEX_POINT('',#4221);
#4221 = CARTESIAN_POINT('',(3.881637412537,13.996732332855,10.72));
#4222 = LINE('',#4223,#4224);
#4223 = CARTESIAN_POINT('',(3.881637412537,13.996732332855,11.1));
#4224 = VECTOR('',#4225,1.);
#4225 = DIRECTION('',(1.224646799147E-16,0.,-1.));
#4226 = ORIENTED_EDGE('',*,*,#4227,.T.);
#4227 = EDGE_CURVE('',#4220,#4196,#4228,.T.);
#4228 = LINE('',#4229,#4230);
#4229 = CARTESIAN_POINT('',(3.881637412537,13.996732332855,10.72));
#4230 = VECTOR('',#4231,1.);
#4231 = DIRECTION('',(0.950606063522,-0.310399922672,1.164156672943E-16)
  );
#4232 = ORIENTED_EDGE('',*,*,#4195,.F.);
#4233 = PLANE('',#4234);
#4234 = AXIS2_PLACEMENT_3D('',#4235,#4236,#4237);
#4235 = CARTESIAN_POINT('',(3.881637412537,13.996732332855,11.1));
#4236 = DIRECTION('',(-0.310399922672,-0.950606063522,
    -3.801302717559E-17));
#4237 = DIRECTION('',(0.950606063522,-0.310399922672,1.164156672943E-16)
  );
#4238 = ADVANCED_FACE('',(#4239),#4257,.T.);
#4239 = FACE_BOUND('',#4240,.T.);
#4240 = EDGE_LOOP('',(#4241,#4242,#4250,#4256));
#4241 = ORIENTED_EDGE('',*,*,#2933,.F.);
#4242 = ORIENTED_EDGE('',*,*,#4243,.T.);
#4243 = EDGE_CURVE('',#2926,#4244,#4246,.T.);
#4244 = VERTEX_POINT('',#4245);
#4245 = CARTESIAN_POINT('',(2.605415860742,14.28941682479,10.72));
#4246 = LINE('',#4247,#4248);
#4247 = CARTESIAN_POINT('',(2.605415860742,14.28941682479,11.1));
#4248 = VECTOR('',#4249,1.);
#4249 = DIRECTION('',(1.224646799147E-16,0.,-1.));
#4250 = ORIENTED_EDGE('',*,*,#4251,.T.);
#4251 = EDGE_CURVE('',#4244,#4220,#4252,.T.);
#4252 = LINE('',#4253,#4254);
#4253 = CARTESIAN_POINT('',(2.605415860742,14.28941682479,10.72));
#4254 = VECTOR('',#4255,1.);
#4255 = DIRECTION('',(0.974696212126,-0.223533653099,1.193658596321E-16)
  );
#4256 = ORIENTED_EDGE('',*,*,#4219,.F.);
#4257 = PLANE('',#4258);
#4258 = AXIS2_PLACEMENT_3D('',#4259,#4260,#4261);
#4259 = CARTESIAN_POINT('',(2.605415860742,14.28941682479,11.1));
#4260 = DIRECTION('',(-0.223533653099,-0.974696212126,
    -2.737497727698E-17));
#4261 = DIRECTION('',(0.974696212126,-0.223533653099,1.193658596321E-16)
  );
#4262 = ADVANCED_FACE('',(#4263),#4281,.T.);
#4263 = FACE_BOUND('',#4264,.T.);
#4264 = EDGE_LOOP('',(#4265,#4266,#4274,#4280));
#4265 = ORIENTED_EDGE('',*,*,#2925,.F.);
#4266 = ORIENTED_EDGE('',*,*,#4267,.T.);
#4267 = EDGE_CURVE('',#2918,#4268,#4270,.T.);
#4268 = VERTEX_POINT('',#4269);
#4269 = CARTESIAN_POINT('',(1.308022480679,14.465984314593,10.72));
#4270 = LINE('',#4271,#4272);
#4271 = CARTESIAN_POINT('',(1.308022480679,14.465984314593,11.1));
#4272 = VECTOR('',#4273,1.);
#4273 = DIRECTION('',(1.224646799147E-16,0.,-1.));
#4274 = ORIENTED_EDGE('',*,*,#4275,.T.);
#4275 = EDGE_CURVE('',#4268,#4244,#4276,.T.);
#4276 = LINE('',#4277,#4278);
#4277 = CARTESIAN_POINT('',(1.308022480679,14.465984314593,10.72));
#4278 = VECTOR('',#4279,1.);
#4279 = DIRECTION('',(0.990865897387,-0.134850930274,1.213460749619E-16)
  );
#4280 = ORIENTED_EDGE('',*,*,#4243,.F.);
#4281 = PLANE('',#4282);
#4282 = AXIS2_PLACEMENT_3D('',#4283,#4284,#4285);
#4283 = CARTESIAN_POINT('',(1.308022480679,14.465984314593,11.1));
#4284 = DIRECTION('',(-0.134850930274,-0.990865897387,
    -1.651447601218E-17));
#4285 = DIRECTION('',(0.990865897387,-0.134850930274,1.213460749619E-16)
  );
#4286 = ADVANCED_FACE('',(#4287),#4305,.T.);
#4287 = FACE_BOUND('',#4288,.T.);
#4288 = EDGE_LOOP('',(#4289,#4290,#4298,#4304));
#4289 = ORIENTED_EDGE('',*,*,#2917,.F.);
#4290 = ORIENTED_EDGE('',*,*,#4291,.T.);
#4291 = EDGE_CURVE('',#2910,#4292,#4294,.T.);
#4292 = VERTEX_POINT('',#4293);
#4293 = CARTESIAN_POINT('',(-8.551096275046E-16,14.525,10.72));
#4294 = LINE('',#4295,#4296);
#4295 = CARTESIAN_POINT('',(-9.016462058722E-16,14.525,11.1));
#4296 = VECTOR('',#4297,1.);
#4297 = DIRECTION('',(1.224646799147E-16,0.,-1.));
#4298 = ORIENTED_EDGE('',*,*,#4299,.T.);
#4299 = EDGE_CURVE('',#4292,#4268,#4300,.T.);
#4300 = LINE('',#4301,#4302);
#4301 = CARTESIAN_POINT('',(-8.551096275046E-16,14.525,10.72));
#4302 = VECTOR('',#4303,1.);
#4303 = DIRECTION('',(0.998983723084,-4.507239745458E-02,
    1.223402218876E-16));
#4304 = ORIENTED_EDGE('',*,*,#4267,.F.);
#4305 = PLANE('',#4306);
#4306 = AXIS2_PLACEMENT_3D('',#4307,#4308,#4309);
#4307 = CARTESIAN_POINT('',(-9.016462058722E-16,14.525,11.1));
#4308 = DIRECTION('',(-4.507239745458E-02,-0.998983723084,
    -5.519776727265E-18));
#4309 = DIRECTION('',(0.998983723084,-4.507239745458E-02,
    1.223402218876E-16));
#4310 = ADVANCED_FACE('',(#4311),#4329,.T.);
#4311 = FACE_BOUND('',#4312,.T.);
#4312 = EDGE_LOOP('',(#4313,#4314,#4322,#4328));
#4313 = ORIENTED_EDGE('',*,*,#2909,.F.);
#4314 = ORIENTED_EDGE('',*,*,#4315,.T.);
#4315 = EDGE_CURVE('',#2902,#4316,#4318,.T.);
#4316 = VERTEX_POINT('',#4317);
#4317 = CARTESIAN_POINT('',(-1.308022480679,14.465984314593,10.72));
#4318 = LINE('',#4319,#4320);
#4319 = CARTESIAN_POINT('',(-1.308022480679,14.465984314593,11.1));
#4320 = VECTOR('',#4321,1.);
#4321 = DIRECTION('',(1.224646799147E-16,0.,-1.));
#4322 = ORIENTED_EDGE('',*,*,#4323,.T.);
#4323 = EDGE_CURVE('',#4316,#4292,#4324,.T.);
#4324 = LINE('',#4325,#4326);
#4325 = CARTESIAN_POINT('',(-1.308022480679,14.465984314593,10.72));
#4326 = VECTOR('',#4327,1.);
#4327 = DIRECTION('',(0.998983723084,4.507239745458E-02,
    1.223402218876E-16));
#4328 = ORIENTED_EDGE('',*,*,#4291,.F.);
#4329 = PLANE('',#4330);
#4330 = AXIS2_PLACEMENT_3D('',#4331,#4332,#4333);
#4331 = CARTESIAN_POINT('',(-1.308022480679,14.465984314593,11.1));
#4332 = DIRECTION('',(4.507239745458E-02,-0.998983723084,
    5.519776727265E-18));
#4333 = DIRECTION('',(0.998983723084,4.507239745458E-02,
    1.223402218876E-16));
#4334 = ADVANCED_FACE('',(#4335),#4353,.T.);
#4335 = FACE_BOUND('',#4336,.T.);
#4336 = EDGE_LOOP('',(#4337,#4338,#4346,#4352));
#4337 = ORIENTED_EDGE('',*,*,#2901,.F.);
#4338 = ORIENTED_EDGE('',*,*,#4339,.T.);
#4339 = EDGE_CURVE('',#2894,#4340,#4342,.T.);
#4340 = VERTEX_POINT('',#4341);
#4341 = CARTESIAN_POINT('',(-2.605415860742,14.28941682479,10.72));
#4342 = LINE('',#4343,#4344);
#4343 = CARTESIAN_POINT('',(-2.605415860742,14.28941682479,11.1));
#4344 = VECTOR('',#4345,1.);
#4345 = DIRECTION('',(1.224646799147E-16,0.,-1.));
#4346 = ORIENTED_EDGE('',*,*,#4347,.T.);
#4347 = EDGE_CURVE('',#4340,#4316,#4348,.T.);
#4348 = LINE('',#4349,#4350);
#4349 = CARTESIAN_POINT('',(-2.605415860742,14.28941682479,10.72));
#4350 = VECTOR('',#4351,1.);
#4351 = DIRECTION('',(0.990865897387,0.134850930274,1.213460749619E-16)
  );
#4352 = ORIENTED_EDGE('',*,*,#4315,.F.);
#4353 = PLANE('',#4354);
#4354 = AXIS2_PLACEMENT_3D('',#4355,#4356,#4357);
#4355 = CARTESIAN_POINT('',(-2.605415860742,14.28941682479,11.1));
#4356 = DIRECTION('',(0.134850930274,-0.990865897387,1.651447601218E-17)
  );
#4357 = DIRECTION('',(0.990865897387,0.134850930274,1.213460749619E-16)
  );
#4358 = ADVANCED_FACE('',(#4359),#4377,.T.);
#4359 = FACE_BOUND('',#4360,.T.);
#4360 = EDGE_LOOP('',(#4361,#4362,#4370,#4376));
#4361 = ORIENTED_EDGE('',*,*,#2893,.F.);
#4362 = ORIENTED_EDGE('',*,*,#4363,.T.);
#4363 = EDGE_CURVE('',#2886,#4364,#4366,.T.);
#4364 = VERTEX_POINT('',#4365);
#4365 = CARTESIAN_POINT('',(-3.881637412537,13.996732332855,10.72));
#4366 = LINE('',#4367,#4368);
#4367 = CARTESIAN_POINT('',(-3.881637412537,13.996732332855,11.1));
#4368 = VECTOR('',#4369,1.);
#4369 = DIRECTION('',(1.224646799147E-16,0.,-1.));
#4370 = ORIENTED_EDGE('',*,*,#4371,.T.);
#4371 = EDGE_CURVE('',#4364,#4340,#4372,.T.);
#4372 = LINE('',#4373,#4374);
#4373 = CARTESIAN_POINT('',(-3.881637412537,13.996732332855,10.72));
#4374 = VECTOR('',#4375,1.);
#4375 = DIRECTION('',(0.974696212126,0.223533653099,1.193658596321E-16)
  );
#4376 = ORIENTED_EDGE('',*,*,#4339,.F.);
#4377 = PLANE('',#4378);
#4378 = AXIS2_PLACEMENT_3D('',#4379,#4380,#4381);
#4379 = CARTESIAN_POINT('',(-3.881637412537,13.996732332855,11.1));
#4380 = DIRECTION('',(0.223533653099,-0.974696212126,2.737497727698E-17)
  );
#4381 = DIRECTION('',(0.974696212126,0.223533653099,1.193658596321E-16)
  );
#4382 = ADVANCED_FACE('',(#4383),#4401,.T.);
#4383 = FACE_BOUND('',#4384,.T.);
#4384 = EDGE_LOOP('',(#4385,#4386,#4394,#4400));
#4385 = ORIENTED_EDGE('',*,*,#2885,.F.);
#4386 = ORIENTED_EDGE('',*,*,#4387,.T.);
#4387 = EDGE_CURVE('',#2878,#4388,#4390,.T.);
#4388 = VERTEX_POINT('',#4389);
#4389 = CARTESIAN_POINT('',(-5.126316452469,13.590309217569,10.72));
#4390 = LINE('',#4391,#4392);
#4391 = CARTESIAN_POINT('',(-5.126316452469,13.590309217569,11.1));
#4392 = VECTOR('',#4393,1.);
#4393 = DIRECTION('',(1.224646799147E-16,0.,-1.));
#4394 = ORIENTED_EDGE('',*,*,#4395,.T.);
#4395 = EDGE_CURVE('',#4388,#4364,#4396,.T.);
#4396 = LINE('',#4397,#4398);
#4397 = CARTESIAN_POINT('',(-5.126316452469,13.590309217569,10.72));
#4398 = VECTOR('',#4399,1.);
#4399 = DIRECTION('',(0.950606063522,0.310399922672,1.164156672943E-16)
  );
#4400 = ORIENTED_EDGE('',*,*,#4363,.F.);
#4401 = PLANE('',#4402);
#4402 = AXIS2_PLACEMENT_3D('',#4403,#4404,#4405);
#4403 = CARTESIAN_POINT('',(-5.126316452469,13.590309217569,11.1));
#4404 = DIRECTION('',(0.310399922672,-0.950606063522,3.801302717559E-17)
  );
#4405 = DIRECTION('',(0.950606063522,0.310399922672,1.164156672943E-16)
  );
#4406 = ADVANCED_FACE('',(#4407),#4425,.T.);
#4407 = FACE_BOUND('',#4408,.T.);
#4408 = EDGE_LOOP('',(#4409,#4410,#4418,#4424));
#4409 = ORIENTED_EDGE('',*,*,#2877,.F.);
#4410 = ORIENTED_EDGE('',*,*,#4411,.T.);
#4411 = EDGE_CURVE('',#2870,#4412,#4414,.T.);
#4412 = VERTEX_POINT('',#4413);
#4413 = CARTESIAN_POINT('',(-6.329338614046,13.073450107326,10.72));
#4414 = LINE('',#4415,#4416);
#4415 = CARTESIAN_POINT('',(-6.329338614046,13.073450107326,11.1));
#4416 = VECTOR('',#4417,1.);
#4417 = DIRECTION('',(1.224646799147E-16,0.,-1.));
#4418 = ORIENTED_EDGE('',*,*,#4419,.T.);
#4419 = EDGE_CURVE('',#4412,#4388,#4420,.T.);
#4420 = LINE('',#4421,#4422);
#4421 = CARTESIAN_POINT('',(-6.329338614046,13.073450107326,10.72));
#4422 = VECTOR('',#4423,1.);
#4423 = DIRECTION('',(0.918791210149,0.394743856384,1.125194714594E-16)
  );
#4424 = ORIENTED_EDGE('',*,*,#4387,.F.);
#4425 = PLANE('',#4426);
#4426 = AXIS2_PLACEMENT_3D('',#4427,#4428,#4429);
#4427 = CARTESIAN_POINT('',(-6.329338614046,13.073450107326,11.1));
#4428 = DIRECTION('',(0.394743856384,-0.918791210149,4.834218002041E-17)
  );
#4429 = DIRECTION('',(0.918791210149,0.394743856384,1.125194714594E-16)
  );
#4430 = ADVANCED_FACE('',(#4431),#4449,.T.);
#4431 = FACE_BOUND('',#4432,.T.);
#4432 = EDGE_LOOP('',(#4433,#4434,#4442,#4448));
#4433 = ORIENTED_EDGE('',*,*,#2869,.F.);
#4434 = ORIENTED_EDGE('',*,*,#4435,.T.);
#4435 = EDGE_CURVE('',#2862,#4436,#4438,.T.);
#4436 = VERTEX_POINT('',#4437);
#4437 = CARTESIAN_POINT('',(-7.480928038069,12.450355042698,10.72));
#4438 = LINE('',#4439,#4440);
#4439 = CARTESIAN_POINT('',(-7.480928038069,12.450355042698,11.1));
#4440 = VECTOR('',#4441,1.);
#4441 = DIRECTION('',(1.224646799147E-16,0.,-1.));
#4442 = ORIENTED_EDGE('',*,*,#4443,.T.);
#4443 = EDGE_CURVE('',#4436,#4412,#4444,.T.);
#4444 = LINE('',#4445,#4446);
#4445 = CARTESIAN_POINT('',(-7.480928038069,12.450355042698,10.72));
#4446 = VECTOR('',#4447,1.);
#4447 = DIRECTION('',(0.879510182178,0.475880068342,1.077089329422E-16)
  );
#4448 = ORIENTED_EDGE('',*,*,#4411,.F.);
#4449 = PLANE('',#4450);
#4450 = AXIS2_PLACEMENT_3D('',#4451,#4452,#4453);
#4451 = CARTESIAN_POINT('',(-7.480928038069,12.450355042698,11.1));
#4452 = DIRECTION('',(0.475880068342,-0.879510182178,5.827850024725E-17)
  );
#4453 = DIRECTION('',(0.879510182178,0.475880068342,1.077089329422E-16)
  );
#4454 = ADVANCED_FACE('',(#4455),#4473,.T.);
#4455 = FACE_BOUND('',#4456,.T.);
#4456 = EDGE_LOOP('',(#4457,#4458,#4466,#4472));
#4457 = ORIENTED_EDGE('',*,*,#2861,.F.);
#4458 = ORIENTED_EDGE('',*,*,#4459,.T.);
#4459 = EDGE_CURVE('',#2854,#4460,#4462,.T.);
#4460 = VERTEX_POINT('',#4461);
#4461 = CARTESIAN_POINT('',(-8.571726812088,11.72608734655,10.72));
#4462 = LINE('',#4463,#4464);
#4463 = CARTESIAN_POINT('',(-8.571726812088,11.72608734655,11.1));
#4464 = VECTOR('',#4465,1.);
#4465 = DIRECTION('',(1.224646799147E-16,0.,-1.));
#4466 = ORIENTED_EDGE('',*,*,#4467,.T.);
#4467 = EDGE_CURVE('',#4460,#4436,#4468,.T.);
#4468 = LINE('',#4469,#4470);
#4469 = CARTESIAN_POINT('',(-8.571726812088,11.72608734655,10.72));
#4470 = VECTOR('',#4471,1.);
#4471 = DIRECTION('',(0.833082180545,0.553149238866,1.020231425831E-16)
  );
#4472 = ORIENTED_EDGE('',*,*,#4435,.F.);
#4473 = PLANE('',#4474);
#4474 = AXIS2_PLACEMENT_3D('',#4475,#4476,#4477);
#4475 = CARTESIAN_POINT('',(-8.571726812088,11.72608734655,11.1));
#4476 = DIRECTION('',(0.553149238866,-0.833082180545,6.774124448283E-17)
  );
#4477 = DIRECTION('',(0.833082180545,0.553149238866,1.020231425831E-16)
  );
#4478 = ADVANCED_FACE('',(#4479),#4497,.T.);
#4479 = FACE_BOUND('',#4480,.T.);
#4480 = EDGE_LOOP('',(#4481,#4482,#4490,#4496));
#4481 = ORIENTED_EDGE('',*,*,#2853,.F.);
#4482 = ORIENTED_EDGE('',*,*,#4483,.T.);
#4483 = EDGE_CURVE('',#2846,#4484,#4486,.T.);
#4484 = VERTEX_POINT('',#4485);
#4485 = CARTESIAN_POINT('',(-9.592871013586,10.906532479056,10.72));
#4486 = LINE('',#4487,#4488);
#4487 = CARTESIAN_POINT('',(-9.592871013586,10.906532479056,11.1));
#4488 = VECTOR('',#4489,1.);
#4489 = DIRECTION('',(1.224646799147E-16,0.,-1.));
#4490 = ORIENTED_EDGE('',*,*,#4491,.T.);
#4491 = EDGE_CURVE('',#4484,#4460,#4492,.T.);
#4492 = LINE('',#4493,#4494);
#4493 = CARTESIAN_POINT('',(-9.592871013586,10.906532479056,10.72));
#4494 = VECTOR('',#4495,1.);
#4495 = DIRECTION('',(0.779884483093,0.625923472184,9.550830359244E-17)
  );
#4496 = ORIENTED_EDGE('',*,*,#4459,.F.);
#4497 = PLANE('',#4498);
#4498 = AXIS2_PLACEMENT_3D('',#4499,#4500,#4501);
#4499 = CARTESIAN_POINT('',(-9.592871013586,10.906532479056,11.1));
#4500 = DIRECTION('',(0.625923472184,-0.779884483093,7.665351767214E-17)
  );
#4501 = DIRECTION('',(0.779884483093,0.625923472184,9.550830359244E-17)
  );
#4502 = ADVANCED_FACE('',(#4503),#4521,.T.);
#4503 = FACE_BOUND('',#4504,.T.);
#4504 = EDGE_LOOP('',(#4505,#4506,#4514,#4520));
#4505 = ORIENTED_EDGE('',*,*,#2845,.F.);
#4506 = ORIENTED_EDGE('',*,*,#4507,.T.);
#4507 = EDGE_CURVE('',#2838,#4508,#4510,.T.);
#4508 = VERTEX_POINT('',#4509);
#4509 = CARTESIAN_POINT('',(-10.53606273895,9.998350211952,10.72));
#4510 = LINE('',#4511,#4512);
#4511 = CARTESIAN_POINT('',(-10.53606273895,9.998350211952,11.1));
#4512 = VECTOR('',#4513,1.);
#4513 = DIRECTION('',(1.224646799147E-16,0.,-1.));
#4514 = ORIENTED_EDGE('',*,*,#4515,.T.);
#4515 = EDGE_CURVE('',#4508,#4484,#4516,.T.);
#4516 = LINE('',#4517,#4518);
#4517 = CARTESIAN_POINT('',(-10.53606273895,9.998350211952,10.72));
#4518 = VECTOR('',#4519,1.);
#4519 = DIRECTION('',(0.720349378782,0.693611398759,8.821735609937E-17)
  );
#4520 = ORIENTED_EDGE('',*,*,#4483,.F.);
#4521 = PLANE('',#4522);
#4522 = AXIS2_PLACEMENT_3D('',#4523,#4524,#4525);
#4523 = CARTESIAN_POINT('',(-10.53606273895,9.998350211952,11.1));
#4524 = DIRECTION('',(0.693611398759,-0.720349378782,8.494289793418E-17)
  );
#4525 = DIRECTION('',(0.720349378782,0.693611398759,8.821735609937E-17)
  );
#4526 = ADVANCED_FACE('',(#4527),#4545,.T.);
#4527 = FACE_BOUND('',#4528,.T.);
#4528 = EDGE_LOOP('',(#4529,#4530,#4538,#4544));
#4529 = ORIENTED_EDGE('',*,*,#2837,.F.);
#4530 = ORIENTED_EDGE('',*,*,#4531,.T.);
#4531 = EDGE_CURVE('',#2830,#4532,#4534,.T.);
#4532 = VERTEX_POINT('',#4533);
#4533 = CARTESIAN_POINT('',(-11.39363753295,9.008920510671,10.72));
#4534 = LINE('',#4535,#4536);
#4535 = CARTESIAN_POINT('',(-11.39363753295,9.008920510671,11.1));
#4536 = VECTOR('',#4537,1.);
#4537 = DIRECTION('',(1.224646799147E-16,0.,-1.));
#4538 = ORIENTED_EDGE('',*,*,#4539,.T.);
#4539 = EDGE_CURVE('',#4532,#4508,#4540,.T.);
#4540 = LINE('',#4541,#4542);
#4541 = CARTESIAN_POINT('',(-11.39363753295,9.008920510671,10.72));
#4542 = VECTOR('',#4543,1.);
#4543 = DIRECTION('',(0.654960654875,0.755662980809,8.020954695603E-17)
  );
#4544 = ORIENTED_EDGE('',*,*,#4507,.F.);
#4545 = PLANE('',#4546);
#4546 = AXIS2_PLACEMENT_3D('',#4547,#4548,#4549);
#4547 = CARTESIAN_POINT('',(-11.39363753295,9.008920510671,11.1));
#4548 = DIRECTION('',(0.755662980809,-0.654960654875,9.254202506822E-17)
  );
#4549 = DIRECTION('',(0.654960654875,0.755662980809,8.020954695603E-17)
  );
#4550 = ADVANCED_FACE('',(#4551),#4569,.T.);
#4551 = FACE_BOUND('',#4552,.T.);
#4552 = EDGE_LOOP('',(#4553,#4554,#4562,#4568));
#4553 = ORIENTED_EDGE('',*,*,#2829,.F.);
#4554 = ORIENTED_EDGE('',*,*,#4555,.T.);
#4555 = EDGE_CURVE('',#2822,#4556,#4558,.T.);
#4556 = VERTEX_POINT('',#4557);
#4557 = CARTESIAN_POINT('',(-12.15862667074,7.946283564129,10.72));
#4558 = LINE('',#4559,#4560);
#4559 = CARTESIAN_POINT('',(-12.15862667074,7.946283564129,11.1));
#4560 = VECTOR('',#4561,1.);
#4561 = DIRECTION('',(1.224646799147E-16,0.,-1.));
#4562 = ORIENTED_EDGE('',*,*,#4563,.T.);
#4563 = EDGE_CURVE('',#4556,#4532,#4564,.T.);
#4564 = LINE('',#4565,#4566);
#4565 = CARTESIAN_POINT('',(-12.15862667074,7.946283564129,10.72));
#4566 = VECTOR('',#4567,1.);
#4567 = DIRECTION('',(0.584249665637,0.811573981965,7.154994829258E-17)
  );
#4568 = ORIENTED_EDGE('',*,*,#4531,.F.);
#4569 = PLANE('',#4570);
#4570 = AXIS2_PLACEMENT_3D('',#4571,#4572,#4573);
#4571 = CARTESIAN_POINT('',(-12.15862667074,7.946283564129,11.1));
#4572 = DIRECTION('',(0.811573981965,-0.584249665637,9.938914792847E-17)
  );
#4573 = DIRECTION('',(0.584249665637,0.811573981965,7.154994829258E-17)
  );
#4574 = ADVANCED_FACE('',(#4575),#4593,.T.);
#4575 = FACE_BOUND('',#4576,.T.);
#4576 = EDGE_LOOP('',(#4577,#4578,#4586,#4592));
#4577 = ORIENTED_EDGE('',*,*,#2821,.F.);
#4578 = ORIENTED_EDGE('',*,*,#4579,.T.);
#4579 = EDGE_CURVE('',#2813,#4580,#4582,.T.);
#4580 = VERTEX_POINT('',#4581);
#4581 = CARTESIAN_POINT('',(-12.80532122007,6.852056471753,10.72));
#4582 = LINE('',#4583,#4584);
#4583 = CARTESIAN_POINT('',(-12.80532122007,6.852056471753,11.1));
#4584 = VECTOR('',#4585,1.);
#4585 = DIRECTION('',(1.224646799147E-16,0.,-1.));
#4586 = ORIENTED_EDGE('',*,*,#4587,.T.);
#4587 = EDGE_CURVE('',#4580,#4556,#4588,.T.);
#4588 = LINE('',#4589,#4590);
#4589 = CARTESIAN_POINT('',(-12.82481378627,6.819074449465,10.72));
#4590 = VECTOR('',#4591,1.);
#4591 = DIRECTION('',(0.508791014511,0.860890064731,6.230892873559E-17)
  );
#4592 = ORIENTED_EDGE('',*,*,#4555,.F.);
#4593 = PLANE('',#4594);
#4594 = AXIS2_PLACEMENT_3D('',#4595,#4596,#4597);
#4595 = CARTESIAN_POINT('',(-12.82481378627,6.819074449465,11.1));
#4596 = DIRECTION('',(0.860890064731,-0.508791014511,1.054286262191E-16)
  );
#4597 = DIRECTION('',(0.508791014511,0.860890064731,6.230892873559E-17)
  );
#4598 = ADVANCED_FACE('',(#4599),#4636,.F.);
#4599 = FACE_BOUND('',#4600,.F.);
#4600 = EDGE_LOOP('',(#4601,#4602,#4603,#4612,#4621,#4630));
#4601 = ORIENTED_EDGE('',*,*,#2812,.T.);
#4602 = ORIENTED_EDGE('',*,*,#4579,.T.);
#4603 = ORIENTED_EDGE('',*,*,#4604,.F.);
#4604 = EDGE_CURVE('',#4605,#4580,#4607,.T.);
#4605 = VERTEX_POINT('',#4606);
#4606 = CARTESIAN_POINT('',(-12.82481378627,6.819074449465,10.72));
#4607 = CIRCLE('',#4608,0.425);
#4608 = AXIS2_PLACEMENT_3D('',#4609,#4610,#4611);
#4609 = CARTESIAN_POINT('',(-12.44956105931,6.619549035281,10.72));
#4610 = DIRECTION('',(1.224646799147E-16,0.,-1.));
#4611 = DIRECTION('',(-1.,0.,-1.224646799147E-16));
#4612 = ORIENTED_EDGE('',*,*,#4613,.F.);
#4613 = EDGE_CURVE('',#4614,#4605,#4616,.T.);
#4614 = VERTEX_POINT('',#4615);
#4615 = CARTESIAN_POINT('',(-12.87456105931,6.619549035281,10.72));
#4616 = CIRCLE('',#4617,0.425);
#4617 = AXIS2_PLACEMENT_3D('',#4618,#4619,#4620);
#4618 = CARTESIAN_POINT('',(-12.44956105931,6.619549035281,10.72));
#4619 = DIRECTION('',(1.224646799147E-16,0.,-1.));
#4620 = DIRECTION('',(-1.,0.,-1.224646799147E-16));
#4621 = ORIENTED_EDGE('',*,*,#4622,.F.);
#4622 = EDGE_CURVE('',#4623,#4614,#4625,.T.);
#4623 = VERTEX_POINT('',#4624);
#4624 = CARTESIAN_POINT('',(-12.07430833234,6.420023621097,10.72));
#4625 = CIRCLE('',#4626,0.425);
#4626 = AXIS2_PLACEMENT_3D('',#4627,#4628,#4629);
#4627 = CARTESIAN_POINT('',(-12.44956105931,6.619549035281,10.72));
#4628 = DIRECTION('',(1.224646799147E-16,0.,-1.));
#4629 = DIRECTION('',(-1.,0.,-1.224646799147E-16));
#4630 = ORIENTED_EDGE('',*,*,#4631,.F.);
#4631 = EDGE_CURVE('',#2805,#4623,#4632,.T.);
#4632 = LINE('',#4633,#4634);
#4633 = CARTESIAN_POINT('',(-12.07430833234,6.420023621097,11.1));
#4634 = VECTOR('',#4635,1.);
#4635 = DIRECTION('',(1.224646799147E-16,0.,-1.));
#4636 = CYLINDRICAL_SURFACE('',#4637,0.425);
#4637 = AXIS2_PLACEMENT_3D('',#4638,#4639,#4640);
#4638 = CARTESIAN_POINT('',(-12.44956105931,6.619549035281,11.1));
#4639 = DIRECTION('',(1.224646799147E-16,0.,-1.));
#4640 = DIRECTION('',(-1.,0.,-1.224646799147E-16));
#4641 = ADVANCED_FACE('',(#4642),#4653,.T.);
#4642 = FACE_BOUND('',#4643,.T.);
#4643 = EDGE_LOOP('',(#4644,#4645,#4646,#4652));
#4644 = ORIENTED_EDGE('',*,*,#2804,.F.);
#4645 = ORIENTED_EDGE('',*,*,#3450,.T.);
#4646 = ORIENTED_EDGE('',*,*,#4647,.T.);
#4647 = EDGE_CURVE('',#3443,#4623,#4648,.T.);
#4648 = LINE('',#4649,#4650);
#4649 = CARTESIAN_POINT('',(-11.44710634921,7.481268691185,10.72));
#4650 = VECTOR('',#4651,1.);
#4651 = DIRECTION('',(-0.508791014511,-0.860890064731,
    -6.230892873559E-17));
#4652 = ORIENTED_EDGE('',*,*,#4631,.F.);
#4653 = PLANE('',#4654);
#4654 = AXIS2_PLACEMENT_3D('',#4655,#4656,#4657);
#4655 = CARTESIAN_POINT('',(-11.44710634921,7.481268691185,11.1));
#4656 = DIRECTION('',(-0.860890064731,0.508791014511,-1.054286262191E-16
    ));
#4657 = DIRECTION('',(-0.508791014511,-0.860890064731,
    -6.230892873559E-17));
#4658 = ADVANCED_FACE('',(#4659),#4678,.F.);
#4659 = FACE_BOUND('',#4660,.F.);
#4660 = EDGE_LOOP('',(#4661,#4662,#4670,#4677));
#4661 = ORIENTED_EDGE('',*,*,#3345,.F.);
#4662 = ORIENTED_EDGE('',*,*,#4663,.F.);
#4663 = EDGE_CURVE('',#4664,#3346,#4666,.T.);
#4664 = VERTEX_POINT('',#4665);
#4665 = CARTESIAN_POINT('',(-16.25,-3.980102097229E-15,9.8));
#4666 = LINE('',#4667,#4668);
#4667 = CARTESIAN_POINT('',(-16.25,-3.980102097229E-15,9.8));
#4668 = VECTOR('',#4669,1.);
#4669 = DIRECTION('',(1.224646799147E-16,0.,-1.));
#4670 = ORIENTED_EDGE('',*,*,#4671,.T.);
#4671 = EDGE_CURVE('',#4664,#4664,#4672,.T.);
#4672 = CIRCLE('',#4673,16.25);
#4673 = AXIS2_PLACEMENT_3D('',#4674,#4675,#4676);
#4674 = CARTESIAN_POINT('',(1.469576158977E-16,0.,9.8));
#4675 = DIRECTION('',(1.224646799147E-16,0.,-1.));
#4676 = DIRECTION('',(-1.,0.,-1.224646799147E-16));
#4677 = ORIENTED_EDGE('',*,*,#4663,.T.);
#4678 = CYLINDRICAL_SURFACE('',#4679,16.25);
#4679 = AXIS2_PLACEMENT_3D('',#4680,#4681,#4682);
#4680 = CARTESIAN_POINT('',(1.469576158977E-16,0.,9.8));
#4681 = DIRECTION('',(1.224646799147E-16,0.,-1.));
#4682 = DIRECTION('',(-1.,0.,-1.224646799147E-16));
#4683 = ADVANCED_FACE('',(#4684,#4687),#4690,.T.);
#4684 = FACE_BOUND('',#4685,.T.);
#4685 = EDGE_LOOP('',(#4686));
#4686 = ORIENTED_EDGE('',*,*,#4671,.T.);
#4687 = FACE_BOUND('',#4688,.T.);
#4688 = EDGE_LOOP('',(#4689));
#4689 = ORIENTED_EDGE('',*,*,#3408,.F.);
#4690 = PLANE('',#4691);
#4691 = AXIS2_PLACEMENT_3D('',#4692,#4693,#4694);
#4692 = CARTESIAN_POINT('',(1.469576158977E-16,0.,9.8));
#4693 = DIRECTION('',(1.224646799147E-16,0.,-1.));
#4694 = DIRECTION('',(-1.,0.,-1.224646799147E-16));
#4695 = ADVANCED_FACE('',(#4696),#4751,.F.);
#4696 = FACE_BOUND('',#4697,.F.);
#4697 = EDGE_LOOP('',(#4698,#4699,#4700,#4701,#4702,#4703,#4704,#4705,
    #4706,#4707,#4708,#4709,#4710,#4711,#4712,#4713,#4714,#4715,#4716,
    #4717,#4718,#4719,#4720,#4721,#4722,#4723,#4724,#4725,#4726,#4727,
    #4728,#4729,#4730,#4731,#4732,#4733,#4734,#4735,#4736,#4737,#4738,
    #4739,#4740,#4741,#4742,#4743,#4744,#4745,#4746,#4747,#4748,#4749,
    #4750));
#4698 = ORIENTED_EDGE('',*,*,#4622,.T.);
#4699 = ORIENTED_EDGE('',*,*,#4613,.T.);
#4700 = ORIENTED_EDGE('',*,*,#4604,.T.);
#4701 = ORIENTED_EDGE('',*,*,#4587,.T.);
#4702 = ORIENTED_EDGE('',*,*,#4563,.T.);
#4703 = ORIENTED_EDGE('',*,*,#4539,.T.);
#4704 = ORIENTED_EDGE('',*,*,#4515,.T.);
#4705 = ORIENTED_EDGE('',*,*,#4491,.T.);
#4706 = ORIENTED_EDGE('',*,*,#4467,.T.);
#4707 = ORIENTED_EDGE('',*,*,#4443,.T.);
#4708 = ORIENTED_EDGE('',*,*,#4419,.T.);
#4709 = ORIENTED_EDGE('',*,*,#4395,.T.);
#4710 = ORIENTED_EDGE('',*,*,#4371,.T.);
#4711 = ORIENTED_EDGE('',*,*,#4347,.T.);
#4712 = ORIENTED_EDGE('',*,*,#4323,.T.);
#4713 = ORIENTED_EDGE('',*,*,#4299,.T.);
#4714 = ORIENTED_EDGE('',*,*,#4275,.T.);
#4715 = ORIENTED_EDGE('',*,*,#4251,.T.);
#4716 = ORIENTED_EDGE('',*,*,#4227,.T.);
#4717 = ORIENTED_EDGE('',*,*,#4203,.T.);
#4718 = ORIENTED_EDGE('',*,*,#4179,.T.);
#4719 = ORIENTED_EDGE('',*,*,#4155,.T.);
#4720 = ORIENTED_EDGE('',*,*,#4131,.T.);
#4721 = ORIENTED_EDGE('',*,*,#4107,.T.);
#4722 = ORIENTED_EDGE('',*,*,#4083,.T.);
#4723 = ORIENTED_EDGE('',*,*,#4059,.T.);
#4724 = ORIENTED_EDGE('',*,*,#4035,.T.);
#4725 = ORIENTED_EDGE('',*,*,#3992,.T.);
#4726 = ORIENTED_EDGE('',*,*,#4011,.T.);
#4727 = ORIENTED_EDGE('',*,*,#3977,.T.);
#4728 = ORIENTED_EDGE('',*,*,#3953,.T.);
#4729 = ORIENTED_EDGE('',*,*,#3929,.T.);
#4730 = ORIENTED_EDGE('',*,*,#3905,.T.);
#4731 = ORIENTED_EDGE('',*,*,#3881,.T.);
#4732 = ORIENTED_EDGE('',*,*,#3857,.T.);
#4733 = ORIENTED_EDGE('',*,*,#3833,.T.);
#4734 = ORIENTED_EDGE('',*,*,#3809,.T.);
#4735 = ORIENTED_EDGE('',*,*,#3785,.T.);
#4736 = ORIENTED_EDGE('',*,*,#3761,.T.);
#4737 = ORIENTED_EDGE('',*,*,#3737,.T.);
#4738 = ORIENTED_EDGE('',*,*,#3713,.T.);
#4739 = ORIENTED_EDGE('',*,*,#3689,.T.);
#4740 = ORIENTED_EDGE('',*,*,#3665,.T.);
#4741 = ORIENTED_EDGE('',*,*,#3641,.T.);
#4742 = ORIENTED_EDGE('',*,*,#3617,.T.);
#4743 = ORIENTED_EDGE('',*,*,#3593,.T.);
#4744 = ORIENTED_EDGE('',*,*,#3569,.T.);
#4745 = ORIENTED_EDGE('',*,*,#3545,.T.);
#4746 = ORIENTED_EDGE('',*,*,#3521,.T.);
#4747 = ORIENTED_EDGE('',*,*,#3497,.T.);
#4748 = ORIENTED_EDGE('',*,*,#3473,.T.);
#4749 = ORIENTED_EDGE('',*,*,#3442,.T.);
#4750 = ORIENTED_EDGE('',*,*,#4647,.T.);
#4751 = PLANE('',#4752);
#4752 = AXIS2_PLACEMENT_3D('',#4753,#4754,#4755);
#4753 = CARTESIAN_POINT('',(-4.839295818583E-03,11.300909982923,10.72));
#4754 = DIRECTION('',(1.224646799147E-16,0.,-1.));
#4755 = DIRECTION('',(-1.,0.,-1.224646799147E-16));
#4756 = ( GEOMETRIC_REPRESENTATION_CONTEXT(3) 
GLOBAL_UNCERTAINTY_ASSIGNED_CONTEXT((#4760)) 
GLOBAL_UNIT_ASSIGNED_CONTEXT((#4757,#4758,#4759)) REPRESENTATION_CONTEXT
('Context #1','3D Context with UNIT and UNCERTAINTY') );
#4757 = ( LENGTH_UNIT() NAMED_UNIT(*) SI_UNIT(.MILLI.,.METRE.) );
#4758 = ( NAMED_UNIT(*) PLANE_ANGLE_UNIT() SI_UNIT($,.RADIAN.) );
#4759 = ( NAMED_UNIT(*) SI_UNIT($,.STERADIAN.) SOLID_ANGLE_UNIT() );
#4760 = UNCERTAINTY_MEASURE_WITH_UNIT(LENGTH_MEASURE(2.E-07),#4757,
  'distance_accuracy_value','confusion accuracy');
#4761 = PRODUCT_RELATED_PRODUCT_CATEGORY('part',$,(#7));
ENDSEC;
END-ISO-10303-21;
