ISO-10303-21;
HEADER;
FILE_DESCRIPTION(('FreeCAD Model'),'2;1');
FILE_NAME('Open CASCADE Shape Model','2026-09-29T14:08:16',('FreeCAD'),(
    'FreeCAD'),'Open CASCADE STEP processor 7.8','FreeCAD','Unknown');
FILE_SCHEMA(('AUTOMOTIVE_DESIGN { 1 0 10303 214 1 1 1 1 }'));
ENDSEC;
DATA;
#1 = APPLICATION_PROTOCOL_DEFINITION('international standard',
  'automotive_design',2000,#2);
#2 = APPLICATION_CONTEXT(
  'core data for automotive mechanical design processes');
#3 = SHAPE_DEFINITION_REPRESENTATION(#4,#10);
#4 = PRODUCT_DEFINITION_SHAPE('','',#5);
#5 = PRODUCT_DEFINITION('design','',#6,#9);
#6 = PRODUCT_DEFINITION_FORMATION('','',#7);
#7 = PRODUCT('Open CASCADE STEP translator 7.8 11',
  'Open CASCADE STEP translator 7.8 11','',(#8));
#8 = PRODUCT_CONTEXT('',#2,'mechanical');
#9 = PRODUCT_DEFINITION_CONTEXT('part definition',#2,'design');
#10 = SHAPE_REPRESENTATION('',(#11,#15,#2151),#10738);
#11 = AXIS2_PLACEMENT_3D('',#12,#13,#14);
#12 = CARTESIAN_POINT('',(0.,0.,0.));
#13 = DIRECTION('',(0.,0.,1.));
#14 = DIRECTION('',(1.,0.,-0.));
#15 = MANIFOLD_SOLID_BREP('',#16);
#16 = CLOSED_SHELL('',(#17,#142,#166,#197,#222,#246,#264,#295,#320,#345,
    #362,#393,#418,#443,#460,#480,#714,#739,#786,#812,#852,#891,#1000,
    #1039,#1065,#1104,#1148,#1188,#1271,#1302,#1326,#1350,#1374,#1398,
    #1415,#1446,#1470,#1494,#1518,#1542,#1559,#1584,#1699,#1734,#1769,
    #1797,#1815,#1833,#1858,#1883,#1901,#1932,#1944,#1969,#1994,#2025,
    #2043,#2074,#2105,#2117,#2134));
#17 = ADVANCED_FACE('',(#18,#29,#65,#101),#137,.T.);
#18 = FACE_BOUND('',#19,.T.);
#19 = EDGE_LOOP('',(#20));
#20 = ORIENTED_EDGE('',*,*,#21,.T.);
#21 = EDGE_CURVE('',#22,#22,#24,.T.);
#22 = VERTEX_POINT('',#23);
#23 = CARTESIAN_POINT('',(16.25,-3.980102097229E-15,1.2));
#24 = CIRCLE('',#25,16.25);
#25 = AXIS2_PLACEMENT_3D('',#26,#27,#28);
#26 = CARTESIAN_POINT('',(0.,0.,1.2));
#27 = DIRECTION('',(0.,0.,1.));
#28 = DIRECTION('',(1.,0.,0.));
#29 = FACE_BOUND('',#30,.T.);
#30 = EDGE_LOOP('',(#31,#41,#50,#58));
#31 = ORIENTED_EDGE('',*,*,#32,.F.);
#32 = EDGE_CURVE('',#33,#35,#37,.T.);
#33 = VERTEX_POINT('',#34);
#34 = CARTESIAN_POINT('',(0.9,-9.5,1.2));
#35 = VERTEX_POINT('',#36);
#36 = CARTESIAN_POINT('',(0.9,-5.2,1.2));
#37 = LINE('',#38,#39);
#38 = CARTESIAN_POINT('',(0.9,-2.6,1.2));
#39 = VECTOR('',#40,1.);
#40 = DIRECTION('',(1.807339807529E-16,1.,0.));
#41 = ORIENTED_EDGE('',*,*,#42,.F.);
#42 = EDGE_CURVE('',#43,#33,#45,.T.);
#43 = VERTEX_POINT('',#44);
#44 = CARTESIAN_POINT('',(-0.9,-9.5,1.2));
#45 = CIRCLE('',#46,0.9);
#46 = AXIS2_PLACEMENT_3D('',#47,#48,#49);
#47 = CARTESIAN_POINT('',(-1.745121688785E-15,-9.5,1.2));
#48 = DIRECTION('',(0.,0.,1.));
#49 = DIRECTION('',(1.,0.,0.));
#50 = ORIENTED_EDGE('',*,*,#51,.F.);
#51 = EDGE_CURVE('',#52,#43,#54,.T.);
#52 = VERTEX_POINT('',#53);
#53 = CARTESIAN_POINT('',(-0.9,-5.2,1.2));
#54 = LINE('',#55,#56);
#55 = CARTESIAN_POINT('',(-0.9,-4.75,1.2));
#56 = VECTOR('',#57,1.);
#57 = DIRECTION('',(-1.807339807529E-16,-1.,0.));
#58 = ORIENTED_EDGE('',*,*,#59,.F.);
#59 = EDGE_CURVE('',#35,#52,#60,.T.);
#60 = CIRCLE('',#61,0.9);
#61 = AXIS2_PLACEMENT_3D('',#62,#63,#64);
#62 = CARTESIAN_POINT('',(-9.552245033349E-16,-5.2,1.2));
#63 = DIRECTION('',(0.,0.,1.));
#64 = DIRECTION('',(1.,0.,0.));
#65 = FACE_BOUND('',#66,.T.);
#66 = EDGE_LOOP('',(#67,#77,#86,#94));
#67 = ORIENTED_EDGE('',*,*,#68,.F.);
#68 = EDGE_CURVE('',#69,#71,#73,.T.);
#69 = VERTEX_POINT('',#70);
#70 = CARTESIAN_POINT('',(-8.677241335952,3.970577136594,1.2));
#71 = VERTEX_POINT('',#72);
#72 = CARTESIAN_POINT('',(-4.953332099679,1.820577136594,1.2));
#73 = LINE('',#74,#75);
#74 = CARTESIAN_POINT('',(-2.70166604984,0.520577136594,1.2));
#75 = VECTOR('',#76,1.);
#76 = DIRECTION('',(0.866025403784,-0.5,0.));
#77 = ORIENTED_EDGE('',*,*,#78,.F.);
#78 = EDGE_CURVE('',#79,#69,#81,.T.);
#79 = VERTEX_POINT('',#80);
#80 = CARTESIAN_POINT('',(-7.777241335952,5.529422863406,1.2));
#81 = CIRCLE('',#82,0.9);
#82 = AXIS2_PLACEMENT_3D('',#83,#84,#85);
#83 = CARTESIAN_POINT('',(-8.227241335952,4.75,1.2));
#84 = DIRECTION('',(0.,0.,1.));
#85 = DIRECTION('',(1.,0.,0.));
#86 = ORIENTED_EDGE('',*,*,#87,.F.);
#87 = EDGE_CURVE('',#88,#79,#90,.T.);
#88 = VERTEX_POINT('',#89);
#89 = CARTESIAN_POINT('',(-4.053332099679,3.379422863406,1.2));
#90 = LINE('',#91,#92);
#91 = CARTESIAN_POINT('',(-3.663620667976,3.154422863406,1.2));
#92 = VECTOR('',#93,1.);
#93 = DIRECTION('',(-0.866025403784,0.5,0.));
#94 = ORIENTED_EDGE('',*,*,#95,.F.);
#95 = EDGE_CURVE('',#71,#88,#96,.T.);
#96 = CIRCLE('',#97,0.9);
#97 = AXIS2_PLACEMENT_3D('',#98,#99,#100);
#98 = CARTESIAN_POINT('',(-4.503332099679,2.6,1.2));
#99 = DIRECTION('',(0.,0.,1.));
#100 = DIRECTION('',(1.,0.,0.));
#101 = FACE_BOUND('',#102,.T.);
#102 = EDGE_LOOP('',(#103,#113,#122,#130));
#103 = ORIENTED_EDGE('',*,*,#104,.F.);
#104 = EDGE_CURVE('',#105,#107,#109,.T.);
#105 = VERTEX_POINT('',#106);
#106 = CARTESIAN_POINT('',(7.777241335952,5.529422863406,1.2));
#107 = VERTEX_POINT('',#108);
#108 = CARTESIAN_POINT('',(4.053332099679,3.379422863406,1.2));
#109 = LINE('',#110,#111);
#110 = CARTESIAN_POINT('',(1.80166604984,2.079422863406,1.2));
#111 = VECTOR('',#112,1.);
#112 = DIRECTION('',(-0.866025403784,-0.5,0.));
#113 = ORIENTED_EDGE('',*,*,#114,.F.);
#114 = EDGE_CURVE('',#115,#105,#117,.T.);
#115 = VERTEX_POINT('',#116);
#116 = CARTESIAN_POINT('',(8.677241335952,3.970577136594,1.2));
#117 = CIRCLE('',#118,0.9);
#118 = AXIS2_PLACEMENT_3D('',#119,#120,#121);
#119 = CARTESIAN_POINT('',(8.227241335952,4.75,1.2));
#120 = DIRECTION('',(0.,0.,1.));
#121 = DIRECTION('',(1.,0.,0.));
#122 = ORIENTED_EDGE('',*,*,#123,.F.);
#123 = EDGE_CURVE('',#124,#115,#126,.T.);
#124 = VERTEX_POINT('',#125);
#125 = CARTESIAN_POINT('',(4.953332099679,1.820577136594,1.2));
#126 = LINE('',#127,#128);
#127 = CARTESIAN_POINT('',(4.563620667976,1.595577136594,1.2));
#128 = VECTOR('',#129,1.);
#129 = DIRECTION('',(0.866025403784,0.5,0.));
#130 = ORIENTED_EDGE('',*,*,#131,.F.);
#131 = EDGE_CURVE('',#107,#124,#132,.T.);
#132 = CIRCLE('',#133,0.9);
#133 = AXIS2_PLACEMENT_3D('',#134,#135,#136);
#134 = CARTESIAN_POINT('',(4.503332099679,2.6,1.2));
#135 = DIRECTION('',(0.,0.,1.));
#136 = DIRECTION('',(1.,0.,0.));
#137 = PLANE('',#138);
#138 = AXIS2_PLACEMENT_3D('',#139,#140,#141);
#139 = CARTESIAN_POINT('',(0.,0.,1.2));
#140 = DIRECTION('',(0.,0.,1.));
#141 = DIRECTION('',(1.,0.,0.));
#142 = ADVANCED_FACE('',(#143),#161,.F.);
#143 = FACE_BOUND('',#144,.F.);
#144 = EDGE_LOOP('',(#145,#146,#153,#160));
#145 = ORIENTED_EDGE('',*,*,#21,.T.);
#146 = ORIENTED_EDGE('',*,*,#147,.T.);
#147 = EDGE_CURVE('',#22,#148,#150,.T.);
#148 = VERTEX_POINT('',#149);
#149 = CARTESIAN_POINT('',(16.25,-3.980102097229E-15,6.3));
#150 = B_SPLINE_CURVE_WITH_KNOTS('',1,(#151,#152),.UNSPECIFIED.,.F.,.F.,
  (2,2),(-4.2,0.9),.PIECEWISE_BEZIER_KNOTS.);
#151 = CARTESIAN_POINT('',(16.25,0.,1.2));
#152 = CARTESIAN_POINT('',(16.25,0.,6.3));
#153 = ORIENTED_EDGE('',*,*,#154,.F.);
#154 = EDGE_CURVE('',#148,#148,#155,.T.);
#155 = CIRCLE('',#156,16.25);
#156 = AXIS2_PLACEMENT_3D('',#157,#158,#159);
#157 = CARTESIAN_POINT('',(0.,0.,6.3));
#158 = DIRECTION('',(0.,0.,1.));
#159 = DIRECTION('',(1.,0.,0.));
#160 = ORIENTED_EDGE('',*,*,#147,.F.);
#161 = CYLINDRICAL_SURFACE('',#162,16.25);
#162 = AXIS2_PLACEMENT_3D('',#163,#164,#165);
#163 = CARTESIAN_POINT('',(0.,0.,5.4));
#164 = DIRECTION('',(0.,0.,1.));
#165 = DIRECTION('',(1.,0.,0.));
#166 = ADVANCED_FACE('',(#167),#192,.F.);
#167 = FACE_BOUND('',#168,.F.);
#168 = EDGE_LOOP('',(#169,#179,#185,#186));
#169 = ORIENTED_EDGE('',*,*,#170,.F.);
#170 = EDGE_CURVE('',#171,#173,#175,.T.);
#171 = VERTEX_POINT('',#172);
#172 = CARTESIAN_POINT('',(0.9,-5.2,0.));
#173 = VERTEX_POINT('',#174);
#174 = CARTESIAN_POINT('',(0.9,-9.5,0.));
#175 = LINE('',#176,#177);
#176 = CARTESIAN_POINT('',(0.9,-1.810540468843,0.));
#177 = VECTOR('',#178,1.);
#178 = DIRECTION('',(-1.807339807529E-16,-1.,0.));
#179 = ORIENTED_EDGE('',*,*,#180,.T.);
#180 = EDGE_CURVE('',#171,#35,#181,.T.);
#181 = LINE('',#182,#183);
#182 = CARTESIAN_POINT('',(0.9,-5.2,-0.1));
#183 = VECTOR('',#184,1.);
#184 = DIRECTION('',(0.,0.,1.));
#185 = ORIENTED_EDGE('',*,*,#32,.F.);
#186 = ORIENTED_EDGE('',*,*,#187,.F.);
#187 = EDGE_CURVE('',#173,#33,#188,.T.);
#188 = LINE('',#189,#190);
#189 = CARTESIAN_POINT('',(0.9,-9.5,-0.1));
#190 = VECTOR('',#191,1.);
#191 = DIRECTION('',(0.,0.,1.));
#192 = PLANE('',#193);
#193 = AXIS2_PLACEMENT_3D('',#194,#195,#196);
#194 = CARTESIAN_POINT('',(0.9,-5.2,-0.1));
#195 = DIRECTION('',(1.,-1.807339807529E-16,0.));
#196 = DIRECTION('',(-1.807339807529E-16,-1.,0.));
#197 = ADVANCED_FACE('',(#198),#217,.F.);
#198 = FACE_BOUND('',#199,.F.);
#199 = EDGE_LOOP('',(#200,#201,#202,#211));
#200 = ORIENTED_EDGE('',*,*,#59,.F.);
#201 = ORIENTED_EDGE('',*,*,#180,.F.);
#202 = ORIENTED_EDGE('',*,*,#203,.T.);
#203 = EDGE_CURVE('',#171,#204,#206,.T.);
#204 = VERTEX_POINT('',#205);
#205 = CARTESIAN_POINT('',(-0.9,-5.2,0.));
#206 = CIRCLE('',#207,0.9);
#207 = AXIS2_PLACEMENT_3D('',#208,#209,#210);
#208 = CARTESIAN_POINT('',(-9.552245033349E-16,-5.2,0.));
#209 = DIRECTION('',(0.,0.,1.));
#210 = DIRECTION('',(1.,0.,0.));
#211 = ORIENTED_EDGE('',*,*,#212,.T.);
#212 = EDGE_CURVE('',#204,#52,#213,.T.);
#213 = LINE('',#214,#215);
#214 = CARTESIAN_POINT('',(-0.9,-5.2,-0.1));
#215 = VECTOR('',#216,1.);
#216 = DIRECTION('',(0.,0.,1.));
#217 = CYLINDRICAL_SURFACE('',#218,0.9);
#218 = AXIS2_PLACEMENT_3D('',#219,#220,#221);
#219 = CARTESIAN_POINT('',(-9.552245033349E-16,-5.2,-0.1));
#220 = DIRECTION('',(0.,0.,1.));
#221 = DIRECTION('',(1.,0.,0.));
#222 = ADVANCED_FACE('',(#223),#241,.F.);
#223 = FACE_BOUND('',#224,.F.);
#224 = EDGE_LOOP('',(#225,#233,#239,#240));
#225 = ORIENTED_EDGE('',*,*,#226,.F.);
#226 = EDGE_CURVE('',#227,#204,#229,.T.);
#227 = VERTEX_POINT('',#228);
#228 = CARTESIAN_POINT('',(-0.9,-9.5,0.));
#229 = LINE('',#230,#231);
#230 = CARTESIAN_POINT('',(-0.9,-3.960540468843,0.));
#231 = VECTOR('',#232,1.);
#232 = DIRECTION('',(1.807339807529E-16,1.,0.));
#233 = ORIENTED_EDGE('',*,*,#234,.T.);
#234 = EDGE_CURVE('',#227,#43,#235,.T.);
#235 = LINE('',#236,#237);
#236 = CARTESIAN_POINT('',(-0.9,-9.5,-0.1));
#237 = VECTOR('',#238,1.);
#238 = DIRECTION('',(0.,0.,1.));
#239 = ORIENTED_EDGE('',*,*,#51,.F.);
#240 = ORIENTED_EDGE('',*,*,#212,.F.);
#241 = PLANE('',#242);
#242 = AXIS2_PLACEMENT_3D('',#243,#244,#245);
#243 = CARTESIAN_POINT('',(-0.9,-9.5,-0.1));
#244 = DIRECTION('',(-1.,1.807339807529E-16,0.));
#245 = DIRECTION('',(1.807339807529E-16,1.,0.));
#246 = ADVANCED_FACE('',(#247),#259,.F.);
#247 = FACE_BOUND('',#248,.F.);
#248 = EDGE_LOOP('',(#249,#256,#257,#258));
#249 = ORIENTED_EDGE('',*,*,#250,.T.);
#250 = EDGE_CURVE('',#227,#173,#251,.T.);
#251 = CIRCLE('',#252,0.9);
#252 = AXIS2_PLACEMENT_3D('',#253,#254,#255);
#253 = CARTESIAN_POINT('',(-1.745121688785E-15,-9.5,0.));
#254 = DIRECTION('',(0.,0.,1.));
#255 = DIRECTION('',(1.,0.,0.));
#256 = ORIENTED_EDGE('',*,*,#187,.T.);
#257 = ORIENTED_EDGE('',*,*,#42,.F.);
#258 = ORIENTED_EDGE('',*,*,#234,.F.);
#259 = CYLINDRICAL_SURFACE('',#260,0.9);
#260 = AXIS2_PLACEMENT_3D('',#261,#262,#263);
#261 = CARTESIAN_POINT('',(-1.745121688785E-15,-9.5,-0.1));
#262 = DIRECTION('',(0.,0.,1.));
#263 = DIRECTION('',(1.,0.,0.));
#264 = ADVANCED_FACE('',(#265),#290,.F.);
#265 = FACE_BOUND('',#266,.F.);
#266 = EDGE_LOOP('',(#267,#277,#283,#284));
#267 = ORIENTED_EDGE('',*,*,#268,.F.);
#268 = EDGE_CURVE('',#269,#271,#273,.T.);
#269 = VERTEX_POINT('',#270);
#270 = CARTESIAN_POINT('',(-4.953332099679,1.820577136594,0.));
#271 = VERTEX_POINT('',#272);
#272 = CARTESIAN_POINT('',(-8.677241335952,3.970577136594,0.));
#273 = LINE('',#274,#275);
#274 = CARTESIAN_POINT('',(-2.963740237238,0.671885739236,0.));
#275 = VECTOR('',#276,1.);
#276 = DIRECTION('',(-0.866025403784,0.5,0.));
#277 = ORIENTED_EDGE('',*,*,#278,.T.);
#278 = EDGE_CURVE('',#269,#71,#279,.T.);
#279 = LINE('',#280,#281);
#280 = CARTESIAN_POINT('',(-4.953332099679,1.820577136594,-0.1));
#281 = VECTOR('',#282,1.);
#282 = DIRECTION('',(0.,0.,1.));
#283 = ORIENTED_EDGE('',*,*,#68,.F.);
#284 = ORIENTED_EDGE('',*,*,#285,.F.);
#285 = EDGE_CURVE('',#271,#69,#286,.T.);
#286 = LINE('',#287,#288);
#287 = CARTESIAN_POINT('',(-8.677241335952,3.970577136594,-0.1));
#288 = VECTOR('',#289,1.);
#289 = DIRECTION('',(0.,0.,1.));
#290 = PLANE('',#291);
#291 = AXIS2_PLACEMENT_3D('',#292,#293,#294);
#292 = CARTESIAN_POINT('',(-4.953332099679,1.820577136594,-0.1));
#293 = DIRECTION('',(-0.5,-0.866025403784,0.));
#294 = DIRECTION('',(-0.866025403784,0.5,0.));
#295 = ADVANCED_FACE('',(#296),#315,.F.);
#296 = FACE_BOUND('',#297,.F.);
#297 = EDGE_LOOP('',(#298,#299,#307,#314));
#298 = ORIENTED_EDGE('',*,*,#78,.F.);
#299 = ORIENTED_EDGE('',*,*,#300,.F.);
#300 = EDGE_CURVE('',#301,#79,#303,.T.);
#301 = VERTEX_POINT('',#302);
#302 = CARTESIAN_POINT('',(-7.777241335952,5.529422863406,0.));
#303 = LINE('',#304,#305);
#304 = CARTESIAN_POINT('',(-7.777241335952,5.529422863406,-0.1));
#305 = VECTOR('',#306,1.);
#306 = DIRECTION('',(0.,0.,1.));
#307 = ORIENTED_EDGE('',*,*,#308,.T.);
#308 = EDGE_CURVE('',#301,#271,#309,.T.);
#309 = CIRCLE('',#310,0.9);
#310 = AXIS2_PLACEMENT_3D('',#311,#312,#313);
#311 = CARTESIAN_POINT('',(-8.227241335952,4.75,0.));
#312 = DIRECTION('',(0.,0.,1.));
#313 = DIRECTION('',(1.,0.,0.));
#314 = ORIENTED_EDGE('',*,*,#285,.T.);
#315 = CYLINDRICAL_SURFACE('',#316,0.9);
#316 = AXIS2_PLACEMENT_3D('',#317,#318,#319);
#317 = CARTESIAN_POINT('',(-8.227241335952,4.75,-0.1));
#318 = DIRECTION('',(0.,0.,1.));
#319 = DIRECTION('',(1.,0.,0.));
#320 = ADVANCED_FACE('',(#321),#340,.F.);
#321 = FACE_BOUND('',#322,.F.);
#322 = EDGE_LOOP('',(#323,#332,#338,#339));
#323 = ORIENTED_EDGE('',*,*,#324,.T.);
#324 = EDGE_CURVE('',#269,#325,#327,.T.);
#325 = VERTEX_POINT('',#326);
#326 = CARTESIAN_POINT('',(-4.053332099679,3.379422863406,0.));
#327 = CIRCLE('',#328,0.9);
#328 = AXIS2_PLACEMENT_3D('',#329,#330,#331);
#329 = CARTESIAN_POINT('',(-4.503332099679,2.6,0.));
#330 = DIRECTION('',(0.,0.,1.));
#331 = DIRECTION('',(1.,0.,0.));
#332 = ORIENTED_EDGE('',*,*,#333,.T.);
#333 = EDGE_CURVE('',#325,#88,#334,.T.);
#334 = LINE('',#335,#336);
#335 = CARTESIAN_POINT('',(-4.053332099679,3.379422863406,-0.1));
#336 = VECTOR('',#337,1.);
#337 = DIRECTION('',(0.,0.,1.));
#338 = ORIENTED_EDGE('',*,*,#95,.F.);
#339 = ORIENTED_EDGE('',*,*,#278,.F.);
#340 = CYLINDRICAL_SURFACE('',#341,0.9);
#341 = AXIS2_PLACEMENT_3D('',#342,#343,#344);
#342 = CARTESIAN_POINT('',(-4.503332099679,2.6,-0.1));
#343 = DIRECTION('',(0.,0.,1.));
#344 = DIRECTION('',(1.,0.,0.));
#345 = ADVANCED_FACE('',(#346),#357,.F.);
#346 = FACE_BOUND('',#347,.F.);
#347 = EDGE_LOOP('',(#348,#354,#355,#356));
#348 = ORIENTED_EDGE('',*,*,#349,.F.);
#349 = EDGE_CURVE('',#301,#325,#350,.T.);
#350 = LINE('',#351,#352);
#351 = CARTESIAN_POINT('',(-3.925694855375,3.305731466048,
    1.387778780781E-17));
#352 = VECTOR('',#353,1.);
#353 = DIRECTION('',(0.866025403784,-0.5,0.));
#354 = ORIENTED_EDGE('',*,*,#300,.T.);
#355 = ORIENTED_EDGE('',*,*,#87,.F.);
#356 = ORIENTED_EDGE('',*,*,#333,.F.);
#357 = PLANE('',#358);
#358 = AXIS2_PLACEMENT_3D('',#359,#360,#361);
#359 = CARTESIAN_POINT('',(-7.777241335952,5.529422863406,-0.1));
#360 = DIRECTION('',(0.5,0.866025403784,0.));
#361 = DIRECTION('',(0.866025403784,-0.5,0.));
#362 = ADVANCED_FACE('',(#363),#388,.F.);
#363 = FACE_BOUND('',#364,.F.);
#364 = EDGE_LOOP('',(#365,#375,#381,#382));
#365 = ORIENTED_EDGE('',*,*,#366,.F.);
#366 = EDGE_CURVE('',#367,#369,#371,.T.);
#367 = VERTEX_POINT('',#368);
#368 = CARTESIAN_POINT('',(4.053332099679,3.379422863406,0.));
#369 = VERTEX_POINT('',#370);
#370 = CARTESIAN_POINT('',(7.777241335952,5.529422863406,0.));
#371 = LINE('',#372,#373);
#372 = CARTESIAN_POINT('',(2.223283871682,2.322844026342,
    1.387778780781E-17));
#373 = VECTOR('',#374,1.);
#374 = DIRECTION('',(0.866025403784,0.5,0.));
#375 = ORIENTED_EDGE('',*,*,#376,.T.);
#376 = EDGE_CURVE('',#367,#107,#377,.T.);
#377 = LINE('',#378,#379);
#378 = CARTESIAN_POINT('',(4.053332099679,3.379422863406,-0.1));
#379 = VECTOR('',#380,1.);
#380 = DIRECTION('',(0.,0.,1.));
#381 = ORIENTED_EDGE('',*,*,#104,.F.);
#382 = ORIENTED_EDGE('',*,*,#383,.F.);
#383 = EDGE_CURVE('',#369,#105,#384,.T.);
#384 = LINE('',#385,#386);
#385 = CARTESIAN_POINT('',(7.777241335952,5.529422863406,-0.1));
#386 = VECTOR('',#387,1.);
#387 = DIRECTION('',(0.,0.,1.));
#388 = PLANE('',#389);
#389 = AXIS2_PLACEMENT_3D('',#390,#391,#392);
#390 = CARTESIAN_POINT('',(4.053332099679,3.379422863406,-0.1));
#391 = DIRECTION('',(-0.5,0.866025403784,0.));
#392 = DIRECTION('',(0.866025403784,0.5,0.));
#393 = ADVANCED_FACE('',(#394),#413,.F.);
#394 = FACE_BOUND('',#395,.F.);
#395 = EDGE_LOOP('',(#396,#397,#405,#412));
#396 = ORIENTED_EDGE('',*,*,#114,.F.);
#397 = ORIENTED_EDGE('',*,*,#398,.F.);
#398 = EDGE_CURVE('',#399,#115,#401,.T.);
#399 = VERTEX_POINT('',#400);
#400 = CARTESIAN_POINT('',(8.677241335952,3.970577136594,0.));
#401 = LINE('',#402,#403);
#402 = CARTESIAN_POINT('',(8.677241335952,3.970577136594,-0.1));
#403 = VECTOR('',#404,1.);
#404 = DIRECTION('',(0.,0.,1.));
#405 = ORIENTED_EDGE('',*,*,#406,.T.);
#406 = EDGE_CURVE('',#399,#369,#407,.T.);
#407 = CIRCLE('',#408,0.9);
#408 = AXIS2_PLACEMENT_3D('',#409,#410,#411);
#409 = CARTESIAN_POINT('',(8.227241335952,4.75,0.));
#410 = DIRECTION('',(0.,0.,1.));
#411 = DIRECTION('',(1.,0.,0.));
#412 = ORIENTED_EDGE('',*,*,#383,.T.);
#413 = CYLINDRICAL_SURFACE('',#414,0.9);
#414 = AXIS2_PLACEMENT_3D('',#415,#416,#417);
#415 = CARTESIAN_POINT('',(8.227241335952,4.75,-0.1));
#416 = DIRECTION('',(0.,0.,1.));
#417 = DIRECTION('',(1.,0.,0.));
#418 = ADVANCED_FACE('',(#419),#438,.F.);
#419 = FACE_BOUND('',#420,.F.);
#420 = EDGE_LOOP('',(#421,#422,#423,#432));
#421 = ORIENTED_EDGE('',*,*,#131,.F.);
#422 = ORIENTED_EDGE('',*,*,#376,.F.);
#423 = ORIENTED_EDGE('',*,*,#424,.T.);
#424 = EDGE_CURVE('',#367,#425,#427,.T.);
#425 = VERTEX_POINT('',#426);
#426 = CARTESIAN_POINT('',(4.953332099679,1.820577136594,0.));
#427 = CIRCLE('',#428,0.9);
#428 = AXIS2_PLACEMENT_3D('',#429,#430,#431);
#429 = CARTESIAN_POINT('',(4.503332099679,2.6,0.));
#430 = DIRECTION('',(0.,0.,1.));
#431 = DIRECTION('',(1.,0.,0.));
#432 = ORIENTED_EDGE('',*,*,#433,.T.);
#433 = EDGE_CURVE('',#425,#124,#434,.T.);
#434 = LINE('',#435,#436);
#435 = CARTESIAN_POINT('',(4.953332099679,1.820577136594,-0.1));
#436 = VECTOR('',#437,1.);
#437 = DIRECTION('',(0.,0.,1.));
#438 = CYLINDRICAL_SURFACE('',#439,0.9);
#439 = AXIS2_PLACEMENT_3D('',#440,#441,#442);
#440 = CARTESIAN_POINT('',(4.503332099679,2.6,-0.1));
#441 = DIRECTION('',(0.,0.,1.));
#442 = DIRECTION('',(1.,0.,0.));
#443 = ADVANCED_FACE('',(#444),#455,.F.);
#444 = FACE_BOUND('',#445,.F.);
#445 = EDGE_LOOP('',(#446,#452,#453,#454));
#446 = ORIENTED_EDGE('',*,*,#447,.F.);
#447 = EDGE_CURVE('',#399,#425,#448,.T.);
#448 = LINE('',#449,#450);
#449 = CARTESIAN_POINT('',(4.985238489819,1.83899829953,0.));
#450 = VECTOR('',#451,1.);
#451 = DIRECTION('',(-0.866025403784,-0.5,0.));
#452 = ORIENTED_EDGE('',*,*,#398,.T.);
#453 = ORIENTED_EDGE('',*,*,#123,.F.);
#454 = ORIENTED_EDGE('',*,*,#433,.F.);
#455 = PLANE('',#456);
#456 = AXIS2_PLACEMENT_3D('',#457,#458,#459);
#457 = CARTESIAN_POINT('',(8.677241335952,3.970577136594,-0.1));
#458 = DIRECTION('',(0.5,-0.866025403784,0.));
#459 = DIRECTION('',(-0.866025403784,-0.5,0.));
#460 = ADVANCED_FACE('',(#461,#472),#475,.T.);
#461 = FACE_BOUND('',#462,.T.);
#462 = EDGE_LOOP('',(#463));
#463 = ORIENTED_EDGE('',*,*,#464,.T.);
#464 = EDGE_CURVE('',#465,#465,#467,.T.);
#465 = VERTEX_POINT('',#466);
#466 = CARTESIAN_POINT('',(17.35,-4.249524393041E-15,6.3));
#467 = CIRCLE('',#468,17.35);
#468 = AXIS2_PLACEMENT_3D('',#469,#470,#471);
#469 = CARTESIAN_POINT('',(0.,0.,6.3));
#470 = DIRECTION('',(0.,0.,1.));
#471 = DIRECTION('',(1.,0.,0.));
#472 = FACE_BOUND('',#473,.T.);
#473 = EDGE_LOOP('',(#474));
#474 = ORIENTED_EDGE('',*,*,#154,.F.);
#475 = PLANE('',#476);
#476 = AXIS2_PLACEMENT_3D('',#477,#478,#479);
#477 = CARTESIAN_POINT('',(0.,0.,6.3));
#478 = DIRECTION('',(0.,0.,1.));
#479 = DIRECTION('',(1.,0.,0.));
#480 = ADVANCED_FACE('',(#481,#580,#630,#636,#642,#692,#698),#709,.T.);
#481 = FACE_BOUND('',#482,.T.);
#482 = EDGE_LOOP('',(#483,#494,#503,#512,#521,#530,#539,#547,#556,#565,
    #573));
#483 = ORIENTED_EDGE('',*,*,#484,.F.);
#484 = EDGE_CURVE('',#485,#487,#489,.T.);
#485 = VERTEX_POINT('',#486);
#486 = CARTESIAN_POINT('',(16.004857279357,-9.767652914974,0.));
#487 = VERTEX_POINT('',#488);
#488 = CARTESIAN_POINT('',(18.75,0.,0.));
#489 = CIRCLE('',#490,18.75);
#490 = AXIS2_PLACEMENT_3D('',#491,#492,#493);
#491 = CARTESIAN_POINT('',(0.,0.,0.));
#492 = DIRECTION('',(0.,0.,1.));
#493 = DIRECTION('',(1.,0.,0.));
#494 = ORIENTED_EDGE('',*,*,#495,.F.);
#495 = EDGE_CURVE('',#496,#485,#498,.T.);
#496 = VERTEX_POINT('',#497);
#497 = CARTESIAN_POINT('',(19.35,-14.,0.));
#498 = CIRCLE('',#499,4.35);
#499 = AXIS2_PLACEMENT_3D('',#500,#501,#502);
#500 = CARTESIAN_POINT('',(15.,-14.,0.));
#501 = DIRECTION('',(0.,0.,1.));
#502 = DIRECTION('',(1.,0.,0.));
#503 = ORIENTED_EDGE('',*,*,#504,.F.);
#504 = EDGE_CURVE('',#505,#496,#507,.T.);
#505 = VERTEX_POINT('',#506);
#506 = CARTESIAN_POINT('',(10.846924193327,-15.29400979286,0.));
#507 = CIRCLE('',#508,4.35);
#508 = AXIS2_PLACEMENT_3D('',#509,#510,#511);
#509 = CARTESIAN_POINT('',(15.,-14.,0.));
#510 = DIRECTION('',(0.,0.,1.));
#511 = DIRECTION('',(1.,0.,0.));
#512 = ORIENTED_EDGE('',*,*,#513,.F.);
#513 = EDGE_CURVE('',#514,#505,#516,.T.);
#514 = VERTEX_POINT('',#515);
#515 = CARTESIAN_POINT('',(-10.84692419332,-15.29400979286,0.));
#516 = CIRCLE('',#517,18.75);
#517 = AXIS2_PLACEMENT_3D('',#518,#519,#520);
#518 = CARTESIAN_POINT('',(0.,0.,0.));
#519 = DIRECTION('',(0.,0.,1.));
#520 = DIRECTION('',(1.,0.,0.));
#521 = ORIENTED_EDGE('',*,*,#522,.F.);
#522 = EDGE_CURVE('',#523,#514,#525,.T.);
#523 = VERTEX_POINT('',#524);
#524 = CARTESIAN_POINT('',(-16.00485727935,-9.767652914975,0.));
#525 = CIRCLE('',#526,4.35);
#526 = AXIS2_PLACEMENT_3D('',#527,#528,#529);
#527 = CARTESIAN_POINT('',(-15.,-14.,0.));
#528 = DIRECTION('',(0.,0.,1.));
#529 = DIRECTION('',(1.,0.,0.));
#530 = ORIENTED_EDGE('',*,*,#531,.F.);
#531 = EDGE_CURVE('',#532,#523,#534,.T.);
#532 = VERTEX_POINT('',#533);
#533 = CARTESIAN_POINT('',(-7.350142588901,17.249287055493,0.));
#534 = CIRCLE('',#535,18.75);
#535 = AXIS2_PLACEMENT_3D('',#536,#537,#538);
#536 = CARTESIAN_POINT('',(0.,0.,0.));
#537 = DIRECTION('',(0.,0.,1.));
#538 = DIRECTION('',(1.,0.,0.));
#539 = ORIENTED_EDGE('',*,*,#540,.F.);
#540 = EDGE_CURVE('',#541,#532,#543,.T.);
#541 = VERTEX_POINT('',#542);
#542 = CARTESIAN_POINT('',(-5.981528590111,24.092357049447,0.));
#543 = LINE('',#544,#545);
#544 = CARTESIAN_POINT('',(-5.8,25.,0.));
#545 = VECTOR('',#546,1.);
#546 = DIRECTION('',(-0.196116135138,-0.980580675691,0.));
#547 = ORIENTED_EDGE('',*,*,#548,.F.);
#548 = EDGE_CURVE('',#549,#541,#551,.T.);
#549 = VERTEX_POINT('',#550);
#550 = CARTESIAN_POINT('',(6.05,25.,0.));
#551 = CIRCLE('',#552,6.05);
#552 = AXIS2_PLACEMENT_3D('',#553,#554,#555);
#553 = CARTESIAN_POINT('',(0.,25.,0.));
#554 = DIRECTION('',(0.,0.,1.));
#555 = DIRECTION('',(1.,0.,0.));
#556 = ORIENTED_EDGE('',*,*,#557,.F.);
#557 = EDGE_CURVE('',#558,#549,#560,.T.);
#558 = VERTEX_POINT('',#559);
#559 = CARTESIAN_POINT('',(5.981528590111,24.092357049447,0.));
#560 = CIRCLE('',#561,6.05);
#561 = AXIS2_PLACEMENT_3D('',#562,#563,#564);
#562 = CARTESIAN_POINT('',(0.,25.,0.));
#563 = DIRECTION('',(0.,0.,1.));
#564 = DIRECTION('',(1.,0.,0.));
#565 = ORIENTED_EDGE('',*,*,#566,.F.);
#566 = EDGE_CURVE('',#567,#558,#569,.T.);
#567 = VERTEX_POINT('',#568);
#568 = CARTESIAN_POINT('',(7.350142588901,17.249287055493,0.));
#569 = LINE('',#570,#571);
#570 = CARTESIAN_POINT('',(8.,14.,0.));
#571 = VECTOR('',#572,1.);
#572 = DIRECTION('',(-0.196116135138,0.980580675691,0.));
#573 = ORIENTED_EDGE('',*,*,#574,.F.);
#574 = EDGE_CURVE('',#487,#567,#575,.T.);
#575 = CIRCLE('',#576,18.75);
#576 = AXIS2_PLACEMENT_3D('',#577,#578,#579);
#577 = CARTESIAN_POINT('',(0.,0.,0.));
#578 = DIRECTION('',(0.,0.,1.));
#579 = DIRECTION('',(1.,0.,0.));
#580 = FACE_BOUND('',#581,.T.);
#581 = EDGE_LOOP('',(#582,#592,#600,#608,#616,#624));
#582 = ORIENTED_EDGE('',*,*,#583,.T.);
#583 = EDGE_CURVE('',#584,#586,#588,.T.);
#584 = VERTEX_POINT('',#585);
#585 = CARTESIAN_POINT('',(17.9,-15.67431578065,0.));
#586 = VERTEX_POINT('',#587);
#587 = CARTESIAN_POINT('',(17.9,-12.32568421935,0.));
#588 = LINE('',#589,#590);
#589 = CARTESIAN_POINT('',(17.9,-7.047698359168,0.));
#590 = VECTOR('',#591,1.);
#591 = DIRECTION('',(0.,1.,0.));
#592 = ORIENTED_EDGE('',*,*,#593,.T.);
#593 = EDGE_CURVE('',#586,#594,#596,.T.);
#594 = VERTEX_POINT('',#595);
#595 = CARTESIAN_POINT('',(15.,-10.6513684387,0.));
#596 = LINE('',#597,#598);
#597 = CARTESIAN_POINT('',(8.256836899356,-6.758201407354,0.));
#598 = VECTOR('',#599,1.);
#599 = DIRECTION('',(-0.866025403784,0.5,0.));
#600 = ORIENTED_EDGE('',*,*,#601,.T.);
#601 = EDGE_CURVE('',#594,#602,#604,.T.);
#602 = VERTEX_POINT('',#603);
#603 = CARTESIAN_POINT('',(12.1,-12.32568421935,0.));
#604 = LINE('',#605,#606);
#605 = CARTESIAN_POINT('',(12.102706735088,-12.32412148511,0.));
#606 = VECTOR('',#607,1.);
#607 = DIRECTION('',(-0.866025403784,-0.5,0.));
#608 = ORIENTED_EDGE('',*,*,#609,.T.);
#609 = EDGE_CURVE('',#602,#610,#612,.T.);
#610 = VERTEX_POINT('',#611);
#611 = CARTESIAN_POINT('',(12.1,-15.67431578065,0.));
#612 = LINE('',#613,#614);
#613 = CARTESIAN_POINT('',(12.1,-5.373382578518,0.));
#614 = VECTOR('',#615,1.);
#615 = DIRECTION('',(0.,-1.,0.));
#616 = ORIENTED_EDGE('',*,*,#617,.T.);
#617 = EDGE_CURVE('',#610,#618,#620,.T.);
#618 = VERTEX_POINT('',#619);
#619 = CARTESIAN_POINT('',(15.,-17.3486315613,0.));
#620 = LINE('',#621,#622);
#621 = CARTESIAN_POINT('',(3.906836899356,-10.94399085897,0.));
#622 = VECTOR('',#623,1.);
#623 = DIRECTION('',(0.866025403784,-0.5,0.));
#624 = ORIENTED_EDGE('',*,*,#625,.T.);
#625 = EDGE_CURVE('',#618,#584,#626,.T.);
#626 = LINE('',#627,#628);
#627 = CARTESIAN_POINT('',(13.552706735088,-18.18422671739,0.));
#628 = VECTOR('',#629,1.);
#629 = DIRECTION('',(0.866025403784,0.5,0.));
#630 = FACE_BOUND('',#631,.T.);
#631 = EDGE_LOOP('',(#632,#633,#634,#635));
#632 = ORIENTED_EDGE('',*,*,#366,.F.);
#633 = ORIENTED_EDGE('',*,*,#424,.T.);
#634 = ORIENTED_EDGE('',*,*,#447,.F.);
#635 = ORIENTED_EDGE('',*,*,#406,.T.);
#636 = FACE_BOUND('',#637,.T.);
#637 = EDGE_LOOP('',(#638,#639,#640,#641));
#638 = ORIENTED_EDGE('',*,*,#170,.F.);
#639 = ORIENTED_EDGE('',*,*,#203,.T.);
#640 = ORIENTED_EDGE('',*,*,#226,.F.);
#641 = ORIENTED_EDGE('',*,*,#250,.T.);
#642 = FACE_BOUND('',#643,.T.);
#643 = EDGE_LOOP('',(#644,#654,#662,#670,#678,#686));
#644 = ORIENTED_EDGE('',*,*,#645,.T.);
#645 = EDGE_CURVE('',#646,#648,#650,.T.);
#646 = VERTEX_POINT('',#647);
#647 = CARTESIAN_POINT('',(-12.1,-15.67431578065,0.));
#648 = VERTEX_POINT('',#649);
#649 = CARTESIAN_POINT('',(-12.1,-12.32568421935,0.));
#650 = LINE('',#651,#652);
#651 = CARTESIAN_POINT('',(-12.1,-7.047698359168,0.));
#652 = VECTOR('',#653,1.);
#653 = DIRECTION('',(5.304724652093E-16,1.,0.));
#654 = ORIENTED_EDGE('',*,*,#655,.T.);
#655 = EDGE_CURVE('',#648,#656,#658,.T.);
#656 = VERTEX_POINT('',#657);
#657 = CARTESIAN_POINT('',(-15.,-10.6513684387,0.));
#658 = LINE('',#659,#660);
#659 = CARTESIAN_POINT('',(-10.49316310064,-13.25339193573,0.));
#660 = VECTOR('',#661,1.);
#661 = DIRECTION('',(-0.866025403784,0.5,0.));
#662 = ORIENTED_EDGE('',*,*,#663,.T.);
#663 = EDGE_CURVE('',#656,#664,#666,.T.);
#664 = VERTEX_POINT('',#665);
#665 = CARTESIAN_POINT('',(-17.9,-12.32568421935,0.));
#666 = LINE('',#667,#668);
#667 = CARTESIAN_POINT('',(-6.647293264912,-5.828930956735,0.));
#668 = VECTOR('',#669,1.);
#669 = DIRECTION('',(-0.866025403784,-0.5,0.));
#670 = ORIENTED_EDGE('',*,*,#671,.T.);
#671 = EDGE_CURVE('',#664,#672,#674,.T.);
#672 = VERTEX_POINT('',#673);
#673 = CARTESIAN_POINT('',(-17.9,-15.67431578065,0.));
#674 = LINE('',#675,#676);
#675 = CARTESIAN_POINT('',(-17.9,-5.373382578518,0.));
#676 = VECTOR('',#677,1.);
#677 = DIRECTION('',(0.,-1.,0.));
#678 = ORIENTED_EDGE('',*,*,#679,.T.);
#679 = EDGE_CURVE('',#672,#680,#682,.T.);
#680 = VERTEX_POINT('',#681);
#681 = CARTESIAN_POINT('',(-15.,-17.3486315613,0.));
#682 = LINE('',#683,#684);
#683 = CARTESIAN_POINT('',(-14.84316310064,-17.43918138736,0.));
#684 = VECTOR('',#685,1.);
#685 = DIRECTION('',(0.866025403784,-0.5,0.));
#686 = ORIENTED_EDGE('',*,*,#687,.T.);
#687 = EDGE_CURVE('',#680,#646,#688,.T.);
#688 = LINE('',#689,#690);
#689 = CARTESIAN_POINT('',(-5.197293264912,-11.68903618901,0.));
#690 = VECTOR('',#691,1.);
#691 = DIRECTION('',(0.866025403784,0.5,0.));
#692 = FACE_BOUND('',#693,.T.);
#693 = EDGE_LOOP('',(#694,#695,#696,#697));
#694 = ORIENTED_EDGE('',*,*,#268,.F.);
#695 = ORIENTED_EDGE('',*,*,#324,.T.);
#696 = ORIENTED_EDGE('',*,*,#349,.F.);
#697 = ORIENTED_EDGE('',*,*,#308,.T.);
#698 = FACE_BOUND('',#699,.T.);
#699 = EDGE_LOOP('',(#700));
#700 = ORIENTED_EDGE('',*,*,#701,.T.);
#701 = EDGE_CURVE('',#702,#702,#704,.T.);
#702 = VERTEX_POINT('',#703);
#703 = CARTESIAN_POINT('',(3.25,25.,0.));
#704 = CIRCLE('',#705,3.25);
#705 = AXIS2_PLACEMENT_3D('',#706,#707,#708);
#706 = CARTESIAN_POINT('',(0.,25.,0.));
#707 = DIRECTION('',(0.,0.,1.));
#708 = DIRECTION('',(1.,0.,0.));
#709 = PLANE('',#710);
#710 = AXIS2_PLACEMENT_3D('',#711,#712,#713);
#711 = CARTESIAN_POINT('',(0.212724845925,1.578919062313,0.));
#712 = DIRECTION('',(-0.,-0.,-1.));
#713 = DIRECTION('',(-1.,0.,0.));
#714 = ADVANCED_FACE('',(#715),#734,.T.);
#715 = FACE_BOUND('',#716,.T.);
#716 = EDGE_LOOP('',(#717,#718,#726,#733));
#717 = ORIENTED_EDGE('',*,*,#464,.F.);
#718 = ORIENTED_EDGE('',*,*,#719,.F.);
#719 = EDGE_CURVE('',#720,#465,#722,.T.);
#720 = VERTEX_POINT('',#721);
#721 = CARTESIAN_POINT('',(17.35,-4.249524393041E-15,5.5));
#722 = LINE('',#723,#724);
#723 = CARTESIAN_POINT('',(17.35,-4.249524393041E-15,5.5));
#724 = VECTOR('',#725,1.);
#725 = DIRECTION('',(0.,0.,1.));
#726 = ORIENTED_EDGE('',*,*,#727,.T.);
#727 = EDGE_CURVE('',#720,#720,#728,.T.);
#728 = CIRCLE('',#729,17.35);
#729 = AXIS2_PLACEMENT_3D('',#730,#731,#732);
#730 = CARTESIAN_POINT('',(0.,0.,5.5));
#731 = DIRECTION('',(0.,0.,1.));
#732 = DIRECTION('',(1.,0.,0.));
#733 = ORIENTED_EDGE('',*,*,#719,.T.);
#734 = CYLINDRICAL_SURFACE('',#735,17.35);
#735 = AXIS2_PLACEMENT_3D('',#736,#737,#738);
#736 = CARTESIAN_POINT('',(0.,0.,5.5));
#737 = DIRECTION('',(0.,0.,1.));
#738 = DIRECTION('',(1.,0.,0.));
#739 = ADVANCED_FACE('',(#740),#781,.T.);
#740 = FACE_BOUND('',#741,.F.);
#741 = EDGE_LOOP('',(#742,#753,#760,#761));
#742 = ORIENTED_EDGE('',*,*,#743,.T.);
#743 = EDGE_CURVE('',#744,#746,#748,.T.);
#744 = VERTEX_POINT('',#745);
#745 = CARTESIAN_POINT('',(16.682450177007,-9.504517667492,0.45));
#746 = VERTEX_POINT('',#747);
#747 = CARTESIAN_POINT('',(19.2,0.,0.45));
#748 = CIRCLE('',#749,19.2);
#749 = AXIS2_PLACEMENT_3D('',#750,#751,#752);
#750 = CARTESIAN_POINT('',(0.,0.,0.45));
#751 = DIRECTION('',(0.,0.,1.));
#752 = DIRECTION('',(1.,0.,0.));
#753 = ORIENTED_EDGE('',*,*,#754,.T.);
#754 = EDGE_CURVE('',#746,#487,#755,.T.);
#755 = CIRCLE('',#756,0.45);
#756 = AXIS2_PLACEMENT_3D('',#757,#758,#759);
#757 = CARTESIAN_POINT('',(18.75,0.,0.45));
#758 = DIRECTION('',(-0.,1.,0.));
#759 = DIRECTION('',(1.,0.,0.));
#760 = ORIENTED_EDGE('',*,*,#484,.F.);
#761 = ORIENTED_EDGE('',*,*,#762,.F.);
#762 = EDGE_CURVE('',#744,#485,#763,.T.);
#763 = B_SPLINE_CURVE_WITH_KNOTS('',6,(#764,#765,#766,#767,#768,#769,
    #770,#771,#772,#773,#774,#775,#776,#777,#778,#779,#780),
  .UNSPECIFIED.,.F.,.F.,(7,5,5,7),(0.,0.27834366273,0.562162290997,1.),
  .UNSPECIFIED.);
#764 = CARTESIAN_POINT('',(16.682450177007,-9.504517667492,0.45));
#765 = CARTESIAN_POINT('',(16.682450177007,-9.504517667492,
    0.415939226504));
#766 = CARTESIAN_POINT('',(16.677964255301,-9.506142063769,
    0.381876067754));
#767 = CARTESIAN_POINT('',(16.668990878243,-9.509391041751,
    0.348214432036));
#768 = CARTESIAN_POINT('',(16.655637238227,-9.514237347112,
    0.315347063229));
#769 = CARTESIAN_POINT('',(16.638101373635,-9.520629985038,
    0.283635371125));
#770 = CARTESIAN_POINT('',(16.594785343964,-9.536520614682,
    0.222548217301));
#771 = CARTESIAN_POINT('',(16.568847504821,-9.546077974425,
    0.193228159929));
#772 = CARTESIAN_POINT('',(16.539125318187,-9.557095418187,
    0.165757258736));
#773 = CARTESIAN_POINT('',(16.505967791649,-9.569480971404,0.14039821226
    ));
#774 = CARTESIAN_POINT('',(16.4697596538,-9.583130798468,0.117351366964)
  );
#775 = CARTESIAN_POINT('',(16.370933704956,-9.62077228523,
    6.498886905967E-02));
#776 = CARTESIAN_POINT('',(16.304649019378,-9.646355705414,
    3.905957590281E-02));
#777 = CARTESIAN_POINT('',(16.23346822098,-9.67428425339,
    1.948452362252E-02));
#778 = CARTESIAN_POINT('',(16.15886409309,-9.704121813356,
    6.464407845822E-03));
#779 = CARTESIAN_POINT('',(16.0822118511,-9.735414864734,
    -3.066181656144E-08));
#780 = CARTESIAN_POINT('',(16.004857279376,-9.767652914943,0.));
#781 = TOROIDAL_SURFACE('',#782,18.75,0.45);
#782 = AXIS2_PLACEMENT_3D('',#783,#784,#785);
#783 = CARTESIAN_POINT('',(0.,0.,0.45));
#784 = DIRECTION('',(-0.,-0.,-1.));
#785 = DIRECTION('',(1.,0.,0.));
#786 = ADVANCED_FACE('',(#787),#807,.T.);
#787 = FACE_BOUND('',#788,.F.);
#788 = EDGE_LOOP('',(#789,#790,#799,#806));
#789 = ORIENTED_EDGE('',*,*,#495,.F.);
#790 = ORIENTED_EDGE('',*,*,#791,.F.);
#791 = EDGE_CURVE('',#792,#496,#794,.T.);
#792 = VERTEX_POINT('',#793);
#793 = CARTESIAN_POINT('',(19.8,-14.,0.45));
#794 = CIRCLE('',#795,0.45);
#795 = AXIS2_PLACEMENT_3D('',#796,#797,#798);
#796 = CARTESIAN_POINT('',(19.35,-14.,0.45));
#797 = DIRECTION('',(-0.,1.,0.));
#798 = DIRECTION('',(1.,0.,0.));
#799 = ORIENTED_EDGE('',*,*,#800,.T.);
#800 = EDGE_CURVE('',#792,#744,#801,.T.);
#801 = CIRCLE('',#802,4.8);
#802 = AXIS2_PLACEMENT_3D('',#803,#804,#805);
#803 = CARTESIAN_POINT('',(15.,-14.,0.45));
#804 = DIRECTION('',(0.,0.,1.));
#805 = DIRECTION('',(1.,0.,0.));
#806 = ORIENTED_EDGE('',*,*,#762,.T.);
#807 = TOROIDAL_SURFACE('',#808,4.35,0.45);
#808 = AXIS2_PLACEMENT_3D('',#809,#810,#811);
#809 = CARTESIAN_POINT('',(15.,-14.,0.45));
#810 = DIRECTION('',(-0.,-0.,-1.));
#811 = DIRECTION('',(1.,0.,0.));
#812 = ADVANCED_FACE('',(#813),#847,.T.);
#813 = FACE_BOUND('',#814,.F.);
#814 = EDGE_LOOP('',(#815,#816,#825,#846));
#815 = ORIENTED_EDGE('',*,*,#754,.F.);
#816 = ORIENTED_EDGE('',*,*,#817,.T.);
#817 = EDGE_CURVE('',#746,#818,#820,.T.);
#818 = VERTEX_POINT('',#819);
#819 = CARTESIAN_POINT('',(7.24377917892,17.781104105399,0.45));
#820 = CIRCLE('',#821,19.2);
#821 = AXIS2_PLACEMENT_3D('',#822,#823,#824);
#822 = CARTESIAN_POINT('',(0.,0.,0.45));
#823 = DIRECTION('',(0.,0.,1.));
#824 = DIRECTION('',(1.,0.,0.));
#825 = ORIENTED_EDGE('',*,*,#826,.T.);
#826 = EDGE_CURVE('',#818,#567,#827,.T.);
#827 = B_SPLINE_CURVE_WITH_KNOTS('',5,(#828,#829,#830,#831,#832,#833,
    #834,#835,#836,#837,#838,#839,#840,#841,#842,#843,#844,#845),
  .UNSPECIFIED.,.F.,.F.,(6,4,4,4,6),(0.,0.251363464202,0.503650548514,
    0.750401253539,1.),.UNSPECIFIED.);
#828 = CARTESIAN_POINT('',(7.24377917892,17.781104105399,0.45));
#829 = CARTESIAN_POINT('',(7.24377917892,17.781104105399,0.413791405213)
  );
#830 = CARTESIAN_POINT('',(7.244635430846,17.776822845769,0.377581120425
    ));
#831 = CARTESIAN_POINT('',(7.246348112658,17.768259436711,0.341899005633
    ));
#832 = CARTESIAN_POINT('',(7.248887136091,17.755564319544,0.307260993605
    ));
#833 = CARTESIAN_POINT('',(7.255521985681,17.722390071595,0.240857240822
    ));
#834 = CARTESIAN_POINT('',(7.259623747201,17.701881263994,0.209100199482
    ));
#835 = CARTESIAN_POINT('',(7.264449484878,17.677752575609,0.179306034036
    ));
#836 = CARTESIAN_POINT('',(7.269923244288,17.65038377856,0.151851332134)
  );
#837 = CARTESIAN_POINT('',(7.281862572902,17.590687135488,0.102740132437
    ));
#838 = CARTESIAN_POINT('',(7.28830389701,17.558480514951,
    8.096904854174E-02));
#839 = CARTESIAN_POINT('',(7.29520294229,17.523985288551,
    6.197820522233E-02));
#840 = CARTESIAN_POINT('',(7.302471692064,17.487641539682,
    4.595310800724E-02));
#841 = CARTESIAN_POINT('',(7.317657316133,17.411713419335,
    1.992103717103E-02));
#842 = CARTESIAN_POINT('',(7.325580651258,17.37209674371,
    9.985775498845E-03));
#843 = CARTESIAN_POINT('',(7.333698650628,17.331506746858,
    3.327580613861E-03));
#844 = CARTESIAN_POINT('',(7.341917162399,17.290414188007,0.));
#845 = CARTESIAN_POINT('',(7.350142588901,17.249287055494,0.));
#846 = ORIENTED_EDGE('',*,*,#574,.F.);
#847 = TOROIDAL_SURFACE('',#848,18.75,0.45);
#848 = AXIS2_PLACEMENT_3D('',#849,#850,#851);
#849 = CARTESIAN_POINT('',(0.,0.,0.45));
#850 = DIRECTION('',(-0.,-0.,-1.));
#851 = DIRECTION('',(1.,0.,0.));
#852 = ADVANCED_FACE('',(#853),#886,.T.);
#853 = FACE_BOUND('',#854,.F.);
#854 = EDGE_LOOP('',(#855,#864,#865,#866));
#855 = ORIENTED_EDGE('',*,*,#856,.T.);
#856 = EDGE_CURVE('',#857,#792,#859,.T.);
#857 = VERTEX_POINT('',#858);
#858 = CARTESIAN_POINT('',(10.631089015392,-15.98811891208,0.45));
#859 = CIRCLE('',#860,4.8);
#860 = AXIS2_PLACEMENT_3D('',#861,#862,#863);
#861 = CARTESIAN_POINT('',(15.,-14.,0.45));
#862 = DIRECTION('',(0.,0.,1.));
#863 = DIRECTION('',(1.,0.,0.));
#864 = ORIENTED_EDGE('',*,*,#791,.T.);
#865 = ORIENTED_EDGE('',*,*,#504,.F.);
#866 = ORIENTED_EDGE('',*,*,#867,.T.);
#867 = EDGE_CURVE('',#505,#857,#868,.T.);
#868 = B_SPLINE_CURVE_WITH_KNOTS('',6,(#869,#870,#871,#872,#873,#874,
    #875,#876,#877,#878,#879,#880,#881,#882,#883,#884,#885),
  .UNSPECIFIED.,.F.,.F.,(7,5,5,7),(0.,0.437004893626,0.722019180685,1.),
  .UNSPECIFIED.);
#869 = CARTESIAN_POINT('',(10.846924193318,-15.29400979287,0.));
#870 = CARTESIAN_POINT('',(10.820142221789,-15.3732502801,
    -3.01828054208E-08));
#871 = CARTESIAN_POINT('',(10.7942512199,-15.45172793808,
    6.439836466042E-03));
#872 = CARTESIAN_POINT('',(10.76966540344,-15.52807283753,
    1.941030268702E-02));
#873 = CARTESIAN_POINT('',(10.746740561283,-15.60088980938,
    3.89107798578E-02));
#874 = CARTESIAN_POINT('',(10.725808502409,-15.66868847972,
    6.474248694886E-02));
#875 = CARTESIAN_POINT('',(10.695012330188,-15.7700253454,0.117039722061
    ));
#876 = CARTESIAN_POINT('',(10.683831067748,-15.80727724636,
    0.140159555788));
#877 = CARTESIAN_POINT('',(10.67370923937,-15.84137520924,0.165612699861
    ));
#878 = CARTESIAN_POINT('',(10.664724957092,-15.87192310509,
    0.193196562371));
#879 = CARTESIAN_POINT('',(10.656946807029,-15.89856183105,
    0.222645153533));
#880 = CARTESIAN_POINT('',(10.644074481633,-15.94288240057,
    0.283842092803));
#881 = CARTESIAN_POINT('',(10.638918234149,-15.96077130051,
    0.315518459114));
#882 = CARTESIAN_POINT('',(10.635013436152,-15.97439175258,
    0.348346086377));
#883 = CARTESIAN_POINT('',(10.632397129325,-15.98354370298,
    0.381964885091));
#884 = CARTESIAN_POINT('',(10.631089015392,-15.98811891208,
    0.415983627823));
#885 = CARTESIAN_POINT('',(10.631089015392,-15.98811891208,0.45));
#886 = TOROIDAL_SURFACE('',#887,4.35,0.45);
#887 = AXIS2_PLACEMENT_3D('',#888,#889,#890);
#888 = CARTESIAN_POINT('',(15.,-14.,0.45));
#889 = DIRECTION('',(-0.,-0.,-1.));
#890 = DIRECTION('',(1.,0.,0.));
#891 = ADVANCED_FACE('',(#892),#995,.F.);
#892 = FACE_BOUND('',#893,.F.);
#893 = EDGE_LOOP('',(#894,#895,#896,#904,#927,#935,#962,#970));
#894 = ORIENTED_EDGE('',*,*,#566,.F.);
#895 = ORIENTED_EDGE('',*,*,#826,.F.);
#896 = ORIENTED_EDGE('',*,*,#897,.T.);
#897 = EDGE_CURVE('',#818,#898,#900,.T.);
#898 = VERTEX_POINT('',#899);
#899 = CARTESIAN_POINT('',(7.24377917892,17.781104105399,5.05));
#900 = LINE('',#901,#902);
#901 = CARTESIAN_POINT('',(7.24377917892,17.781104105399,0.));
#902 = VECTOR('',#903,1.);
#903 = DIRECTION('',(0.,0.,1.));
#904 = ORIENTED_EDGE('',*,*,#905,.T.);
#905 = EDGE_CURVE('',#898,#906,#908,.T.);
#906 = VERTEX_POINT('',#907);
#907 = CARTESIAN_POINT('',(7.350142588901,17.249287055493,5.5));
#908 = B_SPLINE_CURVE_WITH_KNOTS('',5,(#909,#910,#911,#912,#913,#914,
    #915,#916,#917,#918,#919,#920,#921,#922,#923,#924,#925,#926),
  .UNSPECIFIED.,.F.,.F.,(6,4,4,4,6),(0.,0.251363464202,0.503650548515,
    0.750401253539,1.),.UNSPECIFIED.);
#909 = CARTESIAN_POINT('',(7.24377917892,17.781104105399,5.05));
#910 = CARTESIAN_POINT('',(7.24377917892,17.781104105399,5.086208594787)
  );
#911 = CARTESIAN_POINT('',(7.244635430846,17.776822845769,5.122418879575
    ));
#912 = CARTESIAN_POINT('',(7.246348112658,17.768259436711,5.158100994367
    ));
#913 = CARTESIAN_POINT('',(7.248887136091,17.755564319544,5.192739006395
    ));
#914 = CARTESIAN_POINT('',(7.255521985681,17.722390071595,5.259142759178
    ));
#915 = CARTESIAN_POINT('',(7.259623747201,17.701881263994,5.290899800518
    ));
#916 = CARTESIAN_POINT('',(7.264449484878,17.677752575609,5.320693965964
    ));
#917 = CARTESIAN_POINT('',(7.269923244288,17.65038377856,5.348148667866)
  );
#918 = CARTESIAN_POINT('',(7.281862572902,17.590687135488,5.397259867563
    ));
#919 = CARTESIAN_POINT('',(7.28830389701,17.558480514951,5.419030951458)
  );
#920 = CARTESIAN_POINT('',(7.29520294229,17.523985288551,5.438021794778)
  );
#921 = CARTESIAN_POINT('',(7.302471692064,17.487641539682,5.454046891993
    ));
#922 = CARTESIAN_POINT('',(7.317657316133,17.411713419335,5.480078962829
    ));
#923 = CARTESIAN_POINT('',(7.325580651258,17.37209674371,5.490014224501)
  );
#924 = CARTESIAN_POINT('',(7.333698650628,17.331506746858,5.496672419386
    ));
#925 = CARTESIAN_POINT('',(7.341917162399,17.290414188007,5.5));
#926 = CARTESIAN_POINT('',(7.350142588901,17.249287055494,5.5));
#927 = ORIENTED_EDGE('',*,*,#928,.T.);
#928 = EDGE_CURVE('',#906,#929,#931,.T.);
#929 = VERTEX_POINT('',#930);
#930 = CARTESIAN_POINT('',(5.981528590111,24.092357049447,5.5));
#931 = LINE('',#932,#933);
#932 = CARTESIAN_POINT('',(8.,14.,5.5));
#933 = VECTOR('',#934,1.);
#934 = DIRECTION('',(-0.196116135138,0.980580675691,0.));
#935 = ORIENTED_EDGE('',*,*,#936,.F.);
#936 = EDGE_CURVE('',#937,#929,#939,.T.);
#937 = VERTEX_POINT('',#938);
#938 = CARTESIAN_POINT('',(6.194107943688,23.029460281561,5.05));
#939 = B_SPLINE_CURVE_WITH_KNOTS('',6,(#940,#941,#942,#943,#944,#945,
    #946,#947,#948,#949,#950,#951,#952,#953,#954,#955,#956,#957,#958,
    #959,#960,#961),.UNSPECIFIED.,.F.,.F.,(7,5,5,5,7),(0.,0.27534369129,
    0.447072688864,0.70507260187,1.),.UNSPECIFIED.);
#940 = CARTESIAN_POINT('',(6.194107943688,23.029460281561,5.05));
#941 = CARTESIAN_POINT('',(6.194107943688,23.029460281561,5.088647467332
    ));
#942 = CARTESIAN_POINT('',(6.192494562429,23.037527187855,5.127311232344
    ));
#943 = CARTESIAN_POINT('',(6.189265291501,23.053673542495,5.165138186409
    ));
#944 = CARTESIAN_POINT('',(6.184523494631,23.077382526846,5.201380053181
    ));
#945 = CARTESIAN_POINT('',(6.178424091115,23.107879544425,5.235506646995
    ));
#946 = CARTESIAN_POINT('',(6.166603323472,23.166983382642,5.286936121642
    ));
#947 = CARTESIAN_POINT('',(6.161601443074,23.191992784629,5.305745845263
    ));
#948 = CARTESIAN_POINT('',(6.156178167342,23.219109163289,5.323537425211
    ));
#949 = CARTESIAN_POINT('',(6.150373587276,23.248132063619,5.340269448374
    ));
#950 = CARTESIAN_POINT('',(6.144225591194,23.27887204403,5.35592496317)
  );
#951 = CARTESIAN_POINT('',(6.128065023691,23.359674881545,5.392408339119
    ));
#952 = CARTESIAN_POINT('',(6.117664191276,23.411679043622,5.411879865961
    ));
#953 = CARTESIAN_POINT('',(6.106676704265,23.466616478674,5.428928236481
    ));
#954 = CARTESIAN_POINT('',(6.095198022761,23.524009886194,5.44362889263)
  );
#955 = CARTESIAN_POINT('',(6.083305326069,23.583473369657,5.456095721237
    ));
#956 = CARTESIAN_POINT('',(6.057052348844,23.714738255778,5.478293145209
    ));
#957 = CARTESIAN_POINT('',(6.042585749616,23.787071251922,5.487374214853
    ));
#958 = CARTESIAN_POINT('',(6.027742154222,23.861289228891,5.493885330763
    ));
#959 = CARTESIAN_POINT('',(6.012588372844,23.93705813578,5.498026604179)
  );
#960 = CARTESIAN_POINT('',(5.997173124179,24.014134379106,5.5));
#961 = CARTESIAN_POINT('',(5.981528590111,24.092357049447,5.5));
#962 = ORIENTED_EDGE('',*,*,#963,.F.);
#963 = EDGE_CURVE('',#964,#937,#966,.T.);
#964 = VERTEX_POINT('',#965);
#965 = CARTESIAN_POINT('',(6.194107943688,23.029460281561,0.45));
#966 = LINE('',#967,#968);
#967 = CARTESIAN_POINT('',(6.194107943688,23.029460281561,0.));
#968 = VECTOR('',#969,1.);
#969 = DIRECTION('',(0.,0.,1.));
#970 = ORIENTED_EDGE('',*,*,#971,.T.);
#971 = EDGE_CURVE('',#964,#558,#972,.T.);
#972 = B_SPLINE_CURVE_WITH_KNOTS('',6,(#973,#974,#975,#976,#977,#978,
    #979,#980,#981,#982,#983,#984,#985,#986,#987,#988,#989,#990,#991,
    #992,#993,#994),.UNSPECIFIED.,.F.,.F.,(7,5,5,5,7),(0.,0.27534369129,
    0.447072688864,0.70507260187,1.),.UNSPECIFIED.);
#973 = CARTESIAN_POINT('',(6.194107943688,23.029460281561,0.45));
#974 = CARTESIAN_POINT('',(6.194107943688,23.029460281561,0.411352532668
    ));
#975 = CARTESIAN_POINT('',(6.192494562429,23.037527187855,0.372688767656
    ));
#976 = CARTESIAN_POINT('',(6.189265291501,23.053673542495,0.334861813591
    ));
#977 = CARTESIAN_POINT('',(6.184523494631,23.077382526846,0.298619946819
    ));
#978 = CARTESIAN_POINT('',(6.178424091115,23.107879544425,0.264493353005
    ));
#979 = CARTESIAN_POINT('',(6.166603323472,23.166983382642,0.213063878358
    ));
#980 = CARTESIAN_POINT('',(6.161601443074,23.191992784629,0.194254154737
    ));
#981 = CARTESIAN_POINT('',(6.156178167342,23.219109163289,0.176462574789
    ));
#982 = CARTESIAN_POINT('',(6.150373587276,23.248132063619,0.159730551626
    ));
#983 = CARTESIAN_POINT('',(6.144225591194,23.27887204403,0.14407503683)
  );
#984 = CARTESIAN_POINT('',(6.128065023691,23.359674881545,0.107591660881
    ));
#985 = CARTESIAN_POINT('',(6.117664191276,23.411679043622,
    8.812013403914E-02));
#986 = CARTESIAN_POINT('',(6.106676704265,23.466616478674,
    7.107176351855E-02));
#987 = CARTESIAN_POINT('',(6.095198022761,23.524009886194,
    5.637110737025E-02));
#988 = CARTESIAN_POINT('',(6.083305326069,23.583473369657,
    4.390427876337E-02));
#989 = CARTESIAN_POINT('',(6.057052348844,23.714738255778,
    2.170685479115E-02));
#990 = CARTESIAN_POINT('',(6.042585749616,23.787071251922,
    1.262578514718E-02));
#991 = CARTESIAN_POINT('',(6.027742154222,23.861289228891,
    6.114669237326E-03));
#992 = CARTESIAN_POINT('',(6.012588372844,23.93705813578,
    1.973395821226E-03));
#993 = CARTESIAN_POINT('',(5.997173124179,24.014134379106,0.));
#994 = CARTESIAN_POINT('',(5.981528590111,24.092357049447,0.));
#995 = PLANE('',#996);
#996 = AXIS2_PLACEMENT_3D('',#997,#998,#999);
#997 = CARTESIAN_POINT('',(8.,14.,0.));
#998 = DIRECTION('',(-0.980580675691,-0.196116135138,0.));
#999 = DIRECTION('',(-0.196116135138,0.980580675691,0.));
#1000 = ADVANCED_FACE('',(#1001),#1034,.T.);
#1001 = FACE_BOUND('',#1002,.F.);
#1002 = EDGE_LOOP('',(#1003,#1012,#1013,#1014));
#1003 = ORIENTED_EDGE('',*,*,#1004,.T.);
#1004 = EDGE_CURVE('',#1005,#857,#1007,.T.);
#1005 = VERTEX_POINT('',#1006);
#1006 = CARTESIAN_POINT('',(-10.63108901539,-15.98811891208,0.45));
#1007 = CIRCLE('',#1008,19.2);
#1008 = AXIS2_PLACEMENT_3D('',#1009,#1010,#1011);
#1009 = CARTESIAN_POINT('',(0.,0.,0.45));
#1010 = DIRECTION('',(0.,0.,1.));
#1011 = DIRECTION('',(1.,0.,0.));
#1012 = ORIENTED_EDGE('',*,*,#867,.F.);
#1013 = ORIENTED_EDGE('',*,*,#513,.F.);
#1014 = ORIENTED_EDGE('',*,*,#1015,.F.);
#1015 = EDGE_CURVE('',#1005,#514,#1016,.T.);
#1016 = B_SPLINE_CURVE_WITH_KNOTS('',6,(#1017,#1018,#1019,#1020,#1021,
    #1022,#1023,#1024,#1025,#1026,#1027,#1028,#1029,#1030,#1031,#1032,
    #1033),.UNSPECIFIED.,.F.,.F.,(7,5,5,7),(0.,0.278927787637,
    0.562764833867,1.),.UNSPECIFIED.);
#1017 = CARTESIAN_POINT('',(-10.63108901539,-15.98811891208,0.45));
#1018 = CARTESIAN_POINT('',(-10.63108901539,-15.98811891208,
    0.415867749472));
#1019 = CARTESIAN_POINT('',(-10.63240605751,-15.98351247924,
    0.381733089601));
#1020 = CARTESIAN_POINT('',(-10.63504022171,-15.9742980537,
    0.348002503706));
#1021 = CARTESIAN_POINT('',(-10.63897153381,-15.96058538194,
    0.31507118469));
#1022 = CARTESIAN_POINT('',(-10.64416245371,-15.94257720581,
    0.283302673519));
#1023 = CARTESIAN_POINT('',(-10.65707087956,-15.89813702531,
    0.222181130343));
#1024 = CARTESIAN_POINT('',(-10.66483184947,-15.87155998143,
    0.19287762726));
#1025 = CARTESIAN_POINT('',(-10.67378837252,-15.8411093194,
    0.165425855861));
#1026 = CARTESIAN_POINT('',(-10.68387265528,-15.80713990479,
    0.140088156641));
#1027 = CARTESIAN_POINT('',(-10.69500754788,-15.77004293319,
    0.117064507399));
#1028 = CARTESIAN_POINT('',(-10.72575335722,-15.66886709821,
    6.481056559085E-02));
#1029 = CARTESIAN_POINT('',(-10.74669224295,-15.60104328782,
    3.895189362717E-02));
#1030 = CARTESIAN_POINT('',(-10.76962653988,-15.52819351917,
    1.943081004861E-02));
#1031 = CARTESIAN_POINT('',(-10.79422393514,-15.45181064119,
    6.446625948478E-03));
#1032 = CARTESIAN_POINT('',(-10.82012810858,-15.37329203722,
    -3.032611517288E-08));
#1033 = CARTESIAN_POINT('',(-10.84692419329,-15.29400979288,0.));
#1034 = TOROIDAL_SURFACE('',#1035,18.75,0.45);
#1035 = AXIS2_PLACEMENT_3D('',#1036,#1037,#1038);
#1036 = CARTESIAN_POINT('',(0.,0.,0.45));
#1037 = DIRECTION('',(-0.,-0.,-1.));
#1038 = DIRECTION('',(1.,0.,0.));
#1039 = ADVANCED_FACE('',(#1040),#1060,.T.);
#1040 = FACE_BOUND('',#1041,.F.);
#1041 = EDGE_LOOP('',(#1042,#1051,#1058,#1059));
#1042 = ORIENTED_EDGE('',*,*,#1043,.T.);
#1043 = EDGE_CURVE('',#964,#1044,#1046,.T.);
#1044 = VERTEX_POINT('',#1045);
#1045 = CARTESIAN_POINT('',(6.5,25.,0.45));
#1046 = CIRCLE('',#1047,6.5);
#1047 = AXIS2_PLACEMENT_3D('',#1048,#1049,#1050);
#1048 = CARTESIAN_POINT('',(0.,25.,0.45));
#1049 = DIRECTION('',(0.,0.,1.));
#1050 = DIRECTION('',(1.,0.,0.));
#1051 = ORIENTED_EDGE('',*,*,#1052,.T.);
#1052 = EDGE_CURVE('',#1044,#549,#1053,.T.);
#1053 = CIRCLE('',#1054,0.45);
#1054 = AXIS2_PLACEMENT_3D('',#1055,#1056,#1057);
#1055 = CARTESIAN_POINT('',(6.05,25.,0.45));
#1056 = DIRECTION('',(-0.,1.,0.));
#1057 = DIRECTION('',(1.,0.,0.));
#1058 = ORIENTED_EDGE('',*,*,#557,.F.);
#1059 = ORIENTED_EDGE('',*,*,#971,.F.);
#1060 = TOROIDAL_SURFACE('',#1061,6.05,0.45);
#1061 = AXIS2_PLACEMENT_3D('',#1062,#1063,#1064);
#1062 = CARTESIAN_POINT('',(0.,25.,0.45));
#1063 = DIRECTION('',(-0.,-0.,-1.));
#1064 = DIRECTION('',(1.,0.,0.));
#1065 = ADVANCED_FACE('',(#1066),#1099,.T.);
#1066 = FACE_BOUND('',#1067,.F.);
#1067 = EDGE_LOOP('',(#1068,#1090,#1097,#1098));
#1068 = ORIENTED_EDGE('',*,*,#1069,.T.);
#1069 = EDGE_CURVE('',#523,#1070,#1072,.T.);
#1070 = VERTEX_POINT('',#1071);
#1071 = CARTESIAN_POINT('',(-16.682450177,-9.504517667492,0.45));
#1072 = B_SPLINE_CURVE_WITH_KNOTS('',6,(#1073,#1074,#1075,#1076,#1077,
    #1078,#1079,#1080,#1081,#1082,#1083,#1084,#1085,#1086,#1087,#1088,
    #1089),.UNSPECIFIED.,.F.,.F.,(7,5,5,7),(0.,0.438372923521,
    0.722175204977,1.),.UNSPECIFIED.);
#1073 = CARTESIAN_POINT('',(-16.00485727962,-9.767652914543,0.));
#1074 = CARTESIAN_POINT('',(-16.08230641563,-9.735375455019,
    -3.096417887892E-08));
#1075 = CARTESIAN_POINT('',(-16.15905149035,-9.704045309295,
    6.480223866813E-03));
#1076 = CARTESIAN_POINT('',(-16.23374179775,-9.674174840721,
    1.953229735075E-02));
#1077 = CARTESIAN_POINT('',(-16.3049970492,-9.646219157291,
    3.915535172259E-02));
#1078 = CARTESIAN_POINT('',(-16.37133878069,-9.620615947863,
    6.514745292511E-02));
#1079 = CARTESIAN_POINT('',(-16.47017194651,-9.582975100877,
    0.117606440535));
#1080 = CARTESIAN_POINT('',(-16.50635012038,-9.569337706875,
    0.140673875298));
#1081 = CARTESIAN_POINT('',(-16.53947514999,-9.556965227697,
    0.16605186675));
#1082 = CARTESIAN_POINT('',(-16.56916250578,-9.545961429568,
    0.19353974091));
#1083 = CARTESIAN_POINT('',(-16.59506348746,-9.536418196107,
    0.222874481334));
#1084 = CARTESIAN_POINT('',(-16.63826467127,-9.520570455603,
    0.283930987149));
#1085 = CARTESIAN_POINT('',(-16.65573672285,-9.514201242944,
    0.315592157654));
#1086 = CARTESIAN_POINT('',(-16.66904101808,-9.509372887976,
    0.348402693878));
#1087 = CARTESIAN_POINT('',(-16.67798096357,-9.50613601304,
    0.382003073083));
#1088 = CARTESIAN_POINT('',(-16.682450177,-9.504517667492,0.41600271865)
  );
#1089 = CARTESIAN_POINT('',(-16.682450177,-9.504517667492,0.45));
#1090 = ORIENTED_EDGE('',*,*,#1091,.T.);
#1091 = EDGE_CURVE('',#1070,#1005,#1092,.T.);
#1092 = CIRCLE('',#1093,4.8);
#1093 = AXIS2_PLACEMENT_3D('',#1094,#1095,#1096);
#1094 = CARTESIAN_POINT('',(-15.,-14.,0.45));
#1095 = DIRECTION('',(0.,0.,1.));
#1096 = DIRECTION('',(1.,0.,0.));
#1097 = ORIENTED_EDGE('',*,*,#1015,.T.);
#1098 = ORIENTED_EDGE('',*,*,#522,.F.);
#1099 = TOROIDAL_SURFACE('',#1100,4.35,0.45);
#1100 = AXIS2_PLACEMENT_3D('',#1101,#1102,#1103);
#1101 = CARTESIAN_POINT('',(-15.,-14.,0.45));
#1102 = DIRECTION('',(-0.,-0.,-1.));
#1103 = DIRECTION('',(1.,0.,0.));
#1104 = ADVANCED_FACE('',(#1105),#1143,.T.);
#1105 = FACE_BOUND('',#1106,.F.);
#1106 = EDGE_LOOP('',(#1107,#1108,#1117,#1142));
#1107 = ORIENTED_EDGE('',*,*,#1052,.F.);
#1108 = ORIENTED_EDGE('',*,*,#1109,.T.);
#1109 = EDGE_CURVE('',#1044,#1110,#1112,.T.);
#1110 = VERTEX_POINT('',#1111);
#1111 = CARTESIAN_POINT('',(-6.194107943688,23.029460281561,0.45));
#1112 = CIRCLE('',#1113,6.5);
#1113 = AXIS2_PLACEMENT_3D('',#1114,#1115,#1116);
#1114 = CARTESIAN_POINT('',(0.,25.,0.45));
#1115 = DIRECTION('',(0.,0.,1.));
#1116 = DIRECTION('',(1.,0.,0.));
#1117 = ORIENTED_EDGE('',*,*,#1118,.T.);
#1118 = EDGE_CURVE('',#1110,#541,#1119,.T.);
#1119 = B_SPLINE_CURVE_WITH_KNOTS('',6,(#1120,#1121,#1122,#1123,#1124,
    #1125,#1126,#1127,#1128,#1129,#1130,#1131,#1132,#1133,#1134,#1135,
    #1136,#1137,#1138,#1139,#1140,#1141),.UNSPECIFIED.,.F.,.F.,(7,5,5,5,
    7),(0.,0.275343691283,0.447072688856,0.705072601861,1.),
  .UNSPECIFIED.);
#1120 = CARTESIAN_POINT('',(-6.194107943688,23.029460281561,0.45));
#1121 = CARTESIAN_POINT('',(-6.194107943688,23.029460281561,
    0.411352532669));
#1122 = CARTESIAN_POINT('',(-6.192494562429,23.037527187855,
    0.372688767658));
#1123 = CARTESIAN_POINT('',(-6.189265291501,23.053673542494,
    0.334861813594));
#1124 = CARTESIAN_POINT('',(-6.184523494631,23.077382526844,
    0.298619946823));
#1125 = CARTESIAN_POINT('',(-6.178424091116,23.107879544421,
    0.26449335301));
#1126 = CARTESIAN_POINT('',(-6.166603323473,23.166983382636,
    0.213063878363));
#1127 = CARTESIAN_POINT('',(-6.161601443076,23.191992784622,
    0.194254154742));
#1128 = CARTESIAN_POINT('',(-6.156178167344,23.219109163282,
    0.176462574793));
#1129 = CARTESIAN_POINT('',(-6.150373587278,23.24813206361,
    0.159730551631));
#1130 = CARTESIAN_POINT('',(-6.144225591196,23.278872044021,
    0.144075036834));
#1131 = CARTESIAN_POINT('',(-6.128065023693,23.359674881535,
    0.107591660885));
#1132 = CARTESIAN_POINT('',(-6.117664191278,23.411679043612,
    8.812013404266E-02));
#1133 = CARTESIAN_POINT('',(-6.106676704268,23.466616478662,
    7.107176352176E-02));
#1134 = CARTESIAN_POINT('',(-6.095198022764,23.524009886182,
    5.637110737315E-02));
#1135 = CARTESIAN_POINT('',(-6.083305326071,23.583473369644,
    4.390427876592E-02));
#1136 = CARTESIAN_POINT('',(-6.057052348847,23.714738255766,
    2.170685479257E-02));
#1137 = CARTESIAN_POINT('',(-6.042585749618,23.787071251912,
    1.2625785148E-02));
#1138 = CARTESIAN_POINT('',(-6.027742154223,23.861289228884,
    6.114669237715E-03));
#1139 = CARTESIAN_POINT('',(-6.012588372845,23.937058135775,
    1.973395821351E-03));
#1140 = CARTESIAN_POINT('',(-5.997173124179,24.014134379104,0.));
#1141 = CARTESIAN_POINT('',(-5.981528590111,24.092357049447,0.));
#1142 = ORIENTED_EDGE('',*,*,#548,.F.);
#1143 = TOROIDAL_SURFACE('',#1144,6.05,0.45);
#1144 = AXIS2_PLACEMENT_3D('',#1145,#1146,#1147);
#1145 = CARTESIAN_POINT('',(0.,25.,0.45));
#1146 = DIRECTION('',(-0.,-0.,-1.));
#1147 = DIRECTION('',(1.,0.,0.));
#1148 = ADVANCED_FACE('',(#1149),#1183,.T.);
#1149 = FACE_BOUND('',#1150,.F.);
#1150 = EDGE_LOOP('',(#1151,#1152,#1175,#1182));
#1151 = ORIENTED_EDGE('',*,*,#531,.F.);
#1152 = ORIENTED_EDGE('',*,*,#1153,.F.);
#1153 = EDGE_CURVE('',#1154,#532,#1156,.T.);
#1154 = VERTEX_POINT('',#1155);
#1155 = CARTESIAN_POINT('',(-7.24377917892,17.781104105399,0.45));
#1156 = B_SPLINE_CURVE_WITH_KNOTS('',5,(#1157,#1158,#1159,#1160,#1161,
    #1162,#1163,#1164,#1165,#1166,#1167,#1168,#1169,#1170,#1171,#1172,
    #1173,#1174),.UNSPECIFIED.,.F.,.F.,(6,4,4,4,6),(0.,0.251363464221,
    0.503650548534,0.750401253558,1.),.UNSPECIFIED.);
#1157 = CARTESIAN_POINT('',(-7.24377917892,17.781104105399,0.45));
#1158 = CARTESIAN_POINT('',(-7.24377917892,17.781104105399,0.41379140521
    ));
#1159 = CARTESIAN_POINT('',(-7.244635430846,17.776822845768,
    0.37758112042));
#1160 = CARTESIAN_POINT('',(-7.246348112658,17.768259436709,
    0.341899005625));
#1161 = CARTESIAN_POINT('',(-7.248887136092,17.75556431954,
    0.307260993595));
#1162 = CARTESIAN_POINT('',(-7.255521985683,17.722390071587,
    0.240857240809));
#1163 = CARTESIAN_POINT('',(-7.259623747203,17.701881263985,
    0.20910019947));
#1164 = CARTESIAN_POINT('',(-7.26444948488,17.677752575599,
    0.179306034025));
#1165 = CARTESIAN_POINT('',(-7.26992324429,17.65038377855,0.151851332124
    ));
#1166 = CARTESIAN_POINT('',(-7.281862572905,17.590687135475,
    0.102740132428));
#1167 = CARTESIAN_POINT('',(-7.288303897012,17.558480514938,
    8.096904853388E-02));
#1168 = CARTESIAN_POINT('',(-7.295202942293,17.523985288537,
    6.197820521531E-02));
#1169 = CARTESIAN_POINT('',(-7.302471692066,17.487641539668,
    4.595310800117E-02));
#1170 = CARTESIAN_POINT('',(-7.317657316135,17.411713419323,
    1.992103716792E-02));
#1171 = CARTESIAN_POINT('',(-7.32558065126,17.372096743701,
    9.985775497289E-03));
#1172 = CARTESIAN_POINT('',(-7.33369865063,17.331506746851,
    3.327580613337E-03));
#1173 = CARTESIAN_POINT('',(-7.341917162399,17.290414188004,0.));
#1174 = CARTESIAN_POINT('',(-7.350142588901,17.249287055494,0.));
#1175 = ORIENTED_EDGE('',*,*,#1176,.T.);
#1176 = EDGE_CURVE('',#1154,#1070,#1177,.T.);
#1177 = CIRCLE('',#1178,19.2);
#1178 = AXIS2_PLACEMENT_3D('',#1179,#1180,#1181);
#1179 = CARTESIAN_POINT('',(0.,0.,0.45));
#1180 = DIRECTION('',(0.,0.,1.));
#1181 = DIRECTION('',(1.,0.,0.));
#1182 = ORIENTED_EDGE('',*,*,#1069,.F.);
#1183 = TOROIDAL_SURFACE('',#1184,18.75,0.45);
#1184 = AXIS2_PLACEMENT_3D('',#1185,#1186,#1187);
#1185 = CARTESIAN_POINT('',(0.,0.,0.45));
#1186 = DIRECTION('',(-0.,-0.,-1.));
#1187 = DIRECTION('',(1.,0.,0.));
#1188 = ADVANCED_FACE('',(#1189),#1266,.F.);
#1189 = FACE_BOUND('',#1190,.F.);
#1190 = EDGE_LOOP('',(#1191,#1192,#1193,#1201,#1228,#1236,#1259,#1265));
#1191 = ORIENTED_EDGE('',*,*,#540,.F.);
#1192 = ORIENTED_EDGE('',*,*,#1118,.F.);
#1193 = ORIENTED_EDGE('',*,*,#1194,.T.);
#1194 = EDGE_CURVE('',#1110,#1195,#1197,.T.);
#1195 = VERTEX_POINT('',#1196);
#1196 = CARTESIAN_POINT('',(-6.194107943688,23.029460281561,5.05));
#1197 = LINE('',#1198,#1199);
#1198 = CARTESIAN_POINT('',(-6.194107943688,23.029460281561,0.));
#1199 = VECTOR('',#1200,1.);
#1200 = DIRECTION('',(0.,0.,1.));
#1201 = ORIENTED_EDGE('',*,*,#1202,.T.);
#1202 = EDGE_CURVE('',#1195,#1203,#1205,.T.);
#1203 = VERTEX_POINT('',#1204);
#1204 = CARTESIAN_POINT('',(-5.981528590111,24.092357049447,5.5));
#1205 = B_SPLINE_CURVE_WITH_KNOTS('',6,(#1206,#1207,#1208,#1209,#1210,
    #1211,#1212,#1213,#1214,#1215,#1216,#1217,#1218,#1219,#1220,#1221,
    #1222,#1223,#1224,#1225,#1226,#1227),.UNSPECIFIED.,.F.,.F.,(7,5,5,5,
    7),(0.,0.275343691283,0.447072688856,0.705072601861,1.),
  .UNSPECIFIED.);
#1206 = CARTESIAN_POINT('',(-6.194107943688,23.029460281561,5.05));
#1207 = CARTESIAN_POINT('',(-6.194107943688,23.029460281561,
    5.088647467331));
#1208 = CARTESIAN_POINT('',(-6.192494562429,23.037527187855,
    5.127311232342));
#1209 = CARTESIAN_POINT('',(-6.189265291501,23.053673542494,
    5.165138186406));
#1210 = CARTESIAN_POINT('',(-6.184523494631,23.077382526844,
    5.201380053177));
#1211 = CARTESIAN_POINT('',(-6.178424091116,23.107879544421,
    5.23550664699));
#1212 = CARTESIAN_POINT('',(-6.166603323473,23.166983382636,
    5.286936121637));
#1213 = CARTESIAN_POINT('',(-6.161601443076,23.191992784622,
    5.305745845258));
#1214 = CARTESIAN_POINT('',(-6.156178167344,23.219109163282,
    5.323537425207));
#1215 = CARTESIAN_POINT('',(-6.150373587278,23.24813206361,
    5.340269448369));
#1216 = CARTESIAN_POINT('',(-6.144225591196,23.278872044021,
    5.355924963166));
#1217 = CARTESIAN_POINT('',(-6.128065023693,23.359674881535,
    5.392408339115));
#1218 = CARTESIAN_POINT('',(-6.117664191278,23.411679043612,
    5.411879865957));
#1219 = CARTESIAN_POINT('',(-6.106676704268,23.466616478662,
    5.428928236478));
#1220 = CARTESIAN_POINT('',(-6.095198022764,23.524009886182,
    5.443628892627));
#1221 = CARTESIAN_POINT('',(-6.083305326071,23.583473369644,
    5.456095721234));
#1222 = CARTESIAN_POINT('',(-6.057052348847,23.714738255766,
    5.478293145207));
#1223 = CARTESIAN_POINT('',(-6.042585749618,23.787071251912,
    5.487374214852));
#1224 = CARTESIAN_POINT('',(-6.027742154223,23.861289228884,
    5.493885330762));
#1225 = CARTESIAN_POINT('',(-6.012588372845,23.937058135775,
    5.498026604179));
#1226 = CARTESIAN_POINT('',(-5.997173124179,24.014134379104,5.5));
#1227 = CARTESIAN_POINT('',(-5.981528590111,24.092357049447,5.5));
#1228 = ORIENTED_EDGE('',*,*,#1229,.T.);
#1229 = EDGE_CURVE('',#1203,#1230,#1232,.T.);
#1230 = VERTEX_POINT('',#1231);
#1231 = CARTESIAN_POINT('',(-7.350142588901,17.249287055493,5.5));
#1232 = LINE('',#1233,#1234);
#1233 = CARTESIAN_POINT('',(-5.8,25.,5.5));
#1234 = VECTOR('',#1235,1.);
#1235 = DIRECTION('',(-0.196116135138,-0.980580675691,0.));
#1236 = ORIENTED_EDGE('',*,*,#1237,.F.);
#1237 = EDGE_CURVE('',#1238,#1230,#1240,.T.);
#1238 = VERTEX_POINT('',#1239);
#1239 = CARTESIAN_POINT('',(-7.24377917892,17.781104105399,5.05));
#1240 = B_SPLINE_CURVE_WITH_KNOTS('',5,(#1241,#1242,#1243,#1244,#1245,
    #1246,#1247,#1248,#1249,#1250,#1251,#1252,#1253,#1254,#1255,#1256,
    #1257,#1258),.UNSPECIFIED.,.F.,.F.,(6,4,4,4,6),(0.,0.251363464221,
    0.503650548534,0.750401253558,1.),.UNSPECIFIED.);
#1241 = CARTESIAN_POINT('',(-7.24377917892,17.781104105399,5.05));
#1242 = CARTESIAN_POINT('',(-7.24377917892,17.781104105399,5.08620859479
    ));
#1243 = CARTESIAN_POINT('',(-7.244635430846,17.776822845768,
    5.12241887958));
#1244 = CARTESIAN_POINT('',(-7.246348112658,17.768259436709,
    5.158100994375));
#1245 = CARTESIAN_POINT('',(-7.248887136092,17.75556431954,
    5.192739006405));
#1246 = CARTESIAN_POINT('',(-7.255521985683,17.722390071587,
    5.259142759191));
#1247 = CARTESIAN_POINT('',(-7.259623747203,17.701881263985,
    5.29089980053));
#1248 = CARTESIAN_POINT('',(-7.26444948488,17.677752575599,
    5.320693965975));
#1249 = CARTESIAN_POINT('',(-7.26992324429,17.65038377855,5.348148667876
    ));
#1250 = CARTESIAN_POINT('',(-7.281862572905,17.590687135475,
    5.397259867572));
#1251 = CARTESIAN_POINT('',(-7.288303897012,17.558480514938,
    5.419030951466));
#1252 = CARTESIAN_POINT('',(-7.295202942293,17.523985288537,
    5.438021794785));
#1253 = CARTESIAN_POINT('',(-7.302471692066,17.487641539668,
    5.454046891999));
#1254 = CARTESIAN_POINT('',(-7.317657316135,17.411713419323,
    5.480078962832));
#1255 = CARTESIAN_POINT('',(-7.32558065126,17.372096743701,
    5.490014224503));
#1256 = CARTESIAN_POINT('',(-7.33369865063,17.331506746851,
    5.496672419387));
#1257 = CARTESIAN_POINT('',(-7.341917162399,17.290414188004,5.5));
#1258 = CARTESIAN_POINT('',(-7.350142588901,17.249287055494,5.5));
#1259 = ORIENTED_EDGE('',*,*,#1260,.F.);
#1260 = EDGE_CURVE('',#1154,#1238,#1261,.T.);
#1261 = LINE('',#1262,#1263);
#1262 = CARTESIAN_POINT('',(-7.24377917892,17.781104105399,0.));
#1263 = VECTOR('',#1264,1.);
#1264 = DIRECTION('',(0.,0.,1.));
#1265 = ORIENTED_EDGE('',*,*,#1153,.T.);
#1266 = PLANE('',#1267);
#1267 = AXIS2_PLACEMENT_3D('',#1268,#1269,#1270);
#1268 = CARTESIAN_POINT('',(-5.8,25.,0.));
#1269 = DIRECTION('',(0.980580675691,-0.196116135138,0.));
#1270 = DIRECTION('',(-0.196116135138,-0.980580675691,0.));
#1271 = ADVANCED_FACE('',(#1272),#1297,.T.);
#1272 = FACE_BOUND('',#1273,.T.);
#1273 = EDGE_LOOP('',(#1274,#1275,#1283,#1291));
#1274 = ORIENTED_EDGE('',*,*,#583,.F.);
#1275 = ORIENTED_EDGE('',*,*,#1276,.T.);
#1276 = EDGE_CURVE('',#584,#1277,#1279,.T.);
#1277 = VERTEX_POINT('',#1278);
#1278 = CARTESIAN_POINT('',(17.9,-15.67431578065,4.));
#1279 = LINE('',#1280,#1281);
#1280 = CARTESIAN_POINT('',(17.9,-15.67431578065,-0.1));
#1281 = VECTOR('',#1282,1.);
#1282 = DIRECTION('',(0.,0.,1.));
#1283 = ORIENTED_EDGE('',*,*,#1284,.T.);
#1284 = EDGE_CURVE('',#1277,#1285,#1287,.T.);
#1285 = VERTEX_POINT('',#1286);
#1286 = CARTESIAN_POINT('',(17.9,-12.32568421935,4.));
#1287 = LINE('',#1288,#1289);
#1288 = CARTESIAN_POINT('',(17.9,-15.67431578065,4.));
#1289 = VECTOR('',#1290,1.);
#1290 = DIRECTION('',(0.,1.,0.));
#1291 = ORIENTED_EDGE('',*,*,#1292,.F.);
#1292 = EDGE_CURVE('',#586,#1285,#1293,.T.);
#1293 = LINE('',#1294,#1295);
#1294 = CARTESIAN_POINT('',(17.9,-12.32568421935,-0.1));
#1295 = VECTOR('',#1296,1.);
#1296 = DIRECTION('',(0.,0.,1.));
#1297 = PLANE('',#1298);
#1298 = AXIS2_PLACEMENT_3D('',#1299,#1300,#1301);
#1299 = CARTESIAN_POINT('',(17.9,-15.67431578065,-0.1));
#1300 = DIRECTION('',(-1.,0.,0.));
#1301 = DIRECTION('',(0.,1.,0.));
#1302 = ADVANCED_FACE('',(#1303),#1321,.T.);
#1303 = FACE_BOUND('',#1304,.T.);
#1304 = EDGE_LOOP('',(#1305,#1306,#1314,#1320));
#1305 = ORIENTED_EDGE('',*,*,#625,.F.);
#1306 = ORIENTED_EDGE('',*,*,#1307,.T.);
#1307 = EDGE_CURVE('',#618,#1308,#1310,.T.);
#1308 = VERTEX_POINT('',#1309);
#1309 = CARTESIAN_POINT('',(15.,-17.3486315613,4.));
#1310 = LINE('',#1311,#1312);
#1311 = CARTESIAN_POINT('',(15.,-17.3486315613,-0.1));
#1312 = VECTOR('',#1313,1.);
#1313 = DIRECTION('',(0.,0.,1.));
#1314 = ORIENTED_EDGE('',*,*,#1315,.T.);
#1315 = EDGE_CURVE('',#1308,#1277,#1316,.T.);
#1316 = LINE('',#1317,#1318);
#1317 = CARTESIAN_POINT('',(15.,-17.3486315613,4.));
#1318 = VECTOR('',#1319,1.);
#1319 = DIRECTION('',(0.866025403784,0.5,0.));
#1320 = ORIENTED_EDGE('',*,*,#1276,.F.);
#1321 = PLANE('',#1322);
#1322 = AXIS2_PLACEMENT_3D('',#1323,#1324,#1325);
#1323 = CARTESIAN_POINT('',(15.,-17.3486315613,-0.1));
#1324 = DIRECTION('',(-0.5,0.866025403784,0.));
#1325 = DIRECTION('',(0.866025403784,0.5,0.));
#1326 = ADVANCED_FACE('',(#1327),#1345,.T.);
#1327 = FACE_BOUND('',#1328,.T.);
#1328 = EDGE_LOOP('',(#1329,#1330,#1331,#1339));
#1329 = ORIENTED_EDGE('',*,*,#593,.F.);
#1330 = ORIENTED_EDGE('',*,*,#1292,.T.);
#1331 = ORIENTED_EDGE('',*,*,#1332,.T.);
#1332 = EDGE_CURVE('',#1285,#1333,#1335,.T.);
#1333 = VERTEX_POINT('',#1334);
#1334 = CARTESIAN_POINT('',(15.,-10.6513684387,4.));
#1335 = LINE('',#1336,#1337);
#1336 = CARTESIAN_POINT('',(17.9,-12.32568421935,4.));
#1337 = VECTOR('',#1338,1.);
#1338 = DIRECTION('',(-0.866025403784,0.5,0.));
#1339 = ORIENTED_EDGE('',*,*,#1340,.F.);
#1340 = EDGE_CURVE('',#594,#1333,#1341,.T.);
#1341 = LINE('',#1342,#1343);
#1342 = CARTESIAN_POINT('',(15.,-10.6513684387,-0.1));
#1343 = VECTOR('',#1344,1.);
#1344 = DIRECTION('',(0.,0.,1.));
#1345 = PLANE('',#1346);
#1346 = AXIS2_PLACEMENT_3D('',#1347,#1348,#1349);
#1347 = CARTESIAN_POINT('',(17.9,-12.32568421935,-0.1));
#1348 = DIRECTION('',(-0.5,-0.866025403784,0.));
#1349 = DIRECTION('',(-0.866025403784,0.5,0.));
#1350 = ADVANCED_FACE('',(#1351),#1369,.T.);
#1351 = FACE_BOUND('',#1352,.T.);
#1352 = EDGE_LOOP('',(#1353,#1354,#1362,#1368));
#1353 = ORIENTED_EDGE('',*,*,#617,.F.);
#1354 = ORIENTED_EDGE('',*,*,#1355,.T.);
#1355 = EDGE_CURVE('',#610,#1356,#1358,.T.);
#1356 = VERTEX_POINT('',#1357);
#1357 = CARTESIAN_POINT('',(12.1,-15.67431578065,4.));
#1358 = LINE('',#1359,#1360);
#1359 = CARTESIAN_POINT('',(12.1,-15.67431578065,-0.1));
#1360 = VECTOR('',#1361,1.);
#1361 = DIRECTION('',(0.,0.,1.));
#1362 = ORIENTED_EDGE('',*,*,#1363,.T.);
#1363 = EDGE_CURVE('',#1356,#1308,#1364,.T.);
#1364 = LINE('',#1365,#1366);
#1365 = CARTESIAN_POINT('',(12.1,-15.67431578065,4.));
#1366 = VECTOR('',#1367,1.);
#1367 = DIRECTION('',(0.866025403784,-0.5,0.));
#1368 = ORIENTED_EDGE('',*,*,#1307,.F.);
#1369 = PLANE('',#1370);
#1370 = AXIS2_PLACEMENT_3D('',#1371,#1372,#1373);
#1371 = CARTESIAN_POINT('',(12.1,-15.67431578065,-0.1));
#1372 = DIRECTION('',(0.5,0.866025403784,0.));
#1373 = DIRECTION('',(0.866025403784,-0.5,0.));
#1374 = ADVANCED_FACE('',(#1375),#1393,.T.);
#1375 = FACE_BOUND('',#1376,.T.);
#1376 = EDGE_LOOP('',(#1377,#1378,#1379,#1387));
#1377 = ORIENTED_EDGE('',*,*,#601,.F.);
#1378 = ORIENTED_EDGE('',*,*,#1340,.T.);
#1379 = ORIENTED_EDGE('',*,*,#1380,.T.);
#1380 = EDGE_CURVE('',#1333,#1381,#1383,.T.);
#1381 = VERTEX_POINT('',#1382);
#1382 = CARTESIAN_POINT('',(12.1,-12.32568421935,4.));
#1383 = LINE('',#1384,#1385);
#1384 = CARTESIAN_POINT('',(15.,-10.6513684387,4.));
#1385 = VECTOR('',#1386,1.);
#1386 = DIRECTION('',(-0.866025403784,-0.5,0.));
#1387 = ORIENTED_EDGE('',*,*,#1388,.F.);
#1388 = EDGE_CURVE('',#602,#1381,#1389,.T.);
#1389 = LINE('',#1390,#1391);
#1390 = CARTESIAN_POINT('',(12.1,-12.32568421935,-0.1));
#1391 = VECTOR('',#1392,1.);
#1392 = DIRECTION('',(0.,0.,1.));
#1393 = PLANE('',#1394);
#1394 = AXIS2_PLACEMENT_3D('',#1395,#1396,#1397);
#1395 = CARTESIAN_POINT('',(15.,-10.6513684387,-0.1));
#1396 = DIRECTION('',(0.5,-0.866025403784,0.));
#1397 = DIRECTION('',(-0.866025403784,-0.5,0.));
#1398 = ADVANCED_FACE('',(#1399),#1410,.T.);
#1399 = FACE_BOUND('',#1400,.T.);
#1400 = EDGE_LOOP('',(#1401,#1402,#1403,#1409));
#1401 = ORIENTED_EDGE('',*,*,#609,.F.);
#1402 = ORIENTED_EDGE('',*,*,#1388,.T.);
#1403 = ORIENTED_EDGE('',*,*,#1404,.T.);
#1404 = EDGE_CURVE('',#1381,#1356,#1405,.T.);
#1405 = LINE('',#1406,#1407);
#1406 = CARTESIAN_POINT('',(12.1,-12.32568421935,4.));
#1407 = VECTOR('',#1408,1.);
#1408 = DIRECTION('',(0.,-1.,0.));
#1409 = ORIENTED_EDGE('',*,*,#1355,.F.);
#1410 = PLANE('',#1411);
#1411 = AXIS2_PLACEMENT_3D('',#1412,#1413,#1414);
#1412 = CARTESIAN_POINT('',(12.1,-12.32568421935,-0.1));
#1413 = DIRECTION('',(1.,0.,0.));
#1414 = DIRECTION('',(0.,-1.,0.));
#1415 = ADVANCED_FACE('',(#1416),#1441,.T.);
#1416 = FACE_BOUND('',#1417,.T.);
#1417 = EDGE_LOOP('',(#1418,#1419,#1427,#1435));
#1418 = ORIENTED_EDGE('',*,*,#645,.F.);
#1419 = ORIENTED_EDGE('',*,*,#1420,.T.);
#1420 = EDGE_CURVE('',#646,#1421,#1423,.T.);
#1421 = VERTEX_POINT('',#1422);
#1422 = CARTESIAN_POINT('',(-12.1,-15.67431578065,4.));
#1423 = LINE('',#1424,#1425);
#1424 = CARTESIAN_POINT('',(-12.1,-15.67431578065,-0.1));
#1425 = VECTOR('',#1426,1.);
#1426 = DIRECTION('',(0.,0.,1.));
#1427 = ORIENTED_EDGE('',*,*,#1428,.T.);
#1428 = EDGE_CURVE('',#1421,#1429,#1431,.T.);
#1429 = VERTEX_POINT('',#1430);
#1430 = CARTESIAN_POINT('',(-12.1,-12.32568421935,4.));
#1431 = LINE('',#1432,#1433);
#1432 = CARTESIAN_POINT('',(-12.1,-15.67431578065,4.));
#1433 = VECTOR('',#1434,1.);
#1434 = DIRECTION('',(5.304724652093E-16,1.,0.));
#1435 = ORIENTED_EDGE('',*,*,#1436,.F.);
#1436 = EDGE_CURVE('',#648,#1429,#1437,.T.);
#1437 = LINE('',#1438,#1439);
#1438 = CARTESIAN_POINT('',(-12.1,-12.32568421935,-0.1));
#1439 = VECTOR('',#1440,1.);
#1440 = DIRECTION('',(0.,0.,1.));
#1441 = PLANE('',#1442);
#1442 = AXIS2_PLACEMENT_3D('',#1443,#1444,#1445);
#1443 = CARTESIAN_POINT('',(-12.1,-15.67431578065,-0.1));
#1444 = DIRECTION('',(-1.,5.304724652093E-16,0.));
#1445 = DIRECTION('',(5.304724652093E-16,1.,0.));
#1446 = ADVANCED_FACE('',(#1447),#1465,.T.);
#1447 = FACE_BOUND('',#1448,.T.);
#1448 = EDGE_LOOP('',(#1449,#1450,#1458,#1464));
#1449 = ORIENTED_EDGE('',*,*,#687,.F.);
#1450 = ORIENTED_EDGE('',*,*,#1451,.T.);
#1451 = EDGE_CURVE('',#680,#1452,#1454,.T.);
#1452 = VERTEX_POINT('',#1453);
#1453 = CARTESIAN_POINT('',(-15.,-17.3486315613,4.));
#1454 = LINE('',#1455,#1456);
#1455 = CARTESIAN_POINT('',(-15.,-17.3486315613,-0.1));
#1456 = VECTOR('',#1457,1.);
#1457 = DIRECTION('',(0.,0.,1.));
#1458 = ORIENTED_EDGE('',*,*,#1459,.T.);
#1459 = EDGE_CURVE('',#1452,#1421,#1460,.T.);
#1460 = LINE('',#1461,#1462);
#1461 = CARTESIAN_POINT('',(-15.,-17.3486315613,4.));
#1462 = VECTOR('',#1463,1.);
#1463 = DIRECTION('',(0.866025403784,0.5,0.));
#1464 = ORIENTED_EDGE('',*,*,#1420,.F.);
#1465 = PLANE('',#1466);
#1466 = AXIS2_PLACEMENT_3D('',#1467,#1468,#1469);
#1467 = CARTESIAN_POINT('',(-15.,-17.3486315613,-0.1));
#1468 = DIRECTION('',(-0.5,0.866025403784,0.));
#1469 = DIRECTION('',(0.866025403784,0.5,0.));
#1470 = ADVANCED_FACE('',(#1471),#1489,.T.);
#1471 = FACE_BOUND('',#1472,.T.);
#1472 = EDGE_LOOP('',(#1473,#1474,#1475,#1483));
#1473 = ORIENTED_EDGE('',*,*,#655,.F.);
#1474 = ORIENTED_EDGE('',*,*,#1436,.T.);
#1475 = ORIENTED_EDGE('',*,*,#1476,.T.);
#1476 = EDGE_CURVE('',#1429,#1477,#1479,.T.);
#1477 = VERTEX_POINT('',#1478);
#1478 = CARTESIAN_POINT('',(-15.,-10.6513684387,4.));
#1479 = LINE('',#1480,#1481);
#1480 = CARTESIAN_POINT('',(-12.1,-12.32568421935,4.));
#1481 = VECTOR('',#1482,1.);
#1482 = DIRECTION('',(-0.866025403784,0.5,0.));
#1483 = ORIENTED_EDGE('',*,*,#1484,.F.);
#1484 = EDGE_CURVE('',#656,#1477,#1485,.T.);
#1485 = LINE('',#1486,#1487);
#1486 = CARTESIAN_POINT('',(-15.,-10.6513684387,-0.1));
#1487 = VECTOR('',#1488,1.);
#1488 = DIRECTION('',(0.,0.,1.));
#1489 = PLANE('',#1490);
#1490 = AXIS2_PLACEMENT_3D('',#1491,#1492,#1493);
#1491 = CARTESIAN_POINT('',(-12.1,-12.32568421935,-0.1));
#1492 = DIRECTION('',(-0.5,-0.866025403784,0.));
#1493 = DIRECTION('',(-0.866025403784,0.5,0.));
#1494 = ADVANCED_FACE('',(#1495),#1513,.T.);
#1495 = FACE_BOUND('',#1496,.T.);
#1496 = EDGE_LOOP('',(#1497,#1498,#1506,#1512));
#1497 = ORIENTED_EDGE('',*,*,#679,.F.);
#1498 = ORIENTED_EDGE('',*,*,#1499,.T.);
#1499 = EDGE_CURVE('',#672,#1500,#1502,.T.);
#1500 = VERTEX_POINT('',#1501);
#1501 = CARTESIAN_POINT('',(-17.9,-15.67431578065,4.));
#1502 = LINE('',#1503,#1504);
#1503 = CARTESIAN_POINT('',(-17.9,-15.67431578065,-0.1));
#1504 = VECTOR('',#1505,1.);
#1505 = DIRECTION('',(0.,0.,1.));
#1506 = ORIENTED_EDGE('',*,*,#1507,.T.);
#1507 = EDGE_CURVE('',#1500,#1452,#1508,.T.);
#1508 = LINE('',#1509,#1510);
#1509 = CARTESIAN_POINT('',(-17.9,-15.67431578065,4.));
#1510 = VECTOR('',#1511,1.);
#1511 = DIRECTION('',(0.866025403784,-0.5,0.));
#1512 = ORIENTED_EDGE('',*,*,#1451,.F.);
#1513 = PLANE('',#1514);
#1514 = AXIS2_PLACEMENT_3D('',#1515,#1516,#1517);
#1515 = CARTESIAN_POINT('',(-17.9,-15.67431578065,-0.1));
#1516 = DIRECTION('',(0.5,0.866025403784,0.));
#1517 = DIRECTION('',(0.866025403784,-0.5,0.));
#1518 = ADVANCED_FACE('',(#1519),#1537,.T.);
#1519 = FACE_BOUND('',#1520,.T.);
#1520 = EDGE_LOOP('',(#1521,#1522,#1523,#1531));
#1521 = ORIENTED_EDGE('',*,*,#663,.F.);
#1522 = ORIENTED_EDGE('',*,*,#1484,.T.);
#1523 = ORIENTED_EDGE('',*,*,#1524,.T.);
#1524 = EDGE_CURVE('',#1477,#1525,#1527,.T.);
#1525 = VERTEX_POINT('',#1526);
#1526 = CARTESIAN_POINT('',(-17.9,-12.32568421935,4.));
#1527 = LINE('',#1528,#1529);
#1528 = CARTESIAN_POINT('',(-15.,-10.6513684387,4.));
#1529 = VECTOR('',#1530,1.);
#1530 = DIRECTION('',(-0.866025403784,-0.5,0.));
#1531 = ORIENTED_EDGE('',*,*,#1532,.F.);
#1532 = EDGE_CURVE('',#664,#1525,#1533,.T.);
#1533 = LINE('',#1534,#1535);
#1534 = CARTESIAN_POINT('',(-17.9,-12.32568421935,-0.1));
#1535 = VECTOR('',#1536,1.);
#1536 = DIRECTION('',(0.,0.,1.));
#1537 = PLANE('',#1538);
#1538 = AXIS2_PLACEMENT_3D('',#1539,#1540,#1541);
#1539 = CARTESIAN_POINT('',(-15.,-10.6513684387,-0.1));
#1540 = DIRECTION('',(0.5,-0.866025403784,0.));
#1541 = DIRECTION('',(-0.866025403784,-0.5,0.));
#1542 = ADVANCED_FACE('',(#1543),#1554,.T.);
#1543 = FACE_BOUND('',#1544,.T.);
#1544 = EDGE_LOOP('',(#1545,#1546,#1547,#1553));
#1545 = ORIENTED_EDGE('',*,*,#671,.F.);
#1546 = ORIENTED_EDGE('',*,*,#1532,.T.);
#1547 = ORIENTED_EDGE('',*,*,#1548,.T.);
#1548 = EDGE_CURVE('',#1525,#1500,#1549,.T.);
#1549 = LINE('',#1550,#1551);
#1550 = CARTESIAN_POINT('',(-17.9,-12.32568421935,4.));
#1551 = VECTOR('',#1552,1.);
#1552 = DIRECTION('',(0.,-1.,0.));
#1553 = ORIENTED_EDGE('',*,*,#1499,.F.);
#1554 = PLANE('',#1555);
#1555 = AXIS2_PLACEMENT_3D('',#1556,#1557,#1558);
#1556 = CARTESIAN_POINT('',(-17.9,-12.32568421935,-0.1));
#1557 = DIRECTION('',(1.,0.,0.));
#1558 = DIRECTION('',(0.,-1.,0.));
#1559 = ADVANCED_FACE('',(#1560),#1579,.F.);
#1560 = FACE_BOUND('',#1561,.F.);
#1561 = EDGE_LOOP('',(#1562,#1571,#1577,#1578));
#1562 = ORIENTED_EDGE('',*,*,#1563,.F.);
#1563 = EDGE_CURVE('',#1564,#1564,#1566,.T.);
#1564 = VERTEX_POINT('',#1565);
#1565 = CARTESIAN_POINT('',(3.25,25.,5.5));
#1566 = CIRCLE('',#1567,3.25);
#1567 = AXIS2_PLACEMENT_3D('',#1568,#1569,#1570);
#1568 = CARTESIAN_POINT('',(0.,25.,5.5));
#1569 = DIRECTION('',(0.,0.,1.));
#1570 = DIRECTION('',(1.,0.,0.));
#1571 = ORIENTED_EDGE('',*,*,#1572,.F.);
#1572 = EDGE_CURVE('',#702,#1564,#1573,.T.);
#1573 = LINE('',#1574,#1575);
#1574 = CARTESIAN_POINT('',(3.25,25.,-0.1));
#1575 = VECTOR('',#1576,1.);
#1576 = DIRECTION('',(0.,0.,1.));
#1577 = ORIENTED_EDGE('',*,*,#701,.T.);
#1578 = ORIENTED_EDGE('',*,*,#1572,.T.);
#1579 = CYLINDRICAL_SURFACE('',#1580,3.25);
#1580 = AXIS2_PLACEMENT_3D('',#1581,#1582,#1583);
#1581 = CARTESIAN_POINT('',(0.,25.,-0.1));
#1582 = DIRECTION('',(0.,0.,1.));
#1583 = DIRECTION('',(1.,0.,0.));
#1584 = ADVANCED_FACE('',(#1585,#1666,#1677,#1688,#1691),#1694,.T.);
#1585 = FACE_BOUND('',#1586,.T.);
#1586 = EDGE_LOOP('',(#1587,#1598,#1605,#1606,#1615,#1622,#1623,#1632,
    #1641,#1650,#1659));
#1587 = ORIENTED_EDGE('',*,*,#1588,.T.);
#1588 = EDGE_CURVE('',#1589,#1591,#1593,.T.);
#1589 = VERTEX_POINT('',#1590);
#1590 = CARTESIAN_POINT('',(16.004857279357,-9.767652914974,5.5));
#1591 = VERTEX_POINT('',#1592);
#1592 = CARTESIAN_POINT('',(18.75,0.,5.5));
#1593 = CIRCLE('',#1594,18.75);
#1594 = AXIS2_PLACEMENT_3D('',#1595,#1596,#1597);
#1595 = CARTESIAN_POINT('',(0.,0.,5.5));
#1596 = DIRECTION('',(0.,0.,1.));
#1597 = DIRECTION('',(1.,0.,0.));
#1598 = ORIENTED_EDGE('',*,*,#1599,.T.);
#1599 = EDGE_CURVE('',#1591,#906,#1600,.T.);
#1600 = CIRCLE('',#1601,18.75);
#1601 = AXIS2_PLACEMENT_3D('',#1602,#1603,#1604);
#1602 = CARTESIAN_POINT('',(0.,0.,5.5));
#1603 = DIRECTION('',(0.,0.,1.));
#1604 = DIRECTION('',(1.,0.,0.));
#1605 = ORIENTED_EDGE('',*,*,#928,.T.);
#1606 = ORIENTED_EDGE('',*,*,#1607,.T.);
#1607 = EDGE_CURVE('',#929,#1608,#1610,.T.);
#1608 = VERTEX_POINT('',#1609);
#1609 = CARTESIAN_POINT('',(6.05,25.,5.5));
#1610 = CIRCLE('',#1611,6.05);
#1611 = AXIS2_PLACEMENT_3D('',#1612,#1613,#1614);
#1612 = CARTESIAN_POINT('',(0.,25.,5.5));
#1613 = DIRECTION('',(0.,0.,1.));
#1614 = DIRECTION('',(1.,0.,0.));
#1615 = ORIENTED_EDGE('',*,*,#1616,.T.);
#1616 = EDGE_CURVE('',#1608,#1203,#1617,.T.);
#1617 = CIRCLE('',#1618,6.05);
#1618 = AXIS2_PLACEMENT_3D('',#1619,#1620,#1621);
#1619 = CARTESIAN_POINT('',(0.,25.,5.5));
#1620 = DIRECTION('',(0.,0.,1.));
#1621 = DIRECTION('',(1.,0.,0.));
#1622 = ORIENTED_EDGE('',*,*,#1229,.T.);
#1623 = ORIENTED_EDGE('',*,*,#1624,.T.);
#1624 = EDGE_CURVE('',#1230,#1625,#1627,.T.);
#1625 = VERTEX_POINT('',#1626);
#1626 = CARTESIAN_POINT('',(-16.00485727935,-9.767652914975,5.5));
#1627 = CIRCLE('',#1628,18.75);
#1628 = AXIS2_PLACEMENT_3D('',#1629,#1630,#1631);
#1629 = CARTESIAN_POINT('',(0.,0.,5.5));
#1630 = DIRECTION('',(0.,0.,1.));
#1631 = DIRECTION('',(1.,0.,0.));
#1632 = ORIENTED_EDGE('',*,*,#1633,.T.);
#1633 = EDGE_CURVE('',#1625,#1634,#1636,.T.);
#1634 = VERTEX_POINT('',#1635);
#1635 = CARTESIAN_POINT('',(-10.84692419332,-15.29400979286,5.5));
#1636 = CIRCLE('',#1637,4.35);
#1637 = AXIS2_PLACEMENT_3D('',#1638,#1639,#1640);
#1638 = CARTESIAN_POINT('',(-15.,-14.,5.5));
#1639 = DIRECTION('',(0.,0.,1.));
#1640 = DIRECTION('',(1.,0.,0.));
#1641 = ORIENTED_EDGE('',*,*,#1642,.T.);
#1642 = EDGE_CURVE('',#1634,#1643,#1645,.T.);
#1643 = VERTEX_POINT('',#1644);
#1644 = CARTESIAN_POINT('',(10.846924193327,-15.29400979286,5.5));
#1645 = CIRCLE('',#1646,18.75);
#1646 = AXIS2_PLACEMENT_3D('',#1647,#1648,#1649);
#1647 = CARTESIAN_POINT('',(0.,0.,5.5));
#1648 = DIRECTION('',(0.,0.,1.));
#1649 = DIRECTION('',(1.,0.,0.));
#1650 = ORIENTED_EDGE('',*,*,#1651,.T.);
#1651 = EDGE_CURVE('',#1643,#1652,#1654,.T.);
#1652 = VERTEX_POINT('',#1653);
#1653 = CARTESIAN_POINT('',(19.35,-14.,5.5));
#1654 = CIRCLE('',#1655,4.35);
#1655 = AXIS2_PLACEMENT_3D('',#1656,#1657,#1658);
#1656 = CARTESIAN_POINT('',(15.,-14.,5.5));
#1657 = DIRECTION('',(0.,0.,1.));
#1658 = DIRECTION('',(1.,0.,0.));
#1659 = ORIENTED_EDGE('',*,*,#1660,.T.);
#1660 = EDGE_CURVE('',#1652,#1589,#1661,.T.);
#1661 = CIRCLE('',#1662,4.35);
#1662 = AXIS2_PLACEMENT_3D('',#1663,#1664,#1665);
#1663 = CARTESIAN_POINT('',(15.,-14.,5.5));
#1664 = DIRECTION('',(0.,0.,1.));
#1665 = DIRECTION('',(1.,0.,0.));
#1666 = FACE_BOUND('',#1667,.T.);
#1667 = EDGE_LOOP('',(#1668));
#1668 = ORIENTED_EDGE('',*,*,#1669,.F.);
#1669 = EDGE_CURVE('',#1670,#1670,#1672,.T.);
#1670 = VERTEX_POINT('',#1671);
#1671 = CARTESIAN_POINT('',(-13.3,-14.,5.5));
#1672 = CIRCLE('',#1673,1.7);
#1673 = AXIS2_PLACEMENT_3D('',#1674,#1675,#1676);
#1674 = CARTESIAN_POINT('',(-15.,-14.,5.5));
#1675 = DIRECTION('',(0.,0.,1.));
#1676 = DIRECTION('',(1.,0.,0.));
#1677 = FACE_BOUND('',#1678,.T.);
#1678 = EDGE_LOOP('',(#1679));
#1679 = ORIENTED_EDGE('',*,*,#1680,.F.);
#1680 = EDGE_CURVE('',#1681,#1681,#1683,.T.);
#1681 = VERTEX_POINT('',#1682);
#1682 = CARTESIAN_POINT('',(16.7,-14.,5.5));
#1683 = CIRCLE('',#1684,1.7);
#1684 = AXIS2_PLACEMENT_3D('',#1685,#1686,#1687);
#1685 = CARTESIAN_POINT('',(15.,-14.,5.5));
#1686 = DIRECTION('',(0.,0.,1.));
#1687 = DIRECTION('',(1.,0.,0.));
#1688 = FACE_BOUND('',#1689,.T.);
#1689 = EDGE_LOOP('',(#1690));
#1690 = ORIENTED_EDGE('',*,*,#727,.F.);
#1691 = FACE_BOUND('',#1692,.T.);
#1692 = EDGE_LOOP('',(#1693));
#1693 = ORIENTED_EDGE('',*,*,#1563,.F.);
#1694 = PLANE('',#1695);
#1695 = AXIS2_PLACEMENT_3D('',#1696,#1697,#1698);
#1696 = CARTESIAN_POINT('',(0.212724845925,1.578919062313,5.5));
#1697 = DIRECTION('',(0.,0.,1.));
#1698 = DIRECTION('',(1.,0.,0.));
#1699 = ADVANCED_FACE('',(#1700),#1729,.T.);
#1700 = FACE_BOUND('',#1701,.T.);
#1701 = EDGE_LOOP('',(#1702,#1703,#1704,#1713,#1722,#1728));
#1702 = ORIENTED_EDGE('',*,*,#817,.T.);
#1703 = ORIENTED_EDGE('',*,*,#897,.T.);
#1704 = ORIENTED_EDGE('',*,*,#1705,.F.);
#1705 = EDGE_CURVE('',#1706,#898,#1708,.T.);
#1706 = VERTEX_POINT('',#1707);
#1707 = CARTESIAN_POINT('',(19.2,0.,5.05));
#1708 = CIRCLE('',#1709,19.2);
#1709 = AXIS2_PLACEMENT_3D('',#1710,#1711,#1712);
#1710 = CARTESIAN_POINT('',(0.,0.,5.05));
#1711 = DIRECTION('',(0.,0.,1.));
#1712 = DIRECTION('',(1.,0.,0.));
#1713 = ORIENTED_EDGE('',*,*,#1714,.F.);
#1714 = EDGE_CURVE('',#1715,#1706,#1717,.T.);
#1715 = VERTEX_POINT('',#1716);
#1716 = CARTESIAN_POINT('',(16.682450177007,-9.504517667492,5.05));
#1717 = CIRCLE('',#1718,19.2);
#1718 = AXIS2_PLACEMENT_3D('',#1719,#1720,#1721);
#1719 = CARTESIAN_POINT('',(0.,0.,5.05));
#1720 = DIRECTION('',(0.,0.,1.));
#1721 = DIRECTION('',(1.,0.,0.));
#1722 = ORIENTED_EDGE('',*,*,#1723,.F.);
#1723 = EDGE_CURVE('',#744,#1715,#1724,.T.);
#1724 = LINE('',#1725,#1726);
#1725 = CARTESIAN_POINT('',(16.682450177007,-9.504517667492,0.));
#1726 = VECTOR('',#1727,1.);
#1727 = DIRECTION('',(0.,0.,1.));
#1728 = ORIENTED_EDGE('',*,*,#743,.T.);
#1729 = CYLINDRICAL_SURFACE('',#1730,19.2);
#1730 = AXIS2_PLACEMENT_3D('',#1731,#1732,#1733);
#1731 = CARTESIAN_POINT('',(0.,0.,0.));
#1732 = DIRECTION('',(0.,0.,1.));
#1733 = DIRECTION('',(1.,0.,0.));
#1734 = ADVANCED_FACE('',(#1735),#1764,.T.);
#1735 = FACE_BOUND('',#1736,.T.);
#1736 = EDGE_LOOP('',(#1737,#1748,#1754,#1755,#1756,#1757));
#1737 = ORIENTED_EDGE('',*,*,#1738,.F.);
#1738 = EDGE_CURVE('',#1739,#1741,#1743,.T.);
#1739 = VERTEX_POINT('',#1740);
#1740 = CARTESIAN_POINT('',(10.631089015392,-15.98811891208,5.05));
#1741 = VERTEX_POINT('',#1742);
#1742 = CARTESIAN_POINT('',(19.8,-14.,5.05));
#1743 = CIRCLE('',#1744,4.8);
#1744 = AXIS2_PLACEMENT_3D('',#1745,#1746,#1747);
#1745 = CARTESIAN_POINT('',(15.,-14.,5.05));
#1746 = DIRECTION('',(0.,0.,1.));
#1747 = DIRECTION('',(1.,0.,0.));
#1748 = ORIENTED_EDGE('',*,*,#1749,.F.);
#1749 = EDGE_CURVE('',#857,#1739,#1750,.T.);
#1750 = LINE('',#1751,#1752);
#1751 = CARTESIAN_POINT('',(10.631089015392,-15.98811891208,0.));
#1752 = VECTOR('',#1753,1.);
#1753 = DIRECTION('',(0.,0.,1.));
#1754 = ORIENTED_EDGE('',*,*,#856,.T.);
#1755 = ORIENTED_EDGE('',*,*,#800,.T.);
#1756 = ORIENTED_EDGE('',*,*,#1723,.T.);
#1757 = ORIENTED_EDGE('',*,*,#1758,.F.);
#1758 = EDGE_CURVE('',#1741,#1715,#1759,.T.);
#1759 = CIRCLE('',#1760,4.8);
#1760 = AXIS2_PLACEMENT_3D('',#1761,#1762,#1763);
#1761 = CARTESIAN_POINT('',(15.,-14.,5.05));
#1762 = DIRECTION('',(0.,0.,1.));
#1763 = DIRECTION('',(1.,0.,0.));
#1764 = CYLINDRICAL_SURFACE('',#1765,4.8);
#1765 = AXIS2_PLACEMENT_3D('',#1766,#1767,#1768);
#1766 = CARTESIAN_POINT('',(15.,-14.,0.));
#1767 = DIRECTION('',(0.,0.,1.));
#1768 = DIRECTION('',(1.,0.,0.));
#1769 = ADVANCED_FACE('',(#1770),#1792,.T.);
#1770 = FACE_BOUND('',#1771,.T.);
#1771 = EDGE_LOOP('',(#1772,#1773,#1774,#1783,#1790,#1791));
#1772 = ORIENTED_EDGE('',*,*,#1109,.T.);
#1773 = ORIENTED_EDGE('',*,*,#1194,.T.);
#1774 = ORIENTED_EDGE('',*,*,#1775,.F.);
#1775 = EDGE_CURVE('',#1776,#1195,#1778,.T.);
#1776 = VERTEX_POINT('',#1777);
#1777 = CARTESIAN_POINT('',(6.5,25.,5.05));
#1778 = CIRCLE('',#1779,6.5);
#1779 = AXIS2_PLACEMENT_3D('',#1780,#1781,#1782);
#1780 = CARTESIAN_POINT('',(0.,25.,5.05));
#1781 = DIRECTION('',(0.,0.,1.));
#1782 = DIRECTION('',(1.,0.,0.));
#1783 = ORIENTED_EDGE('',*,*,#1784,.F.);
#1784 = EDGE_CURVE('',#937,#1776,#1785,.T.);
#1785 = CIRCLE('',#1786,6.5);
#1786 = AXIS2_PLACEMENT_3D('',#1787,#1788,#1789);
#1787 = CARTESIAN_POINT('',(0.,25.,5.05));
#1788 = DIRECTION('',(0.,0.,1.));
#1789 = DIRECTION('',(1.,0.,0.));
#1790 = ORIENTED_EDGE('',*,*,#963,.F.);
#1791 = ORIENTED_EDGE('',*,*,#1043,.T.);
#1792 = CYLINDRICAL_SURFACE('',#1793,6.5);
#1793 = AXIS2_PLACEMENT_3D('',#1794,#1795,#1796);
#1794 = CARTESIAN_POINT('',(0.,25.,0.));
#1795 = DIRECTION('',(0.,0.,1.));
#1796 = DIRECTION('',(1.,0.,0.));
#1797 = ADVANCED_FACE('',(#1798),#1810,.T.);
#1798 = FACE_BOUND('',#1799,.T.);
#1799 = EDGE_LOOP('',(#1800,#1801,#1808,#1809));
#1800 = ORIENTED_EDGE('',*,*,#1784,.T.);
#1801 = ORIENTED_EDGE('',*,*,#1802,.T.);
#1802 = EDGE_CURVE('',#1776,#1608,#1803,.T.);
#1803 = CIRCLE('',#1804,0.45);
#1804 = AXIS2_PLACEMENT_3D('',#1805,#1806,#1807);
#1805 = CARTESIAN_POINT('',(6.05,25.,5.05));
#1806 = DIRECTION('',(0.,-1.,0.));
#1807 = DIRECTION('',(1.,0.,0.));
#1808 = ORIENTED_EDGE('',*,*,#1607,.F.);
#1809 = ORIENTED_EDGE('',*,*,#936,.F.);
#1810 = TOROIDAL_SURFACE('',#1811,6.05,0.45);
#1811 = AXIS2_PLACEMENT_3D('',#1812,#1813,#1814);
#1812 = CARTESIAN_POINT('',(0.,25.,5.05));
#1813 = DIRECTION('',(0.,0.,1.));
#1814 = DIRECTION('',(1.,0.,0.));
#1815 = ADVANCED_FACE('',(#1816),#1828,.T.);
#1816 = FACE_BOUND('',#1817,.T.);
#1817 = EDGE_LOOP('',(#1818,#1825,#1826,#1827));
#1818 = ORIENTED_EDGE('',*,*,#1819,.F.);
#1819 = EDGE_CURVE('',#1706,#1591,#1820,.T.);
#1820 = CIRCLE('',#1821,0.45);
#1821 = AXIS2_PLACEMENT_3D('',#1822,#1823,#1824);
#1822 = CARTESIAN_POINT('',(18.75,0.,5.05));
#1823 = DIRECTION('',(0.,-1.,0.));
#1824 = DIRECTION('',(1.,0.,0.));
#1825 = ORIENTED_EDGE('',*,*,#1705,.T.);
#1826 = ORIENTED_EDGE('',*,*,#905,.T.);
#1827 = ORIENTED_EDGE('',*,*,#1599,.F.);
#1828 = TOROIDAL_SURFACE('',#1829,18.75,0.45);
#1829 = AXIS2_PLACEMENT_3D('',#1830,#1831,#1832);
#1830 = CARTESIAN_POINT('',(0.,0.,5.05));
#1831 = DIRECTION('',(0.,0.,1.));
#1832 = DIRECTION('',(1.,0.,0.));
#1833 = ADVANCED_FACE('',(#1834),#1853,.T.);
#1834 = FACE_BOUND('',#1835,.T.);
#1835 = EDGE_LOOP('',(#1836,#1837,#1838,#1847));
#1836 = ORIENTED_EDGE('',*,*,#1004,.T.);
#1837 = ORIENTED_EDGE('',*,*,#1749,.T.);
#1838 = ORIENTED_EDGE('',*,*,#1839,.F.);
#1839 = EDGE_CURVE('',#1840,#1739,#1842,.T.);
#1840 = VERTEX_POINT('',#1841);
#1841 = CARTESIAN_POINT('',(-10.63108901539,-15.98811891208,5.05));
#1842 = CIRCLE('',#1843,19.2);
#1843 = AXIS2_PLACEMENT_3D('',#1844,#1845,#1846);
#1844 = CARTESIAN_POINT('',(0.,0.,5.05));
#1845 = DIRECTION('',(0.,0.,1.));
#1846 = DIRECTION('',(1.,0.,0.));
#1847 = ORIENTED_EDGE('',*,*,#1848,.F.);
#1848 = EDGE_CURVE('',#1005,#1840,#1849,.T.);
#1849 = LINE('',#1850,#1851);
#1850 = CARTESIAN_POINT('',(-10.63108901539,-15.98811891208,0.));
#1851 = VECTOR('',#1852,1.);
#1852 = DIRECTION('',(0.,0.,1.));
#1853 = CYLINDRICAL_SURFACE('',#1854,19.2);
#1854 = AXIS2_PLACEMENT_3D('',#1855,#1856,#1857);
#1855 = CARTESIAN_POINT('',(0.,0.,0.));
#1856 = DIRECTION('',(0.,0.,1.));
#1857 = DIRECTION('',(1.,0.,0.));
#1858 = ADVANCED_FACE('',(#1859),#1878,.T.);
#1859 = FACE_BOUND('',#1860,.T.);
#1860 = EDGE_LOOP('',(#1861,#1869,#1870,#1871));
#1861 = ORIENTED_EDGE('',*,*,#1862,.F.);
#1862 = EDGE_CURVE('',#1070,#1863,#1865,.T.);
#1863 = VERTEX_POINT('',#1864);
#1864 = CARTESIAN_POINT('',(-16.682450177,-9.504517667492,5.05));
#1865 = LINE('',#1866,#1867);
#1866 = CARTESIAN_POINT('',(-16.682450177,-9.504517667492,0.));
#1867 = VECTOR('',#1868,1.);
#1868 = DIRECTION('',(0.,0.,1.));
#1869 = ORIENTED_EDGE('',*,*,#1091,.T.);
#1870 = ORIENTED_EDGE('',*,*,#1848,.T.);
#1871 = ORIENTED_EDGE('',*,*,#1872,.F.);
#1872 = EDGE_CURVE('',#1863,#1840,#1873,.T.);
#1873 = CIRCLE('',#1874,4.8);
#1874 = AXIS2_PLACEMENT_3D('',#1875,#1876,#1877);
#1875 = CARTESIAN_POINT('',(-15.,-14.,5.05));
#1876 = DIRECTION('',(0.,0.,1.));
#1877 = DIRECTION('',(1.,0.,0.));
#1878 = CYLINDRICAL_SURFACE('',#1879,4.8);
#1879 = AXIS2_PLACEMENT_3D('',#1880,#1881,#1882);
#1880 = CARTESIAN_POINT('',(-15.,-14.,0.));
#1881 = DIRECTION('',(0.,0.,1.));
#1882 = DIRECTION('',(1.,0.,0.));
#1883 = ADVANCED_FACE('',(#1884),#1896,.T.);
#1884 = FACE_BOUND('',#1885,.T.);
#1885 = EDGE_LOOP('',(#1886,#1887,#1888,#1895));
#1886 = ORIENTED_EDGE('',*,*,#1176,.T.);
#1887 = ORIENTED_EDGE('',*,*,#1862,.T.);
#1888 = ORIENTED_EDGE('',*,*,#1889,.F.);
#1889 = EDGE_CURVE('',#1238,#1863,#1890,.T.);
#1890 = CIRCLE('',#1891,19.2);
#1891 = AXIS2_PLACEMENT_3D('',#1892,#1893,#1894);
#1892 = CARTESIAN_POINT('',(0.,0.,5.05));
#1893 = DIRECTION('',(0.,0.,1.));
#1894 = DIRECTION('',(1.,0.,0.));
#1895 = ORIENTED_EDGE('',*,*,#1260,.F.);
#1896 = CYLINDRICAL_SURFACE('',#1897,19.2);
#1897 = AXIS2_PLACEMENT_3D('',#1898,#1899,#1900);
#1898 = CARTESIAN_POINT('',(0.,0.,0.));
#1899 = DIRECTION('',(0.,0.,1.));
#1900 = DIRECTION('',(1.,0.,0.));
#1901 = ADVANCED_FACE('',(#1902),#1927,.T.);
#1902 = FACE_BOUND('',#1903,.T.);
#1903 = EDGE_LOOP('',(#1904,#1905,#1906,#1907));
#1904 = ORIENTED_EDGE('',*,*,#1624,.F.);
#1905 = ORIENTED_EDGE('',*,*,#1237,.F.);
#1906 = ORIENTED_EDGE('',*,*,#1889,.T.);
#1907 = ORIENTED_EDGE('',*,*,#1908,.T.);
#1908 = EDGE_CURVE('',#1863,#1625,#1909,.T.);
#1909 = B_SPLINE_CURVE_WITH_KNOTS('',6,(#1910,#1911,#1912,#1913,#1914,
    #1915,#1916,#1917,#1918,#1919,#1920,#1921,#1922,#1923,#1924,#1925,
    #1926),.UNSPECIFIED.,.F.,.F.,(7,5,5,7),(0.,0.278214844974,
    0.562029413396,1.),.UNSPECIFIED.);
#1910 = CARTESIAN_POINT('',(-16.682450177,-9.504517667492,5.05));
#1911 = CARTESIAN_POINT('',(-16.682450177,-9.504517667492,5.084045010543
    ));
#1912 = CARTESIAN_POINT('',(-16.6779684063,-9.506140560525,
    5.118092401129));
#1913 = CARTESIAN_POINT('',(-16.669003335,-9.509386531622,5.151738829719
    ));
#1914 = CARTESIAN_POINT('',(-16.65566195393,-9.514228377456,
    5.184592091235));
#1915 = CARTESIAN_POINT('',(-16.63814194201,-9.520615195873,
    5.216291244942));
#1916 = CARTESIAN_POINT('',(-16.59485443434,-9.536495173548,
    5.277370798715));
#1917 = CARTESIAN_POINT('',(-16.56892574409,-9.546049026569,
    5.306694503313));
#1918 = CARTESIAN_POINT('',(-16.53921220299,-9.557063082999,
    5.334169620054));
#1919 = CARTESIAN_POINT('',(-16.50606274239,-9.569445390841,
    5.359533371461));
#1920 = CARTESIAN_POINT('',(-16.46986204151,-9.583092131704,
    5.382585329764));
#1921 = CARTESIAN_POINT('',(-16.37103428563,-9.620733465246,
    5.434971777527));
#1922 = CARTESIAN_POINT('',(-16.30473542958,-9.646321801884,
    5.46091665704));
#1923 = CARTESIAN_POINT('',(-16.23353614282,-9.67425708825,
    5.480503621147));
#1924 = CARTESIAN_POINT('',(-16.15891061828,-9.704102819949,
    5.493531667398));
#1925 = CARTESIAN_POINT('',(-16.0822353279,-9.735405080445,5.50000003075
    ));
#1926 = CARTESIAN_POINT('',(-16.00485727933,-9.767652915016,5.5));
#1927 = TOROIDAL_SURFACE('',#1928,18.75,0.45);
#1928 = AXIS2_PLACEMENT_3D('',#1929,#1930,#1931);
#1929 = CARTESIAN_POINT('',(0.,0.,5.05));
#1930 = DIRECTION('',(0.,0.,1.));
#1931 = DIRECTION('',(1.,0.,0.));
#1932 = ADVANCED_FACE('',(#1933),#1939,.T.);
#1933 = FACE_BOUND('',#1934,.T.);
#1934 = EDGE_LOOP('',(#1935,#1936,#1937,#1938));
#1935 = ORIENTED_EDGE('',*,*,#1802,.F.);
#1936 = ORIENTED_EDGE('',*,*,#1775,.T.);
#1937 = ORIENTED_EDGE('',*,*,#1202,.T.);
#1938 = ORIENTED_EDGE('',*,*,#1616,.F.);
#1939 = TOROIDAL_SURFACE('',#1940,6.05,0.45);
#1940 = AXIS2_PLACEMENT_3D('',#1941,#1942,#1943);
#1941 = CARTESIAN_POINT('',(0.,25.,5.05));
#1942 = DIRECTION('',(0.,0.,1.));
#1943 = DIRECTION('',(1.,0.,0.));
#1944 = ADVANCED_FACE('',(#1945,#1953),#1964,.F.);
#1945 = FACE_BOUND('',#1946,.F.);
#1946 = EDGE_LOOP('',(#1947,#1948,#1949,#1950,#1951,#1952));
#1947 = ORIENTED_EDGE('',*,*,#1332,.T.);
#1948 = ORIENTED_EDGE('',*,*,#1380,.T.);
#1949 = ORIENTED_EDGE('',*,*,#1404,.T.);
#1950 = ORIENTED_EDGE('',*,*,#1363,.T.);
#1951 = ORIENTED_EDGE('',*,*,#1315,.T.);
#1952 = ORIENTED_EDGE('',*,*,#1284,.T.);
#1953 = FACE_BOUND('',#1954,.F.);
#1954 = EDGE_LOOP('',(#1955));
#1955 = ORIENTED_EDGE('',*,*,#1956,.F.);
#1956 = EDGE_CURVE('',#1957,#1957,#1959,.T.);
#1957 = VERTEX_POINT('',#1958);
#1958 = CARTESIAN_POINT('',(16.7,-14.,4.));
#1959 = CIRCLE('',#1960,1.7);
#1960 = AXIS2_PLACEMENT_3D('',#1961,#1962,#1963);
#1961 = CARTESIAN_POINT('',(15.,-14.,4.));
#1962 = DIRECTION('',(0.,0.,1.));
#1963 = DIRECTION('',(1.,0.,0.));
#1964 = PLANE('',#1965);
#1965 = AXIS2_PLACEMENT_3D('',#1966,#1967,#1968);
#1966 = CARTESIAN_POINT('',(15.,-14.,4.));
#1967 = DIRECTION('',(0.,0.,1.));
#1968 = DIRECTION('',(1.,0.,0.));
#1969 = ADVANCED_FACE('',(#1970,#1978),#1989,.F.);
#1970 = FACE_BOUND('',#1971,.F.);
#1971 = EDGE_LOOP('',(#1972,#1973,#1974,#1975,#1976,#1977));
#1972 = ORIENTED_EDGE('',*,*,#1476,.T.);
#1973 = ORIENTED_EDGE('',*,*,#1524,.T.);
#1974 = ORIENTED_EDGE('',*,*,#1548,.T.);
#1975 = ORIENTED_EDGE('',*,*,#1507,.T.);
#1976 = ORIENTED_EDGE('',*,*,#1459,.T.);
#1977 = ORIENTED_EDGE('',*,*,#1428,.T.);
#1978 = FACE_BOUND('',#1979,.F.);
#1979 = EDGE_LOOP('',(#1980));
#1980 = ORIENTED_EDGE('',*,*,#1981,.F.);
#1981 = EDGE_CURVE('',#1982,#1982,#1984,.T.);
#1982 = VERTEX_POINT('',#1983);
#1983 = CARTESIAN_POINT('',(-13.3,-14.,4.));
#1984 = CIRCLE('',#1985,1.7);
#1985 = AXIS2_PLACEMENT_3D('',#1986,#1987,#1988);
#1986 = CARTESIAN_POINT('',(-15.,-14.,4.));
#1987 = DIRECTION('',(0.,0.,1.));
#1988 = DIRECTION('',(1.,0.,0.));
#1989 = PLANE('',#1990);
#1990 = AXIS2_PLACEMENT_3D('',#1991,#1992,#1993);
#1991 = CARTESIAN_POINT('',(-15.,-14.,4.));
#1992 = DIRECTION('',(0.,0.,1.));
#1993 = DIRECTION('',(1.,0.,0.));
#1994 = ADVANCED_FACE('',(#1995),#2020,.T.);
#1995 = FACE_BOUND('',#1996,.T.);
#1996 = EDGE_LOOP('',(#1997,#1998,#1999,#2000));
#1997 = ORIENTED_EDGE('',*,*,#1714,.T.);
#1998 = ORIENTED_EDGE('',*,*,#1819,.T.);
#1999 = ORIENTED_EDGE('',*,*,#1588,.F.);
#2000 = ORIENTED_EDGE('',*,*,#2001,.T.);
#2001 = EDGE_CURVE('',#1589,#1715,#2002,.T.);
#2002 = B_SPLINE_CURVE_WITH_KNOTS('',6,(#2003,#2004,#2005,#2006,#2007,
    #2008,#2009,#2010,#2011,#2012,#2013,#2014,#2015,#2016,#2017,#2018,
    #2019),.UNSPECIFIED.,.F.,.F.,(7,5,5,7),(0.,0.437362900733,
    0.719315603253,1.),.UNSPECIFIED.);
#2003 = CARTESIAN_POINT('',(16.004857279373,-9.767652914949,5.5));
#2004 = CARTESIAN_POINT('',(16.0821280505,-9.735449789082,5.500000031102
    ));
#2005 = CARTESIAN_POINT('',(16.158697901781,-9.704189662482,
    5.493549589347));
#2006 = CARTESIAN_POINT('',(16.233225590747,-9.674381293311,
    5.480557805627));
#2007 = CARTESIAN_POINT('',(16.304340410316,-9.646476795234,
    5.461025246817));
#2008 = CARTESIAN_POINT('',(16.370574463613,-9.620910944617,
    5.435151557716));
#2009 = CARTESIAN_POINT('',(16.469136164182,-9.583367107924,
    5.383010898838));
#2010 = CARTESIAN_POINT('',(16.505148229219,-9.56978919286,
    5.360151063829));
#2011 = CARTESIAN_POINT('',(16.538154751911,-9.557457570891,
    5.335007233515));
#2012 = CARTESIAN_POINT('',(16.567778414598,-9.546474118386,
    5.307775079586));
#2013 = CARTESIAN_POINT('',(16.593676367091,-9.536929229898,
    5.278711009444));
#2014 = CARTESIAN_POINT('',(16.637361129451,-9.520899856895,
    5.217697148798));
#2015 = CARTESIAN_POINT('',(16.655186193822,-9.514401040457,
    5.18575814114));
#2016 = CARTESIAN_POINT('',(16.668763534355,-9.509473354404,
    5.152634710941));
#2017 = CARTESIAN_POINT('',(16.677888497052,-9.5061694989,5.118696853186
    ));
#2018 = CARTESIAN_POINT('',(16.682450177007,-9.504517667492,
    5.084347185531));
#2019 = CARTESIAN_POINT('',(16.682450177007,-9.504517667492,5.05));
#2020 = TOROIDAL_SURFACE('',#2021,18.75,0.45);
#2021 = AXIS2_PLACEMENT_3D('',#2022,#2023,#2024);
#2022 = CARTESIAN_POINT('',(0.,0.,5.05));
#2023 = DIRECTION('',(0.,0.,1.));
#2024 = DIRECTION('',(1.,0.,0.));
#2025 = ADVANCED_FACE('',(#2026),#2038,.T.);
#2026 = FACE_BOUND('',#2027,.T.);
#2027 = EDGE_LOOP('',(#2028,#2029,#2036,#2037));
#2028 = ORIENTED_EDGE('',*,*,#1660,.F.);
#2029 = ORIENTED_EDGE('',*,*,#2030,.F.);
#2030 = EDGE_CURVE('',#1741,#1652,#2031,.T.);
#2031 = CIRCLE('',#2032,0.45);
#2032 = AXIS2_PLACEMENT_3D('',#2033,#2034,#2035);
#2033 = CARTESIAN_POINT('',(19.35,-14.,5.05));
#2034 = DIRECTION('',(0.,-1.,0.));
#2035 = DIRECTION('',(1.,0.,0.));
#2036 = ORIENTED_EDGE('',*,*,#1758,.T.);
#2037 = ORIENTED_EDGE('',*,*,#2001,.F.);
#2038 = TOROIDAL_SURFACE('',#2039,4.35,0.45);
#2039 = AXIS2_PLACEMENT_3D('',#2040,#2041,#2042);
#2040 = CARTESIAN_POINT('',(15.,-14.,5.05));
#2041 = DIRECTION('',(0.,0.,1.));
#2042 = DIRECTION('',(1.,0.,0.));
#2043 = ADVANCED_FACE('',(#2044),#2069,.T.);
#2044 = FACE_BOUND('',#2045,.T.);
#2045 = EDGE_LOOP('',(#2046,#2047,#2048,#2049));
#2046 = ORIENTED_EDGE('',*,*,#1738,.T.);
#2047 = ORIENTED_EDGE('',*,*,#2030,.T.);
#2048 = ORIENTED_EDGE('',*,*,#1651,.F.);
#2049 = ORIENTED_EDGE('',*,*,#2050,.F.);
#2050 = EDGE_CURVE('',#1739,#1643,#2051,.T.);
#2051 = B_SPLINE_CURVE_WITH_KNOTS('',6,(#2052,#2053,#2054,#2055,#2056,
    #2057,#2058,#2059,#2060,#2061,#2062,#2063,#2064,#2065,#2066,#2067,
    #2068),.UNSPECIFIED.,.F.,.F.,(7,5,5,7),(0.,0.278370863335,
    0.562190348191,1.),.UNSPECIFIED.);
#2052 = CARTESIAN_POINT('',(10.631089015392,-15.98811891208,5.05));
#2053 = CARTESIAN_POINT('',(10.631089015392,-15.98811891208,
    5.084064102019));
#2054 = CARTESIAN_POINT('',(10.63240080313,-15.98353085491,
    5.118130590439));
#2055 = CARTESIAN_POINT('',(10.635024457976,-15.97435319703,
    5.151795437247));
#2056 = CARTESIAN_POINT('',(10.638940166327,-15.9606947968,
    5.184665784764));
#2057 = CARTESIAN_POINT('',(10.644110681793,-15.94275681206,
    5.216380124149));
#2058 = CARTESIAN_POINT('',(10.656981631323,-15.89844290264,
    5.277468882065));
#2059 = CARTESIAN_POINT('',(10.664730203122,-15.87190634994,
    5.306788169119));
#2060 = CARTESIAN_POINT('',(10.673674693456,-15.84149397063,
    5.334258180002));
#2061 = CARTESIAN_POINT('',(10.683747383485,-15.80756029523,
    5.359616232846));
#2062 = CARTESIAN_POINT('',(10.694871182829,-15.7704963017,
    5.382661998355));
#2063 = CARTESIAN_POINT('',(10.725615830024,-15.66931259166,
    5.435019439617));
#2064 = CARTESIAN_POINT('',(10.746571723673,-15.60142613106,
    5.460945441915));
#2065 = CARTESIAN_POINT('',(10.769529591816,-15.5284945824,
    5.480517979189));
#2066 = CARTESIAN_POINT('',(10.79415586665,-15.4520169694,5.493536420827
    ));
#2067 = CARTESIAN_POINT('',(10.820092900054,-15.37339620931,
    5.500000030648));
#2068 = CARTESIAN_POINT('',(10.846924193295,-15.29400979288,5.5));
#2069 = TOROIDAL_SURFACE('',#2070,4.35,0.45);
#2070 = AXIS2_PLACEMENT_3D('',#2071,#2072,#2073);
#2071 = CARTESIAN_POINT('',(15.,-14.,5.05));
#2072 = DIRECTION('',(0.,0.,1.));
#2073 = DIRECTION('',(1.,0.,0.));
#2074 = ADVANCED_FACE('',(#2075),#2100,.T.);
#2075 = FACE_BOUND('',#2076,.T.);
#2076 = EDGE_LOOP('',(#2077,#2078,#2079,#2080));
#2077 = ORIENTED_EDGE('',*,*,#1839,.T.);
#2078 = ORIENTED_EDGE('',*,*,#2050,.T.);
#2079 = ORIENTED_EDGE('',*,*,#1642,.F.);
#2080 = ORIENTED_EDGE('',*,*,#2081,.T.);
#2081 = EDGE_CURVE('',#1634,#1840,#2082,.T.);
#2082 = B_SPLINE_CURVE_WITH_KNOTS('',6,(#2083,#2084,#2085,#2086,#2087,
    #2088,#2089,#2090,#2091,#2092,#2093,#2094,#2095,#2096,#2097,#2098,
    #2099),.UNSPECIFIED.,.F.,.F.,(7,5,5,7),(0.,0.437014864864,
    0.720682026342,1.),.UNSPECIFIED.);
#2083 = CARTESIAN_POINT('',(-10.84692419331,-15.29400979287,5.5));
#2084 = CARTESIAN_POINT('',(-10.82014157949,-15.37325217999,
    5.500000030859));
#2085 = CARTESIAN_POINT('',(-10.79425002609,-15.45173156151,
    5.493559852412));
#2086 = CARTESIAN_POINT('',(-10.7696636978,-15.52807812868,
    5.480588810926));
#2087 = CARTESIAN_POINT('',(-10.74673841301,-15.60089663298,5.4610874013
    ));
#2088 = CARTESIAN_POINT('',(-10.72580604549,-15.66869643846,
    5.43525447355));
#2089 = CARTESIAN_POINT('',(-10.69506735852,-15.7698443527,
    5.383052990178));
#2090 = CARTESIAN_POINT('',(-10.68393455207,-15.80693254006,
    5.360053675642));
#2091 = CARTESIAN_POINT('',(-10.67385080536,-15.84089836501,
    5.334742436069));
#2092 = CARTESIAN_POINT('',(-10.66489314919,-15.8713512808,
    5.307318698902));
#2093 = CARTESIAN_POINT('',(-10.65712929008,-15.89793691428,
    5.278044101995));
#2094 = CARTESIAN_POINT('',(-10.64419877645,-15.94245119917,
    5.216919451339));
#2095 = CARTESIAN_POINT('',(-10.6389935417,-15.9605086156,5.185113028697
    ));
#2096 = CARTESIAN_POINT('',(-10.63505128197,-15.97425936363,
    5.152139020067));
#2097 = CARTESIAN_POINT('',(-10.63240974413,-15.98349958638,
    5.118362393911));
#2098 = CARTESIAN_POINT('',(-10.63108901539,-15.98811891208,
    5.084179984253));
#2099 = CARTESIAN_POINT('',(-10.63108901539,-15.98811891208,5.05));
#2100 = TOROIDAL_SURFACE('',#2101,18.75,0.45);
#2101 = AXIS2_PLACEMENT_3D('',#2102,#2103,#2104);
#2102 = CARTESIAN_POINT('',(0.,0.,5.05));
#2103 = DIRECTION('',(0.,0.,1.));
#2104 = DIRECTION('',(1.,0.,0.));
#2105 = ADVANCED_FACE('',(#2106),#2112,.T.);
#2106 = FACE_BOUND('',#2107,.T.);
#2107 = EDGE_LOOP('',(#2108,#2109,#2110,#2111));
#2108 = ORIENTED_EDGE('',*,*,#2081,.F.);
#2109 = ORIENTED_EDGE('',*,*,#1633,.F.);
#2110 = ORIENTED_EDGE('',*,*,#1908,.F.);
#2111 = ORIENTED_EDGE('',*,*,#1872,.T.);
#2112 = TOROIDAL_SURFACE('',#2113,4.35,0.45);
#2113 = AXIS2_PLACEMENT_3D('',#2114,#2115,#2116);
#2114 = CARTESIAN_POINT('',(-15.,-14.,5.05));
#2115 = DIRECTION('',(0.,0.,1.));
#2116 = DIRECTION('',(1.,0.,0.));
#2117 = ADVANCED_FACE('',(#2118),#2129,.F.);
#2118 = FACE_BOUND('',#2119,.F.);
#2119 = EDGE_LOOP('',(#2120,#2126,#2127,#2128));
#2120 = ORIENTED_EDGE('',*,*,#2121,.T.);
#2121 = EDGE_CURVE('',#1982,#1670,#2122,.T.);
#2122 = LINE('',#2123,#2124);
#2123 = CARTESIAN_POINT('',(-13.3,-14.,-0.1));
#2124 = VECTOR('',#2125,1.);
#2125 = DIRECTION('',(0.,0.,1.));
#2126 = ORIENTED_EDGE('',*,*,#1669,.F.);
#2127 = ORIENTED_EDGE('',*,*,#2121,.F.);
#2128 = ORIENTED_EDGE('',*,*,#1981,.T.);
#2129 = CYLINDRICAL_SURFACE('',#2130,1.7);
#2130 = AXIS2_PLACEMENT_3D('',#2131,#2132,#2133);
#2131 = CARTESIAN_POINT('',(-15.,-14.,-0.1));
#2132 = DIRECTION('',(0.,0.,1.));
#2133 = DIRECTION('',(1.,0.,0.));
#2134 = ADVANCED_FACE('',(#2135),#2146,.F.);
#2135 = FACE_BOUND('',#2136,.F.);
#2136 = EDGE_LOOP('',(#2137,#2143,#2144,#2145));
#2137 = ORIENTED_EDGE('',*,*,#2138,.T.);
#2138 = EDGE_CURVE('',#1957,#1681,#2139,.T.);
#2139 = LINE('',#2140,#2141);
#2140 = CARTESIAN_POINT('',(16.7,-14.,-0.1));
#2141 = VECTOR('',#2142,1.);
#2142 = DIRECTION('',(0.,0.,1.));
#2143 = ORIENTED_EDGE('',*,*,#1680,.F.);
#2144 = ORIENTED_EDGE('',*,*,#2138,.F.);
#2145 = ORIENTED_EDGE('',*,*,#1956,.T.);
#2146 = CYLINDRICAL_SURFACE('',#2147,1.7);
#2147 = AXIS2_PLACEMENT_3D('',#2148,#2149,#2150);
#2148 = CARTESIAN_POINT('',(15.,-14.,-0.1));
#2149 = DIRECTION('',(0.,0.,1.));
#2150 = DIRECTION('',(1.,0.,0.));
#2151 = MANIFOLD_SOLID_BREP('',#2152);
#2152 = CLOSED_SHELL('',(#2153,#2308,#2383,#2415,#2439,#2471,#4243,#4282
    ,#4314,#4339,#4364,#4401,#4999,#5016,#5057,#5068,#5085,#5102,#5119,
    #5136,#5153,#5170,#5187,#5204,#5221,#5238,#5255,#5272,#5289,#5306,
    #5323,#5340,#5357,#5374,#5391,#5408,#5425,#5442,#5459,#5476,#5495,
    #5512,#5529,#5546,#5563,#5580,#5599,#5616,#5633,#5650,#5667,#5684,
    #5703,#5720,#5737,#5754,#5771,#5788,#5807,#5824,#5841,#5858,#5875,
    #5892,#5909,#5926,#5943,#5960,#5977,#5994,#6011,#6028,#6045,#6062,
    #6079,#6096,#6113,#6130,#6147,#6164,#6181,#6198,#6210,#6249,#6275,
    #6314,#6469,#6501,#6525,#6549,#6573,#6597,#6621,#6645,#6669,#6693,
    #6717,#6741,#6765,#6789,#6813,#6837,#6861,#6885,#6909,#6933,#6958,
    #6982,#7007,#7031,#7055,#7079,#7103,#7127,#7151,#7176,#7200,#7225,
    #7249,#7273,#7297,#7322,#7346,#7371,#7395,#7419,#7443,#7468,#7492,
    #7517,#7541,#7565,#7589,#7613,#7637,#7661,#7685,#7709,#7733,#7757,
    #7781,#7805,#7829,#7853,#7877,#7901,#7925,#7949,#7973,#7997,#8021,
    #8045,#8069,#8093,#8128,#8167,#8192,#8217,#8248,#8272,#8296,#8320,
    #8344,#8368,#8392,#8416,#8440,#8464,#8488,#8512,#8536,#8560,#8584,
    #8608,#8632,#8656,#8680,#8704,#8728,#8752,#8776,#8800,#8824,#8848,
    #8872,#8896,#8920,#8944,#8968,#8992,#9016,#9040,#9064,#9088,#9112,
    #9136,#9160,#9184,#9208,#9232,#9256,#9280,#9304,#9328,#9352,#9376,
    #9400,#9424,#9448,#9472,#9496,#9520,#9544,#9568,#9592,#9616,#9640,
    #9664,#9688,#9712,#9736,#9753,#9778,#9833,#9858,#9892,#9927,#9952,
    #9987,#10011,#10035,#10059,#10077,#10095,#10175,#10195,#10215,#10298
    ,#10337,#10451,#10480,#10512,#10539,#10570,#10588,#10619,#10631,
    #10648,#10665,#10690,#10701,#10726));
#2153 = ADVANCED_FACE('',(#2154),#2303,.T.);
#2154 = FACE_BOUND('',#2155,.F.);
#2155 = EDGE_LOOP('',(#2156,#2175,#2184,#2206,#2215,#2225,#2262));
#2156 = ORIENTED_EDGE('',*,*,#2157,.F.);
#2157 = EDGE_CURVE('',#2158,#2160,#2162,.T.);
#2158 = VERTEX_POINT('',#2159);
#2159 = CARTESIAN_POINT('',(17.265986514664,-8.397958661214,10.55));
#2160 = VERTEX_POINT('',#2161);
#2161 = CARTESIAN_POINT('',(17.126926100908,-8.164458417808,
    10.940629742961));
#2162 = B_SPLINE_CURVE_WITH_KNOTS('',6,(#2163,#2164,#2165,#2166,#2167,
    #2168,#2169,#2170,#2171,#2172,#2173,#2174),.UNSPECIFIED.,.F.,.F.,(7,
    5,7),(0.,0.497544785514,1.),.UNSPECIFIED.);
#2163 = CARTESIAN_POINT('',(17.265986514663,-8.397958661214,10.55));
#2164 = CARTESIAN_POINT('',(17.265986514663,-8.397958661214,
    10.609276872031));
#2165 = CARTESIAN_POINT('',(17.260212198137,-8.388408418267,
    10.668565511807));
#2166 = CARTESIAN_POINT('',(17.2486586433,-8.369300450634,
    10.725910156267));
#2167 = CARTESIAN_POINT('',(17.231706280263,-8.341175777612,
    10.779403910931));
#2168 = CARTESIAN_POINT('',(17.21004882568,-8.305015556795,
    10.827444333314));
#2169 = CARTESIAN_POINT('',(17.158832303086,-8.218806334554,
    10.910626205532));
#2170 = CARTESIAN_POINT('',(17.129190364112,-8.168611837659,
    10.945647393395));
#2171 = CARTESIAN_POINT('',(17.096534498338,-8.112859537228,
    10.972665408325));
#2172 = CARTESIAN_POINT('',(17.061924020892,-8.05314967879,
    10.990897346533));
#2173 = CARTESIAN_POINT('',(17.026430605142,-7.991195284349,
    11.000000081415));
#2174 = CARTESIAN_POINT('',(16.991085735181,-7.928777051964,11.));
#2175 = ORIENTED_EDGE('',*,*,#2176,.T.);
#2176 = EDGE_CURVE('',#2158,#2177,#2179,.T.);
#2177 = VERTEX_POINT('',#2178);
#2178 = CARTESIAN_POINT('',(16.682450177007,-9.504517667492,10.55));
#2179 = CIRCLE('',#2180,19.2);
#2180 = AXIS2_PLACEMENT_3D('',#2181,#2182,#2183);
#2181 = CARTESIAN_POINT('',(5.510910596163E-17,0.,10.55));
#2182 = DIRECTION('',(1.224646799147E-16,0.,-1.));
#2183 = DIRECTION('',(-1.,0.,-1.224646799147E-16));
#2184 = ORIENTED_EDGE('',*,*,#2185,.F.);
#2185 = EDGE_CURVE('',#2186,#2177,#2188,.T.);
#2186 = VERTEX_POINT('',#2187);
#2187 = CARTESIAN_POINT('',(16.004857279357,-9.767652914975,11.));
#2188 = B_SPLINE_CURVE_WITH_KNOTS('',6,(#2189,#2190,#2191,#2192,#2193,
    #2194,#2195,#2196,#2197,#2198,#2199,#2200,#2201,#2202,#2203,#2204,
    #2205),.UNSPECIFIED.,.F.,.F.,(7,5,5,7),(0.,0.438372923521,
    0.722175204977,1.),.UNSPECIFIED.);
#2189 = CARTESIAN_POINT('',(16.004857279621,-9.767652914543,11.));
#2190 = CARTESIAN_POINT('',(16.082306415635,-9.735375455019,
    11.000000030964));
#2191 = CARTESIAN_POINT('',(16.159051490351,-9.704045309295,
    10.993519776133));
#2192 = CARTESIAN_POINT('',(16.233741797759,-9.674174840721,
    10.980467702649));
#2193 = CARTESIAN_POINT('',(16.304997049205,-9.646219157291,
    10.960844648277));
#2194 = CARTESIAN_POINT('',(16.371338780694,-9.620615947863,
    10.934852547075));
#2195 = CARTESIAN_POINT('',(16.47017194651,-9.582975100877,
    10.882393559465));
#2196 = CARTESIAN_POINT('',(16.506350120389,-9.569337706875,
    10.859326124702));
#2197 = CARTESIAN_POINT('',(16.539475149995,-9.556965227697,
    10.83394813325));
#2198 = CARTESIAN_POINT('',(16.569162505789,-9.545961429568,
    10.80646025909));
#2199 = CARTESIAN_POINT('',(16.595063487464,-9.536418196107,
    10.777125518666));
#2200 = CARTESIAN_POINT('',(16.638264671271,-9.520570455603,
    10.716069012851));
#2201 = CARTESIAN_POINT('',(16.655736722855,-9.514201242944,
    10.684407842346));
#2202 = CARTESIAN_POINT('',(16.669041018085,-9.509372887976,
    10.651597306122));
#2203 = CARTESIAN_POINT('',(16.677980963575,-9.50613601304,
    10.617996926917));
#2204 = CARTESIAN_POINT('',(16.682450177007,-9.504517667492,
    10.58399728135));
#2205 = CARTESIAN_POINT('',(16.682450177007,-9.504517667492,10.55));
#2206 = ORIENTED_EDGE('',*,*,#2207,.F.);
#2207 = EDGE_CURVE('',#2208,#2186,#2210,.T.);
#2208 = VERTEX_POINT('',#2209);
#2209 = CARTESIAN_POINT('',(16.52924088832,-8.85136688065,11.));
#2210 = CIRCLE('',#2211,18.75);
#2211 = AXIS2_PLACEMENT_3D('',#2212,#2213,#2214);
#2212 = CARTESIAN_POINT('',(0.,0.,11.));
#2213 = DIRECTION('',(1.224646799147E-16,0.,-1.));
#2214 = DIRECTION('',(-1.,0.,-1.224646799147E-16));
#2215 = ORIENTED_EDGE('',*,*,#2216,.T.);
#2216 = EDGE_CURVE('',#2208,#2217,#2219,.T.);
#2217 = VERTEX_POINT('',#2218);
#2218 = CARTESIAN_POINT('',(16.601012465071,-8.787751221477,
    10.998754670925));
#2219 = B_SPLINE_CURVE_WITH_KNOTS('',4,(#2220,#2221,#2222,#2223,#2224),
  .UNSPECIFIED.,.F.,.F.,(5,5),(0.,1.),.PIECEWISE_BEZIER_KNOTS.);
#2220 = CARTESIAN_POINT('',(16.529240888321,-8.85136688065,11.));
#2221 = CARTESIAN_POINT('',(16.555377483516,-8.828200373696,11.));
#2222 = CARTESIAN_POINT('',(16.581452858641,-8.805088129939,
    10.999565857694));
#2223 = CARTESIAN_POINT('',(16.607445138461,-8.782049538771,
    10.998689822341));
#2224 = CARTESIAN_POINT('',(16.63332991604,-8.759106233597,
    10.997361413909));
#2225 = ORIENTED_EDGE('',*,*,#2226,.T.);
#2226 = EDGE_CURVE('',#2217,#2227,#2229,.T.);
#2227 = VERTEX_POINT('',#2228);
#2228 = CARTESIAN_POINT('',(16.899137802865,-8.464823227814,
    10.97403820649));
#2229 = B_SPLINE_CURVE_WITH_KNOTS('',7,(#2230,#2231,#2232,#2233,#2234,
    #2235,#2236,#2237,#2238,#2239,#2240,#2241,#2242,#2243,#2244,#2245,
    #2246,#2247,#2248,#2249,#2250,#2251,#2252,#2253,#2254,#2255,#2256,
    #2257,#2258,#2259,#2260,#2261),.UNSPECIFIED.,.F.,.F.,(8,6,6,6,6,8),(
    0.,0.491138386719,0.740155759996,0.866367496466,0.92995919557,1.),
  .UNSPECIFIED.);
#2230 = CARTESIAN_POINT('',(16.571199931292,-8.820044020844,
    10.999448969257));
#2231 = CARTESIAN_POINT('',(16.596829089542,-8.792282634595,
    10.998974412749));
#2232 = CARTESIAN_POINT('',(16.622395549451,-8.764589162901,
    10.998258039197));
#2233 = CARTESIAN_POINT('',(16.647893716911,-8.736969665273,
    10.99729364043));
#2234 = CARTESIAN_POINT('',(16.673317334891,-8.709430919299,
    10.996074503953));
#2235 = CARTESIAN_POINT('',(16.698659483435,-8.681980420643,
    10.994593412954));
#2236 = CARTESIAN_POINT('',(16.723912579662,-8.654626383047,
    10.992842646298));
#2237 = CARTESIAN_POINT('',(16.76182289042,-8.61356210893,
    10.989785401792));
#2238 = CARTESIAN_POINT('',(16.774552366095,-8.599773599472,
    10.988685378757));
#2239 = CARTESIAN_POINT('',(16.787255716602,-8.586013388674,
    10.98751283252));
#2240 = CARTESIAN_POINT('',(16.799931786041,-8.572282728604,
    10.986266645599));
#2241 = CARTESIAN_POINT('',(16.8125793508,-8.558582944673,
    10.984945659936));
#2242 = CARTESIAN_POINT('',(16.825197119556,-8.544915435634,
    10.983548676894));
#2243 = CARTESIAN_POINT('',(16.844163121,-8.524371550168,10.98132726514)
  );
#2244 = CARTESIAN_POINT('',(16.850534504162,-8.517470097254,
    10.980560231792));
#2245 = CARTESIAN_POINT('',(16.856897705047,-8.510577507344,
    10.979773195667));
#2246 = CARTESIAN_POINT('',(16.863252540333,-8.503693979013,
    10.978965992258));
#2247 = CARTESIAN_POINT('',(16.869598821085,-8.496819716914,
    10.978138454103));
#2248 = CARTESIAN_POINT('',(16.875936352756,-8.489954931778,
    10.977290410784));
#2249 = CARTESIAN_POINT('',(16.885453587224,-8.479645907209,10.975983984
    ));
#2250 = CARTESIAN_POINT('',(16.888639967313,-8.476194434964,
    10.975541029526));
#2251 = CARTESIAN_POINT('',(16.891824049822,-8.472745451446,
    10.975092803322));
#2252 = CARTESIAN_POINT('',(16.895005808709,-8.469298984864,
    10.974639283004));
#2253 = CARTESIAN_POINT('',(16.898185217526,-8.465855063869,
    10.974180445991));
#2254 = CARTESIAN_POINT('',(16.901362249415,-8.46241371755,
    10.973716269499));
#2255 = CARTESIAN_POINT('',(16.908033457344,-8.455187495828,
    10.972729573649));
#2256 = CARTESIAN_POINT('',(16.911527032302,-8.451403271514,
    10.972205925752));
#2257 = CARTESIAN_POINT('',(16.915018111538,-8.447621750554,
    10.971675668159));
#2258 = CARTESIAN_POINT('',(16.918505151898,-8.443844604487,
    10.971139012813));
#2259 = CARTESIAN_POINT('',(16.921990519275,-8.440069270587,
    10.970595540349));
#2260 = CARTESIAN_POINT('',(16.925471813647,-8.436298348547,
    10.970045600825));
#2261 = CARTESIAN_POINT('',(16.928950336644,-8.432530428448,
    10.969488945187));
#2262 = ORIENTED_EDGE('',*,*,#2263,.T.);
#2263 = EDGE_CURVE('',#2227,#2160,#2264,.T.);
#2264 = B_SPLINE_CURVE_WITH_KNOTS('',7,(#2265,#2266,#2267,#2268,#2269,
    #2270,#2271,#2272,#2273,#2274,#2275,#2276,#2277,#2278,#2279,#2280,
    #2281,#2282,#2283,#2284,#2285,#2286,#2287,#2288,#2289,#2290,#2291,
    #2292,#2293,#2294,#2295,#2296,#2297,#2298,#2299,#2300,#2301,#2302),
  .UNSPECIFIED.,.F.,.F.,(8,6,6,6,6,6,8),(0.,2.497038782555E-02,
    0.5020974987,0.748148821659,0.87085300618,0.932681383454,1.),
  .UNSPECIFIED.);
#2265 = CARTESIAN_POINT('',(16.872117297273,-8.500452841355,
    10.976846154004));
#2266 = CARTESIAN_POINT('',(16.87330258128,-8.498889909419,
    10.976727548433));
#2267 = CARTESIAN_POINT('',(16.874487690317,-8.497327208201,
    10.976608500204));
#2268 = CARTESIAN_POINT('',(16.875672609761,-8.495764756984,
    10.976489009675));
#2269 = CARTESIAN_POINT('',(16.876857331392,-8.494202566605,
    10.976369076574));
#2270 = CARTESIAN_POINT('',(16.878041853393,-8.492640639461,
    10.976248699998));
#2271 = CARTESIAN_POINT('',(16.87922618035,-8.491078969505,
    10.976127878418));
#2272 = CARTESIAN_POINT('',(16.90303659101,-8.459682231676,
    10.973689440752));
#2273 = CARTESIAN_POINT('',(16.925592823971,-8.429939269962,
    10.971209250707));
#2274 = CARTESIAN_POINT('',(16.948075135998,-8.400293781416,
    10.968558957109));
#2275 = CARTESIAN_POINT('',(16.970479007403,-8.370751725762,
    10.965730995316));
#2276 = CARTESIAN_POINT('',(16.992799284942,-8.341319898141,
    10.96271731847));
#2277 = CARTESIAN_POINT('',(17.015030181813,-8.312005929107,
    10.959509397498));
#2278 = CARTESIAN_POINT('',(17.048580201469,-8.267766407734,
    10.954339099809));
#2279 = CARTESIAN_POINT('',(17.059969623185,-8.25274815825,
    10.952525914845));
#2280 = CARTESIAN_POINT('',(17.07133265007,-8.237764713355,
    10.950657422794));
#2281 = CARTESIAN_POINT('',(17.082668319128,-8.222817342871,
    10.948732333787));
#2282 = CARTESIAN_POINT('',(17.093975597098,-8.207907409268,
    10.94674931151));
#2283 = CARTESIAN_POINT('',(17.105253380461,-8.193036367664,
    10.944706973198));
#2284 = CARTESIAN_POINT('',(17.122109358068,-8.170809841741,
    10.941555095632));
#2285 = CARTESIAN_POINT('',(17.127710592225,-8.163423976674,
    10.940491194157));
#2286 = CARTESIAN_POINT('',(17.133304051511,-8.156048363658,
    10.939412007602));
#2287 = CARTESIAN_POINT('',(17.138889583969,-8.148683203069,
    10.938317354996));
#2288 = CARTESIAN_POINT('',(17.14446703207,-8.141328702624,
    10.937207052011));
#2289 = CARTESIAN_POINT('',(17.150036232725,-8.133985077377,
    10.936080910958));
#2290 = CARTESIAN_POINT('',(17.15839899413,-8.122957824167,
    10.934363222294));
#2291 = CARTESIAN_POINT('',(17.161198834106,-8.119265916332,
    10.933783634044));
#2292 = CARTESIAN_POINT('',(17.163996515589,-8.115576854715,
    10.933199951587));
#2293 = CARTESIAN_POINT('',(17.166792016557,-8.111890668355,
    10.932612150236));
#2294 = CARTESIAN_POINT('',(17.169585314581,-8.108207386828,
    10.932020205069));
#2295 = CARTESIAN_POINT('',(17.172376386822,-8.104527040249,
    10.93142409093));
#2296 = CARTESIAN_POINT('',(17.178201675308,-8.096845734036,
    10.930170167707));
#2297 = CARTESIAN_POINT('',(17.181235408843,-8.092845410907,
    10.929511595549));
#2298 = CARTESIAN_POINT('',(17.184266779004,-8.088848204158,
    10.928847942466));
#2299 = CARTESIAN_POINT('',(17.187294665813,-8.084855590605,
    10.928179423638));
#2300 = CARTESIAN_POINT('',(17.190320763923,-8.080865335655,
    10.927505611925));
#2301 = CARTESIAN_POINT('',(17.193343357446,-8.076879701902,
    10.926826857993));
#2302 = CARTESIAN_POINT('',(17.196363364379,-8.072897478861,
    10.926142910281));
#2303 = TOROIDAL_SURFACE('',#2304,18.75,0.45);
#2304 = AXIS2_PLACEMENT_3D('',#2305,#2306,#2307);
#2305 = CARTESIAN_POINT('',(5.510910596163E-17,0.,10.55));
#2306 = DIRECTION('',(-1.224646799147E-16,-0.,1.));
#2307 = DIRECTION('',(-1.,0.,-1.224646799147E-16));
#2308 = ADVANCED_FACE('',(#2309),#2378,.T.);
#2309 = FACE_BOUND('',#2310,.F.);
#2310 = EDGE_LOOP('',(#2311,#2333,#2344,#2353,#2370,#2377));
#2311 = ORIENTED_EDGE('',*,*,#2312,.T.);
#2312 = EDGE_CURVE('',#2160,#2313,#2315,.T.);
#2313 = VERTEX_POINT('',#2314);
#2314 = CARTESIAN_POINT('',(17.169342858787,-8.108527092402,
    10.968659884898));
#2315 = B_SPLINE_CURVE_WITH_KNOTS('',6,(#2316,#2317,#2318,#2319,#2320,
    #2321,#2322,#2323,#2324,#2325,#2326,#2327,#2328,#2329,#2330,#2331,
    #2332),.UNSPECIFIED.,.F.,.F.,(7,5,5,7),(0.,0.494087634599,
    0.960822299577,1.),.UNSPECIFIED.);
#2316 = CARTESIAN_POINT('',(16.964748754124,-8.378307717234,10.56));
#2317 = CARTESIAN_POINT('',(16.9654951762,-8.37732347473,10.607384681242
    ));
#2318 = CARTESIAN_POINT('',(16.970485926627,-8.370742601977,
    10.654634633884));
#2319 = CARTESIAN_POINT('',(16.979706006339,-8.358584876955,
    10.700723034369));
#2320 = CARTESIAN_POINT('',(16.992967886771,-8.34109757743,
    10.744661905404));
#2321 = CARTESIAN_POINT('',(17.009947948466,-8.318707432507,
    10.7855872797));
#2322 = CARTESIAN_POINT('',(17.04936188686,-8.266735666534,
    10.85795471863));
#2323 = CARTESIAN_POINT('',(17.071445749475,-8.237615578911,
    10.889803654652));
#2324 = CARTESIAN_POINT('',(17.09611139,-8.205091123117,10.917764916036)
  );
#2325 = CARTESIAN_POINT('',(17.122934897984,-8.169721273356,
    10.941407152947));
#2326 = CARTESIAN_POINT('',(17.151465850634,-8.132099963368,
    10.960447700513));
#2327 = CARTESIAN_POINT('',(17.183740409795,-8.0895422819,
    10.975927173319));
#2328 = CARTESIAN_POINT('',(17.186248514081,-8.086235060792,
    10.977092365136));
#2329 = CARTESIAN_POINT('',(17.188765135879,-8.082916608375,
    10.978223936849));
#2330 = CARTESIAN_POINT('',(17.191290007498,-8.07958727763,
    10.979321803174));
#2331 = CARTESIAN_POINT('',(17.193822848235,-8.076247438695,
    10.980385879767));
#2332 = CARTESIAN_POINT('',(17.196363364379,-8.072897478861,
    10.981416083235));
#2333 = ORIENTED_EDGE('',*,*,#2334,.T.);
#2334 = EDGE_CURVE('',#2313,#2335,#2337,.T.);
#2335 = VERTEX_POINT('',#2336);
#2336 = CARTESIAN_POINT('',(17.269066229957,-7.947829321015,11.));
#2337 = B_SPLINE_CURVE_WITH_KNOTS('',5,(#2338,#2339,#2340,#2341,#2342,
    #2343),.UNSPECIFIED.,.F.,.F.,(6,6),(0.,1.),
  .PIECEWISE_BEZIER_KNOTS.);
#2338 = CARTESIAN_POINT('',(17.145374603622,-8.147150387462,
    10.950613910875));
#2339 = CARTESIAN_POINT('',(17.168181762719,-8.110398123719,
    10.970096624684));
#2340 = CARTESIAN_POINT('',(17.192382820233,-8.071399682711,
    10.984996064571));
#2341 = CARTESIAN_POINT('',(17.217560155526,-8.03082803312,
    10.99500572291));
#2342 = CARTESIAN_POINT('',(17.243269398586,-7.98939924852,11.));
#2343 = CARTESIAN_POINT('',(17.269066229957,-7.947829321015,11.));
#2344 = ORIENTED_EDGE('',*,*,#2345,.F.);
#2345 = EDGE_CURVE('',#2346,#2335,#2348,.T.);
#2346 = VERTEX_POINT('',#2347);
#2347 = CARTESIAN_POINT('',(18.747802456562,-0.287059313956,11.));
#2348 = CIRCLE('',#2349,3.95);
#2349 = AXIS2_PLACEMENT_3D('',#2350,#2351,#2352);
#2350 = CARTESIAN_POINT('',(17.4,-4.,11.));
#2351 = DIRECTION('',(1.224646799147E-16,0.,-1.));
#2352 = DIRECTION('',(-1.,0.,-1.224646799147E-16));
#2353 = ORIENTED_EDGE('',*,*,#2354,.T.);
#2354 = EDGE_CURVE('',#2346,#2355,#2357,.T.);
#2355 = VERTEX_POINT('',#2356);
#2356 = CARTESIAN_POINT('',(19.199994160453,1.497459796881E-02,10.55));
#2357 = B_SPLINE_CURVE_WITH_KNOTS('',6,(#2358,#2359,#2360,#2361,#2362,
    #2363,#2364,#2365,#2366,#2367,#2368,#2369),.UNSPECIFIED.,.F.,.F.,(7,
    5,7),(0.,0.502085760142,1.),.UNSPECIFIED.);
#2358 = CARTESIAN_POINT('',(18.747802456562,-0.287059313983,11.));
#2359 = CARTESIAN_POINT('',(18.806813216417,-0.246371957247,
    11.000000080965));
#2360 = CARTESIAN_POINT('',(18.865755148411,-0.206166040586,
    10.990910731141));
#2361 = CARTESIAN_POINT('',(18.922926473878,-0.167590508637,
    10.97270561846));
#2362 = CARTESIAN_POINT('',(18.97661881911,-0.13171611977,
    10.945726848887));
#2363 = CARTESIAN_POINT('',(19.025183948208,-9.951786301375E-02,
    10.910754939038));
#2364 = CARTESIAN_POINT('',(19.108953464158,-4.429618113092E-02,
    10.827622677274));
#2365 = CARTESIAN_POINT('',(19.144276827313,-2.119118600366E-02,
    10.779562797606));
#2366 = CARTESIAN_POINT('',(19.171849229461,-3.266769074387E-03,
    10.726037922963));
#2367 = CARTESIAN_POINT('',(19.190615092485,8.895675597038E-03,
    10.668653582967));
#2368 = CARTESIAN_POINT('',(19.199994160453,1.497459796901E-02,
    10.609320887902));
#2369 = CARTESIAN_POINT('',(19.199994160453,1.497459796901E-02,10.55));
#2370 = ORIENTED_EDGE('',*,*,#2371,.T.);
#2371 = EDGE_CURVE('',#2355,#2158,#2372,.T.);
#2372 = CIRCLE('',#2373,4.4);
#2373 = AXIS2_PLACEMENT_3D('',#2374,#2375,#2376);
#2374 = CARTESIAN_POINT('',(17.4,-4.,10.55));
#2375 = DIRECTION('',(1.224646799147E-16,0.,-1.));
#2376 = DIRECTION('',(-1.,0.,-1.224646799147E-16));
#2377 = ORIENTED_EDGE('',*,*,#2157,.T.);
#2378 = TOROIDAL_SURFACE('',#2379,3.95,0.45);
#2379 = AXIS2_PLACEMENT_3D('',#2380,#2381,#2382);
#2380 = CARTESIAN_POINT('',(17.4,-4.,10.55));
#2381 = DIRECTION('',(-1.224646799147E-16,-0.,1.));
#2382 = DIRECTION('',(-1.,0.,-1.224646799147E-16));
#2383 = ADVANCED_FACE('',(#2384),#2410,.T.);
#2384 = FACE_BOUND('',#2385,.T.);
#2385 = EDGE_LOOP('',(#2386,#2387,#2395,#2403,#2409));
#2386 = ORIENTED_EDGE('',*,*,#2312,.T.);
#2387 = ORIENTED_EDGE('',*,*,#2388,.T.);
#2388 = EDGE_CURVE('',#2313,#2389,#2391,.T.);
#2389 = VERTEX_POINT('',#2390);
#2390 = CARTESIAN_POINT('',(17.169342858787,-8.108527092402,10.6));
#2391 = LINE('',#2392,#2393);
#2392 = CARTESIAN_POINT('',(17.169342858787,-8.108527092402,11.));
#2393 = VECTOR('',#2394,1.);
#2394 = DIRECTION('',(1.224646799147E-16,0.,-1.));
#2395 = ORIENTED_EDGE('',*,*,#2396,.T.);
#2396 = EDGE_CURVE('',#2389,#2397,#2399,.T.);
#2397 = VERTEX_POINT('',#2398);
#2398 = CARTESIAN_POINT('',(16.899137802865,-8.464823227814,10.6));
#2399 = LINE('',#2400,#2401);
#2400 = CARTESIAN_POINT('',(17.169342858787,-8.108527092402,10.6));
#2401 = VECTOR('',#2402,1.);
#2402 = DIRECTION('',(-0.604260764238,-0.796786626898,
    -7.400060107739E-17));
#2403 = ORIENTED_EDGE('',*,*,#2404,.F.);
#2404 = EDGE_CURVE('',#2227,#2397,#2405,.T.);
#2405 = LINE('',#2406,#2407);
#2406 = CARTESIAN_POINT('',(16.899137802865,-8.464823227814,11.));
#2407 = VECTOR('',#2408,1.);
#2408 = DIRECTION('',(1.224646799147E-16,0.,-1.));
#2409 = ORIENTED_EDGE('',*,*,#2263,.T.);
#2410 = PLANE('',#2411);
#2411 = AXIS2_PLACEMENT_3D('',#2412,#2413,#2414);
#2412 = CARTESIAN_POINT('',(17.169342858787,-8.108527092402,11.));
#2413 = DIRECTION('',(-0.796786626898,0.604260764238,-9.757821922337E-17
    ));
#2414 = DIRECTION('',(-0.604260764238,-0.796786626898,
    -7.400060107739E-17));
#2415 = ADVANCED_FACE('',(#2416),#2434,.T.);
#2416 = FACE_BOUND('',#2417,.T.);
#2417 = EDGE_LOOP('',(#2418,#2419,#2420,#2428));
#2418 = ORIENTED_EDGE('',*,*,#2226,.T.);
#2419 = ORIENTED_EDGE('',*,*,#2404,.T.);
#2420 = ORIENTED_EDGE('',*,*,#2421,.T.);
#2421 = EDGE_CURVE('',#2397,#2422,#2424,.T.);
#2422 = VERTEX_POINT('',#2423);
#2423 = CARTESIAN_POINT('',(16.601012465071,-8.787751221477,10.6));
#2424 = LINE('',#2425,#2426);
#2425 = CARTESIAN_POINT('',(16.899137802865,-8.464823227814,10.6));
#2426 = VECTOR('',#2427,1.);
#2427 = DIRECTION('',(-0.678326734811,-0.734760396891,
    -8.307106645629E-17));
#2428 = ORIENTED_EDGE('',*,*,#2429,.F.);
#2429 = EDGE_CURVE('',#2217,#2422,#2430,.T.);
#2430 = LINE('',#2431,#2432);
#2431 = CARTESIAN_POINT('',(16.601012465071,-8.787751221477,11.));
#2432 = VECTOR('',#2433,1.);
#2433 = DIRECTION('',(1.224646799147E-16,0.,-1.));
#2434 = PLANE('',#2435);
#2435 = AXIS2_PLACEMENT_3D('',#2436,#2437,#2438);
#2436 = CARTESIAN_POINT('',(16.899137802865,-8.464823227814,11.));
#2437 = DIRECTION('',(-0.734760396891,0.678326734811,-8.998219681934E-17
    ));
#2438 = DIRECTION('',(-0.678326734811,-0.734760396891,
    -8.307106645629E-17));
#2439 = ADVANCED_FACE('',(#2440),#2466,.T.);
#2440 = FACE_BOUND('',#2441,.T.);
#2441 = EDGE_LOOP('',(#2442,#2443,#2444,#2452,#2460));
#2442 = ORIENTED_EDGE('',*,*,#2216,.T.);
#2443 = ORIENTED_EDGE('',*,*,#2429,.T.);
#2444 = ORIENTED_EDGE('',*,*,#2445,.T.);
#2445 = EDGE_CURVE('',#2422,#2446,#2448,.T.);
#2446 = VERTEX_POINT('',#2447);
#2447 = CARTESIAN_POINT('',(16.27783795538,-9.074201100282,10.6));
#2448 = LINE('',#2449,#2450);
#2449 = CARTESIAN_POINT('',(16.601012465071,-8.787751221477,10.6));
#2450 = VECTOR('',#2451,1.);
#2451 = DIRECTION('',(-0.748347232086,-0.663307183912,
    -9.164610424246E-17));
#2452 = ORIENTED_EDGE('',*,*,#2453,.F.);
#2453 = EDGE_CURVE('',#2454,#2446,#2456,.T.);
#2454 = VERTEX_POINT('',#2455);
#2455 = CARTESIAN_POINT('',(16.27783795538,-9.074201100282,11.));
#2456 = LINE('',#2457,#2458);
#2457 = CARTESIAN_POINT('',(16.27783795538,-9.074201100282,11.));
#2458 = VECTOR('',#2459,1.);
#2459 = DIRECTION('',(1.224646799147E-16,0.,-1.));
#2460 = ORIENTED_EDGE('',*,*,#2461,.F.);
#2461 = EDGE_CURVE('',#2208,#2454,#2462,.T.);
#2462 = LINE('',#2463,#2464);
#2463 = CARTESIAN_POINT('',(16.601012465071,-8.787751221477,11.));
#2464 = VECTOR('',#2465,1.);
#2465 = DIRECTION('',(-0.748347232086,-0.663307183912,
    -9.164610424246E-17));
#2466 = PLANE('',#2467);
#2467 = AXIS2_PLACEMENT_3D('',#2468,#2469,#2470);
#2468 = CARTESIAN_POINT('',(16.601012465071,-8.787751221477,11.));
#2469 = DIRECTION('',(-0.663307183912,0.748347232086,-8.123170196296E-17
    ));
#2470 = DIRECTION('',(-0.748347232086,-0.663307183912,
    -9.164610424246E-17));
#2471 = ADVANCED_FACE('',(#2472,#3702,#3713,#3724),#4238,.T.);
#2472 = FACE_BOUND('',#2473,.T.);
#2473 = EDGE_LOOP('',(#2474,#2485,#2494,#2502,#2510,#2518,#2526,#2534,
    #2542,#2550,#2558,#2566,#2574,#2582,#2590,#2598,#2606,#2614,#2622,
    #2630,#2638,#2646,#2654,#2662,#2670,#2678,#2686,#2694,#2703,#2711,
    #2720,#2728,#2736,#2744,#2753,#2761,#2770,#2778,#2786,#2794,#2803,
    #2811,#2820,#2828,#2836,#2844,#2852,#2860,#2868,#2877,#2885,#2894,
    #2902,#2910,#2918,#2926,#2934,#2942,#2950,#2958,#2966,#2974,#2982,
    #2990,#2998,#3006,#3014,#3022,#3030,#3038,#3046,#3055,#3064,#3073,
    #3082,#3089,#3090,#3091,#3099,#3107,#3115,#3123,#3131,#3139,#3147,
    #3155,#3163,#3171,#3179,#3187,#3195,#3203,#3211,#3219,#3227,#3235,
    #3243,#3251,#3259,#3267,#3275,#3283,#3291,#3300,#3309,#3317,#3326,
    #3334,#3342,#3350,#3359,#3368,#3376,#3385,#3393,#3401,#3409,#3418,
    #3427,#3435,#3444,#3452,#3460,#3468,#3477,#3486,#3494,#3503,#3511,
    #3519,#3527,#3535,#3543,#3551,#3559,#3567,#3575,#3583,#3591,#3599,
    #3607,#3615,#3623,#3631,#3639,#3647,#3655,#3663,#3671,#3679,#3685,
    #3686,#3695));
#2474 = ORIENTED_EDGE('',*,*,#2475,.F.);
#2475 = EDGE_CURVE('',#2476,#2478,#2480,.T.);
#2476 = VERTEX_POINT('',#2477);
#2477 = CARTESIAN_POINT('',(-21.35,-4.,11.));
#2478 = VERTEX_POINT('',#2479);
#2479 = CARTESIAN_POINT('',(-18.74780245656,-0.287059313955,11.));
#2480 = CIRCLE('',#2481,3.95);
#2481 = AXIS2_PLACEMENT_3D('',#2482,#2483,#2484);
#2482 = CARTESIAN_POINT('',(-17.4,-4.,11.));
#2483 = DIRECTION('',(1.224646799147E-16,0.,-1.));
#2484 = DIRECTION('',(-1.,0.,-1.224646799147E-16));
#2485 = ORIENTED_EDGE('',*,*,#2486,.F.);
#2486 = EDGE_CURVE('',#2487,#2476,#2489,.T.);
#2487 = VERTEX_POINT('',#2488);
#2488 = CARTESIAN_POINT('',(-17.46574444784,-7.949452831416,11.));
#2489 = CIRCLE('',#2490,3.95);
#2490 = AXIS2_PLACEMENT_3D('',#2491,#2492,#2493);
#2491 = CARTESIAN_POINT('',(-17.4,-4.,11.));
#2492 = DIRECTION('',(1.224646799147E-16,0.,-1.));
#2493 = DIRECTION('',(-1.,0.,-1.224646799147E-16));
#2494 = ORIENTED_EDGE('',*,*,#2495,.T.);
#2495 = EDGE_CURVE('',#2487,#2496,#2498,.T.);
#2496 = VERTEX_POINT('',#2497);
#2497 = CARTESIAN_POINT('',(-17.61587718382,-7.6684249894,11.));
#2498 = LINE('',#2499,#2500);
#2499 = CARTESIAN_POINT('',(-17.40902541044,-8.05562307189,11.));
#2500 = VECTOR('',#2501,1.);
#2501 = DIRECTION('',(-0.471201983787,0.882025334373,-5.770560011963E-17
    ));
#2502 = ORIENTED_EDGE('',*,*,#2503,.T.);
#2503 = EDGE_CURVE('',#2496,#2504,#2506,.T.);
#2504 = VERTEX_POINT('',#2505);
#2505 = CARTESIAN_POINT('',(-17.78790608329,-7.260343788879,11.));
#2506 = LINE('',#2507,#2508);
#2507 = CARTESIAN_POINT('',(-17.61587718382,-7.6684249894,11.));
#2508 = VECTOR('',#2509,1.);
#2509 = DIRECTION('',(-0.388450611171,0.921469545173,-4.757147975972E-17
    ));
#2510 = ORIENTED_EDGE('',*,*,#2511,.T.);
#2511 = EDGE_CURVE('',#2504,#2512,#2514,.T.);
#2512 = VERTEX_POINT('',#2513);
#2513 = CARTESIAN_POINT('',(-17.9234553765,-6.835309515371,11.));
#2514 = LINE('',#2515,#2516);
#2515 = CARTESIAN_POINT('',(-17.78790608329,-7.260343788879,11.));
#2516 = VECTOR('',#2517,1.);
#2517 = DIRECTION('',(-0.303836851223,0.952724077495,-3.720928273127E-17
    ));
#2518 = ORIENTED_EDGE('',*,*,#2519,.T.);
#2519 = EDGE_CURVE('',#2512,#2520,#2522,.T.);
#2520 = VERTEX_POINT('',#2521);
#2521 = CARTESIAN_POINT('',(-18.02121964965,-6.397415481274,11.));
#2522 = LINE('',#2523,#2524);
#2523 = CARTESIAN_POINT('',(-17.9234553765,-6.835309515371,11.));
#2524 = VECTOR('',#2525,1.);
#2525 = DIRECTION('',(-0.217895639263,0.975972074596,-2.668451971711E-17
    ));
#2526 = ORIENTED_EDGE('',*,*,#2527,.T.);
#2527 = EDGE_CURVE('',#2520,#2528,#2530,.T.);
#2528 = VERTEX_POINT('',#2529);
#2529 = CARTESIAN_POINT('',(-18.08025737935,-5.950878845516,11.));
#2530 = LINE('',#2531,#2532);
#2531 = CARTESIAN_POINT('',(-18.02121964965,-6.397415481274,11.));
#2532 = VECTOR('',#2533,1.);
#2533 = DIRECTION('',(-0.131071895504,0.991372865379,-1.605167772873E-17
    ));
#2534 = ORIENTED_EDGE('',*,*,#2535,.T.);
#2535 = EDGE_CURVE('',#2528,#2536,#2538,.T.);
#2536 = VERTEX_POINT('',#2537);
#2537 = CARTESIAN_POINT('',(-18.1,-5.5,11.));
#2538 = LINE('',#2539,#2540);
#2539 = CARTESIAN_POINT('',(-18.08025737935,-5.950878845516,11.));
#2540 = VECTOR('',#2541,1.);
#2541 = DIRECTION('',(-4.374505869416E-02,0.999042726734,
    -5.357224610831E-18));
#2542 = ORIENTED_EDGE('',*,*,#2543,.T.);
#2543 = EDGE_CURVE('',#2536,#2544,#2546,.T.);
#2544 = VERTEX_POINT('',#2545);
#2545 = CARTESIAN_POINT('',(-18.08025737935,-5.049121154484,11.));
#2546 = LINE('',#2547,#2548);
#2547 = CARTESIAN_POINT('',(-18.1,-5.5,11.));
#2548 = VECTOR('',#2549,1.);
#2549 = DIRECTION('',(4.374505869416E-02,0.999042726734,
    5.357224610831E-18));
#2550 = ORIENTED_EDGE('',*,*,#2551,.T.);
#2551 = EDGE_CURVE('',#2544,#2552,#2554,.T.);
#2552 = VERTEX_POINT('',#2553);
#2553 = CARTESIAN_POINT('',(-18.02121964965,-4.602584518726,11.));
#2554 = LINE('',#2555,#2556);
#2555 = CARTESIAN_POINT('',(-18.08025737935,-5.049121154484,11.));
#2556 = VECTOR('',#2557,1.);
#2557 = DIRECTION('',(0.131071895504,0.991372865379,1.605167772873E-17)
  );
#2558 = ORIENTED_EDGE('',*,*,#2559,.T.);
#2559 = EDGE_CURVE('',#2552,#2560,#2562,.T.);
#2560 = VERTEX_POINT('',#2561);
#2561 = CARTESIAN_POINT('',(-17.9234553765,-4.164690484629,11.));
#2562 = LINE('',#2563,#2564);
#2563 = CARTESIAN_POINT('',(-18.02121964965,-4.602584518726,11.));
#2564 = VECTOR('',#2565,1.);
#2565 = DIRECTION('',(0.217895639263,0.975972074596,2.668451971711E-17)
  );
#2566 = ORIENTED_EDGE('',*,*,#2567,.T.);
#2567 = EDGE_CURVE('',#2560,#2568,#2570,.T.);
#2568 = VERTEX_POINT('',#2569);
#2569 = CARTESIAN_POINT('',(-17.78790608329,-3.739656211121,11.));
#2570 = LINE('',#2571,#2572);
#2571 = CARTESIAN_POINT('',(-17.9234553765,-4.164690484629,11.));
#2572 = VECTOR('',#2573,1.);
#2573 = DIRECTION('',(0.303836851223,0.952724077495,3.720928273127E-17)
  );
#2574 = ORIENTED_EDGE('',*,*,#2575,.T.);
#2575 = EDGE_CURVE('',#2568,#2576,#2578,.T.);
#2576 = VERTEX_POINT('',#2577);
#2577 = CARTESIAN_POINT('',(-17.61587718382,-3.3315750106,11.));
#2578 = LINE('',#2579,#2580);
#2579 = CARTESIAN_POINT('',(-17.78790608329,-3.739656211121,11.));
#2580 = VECTOR('',#2581,1.);
#2581 = DIRECTION('',(0.388450611171,0.921469545173,4.757147975972E-17)
  );
#2582 = ORIENTED_EDGE('',*,*,#2583,.T.);
#2583 = EDGE_CURVE('',#2576,#2584,#2586,.T.);
#2584 = VERTEX_POINT('',#2585);
#2585 = CARTESIAN_POINT('',(-17.40902541044,-2.94437692811,11.));
#2586 = LINE('',#2587,#2588);
#2587 = CARTESIAN_POINT('',(-17.61587718382,-3.3315750106,11.));
#2588 = VECTOR('',#2589,1.);
#2589 = DIRECTION('',(0.471201983787,0.882025334373,5.770560011964E-17)
  );
#2590 = ORIENTED_EDGE('',*,*,#2591,.T.);
#2591 = EDGE_CURVE('',#2584,#2592,#2594,.T.);
#2592 = VERTEX_POINT('',#2593);
#2593 = CARTESIAN_POINT('',(-17.16934285878,-2.581790892847,11.));
#2594 = LINE('',#2595,#2596);
#2595 = CARTESIAN_POINT('',(-17.40902541044,-2.94437692811,11.));
#2596 = VECTOR('',#2597,1.);
#2597 = DIRECTION('',(0.551444280533,0.834211727002,6.753244730632E-17)
  );
#2598 = ORIENTED_EDGE('',*,*,#2599,.T.);
#2599 = EDGE_CURVE('',#2592,#2600,#2602,.T.);
#2600 = VERTEX_POINT('',#2601);
#2601 = CARTESIAN_POINT('',(-16.89913780286,-2.247308806542,11.));
#2602 = LINE('',#2603,#2604);
#2603 = CARTESIAN_POINT('',(-17.16934285878,-2.581790892847,11.));
#2604 = VECTOR('',#2605,1.);
#2605 = DIRECTION('',(0.628402478506,0.777888375673,7.695710838787E-17)
  );
#2606 = ORIENTED_EDGE('',*,*,#2607,.T.);
#2607 = EDGE_CURVE('',#2600,#2608,#2610,.T.);
#2608 = VERTEX_POINT('',#2609);
#2609 = CARTESIAN_POINT('',(-16.60101246507,-1.944151914531,11.));
#2610 = LINE('',#2611,#2612);
#2611 = CARTESIAN_POINT('',(-16.89913780286,-2.247308806542,11.));
#2612 = VECTOR('',#2613,1.);
#2613 = DIRECTION('',(0.701165134008,0.712998916445,8.586796370363E-17)
  );
#2614 = ORIENTED_EDGE('',*,*,#2615,.T.);
#2615 = EDGE_CURVE('',#2608,#2616,#2618,.T.);
#2616 = VERTEX_POINT('',#2617);
#2617 = CARTESIAN_POINT('',(-16.27783795538,-1.675239783408,11.));
#2618 = LINE('',#2619,#2620);
#2619 = CARTESIAN_POINT('',(-16.60101246507,-1.944151914531,11.));
#2620 = VECTOR('',#2621,1.);
#2621 = DIRECTION('',(0.768688940803,0.639622789062,9.413724508941E-17)
  );
#2622 = ORIENTED_EDGE('',*,*,#2623,.T.);
#2623 = EDGE_CURVE('',#2616,#2624,#2626,.T.);
#2624 = VERTEX_POINT('',#2625);
#2625 = CARTESIAN_POINT('',(-15.93272662098,-1.443162183998,11.));
#2626 = LINE('',#2627,#2628);
#2627 = CARTESIAN_POINT('',(-16.27783795538,-1.675239783408,11.));
#2628 = VECTOR('',#2629,1.);
#2629 = DIRECTION('',(0.829820325068,0.558030669501,1.016236804962E-16)
  );
#2630 = ORIENTED_EDGE('',*,*,#2631,.T.);
#2631 = EDGE_CURVE('',#2624,#2632,#2634,.T.);
#2632 = VERTEX_POINT('',#2633);
#2633 = CARTESIAN_POINT('',(-15.56900207269,-1.250154150448,11.));
#2634 = LINE('',#2635,#2636);
#2635 = CARTESIAN_POINT('',(-15.93272662098,-1.443162183998,11.));
#2636 = VECTOR('',#2637,1.);
#2637 = DIRECTION('',(0.883337623271,0.46873728603,1.081776592905E-16));
#2638 = ORIENTED_EDGE('',*,*,#2639,.T.);
#2639 = EDGE_CURVE('',#2632,#2640,#2642,.T.);
#2640 = VERTEX_POINT('',#2641);
#2641 = CARTESIAN_POINT('',(-15.19016717674,-1.098074455632,11.));
#2642 = LINE('',#2643,#2644);
#2643 = CARTESIAN_POINT('',(-15.56900207269,-1.250154150448,11.));
#2644 = VECTOR('',#2645,1.);
#2645 = DIRECTION('',(0.928014987268,0.372542861167,1.136490583718E-16)
  );
#2646 = ORIENTED_EDGE('',*,*,#2647,.T.);
#2647 = EDGE_CURVE('',#2640,#2648,#2650,.T.);
#2648 = VERTEX_POINT('',#2649);
#2649 = CARTESIAN_POINT('',(-14.79987032026,-0.988387710145,11.));
#2650 = LINE('',#2651,#2652);
#2651 = CARTESIAN_POINT('',(-15.19016717674,-1.098074455632,11.));
#2652 = VECTOR('',#2653,1.);
#2653 = DIRECTION('',(0.962705080388,0.270553004409,1.17897369522E-16));
#2654 = ORIENTED_EDGE('',*,*,#2655,.T.);
#2655 = EDGE_CURVE('',#2648,#2656,#2658,.T.);
#2656 = VERTEX_POINT('',#2657);
#2657 = CARTESIAN_POINT('',(-14.40187027535,-0.922150257308,11.));
#2658 = LINE('',#2659,#2660);
#2659 = CARTESIAN_POINT('',(-14.79987032026,-0.988387710145,11.));
#2660 = VECTOR('',#2661,1.);
#2661 = DIRECTION('',(0.986432435506,0.164167750127,1.208031324718E-16)
  );
#2662 = ORIENTED_EDGE('',*,*,#2663,.T.);
#2663 = EDGE_CURVE('',#2656,#2664,#2666,.T.);
#2664 = VERTEX_POINT('',#2665);
#2665 = CARTESIAN_POINT('',(-14.,-0.9,11.));
#2666 = LINE('',#2667,#2668);
#2667 = CARTESIAN_POINT('',(-14.40187027535,-0.922150257308,11.));
#2668 = VECTOR('',#2669,1.);
#2669 = DIRECTION('',(0.998484459222,5.503439554062E-02,
    1.222790796984E-16));
#2670 = ORIENTED_EDGE('',*,*,#2671,.T.);
#2671 = EDGE_CURVE('',#2664,#2672,#2674,.T.);
#2672 = VERTEX_POINT('',#2673);
#2673 = CARTESIAN_POINT('',(-13.59812972464,-0.922150257308,11.));
#2674 = LINE('',#2675,#2676);
#2675 = CARTESIAN_POINT('',(-14.,-0.9,11.));
#2676 = VECTOR('',#2677,1.);
#2677 = DIRECTION('',(0.998484459222,-5.503439554062E-02,
    1.222790796984E-16));
#2678 = ORIENTED_EDGE('',*,*,#2679,.T.);
#2679 = EDGE_CURVE('',#2672,#2680,#2682,.T.);
#2680 = VERTEX_POINT('',#2681);
#2681 = CARTESIAN_POINT('',(-13.43848604005,-0.948719075991,11.));
#2682 = LINE('',#2683,#2684);
#2683 = CARTESIAN_POINT('',(-13.59812972464,-0.922150257308,11.));
#2684 = VECTOR('',#2685,1.);
#2685 = DIRECTION('',(0.986432435506,-0.164167750127,1.208031324718E-16)
  );
#2686 = ORIENTED_EDGE('',*,*,#2687,.F.);
#2687 = EDGE_CURVE('',#2688,#2680,#2690,.T.);
#2688 = VERTEX_POINT('',#2689);
#2689 = CARTESIAN_POINT('',(-11.31915998879,1.907763862657,11.));
#2690 = LINE('',#2691,#2692);
#2691 = CARTESIAN_POINT('',(-11.31915998879,1.907763862657,11.));
#2692 = VECTOR('',#2693,1.);
#2693 = DIRECTION('',(-0.595846924173,-0.803098028234,
    -7.297020284708E-17));
#2694 = ORIENTED_EDGE('',*,*,#2695,.T.);
#2695 = EDGE_CURVE('',#2688,#2696,#2698,.T.);
#2696 = VERTEX_POINT('',#2697);
#2697 = CARTESIAN_POINT('',(-11.06579420015,2.148691300225,11.));
#2698 = CIRCLE('',#2699,1.02);
#2699 = AXIS2_PLACEMENT_3D('',#2700,#2701,#2702);
#2700 = CARTESIAN_POINT('',(-10.5,1.3,11.));
#2701 = DIRECTION('',(1.224646799147E-16,0.,-1.));
#2702 = DIRECTION('',(-1.,0.,-1.224646799147E-16));
#2703 = ORIENTED_EDGE('',*,*,#2704,.F.);
#2704 = EDGE_CURVE('',#2705,#2696,#2707,.T.);
#2705 = VERTEX_POINT('',#2706);
#2706 = CARTESIAN_POINT('',(-8.36579420015,3.948691300225,11.));
#2707 = LINE('',#2708,#2709);
#2708 = CARTESIAN_POINT('',(-8.36579420015,3.948691300225,11.));
#2709 = VECTOR('',#2710,1.);
#2710 = DIRECTION('',(-0.832050294338,-0.554700196225,-1.01896772969E-16
    ));
#2711 = ORIENTED_EDGE('',*,*,#2712,.T.);
#2712 = EDGE_CURVE('',#2705,#2713,#2715,.T.);
#2713 = VERTEX_POINT('',#2714);
#2714 = CARTESIAN_POINT('',(-7.23420579985,2.251308699775,11.));
#2715 = CIRCLE('',#2716,1.02);
#2716 = AXIS2_PLACEMENT_3D('',#2717,#2718,#2719);
#2717 = CARTESIAN_POINT('',(-7.8,3.1,11.));
#2718 = DIRECTION('',(1.224646799147E-16,0.,-1.));
#2719 = DIRECTION('',(-1.,0.,-1.224646799147E-16));
#2720 = ORIENTED_EDGE('',*,*,#2721,.F.);
#2721 = EDGE_CURVE('',#2722,#2713,#2724,.T.);
#2722 = VERTEX_POINT('',#2723);
#2723 = CARTESIAN_POINT('',(-9.786566966825,0.549734588459,11.));
#2724 = LINE('',#2725,#2726);
#2725 = CARTESIAN_POINT('',(-9.93420579985,0.451308699775,11.));
#2726 = VECTOR('',#2727,1.);
#2727 = DIRECTION('',(0.832050294338,0.554700196225,1.01896772969E-16));
#2728 = ORIENTED_EDGE('',*,*,#2729,.F.);
#2729 = EDGE_CURVE('',#2730,#2722,#2732,.T.);
#2730 = VERTEX_POINT('',#2731);
#2731 = CARTESIAN_POINT('',(-11.05037351298,-1.153656843323,11.));
#2732 = LINE('',#2733,#2734);
#2733 = CARTESIAN_POINT('',(-11.9808400112,-2.407763862657,11.));
#2734 = VECTOR('',#2735,1.);
#2735 = DIRECTION('',(0.595846924173,0.803098028234,7.297020284708E-17)
  );
#2736 = ORIENTED_EDGE('',*,*,#2737,.F.);
#2737 = EDGE_CURVE('',#2738,#2730,#2740,.T.);
#2738 = VERTEX_POINT('',#2739);
#2739 = CARTESIAN_POINT('',(-9.059629570317,0.152768869054,11.));
#2740 = LINE('',#2741,#2742);
#2741 = CARTESIAN_POINT('',(-9.059629570317,0.152768869054,11.));
#2742 = VECTOR('',#2743,1.);
#2743 = DIRECTION('',(-0.836047910837,-0.548656441487,-1.02386339794E-16
    ));
#2744 = ORIENTED_EDGE('',*,*,#2745,.T.);
#2745 = EDGE_CURVE('',#2738,#2746,#2748,.T.);
#2746 = VERTEX_POINT('',#2747);
#2747 = CARTESIAN_POINT('',(-8.807153995296,0.272654318437,11.));
#2748 = CIRCLE('',#2749,1.02);
#2749 = AXIS2_PLACEMENT_3D('',#2750,#2751,#2752);
#2750 = CARTESIAN_POINT('',(-8.5,-0.7,11.));
#2751 = DIRECTION('',(1.224646799147E-16,0.,-1.));
#2752 = DIRECTION('',(-1.,0.,-1.224646799147E-16));
#2753 = ORIENTED_EDGE('',*,*,#2754,.F.);
#2754 = EDGE_CURVE('',#2755,#2746,#2757,.T.);
#2755 = VERTEX_POINT('',#2756);
#2756 = CARTESIAN_POINT('',(-5.007153995296,1.472654318437,11.));
#2757 = LINE('',#2758,#2759);
#2758 = CARTESIAN_POINT('',(-5.007153995296,1.472654318437,11.));
#2759 = VECTOR('',#2760,1.);
#2760 = DIRECTION('',(-0.953582665134,-0.301131367937,
    -1.167801958579E-16));
#2761 = ORIENTED_EDGE('',*,*,#2762,.T.);
#2762 = EDGE_CURVE('',#2755,#2763,#2765,.T.);
#2763 = VERTEX_POINT('',#2764);
#2764 = CARTESIAN_POINT('',(-4.392846004704,-0.472654318437,11.));
#2765 = CIRCLE('',#2766,1.02);
#2766 = AXIS2_PLACEMENT_3D('',#2767,#2768,#2769);
#2767 = CARTESIAN_POINT('',(-4.7,0.5,11.));
#2768 = DIRECTION('',(1.224646799147E-16,0.,-1.));
#2769 = DIRECTION('',(-1.,0.,-1.224646799147E-16));
#2770 = ORIENTED_EDGE('',*,*,#2771,.F.);
#2771 = EDGE_CURVE('',#2772,#2763,#2774,.T.);
#2772 = VERTEX_POINT('',#2773);
#2773 = CARTESIAN_POINT('',(-8.058317496451,-1.63017163162,11.));
#2774 = LINE('',#2775,#2776);
#2775 = CARTESIAN_POINT('',(-8.192846004704,-1.672654318437,11.));
#2776 = VECTOR('',#2777,1.);
#2777 = DIRECTION('',(0.953582665134,0.301131367937,1.167801958579E-16)
  );
#2778 = ORIENTED_EDGE('',*,*,#2779,.F.);
#2779 = EDGE_CURVE('',#2780,#2772,#2782,.T.);
#2780 = VERTEX_POINT('',#2781);
#2781 = CARTESIAN_POINT('',(-9.916995489526,-2.849929064576,11.));
#2782 = LINE('',#2783,#2784);
#2783 = CARTESIAN_POINT('',(-11.14037042968,-3.652768869054,11.));
#2784 = VECTOR('',#2785,1.);
#2785 = DIRECTION('',(0.836047910837,0.548656441487,1.02386339794E-16));
#2786 = ORIENTED_EDGE('',*,*,#2787,.F.);
#2787 = EDGE_CURVE('',#2788,#2780,#2790,.T.);
#2788 = VERTEX_POINT('',#2789);
#2789 = CARTESIAN_POINT('',(-7.529606730357,-2.034723146811,11.));
#2790 = LINE('',#2791,#2792);
#2791 = CARTESIAN_POINT('',(-7.529606730357,-2.034723146811,11.));
#2792 = VECTOR('',#2793,1.);
#2793 = DIRECTION('',(-0.946349856068,-0.323143853292,
    -1.158944322107E-16));
#2794 = ORIENTED_EDGE('',*,*,#2795,.T.);
#2795 = EDGE_CURVE('',#2788,#2796,#2798,.T.);
#2796 = VERTEX_POINT('',#2797);
#2797 = CARTESIAN_POINT('',(-7.323475462817,-1.987501204898,11.));
#2798 = CIRCLE('',#2799,1.02);
#2799 = AXIS2_PLACEMENT_3D('',#2800,#2801,#2802);
#2800 = CARTESIAN_POINT('',(-7.2,-3.,11.));
#2801 = DIRECTION('',(1.224646799147E-16,0.,-1.));
#2802 = DIRECTION('',(-1.,0.,-1.224646799147E-16));
#2803 = ORIENTED_EDGE('',*,*,#2804,.F.);
#2804 = EDGE_CURVE('',#2805,#2796,#2807,.T.);
#2805 = VERTEX_POINT('',#2806);
#2806 = CARTESIAN_POINT('',(-3.223475462817,-1.487501204898,11.));
#2807 = LINE('',#2808,#2809);
#2808 = CARTESIAN_POINT('',(-3.223475462817,-1.487501204898,11.));
#2809 = VECTOR('',#2810,1.);
#2810 = DIRECTION('',(-0.992645877551,-0.121054375311,
    -1.215640596629E-16));
#2811 = ORIENTED_EDGE('',*,*,#2812,.T.);
#2812 = EDGE_CURVE('',#2805,#2813,#2815,.T.);
#2813 = VERTEX_POINT('',#2814);
#2814 = CARTESIAN_POINT('',(-2.976524537183,-3.512498795102,11.));
#2815 = CIRCLE('',#2816,1.02);
#2816 = AXIS2_PLACEMENT_3D('',#2817,#2818,#2819);
#2817 = CARTESIAN_POINT('',(-3.1,-2.5,11.));
#2818 = DIRECTION('',(1.224646799147E-16,0.,-1.));
#2819 = DIRECTION('',(-1.,0.,-1.224646799147E-16));
#2820 = ORIENTED_EDGE('',*,*,#2821,.F.);
#2821 = EDGE_CURVE('',#2822,#2813,#2824,.T.);
#2822 = VERTEX_POINT('',#2823);
#2823 = CARTESIAN_POINT('',(-6.970998078609,-3.999629714788,11.));
#2824 = LINE('',#2825,#2826);
#2825 = CARTESIAN_POINT('',(-7.076524537183,-4.012498795102,11.));
#2826 = VECTOR('',#2827,1.);
#2827 = DIRECTION('',(0.992645877551,0.121054375311,1.215640596629E-16)
  );
#2828 = ORIENTED_EDGE('',*,*,#2829,.F.);
#2829 = EDGE_CURVE('',#2830,#2822,#2832,.T.);
#2830 = VERTEX_POINT('',#2831);
#2831 = CARTESIAN_POINT('',(-9.925131971875,-5.008358361269,11.));
#2832 = LINE('',#2833,#2834);
#2833 = CARTESIAN_POINT('',(-10.97039326964,-5.365276853189,11.));
#2834 = VECTOR('',#2835,1.);
#2835 = DIRECTION('',(0.946349856068,0.323143853292,1.158944322107E-16)
  );
#2836 = ORIENTED_EDGE('',*,*,#2837,.T.);
#2837 = EDGE_CURVE('',#2830,#2838,#2840,.T.);
#2838 = VERTEX_POINT('',#2839);
#2839 = CARTESIAN_POINT('',(-9.919742620644,-5.049121154484,11.));
#2840 = LINE('',#2841,#2842);
#2841 = CARTESIAN_POINT('',(-9.978780350347,-4.602584518726,11.));
#2842 = VECTOR('',#2843,1.);
#2843 = DIRECTION('',(0.131071895504,-0.991372865379,1.605167772873E-17)
  );
#2844 = ORIENTED_EDGE('',*,*,#2845,.T.);
#2845 = EDGE_CURVE('',#2838,#2846,#2848,.T.);
#2846 = VERTEX_POINT('',#2847);
#2847 = CARTESIAN_POINT('',(-9.909189107246,-5.29014062312,11.));
#2848 = LINE('',#2849,#2850);
#2849 = CARTESIAN_POINT('',(-9.919742620644,-5.049121154484,11.));
#2850 = VECTOR('',#2851,1.);
#2851 = DIRECTION('',(4.374505869415E-02,-0.999042726734,
    5.357224610831E-18));
#2852 = ORIENTED_EDGE('',*,*,#2853,.F.);
#2853 = EDGE_CURVE('',#2854,#2846,#2856,.T.);
#2854 = VERTEX_POINT('',#2855);
#2855 = CARTESIAN_POINT('',(-7.121318190177,-5.086150068212,11.));
#2856 = LINE('',#2857,#2858);
#2857 = CARTESIAN_POINT('',(-7.074435151078,-5.082719601937,11.));
#2858 = VECTOR('',#2859,1.);
#2859 = DIRECTION('',(-0.997333723592,-7.297563831158E-02,
    -1.221381552278E-16));
#2860 = ORIENTED_EDGE('',*,*,#2861,.F.);
#2861 = EDGE_CURVE('',#2862,#2854,#2864,.T.);
#2862 = VERTEX_POINT('',#2863);
#2863 = CARTESIAN_POINT('',(-3.567686967051,-4.493878197691,11.));
#2864 = LINE('',#2865,#2866);
#2865 = CARTESIAN_POINT('',(-3.567686967051,-4.493878197691,11.));
#2866 = VECTOR('',#2867,1.);
#2867 = DIRECTION('',(-0.986393923832,-0.164398987305,
    -1.207984161519E-16));
#2868 = ORIENTED_EDGE('',*,*,#2869,.T.);
#2869 = EDGE_CURVE('',#2862,#2870,#2872,.T.);
#2870 = VERTEX_POINT('',#2871);
#2871 = CARTESIAN_POINT('',(-3.232313032949,-6.506121802309,11.));
#2872 = CIRCLE('',#2873,1.02);
#2873 = AXIS2_PLACEMENT_3D('',#2874,#2875,#2876);
#2874 = CARTESIAN_POINT('',(-3.4,-5.5,11.));
#2875 = DIRECTION('',(1.224646799147E-16,0.,-1.));
#2876 = DIRECTION('',(-1.,0.,-1.224646799147E-16));
#2877 = ORIENTED_EDGE('',*,*,#2878,.F.);
#2878 = EDGE_CURVE('',#2879,#2870,#2881,.T.);
#2879 = VERTEX_POINT('',#2880);
#2880 = CARTESIAN_POINT('',(-6.832313032949,-7.106121802309,11.));
#2881 = LINE('',#2882,#2883);
#2882 = CARTESIAN_POINT('',(-6.832313032949,-7.106121802309,11.));
#2883 = VECTOR('',#2884,1.);
#2884 = DIRECTION('',(0.986393923832,0.164398987305,1.207984161519E-16)
  );
#2885 = ORIENTED_EDGE('',*,*,#2886,.T.);
#2886 = EDGE_CURVE('',#2879,#2887,#2889,.T.);
#2887 = VERTEX_POINT('',#2888);
#2888 = CARTESIAN_POINT('',(-6.925564848922,-7.117280398063,11.));
#2889 = CIRCLE('',#2890,1.02);
#2890 = AXIS2_PLACEMENT_3D('',#2891,#2892,#2893);
#2891 = CARTESIAN_POINT('',(-7.,-6.1,11.));
#2892 = DIRECTION('',(1.224646799147E-16,0.,-1.));
#2893 = DIRECTION('',(-1.,0.,-1.224646799147E-16));
#2894 = ORIENTED_EDGE('',*,*,#2895,.F.);
#2895 = EDGE_CURVE('',#2896,#2887,#2898,.T.);
#2896 = VERTEX_POINT('',#2897);
#2897 = CARTESIAN_POINT('',(-10.25446648005,-7.360858566195,11.));
#2898 = LINE('',#2899,#2900);
#2899 = CARTESIAN_POINT('',(-11.02556484892,-7.417280398063,11.));
#2900 = VECTOR('',#2901,1.);
#2901 = DIRECTION('',(0.997333723592,7.297563831158E-02,
    1.221381552278E-16));
#2902 = ORIENTED_EDGE('',*,*,#2903,.T.);
#2903 = EDGE_CURVE('',#2896,#2904,#2906,.T.);
#2904 = VERTEX_POINT('',#2905);
#2905 = CARTESIAN_POINT('',(-10.38412281617,-7.6684249894,11.));
#2906 = LINE('',#2907,#2908);
#2907 = CARTESIAN_POINT('',(-10.2120939167,-7.260343788879,11.));
#2908 = VECTOR('',#2909,1.);
#2909 = DIRECTION('',(-0.388450611171,-0.921469545173,
    -4.757147975972E-17));
#2910 = ORIENTED_EDGE('',*,*,#2911,.T.);
#2911 = EDGE_CURVE('',#2904,#2912,#2914,.T.);
#2912 = VERTEX_POINT('',#2913);
#2913 = CARTESIAN_POINT('',(-10.59097458956,-8.05562307189,11.));
#2914 = LINE('',#2915,#2916);
#2915 = CARTESIAN_POINT('',(-10.38412281617,-7.6684249894,11.));
#2916 = VECTOR('',#2917,1.);
#2917 = DIRECTION('',(-0.471201983787,-0.882025334373,
    -5.770560011963E-17));
#2918 = ORIENTED_EDGE('',*,*,#2919,.T.);
#2919 = EDGE_CURVE('',#2912,#2920,#2922,.T.);
#2920 = VERTEX_POINT('',#2921);
#2921 = CARTESIAN_POINT('',(-10.83065714121,-8.418209107153,11.));
#2922 = LINE('',#2923,#2924);
#2923 = CARTESIAN_POINT('',(-10.59097458956,-8.05562307189,11.));
#2924 = VECTOR('',#2925,1.);
#2925 = DIRECTION('',(-0.551444280533,-0.834211727002,
    -6.753244730632E-17));
#2926 = ORIENTED_EDGE('',*,*,#2927,.T.);
#2927 = EDGE_CURVE('',#2920,#2928,#2930,.T.);
#2928 = VERTEX_POINT('',#2929);
#2929 = CARTESIAN_POINT('',(-11.10086219713,-8.752691193458,11.));
#2930 = LINE('',#2931,#2932);
#2931 = CARTESIAN_POINT('',(-10.83065714121,-8.418209107153,11.));
#2932 = VECTOR('',#2933,1.);
#2933 = DIRECTION('',(-0.628402478506,-0.777888375673,
    -7.695710838787E-17));
#2934 = ORIENTED_EDGE('',*,*,#2935,.T.);
#2935 = EDGE_CURVE('',#2928,#2936,#2938,.T.);
#2936 = VERTEX_POINT('',#2937);
#2937 = CARTESIAN_POINT('',(-11.39898753492,-9.055848085469,11.));
#2938 = LINE('',#2939,#2940);
#2939 = CARTESIAN_POINT('',(-11.10086219713,-8.752691193458,11.));
#2940 = VECTOR('',#2941,1.);
#2941 = DIRECTION('',(-0.701165134008,-0.712998916445,
    -8.586796370363E-17));
#2942 = ORIENTED_EDGE('',*,*,#2943,.T.);
#2943 = EDGE_CURVE('',#2936,#2944,#2946,.T.);
#2944 = VERTEX_POINT('',#2945);
#2945 = CARTESIAN_POINT('',(-11.72216204462,-9.324760216592,11.));
#2946 = LINE('',#2947,#2948);
#2947 = CARTESIAN_POINT('',(-11.39898753492,-9.055848085469,11.));
#2948 = VECTOR('',#2949,1.);
#2949 = DIRECTION('',(-0.768688940803,-0.639622789062,
    -9.413724508941E-17));
#2950 = ORIENTED_EDGE('',*,*,#2951,.T.);
#2951 = EDGE_CURVE('',#2944,#2952,#2954,.T.);
#2952 = VERTEX_POINT('',#2953);
#2953 = CARTESIAN_POINT('',(-12.06727337901,-9.556837816002,11.));
#2954 = LINE('',#2955,#2956);
#2955 = CARTESIAN_POINT('',(-11.72216204462,-9.324760216592,11.));
#2956 = VECTOR('',#2957,1.);
#2957 = DIRECTION('',(-0.829820325068,-0.558030669501,
    -1.016236804962E-16));
#2958 = ORIENTED_EDGE('',*,*,#2959,.T.);
#2959 = EDGE_CURVE('',#2952,#2960,#2962,.T.);
#2960 = VERTEX_POINT('',#2961);
#2961 = CARTESIAN_POINT('',(-12.4309979273,-9.749845849552,11.));
#2962 = LINE('',#2963,#2964);
#2963 = CARTESIAN_POINT('',(-12.06727337901,-9.556837816002,11.));
#2964 = VECTOR('',#2965,1.);
#2965 = DIRECTION('',(-0.883337623271,-0.46873728603,-1.081776592905E-16
    ));
#2966 = ORIENTED_EDGE('',*,*,#2967,.T.);
#2967 = EDGE_CURVE('',#2960,#2968,#2970,.T.);
#2968 = VERTEX_POINT('',#2969);
#2969 = CARTESIAN_POINT('',(-12.80983282325,-9.901925544368,11.));
#2970 = LINE('',#2971,#2972);
#2971 = CARTESIAN_POINT('',(-12.4309979273,-9.749845849552,11.));
#2972 = VECTOR('',#2973,1.);
#2973 = DIRECTION('',(-0.928014987268,-0.372542861167,
    -1.136490583718E-16));
#2974 = ORIENTED_EDGE('',*,*,#2975,.T.);
#2975 = EDGE_CURVE('',#2968,#2976,#2978,.T.);
#2976 = VERTEX_POINT('',#2977);
#2977 = CARTESIAN_POINT('',(-13.20012967973,-10.01161228985,11.));
#2978 = LINE('',#2979,#2980);
#2979 = CARTESIAN_POINT('',(-12.80983282325,-9.901925544368,11.));
#2980 = VECTOR('',#2981,1.);
#2981 = DIRECTION('',(-0.962705080388,-0.270553004409,-1.17897369522E-16
    ));
#2982 = ORIENTED_EDGE('',*,*,#2983,.T.);
#2983 = EDGE_CURVE('',#2976,#2984,#2986,.T.);
#2984 = VERTEX_POINT('',#2985);
#2985 = CARTESIAN_POINT('',(-13.59812972464,-10.07784974269,11.));
#2986 = LINE('',#2987,#2988);
#2987 = CARTESIAN_POINT('',(-13.20012967973,-10.01161228985,11.));
#2988 = VECTOR('',#2989,1.);
#2989 = DIRECTION('',(-0.986432435506,-0.164167750127,
    -1.208031324718E-16));
#2990 = ORIENTED_EDGE('',*,*,#2991,.T.);
#2991 = EDGE_CURVE('',#2984,#2992,#2994,.T.);
#2992 = VERTEX_POINT('',#2993);
#2993 = CARTESIAN_POINT('',(-14.,-10.1,11.));
#2994 = LINE('',#2995,#2996);
#2995 = CARTESIAN_POINT('',(-13.59812972464,-10.07784974269,11.));
#2996 = VECTOR('',#2997,1.);
#2997 = DIRECTION('',(-0.998484459222,-5.503439554062E-02,
    -1.222790796984E-16));
#2998 = ORIENTED_EDGE('',*,*,#2999,.T.);
#2999 = EDGE_CURVE('',#2992,#3000,#3002,.T.);
#3000 = VERTEX_POINT('',#3001);
#3001 = CARTESIAN_POINT('',(-14.40187027535,-10.07784974269,11.));
#3002 = LINE('',#3003,#3004);
#3003 = CARTESIAN_POINT('',(-14.,-10.1,11.));
#3004 = VECTOR('',#3005,1.);
#3005 = DIRECTION('',(-0.998484459222,5.503439554062E-02,
    -1.222790796984E-16));
#3006 = ORIENTED_EDGE('',*,*,#3007,.T.);
#3007 = EDGE_CURVE('',#3000,#3008,#3010,.T.);
#3008 = VERTEX_POINT('',#3009);
#3009 = CARTESIAN_POINT('',(-14.79987032026,-10.01161228985,11.));
#3010 = LINE('',#3011,#3012);
#3011 = CARTESIAN_POINT('',(-14.40187027535,-10.07784974269,11.));
#3012 = VECTOR('',#3013,1.);
#3013 = DIRECTION('',(-0.986432435506,0.164167750127,-1.208031324718E-16
    ));
#3014 = ORIENTED_EDGE('',*,*,#3015,.T.);
#3015 = EDGE_CURVE('',#3008,#3016,#3018,.T.);
#3016 = VERTEX_POINT('',#3017);
#3017 = CARTESIAN_POINT('',(-15.19016717674,-9.901925544368,11.));
#3018 = LINE('',#3019,#3020);
#3019 = CARTESIAN_POINT('',(-14.79987032026,-10.01161228985,11.));
#3020 = VECTOR('',#3021,1.);
#3021 = DIRECTION('',(-0.962705080388,0.270553004409,-1.17897369522E-16)
  );
#3022 = ORIENTED_EDGE('',*,*,#3023,.T.);
#3023 = EDGE_CURVE('',#3016,#3024,#3026,.T.);
#3024 = VERTEX_POINT('',#3025);
#3025 = CARTESIAN_POINT('',(-15.56900207269,-9.749845849552,11.));
#3026 = LINE('',#3027,#3028);
#3027 = CARTESIAN_POINT('',(-15.19016717674,-9.901925544368,11.));
#3028 = VECTOR('',#3029,1.);
#3029 = DIRECTION('',(-0.928014987268,0.372542861167,-1.136490583718E-16
    ));
#3030 = ORIENTED_EDGE('',*,*,#3031,.T.);
#3031 = EDGE_CURVE('',#3024,#3032,#3034,.T.);
#3032 = VERTEX_POINT('',#3033);
#3033 = CARTESIAN_POINT('',(-15.93272662098,-9.556837816002,11.));
#3034 = LINE('',#3035,#3036);
#3035 = CARTESIAN_POINT('',(-15.56900207269,-9.749845849552,11.));
#3036 = VECTOR('',#3037,1.);
#3037 = DIRECTION('',(-0.883337623271,0.46873728603,-1.081776592905E-16)
  );
#3038 = ORIENTED_EDGE('',*,*,#3039,.T.);
#3039 = EDGE_CURVE('',#3032,#3040,#3042,.T.);
#3040 = VERTEX_POINT('',#3041);
#3041 = CARTESIAN_POINT('',(-16.2599946058,-9.336759363886,11.));
#3042 = LINE('',#3043,#3044);
#3043 = CARTESIAN_POINT('',(-15.93272662098,-9.556837816002,11.));
#3044 = VECTOR('',#3045,1.);
#3045 = DIRECTION('',(-0.829820325068,0.558030669501,-1.016236804962E-16
    ));
#3046 = ORIENTED_EDGE('',*,*,#3047,.F.);
#3047 = EDGE_CURVE('',#3048,#3040,#3050,.T.);
#3048 = VERTEX_POINT('',#3049);
#3049 = CARTESIAN_POINT('',(-16.00485727935,-9.767652914974,11.));
#3050 = CIRCLE('',#3051,18.75);
#3051 = AXIS2_PLACEMENT_3D('',#3052,#3053,#3054);
#3052 = CARTESIAN_POINT('',(0.,0.,11.));
#3053 = DIRECTION('',(1.224646799147E-16,0.,-1.));
#3054 = DIRECTION('',(-1.,0.,-1.224646799147E-16));
#3055 = ORIENTED_EDGE('',*,*,#3056,.F.);
#3056 = EDGE_CURVE('',#3057,#3048,#3059,.T.);
#3057 = VERTEX_POINT('',#3058);
#3058 = CARTESIAN_POINT('',(-19.35,-14.,11.));
#3059 = CIRCLE('',#3060,4.35);
#3060 = AXIS2_PLACEMENT_3D('',#3061,#3062,#3063);
#3061 = CARTESIAN_POINT('',(-15.,-14.,11.));
#3062 = DIRECTION('',(1.224646799147E-16,0.,-1.));
#3063 = DIRECTION('',(-1.,0.,-1.224646799147E-16));
#3064 = ORIENTED_EDGE('',*,*,#3065,.F.);
#3065 = EDGE_CURVE('',#3066,#3057,#3068,.T.);
#3066 = VERTEX_POINT('',#3067);
#3067 = CARTESIAN_POINT('',(-10.84692419332,-15.29400979286,11.));
#3068 = CIRCLE('',#3069,4.35);
#3069 = AXIS2_PLACEMENT_3D('',#3070,#3071,#3072);
#3070 = CARTESIAN_POINT('',(-15.,-14.,11.));
#3071 = DIRECTION('',(1.224646799147E-16,0.,-1.));
#3072 = DIRECTION('',(-1.,0.,-1.224646799147E-16));
#3073 = ORIENTED_EDGE('',*,*,#3074,.F.);
#3074 = EDGE_CURVE('',#3075,#3066,#3077,.T.);
#3075 = VERTEX_POINT('',#3076);
#3076 = CARTESIAN_POINT('',(10.846924193327,-15.29400979286,11.));
#3077 = CIRCLE('',#3078,18.75);
#3078 = AXIS2_PLACEMENT_3D('',#3079,#3080,#3081);
#3079 = CARTESIAN_POINT('',(0.,0.,11.));
#3080 = DIRECTION('',(1.224646799147E-16,0.,-1.));
#3081 = DIRECTION('',(-1.,0.,-1.224646799147E-16));
#3082 = ORIENTED_EDGE('',*,*,#3083,.F.);
#3083 = EDGE_CURVE('',#2186,#3075,#3084,.T.);
#3084 = CIRCLE('',#3085,4.35);
#3085 = AXIS2_PLACEMENT_3D('',#3086,#3087,#3088);
#3086 = CARTESIAN_POINT('',(15.,-14.,11.));
#3087 = DIRECTION('',(1.224646799147E-16,0.,-1.));
#3088 = DIRECTION('',(-1.,0.,-1.224646799147E-16));
#3089 = ORIENTED_EDGE('',*,*,#2207,.F.);
#3090 = ORIENTED_EDGE('',*,*,#2461,.T.);
#3091 = ORIENTED_EDGE('',*,*,#3092,.T.);
#3092 = EDGE_CURVE('',#2454,#3093,#3095,.T.);
#3093 = VERTEX_POINT('',#3094);
#3094 = CARTESIAN_POINT('',(15.932726620987,-9.321414195307,11.));
#3095 = LINE('',#3096,#3097);
#3096 = CARTESIAN_POINT('',(16.27783795538,-9.074201100282,11.));
#3097 = VECTOR('',#3098,1.);
#3098 = DIRECTION('',(-0.812947261099,-0.582337316915,
    -9.955732611802E-17));
#3099 = ORIENTED_EDGE('',*,*,#3100,.T.);
#3100 = EDGE_CURVE('',#3093,#3101,#3103,.T.);
#3101 = VERTEX_POINT('',#3102);
#3102 = CARTESIAN_POINT('',(15.569002072697,-9.527009709305,11.));
#3103 = LINE('',#3104,#3105);
#3104 = CARTESIAN_POINT('',(15.932726620987,-9.321414195307,11.));
#3105 = VECTOR('',#3106,1.);
#3106 = DIRECTION('',(-0.870550459715,-0.492079157341,
    -1.066116833987E-16));
#3107 = ORIENTED_EDGE('',*,*,#3108,.T.);
#3108 = EDGE_CURVE('',#3101,#3109,#3111,.T.);
#3109 = VERTEX_POINT('',#3110);
#3110 = CARTESIAN_POINT('',(15.190167176743,-9.689007645088,11.));
#3111 = LINE('',#3112,#3113);
#3112 = CARTESIAN_POINT('',(15.569002072697,-9.527009709305,11.));
#3113 = VECTOR('',#3114,1.);
#3114 = DIRECTION('',(-0.919460982287,-0.393181258522,
    -1.126014948898E-16));
#3115 = ORIENTED_EDGE('',*,*,#3116,.T.);
#3116 = EDGE_CURVE('',#3109,#3117,#3119,.T.);
#3117 = VERTEX_POINT('',#3118);
#3118 = CARTESIAN_POINT('',(14.799870320266,-9.805847873976,11.));
#3119 = LINE('',#3120,#3121);
#3120 = CARTESIAN_POINT('',(15.190167176743,-9.689007645088,11.));
#3121 = VECTOR('',#3122,1.);
#3122 = DIRECTION('',(-0.957994219091,-0.286787510518,
    -1.173204554011E-16));
#3123 = ORIENTED_EDGE('',*,*,#3124,.T.);
#3124 = EDGE_CURVE('',#3117,#3125,#3127,.T.);
#3125 = VERTEX_POINT('',#3126);
#3126 = CARTESIAN_POINT('',(14.401870275351,-9.876405160694,11.));
#3127 = LINE('',#3128,#3129);
#3128 = CARTESIAN_POINT('',(14.799870320266,-9.805847873976,11.));
#3129 = VECTOR('',#3130,1.);
#3130 = DIRECTION('',(-0.98464692735,-0.174557808364,-1.205844707869E-16
    ));
#3131 = ORIENTED_EDGE('',*,*,#3132,.T.);
#3132 = EDGE_CURVE('',#3125,#3133,#3135,.T.);
#3133 = VERTEX_POINT('',#3134);
#3134 = CARTESIAN_POINT('',(14.,-9.9,11.));
#3135 = LINE('',#3136,#3137);
#3136 = CARTESIAN_POINT('',(14.401870275351,-9.876405160694,11.));
#3137 = VECTOR('',#3138,1.);
#3138 = DIRECTION('',(-0.998280860024,-5.861164141632E-02,
    -1.222541459879E-16));
#3139 = ORIENTED_EDGE('',*,*,#3140,.T.);
#3140 = EDGE_CURVE('',#3133,#3141,#3143,.T.);
#3141 = VERTEX_POINT('',#3142);
#3142 = CARTESIAN_POINT('',(13.598129724649,-9.876405160694,11.));
#3143 = LINE('',#3144,#3145);
#3144 = CARTESIAN_POINT('',(14.,-9.9,11.));
#3145 = VECTOR('',#3146,1.);
#3146 = DIRECTION('',(-0.998280860024,5.861164141632E-02,
    -1.222541459879E-16));
#3147 = ORIENTED_EDGE('',*,*,#3148,.T.);
#3148 = EDGE_CURVE('',#3141,#3149,#3151,.T.);
#3149 = VERTEX_POINT('',#3150);
#3150 = CARTESIAN_POINT('',(13.200129679734,-9.805847873976,11.));
#3151 = LINE('',#3152,#3153);
#3152 = CARTESIAN_POINT('',(13.598129724649,-9.876405160694,11.));
#3153 = VECTOR('',#3154,1.);
#3154 = DIRECTION('',(-0.98464692735,0.174557808364,-1.205844707869E-16)
  );
#3155 = ORIENTED_EDGE('',*,*,#3156,.T.);
#3156 = EDGE_CURVE('',#3149,#3157,#3159,.T.);
#3157 = VERTEX_POINT('',#3158);
#3158 = CARTESIAN_POINT('',(12.809832823257,-9.689007645088,11.));
#3159 = LINE('',#3160,#3161);
#3160 = CARTESIAN_POINT('',(13.200129679734,-9.805847873976,11.));
#3161 = VECTOR('',#3162,1.);
#3162 = DIRECTION('',(-0.957994219091,0.286787510518,-1.173204554011E-16
    ));
#3163 = ORIENTED_EDGE('',*,*,#3164,.T.);
#3164 = EDGE_CURVE('',#3157,#3165,#3167,.T.);
#3165 = VERTEX_POINT('',#3166);
#3166 = CARTESIAN_POINT('',(12.430997927303,-9.527009709305,11.));
#3167 = LINE('',#3168,#3169);
#3168 = CARTESIAN_POINT('',(12.809832823257,-9.689007645088,11.));
#3169 = VECTOR('',#3170,1.);
#3170 = DIRECTION('',(-0.919460982287,0.393181258522,-1.126014948898E-16
    ));
#3171 = ORIENTED_EDGE('',*,*,#3172,.T.);
#3172 = EDGE_CURVE('',#3165,#3173,#3175,.T.);
#3173 = VERTEX_POINT('',#3174);
#3174 = CARTESIAN_POINT('',(12.067273379013,-9.321414195307,11.));
#3175 = LINE('',#3176,#3177);
#3176 = CARTESIAN_POINT('',(12.430997927303,-9.527009709305,11.));
#3177 = VECTOR('',#3178,1.);
#3178 = DIRECTION('',(-0.870550459715,0.492079157341,-1.066116833987E-16
    ));
#3179 = ORIENTED_EDGE('',*,*,#3180,.T.);
#3180 = EDGE_CURVE('',#3173,#3181,#3183,.T.);
#3181 = VERTEX_POINT('',#3182);
#3182 = CARTESIAN_POINT('',(11.72216204462,-9.074201100282,11.));
#3183 = LINE('',#3184,#3185);
#3184 = CARTESIAN_POINT('',(12.067273379013,-9.321414195307,11.));
#3185 = VECTOR('',#3186,1.);
#3186 = DIRECTION('',(-0.812947261099,0.582337316915,-9.955732611802E-17
    ));
#3187 = ORIENTED_EDGE('',*,*,#3188,.T.);
#3188 = EDGE_CURVE('',#3181,#3189,#3191,.T.);
#3189 = VERTEX_POINT('',#3190);
#3190 = CARTESIAN_POINT('',(11.398987534929,-8.787751221477,11.));
#3191 = LINE('',#3192,#3193);
#3192 = CARTESIAN_POINT('',(11.72216204462,-9.074201100282,11.));
#3193 = VECTOR('',#3194,1.);
#3194 = DIRECTION('',(-0.748347232086,0.663307183912,-9.164610424246E-17
    ));
#3195 = ORIENTED_EDGE('',*,*,#3196,.T.);
#3196 = EDGE_CURVE('',#3189,#3197,#3199,.T.);
#3197 = VERTEX_POINT('',#3198);
#3198 = CARTESIAN_POINT('',(11.100862197135,-8.464823227814,11.));
#3199 = LINE('',#3200,#3201);
#3200 = CARTESIAN_POINT('',(11.398987534929,-8.787751221477,11.));
#3201 = VECTOR('',#3202,1.);
#3202 = DIRECTION('',(-0.678326734811,0.734760396891,-8.307106645629E-17
    ));
#3203 = ORIENTED_EDGE('',*,*,#3204,.T.);
#3204 = EDGE_CURVE('',#3197,#3205,#3207,.T.);
#3205 = VERTEX_POINT('',#3206);
#3206 = CARTESIAN_POINT('',(10.830657141213,-8.108527092402,11.));
#3207 = LINE('',#3208,#3209);
#3208 = CARTESIAN_POINT('',(11.100862197135,-8.464823227814,11.));
#3209 = VECTOR('',#3210,1.);
#3210 = DIRECTION('',(-0.604260764238,0.796786626898,-7.400060107739E-17
    ));
#3211 = ORIENTED_EDGE('',*,*,#3212,.T.);
#3212 = EDGE_CURVE('',#3205,#3213,#3215,.T.);
#3213 = VERTEX_POINT('',#3214);
#3214 = CARTESIAN_POINT('',(10.59097458956,-7.722294141796,11.));
#3215 = LINE('',#3216,#3217);
#3216 = CARTESIAN_POINT('',(10.830657141213,-8.108527092402,11.));
#3217 = VECTOR('',#3218,1.);
#3218 = DIRECTION('',(-0.527286240917,0.849687719188,-6.45739407174E-17)
  );
#3219 = ORIENTED_EDGE('',*,*,#3220,.T.);
#3220 = EDGE_CURVE('',#3213,#3221,#3223,.T.);
#3221 = VERTEX_POINT('',#3222);
#3222 = CARTESIAN_POINT('',(10.384122816172,-7.309844010447,11.));
#3223 = LINE('',#3224,#3225);
#3224 = CARTESIAN_POINT('',(10.59097458956,-7.722294141796,11.));
#3225 = VECTOR('',#3226,1.);
#3226 = DIRECTION('',(-0.448299852165,0.893883237648,-5.490089790125E-17
    ));
#3227 = ORIENTED_EDGE('',*,*,#3228,.T.);
#3228 = EDGE_CURVE('',#3221,#3229,#3231,.T.);
#3229 = VERTEX_POINT('',#3230);
#3230 = CARTESIAN_POINT('',(10.212093916704,-6.875148818589,11.));
#3231 = LINE('',#3232,#3233);
#3232 = CARTESIAN_POINT('',(10.384122816172,-7.309844010447,11.));
#3233 = VECTOR('',#3234,1.);
#3234 = DIRECTION('',(-0.367978274217,0.929834388321,-4.506434156753E-17
    ));
#3235 = ORIENTED_EDGE('',*,*,#3236,.T.);
#3236 = EDGE_CURVE('',#3229,#3237,#3239,.T.);
#3237 = VERTEX_POINT('',#3238);
#3238 = CARTESIAN_POINT('',(10.076544623498,-6.422394918547,11.));
#3239 = LINE('',#3240,#3241);
#3240 = CARTESIAN_POINT('',(10.212093916704,-6.875148818589,11.));
#3241 = VECTOR('',#3242,1.);
#3242 = DIRECTION('',(-0.286810366072,0.957987376699,-3.512413967722E-17
    ));
#3243 = ORIENTED_EDGE('',*,*,#3244,.T.);
#3244 = EDGE_CURVE('',#3237,#3245,#3247,.T.);
#3245 = VERTEX_POINT('',#3246);
#3246 = CARTESIAN_POINT('',(9.978780350347,-5.955942577879,11.));
#3247 = LINE('',#3248,#3249);
#3248 = CARTESIAN_POINT('',(10.076544623498,-6.422394918547,11.));
#3249 = VECTOR('',#3250,1.);
#3250 = DIRECTION('',(-0.205133945873,0.978733908808,-2.512166302102E-17
    ));
#3251 = ORIENTED_EDGE('',*,*,#3252,.T.);
#3252 = EDGE_CURVE('',#3245,#3253,#3255,.T.);
#3253 = VERTEX_POINT('',#3254);
#3254 = CARTESIAN_POINT('',(9.919742620644,-5.480283987615,11.));
#3255 = LINE('',#3256,#3257);
#3256 = CARTESIAN_POINT('',(9.978780350347,-5.955942577879,11.));
#3257 = VECTOR('',#3258,1.);
#3258 = DIRECTION('',(-0.123172740075,0.99238524581,-1.508431018754E-17)
  );
#3259 = ORIENTED_EDGE('',*,*,#3260,.T.);
#3260 = EDGE_CURVE('',#3253,#3261,#3263,.T.);
#3261 = VERTEX_POINT('',#3262);
#3262 = CARTESIAN_POINT('',(9.9,-5.,11.));
#3263 = LINE('',#3264,#3265);
#3264 = CARTESIAN_POINT('',(9.919742620644,-5.480283987615,11.));
#3265 = VECTOR('',#3266,1.);
#3266 = DIRECTION('',(-4.107145472806E-02,0.999156211814,
    -5.029802556904E-18));
#3267 = ORIENTED_EDGE('',*,*,#3268,.T.);
#3268 = EDGE_CURVE('',#3261,#3269,#3271,.T.);
#3269 = VERTEX_POINT('',#3270);
#3270 = CARTESIAN_POINT('',(9.917904654158,-4.564428712327,11.));
#3271 = LINE('',#3272,#3273);
#3272 = CARTESIAN_POINT('',(9.9,-5.,11.));
#3273 = VECTOR('',#3274,1.);
#3274 = DIRECTION('',(4.107145472806E-02,0.999156211814,
    5.029802556904E-18));
#3275 = ORIENTED_EDGE('',*,*,#3276,.F.);
#3276 = EDGE_CURVE('',#3277,#3269,#3279,.T.);
#3277 = VERTEX_POINT('',#3278);
#3278 = CARTESIAN_POINT('',(6.533758074861,-3.387334249962,11.));
#3279 = LINE('',#3280,#3281);
#3280 = CARTESIAN_POINT('',(6.46490896256,-3.36338673264,11.));
#3281 = VECTOR('',#3282,1.);
#3282 = DIRECTION('',(0.944496796706,-0.328520624941,1.156674978891E-16)
  );
#3283 = ORIENTED_EDGE('',*,*,#3284,.F.);
#3284 = EDGE_CURVE('',#3285,#3277,#3287,.T.);
#3285 = VERTEX_POINT('',#3286);
#3286 = CARTESIAN_POINT('',(-0.594687052284,-2.001247697462,11.));
#3287 = LINE('',#3288,#3289);
#3288 = CARTESIAN_POINT('',(-0.594687052284,-2.001247697462,11.));
#3289 = VECTOR('',#3290,1.);
#3290 = DIRECTION('',(0.981615389669,-0.190869659102,1.202132144951E-16)
  );
#3291 = ORIENTED_EDGE('',*,*,#3292,.T.);
#3292 = EDGE_CURVE('',#3285,#3293,#3295,.T.);
#3293 = VERTEX_POINT('',#3294);
#3294 = CARTESIAN_POINT('',(-1.42,-1.,11.));
#3295 = CIRCLE('',#3296,1.02);
#3296 = AXIS2_PLACEMENT_3D('',#3297,#3298,#3299);
#3297 = CARTESIAN_POINT('',(-0.4,-1.,11.));
#3298 = DIRECTION('',(1.224646799147E-16,0.,-1.));
#3299 = DIRECTION('',(-1.,0.,-1.224646799147E-16));
#3300 = ORIENTED_EDGE('',*,*,#3301,.T.);
#3301 = EDGE_CURVE('',#3293,#3302,#3304,.T.);
#3302 = VERTEX_POINT('',#3303);
#3303 = CARTESIAN_POINT('',(-0.205312947716,1.247697461953E-03,11.));
#3304 = CIRCLE('',#3305,1.02);
#3305 = AXIS2_PLACEMENT_3D('',#3306,#3307,#3308);
#3306 = CARTESIAN_POINT('',(-0.4,-1.,11.));
#3307 = DIRECTION('',(1.224646799147E-16,0.,-1.));
#3308 = DIRECTION('',(-1.,0.,-1.224646799147E-16));
#3309 = ORIENTED_EDGE('',*,*,#3310,.F.);
#3310 = EDGE_CURVE('',#3311,#3302,#3313,.T.);
#3311 = VERTEX_POINT('',#3312);
#3312 = CARTESIAN_POINT('',(6.994687052284,-1.398752302538,11.));
#3313 = LINE('',#3314,#3315);
#3314 = CARTESIAN_POINT('',(6.994687052284,-1.398752302538,11.));
#3315 = VECTOR('',#3316,1.);
#3316 = DIRECTION('',(-0.981615389669,0.190869659102,-1.202132144951E-16
    ));
#3317 = ORIENTED_EDGE('',*,*,#3318,.T.);
#3318 = EDGE_CURVE('',#3311,#3319,#3321,.T.);
#3319 = VERTEX_POINT('',#3320);
#3320 = CARTESIAN_POINT('',(7.13509103744,-1.43661326736,11.));
#3321 = CIRCLE('',#3322,1.02);
#3322 = AXIS2_PLACEMENT_3D('',#3323,#3324,#3325);
#3323 = CARTESIAN_POINT('',(6.8,-2.4,11.));
#3324 = DIRECTION('',(1.224646799147E-16,0.,-1.));
#3325 = DIRECTION('',(-1.,0.,-1.224646799147E-16));
#3326 = ORIENTED_EDGE('',*,*,#3327,.F.);
#3327 = EDGE_CURVE('',#3328,#3319,#3330,.T.);
#3328 = VERTEX_POINT('',#3329);
#3329 = CARTESIAN_POINT('',(9.990386905768,-2.429759656343,11.));
#3330 = LINE('',#3331,#3332);
#3331 = CARTESIAN_POINT('',(11.73509103744,-3.03661326736,11.));
#3332 = VECTOR('',#3333,1.);
#3333 = DIRECTION('',(-0.944496796706,0.328520624941,-1.156674978891E-16
    ));
#3334 = ORIENTED_EDGE('',*,*,#3335,.F.);
#3335 = EDGE_CURVE('',#3336,#3328,#3338,.T.);
#3336 = VERTEX_POINT('',#3337);
#3337 = CARTESIAN_POINT('',(6.640353608996,-0.121958940789,11.));
#3338 = LINE('',#3339,#3340);
#3339 = CARTESIAN_POINT('',(6.521348659023,-3.997775303044E-02,11.));
#3340 = VECTOR('',#3341,1.);
#3341 = DIRECTION('',(0.82350760101,-0.567305236251,1.008505947651E-16)
  );
#3342 = ORIENTED_EDGE('',*,*,#3343,.F.);
#3343 = EDGE_CURVE('',#3344,#3336,#3346,.T.);
#3344 = VERTEX_POINT('',#3345);
#3345 = CARTESIAN_POINT('',(0.177447678663,2.032343035988,11.));
#3346 = LINE('',#3347,#3348);
#3347 = CARTESIAN_POINT('',(0.177447678663,2.032343035988,11.));
#3348 = VECTOR('',#3349,1.);
#3349 = DIRECTION('',(0.948683298051,-0.316227766017,1.161801964362E-16)
  );
#3350 = ORIENTED_EDGE('',*,*,#3351,.T.);
#3351 = EDGE_CURVE('',#3344,#3352,#3354,.T.);
#3352 = VERTEX_POINT('',#3353);
#3353 = CARTESIAN_POINT('',(-0.52,3.,11.));
#3354 = CIRCLE('',#3355,1.02);
#3355 = AXIS2_PLACEMENT_3D('',#3356,#3357,#3358);
#3356 = CARTESIAN_POINT('',(0.5,3.,11.));
#3357 = DIRECTION('',(1.224646799147E-16,0.,-1.));
#3358 = DIRECTION('',(-1.,0.,-1.224646799147E-16));
#3359 = ORIENTED_EDGE('',*,*,#3360,.T.);
#3360 = EDGE_CURVE('',#3352,#3361,#3363,.T.);
#3361 = VERTEX_POINT('',#3362);
#3362 = CARTESIAN_POINT('',(0.822552321337,3.967656964012,11.));
#3363 = CIRCLE('',#3364,1.02);
#3364 = AXIS2_PLACEMENT_3D('',#3365,#3366,#3367);
#3365 = CARTESIAN_POINT('',(0.5,3.,11.));
#3366 = DIRECTION('',(1.224646799147E-16,0.,-1.));
#3367 = DIRECTION('',(-1.,0.,-1.224646799147E-16));
#3368 = ORIENTED_EDGE('',*,*,#3369,.F.);
#3369 = EDGE_CURVE('',#3370,#3361,#3372,.T.);
#3370 = VERTEX_POINT('',#3371);
#3371 = CARTESIAN_POINT('',(7.422552321337,1.767656964012,11.));
#3372 = LINE('',#3373,#3374);
#3373 = CARTESIAN_POINT('',(7.422552321337,1.767656964012,11.));
#3374 = VECTOR('',#3375,1.);
#3375 = DIRECTION('',(-0.948683298051,0.316227766017,-1.161801964362E-16
    ));
#3376 = ORIENTED_EDGE('',*,*,#3377,.T.);
#3377 = EDGE_CURVE('',#3370,#3378,#3380,.T.);
#3378 = VERTEX_POINT('',#3379);
#3379 = CARTESIAN_POINT('',(7.678651340977,1.63997775303,11.));
#3380 = CIRCLE('',#3381,1.02);
#3381 = AXIS2_PLACEMENT_3D('',#3382,#3383,#3384);
#3382 = CARTESIAN_POINT('',(7.1,0.8,11.));
#3383 = DIRECTION('',(1.224646799147E-16,0.,-1.));
#3384 = DIRECTION('',(-1.,0.,-1.224646799147E-16));
#3385 = ORIENTED_EDGE('',*,*,#3386,.F.);
#3386 = EDGE_CURVE('',#3387,#3378,#3389,.T.);
#3387 = VERTEX_POINT('',#3388);
#3388 = CARTESIAN_POINT('',(10.119586537827,-4.155538257766E-02,11.));
#3389 = LINE('',#3390,#3391);
#3390 = CARTESIAN_POINT('',(12.178651340977,-1.46002224697,11.));
#3391 = VECTOR('',#3392,1.);
#3392 = DIRECTION('',(-0.82350760101,0.567305236251,-1.008505947651E-16)
  );
#3393 = ORIENTED_EDGE('',*,*,#3394,.F.);
#3394 = EDGE_CURVE('',#3395,#3387,#3397,.T.);
#3395 = VERTEX_POINT('',#3396);
#3396 = CARTESIAN_POINT('',(7.771013097168,2.668337048951,11.));
#3397 = LINE('',#3398,#3399);
#3398 = CARTESIAN_POINT('',(7.629197135554,2.831970850814,11.));
#3399 = VECTOR('',#3400,1.);
#3400 = DIRECTION('',(0.654930538418,-0.75568908279,8.020585875373E-17)
  );
#3401 = ORIENTED_EDGE('',*,*,#3402,.F.);
#3402 = EDGE_CURVE('',#3403,#3395,#3405,.T.);
#3403 = VERTEX_POINT('',#3404);
#3404 = CARTESIAN_POINT('',(1.567077446245,5.576431885322,11.));
#3405 = LINE('',#3406,#3407);
#3406 = CARTESIAN_POINT('',(1.567077446245,5.576431885322,11.));
#3407 = VECTOR('',#3408,1.);
#3408 = DIRECTION('',(0.905458935959,-0.424433876231,1.108867387681E-16)
  );
#3409 = ORIENTED_EDGE('',*,*,#3410,.T.);
#3410 = EDGE_CURVE('',#3403,#3411,#3413,.T.);
#3411 = VERTEX_POINT('',#3412);
#3412 = CARTESIAN_POINT('',(0.98,6.5,11.));
#3413 = CIRCLE('',#3414,1.02);
#3414 = AXIS2_PLACEMENT_3D('',#3415,#3416,#3417);
#3415 = CARTESIAN_POINT('',(2.,6.5,11.));
#3416 = DIRECTION('',(1.224646799147E-16,0.,-1.));
#3417 = DIRECTION('',(-1.,0.,-1.224646799147E-16));
#3418 = ORIENTED_EDGE('',*,*,#3419,.T.);
#3419 = EDGE_CURVE('',#3411,#3420,#3422,.T.);
#3420 = VERTEX_POINT('',#3421);
#3421 = CARTESIAN_POINT('',(2.432922553755,7.423568114678,11.));
#3422 = CIRCLE('',#3423,1.02);
#3423 = AXIS2_PLACEMENT_3D('',#3424,#3425,#3426);
#3424 = CARTESIAN_POINT('',(2.,6.5,11.));
#3425 = DIRECTION('',(1.224646799147E-16,0.,-1.));
#3426 = DIRECTION('',(-1.,0.,-1.224646799147E-16));
#3427 = ORIENTED_EDGE('',*,*,#3428,.F.);
#3428 = EDGE_CURVE('',#3429,#3420,#3431,.T.);
#3429 = VERTEX_POINT('',#3430);
#3430 = CARTESIAN_POINT('',(8.832922553755,4.423568114678,11.));
#3431 = LINE('',#3432,#3433);
#3432 = CARTESIAN_POINT('',(8.832922553755,4.423568114678,11.));
#3433 = VECTOR('',#3434,1.);
#3434 = DIRECTION('',(-0.905458935959,0.424433876231,-1.108867387681E-16
    ));
#3435 = ORIENTED_EDGE('',*,*,#3436,.T.);
#3436 = EDGE_CURVE('',#3429,#3437,#3439,.T.);
#3437 = VERTEX_POINT('',#3438);
#3438 = CARTESIAN_POINT('',(9.170802864446,4.168029149186,11.));
#3439 = CIRCLE('',#3440,1.02);
#3440 = AXIS2_PLACEMENT_3D('',#3441,#3442,#3443);
#3441 = CARTESIAN_POINT('',(8.4,3.5,11.));
#3442 = DIRECTION('',(1.224646799147E-16,0.,-1.));
#3443 = DIRECTION('',(-1.,0.,-1.224646799147E-16));
#3444 = ORIENTED_EDGE('',*,*,#3445,.F.);
#3445 = EDGE_CURVE('',#3446,#3437,#3448,.T.);
#3446 = VERTEX_POINT('',#3447);
#3447 = CARTESIAN_POINT('',(11.485518260992,1.497203691632,11.));
#3448 = LINE('',#3449,#3450);
#3449 = CARTESIAN_POINT('',(13.070802864446,-0.331970850814,11.));
#3450 = VECTOR('',#3451,1.);
#3451 = DIRECTION('',(-0.654930538418,0.75568908279,-8.020585875373E-17)
  );
#3452 = ORIENTED_EDGE('',*,*,#3453,.F.);
#3453 = EDGE_CURVE('',#3454,#3446,#3456,.T.);
#3454 = VERTEX_POINT('',#3455);
#3455 = CARTESIAN_POINT('',(10.178996667446,4.343554306145,11.));
#3456 = LINE('',#3457,#3458);
#3457 = CARTESIAN_POINT('',(10.072993863365,4.574488986463,11.));
#3458 = VECTOR('',#3459,1.);
#3459 = DIRECTION('',(0.417167660331,-0.90882954572,5.108830399317E-17)
  );
#3460 = ORIENTED_EDGE('',*,*,#3461,.F.);
#3461 = EDGE_CURVE('',#3462,#3454,#3464,.T.);
#3462 = VERTEX_POINT('',#3463);
#3463 = CARTESIAN_POINT('',(4.880948124571,8.389336829795,11.));
#3464 = LINE('',#3465,#3466);
#3465 = CARTESIAN_POINT('',(4.880948124571,8.389336829795,11.));
#3466 = VECTOR('',#3467,1.);
#3467 = DIRECTION('',(0.794767813927,-0.606913603362,9.733098593907E-17)
  );
#3468 = ORIENTED_EDGE('',*,*,#3469,.T.);
#3469 = EDGE_CURVE('',#3462,#3470,#3472,.T.);
#3470 = VERTEX_POINT('',#3471);
#3471 = CARTESIAN_POINT('',(4.48,9.2,11.));
#3472 = CIRCLE('',#3473,1.02);
#3473 = AXIS2_PLACEMENT_3D('',#3474,#3475,#3476);
#3474 = CARTESIAN_POINT('',(5.5,9.2,11.));
#3475 = DIRECTION('',(1.224646799147E-16,0.,-1.));
#3476 = DIRECTION('',(-1.,0.,-1.224646799147E-16));
#3477 = ORIENTED_EDGE('',*,*,#3478,.T.);
#3478 = EDGE_CURVE('',#3470,#3479,#3481,.T.);
#3479 = VERTEX_POINT('',#3480);
#3480 = CARTESIAN_POINT('',(6.119051875429,10.010663170205,11.));
#3481 = CIRCLE('',#3482,1.02);
#3482 = AXIS2_PLACEMENT_3D('',#3483,#3484,#3485);
#3483 = CARTESIAN_POINT('',(5.5,9.2,11.));
#3484 = DIRECTION('',(1.224646799147E-16,0.,-1.));
#3485 = DIRECTION('',(-1.,0.,-1.224646799147E-16));
#3486 = ORIENTED_EDGE('',*,*,#3487,.F.);
#3487 = EDGE_CURVE('',#3488,#3479,#3490,.T.);
#3488 = VERTEX_POINT('',#3489);
#3489 = CARTESIAN_POINT('',(11.619051875429,5.810663170205,11.));
#3490 = LINE('',#3491,#3492);
#3491 = CARTESIAN_POINT('',(11.619051875429,5.810663170205,11.));
#3492 = VECTOR('',#3493,1.);
#3493 = DIRECTION('',(-0.794767813927,0.606913603362,-9.733098593907E-17
    ));
#3494 = ORIENTED_EDGE('',*,*,#3495,.T.);
#3495 = EDGE_CURVE('',#3488,#3496,#3498,.T.);
#3496 = VERTEX_POINT('',#3497);
#3497 = CARTESIAN_POINT('',(11.927006136635,5.425511013537,11.));
#3498 = CIRCLE('',#3499,1.02);
#3499 = AXIS2_PLACEMENT_3D('',#3500,#3501,#3502);
#3500 = CARTESIAN_POINT('',(11.,5.,11.));
#3501 = DIRECTION('',(1.224646799147E-16,0.,-1.));
#3502 = DIRECTION('',(-1.,0.,-1.224646799147E-16));
#3503 = ORIENTED_EDGE('',*,*,#3504,.F.);
#3504 = EDGE_CURVE('',#3505,#3496,#3507,.T.);
#3505 = VERTEX_POINT('',#3506);
#3506 = CARTESIAN_POINT('',(14.480538237708,-0.137541063802,11.));
#3507 = LINE('',#3508,#3509);
#3508 = CARTESIAN_POINT('',(14.727006136635,-0.674488986463,11.));
#3509 = VECTOR('',#3510,1.);
#3510 = DIRECTION('',(-0.417167660331,0.90882954572,-5.108830399317E-17)
  );
#3511 = ORIENTED_EDGE('',*,*,#3512,.T.);
#3512 = EDGE_CURVE('',#3505,#3513,#3515,.T.);
#3513 = VERTEX_POINT('',#3514);
#3514 = CARTESIAN_POINT('',(14.799870320266,-0.194152126024,11.));
#3515 = LINE('',#3516,#3517);
#3516 = CARTESIAN_POINT('',(14.401870275351,-0.123594839306,11.));
#3517 = VECTOR('',#3518,1.);
#3518 = DIRECTION('',(0.98464692735,-0.174557808364,1.205844707869E-16)
  );
#3519 = ORIENTED_EDGE('',*,*,#3520,.T.);
#3520 = EDGE_CURVE('',#3513,#3521,#3523,.T.);
#3521 = VERTEX_POINT('',#3522);
#3522 = CARTESIAN_POINT('',(15.190167176743,-0.310992354912,11.));
#3523 = LINE('',#3524,#3525);
#3524 = CARTESIAN_POINT('',(14.799870320266,-0.194152126024,11.));
#3525 = VECTOR('',#3526,1.);
#3526 = DIRECTION('',(0.957994219091,-0.286787510518,1.173204554011E-16)
  );
#3527 = ORIENTED_EDGE('',*,*,#3528,.T.);
#3528 = EDGE_CURVE('',#3521,#3529,#3531,.T.);
#3529 = VERTEX_POINT('',#3530);
#3530 = CARTESIAN_POINT('',(15.569002072697,-0.472990290695,11.));
#3531 = LINE('',#3532,#3533);
#3532 = CARTESIAN_POINT('',(15.190167176743,-0.310992354912,11.));
#3533 = VECTOR('',#3534,1.);
#3534 = DIRECTION('',(0.919460982287,-0.393181258522,1.126014948898E-16)
  );
#3535 = ORIENTED_EDGE('',*,*,#3536,.T.);
#3536 = EDGE_CURVE('',#3529,#3537,#3539,.T.);
#3537 = VERTEX_POINT('',#3538);
#3538 = CARTESIAN_POINT('',(15.932726620987,-0.678585804693,11.));
#3539 = LINE('',#3540,#3541);
#3540 = CARTESIAN_POINT('',(15.569002072697,-0.472990290695,11.));
#3541 = VECTOR('',#3542,1.);
#3542 = DIRECTION('',(0.870550459715,-0.492079157341,1.066116833987E-16)
  );
#3543 = ORIENTED_EDGE('',*,*,#3544,.T.);
#3544 = EDGE_CURVE('',#3537,#3545,#3547,.T.);
#3545 = VERTEX_POINT('',#3546);
#3546 = CARTESIAN_POINT('',(16.27783795538,-0.925798899718,11.));
#3547 = LINE('',#3548,#3549);
#3548 = CARTESIAN_POINT('',(15.932726620987,-0.678585804693,11.));
#3549 = VECTOR('',#3550,1.);
#3550 = DIRECTION('',(0.812947261099,-0.582337316915,9.955732611802E-17)
  );
#3551 = ORIENTED_EDGE('',*,*,#3552,.T.);
#3552 = EDGE_CURVE('',#3545,#3553,#3555,.T.);
#3553 = VERTEX_POINT('',#3554);
#3554 = CARTESIAN_POINT('',(16.601012465071,-1.212248778523,11.));
#3555 = LINE('',#3556,#3557);
#3556 = CARTESIAN_POINT('',(16.27783795538,-0.925798899718,11.));
#3557 = VECTOR('',#3558,1.);
#3558 = DIRECTION('',(0.748347232086,-0.663307183912,9.164610424246E-17)
  );
#3559 = ORIENTED_EDGE('',*,*,#3560,.T.);
#3560 = EDGE_CURVE('',#3553,#3561,#3563,.T.);
#3561 = VERTEX_POINT('',#3562);
#3562 = CARTESIAN_POINT('',(16.899137802865,-1.535176772186,11.));
#3563 = LINE('',#3564,#3565);
#3564 = CARTESIAN_POINT('',(16.601012465071,-1.212248778523,11.));
#3565 = VECTOR('',#3566,1.);
#3566 = DIRECTION('',(0.678326734811,-0.734760396891,8.307106645629E-17)
  );
#3567 = ORIENTED_EDGE('',*,*,#3568,.T.);
#3568 = EDGE_CURVE('',#3561,#3569,#3571,.T.);
#3569 = VERTEX_POINT('',#3570);
#3570 = CARTESIAN_POINT('',(17.169342858787,-1.891472907598,11.));
#3571 = LINE('',#3572,#3573);
#3572 = CARTESIAN_POINT('',(16.899137802865,-1.535176772186,11.));
#3573 = VECTOR('',#3574,1.);
#3574 = DIRECTION('',(0.604260764238,-0.796786626898,7.400060107739E-17)
  );
#3575 = ORIENTED_EDGE('',*,*,#3576,.T.);
#3576 = EDGE_CURVE('',#3569,#3577,#3579,.T.);
#3577 = VERTEX_POINT('',#3578);
#3578 = CARTESIAN_POINT('',(17.40902541044,-2.277705858204,11.));
#3579 = LINE('',#3580,#3581);
#3580 = CARTESIAN_POINT('',(17.169342858787,-1.891472907598,11.));
#3581 = VECTOR('',#3582,1.);
#3582 = DIRECTION('',(0.527286240917,-0.849687719188,6.45739407174E-17)
  );
#3583 = ORIENTED_EDGE('',*,*,#3584,.T.);
#3584 = EDGE_CURVE('',#3577,#3585,#3587,.T.);
#3585 = VERTEX_POINT('',#3586);
#3586 = CARTESIAN_POINT('',(17.615877183828,-2.690155989553,11.));
#3587 = LINE('',#3588,#3589);
#3588 = CARTESIAN_POINT('',(17.40902541044,-2.277705858204,11.));
#3589 = VECTOR('',#3590,1.);
#3590 = DIRECTION('',(0.448299852165,-0.893883237648,5.490089790125E-17)
  );
#3591 = ORIENTED_EDGE('',*,*,#3592,.T.);
#3592 = EDGE_CURVE('',#3585,#3593,#3595,.T.);
#3593 = VERTEX_POINT('',#3594);
#3594 = CARTESIAN_POINT('',(17.787906083296,-3.124851181411,11.));
#3595 = LINE('',#3596,#3597);
#3596 = CARTESIAN_POINT('',(17.615877183828,-2.690155989553,11.));
#3597 = VECTOR('',#3598,1.);
#3598 = DIRECTION('',(0.367978274217,-0.929834388321,4.506434156753E-17)
  );
#3599 = ORIENTED_EDGE('',*,*,#3600,.T.);
#3600 = EDGE_CURVE('',#3593,#3601,#3603,.T.);
#3601 = VERTEX_POINT('',#3602);
#3602 = CARTESIAN_POINT('',(17.923455376502,-3.577605081453,11.));
#3603 = LINE('',#3604,#3605);
#3604 = CARTESIAN_POINT('',(17.787906083296,-3.124851181411,11.));
#3605 = VECTOR('',#3606,1.);
#3606 = DIRECTION('',(0.286810366072,-0.957987376699,3.512413967722E-17)
  );
#3607 = ORIENTED_EDGE('',*,*,#3608,.T.);
#3608 = EDGE_CURVE('',#3601,#3609,#3611,.T.);
#3609 = VERTEX_POINT('',#3610);
#3610 = CARTESIAN_POINT('',(18.021219649653,-4.044057422121,11.));
#3611 = LINE('',#3612,#3613);
#3612 = CARTESIAN_POINT('',(17.923455376502,-3.577605081453,11.));
#3613 = VECTOR('',#3614,1.);
#3614 = DIRECTION('',(0.205133945873,-0.978733908808,2.512166302102E-17)
  );
#3615 = ORIENTED_EDGE('',*,*,#3616,.T.);
#3616 = EDGE_CURVE('',#3609,#3617,#3619,.T.);
#3617 = VERTEX_POINT('',#3618);
#3618 = CARTESIAN_POINT('',(18.080257379356,-4.519716012385,11.));
#3619 = LINE('',#3620,#3621);
#3620 = CARTESIAN_POINT('',(18.021219649653,-4.044057422121,11.));
#3621 = VECTOR('',#3622,1.);
#3622 = DIRECTION('',(0.123172740075,-0.99238524581,1.508431018754E-17)
  );
#3623 = ORIENTED_EDGE('',*,*,#3624,.T.);
#3624 = EDGE_CURVE('',#3617,#3625,#3627,.T.);
#3625 = VERTEX_POINT('',#3626);
#3626 = CARTESIAN_POINT('',(18.1,-5.,11.));
#3627 = LINE('',#3628,#3629);
#3628 = CARTESIAN_POINT('',(18.080257379356,-4.519716012385,11.));
#3629 = VECTOR('',#3630,1.);
#3630 = DIRECTION('',(4.107145472806E-02,-0.999156211814,
    5.029802556905E-18));
#3631 = ORIENTED_EDGE('',*,*,#3632,.T.);
#3632 = EDGE_CURVE('',#3625,#3633,#3635,.T.);
#3633 = VERTEX_POINT('',#3634);
#3634 = CARTESIAN_POINT('',(18.080257379356,-5.480283987615,11.));
#3635 = LINE('',#3636,#3637);
#3636 = CARTESIAN_POINT('',(18.1,-5.,11.));
#3637 = VECTOR('',#3638,1.);
#3638 = DIRECTION('',(-4.107145472806E-02,-0.999156211814,
    -5.029802556905E-18));
#3639 = ORIENTED_EDGE('',*,*,#3640,.T.);
#3640 = EDGE_CURVE('',#3633,#3641,#3643,.T.);
#3641 = VERTEX_POINT('',#3642);
#3642 = CARTESIAN_POINT('',(18.021219649653,-5.955942577879,11.));
#3643 = LINE('',#3644,#3645);
#3644 = CARTESIAN_POINT('',(18.080257379356,-5.480283987615,11.));
#3645 = VECTOR('',#3646,1.);
#3646 = DIRECTION('',(-0.123172740075,-0.99238524581,-1.508431018754E-17
    ));
#3647 = ORIENTED_EDGE('',*,*,#3648,.T.);
#3648 = EDGE_CURVE('',#3641,#3649,#3651,.T.);
#3649 = VERTEX_POINT('',#3650);
#3650 = CARTESIAN_POINT('',(17.923455376502,-6.422394918547,11.));
#3651 = LINE('',#3652,#3653);
#3652 = CARTESIAN_POINT('',(18.021219649653,-5.955942577879,11.));
#3653 = VECTOR('',#3654,1.);
#3654 = DIRECTION('',(-0.205133945873,-0.978733908808,
    -2.512166302102E-17));
#3655 = ORIENTED_EDGE('',*,*,#3656,.T.);
#3656 = EDGE_CURVE('',#3649,#3657,#3659,.T.);
#3657 = VERTEX_POINT('',#3658);
#3658 = CARTESIAN_POINT('',(17.787906083296,-6.875148818589,11.));
#3659 = LINE('',#3660,#3661);
#3660 = CARTESIAN_POINT('',(17.923455376502,-6.422394918547,11.));
#3661 = VECTOR('',#3662,1.);
#3662 = DIRECTION('',(-0.286810366072,-0.957987376699,
    -3.512413967722E-17));
#3663 = ORIENTED_EDGE('',*,*,#3664,.T.);
#3664 = EDGE_CURVE('',#3657,#3665,#3667,.T.);
#3665 = VERTEX_POINT('',#3666);
#3666 = CARTESIAN_POINT('',(17.615877183828,-7.309844010447,11.));
#3667 = LINE('',#3668,#3669);
#3668 = CARTESIAN_POINT('',(17.787906083296,-6.875148818589,11.));
#3669 = VECTOR('',#3670,1.);
#3670 = DIRECTION('',(-0.367978274217,-0.929834388321,
    -4.506434156753E-17));
#3671 = ORIENTED_EDGE('',*,*,#3672,.T.);
#3672 = EDGE_CURVE('',#3665,#3673,#3675,.T.);
#3673 = VERTEX_POINT('',#3674);
#3674 = CARTESIAN_POINT('',(17.40902541044,-7.722294141796,11.));
#3675 = LINE('',#3676,#3677);
#3676 = CARTESIAN_POINT('',(17.615877183828,-7.309844010447,11.));
#3677 = VECTOR('',#3678,1.);
#3678 = DIRECTION('',(-0.448299852165,-0.893883237648,
    -5.490089790125E-17));
#3679 = ORIENTED_EDGE('',*,*,#3680,.T.);
#3680 = EDGE_CURVE('',#3673,#2335,#3681,.T.);
#3681 = LINE('',#3682,#3683);
#3682 = CARTESIAN_POINT('',(17.40902541044,-7.722294141796,11.));
#3683 = VECTOR('',#3684,1.);
#3684 = DIRECTION('',(-0.527286240917,-0.849687719188,-6.45739407174E-17
    ));
#3685 = ORIENTED_EDGE('',*,*,#2345,.F.);
#3686 = ORIENTED_EDGE('',*,*,#3687,.F.);
#3687 = EDGE_CURVE('',#3688,#2346,#3690,.T.);
#3688 = VERTEX_POINT('',#3689);
#3689 = CARTESIAN_POINT('',(-18.75,0.,11.));
#3690 = CIRCLE('',#3691,18.75);
#3691 = AXIS2_PLACEMENT_3D('',#3692,#3693,#3694);
#3692 = CARTESIAN_POINT('',(0.,0.,11.));
#3693 = DIRECTION('',(1.224646799147E-16,0.,-1.));
#3694 = DIRECTION('',(-1.,0.,-1.224646799147E-16));
#3695 = ORIENTED_EDGE('',*,*,#3696,.F.);
#3696 = EDGE_CURVE('',#2478,#3688,#3697,.T.);
#3697 = CIRCLE('',#3698,18.75);
#3698 = AXIS2_PLACEMENT_3D('',#3699,#3700,#3701);
#3699 = CARTESIAN_POINT('',(0.,0.,11.));
#3700 = DIRECTION('',(1.224646799147E-16,0.,-1.));
#3701 = DIRECTION('',(-1.,0.,-1.224646799147E-16));
#3702 = FACE_BOUND('',#3703,.T.);
#3703 = EDGE_LOOP('',(#3704));
#3704 = ORIENTED_EDGE('',*,*,#3705,.T.);
#3705 = EDGE_CURVE('',#3706,#3706,#3708,.T.);
#3706 = VERTEX_POINT('',#3707);
#3707 = CARTESIAN_POINT('',(-18.15,-14.,11.));
#3708 = CIRCLE('',#3709,3.15);
#3709 = AXIS2_PLACEMENT_3D('',#3710,#3711,#3712);
#3710 = CARTESIAN_POINT('',(-15.,-14.,11.));
#3711 = DIRECTION('',(1.224646799147E-16,0.,-1.));
#3712 = DIRECTION('',(-1.,0.,-1.224646799147E-16));
#3713 = FACE_BOUND('',#3714,.T.);
#3714 = EDGE_LOOP('',(#3715));
#3715 = ORIENTED_EDGE('',*,*,#3716,.T.);
#3716 = EDGE_CURVE('',#3717,#3717,#3719,.T.);
#3717 = VERTEX_POINT('',#3718);
#3718 = CARTESIAN_POINT('',(11.85,-14.,11.));
#3719 = CIRCLE('',#3720,3.15);
#3720 = AXIS2_PLACEMENT_3D('',#3721,#3722,#3723);
#3721 = CARTESIAN_POINT('',(15.,-14.,11.));
#3722 = DIRECTION('',(1.224646799147E-16,0.,-1.));
#3723 = DIRECTION('',(-1.,0.,-1.224646799147E-16));
#3724 = FACE_BOUND('',#3725,.T.);
#3725 = EDGE_LOOP('',(#3726,#3736,#3744,#3752,#3760,#3768,#3776,#3784,
    #3792,#3800,#3808,#3816,#3824,#3832,#3840,#3848,#3856,#3864,#3872,
    #3880,#3888,#3896,#3904,#3912,#3920,#3928,#3936,#3944,#3952,#3960,
    #3968,#3976,#3984,#3992,#4000,#4008,#4016,#4024,#4032,#4040,#4048,
    #4056,#4064,#4072,#4080,#4088,#4096,#4104,#4112,#4120,#4128,#4136,
    #4144,#4152,#4160,#4168,#4176,#4184,#4192,#4200,#4208,#4216,#4224,
    #4232));
#3726 = ORIENTED_EDGE('',*,*,#3727,.T.);
#3727 = EDGE_CURVE('',#3728,#3730,#3732,.T.);
#3728 = VERTEX_POINT('',#3729);
#3729 = CARTESIAN_POINT('',(-7.33868410768,5.715750293044,11.));
#3730 = VERTEX_POINT('',#3731);
#3731 = CARTESIAN_POINT('',(-7.35,6.,11.));
#3732 = LINE('',#3733,#3734);
#3733 = CARTESIAN_POINT('',(-7.156318346933,1.134811151573,11.));
#3734 = VECTOR('',#3735,1.);
#3735 = DIRECTION('',(-3.977818062968E-02,0.999208534964,
    -4.871422158404E-18));
#3736 = ORIENTED_EDGE('',*,*,#3737,.T.);
#3737 = EDGE_CURVE('',#3730,#3738,#3740,.T.);
#3738 = VERTEX_POINT('',#3739);
#3739 = CARTESIAN_POINT('',(-7.33868410768,6.284249706956,11.));
#3740 = LINE('',#3741,#3742);
#3741 = CARTESIAN_POINT('',(-7.526700918807,1.561358930613,11.));
#3742 = VECTOR('',#3743,1.);
#3743 = DIRECTION('',(3.977818062968E-02,0.999208534964,
    4.871422158404E-18));
#3744 = ORIENTED_EDGE('',*,*,#3745,.T.);
#3745 = EDGE_CURVE('',#3738,#3746,#3748,.T.);
#3746 = VERTEX_POINT('',#3747);
#3747 = CARTESIAN_POINT('',(-7.304845408948,6.565761933847,11.));
#3748 = LINE('',#3749,#3750);
#3749 = CARTESIAN_POINT('',(-7.848295567991,2.044670100855,11.));
#3750 = VECTOR('',#3751,1.);
#3751 = DIRECTION('',(0.119344200134,0.992852940719,1.461544926909E-17)
  );
#3752 = ORIENTED_EDGE('',*,*,#3753,.T.);
#3753 = EDGE_CURVE('',#3746,#3754,#3756,.T.);
#3754 = VERTEX_POINT('',#3755);
#3755 = CARTESIAN_POINT('',(-7.248809788971,6.841825564038,11.));
#3756 = LINE('',#3757,#3758);
#3757 = CARTESIAN_POINT('',(-8.113750307375,2.580632067676,11.));
#3758 = VECTOR('',#3759,1.);
#3759 = DIRECTION('',(0.198924215777,0.98001487559,2.436119041239E-17));
#3760 = ORIENTED_EDGE('',*,*,#3761,.T.);
#3761 = EDGE_CURVE('',#3754,#3762,#3764,.T.);
#3762 = VERTEX_POINT('',#3763);
#3763 = CARTESIAN_POINT('',(-7.171116901402,7.109781953859,11.));
#3764 = LINE('',#3765,#3766);
#3765 = CARTESIAN_POINT('',(-8.314985079452,3.164674531401,11.));
#3766 = VECTOR('',#3767,1.);
#3767 = DIRECTION('',(0.278476623141,0.960443007348,3.410355051676E-17)
  );
#3768 = ORIENTED_EDGE('',*,*,#3769,.T.);
#3769 = EDGE_CURVE('',#3762,#3770,#3772,.T.);
#3770 = VERTEX_POINT('',#3771);
#3771 = CARTESIAN_POINT('',(-7.072514971219,7.367050536795,11.));
#3772 = LINE('',#3773,#3774);
#3773 = CARTESIAN_POINT('',(-8.442988267472,3.791261277643,11.));
#3774 = VECTOR('',#3775,1.);
#3775 = DIRECTION('',(0.357880020029,0.933767578824,4.382766210078E-17)
  );
#3776 = ORIENTED_EDGE('',*,*,#3777,.T.);
#3777 = EDGE_CURVE('',#3770,#3778,#3780,.T.);
#3778 = VERTEX_POINT('',#3779);
#3779 = CARTESIAN_POINT('',(-6.953953588911,7.611153675757,11.));
#3780 = LINE('',#3781,#3782);
#3781 = CARTESIAN_POINT('',(-8.487763804289,4.453229224663,11.));
#3782 = VECTOR('',#3783,1.);
#3783 = DIRECTION('',(0.436895019594,0.899512502333,5.350420873098E-17)
  );
#3784 = ORIENTED_EDGE('',*,*,#3785,.T.);
#3785 = EDGE_CURVE('',#3778,#3786,#3788,.T.);
#3786 = VERTEX_POINT('',#3787);
#3787 = CARTESIAN_POINT('',(-6.816574565402,7.839740524075,11.));
#3788 = LINE('',#3789,#3790);
#3789 = CARTESIAN_POINT('',(-8.438510011777,5.140979807971,11.));
#3790 = VECTOR('',#3791,1.);
#3791 = DIRECTION('',(0.515121241062,0.857117323945,6.308415790392E-17)
  );
#3792 = ORIENTED_EDGE('',*,*,#3793,.T.);
#3793 = EDGE_CURVE('',#3786,#3794,#3796,.T.);
#3794 = VERTEX_POINT('',#3795);
#3795 = CARTESIAN_POINT('',(-6.661700935788,8.050609665441,11.));
#3796 = LINE('',#3797,#3798);
#3797 = CARTESIAN_POINT('',(-8.284142215333,5.841564779055,11.));
#3798 = VECTOR('',#3799,1.);
#3799 = DIRECTION('',(0.591950730267,0.805974151531,7.249305670748E-17)
  );
#3800 = ORIENTED_EDGE('',*,*,#3801,.T.);
#3801 = EDGE_CURVE('',#3794,#3802,#3804,.T.);
#3802 = VERTEX_POINT('',#3803);
#3803 = CARTESIAN_POINT('',(-6.490824217785,8.241730314752,11.));
#3804 = LINE('',#3805,#3806);
#3805 = CARTESIAN_POINT('',(-8.014291004071,6.537776933623,11.));
#3806 = VECTOR('',#3807,1.);
#3807 = DIRECTION('',(0.66652192554,0.745485427607,8.16253942674E-17));
#3808 = ORIENTED_EDGE('',*,*,#3809,.T.);
#3809 = EDGE_CURVE('',#3802,#3810,#3812,.T.);
#3810 = VERTEX_POINT('',#3811);
#3811 = CARTESIAN_POINT('',(-6.305590047596,8.411261875677,11.));
#3812 = LINE('',#3813,#3814);
#3813 = CARTESIAN_POINT('',(-7.620892369022,7.207459923731,11.));
#3814 = VECTOR('',#3815,1.);
#3815 = DIRECTION('',(0.737682429254,0.675147860524,9.034004257731E-17)
  );
#3816 = ORIENTED_EDGE('',*,*,#3817,.T.);
#3817 = EDGE_CURVE('',#3810,#3818,#3820,.T.);
#3818 = VERTEX_POINT('',#3819);
#3819 = CARTESIAN_POINT('',(-6.107782331541,8.55757166661,11.));
#3820 = LINE('',#3821,#3822);
#3821 = CARTESIAN_POINT('',(-7.100398359778,7.823376628801,11.));
#3822 = VECTOR('',#3823,1.);
#3823 = DIRECTION('',(0.803973875986,0.594664617018,9.845840338239E-17)
  );
#3824 = ORIENTED_EDGE('',*,*,#3825,.T.);
#3825 = EDGE_CURVE('',#3818,#3826,#3828,.T.);
#3826 = VERTEX_POINT('',#3827);
#3827 = CARTESIAN_POINT('',(-5.899306066058,8.679250644283,11.));
#3828 = LINE('',#3829,#3830);
#3829 = CARTESIAN_POINT('',(-6.456440101189,8.354074540115,11.));
#3830 = VECTOR('',#3831,1.);
#3831 = DIRECTION('',(0.863656587919,0.504080646469,1.057674275957E-16)
  );
#3832 = ORIENTED_EDGE('',*,*,#3833,.T.);
#3833 = EDGE_CURVE('',#3826,#3834,#3836,.T.);
#3834 = VERTEX_POINT('',#3835);
#3835 = CARTESIAN_POINT('',(-5.682168991548,8.775126973623,11.));
#3836 = LINE('',#3837,#3838);
#3837 = CARTESIAN_POINT('',(-5.702463767118,8.766165866494,11.));
#3838 = VECTOR('',#3839,1.);
#3839 = DIRECTION('',(0.914792417124,0.403924291881,1.120297605516E-16)
  );
#3840 = ORIENTED_EDGE('',*,*,#3841,.T.);
#3841 = EDGE_CURVE('',#3834,#3842,#3844,.T.);
#3842 = VERTEX_POINT('',#3843);
#3843 = CARTESIAN_POINT('',(-5.458462256738,8.844277313169,11.));
#3844 = LINE('',#3845,#3846);
#3845 = CARTESIAN_POINT('',(-4.863513406723,9.028182885015,11.));
#3846 = VECTOR('',#3847,1.);
#3847 = DIRECTION('',(0.955397072185,0.295324286946,1.170023966366E-16)
  );
#3848 = ORIENTED_EDGE('',*,*,#3849,.T.);
#3849 = EDGE_CURVE('',#3842,#3850,#3852,.T.);
#3850 = VERTEX_POINT('',#3851);
#3851 = CARTESIAN_POINT('',(-5.230340279774,8.886035707349,11.));
#3852 = LINE('',#3853,#3854);
#3853 = CARTESIAN_POINT('',(-3.976150849742,9.115618745743,11.));
#3854 = VECTOR('',#3855,1.);
#3855 = DIRECTION('',(0.983655445485,0.180061002349,1.204630492778E-16)
  );
#3856 = ORIENTED_EDGE('',*,*,#3857,.T.);
#3857 = EDGE_CURVE('',#3850,#3858,#3860,.T.);
#3858 = VERTEX_POINT('',#3859);
#3859 = CARTESIAN_POINT('',(-5.,8.9,11.));
#3860 = LINE('',#3861,#3862);
#3861 = CARTESIAN_POINT('',(-3.085743151599,9.016051099989,11.));
#3862 = VECTOR('',#3863,1.);
#3863 = DIRECTION('',(0.998167377631,6.051352107932E-02,
    1.222402484029E-16));
#3864 = ORIENTED_EDGE('',*,*,#3865,.T.);
#3865 = EDGE_CURVE('',#3858,#3866,#3868,.T.);
#3866 = VERTEX_POINT('',#3867);
#3867 = CARTESIAN_POINT('',(-4.769659720226,8.886035707349,11.));
#3868 = LINE('',#3869,#3870);
#3869 = CARTESIAN_POINT('',(-2.241137371896,8.732744992932,11.));
#3870 = VECTOR('',#3871,1.);
#3871 = DIRECTION('',(0.998167377631,-6.051352107932E-02,
    1.222402484029E-16));
#3872 = ORIENTED_EDGE('',*,*,#3873,.T.);
#3873 = EDGE_CURVE('',#3866,#3874,#3876,.T.);
#3874 = VERTEX_POINT('',#3875);
#3875 = CARTESIAN_POINT('',(-4.541537743262,8.844277313169,11.));
#3876 = LINE('',#3877,#3878);
#3877 = CARTESIAN_POINT('',(-1.487838244371,8.285288700676,11.));
#3878 = VECTOR('',#3879,1.);
#3879 = DIRECTION('',(0.983655445485,-0.180061002349,1.204630492778E-16)
  );
#3880 = ORIENTED_EDGE('',*,*,#3881,.T.);
#3881 = EDGE_CURVE('',#3874,#3882,#3884,.T.);
#3882 = VERTEX_POINT('',#3883);
#3883 = CARTESIAN_POINT('',(-4.317831008452,8.775126973623,11.));
#3884 = LINE('',#3885,#3886);
#3885 = CARTESIAN_POINT('',(-0.861604164372,7.706767274847,11.));
#3886 = VECTOR('',#3887,1.);
#3887 = DIRECTION('',(0.955397072185,-0.295324286946,1.170023966366E-16)
  );
#3888 = ORIENTED_EDGE('',*,*,#3889,.T.);
#3889 = EDGE_CURVE('',#3882,#3890,#3892,.T.);
#3890 = VERTEX_POINT('',#3891);
#3891 = CARTESIAN_POINT('',(-4.100693933942,8.679250644283,11.));
#3892 = LINE('',#3893,#3894);
#3893 = CARTESIAN_POINT('',(-0.3843204325,7.038295268139,11.));
#3894 = VECTOR('',#3895,1.);
#3895 = DIRECTION('',(0.914792417124,-0.403924291881,1.120297605516E-16)
  );
#3896 = ORIENTED_EDGE('',*,*,#3897,.T.);
#3897 = EDGE_CURVE('',#3890,#3898,#3900,.T.);
#3898 = VERTEX_POINT('',#3899);
#3899 = CARTESIAN_POINT('',(-3.892217668459,8.55757166661,11.));
#3900 = LINE('',#3901,#3902);
#3901 = CARTESIAN_POINT('',(-6.307301422519E-02,6.322658230265,11.));
#3902 = VECTOR('',#3903,1.);
#3903 = DIRECTION('',(0.863656587919,-0.504080646469,1.057674275957E-16)
  );
#3904 = ORIENTED_EDGE('',*,*,#3905,.T.);
#3905 = EDGE_CURVE('',#3898,#3906,#3908,.T.);
#3906 = VERTEX_POINT('',#3907);
#3907 = CARTESIAN_POINT('',(-3.694409952404,8.411261875677,11.));
#3908 = LINE('',#3909,#3910);
#3909 = CARTESIAN_POINT('',(0.107895669691,5.598861269035,11.));
#3910 = VECTOR('',#3911,1.);
#3911 = DIRECTION('',(0.803973875986,-0.594664617018,9.845840338239E-17)
  );
#3912 = ORIENTED_EDGE('',*,*,#3913,.T.);
#3913 = EDGE_CURVE('',#3906,#3914,#3916,.T.);
#3914 = VERTEX_POINT('',#3915);
#3915 = CARTESIAN_POINT('',(-3.509175782215,8.241730314752,11.));
#3916 = LINE('',#3917,#3918);
#3917 = CARTESIAN_POINT('',(0.143521273788,4.898678474685,11.));
#3918 = VECTOR('',#3919,1.);
#3919 = DIRECTION('',(0.737682429254,-0.675147860524,9.034004257731E-17)
  );
#3920 = ORIENTED_EDGE('',*,*,#3921,.T.);
#3921 = EDGE_CURVE('',#3914,#3922,#3924,.T.);
#3922 = VERTEX_POINT('',#3923);
#3923 = CARTESIAN_POINT('',(-3.338299064212,8.050609665441,11.));
#3924 = LINE('',#3925,#3926);
#3925 = CARTESIAN_POINT('',(6.387559167122E-02,4.24537606254,11.));
#3926 = VECTOR('',#3927,1.);
#3927 = DIRECTION('',(0.66652192554,-0.745485427607,8.16253942674E-17));
#3928 = ORIENTED_EDGE('',*,*,#3929,.T.);
#3929 = EDGE_CURVE('',#3922,#3930,#3932,.T.);
#3930 = VERTEX_POINT('',#3931);
#3931 = CARTESIAN_POINT('',(-3.183425434598,7.839740524075,11.));
#3932 = LINE('',#3933,#3934);
#3933 = CARTESIAN_POINT('',(-0.109284127582,3.65412455146,11.));
#3934 = VECTOR('',#3935,1.);
#3935 = DIRECTION('',(0.591950730267,-0.805974151531,7.249305670748E-17)
  );
#3936 = ORIENTED_EDGE('',*,*,#3937,.T.);
#3937 = EDGE_CURVE('',#3930,#3938,#3940,.T.);
#3938 = VERTEX_POINT('',#3939);
#3939 = CARTESIAN_POINT('',(-3.046046411089,7.611153675757,11.));
#3940 = LINE('',#3941,#3942);
#3941 = CARTESIAN_POINT('',(-0.354937571786,3.133380633369,11.));
#3942 = VECTOR('',#3943,1.);
#3943 = DIRECTION('',(0.515121241062,-0.857117323945,6.308415790392E-17)
  );
#3944 = ORIENTED_EDGE('',*,*,#3945,.T.);
#3945 = EDGE_CURVE('',#3938,#3946,#3948,.T.);
#3946 = VERTEX_POINT('',#3947);
#3947 = CARTESIAN_POINT('',(-2.927485028781,7.367050536795,11.));
#3948 = LINE('',#3949,#3950);
#3949 = CARTESIAN_POINT('',(-0.654182118116,2.686602607606,11.));
#3950 = VECTOR('',#3951,1.);
#3951 = DIRECTION('',(0.436895019594,-0.899512502333,5.350420873098E-17)
  );
#3952 = ORIENTED_EDGE('',*,*,#3953,.T.);
#3953 = EDGE_CURVE('',#3946,#3954,#3956,.T.);
#3954 = VERTEX_POINT('',#3955);
#3955 = CARTESIAN_POINT('',(-2.828883098598,7.109781953859,11.));
#3956 = LINE('',#3957,#3958);
#3957 = CARTESIAN_POINT('',(-0.990783622022,2.313879411604,11.));
#3958 = VECTOR('',#3959,1.);
#3959 = DIRECTION('',(0.357880020029,-0.933767578824,4.382766210078E-17)
  );
#3960 = ORIENTED_EDGE('',*,*,#3961,.T.);
#3961 = EDGE_CURVE('',#3954,#3962,#3964,.T.);
#3962 = VERTEX_POINT('',#3963);
#3963 = CARTESIAN_POINT('',(-2.751190211029,6.841825564038,11.));
#3964 = LINE('',#3965,#3966);
#3965 = CARTESIAN_POINT('',(-1.351168434196,2.013265412289,11.));
#3966 = VECTOR('',#3967,1.);
#3967 = DIRECTION('',(0.278476623141,-0.960443007348,3.410355051676E-17)
  );
#3968 = ORIENTED_EDGE('',*,*,#3969,.T.);
#3969 = EDGE_CURVE('',#3962,#3970,#3972,.T.);
#3970 = VERTEX_POINT('',#3971);
#3971 = CARTESIAN_POINT('',(-2.695154591052,6.565761933847,11.));
#3972 = LINE('',#3973,#3974);
#3973 = CARTESIAN_POINT('',(-1.724094450904,1.781762264819,11.));
#3974 = VECTOR('',#3975,1.);
#3975 = DIRECTION('',(0.198924215777,-0.98001487559,2.436119041239E-17)
  );
#3976 = ORIENTED_EDGE('',*,*,#3977,.T.);
#3977 = EDGE_CURVE('',#3970,#3978,#3980,.T.);
#3978 = VERTEX_POINT('',#3979);
#3979 = CARTESIAN_POINT('',(-2.66131589232,6.284249706956,11.));
#3980 = LINE('',#3981,#3982);
#3981 = CARTESIAN_POINT('',(-2.10017333215,1.615970558056,11.));
#3982 = VECTOR('',#3983,1.);
#3983 = DIRECTION('',(0.119344200134,-0.992852940719,1.461544926909E-17)
  );
#3984 = ORIENTED_EDGE('',*,*,#3985,.T.);
#3985 = EDGE_CURVE('',#3978,#3986,#3988,.T.);
#3986 = VERTEX_POINT('',#3987);
#3987 = CARTESIAN_POINT('',(-2.65,6.,11.));
#3988 = LINE('',#3989,#3990);
#3989 = CARTESIAN_POINT('',(-2.471352652841,1.512465597866,11.));
#3990 = VECTOR('',#3991,1.);
#3991 = DIRECTION('',(3.977818062968E-02,-0.999208534964,
    4.871422158405E-18));
#3992 = ORIENTED_EDGE('',*,*,#3993,.T.);
#3993 = EDGE_CURVE('',#3986,#3994,#3996,.T.);
#3994 = VERTEX_POINT('',#3995);
#3995 = CARTESIAN_POINT('',(-2.66131589232,5.715750293044,11.));
#3996 = LINE('',#3997,#3998);
#3997 = CARTESIAN_POINT('',(-2.830419332395,1.467954191276,11.));
#3998 = VECTOR('',#3999,1.);
#3999 = DIRECTION('',(-3.977818062968E-02,-0.999208534964,
    -4.871422158405E-18));
#4000 = ORIENTED_EDGE('',*,*,#4001,.T.);
#4001 = EDGE_CURVE('',#3994,#4002,#4004,.T.);
#4002 = VERTEX_POINT('',#4003);
#4003 = CARTESIAN_POINT('',(-2.695154591052,5.434238066153,11.));
#4004 = LINE('',#4005,#4006);
#4005 = CARTESIAN_POINT('',(-3.17055621923,1.479258234463,11.));
#4006 = VECTOR('',#4007,1.);
#4007 = DIRECTION('',(-0.119344200134,-0.992852940719,
    -1.461544926909E-17));
#4008 = ORIENTED_EDGE('',*,*,#4009,.T.);
#4009 = EDGE_CURVE('',#4002,#4010,#4012,.T.);
#4010 = VERTEX_POINT('',#4011);
#4011 = CARTESIAN_POINT('',(-2.751190211029,5.158174435962,11.));
#4012 = LINE('',#4013,#4014);
#4013 = CARTESIAN_POINT('',(-3.48496961855,1.543155862363,11.));
#4014 = VECTOR('',#4015,1.);
#4015 = DIRECTION('',(-0.198924215777,-0.98001487559,-2.436119041239E-17
    ));
#4016 = ORIENTED_EDGE('',*,*,#4017,.T.);
#4017 = EDGE_CURVE('',#4010,#4018,#4020,.T.);
#4018 = VERTEX_POINT('',#4019);
#4019 = CARTESIAN_POINT('',(-2.828883098598,4.890218046141,11.));
#4020 = LINE('',#4021,#4022);
#4021 = CARTESIAN_POINT('',(-3.766603523856,1.656097296164,11.));
#4022 = VECTOR('',#4023,1.);
#4023 = DIRECTION('',(-0.278476623141,-0.960443007348,
    -3.410355051676E-17));
#4024 = ORIENTED_EDGE('',*,*,#4025,.T.);
#4025 = EDGE_CURVE('',#4018,#4026,#4028,.T.);
#4026 = VERTEX_POINT('',#4027);
#4027 = CARTESIAN_POINT('',(-2.927485028781,4.632949463205,11.));
#4028 = LINE('',#4029,#4030);
#4029 = CARTESIAN_POINT('',(-4.007963673807,1.81380373874,11.));
#4030 = VECTOR('',#4031,1.);
#4031 = DIRECTION('',(-0.357880020029,-0.933767578824,
    -4.382766210078E-17));
#4032 = ORIENTED_EDGE('',*,*,#4033,.T.);
#4033 = EDGE_CURVE('',#4026,#4034,#4036,.T.);
#4034 = VERTEX_POINT('',#4035);
#4035 = CARTESIAN_POINT('',(-3.046046411089,4.388846324243,11.));
#4036 = LINE('',#4037,#4038);
#4037 = CARTESIAN_POINT('',(-4.201089184744,2.01075692282,11.));
#4038 = VECTOR('',#4039,1.);
#4039 = DIRECTION('',(-0.436895019594,-0.899512502333,
    -5.350420873098E-17));
#4040 = ORIENTED_EDGE('',*,*,#4041,.T.);
#4041 = EDGE_CURVE('',#4034,#4042,#4044,.T.);
#4042 = VERTEX_POINT('',#4043);
#4043 = CARTESIAN_POINT('',(-3.183425434598,4.160259475925,11.));
#4044 = LINE('',#4045,#4046);
#4045 = CARTESIAN_POINT('',(-4.337728702697,2.239598378481,11.));
#4046 = VECTOR('',#4047,1.);
#4047 = DIRECTION('',(-0.515121241062,-0.857117323945,
    -6.308415790392E-17));
#4048 = ORIENTED_EDGE('',*,*,#4049,.T.);
#4049 = EDGE_CURVE('',#4042,#4050,#4052,.T.);
#4050 = VERTEX_POINT('',#4051);
#4051 = CARTESIAN_POINT('',(-3.338299064212,3.949390334559,11.));
#4052 = LINE('',#4053,#4054);
#4053 = CARTESIAN_POINT('',(-4.409796444933,2.490486496558,11.));
#4054 = VECTOR('',#4055,1.);
#4055 = DIRECTION('',(-0.591950730267,-0.805974151531,
    -7.249305670748E-17));
#4056 = ORIENTED_EDGE('',*,*,#4057,.T.);
#4057 = EDGE_CURVE('',#4050,#4058,#4060,.T.);
#4058 = VERTEX_POINT('',#4059);
#4059 = CARTESIAN_POINT('',(-3.509175782215,3.758269685248,11.));
#4060 = LINE('',#4061,#4062);
#4061 = CARTESIAN_POINT('',(-4.410190411433,2.750510974837,11.));
#4062 = VECTOR('',#4063,1.);
#4063 = DIRECTION('',(-0.66652192554,-0.745485427607,-8.16253942674E-17)
  );
#4064 = ORIENTED_EDGE('',*,*,#4065,.T.);
#4065 = EDGE_CURVE('',#4058,#4066,#4068,.T.);
#4066 = VERTEX_POINT('',#4067);
#4067 = CARTESIAN_POINT('',(-3.694409952404,3.588738124323,11.));
#4068 = LINE('',#4069,#4070);
#4069 = CARTESIAN_POINT('',(-4.334031815293,3.003338072554,11.));
#4070 = VECTOR('',#4071,1.);
#4071 = DIRECTION('',(-0.737682429254,-0.675147860524,
    -9.034004257731E-17));
#4072 = ORIENTED_EDGE('',*,*,#4073,.T.);
#4073 = EDGE_CURVE('',#4066,#4074,#4076,.T.);
#4074 = VERTEX_POINT('',#4075);
#4075 = CARTESIAN_POINT('',(-3.892217668459,3.44242833339,11.));
#4076 = LINE('',#4077,#4078);
#4077 = CARTESIAN_POINT('',(-4.180305911896,3.229341950774,11.));
#4078 = VECTOR('',#4079,1.);
#4079 = DIRECTION('',(-0.803973875986,-0.594664617018,
    -9.845840338239E-17));
#4080 = ORIENTED_EDGE('',*,*,#4081,.T.);
#4081 = EDGE_CURVE('',#4074,#4082,#4084,.T.);
#4082 = VERTEX_POINT('',#4083);
#4083 = CARTESIAN_POINT('',(-4.100693933942,3.320749355717,11.));
#4084 = LINE('',#4085,#4086);
#4085 = CARTESIAN_POINT('',(-3.953727871274,3.406527370862,11.));
#4086 = VECTOR('',#4087,1.);
#4087 = DIRECTION('',(-0.863656587919,-0.504080646469,
    -1.057674275957E-16));
#4088 = ORIENTED_EDGE('',*,*,#4089,.T.);
#4089 = EDGE_CURVE('',#4082,#4090,#4092,.T.);
#4090 = VERTEX_POINT('',#4091);
#4091 = CARTESIAN_POINT('',(-4.317831008452,3.224873026377,11.));
#4092 = LINE('',#4093,#4094);
#4093 = CARTESIAN_POINT('',(-3.666430025077,3.512497492884,11.));
#4094 = VECTOR('',#4095,1.);
#4095 = DIRECTION('',(-0.914792417124,-0.403924291881,
    -1.120297605516E-16));
#4096 = ORIENTED_EDGE('',*,*,#4097,.T.);
#4097 = EDGE_CURVE('',#4090,#4098,#4100,.T.);
#4098 = VERTEX_POINT('',#4099);
#4099 = CARTESIAN_POINT('',(-4.541537743262,3.155722686831,11.));
#4100 = LINE('',#4101,#4102);
#4101 = CARTESIAN_POINT('',(-3.338840555692,3.527490300184,11.));
#4102 = VECTOR('',#4103,1.);
#4103 = DIRECTION('',(-0.955397072185,-0.295324286946,
    -1.170023966366E-16));
#4104 = ORIENTED_EDGE('',*,*,#4105,.T.);
#4105 = EDGE_CURVE('',#4098,#4106,#4108,.T.);
#4106 = VERTEX_POINT('',#4107);
#4107 = CARTESIAN_POINT('',(-4.769659720226,3.113964292651,11.));
#4108 = LINE('',#4109,#4110);
#4109 = CARTESIAN_POINT('',(-2.999051678106,3.438079266338,11.));
#4110 = VECTOR('',#4111,1.);
#4111 = DIRECTION('',(-0.983655445485,-0.180061002349,
    -1.204630492778E-16));
#4112 = ORIENTED_EDGE('',*,*,#4113,.T.);
#4113 = EDGE_CURVE('',#4106,#4114,#4116,.T.);
#4114 = VERTEX_POINT('',#4115);
#4115 = CARTESIAN_POINT('',(-5.,3.1,11.));
#4116 = LINE('',#4117,#4118);
#4117 = CARTESIAN_POINT('',(-2.680235266148,3.240634862716,11.));
#4118 = VECTOR('',#4119,1.);
#4119 = DIRECTION('',(-0.998167377631,-6.051352107932E-02,
    -1.222402484029E-16));
#4120 = ORIENTED_EDGE('',*,*,#4121,.T.);
#4121 = EDGE_CURVE('',#4114,#4122,#4124,.T.);
#4122 = VERTEX_POINT('',#4123);
#4123 = CARTESIAN_POINT('',(-5.230340279774,3.113964292651,11.));
#4124 = LINE('',#4125,#4126);
#4125 = CARTESIAN_POINT('',(-2.416304977572,2.943364463009,11.));
#4126 = VECTOR('',#4127,1.);
#4127 = DIRECTION('',(-0.998167377631,6.051352107932E-02,
    -1.222402484029E-16));
#4128 = ORIENTED_EDGE('',*,*,#4129,.T.);
#4129 = EDGE_CURVE('',#4122,#4130,#4132,.T.);
#4130 = VERTEX_POINT('',#4131);
#4131 = CARTESIAN_POINT('',(-5.458462256738,3.155722686831,11.));
#4132 = LINE('',#4133,#4134);
#4133 = CARTESIAN_POINT('',(-2.236815439044,2.565990827092,11.));
#4134 = VECTOR('',#4135,1.);
#4135 = DIRECTION('',(-0.983655445485,0.180061002349,-1.204630492778E-16
    ));
#4136 = ORIENTED_EDGE('',*,*,#4137,.T.);
#4137 = EDGE_CURVE('',#4130,#4138,#4140,.T.);
#4138 = VERTEX_POINT('',#4139);
#4139 = CARTESIAN_POINT('',(-5.682168991548,3.224873026377,11.));
#4140 = LINE('',#4141,#4142);
#4141 = CARTESIAN_POINT('',(-2.162570280593,2.13692435047,11.));
#4142 = VECTOR('',#4143,1.);
#4143 = DIRECTION('',(-0.955397072185,0.295324286946,-1.170023966366E-16
    ));
#4144 = ORIENTED_EDGE('',*,*,#4145,.T.);
#4145 = EDGE_CURVE('',#4138,#4146,#4148,.T.);
#4146 = VERTEX_POINT('',#4147);
#4147 = CARTESIAN_POINT('',(-5.899306066058,3.320749355717,11.));
#4148 = LINE('',#4149,#4150);
#4149 = CARTESIAN_POINT('',(-2.203217100031,1.688750565188,11.));
#4150 = VECTOR('',#4151,1.);
#4151 = DIRECTION('',(-0.914792417124,0.403924291881,-1.120297605516E-16
    ));
#4152 = ORIENTED_EDGE('',*,*,#4153,.T.);
#4153 = EDGE_CURVE('',#4146,#4154,#4156,.T.);
#4154 = VERTEX_POINT('',#4155);
#4155 = CARTESIAN_POINT('',(-6.107782331541,3.44242833339,11.));
#4156 = LINE('',#4157,#4158);
#4157 = CARTESIAN_POINT('',(-2.357308978657,1.25343208334,11.));
#4158 = VECTOR('',#4159,1.);
#4159 = DIRECTION('',(-0.863656587919,0.504080646469,-1.057674275957E-16
    ));
#4160 = ORIENTED_EDGE('',*,*,#4161,.T.);
#4161 = EDGE_CURVE('',#4154,#4162,#4164,.T.);
#4162 = VERTEX_POINT('',#4163);
#4163 = CARTESIAN_POINT('',(-6.305590047596,3.588738124323,11.));
#4164 = LINE('',#4165,#4166);
#4165 = CARTESIAN_POINT('',(-2.614389062135,0.858516800075,11.));
#4166 = VECTOR('',#4167,1.);
#4167 = DIRECTION('',(-0.803973875986,0.594664617018,-9.845840338239E-17
    ));
#4168 = ORIENTED_EDGE('',*,*,#4169,.T.);
#4169 = EDGE_CURVE('',#4162,#4170,#4172,.T.);
#4170 = VERTEX_POINT('',#4171);
#4171 = CARTESIAN_POINT('',(-6.490824217785,3.758269685248,11.));
#4172 = LINE('',#4173,#4174);
#4173 = CARTESIAN_POINT('',(-2.958105109752,0.525025062582,11.));
#4174 = VECTOR('',#4175,1.);
#4175 = DIRECTION('',(-0.737682429254,0.675147860524,-9.034004257731E-17
    ));
#4176 = ORIENTED_EDGE('',*,*,#4177,.T.);
#4177 = EDGE_CURVE('',#4170,#4178,#4180,.T.);
#4178 = VERTEX_POINT('',#4179);
#4179 = CARTESIAN_POINT('',(-6.661700935788,3.949390334559,11.));
#4180 = LINE('',#4181,#4182);
#4181 = CARTESIAN_POINT('',(-3.369348282963,0.266989454442,11.));
#4182 = VECTOR('',#4183,1.);
#4183 = DIRECTION('',(-0.66652192554,0.745485427607,-8.16253942674E-17)
  );
#4184 = ORIENTED_EDGE('',*,*,#4185,.T.);
#4185 = EDGE_CURVE('',#4178,#4186,#4188,.T.);
#4186 = VERTEX_POINT('',#4187);
#4187 = CARTESIAN_POINT('',(-6.816574565402,4.160259475925,11.));
#4188 = LINE('',#4189,#4190);
#4189 = CARTESIAN_POINT('',(-3.828756268368,9.217712759646E-02,11.));
#4190 = VECTOR('',#4191,1.);
#4191 = DIRECTION('',(-0.591950730267,0.805974151531,-7.249305670748E-17
    ));
#4192 = ORIENTED_EDGE('',*,*,#4193,.T.);
#4193 = EDGE_CURVE('',#4186,#4194,#4196,.T.);
#4194 = VERTEX_POINT('',#4195);
#4195 = CARTESIAN_POINT('',(-6.953953588911,4.388846324243,11.));
#4196 = LINE('',#4197,#4198);
#4197 = CARTESIAN_POINT('',(-4.318339857357,3.412355561345E-03,11.));
#4198 = VECTOR('',#4199,1.);
#4199 = DIRECTION('',(-0.515121241062,0.857117323945,-6.308415790392E-17
    ));
#4200 = ORIENTED_EDGE('',*,*,#4201,.T.);
#4201 = EDGE_CURVE('',#4194,#4202,#4204,.T.);
#4202 = VERTEX_POINT('',#4203);
#4203 = CARTESIAN_POINT('',(-7.072514971219,4.632949463205,11.));
#4204 = LINE('',#4205,#4206);
#4205 = CARTESIAN_POINT('',(-4.822295355353,2.716680246539E-05,11.));
#4206 = VECTOR('',#4207,1.);
#4207 = DIRECTION('',(-0.436895019594,0.899512502333,-5.350420873098E-17
    ));
#4208 = ORIENTED_EDGE('',*,*,#4209,.T.);
#4209 = EDGE_CURVE('',#4202,#4210,#4212,.T.);
#4210 = VERTEX_POINT('',#4211);
#4211 = CARTESIAN_POINT('',(-7.171116901402,4.890218046141,11.));
#4212 = LINE('',#4213,#4214);
#4213 = CARTESIAN_POINT('',(-5.327206285504,7.915328976393E-02,11.));
#4214 = VECTOR('',#4215,1.);
#4215 = DIRECTION('',(-0.357880020029,0.933767578824,-4.382766210078E-17
    ));
#4216 = ORIENTED_EDGE('',*,*,#4217,.T.);
#4217 = EDGE_CURVE('',#4210,#4218,#4220,.T.);
#4218 = VERTEX_POINT('',#4219);
#4219 = CARTESIAN_POINT('',(-7.248809788971,5.158174435962,11.));
#4220 = LINE('',#4221,#4222);
#4221 = CARTESIAN_POINT('',(-5.821857102223,0.23673178723,11.));
#4222 = VECTOR('',#4223,1.);
#4223 = DIRECTION('',(-0.278476623141,0.960443007348,-3.410355051676E-17
    ));
#4224 = ORIENTED_EDGE('',*,*,#4225,.T.);
#4225 = EDGE_CURVE('',#4218,#4226,#4228,.T.);
#4226 = VERTEX_POINT('',#4227);
#4227 = CARTESIAN_POINT('',(-7.304845408948,5.434238066153,11.));
#4228 = LINE('',#4229,#4230);
#4229 = CARTESIAN_POINT('',(-6.296839519753,0.468222429314,11.));
#4230 = VECTOR('',#4231,1.);
#4231 = DIRECTION('',(-0.198924215777,0.98001487559,-2.436119041239E-17)
  );
#4232 = ORIENTED_EDGE('',*,*,#4233,.T.);
#4233 = EDGE_CURVE('',#4226,#3728,#4234,.T.);
#4234 = LINE('',#4235,#4236);
#4235 = CARTESIAN_POINT('',(-6.744073982179,0.769046464773,11.));
#4236 = VECTOR('',#4237,1.);
#4237 = DIRECTION('',(-0.119344200134,0.992852940719,-1.461544926909E-17
    ));
#4238 = PLANE('',#4239);
#4239 = AXIS2_PLACEMENT_3D('',#4240,#4241,#4242);
#4240 = CARTESIAN_POINT('',(-0.19411176765,-3.176224638113,11.));
#4241 = DIRECTION('',(-1.224646799147E-16,-0.,1.));
#4242 = DIRECTION('',(1.,0.,1.224646799147E-16));
#4243 = ADVANCED_FACE('',(#4244),#4277,.T.);
#4244 = FACE_BOUND('',#4245,.F.);
#4245 = EDGE_LOOP('',(#4246,#4247,#4256,#4276));
#4246 = ORIENTED_EDGE('',*,*,#2185,.T.);
#4247 = ORIENTED_EDGE('',*,*,#4248,.T.);
#4248 = EDGE_CURVE('',#2177,#4249,#4251,.T.);
#4249 = VERTEX_POINT('',#4250);
#4250 = CARTESIAN_POINT('',(10.631089015392,-15.98811891208,10.55));
#4251 = CIRCLE('',#4252,4.8);
#4252 = AXIS2_PLACEMENT_3D('',#4253,#4254,#4255);
#4253 = CARTESIAN_POINT('',(15.,-14.,10.55));
#4254 = DIRECTION('',(1.224646799147E-16,0.,-1.));
#4255 = DIRECTION('',(-1.,0.,-1.224646799147E-16));
#4256 = ORIENTED_EDGE('',*,*,#4257,.T.);
#4257 = EDGE_CURVE('',#4249,#3075,#4258,.T.);
#4258 = B_SPLINE_CURVE_WITH_KNOTS('',6,(#4259,#4260,#4261,#4262,#4263,
    #4264,#4265,#4266,#4267,#4268,#4269,#4270,#4271,#4272,#4273,#4274,
    #4275),.UNSPECIFIED.,.F.,.F.,(7,5,5,7),(0.,0.278927787637,
    0.562764833867,1.),.UNSPECIFIED.);
#4259 = CARTESIAN_POINT('',(10.631089015392,-15.98811891208,10.55));
#4260 = CARTESIAN_POINT('',(10.631089015392,-15.98811891208,
    10.584132250528));
#4261 = CARTESIAN_POINT('',(10.632406057515,-15.98351247924,
    10.618266910399));
#4262 = CARTESIAN_POINT('',(10.635040221712,-15.9742980537,
    10.651997496294));
#4263 = CARTESIAN_POINT('',(10.638971533814,-15.96058538194,
    10.68492881531));
#4264 = CARTESIAN_POINT('',(10.644162453713,-15.94257720581,
    10.716697326481));
#4265 = CARTESIAN_POINT('',(10.657070879566,-15.89813702531,
    10.777818869657));
#4266 = CARTESIAN_POINT('',(10.664831849479,-15.87155998143,
    10.80712237274));
#4267 = CARTESIAN_POINT('',(10.673788372524,-15.8411093194,
    10.834574144139));
#4268 = CARTESIAN_POINT('',(10.683872655288,-15.80713990479,
    10.859911843359));
#4269 = CARTESIAN_POINT('',(10.695007547886,-15.77004293319,
    10.882935492601));
#4270 = CARTESIAN_POINT('',(10.725753357228,-15.66886709821,
    10.935189434409));
#4271 = CARTESIAN_POINT('',(10.746692242955,-15.60104328782,
    10.961048106373));
#4272 = CARTESIAN_POINT('',(10.769626539886,-15.52819351917,
    10.980569189951));
#4273 = CARTESIAN_POINT('',(10.794223935149,-15.45181064119,
    10.993553374052));
#4274 = CARTESIAN_POINT('',(10.820128108589,-15.37329203722,
    11.000000030326));
#4275 = CARTESIAN_POINT('',(10.846924193293,-15.29400979288,11.));
#4276 = ORIENTED_EDGE('',*,*,#3083,.F.);
#4277 = TOROIDAL_SURFACE('',#4278,4.35,0.45);
#4278 = AXIS2_PLACEMENT_3D('',#4279,#4280,#4281);
#4279 = CARTESIAN_POINT('',(15.,-14.,10.55));
#4280 = DIRECTION('',(-1.224646799147E-16,-0.,1.));
#4281 = DIRECTION('',(-1.,0.,-1.224646799147E-16));
#4282 = ADVANCED_FACE('',(#4283),#4309,.T.);
#4283 = FACE_BOUND('',#4284,.T.);
#4284 = EDGE_LOOP('',(#4285,#4293,#4294,#4302));
#4285 = ORIENTED_EDGE('',*,*,#4286,.F.);
#4286 = EDGE_CURVE('',#2158,#4287,#4289,.T.);
#4287 = VERTEX_POINT('',#4288);
#4288 = CARTESIAN_POINT('',(17.265986514664,-8.397958661214,5.95));
#4289 = LINE('',#4290,#4291);
#4290 = CARTESIAN_POINT('',(17.265986514663,-8.397958661214,11.));
#4291 = VECTOR('',#4292,1.);
#4292 = DIRECTION('',(1.224646799147E-16,0.,-1.));
#4293 = ORIENTED_EDGE('',*,*,#2176,.T.);
#4294 = ORIENTED_EDGE('',*,*,#4295,.T.);
#4295 = EDGE_CURVE('',#2177,#4296,#4298,.T.);
#4296 = VERTEX_POINT('',#4297);
#4297 = CARTESIAN_POINT('',(16.682450177007,-9.504517667492,5.95));
#4298 = LINE('',#4299,#4300);
#4299 = CARTESIAN_POINT('',(16.682450177007,-9.504517667492,11.));
#4300 = VECTOR('',#4301,1.);
#4301 = DIRECTION('',(1.224646799147E-16,0.,-1.));
#4302 = ORIENTED_EDGE('',*,*,#4303,.F.);
#4303 = EDGE_CURVE('',#4287,#4296,#4304,.T.);
#4304 = CIRCLE('',#4305,19.2);
#4305 = AXIS2_PLACEMENT_3D('',#4306,#4307,#4308);
#4306 = CARTESIAN_POINT('',(6.184466335694E-16,0.,5.95));
#4307 = DIRECTION('',(1.224646799147E-16,0.,-1.));
#4308 = DIRECTION('',(-1.,0.,-1.224646799147E-16));
#4309 = CYLINDRICAL_SURFACE('',#4310,19.2);
#4310 = AXIS2_PLACEMENT_3D('',#4311,#4312,#4313);
#4311 = CARTESIAN_POINT('',(0.,0.,11.));
#4312 = DIRECTION('',(1.224646799147E-16,0.,-1.));
#4313 = DIRECTION('',(-1.,0.,-1.224646799147E-16));
#4314 = ADVANCED_FACE('',(#4315),#4334,.T.);
#4315 = FACE_BOUND('',#4316,.T.);
#4316 = EDGE_LOOP('',(#4317,#4318,#4326,#4332,#4333));
#4317 = ORIENTED_EDGE('',*,*,#3680,.F.);
#4318 = ORIENTED_EDGE('',*,*,#4319,.T.);
#4319 = EDGE_CURVE('',#3673,#4320,#4322,.T.);
#4320 = VERTEX_POINT('',#4321);
#4321 = CARTESIAN_POINT('',(17.40902541044,-7.722294141796,10.6));
#4322 = LINE('',#4323,#4324);
#4323 = CARTESIAN_POINT('',(17.40902541044,-7.722294141796,11.));
#4324 = VECTOR('',#4325,1.);
#4325 = DIRECTION('',(1.224646799147E-16,0.,-1.));
#4326 = ORIENTED_EDGE('',*,*,#4327,.T.);
#4327 = EDGE_CURVE('',#4320,#2389,#4328,.T.);
#4328 = LINE('',#4329,#4330);
#4329 = CARTESIAN_POINT('',(17.40902541044,-7.722294141796,10.6));
#4330 = VECTOR('',#4331,1.);
#4331 = DIRECTION('',(-0.527286240917,-0.849687719188,-6.45739407174E-17
    ));
#4332 = ORIENTED_EDGE('',*,*,#2388,.F.);
#4333 = ORIENTED_EDGE('',*,*,#2334,.T.);
#4334 = PLANE('',#4335);
#4335 = AXIS2_PLACEMENT_3D('',#4336,#4337,#4338);
#4336 = CARTESIAN_POINT('',(17.40902541044,-7.722294141796,11.));
#4337 = DIRECTION('',(-0.849687719188,0.527286240917,-1.040567345579E-16
    ));
#4338 = DIRECTION('',(-0.527286240917,-0.849687719188,-6.45739407174E-17
    ));
#4339 = ADVANCED_FACE('',(#4340),#4359,.T.);
#4340 = FACE_BOUND('',#4341,.T.);
#4341 = EDGE_LOOP('',(#4342,#4350,#4351,#4352));
#4342 = ORIENTED_EDGE('',*,*,#4343,.F.);
#4343 = EDGE_CURVE('',#2355,#4344,#4346,.T.);
#4344 = VERTEX_POINT('',#4345);
#4345 = CARTESIAN_POINT('',(19.199994160453,1.497459796881E-02,5.95));
#4346 = LINE('',#4347,#4348);
#4347 = CARTESIAN_POINT('',(19.199994160453,1.4974597969E-02,11.));
#4348 = VECTOR('',#4349,1.);
#4349 = DIRECTION('',(1.224646799147E-16,0.,-1.));
#4350 = ORIENTED_EDGE('',*,*,#2371,.T.);
#4351 = ORIENTED_EDGE('',*,*,#4286,.T.);
#4352 = ORIENTED_EDGE('',*,*,#4353,.F.);
#4353 = EDGE_CURVE('',#4344,#4287,#4354,.T.);
#4354 = CIRCLE('',#4355,4.4);
#4355 = AXIS2_PLACEMENT_3D('',#4356,#4357,#4358);
#4356 = CARTESIAN_POINT('',(17.4,-4.,5.95));
#4357 = DIRECTION('',(1.224646799147E-16,0.,-1.));
#4358 = DIRECTION('',(-1.,0.,-1.224646799147E-16));
#4359 = CYLINDRICAL_SURFACE('',#4360,4.4);
#4360 = AXIS2_PLACEMENT_3D('',#4361,#4362,#4363);
#4361 = CARTESIAN_POINT('',(17.4,-4.,11.));
#4362 = DIRECTION('',(1.224646799147E-16,0.,-1.));
#4363 = DIRECTION('',(-1.,0.,-1.224646799147E-16));
#4364 = ADVANCED_FACE('',(#4365),#4396,.T.);
#4365 = FACE_BOUND('',#4366,.F.);
#4366 = EDGE_LOOP('',(#4367,#4376,#4387,#4394,#4395));
#4367 = ORIENTED_EDGE('',*,*,#4368,.F.);
#4368 = EDGE_CURVE('',#4369,#3688,#4371,.T.);
#4369 = VERTEX_POINT('',#4370);
#4370 = CARTESIAN_POINT('',(-19.17692307692,0.,10.692255707761));
#4371 = CIRCLE('',#4372,0.45);
#4372 = AXIS2_PLACEMENT_3D('',#4373,#4374,#4375);
#4373 = CARTESIAN_POINT('',(-18.75,0.,10.55));
#4374 = DIRECTION('',(0.,1.,0.));
#4375 = DIRECTION('',(-1.,0.,-1.224646799147E-16));
#4376 = ORIENTED_EDGE('',*,*,#4377,.F.);
#4377 = EDGE_CURVE('',#4378,#4369,#4380,.T.);
#4378 = VERTEX_POINT('',#4379);
#4379 = CARTESIAN_POINT('',(-19.19999416045,1.497459796882E-02,10.55));
#4380 = B_SPLINE_CURVE_WITH_KNOTS('',5,(#4381,#4382,#4383,#4384,#4385,
    #4386),.UNSPECIFIED.,.F.,.F.,(6,6),(0.,1.),
  .PIECEWISE_BEZIER_KNOTS.);
#4381 = CARTESIAN_POINT('',(-19.19999416045,1.497459796901E-02,10.55));
#4382 = CARTESIAN_POINT('',(-19.19999416045,1.497459796901E-02,
    10.578967576789));
#4383 = CARTESIAN_POINT('',(-19.19766445998,1.346464006703E-02,
    10.607935409985));
#4384 = CARTESIAN_POINT('',(-19.19300489644,1.044466569212E-02,
    10.636642489898));
#4385 = CARTESIAN_POINT('',(-19.18606172294,5.9401199146E-03,
    10.664829751079));
#4386 = CARTESIAN_POINT('',(-19.17692307692,-2.22044604925E-16,
    10.692255707761));
#4387 = ORIENTED_EDGE('',*,*,#4388,.T.);
#4388 = EDGE_CURVE('',#4378,#2355,#4389,.T.);
#4389 = CIRCLE('',#4390,19.2);
#4390 = AXIS2_PLACEMENT_3D('',#4391,#4392,#4393);
#4391 = CARTESIAN_POINT('',(5.510910596163E-17,0.,10.55));
#4392 = DIRECTION('',(1.224646799147E-16,0.,-1.));
#4393 = DIRECTION('',(-1.,0.,-1.224646799147E-16));
#4394 = ORIENTED_EDGE('',*,*,#2354,.F.);
#4395 = ORIENTED_EDGE('',*,*,#3687,.F.);
#4396 = TOROIDAL_SURFACE('',#4397,18.75,0.45);
#4397 = AXIS2_PLACEMENT_3D('',#4398,#4399,#4400);
#4398 = CARTESIAN_POINT('',(5.510910596163E-17,0.,10.55));
#4399 = DIRECTION('',(-1.224646799147E-16,-0.,1.));
#4400 = DIRECTION('',(-1.,0.,-1.224646799147E-16));
#4401 = ADVANCED_FACE('',(#4402),#4994,.F.);
#4402 = FACE_BOUND('',#4403,.F.);
#4403 = EDGE_LOOP('',(#4404,#4414,#4422,#4430,#4438,#4447,#4456,#4464,
    #4473,#4481,#4489,#4497,#4506,#4515,#4523,#4532,#4540,#4548,#4556,
    #4565,#4574,#4582,#4591,#4599,#4607,#4615,#4624,#4633,#4641,#4650,
    #4658,#4666,#4674,#4682,#4690,#4698,#4706,#4714,#4722,#4730,#4738,
    #4746,#4754,#4762,#4770,#4778,#4786,#4794,#4802,#4810,#4818,#4824,
    #4825,#4826,#4827,#4828,#4836,#4844,#4852,#4860,#4868,#4876,#4884,
    #4892,#4900,#4908,#4916,#4924,#4932,#4940,#4948,#4956,#4964,#4972,
    #4980,#4988));
#4404 = ORIENTED_EDGE('',*,*,#4405,.T.);
#4405 = EDGE_CURVE('',#4406,#4408,#4410,.T.);
#4406 = VERTEX_POINT('',#4407);
#4407 = CARTESIAN_POINT('',(9.919742620644,-5.480283987615,10.6));
#4408 = VERTEX_POINT('',#4409);
#4409 = CARTESIAN_POINT('',(9.9,-5.,10.6));
#4410 = LINE('',#4411,#4412);
#4411 = CARTESIAN_POINT('',(9.919742620644,-5.480283987615,10.6));
#4412 = VECTOR('',#4413,1.);
#4413 = DIRECTION('',(-4.107145472806E-02,0.999156211814,
    -5.029802556904E-18));
#4414 = ORIENTED_EDGE('',*,*,#4415,.T.);
#4415 = EDGE_CURVE('',#4408,#4416,#4418,.T.);
#4416 = VERTEX_POINT('',#4417);
#4417 = CARTESIAN_POINT('',(9.917904654158,-4.564428712327,10.6));
#4418 = LINE('',#4419,#4420);
#4419 = CARTESIAN_POINT('',(9.9,-5.,10.6));
#4420 = VECTOR('',#4421,1.);
#4421 = DIRECTION('',(4.107145472806E-02,0.999156211814,
    5.029802556904E-18));
#4422 = ORIENTED_EDGE('',*,*,#4423,.F.);
#4423 = EDGE_CURVE('',#4424,#4416,#4426,.T.);
#4424 = VERTEX_POINT('',#4425);
#4425 = CARTESIAN_POINT('',(6.533758074861,-3.387334249962,10.6));
#4426 = LINE('',#4427,#4428);
#4427 = CARTESIAN_POINT('',(6.46490896256,-3.36338673264,10.6));
#4428 = VECTOR('',#4429,1.);
#4429 = DIRECTION('',(0.944496796706,-0.328520624941,1.156674978891E-16)
  );
#4430 = ORIENTED_EDGE('',*,*,#4431,.F.);
#4431 = EDGE_CURVE('',#4432,#4424,#4434,.T.);
#4432 = VERTEX_POINT('',#4433);
#4433 = CARTESIAN_POINT('',(-0.594687052284,-2.001247697462,10.6));
#4434 = LINE('',#4435,#4436);
#4435 = CARTESIAN_POINT('',(-0.594687052284,-2.001247697462,10.6));
#4436 = VECTOR('',#4437,1.);
#4437 = DIRECTION('',(0.981615389669,-0.190869659102,1.202132144951E-16)
  );
#4438 = ORIENTED_EDGE('',*,*,#4439,.T.);
#4439 = EDGE_CURVE('',#4432,#4440,#4442,.T.);
#4440 = VERTEX_POINT('',#4441);
#4441 = CARTESIAN_POINT('',(-1.42,-1.,10.6));
#4442 = CIRCLE('',#4443,1.02);
#4443 = AXIS2_PLACEMENT_3D('',#4444,#4445,#4446);
#4444 = CARTESIAN_POINT('',(-0.4,-1.,10.6));
#4445 = DIRECTION('',(1.224646799147E-16,0.,-1.));
#4446 = DIRECTION('',(-1.,0.,-1.224646799147E-16));
#4447 = ORIENTED_EDGE('',*,*,#4448,.T.);
#4448 = EDGE_CURVE('',#4440,#4449,#4451,.T.);
#4449 = VERTEX_POINT('',#4450);
#4450 = CARTESIAN_POINT('',(-0.205312947716,1.247697461953E-03,10.6));
#4451 = CIRCLE('',#4452,1.02);
#4452 = AXIS2_PLACEMENT_3D('',#4453,#4454,#4455);
#4453 = CARTESIAN_POINT('',(-0.4,-1.,10.6));
#4454 = DIRECTION('',(1.224646799147E-16,0.,-1.));
#4455 = DIRECTION('',(-1.,0.,-1.224646799147E-16));
#4456 = ORIENTED_EDGE('',*,*,#4457,.F.);
#4457 = EDGE_CURVE('',#4458,#4449,#4460,.T.);
#4458 = VERTEX_POINT('',#4459);
#4459 = CARTESIAN_POINT('',(6.994687052284,-1.398752302538,10.6));
#4460 = LINE('',#4461,#4462);
#4461 = CARTESIAN_POINT('',(6.994687052284,-1.398752302538,10.6));
#4462 = VECTOR('',#4463,1.);
#4463 = DIRECTION('',(-0.981615389669,0.190869659102,-1.202132144951E-16
    ));
#4464 = ORIENTED_EDGE('',*,*,#4465,.T.);
#4465 = EDGE_CURVE('',#4458,#4466,#4468,.T.);
#4466 = VERTEX_POINT('',#4467);
#4467 = CARTESIAN_POINT('',(7.13509103744,-1.43661326736,10.6));
#4468 = CIRCLE('',#4469,1.02);
#4469 = AXIS2_PLACEMENT_3D('',#4470,#4471,#4472);
#4470 = CARTESIAN_POINT('',(6.8,-2.4,10.6));
#4471 = DIRECTION('',(1.224646799147E-16,0.,-1.));
#4472 = DIRECTION('',(-1.,0.,-1.224646799147E-16));
#4473 = ORIENTED_EDGE('',*,*,#4474,.F.);
#4474 = EDGE_CURVE('',#4475,#4466,#4477,.T.);
#4475 = VERTEX_POINT('',#4476);
#4476 = CARTESIAN_POINT('',(9.990386905768,-2.429759656343,10.6));
#4477 = LINE('',#4478,#4479);
#4478 = CARTESIAN_POINT('',(11.73509103744,-3.03661326736,10.6));
#4479 = VECTOR('',#4480,1.);
#4480 = DIRECTION('',(-0.944496796706,0.328520624941,-1.156674978891E-16
    ));
#4481 = ORIENTED_EDGE('',*,*,#4482,.F.);
#4482 = EDGE_CURVE('',#4483,#4475,#4485,.T.);
#4483 = VERTEX_POINT('',#4484);
#4484 = CARTESIAN_POINT('',(6.640353608996,-0.121958940789,10.6));
#4485 = LINE('',#4486,#4487);
#4486 = CARTESIAN_POINT('',(6.521348659023,-3.997775303044E-02,10.6));
#4487 = VECTOR('',#4488,1.);
#4488 = DIRECTION('',(0.82350760101,-0.567305236251,1.008505947651E-16)
  );
#4489 = ORIENTED_EDGE('',*,*,#4490,.F.);
#4490 = EDGE_CURVE('',#4491,#4483,#4493,.T.);
#4491 = VERTEX_POINT('',#4492);
#4492 = CARTESIAN_POINT('',(0.177447678663,2.032343035988,10.6));
#4493 = LINE('',#4494,#4495);
#4494 = CARTESIAN_POINT('',(0.177447678663,2.032343035988,10.6));
#4495 = VECTOR('',#4496,1.);
#4496 = DIRECTION('',(0.948683298051,-0.316227766017,1.161801964362E-16)
  );
#4497 = ORIENTED_EDGE('',*,*,#4498,.T.);
#4498 = EDGE_CURVE('',#4491,#4499,#4501,.T.);
#4499 = VERTEX_POINT('',#4500);
#4500 = CARTESIAN_POINT('',(-0.52,3.,10.6));
#4501 = CIRCLE('',#4502,1.02);
#4502 = AXIS2_PLACEMENT_3D('',#4503,#4504,#4505);
#4503 = CARTESIAN_POINT('',(0.5,3.,10.6));
#4504 = DIRECTION('',(1.224646799147E-16,0.,-1.));
#4505 = DIRECTION('',(-1.,0.,-1.224646799147E-16));
#4506 = ORIENTED_EDGE('',*,*,#4507,.T.);
#4507 = EDGE_CURVE('',#4499,#4508,#4510,.T.);
#4508 = VERTEX_POINT('',#4509);
#4509 = CARTESIAN_POINT('',(0.822552321337,3.967656964012,10.6));
#4510 = CIRCLE('',#4511,1.02);
#4511 = AXIS2_PLACEMENT_3D('',#4512,#4513,#4514);
#4512 = CARTESIAN_POINT('',(0.5,3.,10.6));
#4513 = DIRECTION('',(1.224646799147E-16,0.,-1.));
#4514 = DIRECTION('',(-1.,0.,-1.224646799147E-16));
#4515 = ORIENTED_EDGE('',*,*,#4516,.F.);
#4516 = EDGE_CURVE('',#4517,#4508,#4519,.T.);
#4517 = VERTEX_POINT('',#4518);
#4518 = CARTESIAN_POINT('',(7.422552321337,1.767656964012,10.6));
#4519 = LINE('',#4520,#4521);
#4520 = CARTESIAN_POINT('',(7.422552321337,1.767656964012,10.6));
#4521 = VECTOR('',#4522,1.);
#4522 = DIRECTION('',(-0.948683298051,0.316227766017,-1.161801964362E-16
    ));
#4523 = ORIENTED_EDGE('',*,*,#4524,.T.);
#4524 = EDGE_CURVE('',#4517,#4525,#4527,.T.);
#4525 = VERTEX_POINT('',#4526);
#4526 = CARTESIAN_POINT('',(7.678651340977,1.63997775303,10.6));
#4527 = CIRCLE('',#4528,1.02);
#4528 = AXIS2_PLACEMENT_3D('',#4529,#4530,#4531);
#4529 = CARTESIAN_POINT('',(7.1,0.8,10.6));
#4530 = DIRECTION('',(1.224646799147E-16,0.,-1.));
#4531 = DIRECTION('',(-1.,0.,-1.224646799147E-16));
#4532 = ORIENTED_EDGE('',*,*,#4533,.F.);
#4533 = EDGE_CURVE('',#4534,#4525,#4536,.T.);
#4534 = VERTEX_POINT('',#4535);
#4535 = CARTESIAN_POINT('',(10.119586537827,-4.155538257766E-02,10.6));
#4536 = LINE('',#4537,#4538);
#4537 = CARTESIAN_POINT('',(12.178651340977,-1.46002224697,10.6));
#4538 = VECTOR('',#4539,1.);
#4539 = DIRECTION('',(-0.82350760101,0.567305236251,-1.008505947651E-16)
  );
#4540 = ORIENTED_EDGE('',*,*,#4541,.F.);
#4541 = EDGE_CURVE('',#4542,#4534,#4544,.T.);
#4542 = VERTEX_POINT('',#4543);
#4543 = CARTESIAN_POINT('',(7.771013097168,2.668337048951,10.6));
#4544 = LINE('',#4545,#4546);
#4545 = CARTESIAN_POINT('',(7.629197135554,2.831970850814,10.6));
#4546 = VECTOR('',#4547,1.);
#4547 = DIRECTION('',(0.654930538418,-0.75568908279,8.020585875373E-17)
  );
#4548 = ORIENTED_EDGE('',*,*,#4549,.F.);
#4549 = EDGE_CURVE('',#4550,#4542,#4552,.T.);
#4550 = VERTEX_POINT('',#4551);
#4551 = CARTESIAN_POINT('',(1.567077446245,5.576431885322,10.6));
#4552 = LINE('',#4553,#4554);
#4553 = CARTESIAN_POINT('',(1.567077446245,5.576431885322,10.6));
#4554 = VECTOR('',#4555,1.);
#4555 = DIRECTION('',(0.905458935959,-0.424433876231,1.108867387681E-16)
  );
#4556 = ORIENTED_EDGE('',*,*,#4557,.T.);
#4557 = EDGE_CURVE('',#4550,#4558,#4560,.T.);
#4558 = VERTEX_POINT('',#4559);
#4559 = CARTESIAN_POINT('',(0.98,6.5,10.6));
#4560 = CIRCLE('',#4561,1.02);
#4561 = AXIS2_PLACEMENT_3D('',#4562,#4563,#4564);
#4562 = CARTESIAN_POINT('',(2.,6.5,10.6));
#4563 = DIRECTION('',(1.224646799147E-16,0.,-1.));
#4564 = DIRECTION('',(-1.,0.,-1.224646799147E-16));
#4565 = ORIENTED_EDGE('',*,*,#4566,.T.);
#4566 = EDGE_CURVE('',#4558,#4567,#4569,.T.);
#4567 = VERTEX_POINT('',#4568);
#4568 = CARTESIAN_POINT('',(2.432922553755,7.423568114678,10.6));
#4569 = CIRCLE('',#4570,1.02);
#4570 = AXIS2_PLACEMENT_3D('',#4571,#4572,#4573);
#4571 = CARTESIAN_POINT('',(2.,6.5,10.6));
#4572 = DIRECTION('',(1.224646799147E-16,0.,-1.));
#4573 = DIRECTION('',(-1.,0.,-1.224646799147E-16));
#4574 = ORIENTED_EDGE('',*,*,#4575,.F.);
#4575 = EDGE_CURVE('',#4576,#4567,#4578,.T.);
#4576 = VERTEX_POINT('',#4577);
#4577 = CARTESIAN_POINT('',(8.832922553755,4.423568114678,10.6));
#4578 = LINE('',#4579,#4580);
#4579 = CARTESIAN_POINT('',(8.832922553755,4.423568114678,10.6));
#4580 = VECTOR('',#4581,1.);
#4581 = DIRECTION('',(-0.905458935959,0.424433876231,-1.108867387681E-16
    ));
#4582 = ORIENTED_EDGE('',*,*,#4583,.T.);
#4583 = EDGE_CURVE('',#4576,#4584,#4586,.T.);
#4584 = VERTEX_POINT('',#4585);
#4585 = CARTESIAN_POINT('',(9.170802864446,4.168029149186,10.6));
#4586 = CIRCLE('',#4587,1.02);
#4587 = AXIS2_PLACEMENT_3D('',#4588,#4589,#4590);
#4588 = CARTESIAN_POINT('',(8.4,3.5,10.6));
#4589 = DIRECTION('',(1.224646799147E-16,0.,-1.));
#4590 = DIRECTION('',(-1.,0.,-1.224646799147E-16));
#4591 = ORIENTED_EDGE('',*,*,#4592,.F.);
#4592 = EDGE_CURVE('',#4593,#4584,#4595,.T.);
#4593 = VERTEX_POINT('',#4594);
#4594 = CARTESIAN_POINT('',(11.485518260992,1.497203691632,10.6));
#4595 = LINE('',#4596,#4597);
#4596 = CARTESIAN_POINT('',(13.070802864446,-0.331970850814,10.6));
#4597 = VECTOR('',#4598,1.);
#4598 = DIRECTION('',(-0.654930538418,0.75568908279,-8.020585875373E-17)
  );
#4599 = ORIENTED_EDGE('',*,*,#4600,.F.);
#4600 = EDGE_CURVE('',#4601,#4593,#4603,.T.);
#4601 = VERTEX_POINT('',#4602);
#4602 = CARTESIAN_POINT('',(10.178996667446,4.343554306145,10.6));
#4603 = LINE('',#4604,#4605);
#4604 = CARTESIAN_POINT('',(10.072993863365,4.574488986463,10.6));
#4605 = VECTOR('',#4606,1.);
#4606 = DIRECTION('',(0.417167660331,-0.90882954572,5.108830399317E-17)
  );
#4607 = ORIENTED_EDGE('',*,*,#4608,.F.);
#4608 = EDGE_CURVE('',#4609,#4601,#4611,.T.);
#4609 = VERTEX_POINT('',#4610);
#4610 = CARTESIAN_POINT('',(4.880948124571,8.389336829795,10.6));
#4611 = LINE('',#4612,#4613);
#4612 = CARTESIAN_POINT('',(4.880948124571,8.389336829795,10.6));
#4613 = VECTOR('',#4614,1.);
#4614 = DIRECTION('',(0.794767813927,-0.606913603362,9.733098593907E-17)
  );
#4615 = ORIENTED_EDGE('',*,*,#4616,.T.);
#4616 = EDGE_CURVE('',#4609,#4617,#4619,.T.);
#4617 = VERTEX_POINT('',#4618);
#4618 = CARTESIAN_POINT('',(4.48,9.2,10.6));
#4619 = CIRCLE('',#4620,1.02);
#4620 = AXIS2_PLACEMENT_3D('',#4621,#4622,#4623);
#4621 = CARTESIAN_POINT('',(5.5,9.2,10.6));
#4622 = DIRECTION('',(1.224646799147E-16,0.,-1.));
#4623 = DIRECTION('',(-1.,0.,-1.224646799147E-16));
#4624 = ORIENTED_EDGE('',*,*,#4625,.T.);
#4625 = EDGE_CURVE('',#4617,#4626,#4628,.T.);
#4626 = VERTEX_POINT('',#4627);
#4627 = CARTESIAN_POINT('',(6.119051875429,10.010663170205,10.6));
#4628 = CIRCLE('',#4629,1.02);
#4629 = AXIS2_PLACEMENT_3D('',#4630,#4631,#4632);
#4630 = CARTESIAN_POINT('',(5.5,9.2,10.6));
#4631 = DIRECTION('',(1.224646799147E-16,0.,-1.));
#4632 = DIRECTION('',(-1.,0.,-1.224646799147E-16));
#4633 = ORIENTED_EDGE('',*,*,#4634,.F.);
#4634 = EDGE_CURVE('',#4635,#4626,#4637,.T.);
#4635 = VERTEX_POINT('',#4636);
#4636 = CARTESIAN_POINT('',(11.619051875429,5.810663170205,10.6));
#4637 = LINE('',#4638,#4639);
#4638 = CARTESIAN_POINT('',(11.619051875429,5.810663170205,10.6));
#4639 = VECTOR('',#4640,1.);
#4640 = DIRECTION('',(-0.794767813927,0.606913603362,-9.733098593907E-17
    ));
#4641 = ORIENTED_EDGE('',*,*,#4642,.T.);
#4642 = EDGE_CURVE('',#4635,#4643,#4645,.T.);
#4643 = VERTEX_POINT('',#4644);
#4644 = CARTESIAN_POINT('',(11.927006136635,5.425511013537,10.6));
#4645 = CIRCLE('',#4646,1.02);
#4646 = AXIS2_PLACEMENT_3D('',#4647,#4648,#4649);
#4647 = CARTESIAN_POINT('',(11.,5.,10.6));
#4648 = DIRECTION('',(1.224646799147E-16,0.,-1.));
#4649 = DIRECTION('',(-1.,0.,-1.224646799147E-16));
#4650 = ORIENTED_EDGE('',*,*,#4651,.F.);
#4651 = EDGE_CURVE('',#4652,#4643,#4654,.T.);
#4652 = VERTEX_POINT('',#4653);
#4653 = CARTESIAN_POINT('',(14.480538237708,-0.137541063802,10.6));
#4654 = LINE('',#4655,#4656);
#4655 = CARTESIAN_POINT('',(14.727006136635,-0.674488986463,10.6));
#4656 = VECTOR('',#4657,1.);
#4657 = DIRECTION('',(-0.417167660331,0.90882954572,-5.108830399317E-17)
  );
#4658 = ORIENTED_EDGE('',*,*,#4659,.T.);
#4659 = EDGE_CURVE('',#4652,#4660,#4662,.T.);
#4660 = VERTEX_POINT('',#4661);
#4661 = CARTESIAN_POINT('',(14.799870320266,-0.194152126024,10.6));
#4662 = LINE('',#4663,#4664);
#4663 = CARTESIAN_POINT('',(14.401870275351,-0.123594839306,10.6));
#4664 = VECTOR('',#4665,1.);
#4665 = DIRECTION('',(0.98464692735,-0.174557808364,1.205844707869E-16)
  );
#4666 = ORIENTED_EDGE('',*,*,#4667,.T.);
#4667 = EDGE_CURVE('',#4660,#4668,#4670,.T.);
#4668 = VERTEX_POINT('',#4669);
#4669 = CARTESIAN_POINT('',(15.190167176743,-0.310992354912,10.6));
#4670 = LINE('',#4671,#4672);
#4671 = CARTESIAN_POINT('',(14.799870320266,-0.194152126024,10.6));
#4672 = VECTOR('',#4673,1.);
#4673 = DIRECTION('',(0.957994219091,-0.286787510518,1.173204554011E-16)
  );
#4674 = ORIENTED_EDGE('',*,*,#4675,.T.);
#4675 = EDGE_CURVE('',#4668,#4676,#4678,.T.);
#4676 = VERTEX_POINT('',#4677);
#4677 = CARTESIAN_POINT('',(15.569002072697,-0.472990290695,10.6));
#4678 = LINE('',#4679,#4680);
#4679 = CARTESIAN_POINT('',(15.190167176743,-0.310992354912,10.6));
#4680 = VECTOR('',#4681,1.);
#4681 = DIRECTION('',(0.919460982287,-0.393181258522,1.126014948898E-16)
  );
#4682 = ORIENTED_EDGE('',*,*,#4683,.T.);
#4683 = EDGE_CURVE('',#4676,#4684,#4686,.T.);
#4684 = VERTEX_POINT('',#4685);
#4685 = CARTESIAN_POINT('',(15.932726620987,-0.678585804693,10.6));
#4686 = LINE('',#4687,#4688);
#4687 = CARTESIAN_POINT('',(15.569002072697,-0.472990290695,10.6));
#4688 = VECTOR('',#4689,1.);
#4689 = DIRECTION('',(0.870550459715,-0.492079157341,1.066116833987E-16)
  );
#4690 = ORIENTED_EDGE('',*,*,#4691,.T.);
#4691 = EDGE_CURVE('',#4684,#4692,#4694,.T.);
#4692 = VERTEX_POINT('',#4693);
#4693 = CARTESIAN_POINT('',(16.27783795538,-0.925798899718,10.6));
#4694 = LINE('',#4695,#4696);
#4695 = CARTESIAN_POINT('',(15.932726620987,-0.678585804693,10.6));
#4696 = VECTOR('',#4697,1.);
#4697 = DIRECTION('',(0.812947261099,-0.582337316915,9.955732611802E-17)
  );
#4698 = ORIENTED_EDGE('',*,*,#4699,.T.);
#4699 = EDGE_CURVE('',#4692,#4700,#4702,.T.);
#4700 = VERTEX_POINT('',#4701);
#4701 = CARTESIAN_POINT('',(16.601012465071,-1.212248778523,10.6));
#4702 = LINE('',#4703,#4704);
#4703 = CARTESIAN_POINT('',(16.27783795538,-0.925798899718,10.6));
#4704 = VECTOR('',#4705,1.);
#4705 = DIRECTION('',(0.748347232086,-0.663307183912,9.164610424246E-17)
  );
#4706 = ORIENTED_EDGE('',*,*,#4707,.T.);
#4707 = EDGE_CURVE('',#4700,#4708,#4710,.T.);
#4708 = VERTEX_POINT('',#4709);
#4709 = CARTESIAN_POINT('',(16.899137802865,-1.535176772186,10.6));
#4710 = LINE('',#4711,#4712);
#4711 = CARTESIAN_POINT('',(16.601012465071,-1.212248778523,10.6));
#4712 = VECTOR('',#4713,1.);
#4713 = DIRECTION('',(0.678326734811,-0.734760396891,8.307106645629E-17)
  );
#4714 = ORIENTED_EDGE('',*,*,#4715,.T.);
#4715 = EDGE_CURVE('',#4708,#4716,#4718,.T.);
#4716 = VERTEX_POINT('',#4717);
#4717 = CARTESIAN_POINT('',(17.169342858787,-1.891472907598,10.6));
#4718 = LINE('',#4719,#4720);
#4719 = CARTESIAN_POINT('',(16.899137802865,-1.535176772186,10.6));
#4720 = VECTOR('',#4721,1.);
#4721 = DIRECTION('',(0.604260764238,-0.796786626898,7.400060107739E-17)
  );
#4722 = ORIENTED_EDGE('',*,*,#4723,.T.);
#4723 = EDGE_CURVE('',#4716,#4724,#4726,.T.);
#4724 = VERTEX_POINT('',#4725);
#4725 = CARTESIAN_POINT('',(17.40902541044,-2.277705858204,10.6));
#4726 = LINE('',#4727,#4728);
#4727 = CARTESIAN_POINT('',(17.169342858787,-1.891472907598,10.6));
#4728 = VECTOR('',#4729,1.);
#4729 = DIRECTION('',(0.527286240917,-0.849687719188,6.45739407174E-17)
  );
#4730 = ORIENTED_EDGE('',*,*,#4731,.T.);
#4731 = EDGE_CURVE('',#4724,#4732,#4734,.T.);
#4732 = VERTEX_POINT('',#4733);
#4733 = CARTESIAN_POINT('',(17.615877183828,-2.690155989553,10.6));
#4734 = LINE('',#4735,#4736);
#4735 = CARTESIAN_POINT('',(17.40902541044,-2.277705858204,10.6));
#4736 = VECTOR('',#4737,1.);
#4737 = DIRECTION('',(0.448299852165,-0.893883237648,5.490089790125E-17)
  );
#4738 = ORIENTED_EDGE('',*,*,#4739,.T.);
#4739 = EDGE_CURVE('',#4732,#4740,#4742,.T.);
#4740 = VERTEX_POINT('',#4741);
#4741 = CARTESIAN_POINT('',(17.787906083296,-3.124851181411,10.6));
#4742 = LINE('',#4743,#4744);
#4743 = CARTESIAN_POINT('',(17.615877183828,-2.690155989553,10.6));
#4744 = VECTOR('',#4745,1.);
#4745 = DIRECTION('',(0.367978274217,-0.929834388321,4.506434156753E-17)
  );
#4746 = ORIENTED_EDGE('',*,*,#4747,.T.);
#4747 = EDGE_CURVE('',#4740,#4748,#4750,.T.);
#4748 = VERTEX_POINT('',#4749);
#4749 = CARTESIAN_POINT('',(17.923455376502,-3.577605081453,10.6));
#4750 = LINE('',#4751,#4752);
#4751 = CARTESIAN_POINT('',(17.787906083296,-3.124851181411,10.6));
#4752 = VECTOR('',#4753,1.);
#4753 = DIRECTION('',(0.286810366072,-0.957987376699,3.512413967722E-17)
  );
#4754 = ORIENTED_EDGE('',*,*,#4755,.T.);
#4755 = EDGE_CURVE('',#4748,#4756,#4758,.T.);
#4756 = VERTEX_POINT('',#4757);
#4757 = CARTESIAN_POINT('',(18.021219649653,-4.044057422121,10.6));
#4758 = LINE('',#4759,#4760);
#4759 = CARTESIAN_POINT('',(17.923455376502,-3.577605081453,10.6));
#4760 = VECTOR('',#4761,1.);
#4761 = DIRECTION('',(0.205133945873,-0.978733908808,2.512166302102E-17)
  );
#4762 = ORIENTED_EDGE('',*,*,#4763,.T.);
#4763 = EDGE_CURVE('',#4756,#4764,#4766,.T.);
#4764 = VERTEX_POINT('',#4765);
#4765 = CARTESIAN_POINT('',(18.080257379356,-4.519716012385,10.6));
#4766 = LINE('',#4767,#4768);
#4767 = CARTESIAN_POINT('',(18.021219649653,-4.044057422121,10.6));
#4768 = VECTOR('',#4769,1.);
#4769 = DIRECTION('',(0.123172740075,-0.99238524581,1.508431018754E-17)
  );
#4770 = ORIENTED_EDGE('',*,*,#4771,.T.);
#4771 = EDGE_CURVE('',#4764,#4772,#4774,.T.);
#4772 = VERTEX_POINT('',#4773);
#4773 = CARTESIAN_POINT('',(18.1,-5.,10.6));
#4774 = LINE('',#4775,#4776);
#4775 = CARTESIAN_POINT('',(18.080257379356,-4.519716012385,10.6));
#4776 = VECTOR('',#4777,1.);
#4777 = DIRECTION('',(4.107145472806E-02,-0.999156211814,
    5.029802556905E-18));
#4778 = ORIENTED_EDGE('',*,*,#4779,.T.);
#4779 = EDGE_CURVE('',#4772,#4780,#4782,.T.);
#4780 = VERTEX_POINT('',#4781);
#4781 = CARTESIAN_POINT('',(18.080257379356,-5.480283987615,10.6));
#4782 = LINE('',#4783,#4784);
#4783 = CARTESIAN_POINT('',(18.1,-5.,10.6));
#4784 = VECTOR('',#4785,1.);
#4785 = DIRECTION('',(-4.107145472806E-02,-0.999156211814,
    -5.029802556905E-18));
#4786 = ORIENTED_EDGE('',*,*,#4787,.T.);
#4787 = EDGE_CURVE('',#4780,#4788,#4790,.T.);
#4788 = VERTEX_POINT('',#4789);
#4789 = CARTESIAN_POINT('',(18.021219649653,-5.955942577879,10.6));
#4790 = LINE('',#4791,#4792);
#4791 = CARTESIAN_POINT('',(18.080257379356,-5.480283987615,10.6));
#4792 = VECTOR('',#4793,1.);
#4793 = DIRECTION('',(-0.123172740075,-0.99238524581,-1.508431018754E-17
    ));
#4794 = ORIENTED_EDGE('',*,*,#4795,.T.);
#4795 = EDGE_CURVE('',#4788,#4796,#4798,.T.);
#4796 = VERTEX_POINT('',#4797);
#4797 = CARTESIAN_POINT('',(17.923455376502,-6.422394918547,10.6));
#4798 = LINE('',#4799,#4800);
#4799 = CARTESIAN_POINT('',(18.021219649653,-5.955942577879,10.6));
#4800 = VECTOR('',#4801,1.);
#4801 = DIRECTION('',(-0.205133945873,-0.978733908808,
    -2.512166302102E-17));
#4802 = ORIENTED_EDGE('',*,*,#4803,.T.);
#4803 = EDGE_CURVE('',#4796,#4804,#4806,.T.);
#4804 = VERTEX_POINT('',#4805);
#4805 = CARTESIAN_POINT('',(17.787906083296,-6.875148818589,10.6));
#4806 = LINE('',#4807,#4808);
#4807 = CARTESIAN_POINT('',(17.923455376502,-6.422394918547,10.6));
#4808 = VECTOR('',#4809,1.);
#4809 = DIRECTION('',(-0.286810366072,-0.957987376699,
    -3.512413967722E-17));
#4810 = ORIENTED_EDGE('',*,*,#4811,.T.);
#4811 = EDGE_CURVE('',#4804,#4812,#4814,.T.);
#4812 = VERTEX_POINT('',#4813);
#4813 = CARTESIAN_POINT('',(17.615877183828,-7.309844010447,10.6));
#4814 = LINE('',#4815,#4816);
#4815 = CARTESIAN_POINT('',(17.787906083296,-6.875148818589,10.6));
#4816 = VECTOR('',#4817,1.);
#4817 = DIRECTION('',(-0.367978274217,-0.929834388321,
    -4.506434156753E-17));
#4818 = ORIENTED_EDGE('',*,*,#4819,.T.);
#4819 = EDGE_CURVE('',#4812,#4320,#4820,.T.);
#4820 = LINE('',#4821,#4822);
#4821 = CARTESIAN_POINT('',(17.615877183828,-7.309844010447,10.6));
#4822 = VECTOR('',#4823,1.);
#4823 = DIRECTION('',(-0.448299852165,-0.893883237648,
    -5.490089790125E-17));
#4824 = ORIENTED_EDGE('',*,*,#4327,.T.);
#4825 = ORIENTED_EDGE('',*,*,#2396,.T.);
#4826 = ORIENTED_EDGE('',*,*,#2421,.T.);
#4827 = ORIENTED_EDGE('',*,*,#2445,.T.);
#4828 = ORIENTED_EDGE('',*,*,#4829,.T.);
#4829 = EDGE_CURVE('',#2446,#4830,#4832,.T.);
#4830 = VERTEX_POINT('',#4831);
#4831 = CARTESIAN_POINT('',(15.932726620987,-9.321414195307,10.6));
#4832 = LINE('',#4833,#4834);
#4833 = CARTESIAN_POINT('',(16.27783795538,-9.074201100282,10.6));
#4834 = VECTOR('',#4835,1.);
#4835 = DIRECTION('',(-0.812947261099,-0.582337316915,
    -9.955732611802E-17));
#4836 = ORIENTED_EDGE('',*,*,#4837,.T.);
#4837 = EDGE_CURVE('',#4830,#4838,#4840,.T.);
#4838 = VERTEX_POINT('',#4839);
#4839 = CARTESIAN_POINT('',(15.569002072697,-9.527009709305,10.6));
#4840 = LINE('',#4841,#4842);
#4841 = CARTESIAN_POINT('',(15.932726620987,-9.321414195307,10.6));
#4842 = VECTOR('',#4843,1.);
#4843 = DIRECTION('',(-0.870550459715,-0.492079157341,
    -1.066116833987E-16));
#4844 = ORIENTED_EDGE('',*,*,#4845,.T.);
#4845 = EDGE_CURVE('',#4838,#4846,#4848,.T.);
#4846 = VERTEX_POINT('',#4847);
#4847 = CARTESIAN_POINT('',(15.190167176743,-9.689007645088,10.6));
#4848 = LINE('',#4849,#4850);
#4849 = CARTESIAN_POINT('',(15.569002072697,-9.527009709305,10.6));
#4850 = VECTOR('',#4851,1.);
#4851 = DIRECTION('',(-0.919460982287,-0.393181258522,
    -1.126014948898E-16));
#4852 = ORIENTED_EDGE('',*,*,#4853,.T.);
#4853 = EDGE_CURVE('',#4846,#4854,#4856,.T.);
#4854 = VERTEX_POINT('',#4855);
#4855 = CARTESIAN_POINT('',(14.799870320266,-9.805847873976,10.6));
#4856 = LINE('',#4857,#4858);
#4857 = CARTESIAN_POINT('',(15.190167176743,-9.689007645088,10.6));
#4858 = VECTOR('',#4859,1.);
#4859 = DIRECTION('',(-0.957994219091,-0.286787510518,
    -1.173204554011E-16));
#4860 = ORIENTED_EDGE('',*,*,#4861,.T.);
#4861 = EDGE_CURVE('',#4854,#4862,#4864,.T.);
#4862 = VERTEX_POINT('',#4863);
#4863 = CARTESIAN_POINT('',(14.401870275351,-9.876405160694,10.6));
#4864 = LINE('',#4865,#4866);
#4865 = CARTESIAN_POINT('',(14.799870320266,-9.805847873976,10.6));
#4866 = VECTOR('',#4867,1.);
#4867 = DIRECTION('',(-0.98464692735,-0.174557808364,-1.205844707869E-16
    ));
#4868 = ORIENTED_EDGE('',*,*,#4869,.T.);
#4869 = EDGE_CURVE('',#4862,#4870,#4872,.T.);
#4870 = VERTEX_POINT('',#4871);
#4871 = CARTESIAN_POINT('',(14.,-9.9,10.6));
#4872 = LINE('',#4873,#4874);
#4873 = CARTESIAN_POINT('',(14.401870275351,-9.876405160694,10.6));
#4874 = VECTOR('',#4875,1.);
#4875 = DIRECTION('',(-0.998280860024,-5.861164141632E-02,
    -1.222541459879E-16));
#4876 = ORIENTED_EDGE('',*,*,#4877,.T.);
#4877 = EDGE_CURVE('',#4870,#4878,#4880,.T.);
#4878 = VERTEX_POINT('',#4879);
#4879 = CARTESIAN_POINT('',(13.598129724649,-9.876405160694,10.6));
#4880 = LINE('',#4881,#4882);
#4881 = CARTESIAN_POINT('',(14.,-9.9,10.6));
#4882 = VECTOR('',#4883,1.);
#4883 = DIRECTION('',(-0.998280860024,5.861164141632E-02,
    -1.222541459879E-16));
#4884 = ORIENTED_EDGE('',*,*,#4885,.T.);
#4885 = EDGE_CURVE('',#4878,#4886,#4888,.T.);
#4886 = VERTEX_POINT('',#4887);
#4887 = CARTESIAN_POINT('',(13.200129679734,-9.805847873976,10.6));
#4888 = LINE('',#4889,#4890);
#4889 = CARTESIAN_POINT('',(13.598129724649,-9.876405160694,10.6));
#4890 = VECTOR('',#4891,1.);
#4891 = DIRECTION('',(-0.98464692735,0.174557808364,-1.205844707869E-16)
  );
#4892 = ORIENTED_EDGE('',*,*,#4893,.T.);
#4893 = EDGE_CURVE('',#4886,#4894,#4896,.T.);
#4894 = VERTEX_POINT('',#4895);
#4895 = CARTESIAN_POINT('',(12.809832823257,-9.689007645088,10.6));
#4896 = LINE('',#4897,#4898);
#4897 = CARTESIAN_POINT('',(13.200129679734,-9.805847873976,10.6));
#4898 = VECTOR('',#4899,1.);
#4899 = DIRECTION('',(-0.957994219091,0.286787510518,-1.173204554011E-16
    ));
#4900 = ORIENTED_EDGE('',*,*,#4901,.T.);
#4901 = EDGE_CURVE('',#4894,#4902,#4904,.T.);
#4902 = VERTEX_POINT('',#4903);
#4903 = CARTESIAN_POINT('',(12.430997927303,-9.527009709305,10.6));
#4904 = LINE('',#4905,#4906);
#4905 = CARTESIAN_POINT('',(12.809832823257,-9.689007645088,10.6));
#4906 = VECTOR('',#4907,1.);
#4907 = DIRECTION('',(-0.919460982287,0.393181258522,-1.126014948898E-16
    ));
#4908 = ORIENTED_EDGE('',*,*,#4909,.T.);
#4909 = EDGE_CURVE('',#4902,#4910,#4912,.T.);
#4910 = VERTEX_POINT('',#4911);
#4911 = CARTESIAN_POINT('',(12.067273379013,-9.321414195307,10.6));
#4912 = LINE('',#4913,#4914);
#4913 = CARTESIAN_POINT('',(12.430997927303,-9.527009709305,10.6));
#4914 = VECTOR('',#4915,1.);
#4915 = DIRECTION('',(-0.870550459715,0.492079157341,-1.066116833987E-16
    ));
#4916 = ORIENTED_EDGE('',*,*,#4917,.T.);
#4917 = EDGE_CURVE('',#4910,#4918,#4920,.T.);
#4918 = VERTEX_POINT('',#4919);
#4919 = CARTESIAN_POINT('',(11.72216204462,-9.074201100282,10.6));
#4920 = LINE('',#4921,#4922);
#4921 = CARTESIAN_POINT('',(12.067273379013,-9.321414195307,10.6));
#4922 = VECTOR('',#4923,1.);
#4923 = DIRECTION('',(-0.812947261099,0.582337316915,-9.955732611802E-17
    ));
#4924 = ORIENTED_EDGE('',*,*,#4925,.T.);
#4925 = EDGE_CURVE('',#4918,#4926,#4928,.T.);
#4926 = VERTEX_POINT('',#4927);
#4927 = CARTESIAN_POINT('',(11.398987534929,-8.787751221477,10.6));
#4928 = LINE('',#4929,#4930);
#4929 = CARTESIAN_POINT('',(11.72216204462,-9.074201100282,10.6));
#4930 = VECTOR('',#4931,1.);
#4931 = DIRECTION('',(-0.748347232086,0.663307183912,-9.164610424246E-17
    ));
#4932 = ORIENTED_EDGE('',*,*,#4933,.T.);
#4933 = EDGE_CURVE('',#4926,#4934,#4936,.T.);
#4934 = VERTEX_POINT('',#4935);
#4935 = CARTESIAN_POINT('',(11.100862197135,-8.464823227814,10.6));
#4936 = LINE('',#4937,#4938);
#4937 = CARTESIAN_POINT('',(11.398987534929,-8.787751221477,10.6));
#4938 = VECTOR('',#4939,1.);
#4939 = DIRECTION('',(-0.678326734811,0.734760396891,-8.307106645629E-17
    ));
#4940 = ORIENTED_EDGE('',*,*,#4941,.T.);
#4941 = EDGE_CURVE('',#4934,#4942,#4944,.T.);
#4942 = VERTEX_POINT('',#4943);
#4943 = CARTESIAN_POINT('',(10.830657141213,-8.108527092402,10.6));
#4944 = LINE('',#4945,#4946);
#4945 = CARTESIAN_POINT('',(11.100862197135,-8.464823227814,10.6));
#4946 = VECTOR('',#4947,1.);
#4947 = DIRECTION('',(-0.604260764238,0.796786626898,-7.400060107739E-17
    ));
#4948 = ORIENTED_EDGE('',*,*,#4949,.T.);
#4949 = EDGE_CURVE('',#4942,#4950,#4952,.T.);
#4950 = VERTEX_POINT('',#4951);
#4951 = CARTESIAN_POINT('',(10.59097458956,-7.722294141796,10.6));
#4952 = LINE('',#4953,#4954);
#4953 = CARTESIAN_POINT('',(10.830657141213,-8.108527092402,10.6));
#4954 = VECTOR('',#4955,1.);
#4955 = DIRECTION('',(-0.527286240917,0.849687719188,-6.45739407174E-17)
  );
#4956 = ORIENTED_EDGE('',*,*,#4957,.T.);
#4957 = EDGE_CURVE('',#4950,#4958,#4960,.T.);
#4958 = VERTEX_POINT('',#4959);
#4959 = CARTESIAN_POINT('',(10.384122816172,-7.309844010447,10.6));
#4960 = LINE('',#4961,#4962);
#4961 = CARTESIAN_POINT('',(10.59097458956,-7.722294141796,10.6));
#4962 = VECTOR('',#4963,1.);
#4963 = DIRECTION('',(-0.448299852165,0.893883237648,-5.490089790125E-17
    ));
#4964 = ORIENTED_EDGE('',*,*,#4965,.T.);
#4965 = EDGE_CURVE('',#4958,#4966,#4968,.T.);
#4966 = VERTEX_POINT('',#4967);
#4967 = CARTESIAN_POINT('',(10.212093916704,-6.875148818589,10.6));
#4968 = LINE('',#4969,#4970);
#4969 = CARTESIAN_POINT('',(10.384122816172,-7.309844010447,10.6));
#4970 = VECTOR('',#4971,1.);
#4971 = DIRECTION('',(-0.367978274217,0.929834388321,-4.506434156753E-17
    ));
#4972 = ORIENTED_EDGE('',*,*,#4973,.T.);
#4973 = EDGE_CURVE('',#4966,#4974,#4976,.T.);
#4974 = VERTEX_POINT('',#4975);
#4975 = CARTESIAN_POINT('',(10.076544623498,-6.422394918547,10.6));
#4976 = LINE('',#4977,#4978);
#4977 = CARTESIAN_POINT('',(10.212093916704,-6.875148818589,10.6));
#4978 = VECTOR('',#4979,1.);
#4979 = DIRECTION('',(-0.286810366072,0.957987376699,-3.512413967722E-17
    ));
#4980 = ORIENTED_EDGE('',*,*,#4981,.T.);
#4981 = EDGE_CURVE('',#4974,#4982,#4984,.T.);
#4982 = VERTEX_POINT('',#4983);
#4983 = CARTESIAN_POINT('',(9.978780350347,-5.955942577879,10.6));
#4984 = LINE('',#4985,#4986);
#4985 = CARTESIAN_POINT('',(10.076544623498,-6.422394918547,10.6));
#4986 = VECTOR('',#4987,1.);
#4987 = DIRECTION('',(-0.205133945873,0.978733908808,-2.512166302102E-17
    ));
#4988 = ORIENTED_EDGE('',*,*,#4989,.T.);
#4989 = EDGE_CURVE('',#4982,#4406,#4990,.T.);
#4990 = LINE('',#4991,#4992);
#4991 = CARTESIAN_POINT('',(9.978780350347,-5.955942577879,10.6));
#4992 = VECTOR('',#4993,1.);
#4993 = DIRECTION('',(-0.123172740075,0.99238524581,-1.508431018754E-17)
  );
#4994 = PLANE('',#4995);
#4995 = AXIS2_PLACEMENT_3D('',#4996,#4997,#4998);
#4996 = CARTESIAN_POINT('',(7.632038962073,0.993244852889,10.6));
#4997 = DIRECTION('',(1.224646799147E-16,0.,-1.));
#4998 = DIRECTION('',(-1.,0.,-1.224646799147E-16));
#4999 = ADVANCED_FACE('',(#5000),#5011,.T.);
#5000 = FACE_BOUND('',#5001,.T.);
#5001 = EDGE_LOOP('',(#5002,#5003,#5004,#5010));
#5002 = ORIENTED_EDGE('',*,*,#2453,.T.);
#5003 = ORIENTED_EDGE('',*,*,#4829,.T.);
#5004 = ORIENTED_EDGE('',*,*,#5005,.F.);
#5005 = EDGE_CURVE('',#3093,#4830,#5006,.T.);
#5006 = LINE('',#5007,#5008);
#5007 = CARTESIAN_POINT('',(15.932726620987,-9.321414195307,11.));
#5008 = VECTOR('',#5009,1.);
#5009 = DIRECTION('',(1.224646799147E-16,0.,-1.));
#5010 = ORIENTED_EDGE('',*,*,#3092,.F.);
#5011 = PLANE('',#5012);
#5012 = AXIS2_PLACEMENT_3D('',#5013,#5014,#5015);
#5013 = CARTESIAN_POINT('',(16.27783795538,-9.074201100282,11.));
#5014 = DIRECTION('',(-0.582337316915,0.812947261099,-7.131575311842E-17
    ));
#5015 = DIRECTION('',(-0.812947261099,-0.582337316915,
    -9.955732611802E-17));
#5016 = ADVANCED_FACE('',(#5017),#5052,.T.);
#5017 = FACE_BOUND('',#5018,.F.);
#5018 = EDGE_LOOP('',(#5019,#5028,#5035,#5036,#5051));
#5019 = ORIENTED_EDGE('',*,*,#5020,.F.);
#5020 = EDGE_CURVE('',#5021,#2476,#5023,.T.);
#5021 = VERTEX_POINT('',#5022);
#5022 = CARTESIAN_POINT('',(-21.8,-4.,10.55));
#5023 = CIRCLE('',#5024,0.45);
#5024 = AXIS2_PLACEMENT_3D('',#5025,#5026,#5027);
#5025 = CARTESIAN_POINT('',(-21.35,-4.,10.55));
#5026 = DIRECTION('',(0.,1.,0.));
#5027 = DIRECTION('',(-1.,0.,-1.224646799147E-16));
#5028 = ORIENTED_EDGE('',*,*,#5029,.T.);
#5029 = EDGE_CURVE('',#5021,#4378,#5030,.T.);
#5030 = CIRCLE('',#5031,4.4);
#5031 = AXIS2_PLACEMENT_3D('',#5032,#5033,#5034);
#5032 = CARTESIAN_POINT('',(-17.4,-4.,10.55));
#5033 = DIRECTION('',(1.224646799147E-16,0.,-1.));
#5034 = DIRECTION('',(-1.,0.,-1.224646799147E-16));
#5035 = ORIENTED_EDGE('',*,*,#4377,.T.);
#5036 = ORIENTED_EDGE('',*,*,#5037,.T.);
#5037 = EDGE_CURVE('',#4369,#2478,#5038,.T.);
#5038 = B_SPLINE_CURVE_WITH_KNOTS('',6,(#5039,#5040,#5041,#5042,#5043,
    #5044,#5045,#5046,#5047,#5048,#5049,#5050),.UNSPECIFIED.,.F.,.F.,(7,
    5,7),(0.,0.498218959737,1.),.UNSPECIFIED.);
#5039 = CARTESIAN_POINT('',(-19.17692307692,-2.22044604925E-16,
    10.692255707761));
#5040 = CARTESIAN_POINT('',(-19.16199112559,-9.705768366308E-03,
    10.737067931505));
#5041 = CARTESIAN_POINT('',(-19.14143121117,-2.309153784924E-02,
    10.779932154684));
#5042 = CARTESIAN_POINT('',(-19.11557491553,-3.997276557999E-02,
    10.819933266463));
#5043 = CARTESIAN_POINT('',(-19.0849560912,-6.005101516459E-02,
    10.856263000526));
#5044 = CARTESIAN_POINT('',(-19.05024745869,-8.294422088552E-02,
    10.888275361463));
#5045 = CARTESIAN_POINT('',(-18.97389435099,-0.133645972853,
    10.942907552219));
#5046 = CARTESIAN_POINT('',(-18.93219864819,-0.161490683796,
    10.965460940638));
#5047 = CARTESIAN_POINT('',(-18.88789068421,-0.19128449622,
    10.982669087701));
#5048 = CARTESIAN_POINT('',(-18.84181130696,-0.222516545053,
    10.994227896212));
#5049 = CARTESIAN_POINT('',(-18.79482981439,-0.254634463362,
    10.999999940022));
#5050 = CARTESIAN_POINT('',(-18.74780245656,-0.287059313952,11.));
#5051 = ORIENTED_EDGE('',*,*,#2475,.F.);
#5052 = TOROIDAL_SURFACE('',#5053,3.95,0.45);
#5053 = AXIS2_PLACEMENT_3D('',#5054,#5055,#5056);
#5054 = CARTESIAN_POINT('',(-17.4,-4.,10.55));
#5055 = DIRECTION('',(-1.224646799147E-16,-0.,1.));
#5056 = DIRECTION('',(-1.,0.,-1.224646799147E-16));
#5057 = ADVANCED_FACE('',(#5058),#5063,.T.);
#5058 = FACE_BOUND('',#5059,.F.);
#5059 = EDGE_LOOP('',(#5060,#5061,#5062));
#5060 = ORIENTED_EDGE('',*,*,#5037,.F.);
#5061 = ORIENTED_EDGE('',*,*,#4368,.T.);
#5062 = ORIENTED_EDGE('',*,*,#3696,.F.);
#5063 = TOROIDAL_SURFACE('',#5064,18.75,0.45);
#5064 = AXIS2_PLACEMENT_3D('',#5065,#5066,#5067);
#5065 = CARTESIAN_POINT('',(5.510910596163E-17,0.,10.55));
#5066 = DIRECTION('',(-1.224646799147E-16,-0.,1.));
#5067 = DIRECTION('',(-1.,0.,-1.224646799147E-16));
#5068 = ADVANCED_FACE('',(#5069),#5080,.T.);
#5069 = FACE_BOUND('',#5070,.T.);
#5070 = EDGE_LOOP('',(#5071,#5077,#5078,#5079));
#5071 = ORIENTED_EDGE('',*,*,#5072,.T.);
#5072 = EDGE_CURVE('',#3665,#4812,#5073,.T.);
#5073 = LINE('',#5074,#5075);
#5074 = CARTESIAN_POINT('',(17.615877183828,-7.309844010447,11.));
#5075 = VECTOR('',#5076,1.);
#5076 = DIRECTION('',(1.224646799147E-16,0.,-1.));
#5077 = ORIENTED_EDGE('',*,*,#4819,.T.);
#5078 = ORIENTED_EDGE('',*,*,#4319,.F.);
#5079 = ORIENTED_EDGE('',*,*,#3672,.F.);
#5080 = PLANE('',#5081);
#5081 = AXIS2_PLACEMENT_3D('',#5082,#5083,#5084);
#5082 = CARTESIAN_POINT('',(17.615877183828,-7.309844010447,11.));
#5083 = DIRECTION('',(-0.893883237648,0.448299852165,-1.094691245797E-16
    ));
#5084 = DIRECTION('',(-0.448299852165,-0.893883237648,
    -5.490089790125E-17));
#5085 = ADVANCED_FACE('',(#5086),#5097,.T.);
#5086 = FACE_BOUND('',#5087,.T.);
#5087 = EDGE_LOOP('',(#5088,#5094,#5095,#5096));
#5088 = ORIENTED_EDGE('',*,*,#5089,.T.);
#5089 = EDGE_CURVE('',#3657,#4804,#5090,.T.);
#5090 = LINE('',#5091,#5092);
#5091 = CARTESIAN_POINT('',(17.787906083296,-6.875148818589,11.));
#5092 = VECTOR('',#5093,1.);
#5093 = DIRECTION('',(1.224646799147E-16,0.,-1.));
#5094 = ORIENTED_EDGE('',*,*,#4811,.T.);
#5095 = ORIENTED_EDGE('',*,*,#5072,.F.);
#5096 = ORIENTED_EDGE('',*,*,#3664,.F.);
#5097 = PLANE('',#5098);
#5098 = AXIS2_PLACEMENT_3D('',#5099,#5100,#5101);
#5099 = CARTESIAN_POINT('',(17.787906083296,-6.875148818589,11.));
#5100 = DIRECTION('',(-0.929834388321,0.367978274217,-1.138718707395E-16
    ));
#5101 = DIRECTION('',(-0.367978274217,-0.929834388321,
    -4.506434156753E-17));
#5102 = ADVANCED_FACE('',(#5103),#5114,.T.);
#5103 = FACE_BOUND('',#5104,.T.);
#5104 = EDGE_LOOP('',(#5105,#5111,#5112,#5113));
#5105 = ORIENTED_EDGE('',*,*,#5106,.T.);
#5106 = EDGE_CURVE('',#3649,#4796,#5107,.T.);
#5107 = LINE('',#5108,#5109);
#5108 = CARTESIAN_POINT('',(17.923455376502,-6.422394918547,11.));
#5109 = VECTOR('',#5110,1.);
#5110 = DIRECTION('',(1.224646799147E-16,0.,-1.));
#5111 = ORIENTED_EDGE('',*,*,#4803,.T.);
#5112 = ORIENTED_EDGE('',*,*,#5089,.F.);
#5113 = ORIENTED_EDGE('',*,*,#3656,.F.);
#5114 = PLANE('',#5115);
#5115 = AXIS2_PLACEMENT_3D('',#5116,#5117,#5118);
#5116 = CARTESIAN_POINT('',(17.923455376502,-6.422394918547,11.));
#5117 = DIRECTION('',(-0.957987376699,0.286810366072,-1.173196174497E-16
    ));
#5118 = DIRECTION('',(-0.286810366072,-0.957987376699,
    -3.512413967722E-17));
#5119 = ADVANCED_FACE('',(#5120),#5131,.T.);
#5120 = FACE_BOUND('',#5121,.T.);
#5121 = EDGE_LOOP('',(#5122,#5128,#5129,#5130));
#5122 = ORIENTED_EDGE('',*,*,#5123,.T.);
#5123 = EDGE_CURVE('',#3641,#4788,#5124,.T.);
#5124 = LINE('',#5125,#5126);
#5125 = CARTESIAN_POINT('',(18.021219649653,-5.955942577879,11.));
#5126 = VECTOR('',#5127,1.);
#5127 = DIRECTION('',(1.224646799147E-16,0.,-1.));
#5128 = ORIENTED_EDGE('',*,*,#4795,.T.);
#5129 = ORIENTED_EDGE('',*,*,#5106,.F.);
#5130 = ORIENTED_EDGE('',*,*,#3648,.F.);
#5131 = PLANE('',#5132);
#5132 = AXIS2_PLACEMENT_3D('',#5133,#5134,#5135);
#5133 = CARTESIAN_POINT('',(18.021219649653,-5.955942577879,11.));
#5134 = DIRECTION('',(-0.978733908808,0.205133945873,-1.198603348639E-16
    ));
#5135 = DIRECTION('',(-0.205133945873,-0.978733908808,
    -2.512166302102E-17));
#5136 = ADVANCED_FACE('',(#5137),#5148,.T.);
#5137 = FACE_BOUND('',#5138,.T.);
#5138 = EDGE_LOOP('',(#5139,#5145,#5146,#5147));
#5139 = ORIENTED_EDGE('',*,*,#5140,.T.);
#5140 = EDGE_CURVE('',#3633,#4780,#5141,.T.);
#5141 = LINE('',#5142,#5143);
#5142 = CARTESIAN_POINT('',(18.080257379356,-5.480283987615,11.));
#5143 = VECTOR('',#5144,1.);
#5144 = DIRECTION('',(1.224646799147E-16,0.,-1.));
#5145 = ORIENTED_EDGE('',*,*,#4787,.T.);
#5146 = ORIENTED_EDGE('',*,*,#5123,.F.);
#5147 = ORIENTED_EDGE('',*,*,#3640,.F.);
#5148 = PLANE('',#5149);
#5149 = AXIS2_PLACEMENT_3D('',#5150,#5151,#5152);
#5150 = CARTESIAN_POINT('',(18.080257379356,-5.480283987615,11.));
#5151 = DIRECTION('',(-0.99238524581,0.123172740075,-1.215321414803E-16)
  );
#5152 = DIRECTION('',(-0.123172740075,-0.99238524581,-1.508431018754E-17
    ));
#5153 = ADVANCED_FACE('',(#5154),#5165,.T.);
#5154 = FACE_BOUND('',#5155,.T.);
#5155 = EDGE_LOOP('',(#5156,#5162,#5163,#5164));
#5156 = ORIENTED_EDGE('',*,*,#5157,.T.);
#5157 = EDGE_CURVE('',#3625,#4772,#5158,.T.);
#5158 = LINE('',#5159,#5160);
#5159 = CARTESIAN_POINT('',(18.1,-5.,11.));
#5160 = VECTOR('',#5161,1.);
#5161 = DIRECTION('',(1.224646799147E-16,0.,-1.));
#5162 = ORIENTED_EDGE('',*,*,#4779,.T.);
#5163 = ORIENTED_EDGE('',*,*,#5140,.F.);
#5164 = ORIENTED_EDGE('',*,*,#3632,.F.);
#5165 = PLANE('',#5166);
#5166 = AXIS2_PLACEMENT_3D('',#5167,#5168,#5169);
#5167 = CARTESIAN_POINT('',(18.1,-5.,11.));
#5168 = DIRECTION('',(-0.999156211814,4.107145472806E-02,
    -1.223613456646E-16));
#5169 = DIRECTION('',(-4.107145472806E-02,-0.999156211814,
    -5.029802556905E-18));
#5170 = ADVANCED_FACE('',(#5171),#5182,.T.);
#5171 = FACE_BOUND('',#5172,.T.);
#5172 = EDGE_LOOP('',(#5173,#5179,#5180,#5181));
#5173 = ORIENTED_EDGE('',*,*,#5174,.T.);
#5174 = EDGE_CURVE('',#3617,#4764,#5175,.T.);
#5175 = LINE('',#5176,#5177);
#5176 = CARTESIAN_POINT('',(18.080257379356,-4.519716012385,11.));
#5177 = VECTOR('',#5178,1.);
#5178 = DIRECTION('',(1.224646799147E-16,0.,-1.));
#5179 = ORIENTED_EDGE('',*,*,#4771,.T.);
#5180 = ORIENTED_EDGE('',*,*,#5157,.F.);
#5181 = ORIENTED_EDGE('',*,*,#3624,.F.);
#5182 = PLANE('',#5183);
#5183 = AXIS2_PLACEMENT_3D('',#5184,#5185,#5186);
#5184 = CARTESIAN_POINT('',(18.080257379356,-4.519716012385,11.));
#5185 = DIRECTION('',(-0.999156211814,-4.107145472806E-02,
    -1.223613456646E-16));
#5186 = DIRECTION('',(4.107145472806E-02,-0.999156211814,
    5.029802556905E-18));
#5187 = ADVANCED_FACE('',(#5188),#5199,.T.);
#5188 = FACE_BOUND('',#5189,.T.);
#5189 = EDGE_LOOP('',(#5190,#5196,#5197,#5198));
#5190 = ORIENTED_EDGE('',*,*,#5191,.T.);
#5191 = EDGE_CURVE('',#3609,#4756,#5192,.T.);
#5192 = LINE('',#5193,#5194);
#5193 = CARTESIAN_POINT('',(18.021219649653,-4.044057422121,11.));
#5194 = VECTOR('',#5195,1.);
#5195 = DIRECTION('',(1.224646799147E-16,0.,-1.));
#5196 = ORIENTED_EDGE('',*,*,#4763,.T.);
#5197 = ORIENTED_EDGE('',*,*,#5174,.F.);
#5198 = ORIENTED_EDGE('',*,*,#3616,.F.);
#5199 = PLANE('',#5200);
#5200 = AXIS2_PLACEMENT_3D('',#5201,#5202,#5203);
#5201 = CARTESIAN_POINT('',(18.021219649653,-4.044057422121,11.));
#5202 = DIRECTION('',(-0.99238524581,-0.123172740075,-1.215321414803E-16
    ));
#5203 = DIRECTION('',(0.123172740075,-0.99238524581,1.508431018754E-17)
  );
#5204 = ADVANCED_FACE('',(#5205),#5216,.T.);
#5205 = FACE_BOUND('',#5206,.T.);
#5206 = EDGE_LOOP('',(#5207,#5213,#5214,#5215));
#5207 = ORIENTED_EDGE('',*,*,#5208,.T.);
#5208 = EDGE_CURVE('',#3601,#4748,#5209,.T.);
#5209 = LINE('',#5210,#5211);
#5210 = CARTESIAN_POINT('',(17.923455376502,-3.577605081453,11.));
#5211 = VECTOR('',#5212,1.);
#5212 = DIRECTION('',(1.224646799147E-16,0.,-1.));
#5213 = ORIENTED_EDGE('',*,*,#4755,.T.);
#5214 = ORIENTED_EDGE('',*,*,#5191,.F.);
#5215 = ORIENTED_EDGE('',*,*,#3608,.F.);
#5216 = PLANE('',#5217);
#5217 = AXIS2_PLACEMENT_3D('',#5218,#5219,#5220);
#5218 = CARTESIAN_POINT('',(17.923455376502,-3.577605081453,11.));
#5219 = DIRECTION('',(-0.978733908808,-0.205133945873,
    -1.198603348639E-16));
#5220 = DIRECTION('',(0.205133945873,-0.978733908808,2.512166302102E-17)
  );
#5221 = ADVANCED_FACE('',(#5222),#5233,.T.);
#5222 = FACE_BOUND('',#5223,.T.);
#5223 = EDGE_LOOP('',(#5224,#5230,#5231,#5232));
#5224 = ORIENTED_EDGE('',*,*,#5225,.T.);
#5225 = EDGE_CURVE('',#3593,#4740,#5226,.T.);
#5226 = LINE('',#5227,#5228);
#5227 = CARTESIAN_POINT('',(17.787906083296,-3.124851181411,11.));
#5228 = VECTOR('',#5229,1.);
#5229 = DIRECTION('',(1.224646799147E-16,0.,-1.));
#5230 = ORIENTED_EDGE('',*,*,#4747,.T.);
#5231 = ORIENTED_EDGE('',*,*,#5208,.F.);
#5232 = ORIENTED_EDGE('',*,*,#3600,.F.);
#5233 = PLANE('',#5234);
#5234 = AXIS2_PLACEMENT_3D('',#5235,#5236,#5237);
#5235 = CARTESIAN_POINT('',(17.787906083296,-3.124851181411,11.));
#5236 = DIRECTION('',(-0.957987376699,-0.286810366072,
    -1.173196174497E-16));
#5237 = DIRECTION('',(0.286810366072,-0.957987376699,3.512413967722E-17)
  );
#5238 = ADVANCED_FACE('',(#5239),#5250,.T.);
#5239 = FACE_BOUND('',#5240,.T.);
#5240 = EDGE_LOOP('',(#5241,#5247,#5248,#5249));
#5241 = ORIENTED_EDGE('',*,*,#5242,.T.);
#5242 = EDGE_CURVE('',#3585,#4732,#5243,.T.);
#5243 = LINE('',#5244,#5245);
#5244 = CARTESIAN_POINT('',(17.615877183828,-2.690155989553,11.));
#5245 = VECTOR('',#5246,1.);
#5246 = DIRECTION('',(1.224646799147E-16,0.,-1.));
#5247 = ORIENTED_EDGE('',*,*,#4739,.T.);
#5248 = ORIENTED_EDGE('',*,*,#5225,.F.);
#5249 = ORIENTED_EDGE('',*,*,#3592,.F.);
#5250 = PLANE('',#5251);
#5251 = AXIS2_PLACEMENT_3D('',#5252,#5253,#5254);
#5252 = CARTESIAN_POINT('',(17.615877183828,-2.690155989553,11.));
#5253 = DIRECTION('',(-0.929834388321,-0.367978274217,
    -1.138718707395E-16));
#5254 = DIRECTION('',(0.367978274217,-0.929834388321,4.506434156753E-17)
  );
#5255 = ADVANCED_FACE('',(#5256),#5267,.T.);
#5256 = FACE_BOUND('',#5257,.T.);
#5257 = EDGE_LOOP('',(#5258,#5264,#5265,#5266));
#5258 = ORIENTED_EDGE('',*,*,#5259,.T.);
#5259 = EDGE_CURVE('',#3577,#4724,#5260,.T.);
#5260 = LINE('',#5261,#5262);
#5261 = CARTESIAN_POINT('',(17.40902541044,-2.277705858204,11.));
#5262 = VECTOR('',#5263,1.);
#5263 = DIRECTION('',(1.224646799147E-16,0.,-1.));
#5264 = ORIENTED_EDGE('',*,*,#4731,.T.);
#5265 = ORIENTED_EDGE('',*,*,#5242,.F.);
#5266 = ORIENTED_EDGE('',*,*,#3584,.F.);
#5267 = PLANE('',#5268);
#5268 = AXIS2_PLACEMENT_3D('',#5269,#5270,#5271);
#5269 = CARTESIAN_POINT('',(17.40902541044,-2.277705858204,11.));
#5270 = DIRECTION('',(-0.893883237648,-0.448299852165,
    -1.094691245797E-16));
#5271 = DIRECTION('',(0.448299852165,-0.893883237648,5.490089790125E-17)
  );
#5272 = ADVANCED_FACE('',(#5273),#5284,.T.);
#5273 = FACE_BOUND('',#5274,.T.);
#5274 = EDGE_LOOP('',(#5275,#5281,#5282,#5283));
#5275 = ORIENTED_EDGE('',*,*,#5276,.T.);
#5276 = EDGE_CURVE('',#3569,#4716,#5277,.T.);
#5277 = LINE('',#5278,#5279);
#5278 = CARTESIAN_POINT('',(17.169342858787,-1.891472907598,11.));
#5279 = VECTOR('',#5280,1.);
#5280 = DIRECTION('',(1.224646799147E-16,0.,-1.));
#5281 = ORIENTED_EDGE('',*,*,#4723,.T.);
#5282 = ORIENTED_EDGE('',*,*,#5259,.F.);
#5283 = ORIENTED_EDGE('',*,*,#3576,.F.);
#5284 = PLANE('',#5285);
#5285 = AXIS2_PLACEMENT_3D('',#5286,#5287,#5288);
#5286 = CARTESIAN_POINT('',(17.169342858787,-1.891472907598,11.));
#5287 = DIRECTION('',(-0.849687719188,-0.527286240917,
    -1.040567345579E-16));
#5288 = DIRECTION('',(0.527286240917,-0.849687719188,6.45739407174E-17)
  );
#5289 = ADVANCED_FACE('',(#5290),#5301,.T.);
#5290 = FACE_BOUND('',#5291,.T.);
#5291 = EDGE_LOOP('',(#5292,#5298,#5299,#5300));
#5292 = ORIENTED_EDGE('',*,*,#5293,.T.);
#5293 = EDGE_CURVE('',#3561,#4708,#5294,.T.);
#5294 = LINE('',#5295,#5296);
#5295 = CARTESIAN_POINT('',(16.899137802865,-1.535176772186,11.));
#5296 = VECTOR('',#5297,1.);
#5297 = DIRECTION('',(1.224646799147E-16,0.,-1.));
#5298 = ORIENTED_EDGE('',*,*,#4715,.T.);
#5299 = ORIENTED_EDGE('',*,*,#5276,.F.);
#5300 = ORIENTED_EDGE('',*,*,#3568,.F.);
#5301 = PLANE('',#5302);
#5302 = AXIS2_PLACEMENT_3D('',#5303,#5304,#5305);
#5303 = CARTESIAN_POINT('',(16.899137802865,-1.535176772186,11.));
#5304 = DIRECTION('',(-0.796786626898,-0.604260764238,
    -9.757821922337E-17));
#5305 = DIRECTION('',(0.604260764238,-0.796786626898,7.400060107739E-17)
  );
#5306 = ADVANCED_FACE('',(#5307),#5318,.T.);
#5307 = FACE_BOUND('',#5308,.T.);
#5308 = EDGE_LOOP('',(#5309,#5315,#5316,#5317));
#5309 = ORIENTED_EDGE('',*,*,#5310,.T.);
#5310 = EDGE_CURVE('',#3553,#4700,#5311,.T.);
#5311 = LINE('',#5312,#5313);
#5312 = CARTESIAN_POINT('',(16.601012465071,-1.212248778523,11.));
#5313 = VECTOR('',#5314,1.);
#5314 = DIRECTION('',(1.224646799147E-16,0.,-1.));
#5315 = ORIENTED_EDGE('',*,*,#4707,.T.);
#5316 = ORIENTED_EDGE('',*,*,#5293,.F.);
#5317 = ORIENTED_EDGE('',*,*,#3560,.F.);
#5318 = PLANE('',#5319);
#5319 = AXIS2_PLACEMENT_3D('',#5320,#5321,#5322);
#5320 = CARTESIAN_POINT('',(16.601012465071,-1.212248778523,11.));
#5321 = DIRECTION('',(-0.734760396891,-0.678326734811,
    -8.998219681934E-17));
#5322 = DIRECTION('',(0.678326734811,-0.734760396891,8.307106645629E-17)
  );
#5323 = ADVANCED_FACE('',(#5324),#5335,.T.);
#5324 = FACE_BOUND('',#5325,.T.);
#5325 = EDGE_LOOP('',(#5326,#5332,#5333,#5334));
#5326 = ORIENTED_EDGE('',*,*,#5327,.T.);
#5327 = EDGE_CURVE('',#3545,#4692,#5328,.T.);
#5328 = LINE('',#5329,#5330);
#5329 = CARTESIAN_POINT('',(16.27783795538,-0.925798899718,11.));
#5330 = VECTOR('',#5331,1.);
#5331 = DIRECTION('',(1.224646799147E-16,0.,-1.));
#5332 = ORIENTED_EDGE('',*,*,#4699,.T.);
#5333 = ORIENTED_EDGE('',*,*,#5310,.F.);
#5334 = ORIENTED_EDGE('',*,*,#3552,.F.);
#5335 = PLANE('',#5336);
#5336 = AXIS2_PLACEMENT_3D('',#5337,#5338,#5339);
#5337 = CARTESIAN_POINT('',(16.27783795538,-0.925798899718,11.));
#5338 = DIRECTION('',(-0.663307183912,-0.748347232086,
    -8.123170196296E-17));
#5339 = DIRECTION('',(0.748347232086,-0.663307183912,9.164610424246E-17)
  );
#5340 = ADVANCED_FACE('',(#5341),#5352,.T.);
#5341 = FACE_BOUND('',#5342,.T.);
#5342 = EDGE_LOOP('',(#5343,#5349,#5350,#5351));
#5343 = ORIENTED_EDGE('',*,*,#5344,.T.);
#5344 = EDGE_CURVE('',#3537,#4684,#5345,.T.);
#5345 = LINE('',#5346,#5347);
#5346 = CARTESIAN_POINT('',(15.932726620987,-0.678585804693,11.));
#5347 = VECTOR('',#5348,1.);
#5348 = DIRECTION('',(1.224646799147E-16,0.,-1.));
#5349 = ORIENTED_EDGE('',*,*,#4691,.T.);
#5350 = ORIENTED_EDGE('',*,*,#5327,.F.);
#5351 = ORIENTED_EDGE('',*,*,#3544,.F.);
#5352 = PLANE('',#5353);
#5353 = AXIS2_PLACEMENT_3D('',#5354,#5355,#5356);
#5354 = CARTESIAN_POINT('',(15.932726620987,-0.678585804693,11.));
#5355 = DIRECTION('',(-0.582337316915,-0.812947261099,
    -7.131575311843E-17));
#5356 = DIRECTION('',(0.812947261099,-0.582337316915,9.955732611802E-17)
  );
#5357 = ADVANCED_FACE('',(#5358),#5369,.T.);
#5358 = FACE_BOUND('',#5359,.T.);
#5359 = EDGE_LOOP('',(#5360,#5366,#5367,#5368));
#5360 = ORIENTED_EDGE('',*,*,#5361,.T.);
#5361 = EDGE_CURVE('',#3529,#4676,#5362,.T.);
#5362 = LINE('',#5363,#5364);
#5363 = CARTESIAN_POINT('',(15.569002072697,-0.472990290695,11.));
#5364 = VECTOR('',#5365,1.);
#5365 = DIRECTION('',(1.224646799147E-16,0.,-1.));
#5366 = ORIENTED_EDGE('',*,*,#4683,.T.);
#5367 = ORIENTED_EDGE('',*,*,#5344,.F.);
#5368 = ORIENTED_EDGE('',*,*,#3536,.F.);
#5369 = PLANE('',#5370);
#5370 = AXIS2_PLACEMENT_3D('',#5371,#5372,#5373);
#5371 = CARTESIAN_POINT('',(15.569002072697,-0.472990290695,11.));
#5372 = DIRECTION('',(-0.492079157341,-0.870550459715,
    -6.026231649649E-17));
#5373 = DIRECTION('',(0.870550459715,-0.492079157341,1.066116833987E-16)
  );
#5374 = ADVANCED_FACE('',(#5375),#5386,.T.);
#5375 = FACE_BOUND('',#5376,.T.);
#5376 = EDGE_LOOP('',(#5377,#5383,#5384,#5385));
#5377 = ORIENTED_EDGE('',*,*,#5378,.T.);
#5378 = EDGE_CURVE('',#3521,#4668,#5379,.T.);
#5379 = LINE('',#5380,#5381);
#5380 = CARTESIAN_POINT('',(15.190167176743,-0.310992354912,11.));
#5381 = VECTOR('',#5382,1.);
#5382 = DIRECTION('',(1.224646799147E-16,0.,-1.));
#5383 = ORIENTED_EDGE('',*,*,#4675,.T.);
#5384 = ORIENTED_EDGE('',*,*,#5361,.F.);
#5385 = ORIENTED_EDGE('',*,*,#3528,.F.);
#5386 = PLANE('',#5387);
#5387 = AXIS2_PLACEMENT_3D('',#5388,#5389,#5390);
#5388 = CARTESIAN_POINT('',(15.190167176743,-0.310992354912,11.));
#5389 = DIRECTION('',(-0.393181258522,-0.919460982287,
    -4.815081697334E-17));
#5390 = DIRECTION('',(0.919460982287,-0.393181258522,1.126014948898E-16)
  );
#5391 = ADVANCED_FACE('',(#5392),#5403,.T.);
#5392 = FACE_BOUND('',#5393,.T.);
#5393 = EDGE_LOOP('',(#5394,#5400,#5401,#5402));
#5394 = ORIENTED_EDGE('',*,*,#5395,.T.);
#5395 = EDGE_CURVE('',#3513,#4660,#5396,.T.);
#5396 = LINE('',#5397,#5398);
#5397 = CARTESIAN_POINT('',(14.799870320266,-0.194152126024,11.));
#5398 = VECTOR('',#5399,1.);
#5399 = DIRECTION('',(1.224646799147E-16,0.,-1.));
#5400 = ORIENTED_EDGE('',*,*,#4667,.T.);
#5401 = ORIENTED_EDGE('',*,*,#5378,.F.);
#5402 = ORIENTED_EDGE('',*,*,#3520,.F.);
#5403 = PLANE('',#5404);
#5404 = AXIS2_PLACEMENT_3D('',#5405,#5406,#5407);
#5405 = CARTESIAN_POINT('',(14.799870320266,-0.194152126024,11.));
#5406 = DIRECTION('',(-0.286787510518,-0.957994219091,
    -3.512134067908E-17));
#5407 = DIRECTION('',(0.957994219091,-0.286787510518,1.173204554011E-16)
  );
#5408 = ADVANCED_FACE('',(#5409),#5420,.T.);
#5409 = FACE_BOUND('',#5410,.T.);
#5410 = EDGE_LOOP('',(#5411,#5412,#5418,#5419));
#5411 = ORIENTED_EDGE('',*,*,#3512,.F.);
#5412 = ORIENTED_EDGE('',*,*,#5413,.F.);
#5413 = EDGE_CURVE('',#4652,#3505,#5414,.T.);
#5414 = LINE('',#5415,#5416);
#5415 = CARTESIAN_POINT('',(14.480538237708,-0.137541063802,11.));
#5416 = VECTOR('',#5417,1.);
#5417 = DIRECTION('',(-1.224646799147E-16,-0.,1.));
#5418 = ORIENTED_EDGE('',*,*,#4659,.T.);
#5419 = ORIENTED_EDGE('',*,*,#5395,.F.);
#5420 = PLANE('',#5421);
#5421 = AXIS2_PLACEMENT_3D('',#5422,#5423,#5424);
#5422 = CARTESIAN_POINT('',(14.401870275351,-0.123594839306,11.));
#5423 = DIRECTION('',(-0.174557808364,-0.98464692735,-2.137716612786E-17
    ));
#5424 = DIRECTION('',(0.98464692735,-0.174557808364,1.205844707869E-16)
  );
#5425 = ADVANCED_FACE('',(#5426),#5437,.F.);
#5426 = FACE_BOUND('',#5427,.F.);
#5427 = EDGE_LOOP('',(#5428,#5429,#5430,#5431));
#5428 = ORIENTED_EDGE('',*,*,#3504,.F.);
#5429 = ORIENTED_EDGE('',*,*,#5413,.F.);
#5430 = ORIENTED_EDGE('',*,*,#4651,.T.);
#5431 = ORIENTED_EDGE('',*,*,#5432,.F.);
#5432 = EDGE_CURVE('',#3496,#4643,#5433,.T.);
#5433 = LINE('',#5434,#5435);
#5434 = CARTESIAN_POINT('',(11.927006136635,5.425511013537,11.));
#5435 = VECTOR('',#5436,1.);
#5436 = DIRECTION('',(1.224646799147E-16,0.,-1.));
#5437 = PLANE('',#5438);
#5438 = AXIS2_PLACEMENT_3D('',#5439,#5440,#5441);
#5439 = CARTESIAN_POINT('',(14.727006136635,-0.674488986463,11.));
#5440 = DIRECTION('',(0.90882954572,0.417167660331,1.112995194137E-16));
#5441 = DIRECTION('',(-0.417167660331,0.90882954572,-5.108830399317E-17)
  );
#5442 = ADVANCED_FACE('',(#5443),#5454,.F.);
#5443 = FACE_BOUND('',#5444,.F.);
#5444 = EDGE_LOOP('',(#5445,#5446,#5452,#5453));
#5445 = ORIENTED_EDGE('',*,*,#4642,.F.);
#5446 = ORIENTED_EDGE('',*,*,#5447,.F.);
#5447 = EDGE_CURVE('',#3488,#4635,#5448,.T.);
#5448 = LINE('',#5449,#5450);
#5449 = CARTESIAN_POINT('',(11.619051875429,5.810663170205,11.));
#5450 = VECTOR('',#5451,1.);
#5451 = DIRECTION('',(1.224646799147E-16,0.,-1.));
#5452 = ORIENTED_EDGE('',*,*,#3495,.T.);
#5453 = ORIENTED_EDGE('',*,*,#5432,.T.);
#5454 = CYLINDRICAL_SURFACE('',#5455,1.02);
#5455 = AXIS2_PLACEMENT_3D('',#5456,#5457,#5458);
#5456 = CARTESIAN_POINT('',(11.,5.,11.));
#5457 = DIRECTION('',(1.224646799147E-16,0.,-1.));
#5458 = DIRECTION('',(-1.,0.,-1.224646799147E-16));
#5459 = ADVANCED_FACE('',(#5460),#5471,.F.);
#5460 = FACE_BOUND('',#5461,.F.);
#5461 = EDGE_LOOP('',(#5462,#5463,#5464,#5470));
#5462 = ORIENTED_EDGE('',*,*,#5447,.T.);
#5463 = ORIENTED_EDGE('',*,*,#4634,.T.);
#5464 = ORIENTED_EDGE('',*,*,#5465,.F.);
#5465 = EDGE_CURVE('',#3479,#4626,#5466,.T.);
#5466 = LINE('',#5467,#5468);
#5467 = CARTESIAN_POINT('',(6.119051875429,10.010663170205,11.));
#5468 = VECTOR('',#5469,1.);
#5469 = DIRECTION('',(1.224646799147E-16,0.,-1.));
#5470 = ORIENTED_EDGE('',*,*,#3487,.F.);
#5471 = PLANE('',#5472);
#5472 = AXIS2_PLACEMENT_3D('',#5473,#5474,#5475);
#5473 = CARTESIAN_POINT('',(11.619051875429,5.810663170205,11.));
#5474 = DIRECTION('',(0.606913603362,0.794767813927,7.432548017165E-17)
  );
#5475 = DIRECTION('',(-0.794767813927,0.606913603362,-9.733098593907E-17
    ));
#5476 = ADVANCED_FACE('',(#5477),#5490,.F.);
#5477 = FACE_BOUND('',#5478,.F.);
#5478 = EDGE_LOOP('',(#5479,#5480,#5486,#5487,#5488,#5489));
#5479 = ORIENTED_EDGE('',*,*,#4616,.F.);
#5480 = ORIENTED_EDGE('',*,*,#5481,.F.);
#5481 = EDGE_CURVE('',#3462,#4609,#5482,.T.);
#5482 = LINE('',#5483,#5484);
#5483 = CARTESIAN_POINT('',(4.880948124571,8.389336829795,11.));
#5484 = VECTOR('',#5485,1.);
#5485 = DIRECTION('',(1.224646799147E-16,0.,-1.));
#5486 = ORIENTED_EDGE('',*,*,#3469,.T.);
#5487 = ORIENTED_EDGE('',*,*,#3478,.T.);
#5488 = ORIENTED_EDGE('',*,*,#5465,.T.);
#5489 = ORIENTED_EDGE('',*,*,#4625,.F.);
#5490 = CYLINDRICAL_SURFACE('',#5491,1.02);
#5491 = AXIS2_PLACEMENT_3D('',#5492,#5493,#5494);
#5492 = CARTESIAN_POINT('',(5.5,9.2,11.));
#5493 = DIRECTION('',(1.224646799147E-16,0.,-1.));
#5494 = DIRECTION('',(-1.,0.,-1.224646799147E-16));
#5495 = ADVANCED_FACE('',(#5496),#5507,.F.);
#5496 = FACE_BOUND('',#5497,.F.);
#5497 = EDGE_LOOP('',(#5498,#5499,#5500,#5501));
#5498 = ORIENTED_EDGE('',*,*,#3461,.F.);
#5499 = ORIENTED_EDGE('',*,*,#5481,.T.);
#5500 = ORIENTED_EDGE('',*,*,#4608,.T.);
#5501 = ORIENTED_EDGE('',*,*,#5502,.T.);
#5502 = EDGE_CURVE('',#4601,#3454,#5503,.T.);
#5503 = LINE('',#5504,#5505);
#5504 = CARTESIAN_POINT('',(10.178996667446,4.343554306145,11.));
#5505 = VECTOR('',#5506,1.);
#5506 = DIRECTION('',(-1.224646799147E-16,0.,1.));
#5507 = PLANE('',#5508);
#5508 = AXIS2_PLACEMENT_3D('',#5509,#5510,#5511);
#5509 = CARTESIAN_POINT('',(4.880948124571,8.389336829795,11.));
#5510 = DIRECTION('',(-0.606913603362,-0.794767813927,
    -7.432548017165E-17));
#5511 = DIRECTION('',(0.794767813927,-0.606913603362,9.733098593907E-17)
  );
#5512 = ADVANCED_FACE('',(#5513),#5524,.F.);
#5513 = FACE_BOUND('',#5514,.F.);
#5514 = EDGE_LOOP('',(#5515,#5516,#5517,#5518));
#5515 = ORIENTED_EDGE('',*,*,#3453,.F.);
#5516 = ORIENTED_EDGE('',*,*,#5502,.F.);
#5517 = ORIENTED_EDGE('',*,*,#4600,.T.);
#5518 = ORIENTED_EDGE('',*,*,#5519,.F.);
#5519 = EDGE_CURVE('',#3446,#4593,#5520,.T.);
#5520 = LINE('',#5521,#5522);
#5521 = CARTESIAN_POINT('',(11.485518260992,1.497203691632,11.));
#5522 = VECTOR('',#5523,1.);
#5523 = DIRECTION('',(1.224646799147E-16,0.,-1.));
#5524 = PLANE('',#5525);
#5525 = AXIS2_PLACEMENT_3D('',#5526,#5527,#5528);
#5526 = CARTESIAN_POINT('',(10.072993863365,4.574488986463,11.));
#5527 = DIRECTION('',(-0.90882954572,-0.417167660331,-1.112995194137E-16
    ));
#5528 = DIRECTION('',(0.417167660331,-0.90882954572,5.108830399317E-17)
  );
#5529 = ADVANCED_FACE('',(#5530),#5541,.F.);
#5530 = FACE_BOUND('',#5531,.F.);
#5531 = EDGE_LOOP('',(#5532,#5533,#5534,#5535));
#5532 = ORIENTED_EDGE('',*,*,#3445,.F.);
#5533 = ORIENTED_EDGE('',*,*,#5519,.T.);
#5534 = ORIENTED_EDGE('',*,*,#4592,.T.);
#5535 = ORIENTED_EDGE('',*,*,#5536,.F.);
#5536 = EDGE_CURVE('',#3437,#4584,#5537,.T.);
#5537 = LINE('',#5538,#5539);
#5538 = CARTESIAN_POINT('',(9.170802864446,4.168029149186,11.));
#5539 = VECTOR('',#5540,1.);
#5540 = DIRECTION('',(1.224646799147E-16,0.,-1.));
#5541 = PLANE('',#5542);
#5542 = AXIS2_PLACEMENT_3D('',#5543,#5544,#5545);
#5543 = CARTESIAN_POINT('',(13.070802864446,-0.331970850814,11.));
#5544 = DIRECTION('',(0.75568908279,0.654930538418,9.254522163891E-17));
#5545 = DIRECTION('',(-0.654930538418,0.75568908279,-8.020585875373E-17)
  );
#5546 = ADVANCED_FACE('',(#5547),#5558,.F.);
#5547 = FACE_BOUND('',#5548,.F.);
#5548 = EDGE_LOOP('',(#5549,#5550,#5556,#5557));
#5549 = ORIENTED_EDGE('',*,*,#4583,.F.);
#5550 = ORIENTED_EDGE('',*,*,#5551,.F.);
#5551 = EDGE_CURVE('',#3429,#4576,#5552,.T.);
#5552 = LINE('',#5553,#5554);
#5553 = CARTESIAN_POINT('',(8.832922553755,4.423568114678,11.));
#5554 = VECTOR('',#5555,1.);
#5555 = DIRECTION('',(1.224646799147E-16,0.,-1.));
#5556 = ORIENTED_EDGE('',*,*,#3436,.T.);
#5557 = ORIENTED_EDGE('',*,*,#5536,.T.);
#5558 = CYLINDRICAL_SURFACE('',#5559,1.02);
#5559 = AXIS2_PLACEMENT_3D('',#5560,#5561,#5562);
#5560 = CARTESIAN_POINT('',(8.4,3.5,11.));
#5561 = DIRECTION('',(1.224646799147E-16,0.,-1.));
#5562 = DIRECTION('',(-1.,0.,-1.224646799147E-16));
#5563 = ADVANCED_FACE('',(#5564),#5575,.F.);
#5564 = FACE_BOUND('',#5565,.F.);
#5565 = EDGE_LOOP('',(#5566,#5567,#5568,#5574));
#5566 = ORIENTED_EDGE('',*,*,#5551,.T.);
#5567 = ORIENTED_EDGE('',*,*,#4575,.T.);
#5568 = ORIENTED_EDGE('',*,*,#5569,.F.);
#5569 = EDGE_CURVE('',#3420,#4567,#5570,.T.);
#5570 = LINE('',#5571,#5572);
#5571 = CARTESIAN_POINT('',(2.432922553755,7.423568114678,11.));
#5572 = VECTOR('',#5573,1.);
#5573 = DIRECTION('',(1.224646799147E-16,0.,-1.));
#5574 = ORIENTED_EDGE('',*,*,#3428,.F.);
#5575 = PLANE('',#5576);
#5576 = AXIS2_PLACEMENT_3D('',#5577,#5578,#5579);
#5577 = CARTESIAN_POINT('',(8.832922553755,4.423568114678,11.));
#5578 = DIRECTION('',(0.424433876231,0.905458935959,5.197815879757E-17)
  );
#5579 = DIRECTION('',(-0.905458935959,0.424433876231,-1.108867387681E-16
    ));
#5580 = ADVANCED_FACE('',(#5581),#5594,.F.);
#5581 = FACE_BOUND('',#5582,.F.);
#5582 = EDGE_LOOP('',(#5583,#5584,#5590,#5591,#5592,#5593));
#5583 = ORIENTED_EDGE('',*,*,#4557,.F.);
#5584 = ORIENTED_EDGE('',*,*,#5585,.F.);
#5585 = EDGE_CURVE('',#3403,#4550,#5586,.T.);
#5586 = LINE('',#5587,#5588);
#5587 = CARTESIAN_POINT('',(1.567077446245,5.576431885322,11.));
#5588 = VECTOR('',#5589,1.);
#5589 = DIRECTION('',(1.224646799147E-16,0.,-1.));
#5590 = ORIENTED_EDGE('',*,*,#3410,.T.);
#5591 = ORIENTED_EDGE('',*,*,#3419,.T.);
#5592 = ORIENTED_EDGE('',*,*,#5569,.T.);
#5593 = ORIENTED_EDGE('',*,*,#4566,.F.);
#5594 = CYLINDRICAL_SURFACE('',#5595,1.02);
#5595 = AXIS2_PLACEMENT_3D('',#5596,#5597,#5598);
#5596 = CARTESIAN_POINT('',(2.,6.5,11.));
#5597 = DIRECTION('',(1.224646799147E-16,0.,-1.));
#5598 = DIRECTION('',(-1.,0.,-1.224646799147E-16));
#5599 = ADVANCED_FACE('',(#5600),#5611,.F.);
#5600 = FACE_BOUND('',#5601,.F.);
#5601 = EDGE_LOOP('',(#5602,#5603,#5604,#5605));
#5602 = ORIENTED_EDGE('',*,*,#3402,.F.);
#5603 = ORIENTED_EDGE('',*,*,#5585,.T.);
#5604 = ORIENTED_EDGE('',*,*,#4549,.T.);
#5605 = ORIENTED_EDGE('',*,*,#5606,.T.);
#5606 = EDGE_CURVE('',#4542,#3395,#5607,.T.);
#5607 = LINE('',#5608,#5609);
#5608 = CARTESIAN_POINT('',(7.771013097168,2.668337048951,11.));
#5609 = VECTOR('',#5610,1.);
#5610 = DIRECTION('',(-1.224646799147E-16,0.,1.));
#5611 = PLANE('',#5612);
#5612 = AXIS2_PLACEMENT_3D('',#5613,#5614,#5615);
#5613 = CARTESIAN_POINT('',(1.567077446245,5.576431885322,11.));
#5614 = DIRECTION('',(-0.424433876231,-0.905458935959,
    -5.197815879757E-17));
#5615 = DIRECTION('',(0.905458935959,-0.424433876231,1.108867387681E-16)
  );
#5616 = ADVANCED_FACE('',(#5617),#5628,.F.);
#5617 = FACE_BOUND('',#5618,.F.);
#5618 = EDGE_LOOP('',(#5619,#5620,#5621,#5622));
#5619 = ORIENTED_EDGE('',*,*,#3394,.F.);
#5620 = ORIENTED_EDGE('',*,*,#5606,.F.);
#5621 = ORIENTED_EDGE('',*,*,#4541,.T.);
#5622 = ORIENTED_EDGE('',*,*,#5623,.F.);
#5623 = EDGE_CURVE('',#3387,#4534,#5624,.T.);
#5624 = LINE('',#5625,#5626);
#5625 = CARTESIAN_POINT('',(10.119586537827,-4.155538257765E-02,11.));
#5626 = VECTOR('',#5627,1.);
#5627 = DIRECTION('',(1.224646799147E-16,0.,-1.));
#5628 = PLANE('',#5629);
#5629 = AXIS2_PLACEMENT_3D('',#5630,#5631,#5632);
#5630 = CARTESIAN_POINT('',(7.629197135554,2.831970850814,11.));
#5631 = DIRECTION('',(-0.75568908279,-0.654930538418,-9.254522163891E-17
    ));
#5632 = DIRECTION('',(0.654930538418,-0.75568908279,8.020585875373E-17)
  );
#5633 = ADVANCED_FACE('',(#5634),#5645,.F.);
#5634 = FACE_BOUND('',#5635,.F.);
#5635 = EDGE_LOOP('',(#5636,#5637,#5638,#5639));
#5636 = ORIENTED_EDGE('',*,*,#3386,.F.);
#5637 = ORIENTED_EDGE('',*,*,#5623,.T.);
#5638 = ORIENTED_EDGE('',*,*,#4533,.T.);
#5639 = ORIENTED_EDGE('',*,*,#5640,.F.);
#5640 = EDGE_CURVE('',#3378,#4525,#5641,.T.);
#5641 = LINE('',#5642,#5643);
#5642 = CARTESIAN_POINT('',(7.678651340977,1.63997775303,11.));
#5643 = VECTOR('',#5644,1.);
#5644 = DIRECTION('',(1.224646799147E-16,0.,-1.));
#5645 = PLANE('',#5646);
#5646 = AXIS2_PLACEMENT_3D('',#5647,#5648,#5649);
#5647 = CARTESIAN_POINT('',(12.178651340977,-1.46002224697,11.));
#5648 = DIRECTION('',(0.567305236251,0.82350760101,6.947485417149E-17));
#5649 = DIRECTION('',(-0.82350760101,0.567305236251,-1.008505947651E-16)
  );
#5650 = ADVANCED_FACE('',(#5651),#5662,.F.);
#5651 = FACE_BOUND('',#5652,.F.);
#5652 = EDGE_LOOP('',(#5653,#5654,#5660,#5661));
#5653 = ORIENTED_EDGE('',*,*,#4524,.F.);
#5654 = ORIENTED_EDGE('',*,*,#5655,.F.);
#5655 = EDGE_CURVE('',#3370,#4517,#5656,.T.);
#5656 = LINE('',#5657,#5658);
#5657 = CARTESIAN_POINT('',(7.422552321337,1.767656964012,11.));
#5658 = VECTOR('',#5659,1.);
#5659 = DIRECTION('',(1.224646799147E-16,0.,-1.));
#5660 = ORIENTED_EDGE('',*,*,#3377,.T.);
#5661 = ORIENTED_EDGE('',*,*,#5640,.T.);
#5662 = CYLINDRICAL_SURFACE('',#5663,1.02);
#5663 = AXIS2_PLACEMENT_3D('',#5664,#5665,#5666);
#5664 = CARTESIAN_POINT('',(7.1,0.8,11.));
#5665 = DIRECTION('',(1.224646799147E-16,0.,-1.));
#5666 = DIRECTION('',(-1.,0.,-1.224646799147E-16));
#5667 = ADVANCED_FACE('',(#5668),#5679,.F.);
#5668 = FACE_BOUND('',#5669,.F.);
#5669 = EDGE_LOOP('',(#5670,#5671,#5672,#5678));
#5670 = ORIENTED_EDGE('',*,*,#5655,.T.);
#5671 = ORIENTED_EDGE('',*,*,#4516,.T.);
#5672 = ORIENTED_EDGE('',*,*,#5673,.F.);
#5673 = EDGE_CURVE('',#3361,#4508,#5674,.T.);
#5674 = LINE('',#5675,#5676);
#5675 = CARTESIAN_POINT('',(0.822552321337,3.967656964012,11.));
#5676 = VECTOR('',#5677,1.);
#5677 = DIRECTION('',(1.224646799147E-16,0.,-1.));
#5678 = ORIENTED_EDGE('',*,*,#3369,.F.);
#5679 = PLANE('',#5680);
#5680 = AXIS2_PLACEMENT_3D('',#5681,#5682,#5683);
#5681 = CARTESIAN_POINT('',(7.422552321337,1.767656964012,11.));
#5682 = DIRECTION('',(0.316227766017,0.948683298051,3.87267321454E-17));
#5683 = DIRECTION('',(-0.948683298051,0.316227766017,-1.161801964362E-16
    ));
#5684 = ADVANCED_FACE('',(#5685),#5698,.F.);
#5685 = FACE_BOUND('',#5686,.F.);
#5686 = EDGE_LOOP('',(#5687,#5688,#5694,#5695,#5696,#5697));
#5687 = ORIENTED_EDGE('',*,*,#4498,.F.);
#5688 = ORIENTED_EDGE('',*,*,#5689,.F.);
#5689 = EDGE_CURVE('',#3344,#4491,#5690,.T.);
#5690 = LINE('',#5691,#5692);
#5691 = CARTESIAN_POINT('',(0.177447678663,2.032343035988,11.));
#5692 = VECTOR('',#5693,1.);
#5693 = DIRECTION('',(1.224646799147E-16,0.,-1.));
#5694 = ORIENTED_EDGE('',*,*,#3351,.T.);
#5695 = ORIENTED_EDGE('',*,*,#3360,.T.);
#5696 = ORIENTED_EDGE('',*,*,#5673,.T.);
#5697 = ORIENTED_EDGE('',*,*,#4507,.F.);
#5698 = CYLINDRICAL_SURFACE('',#5699,1.02);
#5699 = AXIS2_PLACEMENT_3D('',#5700,#5701,#5702);
#5700 = CARTESIAN_POINT('',(0.5,3.,11.));
#5701 = DIRECTION('',(1.224646799147E-16,0.,-1.));
#5702 = DIRECTION('',(-1.,0.,-1.224646799147E-16));
#5703 = ADVANCED_FACE('',(#5704),#5715,.F.);
#5704 = FACE_BOUND('',#5705,.F.);
#5705 = EDGE_LOOP('',(#5706,#5707,#5708,#5709));
#5706 = ORIENTED_EDGE('',*,*,#3343,.F.);
#5707 = ORIENTED_EDGE('',*,*,#5689,.T.);
#5708 = ORIENTED_EDGE('',*,*,#4490,.T.);
#5709 = ORIENTED_EDGE('',*,*,#5710,.T.);
#5710 = EDGE_CURVE('',#4483,#3336,#5711,.T.);
#5711 = LINE('',#5712,#5713);
#5712 = CARTESIAN_POINT('',(6.640353608996,-0.121958940789,11.));
#5713 = VECTOR('',#5714,1.);
#5714 = DIRECTION('',(-1.224646799147E-16,0.,1.));
#5715 = PLANE('',#5716);
#5716 = AXIS2_PLACEMENT_3D('',#5717,#5718,#5719);
#5717 = CARTESIAN_POINT('',(0.177447678663,2.032343035988,11.));
#5718 = DIRECTION('',(-0.316227766017,-0.948683298051,-3.87267321454E-17
    ));
#5719 = DIRECTION('',(0.948683298051,-0.316227766017,1.161801964362E-16)
  );
#5720 = ADVANCED_FACE('',(#5721),#5732,.F.);
#5721 = FACE_BOUND('',#5722,.F.);
#5722 = EDGE_LOOP('',(#5723,#5724,#5725,#5726));
#5723 = ORIENTED_EDGE('',*,*,#3335,.F.);
#5724 = ORIENTED_EDGE('',*,*,#5710,.F.);
#5725 = ORIENTED_EDGE('',*,*,#4482,.T.);
#5726 = ORIENTED_EDGE('',*,*,#5727,.F.);
#5727 = EDGE_CURVE('',#3328,#4475,#5728,.T.);
#5728 = LINE('',#5729,#5730);
#5729 = CARTESIAN_POINT('',(9.990386905768,-2.429759656343,11.));
#5730 = VECTOR('',#5731,1.);
#5731 = DIRECTION('',(1.224646799147E-16,0.,-1.));
#5732 = PLANE('',#5733);
#5733 = AXIS2_PLACEMENT_3D('',#5734,#5735,#5736);
#5734 = CARTESIAN_POINT('',(6.521348659023,-3.997775303044E-02,11.));
#5735 = DIRECTION('',(-0.567305236251,-0.82350760101,-6.947485417149E-17
    ));
#5736 = DIRECTION('',(0.82350760101,-0.567305236251,1.008505947651E-16)
  );
#5737 = ADVANCED_FACE('',(#5738),#5749,.F.);
#5738 = FACE_BOUND('',#5739,.F.);
#5739 = EDGE_LOOP('',(#5740,#5741,#5742,#5743));
#5740 = ORIENTED_EDGE('',*,*,#3327,.F.);
#5741 = ORIENTED_EDGE('',*,*,#5727,.T.);
#5742 = ORIENTED_EDGE('',*,*,#4474,.T.);
#5743 = ORIENTED_EDGE('',*,*,#5744,.F.);
#5744 = EDGE_CURVE('',#3319,#4466,#5745,.T.);
#5745 = LINE('',#5746,#5747);
#5746 = CARTESIAN_POINT('',(7.13509103744,-1.43661326736,11.));
#5747 = VECTOR('',#5748,1.);
#5748 = DIRECTION('',(1.224646799147E-16,0.,-1.));
#5749 = PLANE('',#5750);
#5750 = AXIS2_PLACEMENT_3D('',#5751,#5752,#5753);
#5751 = CARTESIAN_POINT('',(11.73509103744,-3.03661326736,11.));
#5752 = DIRECTION('',(0.328520624941,0.944496796706,4.023217317882E-17)
  );
#5753 = DIRECTION('',(-0.944496796706,0.328520624941,-1.156674978891E-16
    ));
#5754 = ADVANCED_FACE('',(#5755),#5766,.F.);
#5755 = FACE_BOUND('',#5756,.F.);
#5756 = EDGE_LOOP('',(#5757,#5758,#5764,#5765));
#5757 = ORIENTED_EDGE('',*,*,#4465,.F.);
#5758 = ORIENTED_EDGE('',*,*,#5759,.F.);
#5759 = EDGE_CURVE('',#3311,#4458,#5760,.T.);
#5760 = LINE('',#5761,#5762);
#5761 = CARTESIAN_POINT('',(6.994687052284,-1.398752302538,11.));
#5762 = VECTOR('',#5763,1.);
#5763 = DIRECTION('',(1.224646799147E-16,0.,-1.));
#5764 = ORIENTED_EDGE('',*,*,#3318,.T.);
#5765 = ORIENTED_EDGE('',*,*,#5744,.T.);
#5766 = CYLINDRICAL_SURFACE('',#5767,1.02);
#5767 = AXIS2_PLACEMENT_3D('',#5768,#5769,#5770);
#5768 = CARTESIAN_POINT('',(6.8,-2.4,11.));
#5769 = DIRECTION('',(1.224646799147E-16,0.,-1.));
#5770 = DIRECTION('',(-1.,0.,-1.224646799147E-16));
#5771 = ADVANCED_FACE('',(#5772),#5783,.F.);
#5772 = FACE_BOUND('',#5773,.F.);
#5773 = EDGE_LOOP('',(#5774,#5775,#5776,#5782));
#5774 = ORIENTED_EDGE('',*,*,#5759,.T.);
#5775 = ORIENTED_EDGE('',*,*,#4457,.T.);
#5776 = ORIENTED_EDGE('',*,*,#5777,.F.);
#5777 = EDGE_CURVE('',#3302,#4449,#5778,.T.);
#5778 = LINE('',#5779,#5780);
#5779 = CARTESIAN_POINT('',(-0.205312947716,1.247697461953E-03,11.));
#5780 = VECTOR('',#5781,1.);
#5781 = DIRECTION('',(1.224646799147E-16,0.,-1.));
#5782 = ORIENTED_EDGE('',*,*,#3310,.F.);
#5783 = PLANE('',#5784);
#5784 = AXIS2_PLACEMENT_3D('',#5785,#5786,#5787);
#5785 = CARTESIAN_POINT('',(6.994687052284,-1.398752302538,11.));
#5786 = DIRECTION('',(0.190869659102,0.981615389669,2.337479170739E-17)
  );
#5787 = DIRECTION('',(-0.981615389669,0.190869659102,-1.202132144951E-16
    ));
#5788 = ADVANCED_FACE('',(#5789),#5802,.F.);
#5789 = FACE_BOUND('',#5790,.F.);
#5790 = EDGE_LOOP('',(#5791,#5792,#5798,#5799,#5800,#5801));
#5791 = ORIENTED_EDGE('',*,*,#4439,.F.);
#5792 = ORIENTED_EDGE('',*,*,#5793,.F.);
#5793 = EDGE_CURVE('',#3285,#4432,#5794,.T.);
#5794 = LINE('',#5795,#5796);
#5795 = CARTESIAN_POINT('',(-0.594687052284,-2.001247697462,11.));
#5796 = VECTOR('',#5797,1.);
#5797 = DIRECTION('',(1.224646799147E-16,0.,-1.));
#5798 = ORIENTED_EDGE('',*,*,#3292,.T.);
#5799 = ORIENTED_EDGE('',*,*,#3301,.T.);
#5800 = ORIENTED_EDGE('',*,*,#5777,.T.);
#5801 = ORIENTED_EDGE('',*,*,#4448,.F.);
#5802 = CYLINDRICAL_SURFACE('',#5803,1.02);
#5803 = AXIS2_PLACEMENT_3D('',#5804,#5805,#5806);
#5804 = CARTESIAN_POINT('',(-0.4,-1.,11.));
#5805 = DIRECTION('',(1.224646799147E-16,0.,-1.));
#5806 = DIRECTION('',(-1.,0.,-1.224646799147E-16));
#5807 = ADVANCED_FACE('',(#5808),#5819,.F.);
#5808 = FACE_BOUND('',#5809,.F.);
#5809 = EDGE_LOOP('',(#5810,#5811,#5812,#5813));
#5810 = ORIENTED_EDGE('',*,*,#3284,.F.);
#5811 = ORIENTED_EDGE('',*,*,#5793,.T.);
#5812 = ORIENTED_EDGE('',*,*,#4431,.T.);
#5813 = ORIENTED_EDGE('',*,*,#5814,.T.);
#5814 = EDGE_CURVE('',#4424,#3277,#5815,.T.);
#5815 = LINE('',#5816,#5817);
#5816 = CARTESIAN_POINT('',(6.533758074861,-3.387334249962,11.));
#5817 = VECTOR('',#5818,1.);
#5818 = DIRECTION('',(-1.224646799147E-16,0.,1.));
#5819 = PLANE('',#5820);
#5820 = AXIS2_PLACEMENT_3D('',#5821,#5822,#5823);
#5821 = CARTESIAN_POINT('',(-0.594687052284,-2.001247697462,11.));
#5822 = DIRECTION('',(-0.190869659102,-0.981615389669,
    -2.337479170739E-17));
#5823 = DIRECTION('',(0.981615389669,-0.190869659102,1.202132144951E-16)
  );
#5824 = ADVANCED_FACE('',(#5825),#5836,.F.);
#5825 = FACE_BOUND('',#5826,.F.);
#5826 = EDGE_LOOP('',(#5827,#5828,#5829,#5830));
#5827 = ORIENTED_EDGE('',*,*,#3276,.F.);
#5828 = ORIENTED_EDGE('',*,*,#5814,.F.);
#5829 = ORIENTED_EDGE('',*,*,#4423,.T.);
#5830 = ORIENTED_EDGE('',*,*,#5831,.F.);
#5831 = EDGE_CURVE('',#3269,#4416,#5832,.T.);
#5832 = LINE('',#5833,#5834);
#5833 = CARTESIAN_POINT('',(9.917904654158,-4.564428712327,11.));
#5834 = VECTOR('',#5835,1.);
#5835 = DIRECTION('',(1.224646799147E-16,0.,-1.));
#5836 = PLANE('',#5837);
#5837 = AXIS2_PLACEMENT_3D('',#5838,#5839,#5840);
#5838 = CARTESIAN_POINT('',(6.46490896256,-3.36338673264,11.));
#5839 = DIRECTION('',(-0.328520624941,-0.944496796706,
    -4.023217317882E-17));
#5840 = DIRECTION('',(0.944496796706,-0.328520624941,1.156674978891E-16)
  );
#5841 = ADVANCED_FACE('',(#5842),#5853,.T.);
#5842 = FACE_BOUND('',#5843,.T.);
#5843 = EDGE_LOOP('',(#5844,#5845,#5851,#5852));
#5844 = ORIENTED_EDGE('',*,*,#3268,.F.);
#5845 = ORIENTED_EDGE('',*,*,#5846,.T.);
#5846 = EDGE_CURVE('',#3261,#4408,#5847,.T.);
#5847 = LINE('',#5848,#5849);
#5848 = CARTESIAN_POINT('',(9.9,-5.,11.));
#5849 = VECTOR('',#5850,1.);
#5850 = DIRECTION('',(1.224646799147E-16,0.,-1.));
#5851 = ORIENTED_EDGE('',*,*,#4415,.T.);
#5852 = ORIENTED_EDGE('',*,*,#5831,.F.);
#5853 = PLANE('',#5854);
#5854 = AXIS2_PLACEMENT_3D('',#5855,#5856,#5857);
#5855 = CARTESIAN_POINT('',(9.9,-5.,11.));
#5856 = DIRECTION('',(0.999156211814,-4.107145472806E-02,
    1.223613456646E-16));
#5857 = DIRECTION('',(4.107145472806E-02,0.999156211814,
    5.029802556904E-18));
#5858 = ADVANCED_FACE('',(#5859),#5870,.T.);
#5859 = FACE_BOUND('',#5860,.T.);
#5860 = EDGE_LOOP('',(#5861,#5867,#5868,#5869));
#5861 = ORIENTED_EDGE('',*,*,#5862,.T.);
#5862 = EDGE_CURVE('',#3253,#4406,#5863,.T.);
#5863 = LINE('',#5864,#5865);
#5864 = CARTESIAN_POINT('',(9.919742620644,-5.480283987615,11.));
#5865 = VECTOR('',#5866,1.);
#5866 = DIRECTION('',(1.224646799147E-16,0.,-1.));
#5867 = ORIENTED_EDGE('',*,*,#4405,.T.);
#5868 = ORIENTED_EDGE('',*,*,#5846,.F.);
#5869 = ORIENTED_EDGE('',*,*,#3260,.F.);
#5870 = PLANE('',#5871);
#5871 = AXIS2_PLACEMENT_3D('',#5872,#5873,#5874);
#5872 = CARTESIAN_POINT('',(9.919742620644,-5.480283987615,11.));
#5873 = DIRECTION('',(0.999156211814,4.107145472806E-02,
    1.223613456646E-16));
#5874 = DIRECTION('',(-4.107145472806E-02,0.999156211814,
    -5.029802556904E-18));
#5875 = ADVANCED_FACE('',(#5876),#5887,.T.);
#5876 = FACE_BOUND('',#5877,.T.);
#5877 = EDGE_LOOP('',(#5878,#5884,#5885,#5886));
#5878 = ORIENTED_EDGE('',*,*,#5879,.T.);
#5879 = EDGE_CURVE('',#3245,#4982,#5880,.T.);
#5880 = LINE('',#5881,#5882);
#5881 = CARTESIAN_POINT('',(9.978780350347,-5.955942577879,11.));
#5882 = VECTOR('',#5883,1.);
#5883 = DIRECTION('',(1.224646799147E-16,0.,-1.));
#5884 = ORIENTED_EDGE('',*,*,#4989,.T.);
#5885 = ORIENTED_EDGE('',*,*,#5862,.F.);
#5886 = ORIENTED_EDGE('',*,*,#3252,.F.);
#5887 = PLANE('',#5888);
#5888 = AXIS2_PLACEMENT_3D('',#5889,#5890,#5891);
#5889 = CARTESIAN_POINT('',(9.978780350347,-5.955942577879,11.));
#5890 = DIRECTION('',(0.99238524581,0.123172740075,1.215321414803E-16));
#5891 = DIRECTION('',(-0.123172740075,0.99238524581,-1.508431018754E-17)
  );
#5892 = ADVANCED_FACE('',(#5893),#5904,.T.);
#5893 = FACE_BOUND('',#5894,.T.);
#5894 = EDGE_LOOP('',(#5895,#5901,#5902,#5903));
#5895 = ORIENTED_EDGE('',*,*,#5896,.T.);
#5896 = EDGE_CURVE('',#3237,#4974,#5897,.T.);
#5897 = LINE('',#5898,#5899);
#5898 = CARTESIAN_POINT('',(10.076544623498,-6.422394918547,11.));
#5899 = VECTOR('',#5900,1.);
#5900 = DIRECTION('',(1.224646799147E-16,0.,-1.));
#5901 = ORIENTED_EDGE('',*,*,#4981,.T.);
#5902 = ORIENTED_EDGE('',*,*,#5879,.F.);
#5903 = ORIENTED_EDGE('',*,*,#3244,.F.);
#5904 = PLANE('',#5905);
#5905 = AXIS2_PLACEMENT_3D('',#5906,#5907,#5908);
#5906 = CARTESIAN_POINT('',(10.076544623498,-6.422394918547,11.));
#5907 = DIRECTION('',(0.978733908808,0.205133945873,1.198603348639E-16)
  );
#5908 = DIRECTION('',(-0.205133945873,0.978733908808,-2.512166302102E-17
    ));
#5909 = ADVANCED_FACE('',(#5910),#5921,.T.);
#5910 = FACE_BOUND('',#5911,.T.);
#5911 = EDGE_LOOP('',(#5912,#5918,#5919,#5920));
#5912 = ORIENTED_EDGE('',*,*,#5913,.T.);
#5913 = EDGE_CURVE('',#3229,#4966,#5914,.T.);
#5914 = LINE('',#5915,#5916);
#5915 = CARTESIAN_POINT('',(10.212093916704,-6.875148818589,11.));
#5916 = VECTOR('',#5917,1.);
#5917 = DIRECTION('',(1.224646799147E-16,0.,-1.));
#5918 = ORIENTED_EDGE('',*,*,#4973,.T.);
#5919 = ORIENTED_EDGE('',*,*,#5896,.F.);
#5920 = ORIENTED_EDGE('',*,*,#3236,.F.);
#5921 = PLANE('',#5922);
#5922 = AXIS2_PLACEMENT_3D('',#5923,#5924,#5925);
#5923 = CARTESIAN_POINT('',(10.212093916704,-6.875148818589,11.));
#5924 = DIRECTION('',(0.957987376699,0.286810366072,1.173196174497E-16)
  );
#5925 = DIRECTION('',(-0.286810366072,0.957987376699,-3.512413967722E-17
    ));
#5926 = ADVANCED_FACE('',(#5927),#5938,.T.);
#5927 = FACE_BOUND('',#5928,.T.);
#5928 = EDGE_LOOP('',(#5929,#5935,#5936,#5937));
#5929 = ORIENTED_EDGE('',*,*,#5930,.T.);
#5930 = EDGE_CURVE('',#3221,#4958,#5931,.T.);
#5931 = LINE('',#5932,#5933);
#5932 = CARTESIAN_POINT('',(10.384122816172,-7.309844010447,11.));
#5933 = VECTOR('',#5934,1.);
#5934 = DIRECTION('',(1.224646799147E-16,0.,-1.));
#5935 = ORIENTED_EDGE('',*,*,#4965,.T.);
#5936 = ORIENTED_EDGE('',*,*,#5913,.F.);
#5937 = ORIENTED_EDGE('',*,*,#3228,.F.);
#5938 = PLANE('',#5939);
#5939 = AXIS2_PLACEMENT_3D('',#5940,#5941,#5942);
#5940 = CARTESIAN_POINT('',(10.384122816172,-7.309844010447,11.));
#5941 = DIRECTION('',(0.929834388321,0.367978274217,1.138718707395E-16)
  );
#5942 = DIRECTION('',(-0.367978274217,0.929834388321,-4.506434156753E-17
    ));
#5943 = ADVANCED_FACE('',(#5944),#5955,.T.);
#5944 = FACE_BOUND('',#5945,.T.);
#5945 = EDGE_LOOP('',(#5946,#5952,#5953,#5954));
#5946 = ORIENTED_EDGE('',*,*,#5947,.T.);
#5947 = EDGE_CURVE('',#3213,#4950,#5948,.T.);
#5948 = LINE('',#5949,#5950);
#5949 = CARTESIAN_POINT('',(10.59097458956,-7.722294141796,11.));
#5950 = VECTOR('',#5951,1.);
#5951 = DIRECTION('',(1.224646799147E-16,0.,-1.));
#5952 = ORIENTED_EDGE('',*,*,#4957,.T.);
#5953 = ORIENTED_EDGE('',*,*,#5930,.F.);
#5954 = ORIENTED_EDGE('',*,*,#3220,.F.);
#5955 = PLANE('',#5956);
#5956 = AXIS2_PLACEMENT_3D('',#5957,#5958,#5959);
#5957 = CARTESIAN_POINT('',(10.59097458956,-7.722294141796,11.));
#5958 = DIRECTION('',(0.893883237648,0.448299852165,1.094691245797E-16)
  );
#5959 = DIRECTION('',(-0.448299852165,0.893883237648,-5.490089790125E-17
    ));
#5960 = ADVANCED_FACE('',(#5961),#5972,.T.);
#5961 = FACE_BOUND('',#5962,.T.);
#5962 = EDGE_LOOP('',(#5963,#5969,#5970,#5971));
#5963 = ORIENTED_EDGE('',*,*,#5964,.T.);
#5964 = EDGE_CURVE('',#3205,#4942,#5965,.T.);
#5965 = LINE('',#5966,#5967);
#5966 = CARTESIAN_POINT('',(10.830657141213,-8.108527092402,11.));
#5967 = VECTOR('',#5968,1.);
#5968 = DIRECTION('',(1.224646799147E-16,0.,-1.));
#5969 = ORIENTED_EDGE('',*,*,#4949,.T.);
#5970 = ORIENTED_EDGE('',*,*,#5947,.F.);
#5971 = ORIENTED_EDGE('',*,*,#3212,.F.);
#5972 = PLANE('',#5973);
#5973 = AXIS2_PLACEMENT_3D('',#5974,#5975,#5976);
#5974 = CARTESIAN_POINT('',(10.830657141213,-8.108527092402,11.));
#5975 = DIRECTION('',(0.849687719188,0.527286240917,1.040567345579E-16)
  );
#5976 = DIRECTION('',(-0.527286240917,0.849687719188,-6.45739407174E-17)
  );
#5977 = ADVANCED_FACE('',(#5978),#5989,.T.);
#5978 = FACE_BOUND('',#5979,.T.);
#5979 = EDGE_LOOP('',(#5980,#5986,#5987,#5988));
#5980 = ORIENTED_EDGE('',*,*,#5981,.T.);
#5981 = EDGE_CURVE('',#3197,#4934,#5982,.T.);
#5982 = LINE('',#5983,#5984);
#5983 = CARTESIAN_POINT('',(11.100862197135,-8.464823227814,11.));
#5984 = VECTOR('',#5985,1.);
#5985 = DIRECTION('',(1.224646799147E-16,0.,-1.));
#5986 = ORIENTED_EDGE('',*,*,#4941,.T.);
#5987 = ORIENTED_EDGE('',*,*,#5964,.F.);
#5988 = ORIENTED_EDGE('',*,*,#3204,.F.);
#5989 = PLANE('',#5990);
#5990 = AXIS2_PLACEMENT_3D('',#5991,#5992,#5993);
#5991 = CARTESIAN_POINT('',(11.100862197135,-8.464823227814,11.));
#5992 = DIRECTION('',(0.796786626898,0.604260764238,9.757821922337E-17)
  );
#5993 = DIRECTION('',(-0.604260764238,0.796786626898,-7.400060107739E-17
    ));
#5994 = ADVANCED_FACE('',(#5995),#6006,.T.);
#5995 = FACE_BOUND('',#5996,.T.);
#5996 = EDGE_LOOP('',(#5997,#6003,#6004,#6005));
#5997 = ORIENTED_EDGE('',*,*,#5998,.T.);
#5998 = EDGE_CURVE('',#3189,#4926,#5999,.T.);
#5999 = LINE('',#6000,#6001);
#6000 = CARTESIAN_POINT('',(11.398987534929,-8.787751221477,11.));
#6001 = VECTOR('',#6002,1.);
#6002 = DIRECTION('',(1.224646799147E-16,0.,-1.));
#6003 = ORIENTED_EDGE('',*,*,#4933,.T.);
#6004 = ORIENTED_EDGE('',*,*,#5981,.F.);
#6005 = ORIENTED_EDGE('',*,*,#3196,.F.);
#6006 = PLANE('',#6007);
#6007 = AXIS2_PLACEMENT_3D('',#6008,#6009,#6010);
#6008 = CARTESIAN_POINT('',(11.398987534929,-8.787751221477,11.));
#6009 = DIRECTION('',(0.734760396891,0.678326734811,8.998219681934E-17)
  );
#6010 = DIRECTION('',(-0.678326734811,0.734760396891,-8.307106645629E-17
    ));
#6011 = ADVANCED_FACE('',(#6012),#6023,.T.);
#6012 = FACE_BOUND('',#6013,.T.);
#6013 = EDGE_LOOP('',(#6014,#6020,#6021,#6022));
#6014 = ORIENTED_EDGE('',*,*,#6015,.T.);
#6015 = EDGE_CURVE('',#3181,#4918,#6016,.T.);
#6016 = LINE('',#6017,#6018);
#6017 = CARTESIAN_POINT('',(11.72216204462,-9.074201100282,11.));
#6018 = VECTOR('',#6019,1.);
#6019 = DIRECTION('',(1.224646799147E-16,0.,-1.));
#6020 = ORIENTED_EDGE('',*,*,#4925,.T.);
#6021 = ORIENTED_EDGE('',*,*,#5998,.F.);
#6022 = ORIENTED_EDGE('',*,*,#3188,.F.);
#6023 = PLANE('',#6024);
#6024 = AXIS2_PLACEMENT_3D('',#6025,#6026,#6027);
#6025 = CARTESIAN_POINT('',(11.72216204462,-9.074201100282,11.));
#6026 = DIRECTION('',(0.663307183912,0.748347232086,8.123170196296E-17)
  );
#6027 = DIRECTION('',(-0.748347232086,0.663307183912,-9.164610424246E-17
    ));
#6028 = ADVANCED_FACE('',(#6029),#6040,.T.);
#6029 = FACE_BOUND('',#6030,.T.);
#6030 = EDGE_LOOP('',(#6031,#6037,#6038,#6039));
#6031 = ORIENTED_EDGE('',*,*,#6032,.T.);
#6032 = EDGE_CURVE('',#3173,#4910,#6033,.T.);
#6033 = LINE('',#6034,#6035);
#6034 = CARTESIAN_POINT('',(12.067273379013,-9.321414195307,11.));
#6035 = VECTOR('',#6036,1.);
#6036 = DIRECTION('',(1.224646799147E-16,0.,-1.));
#6037 = ORIENTED_EDGE('',*,*,#4917,.T.);
#6038 = ORIENTED_EDGE('',*,*,#6015,.F.);
#6039 = ORIENTED_EDGE('',*,*,#3180,.F.);
#6040 = PLANE('',#6041);
#6041 = AXIS2_PLACEMENT_3D('',#6042,#6043,#6044);
#6042 = CARTESIAN_POINT('',(12.067273379013,-9.321414195307,11.));
#6043 = DIRECTION('',(0.582337316915,0.812947261099,7.131575311842E-17)
  );
#6044 = DIRECTION('',(-0.812947261099,0.582337316915,-9.955732611802E-17
    ));
#6045 = ADVANCED_FACE('',(#6046),#6057,.T.);
#6046 = FACE_BOUND('',#6047,.T.);
#6047 = EDGE_LOOP('',(#6048,#6054,#6055,#6056));
#6048 = ORIENTED_EDGE('',*,*,#6049,.T.);
#6049 = EDGE_CURVE('',#3165,#4902,#6050,.T.);
#6050 = LINE('',#6051,#6052);
#6051 = CARTESIAN_POINT('',(12.430997927303,-9.527009709305,11.));
#6052 = VECTOR('',#6053,1.);
#6053 = DIRECTION('',(1.224646799147E-16,0.,-1.));
#6054 = ORIENTED_EDGE('',*,*,#4909,.T.);
#6055 = ORIENTED_EDGE('',*,*,#6032,.F.);
#6056 = ORIENTED_EDGE('',*,*,#3172,.F.);
#6057 = PLANE('',#6058);
#6058 = AXIS2_PLACEMENT_3D('',#6059,#6060,#6061);
#6059 = CARTESIAN_POINT('',(12.430997927303,-9.527009709305,11.));
#6060 = DIRECTION('',(0.492079157341,0.870550459715,6.026231649649E-17)
  );
#6061 = DIRECTION('',(-0.870550459715,0.492079157341,-1.066116833987E-16
    ));
#6062 = ADVANCED_FACE('',(#6063),#6074,.T.);
#6063 = FACE_BOUND('',#6064,.T.);
#6064 = EDGE_LOOP('',(#6065,#6071,#6072,#6073));
#6065 = ORIENTED_EDGE('',*,*,#6066,.T.);
#6066 = EDGE_CURVE('',#3157,#4894,#6067,.T.);
#6067 = LINE('',#6068,#6069);
#6068 = CARTESIAN_POINT('',(12.809832823257,-9.689007645088,11.));
#6069 = VECTOR('',#6070,1.);
#6070 = DIRECTION('',(1.224646799147E-16,0.,-1.));
#6071 = ORIENTED_EDGE('',*,*,#4901,.T.);
#6072 = ORIENTED_EDGE('',*,*,#6049,.F.);
#6073 = ORIENTED_EDGE('',*,*,#3164,.F.);
#6074 = PLANE('',#6075);
#6075 = AXIS2_PLACEMENT_3D('',#6076,#6077,#6078);
#6076 = CARTESIAN_POINT('',(12.809832823257,-9.689007645088,11.));
#6077 = DIRECTION('',(0.393181258522,0.919460982287,4.815081697334E-17)
  );
#6078 = DIRECTION('',(-0.919460982287,0.393181258522,-1.126014948898E-16
    ));
#6079 = ADVANCED_FACE('',(#6080),#6091,.T.);
#6080 = FACE_BOUND('',#6081,.T.);
#6081 = EDGE_LOOP('',(#6082,#6088,#6089,#6090));
#6082 = ORIENTED_EDGE('',*,*,#6083,.T.);
#6083 = EDGE_CURVE('',#3149,#4886,#6084,.T.);
#6084 = LINE('',#6085,#6086);
#6085 = CARTESIAN_POINT('',(13.200129679734,-9.805847873976,11.));
#6086 = VECTOR('',#6087,1.);
#6087 = DIRECTION('',(1.224646799147E-16,0.,-1.));
#6088 = ORIENTED_EDGE('',*,*,#4893,.T.);
#6089 = ORIENTED_EDGE('',*,*,#6066,.F.);
#6090 = ORIENTED_EDGE('',*,*,#3156,.F.);
#6091 = PLANE('',#6092);
#6092 = AXIS2_PLACEMENT_3D('',#6093,#6094,#6095);
#6093 = CARTESIAN_POINT('',(13.200129679734,-9.805847873976,11.));
#6094 = DIRECTION('',(0.286787510518,0.957994219091,3.512134067908E-17)
  );
#6095 = DIRECTION('',(-0.957994219091,0.286787510518,-1.173204554011E-16
    ));
#6096 = ADVANCED_FACE('',(#6097),#6108,.T.);
#6097 = FACE_BOUND('',#6098,.T.);
#6098 = EDGE_LOOP('',(#6099,#6105,#6106,#6107));
#6099 = ORIENTED_EDGE('',*,*,#6100,.T.);
#6100 = EDGE_CURVE('',#3141,#4878,#6101,.T.);
#6101 = LINE('',#6102,#6103);
#6102 = CARTESIAN_POINT('',(13.598129724649,-9.876405160694,11.));
#6103 = VECTOR('',#6104,1.);
#6104 = DIRECTION('',(1.224646799147E-16,0.,-1.));
#6105 = ORIENTED_EDGE('',*,*,#4885,.T.);
#6106 = ORIENTED_EDGE('',*,*,#6083,.F.);
#6107 = ORIENTED_EDGE('',*,*,#3148,.F.);
#6108 = PLANE('',#6109);
#6109 = AXIS2_PLACEMENT_3D('',#6110,#6111,#6112);
#6110 = CARTESIAN_POINT('',(13.598129724649,-9.876405160694,11.));
#6111 = DIRECTION('',(0.174557808364,0.98464692735,2.137716612786E-17));
#6112 = DIRECTION('',(-0.98464692735,0.174557808364,-1.205844707869E-16)
  );
#6113 = ADVANCED_FACE('',(#6114),#6125,.T.);
#6114 = FACE_BOUND('',#6115,.T.);
#6115 = EDGE_LOOP('',(#6116,#6122,#6123,#6124));
#6116 = ORIENTED_EDGE('',*,*,#6117,.T.);
#6117 = EDGE_CURVE('',#3133,#4870,#6118,.T.);
#6118 = LINE('',#6119,#6120);
#6119 = CARTESIAN_POINT('',(14.,-9.9,11.));
#6120 = VECTOR('',#6121,1.);
#6121 = DIRECTION('',(1.224646799147E-16,0.,-1.));
#6122 = ORIENTED_EDGE('',*,*,#4877,.T.);
#6123 = ORIENTED_EDGE('',*,*,#6100,.F.);
#6124 = ORIENTED_EDGE('',*,*,#3140,.F.);
#6125 = PLANE('',#6126);
#6126 = AXIS2_PLACEMENT_3D('',#6127,#6128,#6129);
#6127 = CARTESIAN_POINT('',(14.,-9.9,11.));
#6128 = DIRECTION('',(5.861164141632E-02,0.998280860024,
    7.177855905326E-18));
#6129 = DIRECTION('',(-0.998280860024,5.861164141632E-02,
    -1.222541459879E-16));
#6130 = ADVANCED_FACE('',(#6131),#6142,.T.);
#6131 = FACE_BOUND('',#6132,.T.);
#6132 = EDGE_LOOP('',(#6133,#6139,#6140,#6141));
#6133 = ORIENTED_EDGE('',*,*,#6134,.T.);
#6134 = EDGE_CURVE('',#3125,#4862,#6135,.T.);
#6135 = LINE('',#6136,#6137);
#6136 = CARTESIAN_POINT('',(14.401870275351,-9.876405160694,11.));
#6137 = VECTOR('',#6138,1.);
#6138 = DIRECTION('',(1.224646799147E-16,0.,-1.));
#6139 = ORIENTED_EDGE('',*,*,#4869,.T.);
#6140 = ORIENTED_EDGE('',*,*,#6117,.F.);
#6141 = ORIENTED_EDGE('',*,*,#3132,.F.);
#6142 = PLANE('',#6143);
#6143 = AXIS2_PLACEMENT_3D('',#6144,#6145,#6146);
#6144 = CARTESIAN_POINT('',(14.401870275351,-9.876405160694,11.));
#6145 = DIRECTION('',(-5.861164141632E-02,0.998280860024,
    -7.177855905326E-18));
#6146 = DIRECTION('',(-0.998280860024,-5.861164141632E-02,
    -1.222541459879E-16));
#6147 = ADVANCED_FACE('',(#6148),#6159,.T.);
#6148 = FACE_BOUND('',#6149,.T.);
#6149 = EDGE_LOOP('',(#6150,#6156,#6157,#6158));
#6150 = ORIENTED_EDGE('',*,*,#6151,.T.);
#6151 = EDGE_CURVE('',#3117,#4854,#6152,.T.);
#6152 = LINE('',#6153,#6154);
#6153 = CARTESIAN_POINT('',(14.799870320266,-9.805847873976,11.));
#6154 = VECTOR('',#6155,1.);
#6155 = DIRECTION('',(1.224646799147E-16,0.,-1.));
#6156 = ORIENTED_EDGE('',*,*,#4861,.T.);
#6157 = ORIENTED_EDGE('',*,*,#6134,.F.);
#6158 = ORIENTED_EDGE('',*,*,#3124,.F.);
#6159 = PLANE('',#6160);
#6160 = AXIS2_PLACEMENT_3D('',#6161,#6162,#6163);
#6161 = CARTESIAN_POINT('',(14.799870320266,-9.805847873976,11.));
#6162 = DIRECTION('',(-0.174557808364,0.98464692735,-2.137716612786E-17)
  );
#6163 = DIRECTION('',(-0.98464692735,-0.174557808364,-1.205844707869E-16
    ));
#6164 = ADVANCED_FACE('',(#6165),#6176,.T.);
#6165 = FACE_BOUND('',#6166,.T.);
#6166 = EDGE_LOOP('',(#6167,#6173,#6174,#6175));
#6167 = ORIENTED_EDGE('',*,*,#6168,.T.);
#6168 = EDGE_CURVE('',#3109,#4846,#6169,.T.);
#6169 = LINE('',#6170,#6171);
#6170 = CARTESIAN_POINT('',(15.190167176743,-9.689007645088,11.));
#6171 = VECTOR('',#6172,1.);
#6172 = DIRECTION('',(1.224646799147E-16,0.,-1.));
#6173 = ORIENTED_EDGE('',*,*,#4853,.T.);
#6174 = ORIENTED_EDGE('',*,*,#6151,.F.);
#6175 = ORIENTED_EDGE('',*,*,#3116,.F.);
#6176 = PLANE('',#6177);
#6177 = AXIS2_PLACEMENT_3D('',#6178,#6179,#6180);
#6178 = CARTESIAN_POINT('',(15.190167176743,-9.689007645088,11.));
#6179 = DIRECTION('',(-0.286787510518,0.957994219091,-3.512134067908E-17
    ));
#6180 = DIRECTION('',(-0.957994219091,-0.286787510518,
    -1.173204554011E-16));
#6181 = ADVANCED_FACE('',(#6182),#6193,.T.);
#6182 = FACE_BOUND('',#6183,.T.);
#6183 = EDGE_LOOP('',(#6184,#6190,#6191,#6192));
#6184 = ORIENTED_EDGE('',*,*,#6185,.T.);
#6185 = EDGE_CURVE('',#3101,#4838,#6186,.T.);
#6186 = LINE('',#6187,#6188);
#6187 = CARTESIAN_POINT('',(15.569002072697,-9.527009709305,11.));
#6188 = VECTOR('',#6189,1.);
#6189 = DIRECTION('',(1.224646799147E-16,0.,-1.));
#6190 = ORIENTED_EDGE('',*,*,#4845,.T.);
#6191 = ORIENTED_EDGE('',*,*,#6168,.F.);
#6192 = ORIENTED_EDGE('',*,*,#3108,.F.);
#6193 = PLANE('',#6194);
#6194 = AXIS2_PLACEMENT_3D('',#6195,#6196,#6197);
#6195 = CARTESIAN_POINT('',(15.569002072697,-9.527009709305,11.));
#6196 = DIRECTION('',(-0.393181258522,0.919460982287,-4.815081697334E-17
    ));
#6197 = DIRECTION('',(-0.919460982287,-0.393181258522,
    -1.126014948898E-16));
#6198 = ADVANCED_FACE('',(#6199),#6205,.T.);
#6199 = FACE_BOUND('',#6200,.T.);
#6200 = EDGE_LOOP('',(#6201,#6202,#6203,#6204));
#6201 = ORIENTED_EDGE('',*,*,#5005,.T.);
#6202 = ORIENTED_EDGE('',*,*,#4837,.T.);
#6203 = ORIENTED_EDGE('',*,*,#6185,.F.);
#6204 = ORIENTED_EDGE('',*,*,#3100,.F.);
#6205 = PLANE('',#6206);
#6206 = AXIS2_PLACEMENT_3D('',#6207,#6208,#6209);
#6207 = CARTESIAN_POINT('',(15.932726620987,-9.321414195307,11.));
#6208 = DIRECTION('',(-0.492079157341,0.870550459715,-6.026231649649E-17
    ));
#6209 = DIRECTION('',(-0.870550459715,-0.492079157341,
    -1.066116833987E-16));
#6210 = ADVANCED_FACE('',(#6211),#6244,.T.);
#6211 = FACE_BOUND('',#6212,.F.);
#6212 = EDGE_LOOP('',(#6213,#6222,#6242,#6243));
#6213 = ORIENTED_EDGE('',*,*,#6214,.T.);
#6214 = EDGE_CURVE('',#4249,#6215,#6217,.T.);
#6215 = VERTEX_POINT('',#6216);
#6216 = CARTESIAN_POINT('',(-10.63108901539,-15.98811891208,10.55));
#6217 = CIRCLE('',#6218,19.2);
#6218 = AXIS2_PLACEMENT_3D('',#6219,#6220,#6221);
#6219 = CARTESIAN_POINT('',(5.510910596163E-17,0.,10.55));
#6220 = DIRECTION('',(1.224646799147E-16,0.,-1.));
#6221 = DIRECTION('',(-1.,0.,-1.224646799147E-16));
#6222 = ORIENTED_EDGE('',*,*,#6223,.F.);
#6223 = EDGE_CURVE('',#3066,#6215,#6224,.T.);
#6224 = B_SPLINE_CURVE_WITH_KNOTS('',6,(#6225,#6226,#6227,#6228,#6229,
    #6230,#6231,#6232,#6233,#6234,#6235,#6236,#6237,#6238,#6239,#6240,
    #6241),.UNSPECIFIED.,.F.,.F.,(7,5,5,7),(0.,0.437004893626,
    0.722019180685,1.),.UNSPECIFIED.);
#6225 = CARTESIAN_POINT('',(-10.84692419331,-15.29400979287,11.));
#6226 = CARTESIAN_POINT('',(-10.82014222178,-15.3732502801,
    11.000000030183));
#6227 = CARTESIAN_POINT('',(-10.7942512199,-15.45172793808,
    10.993560163534));
#6228 = CARTESIAN_POINT('',(-10.76966540344,-15.52807283753,
    10.980589697313));
#6229 = CARTESIAN_POINT('',(-10.74674056128,-15.60088980938,
    10.961089220142));
#6230 = CARTESIAN_POINT('',(-10.7258085024,-15.66868847972,
    10.935257513051));
#6231 = CARTESIAN_POINT('',(-10.69501233018,-15.7700253454,
    10.882960277939));
#6232 = CARTESIAN_POINT('',(-10.68383106774,-15.80727724636,
    10.859840444212));
#6233 = CARTESIAN_POINT('',(-10.67370923937,-15.84137520924,
    10.834387300139));
#6234 = CARTESIAN_POINT('',(-10.66472495709,-15.87192310509,
    10.806803437629));
#6235 = CARTESIAN_POINT('',(-10.65694680702,-15.89856183105,
    10.777354846467));
#6236 = CARTESIAN_POINT('',(-10.64407448163,-15.94288240057,
    10.716157907197));
#6237 = CARTESIAN_POINT('',(-10.63891823414,-15.96077130051,
    10.684481540886));
#6238 = CARTESIAN_POINT('',(-10.63501343615,-15.97439175258,
    10.651653913623));
#6239 = CARTESIAN_POINT('',(-10.63239712932,-15.98354370298,
    10.618035114909));
#6240 = CARTESIAN_POINT('',(-10.63108901539,-15.98811891208,
    10.584016372177));
#6241 = CARTESIAN_POINT('',(-10.63108901539,-15.98811891208,10.55));
#6242 = ORIENTED_EDGE('',*,*,#3074,.F.);
#6243 = ORIENTED_EDGE('',*,*,#4257,.F.);
#6244 = TOROIDAL_SURFACE('',#6245,18.75,0.45);
#6245 = AXIS2_PLACEMENT_3D('',#6246,#6247,#6248);
#6246 = CARTESIAN_POINT('',(5.510910596163E-17,0.,10.55));
#6247 = DIRECTION('',(-1.224646799147E-16,-0.,1.));
#6248 = DIRECTION('',(-1.,0.,-1.224646799147E-16));
#6249 = ADVANCED_FACE('',(#6250),#6270,.T.);
#6250 = FACE_BOUND('',#6251,.F.);
#6251 = EDGE_LOOP('',(#6252,#6261,#6268,#6269));
#6252 = ORIENTED_EDGE('',*,*,#6253,.T.);
#6253 = EDGE_CURVE('',#6215,#6254,#6256,.T.);
#6254 = VERTEX_POINT('',#6255);
#6255 = CARTESIAN_POINT('',(-19.8,-14.,10.55));
#6256 = CIRCLE('',#6257,4.8);
#6257 = AXIS2_PLACEMENT_3D('',#6258,#6259,#6260);
#6258 = CARTESIAN_POINT('',(-15.,-14.,10.55));
#6259 = DIRECTION('',(1.224646799147E-16,0.,-1.));
#6260 = DIRECTION('',(-1.,0.,-1.224646799147E-16));
#6261 = ORIENTED_EDGE('',*,*,#6262,.T.);
#6262 = EDGE_CURVE('',#6254,#3057,#6263,.T.);
#6263 = CIRCLE('',#6264,0.45);
#6264 = AXIS2_PLACEMENT_3D('',#6265,#6266,#6267);
#6265 = CARTESIAN_POINT('',(-19.35,-14.,10.55));
#6266 = DIRECTION('',(0.,1.,0.));
#6267 = DIRECTION('',(-1.,0.,-1.224646799147E-16));
#6268 = ORIENTED_EDGE('',*,*,#3065,.F.);
#6269 = ORIENTED_EDGE('',*,*,#6223,.T.);
#6270 = TOROIDAL_SURFACE('',#6271,4.35,0.45);
#6271 = AXIS2_PLACEMENT_3D('',#6272,#6273,#6274);
#6272 = CARTESIAN_POINT('',(-15.,-14.,10.55));
#6273 = DIRECTION('',(-1.224646799147E-16,-0.,1.));
#6274 = DIRECTION('',(-1.,0.,-1.224646799147E-16));
#6275 = ADVANCED_FACE('',(#6276),#6309,.T.);
#6276 = FACE_BOUND('',#6277,.F.);
#6277 = EDGE_LOOP('',(#6278,#6279,#6280,#6289));
#6278 = ORIENTED_EDGE('',*,*,#3056,.F.);
#6279 = ORIENTED_EDGE('',*,*,#6262,.F.);
#6280 = ORIENTED_EDGE('',*,*,#6281,.T.);
#6281 = EDGE_CURVE('',#6254,#6282,#6284,.T.);
#6282 = VERTEX_POINT('',#6283);
#6283 = CARTESIAN_POINT('',(-16.682450177,-9.504517667492,10.55));
#6284 = CIRCLE('',#6285,4.8);
#6285 = AXIS2_PLACEMENT_3D('',#6286,#6287,#6288);
#6286 = CARTESIAN_POINT('',(-15.,-14.,10.55));
#6287 = DIRECTION('',(1.224646799147E-16,0.,-1.));
#6288 = DIRECTION('',(-1.,0.,-1.224646799147E-16));
#6289 = ORIENTED_EDGE('',*,*,#6290,.T.);
#6290 = EDGE_CURVE('',#6282,#3048,#6291,.T.);
#6291 = B_SPLINE_CURVE_WITH_KNOTS('',6,(#6292,#6293,#6294,#6295,#6296,
    #6297,#6298,#6299,#6300,#6301,#6302,#6303,#6304,#6305,#6306,#6307,
    #6308),.UNSPECIFIED.,.F.,.F.,(7,5,5,7),(0.,0.27834366273,
    0.562162290997,1.),.UNSPECIFIED.);
#6292 = CARTESIAN_POINT('',(-16.682450177,-9.504517667492,10.55));
#6293 = CARTESIAN_POINT('',(-16.682450177,-9.504517667492,
    10.584060773496));
#6294 = CARTESIAN_POINT('',(-16.6779642553,-9.506142063769,
    10.618123932246));
#6295 = CARTESIAN_POINT('',(-16.66899087824,-9.509391041751,
    10.651785567964));
#6296 = CARTESIAN_POINT('',(-16.65563723822,-9.514237347112,
    10.684652936771));
#6297 = CARTESIAN_POINT('',(-16.63810137363,-9.520629985038,
    10.716364628875));
#6298 = CARTESIAN_POINT('',(-16.59478534396,-9.536520614682,
    10.777451782699));
#6299 = CARTESIAN_POINT('',(-16.56884750482,-9.546077974425,
    10.806771840071));
#6300 = CARTESIAN_POINT('',(-16.53912531818,-9.557095418187,
    10.834242741264));
#6301 = CARTESIAN_POINT('',(-16.50596779164,-9.569480971404,
    10.85960178774));
#6302 = CARTESIAN_POINT('',(-16.4697596538,-9.583130798468,
    10.882648633036));
#6303 = CARTESIAN_POINT('',(-16.37093370495,-9.62077228523,
    10.93501113094));
#6304 = CARTESIAN_POINT('',(-16.30464901937,-9.646355705414,
    10.960940424097));
#6305 = CARTESIAN_POINT('',(-16.23346822098,-9.67428425339,
    10.980515476377));
#6306 = CARTESIAN_POINT('',(-16.15886409309,-9.704121813356,
    10.993535592154));
#6307 = CARTESIAN_POINT('',(-16.0822118511,-9.735414864734,
    11.000000030662));
#6308 = CARTESIAN_POINT('',(-16.00485727937,-9.767652914943,11.));
#6309 = TOROIDAL_SURFACE('',#6310,4.35,0.45);
#6310 = AXIS2_PLACEMENT_3D('',#6311,#6312,#6313);
#6311 = CARTESIAN_POINT('',(-15.,-14.,10.55));
#6312 = DIRECTION('',(-1.224646799147E-16,-0.,1.));
#6313 = DIRECTION('',(-1.,0.,-1.224646799147E-16));
#6314 = ADVANCED_FACE('',(#6315),#6464,.T.);
#6315 = FACE_BOUND('',#6316,.F.);
#6316 = EDGE_LOOP('',(#6317,#6334,#6342,#6343,#6344,#6353,#6370,#6401,
    #6444));
#6317 = ORIENTED_EDGE('',*,*,#6318,.T.);
#6318 = EDGE_CURVE('',#6319,#6321,#6323,.T.);
#6319 = VERTEX_POINT('',#6320);
#6320 = CARTESIAN_POINT('',(-16.60101246507,-9.055848085469,
    10.970454826728));
#6321 = VERTEX_POINT('',#6322);
#6322 = CARTESIAN_POINT('',(-16.27783795538,-9.324760216592,
    10.999899530109));
#6323 = B_SPLINE_CURVE_WITH_KNOTS('',5,(#6324,#6325,#6326,#6327,#6328,
    #6329,#6330,#6331,#6332,#6333),.UNSPECIFIED.,.F.,.F.,(6,4,6),(0.,
    2.731795760948E-02,1.),.UNSPECIFIED.);
#6324 = CARTESIAN_POINT('',(-16.63332991604,-9.028956872356,
    10.964196644315));
#6325 = CARTESIAN_POINT('',(-16.63135582015,-9.030599509122,
    10.964600648677));
#6326 = CARTESIAN_POINT('',(-16.6293801797,-9.032243431117,
    10.965001585578));
#6327 = CARTESIAN_POINT('',(-16.62740288426,-9.033888730214,
    10.965399487532));
#6328 = CARTESIAN_POINT('',(-16.6254239388,-9.035535402298,
    10.965794363175));
#6329 = CARTESIAN_POINT('',(-16.55292674752,-9.095860005947,
    10.980137825423));
#6330 = CARTESIAN_POINT('',(-16.48042655664,-9.15618710555,
    10.990243007477));
#6331 = CARTESIAN_POINT('',(-16.40662102707,-9.217600371915,
    10.996792044614));
#6332 = CARTESIAN_POINT('',(-16.33197533398,-9.279712734762,11.));
#6333 = CARTESIAN_POINT('',(-16.25686031362,-9.342215622825,11.));
#6334 = ORIENTED_EDGE('',*,*,#6335,.T.);
#6335 = EDGE_CURVE('',#6321,#3040,#6336,.T.);
#6336 = B_SPLINE_CURVE_WITH_KNOTS('',4,(#6337,#6338,#6339,#6340,#6341),
  .UNSPECIFIED.,.F.,.F.,(5,5),(0.,1.),.PIECEWISE_BEZIER_KNOTS.);
#6337 = CARTESIAN_POINT('',(-16.31234908882,-9.301552456651,
    10.999130819238));
#6338 = CARTESIAN_POINT('',(-16.29929004304,-9.310334295122,
    10.999566169897));
#6339 = CARTESIAN_POINT('',(-16.2862079928,-9.319131603452,
    10.999855615875));
#6340 = CARTESIAN_POINT('',(-16.27310786415,-9.327941068991,11.));
#6341 = CARTESIAN_POINT('',(-16.2599946058,-9.336759363886,11.));
#6342 = ORIENTED_EDGE('',*,*,#3047,.F.);
#6343 = ORIENTED_EDGE('',*,*,#6290,.F.);
#6344 = ORIENTED_EDGE('',*,*,#6345,.T.);
#6345 = EDGE_CURVE('',#6282,#6346,#6348,.T.);
#6346 = VERTEX_POINT('',#6347);
#6347 = CARTESIAN_POINT('',(-17.26598651466,-8.397958661214,10.55));
#6348 = CIRCLE('',#6349,19.2);
#6349 = AXIS2_PLACEMENT_3D('',#6350,#6351,#6352);
#6350 = CARTESIAN_POINT('',(5.510910596163E-17,0.,10.55));
#6351 = DIRECTION('',(1.224646799147E-16,0.,-1.));
#6352 = DIRECTION('',(-1.,0.,-1.224646799147E-16));
#6353 = ORIENTED_EDGE('',*,*,#6354,.F.);
#6354 = EDGE_CURVE('',#6355,#6346,#6357,.T.);
#6355 = VERTEX_POINT('',#6356);
#6356 = CARTESIAN_POINT('',(-17.22629977351,-8.332046047927,
    10.782096751246));
#6357 = B_SPLINE_CURVE_WITH_KNOTS('',6,(#6358,#6359,#6360,#6361,#6362,
    #6363,#6364,#6365,#6366,#6367,#6368,#6369),.UNSPECIFIED.,.F.,.F.,(7,
    5,7),(0.,0.503116391651,1.),.UNSPECIFIED.);
#6358 = CARTESIAN_POINT('',(-16.99108573515,-7.928777052024,11.));
#6359 = CARTESIAN_POINT('',(-17.02647712119,-7.991277430077,
    11.00000008221));
#6360 = CARTESIAN_POINT('',(-17.06201745209,-8.053312764903,
    10.990873368806));
#6361 = CARTESIAN_POINT('',(-17.09667115521,-8.113095291478,
    10.972593374119));
#6362 = CARTESIAN_POINT('',(-17.12936226387,-8.168905311318,
    10.945505057109));
#6363 = CARTESIAN_POINT('',(-17.15902731418,-8.219136550468,
    10.910395607521));
#6364 = CARTESIAN_POINT('',(-17.21019264542,-8.305255680241,
    10.827125018005));
#6365 = CARTESIAN_POINT('',(-17.23179634396,-8.341325198501,
    10.779119502848));
#6366 = CARTESIAN_POINT('',(-17.24870468773,-8.369376599869,
    10.725681488432));
#6367 = CARTESIAN_POINT('',(-17.2602275339,-8.388433783064,
    10.668407899465));
#6368 = CARTESIAN_POINT('',(-17.26598651466,-8.397958661214,
    10.609198101044));
#6369 = CARTESIAN_POINT('',(-17.26598651466,-8.397958661214,10.55));
#6370 = ORIENTED_EDGE('',*,*,#6371,.T.);
#6371 = EDGE_CURVE('',#6355,#6372,#6374,.T.);
#6372 = VERTEX_POINT('',#6373);
#6373 = CARTESIAN_POINT('',(-17.16934285878,-8.418209107153,
    10.803146257883));
#6374 = B_SPLINE_CURVE_WITH_KNOTS('',7,(#6375,#6376,#6377,#6378,#6379,
    #6380,#6381,#6382,#6383,#6384,#6385,#6386,#6387,#6388,#6389,#6390,
    #6391,#6392,#6393,#6394,#6395,#6396,#6397,#6398,#6399,#6400),
  .UNSPECIFIED.,.F.,.F.,(8,6,6,6,8),(0.,0.858861869481,0.930639811976,
    0.963984964618,1.),.UNSPECIFIED.);
#6375 = CARTESIAN_POINT('',(-17.37457957952,-8.10773190158,
    10.702995533106));
#6376 = CARTESIAN_POINT('',(-17.3506510095,-8.143930470359,
    10.720633628922));
#6377 = CARTESIAN_POINT('',(-17.32482685269,-8.182996637546,
    10.736676766402));
#6378 = CARTESIAN_POINT('',(-17.29762487509,-8.224147139073,
    10.75135617331));
#6379 = CARTESIAN_POINT('',(-17.26938523007,-8.266867399082,
    10.764823942105));
#6380 = CARTESIAN_POINT('',(-17.24035658658,-8.31078123711,
    10.777224561689));
#6381 = CARTESIAN_POINT('',(-17.21068405167,-8.355669138693,
    10.788682224997));
#6382 = CARTESIAN_POINT('',(-17.1778961735,-8.405269857082,
    10.800200066169));
#6383 = CARTESIAN_POINT('',(-17.17536348288,-8.409101250927,
    10.801082534556));
#6384 = CARTESIAN_POINT('',(-17.17282701472,-8.412938359332,
    10.801959186686));
#6385 = CARTESIAN_POINT('',(-17.17028683253,-8.416781086224,
    10.802830079494));
#6386 = CARTESIAN_POINT('',(-17.16774299804,-8.420629338248,
    10.803695268953));
#6387 = CARTESIAN_POINT('',(-17.16519557114,-8.424483024764,
    10.804554810072));
#6388 = CARTESIAN_POINT('',(-17.16145953575,-8.430134809815,
    10.805805466327));
#6389 = CARTESIAN_POINT('',(-17.1602745057,-8.431927494948,
    10.806200698308));
#6390 = CARTESIAN_POINT('',(-17.15908951972,-8.433720113412,
    10.806594463825));
#6391 = CARTESIAN_POINT('',(-17.15790457771,-8.435512665367,
    10.8069867737));
#6392 = CARTESIAN_POINT('',(-17.15671967955,-8.437305150971,
    10.807377638587));
#6393 = CARTESIAN_POINT('',(-17.15553482516,-8.439097570383,
    10.80776706897));
#6394 = CARTESIAN_POINT('',(-17.15307033813,-8.442825787446,
    10.808574148278));
#6395 = CARTESIAN_POINT('',(-17.15178983268,-8.444762905484,
    10.808991848472));
#6396 = CARTESIAN_POINT('',(-17.15050847265,-8.446701316323,
    10.80940819248));
#6397 = CARTESIAN_POINT('',(-17.14922625047,-8.448641031385,
    10.809823191325));
#6398 = CARTESIAN_POINT('',(-17.14794317647,-8.450582035062,
    10.810236850314));
#6399 = CARTESIAN_POINT('',(-17.14665927883,-8.452524284717,
    10.810649169043));
#6400 = CARTESIAN_POINT('',(-17.14537460362,-8.454467710679,
    10.811060141394));
#6401 = ORIENTED_EDGE('',*,*,#6402,.T.);
#6402 = EDGE_CURVE('',#6372,#6403,#6405,.T.);
#6403 = VERTEX_POINT('',#6404);
#6404 = CARTESIAN_POINT('',(-16.89913780286,-8.752691193458,
    10.90123937588));
#6405 = B_SPLINE_CURVE_WITH_KNOTS('',7,(#6406,#6407,#6408,#6409,#6410,
    #6411,#6412,#6413,#6414,#6415,#6416,#6417,#6418,#6419,#6420,#6421,
    #6422,#6423,#6424,#6425,#6426,#6427,#6428,#6429,#6430,#6431,#6432,
    #6433,#6434,#6435,#6436,#6437,#6438,#6439,#6440,#6441,#6442,#6443),
  .UNSPECIFIED.,.F.,.F.,(8,6,6,6,6,6,8),(0.,1.704492075377E-02,
    0.643623463809,0.883332998521,0.943084641974,0.970869929773,1.),
  .UNSPECIFIED.);
#6406 = CARTESIAN_POINT('',(-17.19636336437,-8.384760898522,
    10.788456074112));
#6407 = CARTESIAN_POINT('',(-17.19616869405,-8.385001877491,
    10.788567086723));
#6408 = CARTESIAN_POINT('',(-17.19445423007,-8.387124182306,
    10.789545186512));
#6409 = CARTESIAN_POINT('',(-17.19233756911,-8.389744359679,
    10.790746722829));
#6410 = CARTESIAN_POINT('',(-17.19032630994,-8.392234062023,
    10.791866642684));
#6411 = CARTESIAN_POINT('',(-17.18863638152,-8.394325994697,
    10.792803907164));
#6412 = CARTESIAN_POINT('',(-17.18737392472,-8.39588876776,
    10.79349994292));
#6413 = CARTESIAN_POINT('',(-17.16125672683,-8.428218787679,
    10.807881519799));
#6414 = CARTESIAN_POINT('',(-17.13483082172,-8.460930950834,
    10.820958337059));
#6415 = CARTESIAN_POINT('',(-17.10757149222,-8.494674795376,
    10.833180227012));
#6416 = CARTESIAN_POINT('',(-17.07961069693,-8.529286972077,
    10.844608178367));
#6417 = CARTESIAN_POINT('',(-17.0510522517,-8.564638969137,
    10.855298570842));
#6418 = CARTESIAN_POINT('',(-17.02197532072,-8.600632790592,
    10.865304528475));
#6419 = CARTESIAN_POINT('',(-16.9811331831,-8.651190554411,
    10.878260205104));
#6420 = CARTESIAN_POINT('',(-16.96976475291,-8.665263334189,
    10.881751931372));
#6421 = CARTESIAN_POINT('',(-16.9583327889,-8.67941476137,
    10.885153061484));
#6422 = CARTESIAN_POINT('',(-16.94684054662,-8.69364080596,
    10.888466119085));
#6423 = CARTESIAN_POINT('',(-16.93529101972,-8.707937762178,
    10.891693524158));
#6424 = CARTESIAN_POINT('',(-16.92368693993,-8.722302248453,
    10.894837593015));
#6425 = CARTESIAN_POINT('',(-16.90912528196,-8.740327868747,
    10.898664029063));
#6426 = CARTESIAN_POINT('',(-16.90621655225,-8.743928534093,
    10.899422479355));
#6427 = CARTESIAN_POINT('',(-16.90330462688,-8.747533155285,
    10.900175923533));
#6428 = CARTESIAN_POINT('',(-16.90038954401,-8.751141685109,
    10.900924395596));
#6429 = CARTESIAN_POINT('',(-16.89747134098,-8.75475407731,
    10.901667929181));
#6430 = CARTESIAN_POINT('',(-16.89455005439,-8.758370286595,
    10.902406557571));
#6431 = CARTESIAN_POINT('',(-16.89026586673,-8.763673607151,
    10.90348151978));
#6432 = CARTESIAN_POINT('',(-16.88890608835,-8.765356852895,
    10.903821488143));
#6433 = CARTESIAN_POINT('',(-16.88754638482,-8.767040005976,
    10.904160225381));
#6434 = CARTESIAN_POINT('',(-16.88618675606,-8.768723066501,
    10.904497738026));
#6435 = CARTESIAN_POINT('',(-16.88482720199,-8.770406034577,
    10.904834032536));
#6436 = CARTESIAN_POINT('',(-16.88346772251,-8.77208891031,
    10.905169115302));
#6437 = CARTESIAN_POINT('',(-16.88068311863,-8.775535922482,
    10.905853029333));
#6438 = CARTESIAN_POINT('',(-16.8792572371,-8.777300996144,10.906201929)
  );
#6439 = CARTESIAN_POINT('',(-16.87783064932,-8.779066944066,
    10.906549701905));
#6440 = CARTESIAN_POINT('',(-16.87640334692,-8.780833776613,
    10.906896354658));
#6441 = CARTESIAN_POINT('',(-16.87497533678,-8.782601485247,
    10.907241890223));
#6442 = CARTESIAN_POINT('',(-16.87354664108,-8.784370042522,
    10.907586307914));
#6443 = CARTESIAN_POINT('',(-16.87211729727,-8.786139402089,
    10.907929603395));
#6444 = ORIENTED_EDGE('',*,*,#6445,.T.);
#6445 = EDGE_CURVE('',#6403,#6319,#6446,.T.);
#6446 = B_SPLINE_CURVE_WITH_KNOTS('',6,(#6447,#6448,#6449,#6450,#6451,
    #6452,#6453,#6454,#6455,#6456,#6457,#6458,#6459,#6460,#6461,#6462,
    #6463),.UNSPECIFIED.,.F.,.F.,(7,5,5,7),(0.,2.161316100954E-02,
    0.877614637295,1.),.UNSPECIFIED.);
#6447 = CARTESIAN_POINT('',(-16.92895033664,-8.722375504257,
    10.890789073148));
#6448 = CARTESIAN_POINT('',(-16.9277541685,-8.723591860503,
    10.891225604731));
#6449 = CARTESIAN_POINT('',(-16.92655699254,-8.724809241574,
    10.891660786307));
#6450 = CARTESIAN_POINT('',(-16.92535870217,-8.726027755861,
    10.892094662102));
#6451 = CARTESIAN_POINT('',(-16.92415925965,-8.727247441748,
    10.89252725107));
#6452 = CARTESIAN_POINT('',(-16.92295869607,-8.728468267615,
    10.892958546891));
#6453 = CARTESIAN_POINT('',(-16.87416766918,-8.778082755865,
    10.91041776625));
#6454 = CARTESIAN_POINT('',(-16.82490626199,-8.82817556317,
    10.925394889686));
#6455 = CARTESIAN_POINT('',(-16.77433760461,-8.879597683536,
    10.938499905746));
#6456 = CARTESIAN_POINT('',(-16.72272257373,-8.932083837376,
    10.949883067606));
#6457 = CARTESIAN_POINT('',(-16.67025228106,-8.98543968753,
    10.959679297974));
#6458 = CARTESIAN_POINT('',(-16.60944493351,-9.047273299631,
    10.969194761556));
#6459 = CARTESIAN_POINT('',(-16.60182385847,-9.055022997928,
    10.970354942332));
#6460 = CARTESIAN_POINT('',(-16.59418842867,-9.062787293255,
    10.971485361412));
#6461 = CARTESIAN_POINT('',(-16.5865390369,-9.070565786196,
    10.972586346103));
#6462 = CARTESIAN_POINT('',(-16.57887607448,-9.078358078818,
    10.973658214327));
#6463 = CARTESIAN_POINT('',(-16.57119993129,-9.08616377467,
    10.974701274626));
#6464 = TOROIDAL_SURFACE('',#6465,18.75,0.45);
#6465 = AXIS2_PLACEMENT_3D('',#6466,#6467,#6468);
#6466 = CARTESIAN_POINT('',(5.510910596163E-17,0.,10.55));
#6467 = DIRECTION('',(-1.224646799147E-16,-0.,1.));
#6468 = DIRECTION('',(-1.,0.,-1.224646799147E-16));
#6469 = ADVANCED_FACE('',(#6470),#6496,.T.);
#6470 = FACE_BOUND('',#6471,.T.);
#6471 = EDGE_LOOP('',(#6472,#6473,#6481,#6489,#6495));
#6472 = ORIENTED_EDGE('',*,*,#3039,.F.);
#6473 = ORIENTED_EDGE('',*,*,#6474,.T.);
#6474 = EDGE_CURVE('',#3032,#6475,#6477,.T.);
#6475 = VERTEX_POINT('',#6476);
#6476 = CARTESIAN_POINT('',(-15.93272662098,-9.556837816002,10.6));
#6477 = LINE('',#6478,#6479);
#6478 = CARTESIAN_POINT('',(-15.93272662098,-9.556837816002,11.));
#6479 = VECTOR('',#6480,1.);
#6480 = DIRECTION('',(1.224646799147E-16,0.,-1.));
#6481 = ORIENTED_EDGE('',*,*,#6482,.T.);
#6482 = EDGE_CURVE('',#6475,#6483,#6485,.T.);
#6483 = VERTEX_POINT('',#6484);
#6484 = CARTESIAN_POINT('',(-16.27783795538,-9.324760216592,10.6));
#6485 = LINE('',#6486,#6487);
#6486 = CARTESIAN_POINT('',(-15.93272662098,-9.556837816002,10.6));
#6487 = VECTOR('',#6488,1.);
#6488 = DIRECTION('',(-0.829820325068,0.558030669501,-1.016236804962E-16
    ));
#6489 = ORIENTED_EDGE('',*,*,#6490,.F.);
#6490 = EDGE_CURVE('',#6321,#6483,#6491,.T.);
#6491 = LINE('',#6492,#6493);
#6492 = CARTESIAN_POINT('',(-16.27783795538,-9.324760216592,11.));
#6493 = VECTOR('',#6494,1.);
#6494 = DIRECTION('',(1.224646799147E-16,0.,-1.));
#6495 = ORIENTED_EDGE('',*,*,#6335,.T.);
#6496 = PLANE('',#6497);
#6497 = AXIS2_PLACEMENT_3D('',#6498,#6499,#6500);
#6498 = CARTESIAN_POINT('',(-15.93272662098,-9.556837816002,11.));
#6499 = DIRECTION('',(0.558030669501,0.829820325068,6.833904732302E-17)
  );
#6500 = DIRECTION('',(-0.829820325068,0.558030669501,-1.016236804962E-16
    ));
#6501 = ADVANCED_FACE('',(#6502),#6520,.T.);
#6502 = FACE_BOUND('',#6503,.T.);
#6503 = EDGE_LOOP('',(#6504,#6512,#6518,#6519));
#6504 = ORIENTED_EDGE('',*,*,#6505,.T.);
#6505 = EDGE_CURVE('',#3024,#6506,#6508,.T.);
#6506 = VERTEX_POINT('',#6507);
#6507 = CARTESIAN_POINT('',(-15.56900207269,-9.749845849552,10.6));
#6508 = LINE('',#6509,#6510);
#6509 = CARTESIAN_POINT('',(-15.56900207269,-9.749845849552,11.));
#6510 = VECTOR('',#6511,1.);
#6511 = DIRECTION('',(1.224646799147E-16,0.,-1.));
#6512 = ORIENTED_EDGE('',*,*,#6513,.T.);
#6513 = EDGE_CURVE('',#6506,#6475,#6514,.T.);
#6514 = LINE('',#6515,#6516);
#6515 = CARTESIAN_POINT('',(-15.56900207269,-9.749845849552,10.6));
#6516 = VECTOR('',#6517,1.);
#6517 = DIRECTION('',(-0.883337623271,0.46873728603,-1.081776592905E-16)
  );
#6518 = ORIENTED_EDGE('',*,*,#6474,.F.);
#6519 = ORIENTED_EDGE('',*,*,#3031,.F.);
#6520 = PLANE('',#6521);
#6521 = AXIS2_PLACEMENT_3D('',#6522,#6523,#6524);
#6522 = CARTESIAN_POINT('',(-15.56900207269,-9.749845849552,11.));
#6523 = DIRECTION('',(0.46873728603,0.883337623271,5.740376169774E-17));
#6524 = DIRECTION('',(-0.883337623271,0.46873728603,-1.081776592905E-16)
  );
#6525 = ADVANCED_FACE('',(#6526),#6544,.T.);
#6526 = FACE_BOUND('',#6527,.T.);
#6527 = EDGE_LOOP('',(#6528,#6536,#6542,#6543));
#6528 = ORIENTED_EDGE('',*,*,#6529,.T.);
#6529 = EDGE_CURVE('',#3016,#6530,#6532,.T.);
#6530 = VERTEX_POINT('',#6531);
#6531 = CARTESIAN_POINT('',(-15.19016717674,-9.901925544368,10.6));
#6532 = LINE('',#6533,#6534);
#6533 = CARTESIAN_POINT('',(-15.19016717674,-9.901925544368,11.));
#6534 = VECTOR('',#6535,1.);
#6535 = DIRECTION('',(1.224646799147E-16,0.,-1.));
#6536 = ORIENTED_EDGE('',*,*,#6537,.T.);
#6537 = EDGE_CURVE('',#6530,#6506,#6538,.T.);
#6538 = LINE('',#6539,#6540);
#6539 = CARTESIAN_POINT('',(-15.19016717674,-9.901925544368,10.6));
#6540 = VECTOR('',#6541,1.);
#6541 = DIRECTION('',(-0.928014987268,0.372542861167,-1.136490583718E-16
    ));
#6542 = ORIENTED_EDGE('',*,*,#6505,.F.);
#6543 = ORIENTED_EDGE('',*,*,#3023,.F.);
#6544 = PLANE('',#6545);
#6545 = AXIS2_PLACEMENT_3D('',#6546,#6547,#6548);
#6546 = CARTESIAN_POINT('',(-15.19016717674,-9.901925544368,11.));
#6547 = DIRECTION('',(0.372542861167,0.928014987268,4.562334224737E-17)
  );
#6548 = DIRECTION('',(-0.928014987268,0.372542861167,-1.136490583718E-16
    ));
#6549 = ADVANCED_FACE('',(#6550),#6568,.T.);
#6550 = FACE_BOUND('',#6551,.T.);
#6551 = EDGE_LOOP('',(#6552,#6560,#6566,#6567));
#6552 = ORIENTED_EDGE('',*,*,#6553,.T.);
#6553 = EDGE_CURVE('',#3008,#6554,#6556,.T.);
#6554 = VERTEX_POINT('',#6555);
#6555 = CARTESIAN_POINT('',(-14.79987032026,-10.01161228985,10.6));
#6556 = LINE('',#6557,#6558);
#6557 = CARTESIAN_POINT('',(-14.79987032026,-10.01161228985,11.));
#6558 = VECTOR('',#6559,1.);
#6559 = DIRECTION('',(1.224646799147E-16,0.,-1.));
#6560 = ORIENTED_EDGE('',*,*,#6561,.T.);
#6561 = EDGE_CURVE('',#6554,#6530,#6562,.T.);
#6562 = LINE('',#6563,#6564);
#6563 = CARTESIAN_POINT('',(-14.79987032026,-10.01161228985,10.6));
#6564 = VECTOR('',#6565,1.);
#6565 = DIRECTION('',(-0.962705080388,0.270553004409,-1.17897369522E-16)
  );
#6566 = ORIENTED_EDGE('',*,*,#6529,.F.);
#6567 = ORIENTED_EDGE('',*,*,#3015,.F.);
#6568 = PLANE('',#6569);
#6569 = AXIS2_PLACEMENT_3D('',#6570,#6571,#6572);
#6570 = CARTESIAN_POINT('',(-14.79987032026,-10.01161228985,11.));
#6571 = DIRECTION('',(0.270553004409,0.962705080388,3.313318708492E-17)
  );
#6572 = DIRECTION('',(-0.962705080388,0.270553004409,-1.17897369522E-16)
  );
#6573 = ADVANCED_FACE('',(#6574),#6592,.T.);
#6574 = FACE_BOUND('',#6575,.T.);
#6575 = EDGE_LOOP('',(#6576,#6584,#6590,#6591));
#6576 = ORIENTED_EDGE('',*,*,#6577,.T.);
#6577 = EDGE_CURVE('',#3000,#6578,#6580,.T.);
#6578 = VERTEX_POINT('',#6579);
#6579 = CARTESIAN_POINT('',(-14.40187027535,-10.07784974269,10.6));
#6580 = LINE('',#6581,#6582);
#6581 = CARTESIAN_POINT('',(-14.40187027535,-10.07784974269,11.));
#6582 = VECTOR('',#6583,1.);
#6583 = DIRECTION('',(1.224646799147E-16,0.,-1.));
#6584 = ORIENTED_EDGE('',*,*,#6585,.T.);
#6585 = EDGE_CURVE('',#6578,#6554,#6586,.T.);
#6586 = LINE('',#6587,#6588);
#6587 = CARTESIAN_POINT('',(-14.40187027535,-10.07784974269,10.6));
#6588 = VECTOR('',#6589,1.);
#6589 = DIRECTION('',(-0.986432435506,0.164167750127,-1.208031324718E-16
    ));
#6590 = ORIENTED_EDGE('',*,*,#6553,.F.);
#6591 = ORIENTED_EDGE('',*,*,#3007,.F.);
#6592 = PLANE('',#6593);
#6593 = AXIS2_PLACEMENT_3D('',#6594,#6595,#6596);
#6594 = CARTESIAN_POINT('',(-14.40187027535,-10.07784974269,11.));
#6595 = DIRECTION('',(0.164167750127,0.986432435506,2.010475097157E-17)
  );
#6596 = DIRECTION('',(-0.986432435506,0.164167750127,-1.208031324718E-16
    ));
#6597 = ADVANCED_FACE('',(#6598),#6616,.T.);
#6598 = FACE_BOUND('',#6599,.T.);
#6599 = EDGE_LOOP('',(#6600,#6608,#6614,#6615));
#6600 = ORIENTED_EDGE('',*,*,#6601,.T.);
#6601 = EDGE_CURVE('',#2992,#6602,#6604,.T.);
#6602 = VERTEX_POINT('',#6603);
#6603 = CARTESIAN_POINT('',(-14.,-10.1,10.6));
#6604 = LINE('',#6605,#6606);
#6605 = CARTESIAN_POINT('',(-14.,-10.1,11.));
#6606 = VECTOR('',#6607,1.);
#6607 = DIRECTION('',(1.224646799147E-16,0.,-1.));
#6608 = ORIENTED_EDGE('',*,*,#6609,.T.);
#6609 = EDGE_CURVE('',#6602,#6578,#6610,.T.);
#6610 = LINE('',#6611,#6612);
#6611 = CARTESIAN_POINT('',(-14.,-10.1,10.6));
#6612 = VECTOR('',#6613,1.);
#6613 = DIRECTION('',(-0.998484459222,5.503439554062E-02,
    -1.222790796984E-16));
#6614 = ORIENTED_EDGE('',*,*,#6577,.F.);
#6615 = ORIENTED_EDGE('',*,*,#2999,.F.);
#6616 = PLANE('',#6617);
#6617 = AXIS2_PLACEMENT_3D('',#6618,#6619,#6620);
#6618 = CARTESIAN_POINT('',(-14.,-10.1,11.));
#6619 = DIRECTION('',(5.503439554062E-02,0.998484459222,
    6.739769634183E-18));
#6620 = DIRECTION('',(-0.998484459222,5.503439554062E-02,
    -1.222790796984E-16));
#6621 = ADVANCED_FACE('',(#6622),#6640,.T.);
#6622 = FACE_BOUND('',#6623,.T.);
#6623 = EDGE_LOOP('',(#6624,#6632,#6638,#6639));
#6624 = ORIENTED_EDGE('',*,*,#6625,.T.);
#6625 = EDGE_CURVE('',#2984,#6626,#6628,.T.);
#6626 = VERTEX_POINT('',#6627);
#6627 = CARTESIAN_POINT('',(-13.59812972464,-10.07784974269,10.6));
#6628 = LINE('',#6629,#6630);
#6629 = CARTESIAN_POINT('',(-13.59812972464,-10.07784974269,11.));
#6630 = VECTOR('',#6631,1.);
#6631 = DIRECTION('',(1.224646799147E-16,0.,-1.));
#6632 = ORIENTED_EDGE('',*,*,#6633,.T.);
#6633 = EDGE_CURVE('',#6626,#6602,#6634,.T.);
#6634 = LINE('',#6635,#6636);
#6635 = CARTESIAN_POINT('',(-13.59812972464,-10.07784974269,10.6));
#6636 = VECTOR('',#6637,1.);
#6637 = DIRECTION('',(-0.998484459222,-5.503439554062E-02,
    -1.222790796984E-16));
#6638 = ORIENTED_EDGE('',*,*,#6601,.F.);
#6639 = ORIENTED_EDGE('',*,*,#2991,.F.);
#6640 = PLANE('',#6641);
#6641 = AXIS2_PLACEMENT_3D('',#6642,#6643,#6644);
#6642 = CARTESIAN_POINT('',(-13.59812972464,-10.07784974269,11.));
#6643 = DIRECTION('',(-5.503439554062E-02,0.998484459222,
    -6.739769634183E-18));
#6644 = DIRECTION('',(-0.998484459222,-5.503439554062E-02,
    -1.222790796984E-16));
#6645 = ADVANCED_FACE('',(#6646),#6664,.T.);
#6646 = FACE_BOUND('',#6647,.T.);
#6647 = EDGE_LOOP('',(#6648,#6656,#6662,#6663));
#6648 = ORIENTED_EDGE('',*,*,#6649,.T.);
#6649 = EDGE_CURVE('',#2976,#6650,#6652,.T.);
#6650 = VERTEX_POINT('',#6651);
#6651 = CARTESIAN_POINT('',(-13.20012967973,-10.01161228985,10.6));
#6652 = LINE('',#6653,#6654);
#6653 = CARTESIAN_POINT('',(-13.20012967973,-10.01161228985,11.));
#6654 = VECTOR('',#6655,1.);
#6655 = DIRECTION('',(1.224646799147E-16,0.,-1.));
#6656 = ORIENTED_EDGE('',*,*,#6657,.T.);
#6657 = EDGE_CURVE('',#6650,#6626,#6658,.T.);
#6658 = LINE('',#6659,#6660);
#6659 = CARTESIAN_POINT('',(-13.20012967973,-10.01161228985,10.6));
#6660 = VECTOR('',#6661,1.);
#6661 = DIRECTION('',(-0.986432435506,-0.164167750127,
    -1.208031324718E-16));
#6662 = ORIENTED_EDGE('',*,*,#6625,.F.);
#6663 = ORIENTED_EDGE('',*,*,#2983,.F.);
#6664 = PLANE('',#6665);
#6665 = AXIS2_PLACEMENT_3D('',#6666,#6667,#6668);
#6666 = CARTESIAN_POINT('',(-13.20012967973,-10.01161228985,11.));
#6667 = DIRECTION('',(-0.164167750127,0.986432435506,-2.010475097157E-17
    ));
#6668 = DIRECTION('',(-0.986432435506,-0.164167750127,
    -1.208031324718E-16));
#6669 = ADVANCED_FACE('',(#6670),#6688,.T.);
#6670 = FACE_BOUND('',#6671,.T.);
#6671 = EDGE_LOOP('',(#6672,#6680,#6686,#6687));
#6672 = ORIENTED_EDGE('',*,*,#6673,.T.);
#6673 = EDGE_CURVE('',#2968,#6674,#6676,.T.);
#6674 = VERTEX_POINT('',#6675);
#6675 = CARTESIAN_POINT('',(-12.80983282325,-9.901925544368,10.6));
#6676 = LINE('',#6677,#6678);
#6677 = CARTESIAN_POINT('',(-12.80983282325,-9.901925544368,11.));
#6678 = VECTOR('',#6679,1.);
#6679 = DIRECTION('',(1.224646799147E-16,0.,-1.));
#6680 = ORIENTED_EDGE('',*,*,#6681,.T.);
#6681 = EDGE_CURVE('',#6674,#6650,#6682,.T.);
#6682 = LINE('',#6683,#6684);
#6683 = CARTESIAN_POINT('',(-12.80983282325,-9.901925544368,10.6));
#6684 = VECTOR('',#6685,1.);
#6685 = DIRECTION('',(-0.962705080388,-0.270553004409,-1.17897369522E-16
    ));
#6686 = ORIENTED_EDGE('',*,*,#6649,.F.);
#6687 = ORIENTED_EDGE('',*,*,#2975,.F.);
#6688 = PLANE('',#6689);
#6689 = AXIS2_PLACEMENT_3D('',#6690,#6691,#6692);
#6690 = CARTESIAN_POINT('',(-12.80983282325,-9.901925544368,11.));
#6691 = DIRECTION('',(-0.270553004409,0.962705080388,-3.313318708492E-17
    ));
#6692 = DIRECTION('',(-0.962705080388,-0.270553004409,-1.17897369522E-16
    ));
#6693 = ADVANCED_FACE('',(#6694),#6712,.T.);
#6694 = FACE_BOUND('',#6695,.T.);
#6695 = EDGE_LOOP('',(#6696,#6704,#6710,#6711));
#6696 = ORIENTED_EDGE('',*,*,#6697,.T.);
#6697 = EDGE_CURVE('',#2960,#6698,#6700,.T.);
#6698 = VERTEX_POINT('',#6699);
#6699 = CARTESIAN_POINT('',(-12.4309979273,-9.749845849552,10.6));
#6700 = LINE('',#6701,#6702);
#6701 = CARTESIAN_POINT('',(-12.4309979273,-9.749845849552,11.));
#6702 = VECTOR('',#6703,1.);
#6703 = DIRECTION('',(1.224646799147E-16,0.,-1.));
#6704 = ORIENTED_EDGE('',*,*,#6705,.T.);
#6705 = EDGE_CURVE('',#6698,#6674,#6706,.T.);
#6706 = LINE('',#6707,#6708);
#6707 = CARTESIAN_POINT('',(-12.4309979273,-9.749845849552,10.6));
#6708 = VECTOR('',#6709,1.);
#6709 = DIRECTION('',(-0.928014987268,-0.372542861167,
    -1.136490583718E-16));
#6710 = ORIENTED_EDGE('',*,*,#6673,.F.);
#6711 = ORIENTED_EDGE('',*,*,#2967,.F.);
#6712 = PLANE('',#6713);
#6713 = AXIS2_PLACEMENT_3D('',#6714,#6715,#6716);
#6714 = CARTESIAN_POINT('',(-12.4309979273,-9.749845849552,11.));
#6715 = DIRECTION('',(-0.372542861167,0.928014987268,-4.562334224737E-17
    ));
#6716 = DIRECTION('',(-0.928014987268,-0.372542861167,
    -1.136490583718E-16));
#6717 = ADVANCED_FACE('',(#6718),#6736,.T.);
#6718 = FACE_BOUND('',#6719,.T.);
#6719 = EDGE_LOOP('',(#6720,#6728,#6734,#6735));
#6720 = ORIENTED_EDGE('',*,*,#6721,.T.);
#6721 = EDGE_CURVE('',#2952,#6722,#6724,.T.);
#6722 = VERTEX_POINT('',#6723);
#6723 = CARTESIAN_POINT('',(-12.06727337901,-9.556837816002,10.6));
#6724 = LINE('',#6725,#6726);
#6725 = CARTESIAN_POINT('',(-12.06727337901,-9.556837816002,11.));
#6726 = VECTOR('',#6727,1.);
#6727 = DIRECTION('',(1.224646799147E-16,0.,-1.));
#6728 = ORIENTED_EDGE('',*,*,#6729,.T.);
#6729 = EDGE_CURVE('',#6722,#6698,#6730,.T.);
#6730 = LINE('',#6731,#6732);
#6731 = CARTESIAN_POINT('',(-12.06727337901,-9.556837816002,10.6));
#6732 = VECTOR('',#6733,1.);
#6733 = DIRECTION('',(-0.883337623271,-0.46873728603,-1.081776592905E-16
    ));
#6734 = ORIENTED_EDGE('',*,*,#6697,.F.);
#6735 = ORIENTED_EDGE('',*,*,#2959,.F.);
#6736 = PLANE('',#6737);
#6737 = AXIS2_PLACEMENT_3D('',#6738,#6739,#6740);
#6738 = CARTESIAN_POINT('',(-12.06727337901,-9.556837816002,11.));
#6739 = DIRECTION('',(-0.46873728603,0.883337623271,-5.740376169774E-17)
  );
#6740 = DIRECTION('',(-0.883337623271,-0.46873728603,-1.081776592905E-16
    ));
#6741 = ADVANCED_FACE('',(#6742),#6760,.T.);
#6742 = FACE_BOUND('',#6743,.T.);
#6743 = EDGE_LOOP('',(#6744,#6752,#6758,#6759));
#6744 = ORIENTED_EDGE('',*,*,#6745,.T.);
#6745 = EDGE_CURVE('',#2944,#6746,#6748,.T.);
#6746 = VERTEX_POINT('',#6747);
#6747 = CARTESIAN_POINT('',(-11.72216204462,-9.324760216592,10.6));
#6748 = LINE('',#6749,#6750);
#6749 = CARTESIAN_POINT('',(-11.72216204462,-9.324760216592,11.));
#6750 = VECTOR('',#6751,1.);
#6751 = DIRECTION('',(1.224646799147E-16,0.,-1.));
#6752 = ORIENTED_EDGE('',*,*,#6753,.T.);
#6753 = EDGE_CURVE('',#6746,#6722,#6754,.T.);
#6754 = LINE('',#6755,#6756);
#6755 = CARTESIAN_POINT('',(-11.72216204462,-9.324760216592,10.6));
#6756 = VECTOR('',#6757,1.);
#6757 = DIRECTION('',(-0.829820325068,-0.558030669501,
    -1.016236804962E-16));
#6758 = ORIENTED_EDGE('',*,*,#6721,.F.);
#6759 = ORIENTED_EDGE('',*,*,#2951,.F.);
#6760 = PLANE('',#6761);
#6761 = AXIS2_PLACEMENT_3D('',#6762,#6763,#6764);
#6762 = CARTESIAN_POINT('',(-11.72216204462,-9.324760216592,11.));
#6763 = DIRECTION('',(-0.558030669501,0.829820325068,-6.833904732302E-17
    ));
#6764 = DIRECTION('',(-0.829820325068,-0.558030669501,
    -1.016236804962E-16));
#6765 = ADVANCED_FACE('',(#6766),#6784,.T.);
#6766 = FACE_BOUND('',#6767,.T.);
#6767 = EDGE_LOOP('',(#6768,#6776,#6782,#6783));
#6768 = ORIENTED_EDGE('',*,*,#6769,.T.);
#6769 = EDGE_CURVE('',#2936,#6770,#6772,.T.);
#6770 = VERTEX_POINT('',#6771);
#6771 = CARTESIAN_POINT('',(-11.39898753492,-9.055848085469,10.6));
#6772 = LINE('',#6773,#6774);
#6773 = CARTESIAN_POINT('',(-11.39898753492,-9.055848085469,11.));
#6774 = VECTOR('',#6775,1.);
#6775 = DIRECTION('',(1.224646799147E-16,0.,-1.));
#6776 = ORIENTED_EDGE('',*,*,#6777,.T.);
#6777 = EDGE_CURVE('',#6770,#6746,#6778,.T.);
#6778 = LINE('',#6779,#6780);
#6779 = CARTESIAN_POINT('',(-11.39898753492,-9.055848085469,10.6));
#6780 = VECTOR('',#6781,1.);
#6781 = DIRECTION('',(-0.768688940803,-0.639622789062,
    -9.413724508941E-17));
#6782 = ORIENTED_EDGE('',*,*,#6745,.F.);
#6783 = ORIENTED_EDGE('',*,*,#2943,.F.);
#6784 = PLANE('',#6785);
#6785 = AXIS2_PLACEMENT_3D('',#6786,#6787,#6788);
#6786 = CARTESIAN_POINT('',(-11.39898753492,-9.055848085469,11.));
#6787 = DIRECTION('',(-0.639622789062,0.768688940803,-7.833120012865E-17
    ));
#6788 = DIRECTION('',(-0.768688940803,-0.639622789062,
    -9.413724508941E-17));
#6789 = ADVANCED_FACE('',(#6790),#6808,.T.);
#6790 = FACE_BOUND('',#6791,.T.);
#6791 = EDGE_LOOP('',(#6792,#6800,#6806,#6807));
#6792 = ORIENTED_EDGE('',*,*,#6793,.T.);
#6793 = EDGE_CURVE('',#2928,#6794,#6796,.T.);
#6794 = VERTEX_POINT('',#6795);
#6795 = CARTESIAN_POINT('',(-11.10086219713,-8.752691193458,10.6));
#6796 = LINE('',#6797,#6798);
#6797 = CARTESIAN_POINT('',(-11.10086219713,-8.752691193458,11.));
#6798 = VECTOR('',#6799,1.);
#6799 = DIRECTION('',(1.224646799147E-16,0.,-1.));
#6800 = ORIENTED_EDGE('',*,*,#6801,.T.);
#6801 = EDGE_CURVE('',#6794,#6770,#6802,.T.);
#6802 = LINE('',#6803,#6804);
#6803 = CARTESIAN_POINT('',(-11.10086219713,-8.752691193458,10.6));
#6804 = VECTOR('',#6805,1.);
#6805 = DIRECTION('',(-0.701165134008,-0.712998916445,
    -8.586796370363E-17));
#6806 = ORIENTED_EDGE('',*,*,#6769,.F.);
#6807 = ORIENTED_EDGE('',*,*,#2935,.F.);
#6808 = PLANE('',#6809);
#6809 = AXIS2_PLACEMENT_3D('',#6810,#6811,#6812);
#6810 = CARTESIAN_POINT('',(-11.10086219713,-8.752691193458,11.));
#6811 = DIRECTION('',(-0.712998916445,0.701165134008,-8.731718408201E-17
    ));
#6812 = DIRECTION('',(-0.701165134008,-0.712998916445,
    -8.586796370363E-17));
#6813 = ADVANCED_FACE('',(#6814),#6832,.T.);
#6814 = FACE_BOUND('',#6815,.T.);
#6815 = EDGE_LOOP('',(#6816,#6824,#6830,#6831));
#6816 = ORIENTED_EDGE('',*,*,#6817,.T.);
#6817 = EDGE_CURVE('',#2920,#6818,#6820,.T.);
#6818 = VERTEX_POINT('',#6819);
#6819 = CARTESIAN_POINT('',(-10.83065714121,-8.418209107153,10.6));
#6820 = LINE('',#6821,#6822);
#6821 = CARTESIAN_POINT('',(-10.83065714121,-8.418209107153,11.));
#6822 = VECTOR('',#6823,1.);
#6823 = DIRECTION('',(1.224646799147E-16,0.,-1.));
#6824 = ORIENTED_EDGE('',*,*,#6825,.T.);
#6825 = EDGE_CURVE('',#6818,#6794,#6826,.T.);
#6826 = LINE('',#6827,#6828);
#6827 = CARTESIAN_POINT('',(-10.83065714121,-8.418209107153,10.6));
#6828 = VECTOR('',#6829,1.);
#6829 = DIRECTION('',(-0.628402478506,-0.777888375673,
    -7.695710838787E-17));
#6830 = ORIENTED_EDGE('',*,*,#6793,.F.);
#6831 = ORIENTED_EDGE('',*,*,#2927,.F.);
#6832 = PLANE('',#6833);
#6833 = AXIS2_PLACEMENT_3D('',#6834,#6835,#6836);
#6834 = CARTESIAN_POINT('',(-10.83065714121,-8.418209107153,11.));
#6835 = DIRECTION('',(-0.777888375673,0.628402478506,-9.526385093621E-17
    ));
#6836 = DIRECTION('',(-0.628402478506,-0.777888375673,
    -7.695710838787E-17));
#6837 = ADVANCED_FACE('',(#6838),#6856,.T.);
#6838 = FACE_BOUND('',#6839,.T.);
#6839 = EDGE_LOOP('',(#6840,#6848,#6854,#6855));
#6840 = ORIENTED_EDGE('',*,*,#6841,.T.);
#6841 = EDGE_CURVE('',#2912,#6842,#6844,.T.);
#6842 = VERTEX_POINT('',#6843);
#6843 = CARTESIAN_POINT('',(-10.59097458956,-8.05562307189,10.6));
#6844 = LINE('',#6845,#6846);
#6845 = CARTESIAN_POINT('',(-10.59097458956,-8.05562307189,11.));
#6846 = VECTOR('',#6847,1.);
#6847 = DIRECTION('',(1.224646799147E-16,0.,-1.));
#6848 = ORIENTED_EDGE('',*,*,#6849,.T.);
#6849 = EDGE_CURVE('',#6842,#6818,#6850,.T.);
#6850 = LINE('',#6851,#6852);
#6851 = CARTESIAN_POINT('',(-10.59097458956,-8.05562307189,10.6));
#6852 = VECTOR('',#6853,1.);
#6853 = DIRECTION('',(-0.551444280533,-0.834211727002,
    -6.753244730632E-17));
#6854 = ORIENTED_EDGE('',*,*,#6817,.F.);
#6855 = ORIENTED_EDGE('',*,*,#2919,.F.);
#6856 = PLANE('',#6857);
#6857 = AXIS2_PLACEMENT_3D('',#6858,#6859,#6860);
#6858 = CARTESIAN_POINT('',(-10.59097458956,-8.05562307189,11.));
#6859 = DIRECTION('',(-0.834211727002,0.551444280533,-1.021614721284E-16
    ));
#6860 = DIRECTION('',(-0.551444280533,-0.834211727002,
    -6.753244730632E-17));
#6861 = ADVANCED_FACE('',(#6862),#6880,.T.);
#6862 = FACE_BOUND('',#6863,.T.);
#6863 = EDGE_LOOP('',(#6864,#6872,#6878,#6879));
#6864 = ORIENTED_EDGE('',*,*,#6865,.T.);
#6865 = EDGE_CURVE('',#2904,#6866,#6868,.T.);
#6866 = VERTEX_POINT('',#6867);
#6867 = CARTESIAN_POINT('',(-10.38412281617,-7.6684249894,10.6));
#6868 = LINE('',#6869,#6870);
#6869 = CARTESIAN_POINT('',(-10.38412281617,-7.6684249894,11.));
#6870 = VECTOR('',#6871,1.);
#6871 = DIRECTION('',(1.224646799147E-16,0.,-1.));
#6872 = ORIENTED_EDGE('',*,*,#6873,.T.);
#6873 = EDGE_CURVE('',#6866,#6842,#6874,.T.);
#6874 = LINE('',#6875,#6876);
#6875 = CARTESIAN_POINT('',(-10.38412281617,-7.6684249894,10.6));
#6876 = VECTOR('',#6877,1.);
#6877 = DIRECTION('',(-0.471201983787,-0.882025334373,
    -5.770560011963E-17));
#6878 = ORIENTED_EDGE('',*,*,#6841,.F.);
#6879 = ORIENTED_EDGE('',*,*,#2911,.F.);
#6880 = PLANE('',#6881);
#6881 = AXIS2_PLACEMENT_3D('',#6882,#6883,#6884);
#6882 = CARTESIAN_POINT('',(-10.38412281617,-7.6684249894,11.));
#6883 = DIRECTION('',(-0.882025334373,0.471201983787,-1.080169502506E-16
    ));
#6884 = DIRECTION('',(-0.471201983787,-0.882025334373,
    -5.770560011963E-17));
#6885 = ADVANCED_FACE('',(#6886),#6904,.T.);
#6886 = FACE_BOUND('',#6887,.T.);
#6887 = EDGE_LOOP('',(#6888,#6889,#6897,#6903));
#6888 = ORIENTED_EDGE('',*,*,#2903,.F.);
#6889 = ORIENTED_EDGE('',*,*,#6890,.F.);
#6890 = EDGE_CURVE('',#6891,#2896,#6893,.T.);
#6891 = VERTEX_POINT('',#6892);
#6892 = CARTESIAN_POINT('',(-10.25446648005,-7.360858566195,10.6));
#6893 = LINE('',#6894,#6895);
#6894 = CARTESIAN_POINT('',(-10.25446648005,-7.360858566195,11.));
#6895 = VECTOR('',#6896,1.);
#6896 = DIRECTION('',(-1.224646799147E-16,0.,1.));
#6897 = ORIENTED_EDGE('',*,*,#6898,.T.);
#6898 = EDGE_CURVE('',#6891,#6866,#6899,.T.);
#6899 = LINE('',#6900,#6901);
#6900 = CARTESIAN_POINT('',(-10.2120939167,-7.260343788879,10.6));
#6901 = VECTOR('',#6902,1.);
#6902 = DIRECTION('',(-0.388450611171,-0.921469545173,
    -4.757147975972E-17));
#6903 = ORIENTED_EDGE('',*,*,#6865,.F.);
#6904 = PLANE('',#6905);
#6905 = AXIS2_PLACEMENT_3D('',#6906,#6907,#6908);
#6906 = CARTESIAN_POINT('',(-10.2120939167,-7.260343788879,11.));
#6907 = DIRECTION('',(-0.921469545173,0.388450611171,-1.128474729008E-16
    ));
#6908 = DIRECTION('',(-0.388450611171,-0.921469545173,
    -4.757147975972E-17));
#6909 = ADVANCED_FACE('',(#6910),#6928,.F.);
#6910 = FACE_BOUND('',#6911,.F.);
#6911 = EDGE_LOOP('',(#6912,#6913,#6914,#6922));
#6912 = ORIENTED_EDGE('',*,*,#2895,.F.);
#6913 = ORIENTED_EDGE('',*,*,#6890,.F.);
#6914 = ORIENTED_EDGE('',*,*,#6915,.T.);
#6915 = EDGE_CURVE('',#6891,#6916,#6918,.T.);
#6916 = VERTEX_POINT('',#6917);
#6917 = CARTESIAN_POINT('',(-6.925564848922,-7.117280398063,10.6));
#6918 = LINE('',#6919,#6920);
#6919 = CARTESIAN_POINT('',(-11.02556484892,-7.417280398063,10.6));
#6920 = VECTOR('',#6921,1.);
#6921 = DIRECTION('',(0.997333723592,7.297563831158E-02,
    1.221381552278E-16));
#6922 = ORIENTED_EDGE('',*,*,#6923,.F.);
#6923 = EDGE_CURVE('',#2887,#6916,#6924,.T.);
#6924 = LINE('',#6925,#6926);
#6925 = CARTESIAN_POINT('',(-6.925564848922,-7.117280398063,11.));
#6926 = VECTOR('',#6927,1.);
#6927 = DIRECTION('',(1.224646799147E-16,0.,-1.));
#6928 = PLANE('',#6929);
#6929 = AXIS2_PLACEMENT_3D('',#6930,#6931,#6932);
#6930 = CARTESIAN_POINT('',(-11.02556484892,-7.417280398063,11.));
#6931 = DIRECTION('',(7.297563831158E-02,-0.997333723592,
    8.936938187401E-18));
#6932 = DIRECTION('',(0.997333723592,7.297563831158E-02,
    1.221381552278E-16));
#6933 = ADVANCED_FACE('',(#6934),#6953,.F.);
#6934 = FACE_BOUND('',#6935,.F.);
#6935 = EDGE_LOOP('',(#6936,#6945,#6951,#6952));
#6936 = ORIENTED_EDGE('',*,*,#6937,.F.);
#6937 = EDGE_CURVE('',#6938,#6916,#6940,.T.);
#6938 = VERTEX_POINT('',#6939);
#6939 = CARTESIAN_POINT('',(-6.832313032949,-7.106121802309,10.6));
#6940 = CIRCLE('',#6941,1.02);
#6941 = AXIS2_PLACEMENT_3D('',#6942,#6943,#6944);
#6942 = CARTESIAN_POINT('',(-7.,-6.1,10.6));
#6943 = DIRECTION('',(1.224646799147E-16,0.,-1.));
#6944 = DIRECTION('',(-1.,0.,-1.224646799147E-16));
#6945 = ORIENTED_EDGE('',*,*,#6946,.F.);
#6946 = EDGE_CURVE('',#2879,#6938,#6947,.T.);
#6947 = LINE('',#6948,#6949);
#6948 = CARTESIAN_POINT('',(-6.832313032949,-7.106121802309,11.));
#6949 = VECTOR('',#6950,1.);
#6950 = DIRECTION('',(1.224646799147E-16,0.,-1.));
#6951 = ORIENTED_EDGE('',*,*,#2886,.T.);
#6952 = ORIENTED_EDGE('',*,*,#6923,.T.);
#6953 = CYLINDRICAL_SURFACE('',#6954,1.02);
#6954 = AXIS2_PLACEMENT_3D('',#6955,#6956,#6957);
#6955 = CARTESIAN_POINT('',(-7.,-6.1,11.));
#6956 = DIRECTION('',(1.224646799147E-16,0.,-1.));
#6957 = DIRECTION('',(-1.,0.,-1.224646799147E-16));
#6958 = ADVANCED_FACE('',(#6959),#6977,.F.);
#6959 = FACE_BOUND('',#6960,.F.);
#6960 = EDGE_LOOP('',(#6961,#6962,#6970,#6976));
#6961 = ORIENTED_EDGE('',*,*,#6946,.T.);
#6962 = ORIENTED_EDGE('',*,*,#6963,.T.);
#6963 = EDGE_CURVE('',#6938,#6964,#6966,.T.);
#6964 = VERTEX_POINT('',#6965);
#6965 = CARTESIAN_POINT('',(-3.232313032949,-6.506121802309,10.6));
#6966 = LINE('',#6967,#6968);
#6967 = CARTESIAN_POINT('',(-6.832313032949,-7.106121802309,10.6));
#6968 = VECTOR('',#6969,1.);
#6969 = DIRECTION('',(0.986393923832,0.164398987305,1.207984161519E-16)
  );
#6970 = ORIENTED_EDGE('',*,*,#6971,.F.);
#6971 = EDGE_CURVE('',#2870,#6964,#6972,.T.);
#6972 = LINE('',#6973,#6974);
#6973 = CARTESIAN_POINT('',(-3.232313032949,-6.506121802309,11.));
#6974 = VECTOR('',#6975,1.);
#6975 = DIRECTION('',(1.224646799147E-16,0.,-1.));
#6976 = ORIENTED_EDGE('',*,*,#2878,.F.);
#6977 = PLANE('',#6978);
#6978 = AXIS2_PLACEMENT_3D('',#6979,#6980,#6981);
#6979 = CARTESIAN_POINT('',(-6.832313032949,-7.106121802309,11.));
#6980 = DIRECTION('',(0.164398987305,-0.986393923832,2.013306935866E-17)
  );
#6981 = DIRECTION('',(0.986393923832,0.164398987305,1.207984161519E-16)
  );
#6982 = ADVANCED_FACE('',(#6983),#7002,.F.);
#6983 = FACE_BOUND('',#6984,.F.);
#6984 = EDGE_LOOP('',(#6985,#6994,#7000,#7001));
#6985 = ORIENTED_EDGE('',*,*,#6986,.F.);
#6986 = EDGE_CURVE('',#6987,#6964,#6989,.T.);
#6987 = VERTEX_POINT('',#6988);
#6988 = CARTESIAN_POINT('',(-3.567686967051,-4.493878197691,10.6));
#6989 = CIRCLE('',#6990,1.02);
#6990 = AXIS2_PLACEMENT_3D('',#6991,#6992,#6993);
#6991 = CARTESIAN_POINT('',(-3.4,-5.5,10.6));
#6992 = DIRECTION('',(1.224646799147E-16,0.,-1.));
#6993 = DIRECTION('',(-1.,0.,-1.224646799147E-16));
#6994 = ORIENTED_EDGE('',*,*,#6995,.F.);
#6995 = EDGE_CURVE('',#2862,#6987,#6996,.T.);
#6996 = LINE('',#6997,#6998);
#6997 = CARTESIAN_POINT('',(-3.567686967051,-4.493878197691,11.));
#6998 = VECTOR('',#6999,1.);
#6999 = DIRECTION('',(1.224646799147E-16,0.,-1.));
#7000 = ORIENTED_EDGE('',*,*,#2869,.T.);
#7001 = ORIENTED_EDGE('',*,*,#6971,.T.);
#7002 = CYLINDRICAL_SURFACE('',#7003,1.02);
#7003 = AXIS2_PLACEMENT_3D('',#7004,#7005,#7006);
#7004 = CARTESIAN_POINT('',(-3.4,-5.5,11.));
#7005 = DIRECTION('',(1.224646799147E-16,0.,-1.));
#7006 = DIRECTION('',(-1.,0.,-1.224646799147E-16));
#7007 = ADVANCED_FACE('',(#7008),#7026,.F.);
#7008 = FACE_BOUND('',#7009,.F.);
#7009 = EDGE_LOOP('',(#7010,#7011,#7012,#7020));
#7010 = ORIENTED_EDGE('',*,*,#2861,.F.);
#7011 = ORIENTED_EDGE('',*,*,#6995,.T.);
#7012 = ORIENTED_EDGE('',*,*,#7013,.T.);
#7013 = EDGE_CURVE('',#6987,#7014,#7016,.T.);
#7014 = VERTEX_POINT('',#7015);
#7015 = CARTESIAN_POINT('',(-7.121318190177,-5.086150068212,10.6));
#7016 = LINE('',#7017,#7018);
#7017 = CARTESIAN_POINT('',(-3.567686967051,-4.493878197691,10.6));
#7018 = VECTOR('',#7019,1.);
#7019 = DIRECTION('',(-0.986393923832,-0.164398987305,
    -1.207984161519E-16));
#7020 = ORIENTED_EDGE('',*,*,#7021,.T.);
#7021 = EDGE_CURVE('',#7014,#2854,#7022,.T.);
#7022 = LINE('',#7023,#7024);
#7023 = CARTESIAN_POINT('',(-7.121318190177,-5.086150068212,11.));
#7024 = VECTOR('',#7025,1.);
#7025 = DIRECTION('',(-1.224646799147E-16,0.,1.));
#7026 = PLANE('',#7027);
#7027 = AXIS2_PLACEMENT_3D('',#7028,#7029,#7030);
#7028 = CARTESIAN_POINT('',(-3.567686967051,-4.493878197691,11.));
#7029 = DIRECTION('',(-0.164398987305,0.986393923832,-2.013306935866E-17
    ));
#7030 = DIRECTION('',(-0.986393923832,-0.164398987305,
    -1.207984161519E-16));
#7031 = ADVANCED_FACE('',(#7032),#7050,.F.);
#7032 = FACE_BOUND('',#7033,.F.);
#7033 = EDGE_LOOP('',(#7034,#7035,#7036,#7044));
#7034 = ORIENTED_EDGE('',*,*,#2853,.F.);
#7035 = ORIENTED_EDGE('',*,*,#7021,.F.);
#7036 = ORIENTED_EDGE('',*,*,#7037,.T.);
#7037 = EDGE_CURVE('',#7014,#7038,#7040,.T.);
#7038 = VERTEX_POINT('',#7039);
#7039 = CARTESIAN_POINT('',(-9.909189107246,-5.29014062312,10.6));
#7040 = LINE('',#7041,#7042);
#7041 = CARTESIAN_POINT('',(-7.074435151078,-5.082719601937,10.6));
#7042 = VECTOR('',#7043,1.);
#7043 = DIRECTION('',(-0.997333723592,-7.297563831158E-02,
    -1.221381552278E-16));
#7044 = ORIENTED_EDGE('',*,*,#7045,.F.);
#7045 = EDGE_CURVE('',#2846,#7038,#7046,.T.);
#7046 = LINE('',#7047,#7048);
#7047 = CARTESIAN_POINT('',(-9.909189107246,-5.29014062312,11.));
#7048 = VECTOR('',#7049,1.);
#7049 = DIRECTION('',(1.224646799147E-16,0.,-1.));
#7050 = PLANE('',#7051);
#7051 = AXIS2_PLACEMENT_3D('',#7052,#7053,#7054);
#7052 = CARTESIAN_POINT('',(-7.074435151078,-5.082719601937,11.));
#7053 = DIRECTION('',(-7.297563831158E-02,0.997333723592,
    -8.936938187401E-18));
#7054 = DIRECTION('',(-0.997333723592,-7.297563831158E-02,
    -1.221381552278E-16));
#7055 = ADVANCED_FACE('',(#7056),#7074,.T.);
#7056 = FACE_BOUND('',#7057,.T.);
#7057 = EDGE_LOOP('',(#7058,#7059,#7067,#7073));
#7058 = ORIENTED_EDGE('',*,*,#2845,.F.);
#7059 = ORIENTED_EDGE('',*,*,#7060,.T.);
#7060 = EDGE_CURVE('',#2838,#7061,#7063,.T.);
#7061 = VERTEX_POINT('',#7062);
#7062 = CARTESIAN_POINT('',(-9.919742620644,-5.049121154484,10.6));
#7063 = LINE('',#7064,#7065);
#7064 = CARTESIAN_POINT('',(-9.919742620644,-5.049121154484,11.));
#7065 = VECTOR('',#7066,1.);
#7066 = DIRECTION('',(1.224646799147E-16,0.,-1.));
#7067 = ORIENTED_EDGE('',*,*,#7068,.T.);
#7068 = EDGE_CURVE('',#7061,#7038,#7069,.T.);
#7069 = LINE('',#7070,#7071);
#7070 = CARTESIAN_POINT('',(-9.919742620644,-5.049121154484,10.6));
#7071 = VECTOR('',#7072,1.);
#7072 = DIRECTION('',(4.374505869415E-02,-0.999042726734,
    5.357224610831E-18));
#7073 = ORIENTED_EDGE('',*,*,#7045,.F.);
#7074 = PLANE('',#7075);
#7075 = AXIS2_PLACEMENT_3D('',#7076,#7077,#7078);
#7076 = CARTESIAN_POINT('',(-9.919742620644,-5.049121154484,11.));
#7077 = DIRECTION('',(-0.999042726734,-4.374505869415E-02,
    -1.223474477506E-16));
#7078 = DIRECTION('',(4.374505869415E-02,-0.999042726734,
    5.357224610831E-18));
#7079 = ADVANCED_FACE('',(#7080),#7098,.T.);
#7080 = FACE_BOUND('',#7081,.T.);
#7081 = EDGE_LOOP('',(#7082,#7083,#7091,#7097));
#7082 = ORIENTED_EDGE('',*,*,#2837,.F.);
#7083 = ORIENTED_EDGE('',*,*,#7084,.F.);
#7084 = EDGE_CURVE('',#7085,#2830,#7087,.T.);
#7085 = VERTEX_POINT('',#7086);
#7086 = CARTESIAN_POINT('',(-9.925131971875,-5.008358361269,10.6));
#7087 = LINE('',#7088,#7089);
#7088 = CARTESIAN_POINT('',(-9.925131971875,-5.008358361269,11.));
#7089 = VECTOR('',#7090,1.);
#7090 = DIRECTION('',(-1.224646799147E-16,0.,1.));
#7091 = ORIENTED_EDGE('',*,*,#7092,.T.);
#7092 = EDGE_CURVE('',#7085,#7061,#7093,.T.);
#7093 = LINE('',#7094,#7095);
#7094 = CARTESIAN_POINT('',(-9.978780350347,-4.602584518726,10.6));
#7095 = VECTOR('',#7096,1.);
#7096 = DIRECTION('',(0.131071895504,-0.991372865379,1.605167772873E-17)
  );
#7097 = ORIENTED_EDGE('',*,*,#7060,.F.);
#7098 = PLANE('',#7099);
#7099 = AXIS2_PLACEMENT_3D('',#7100,#7101,#7102);
#7100 = CARTESIAN_POINT('',(-9.978780350347,-4.602584518726,11.));
#7101 = DIRECTION('',(-0.991372865379,-0.131071895504,
    -1.214081606347E-16));
#7102 = DIRECTION('',(0.131071895504,-0.991372865379,1.605167772873E-17)
  );
#7103 = ADVANCED_FACE('',(#7104),#7122,.F.);
#7104 = FACE_BOUND('',#7105,.F.);
#7105 = EDGE_LOOP('',(#7106,#7107,#7108,#7116));
#7106 = ORIENTED_EDGE('',*,*,#2829,.F.);
#7107 = ORIENTED_EDGE('',*,*,#7084,.F.);
#7108 = ORIENTED_EDGE('',*,*,#7109,.T.);
#7109 = EDGE_CURVE('',#7085,#7110,#7112,.T.);
#7110 = VERTEX_POINT('',#7111);
#7111 = CARTESIAN_POINT('',(-6.970998078609,-3.999629714788,10.6));
#7112 = LINE('',#7113,#7114);
#7113 = CARTESIAN_POINT('',(-10.97039326964,-5.365276853189,10.6));
#7114 = VECTOR('',#7115,1.);
#7115 = DIRECTION('',(0.946349856068,0.323143853292,1.158944322107E-16)
  );
#7116 = ORIENTED_EDGE('',*,*,#7117,.F.);
#7117 = EDGE_CURVE('',#2822,#7110,#7118,.T.);
#7118 = LINE('',#7119,#7120);
#7119 = CARTESIAN_POINT('',(-6.970998078609,-3.999629714788,11.));
#7120 = VECTOR('',#7121,1.);
#7121 = DIRECTION('',(1.224646799147E-16,0.,-1.));
#7122 = PLANE('',#7123);
#7123 = AXIS2_PLACEMENT_3D('',#7124,#7125,#7126);
#7124 = CARTESIAN_POINT('',(-10.97039326964,-5.365276853189,11.));
#7125 = DIRECTION('',(0.323143853292,-0.946349856068,3.957370855976E-17)
  );
#7126 = DIRECTION('',(0.946349856068,0.323143853292,1.158944322107E-16)
  );
#7127 = ADVANCED_FACE('',(#7128),#7146,.F.);
#7128 = FACE_BOUND('',#7129,.F.);
#7129 = EDGE_LOOP('',(#7130,#7131,#7132,#7140));
#7130 = ORIENTED_EDGE('',*,*,#2821,.F.);
#7131 = ORIENTED_EDGE('',*,*,#7117,.T.);
#7132 = ORIENTED_EDGE('',*,*,#7133,.T.);
#7133 = EDGE_CURVE('',#7110,#7134,#7136,.T.);
#7134 = VERTEX_POINT('',#7135);
#7135 = CARTESIAN_POINT('',(-2.976524537183,-3.512498795102,10.6));
#7136 = LINE('',#7137,#7138);
#7137 = CARTESIAN_POINT('',(-7.076524537183,-4.012498795102,10.6));
#7138 = VECTOR('',#7139,1.);
#7139 = DIRECTION('',(0.992645877551,0.121054375311,1.215640596629E-16)
  );
#7140 = ORIENTED_EDGE('',*,*,#7141,.F.);
#7141 = EDGE_CURVE('',#2813,#7134,#7142,.T.);
#7142 = LINE('',#7143,#7144);
#7143 = CARTESIAN_POINT('',(-2.976524537183,-3.512498795102,11.));
#7144 = VECTOR('',#7145,1.);
#7145 = DIRECTION('',(1.224646799147E-16,0.,-1.));
#7146 = PLANE('',#7147);
#7147 = AXIS2_PLACEMENT_3D('',#7148,#7149,#7150);
#7148 = CARTESIAN_POINT('',(-7.076524537183,-4.012498795102,11.));
#7149 = DIRECTION('',(0.121054375311,-0.992645877551,1.482488532474E-17)
  );
#7150 = DIRECTION('',(0.992645877551,0.121054375311,1.215640596629E-16)
  );
#7151 = ADVANCED_FACE('',(#7152),#7171,.F.);
#7152 = FACE_BOUND('',#7153,.F.);
#7153 = EDGE_LOOP('',(#7154,#7163,#7169,#7170));
#7154 = ORIENTED_EDGE('',*,*,#7155,.F.);
#7155 = EDGE_CURVE('',#7156,#7134,#7158,.T.);
#7156 = VERTEX_POINT('',#7157);
#7157 = CARTESIAN_POINT('',(-3.223475462817,-1.487501204898,10.6));
#7158 = CIRCLE('',#7159,1.02);
#7159 = AXIS2_PLACEMENT_3D('',#7160,#7161,#7162);
#7160 = CARTESIAN_POINT('',(-3.1,-2.5,10.6));
#7161 = DIRECTION('',(1.224646799147E-16,0.,-1.));
#7162 = DIRECTION('',(-1.,0.,-1.224646799147E-16));
#7163 = ORIENTED_EDGE('',*,*,#7164,.F.);
#7164 = EDGE_CURVE('',#2805,#7156,#7165,.T.);
#7165 = LINE('',#7166,#7167);
#7166 = CARTESIAN_POINT('',(-3.223475462817,-1.487501204898,11.));
#7167 = VECTOR('',#7168,1.);
#7168 = DIRECTION('',(1.224646799147E-16,0.,-1.));
#7169 = ORIENTED_EDGE('',*,*,#2812,.T.);
#7170 = ORIENTED_EDGE('',*,*,#7141,.T.);
#7171 = CYLINDRICAL_SURFACE('',#7172,1.02);
#7172 = AXIS2_PLACEMENT_3D('',#7173,#7174,#7175);
#7173 = CARTESIAN_POINT('',(-3.1,-2.5,11.));
#7174 = DIRECTION('',(1.224646799147E-16,0.,-1.));
#7175 = DIRECTION('',(-1.,0.,-1.224646799147E-16));
#7176 = ADVANCED_FACE('',(#7177),#7195,.F.);
#7177 = FACE_BOUND('',#7178,.F.);
#7178 = EDGE_LOOP('',(#7179,#7180,#7188,#7194));
#7179 = ORIENTED_EDGE('',*,*,#7164,.T.);
#7180 = ORIENTED_EDGE('',*,*,#7181,.T.);
#7181 = EDGE_CURVE('',#7156,#7182,#7184,.T.);
#7182 = VERTEX_POINT('',#7183);
#7183 = CARTESIAN_POINT('',(-7.323475462817,-1.987501204898,10.6));
#7184 = LINE('',#7185,#7186);
#7185 = CARTESIAN_POINT('',(-3.223475462817,-1.487501204898,10.6));
#7186 = VECTOR('',#7187,1.);
#7187 = DIRECTION('',(-0.992645877551,-0.121054375311,
    -1.215640596629E-16));
#7188 = ORIENTED_EDGE('',*,*,#7189,.F.);
#7189 = EDGE_CURVE('',#2796,#7182,#7190,.T.);
#7190 = LINE('',#7191,#7192);
#7191 = CARTESIAN_POINT('',(-7.323475462817,-1.987501204898,11.));
#7192 = VECTOR('',#7193,1.);
#7193 = DIRECTION('',(1.224646799147E-16,0.,-1.));
#7194 = ORIENTED_EDGE('',*,*,#2804,.F.);
#7195 = PLANE('',#7196);
#7196 = AXIS2_PLACEMENT_3D('',#7197,#7198,#7199);
#7197 = CARTESIAN_POINT('',(-3.223475462817,-1.487501204898,11.));
#7198 = DIRECTION('',(-0.121054375311,0.992645877551,-1.482488532474E-17
    ));
#7199 = DIRECTION('',(-0.992645877551,-0.121054375311,
    -1.215640596629E-16));
#7200 = ADVANCED_FACE('',(#7201),#7220,.F.);
#7201 = FACE_BOUND('',#7202,.F.);
#7202 = EDGE_LOOP('',(#7203,#7212,#7218,#7219));
#7203 = ORIENTED_EDGE('',*,*,#7204,.F.);
#7204 = EDGE_CURVE('',#7205,#7182,#7207,.T.);
#7205 = VERTEX_POINT('',#7206);
#7206 = CARTESIAN_POINT('',(-7.529606730357,-2.034723146811,10.6));
#7207 = CIRCLE('',#7208,1.02);
#7208 = AXIS2_PLACEMENT_3D('',#7209,#7210,#7211);
#7209 = CARTESIAN_POINT('',(-7.2,-3.,10.6));
#7210 = DIRECTION('',(1.224646799147E-16,0.,-1.));
#7211 = DIRECTION('',(-1.,0.,-1.224646799147E-16));
#7212 = ORIENTED_EDGE('',*,*,#7213,.F.);
#7213 = EDGE_CURVE('',#2788,#7205,#7214,.T.);
#7214 = LINE('',#7215,#7216);
#7215 = CARTESIAN_POINT('',(-7.529606730357,-2.034723146811,11.));
#7216 = VECTOR('',#7217,1.);
#7217 = DIRECTION('',(1.224646799147E-16,0.,-1.));
#7218 = ORIENTED_EDGE('',*,*,#2795,.T.);
#7219 = ORIENTED_EDGE('',*,*,#7189,.T.);
#7220 = CYLINDRICAL_SURFACE('',#7221,1.02);
#7221 = AXIS2_PLACEMENT_3D('',#7222,#7223,#7224);
#7222 = CARTESIAN_POINT('',(-7.2,-3.,11.));
#7223 = DIRECTION('',(1.224646799147E-16,0.,-1.));
#7224 = DIRECTION('',(-1.,0.,-1.224646799147E-16));
#7225 = ADVANCED_FACE('',(#7226),#7244,.F.);
#7226 = FACE_BOUND('',#7227,.F.);
#7227 = EDGE_LOOP('',(#7228,#7229,#7230,#7238));
#7228 = ORIENTED_EDGE('',*,*,#2787,.F.);
#7229 = ORIENTED_EDGE('',*,*,#7213,.T.);
#7230 = ORIENTED_EDGE('',*,*,#7231,.T.);
#7231 = EDGE_CURVE('',#7205,#7232,#7234,.T.);
#7232 = VERTEX_POINT('',#7233);
#7233 = CARTESIAN_POINT('',(-9.916995489526,-2.849929064576,10.6));
#7234 = LINE('',#7235,#7236);
#7235 = CARTESIAN_POINT('',(-7.529606730357,-2.034723146811,10.6));
#7236 = VECTOR('',#7237,1.);
#7237 = DIRECTION('',(-0.946349856068,-0.323143853292,
    -1.158944322107E-16));
#7238 = ORIENTED_EDGE('',*,*,#7239,.T.);
#7239 = EDGE_CURVE('',#7232,#2780,#7240,.T.);
#7240 = LINE('',#7241,#7242);
#7241 = CARTESIAN_POINT('',(-9.916995489526,-2.849929064576,11.));
#7242 = VECTOR('',#7243,1.);
#7243 = DIRECTION('',(-1.224646799147E-16,0.,1.));
#7244 = PLANE('',#7245);
#7245 = AXIS2_PLACEMENT_3D('',#7246,#7247,#7248);
#7246 = CARTESIAN_POINT('',(-7.529606730357,-2.034723146811,11.));
#7247 = DIRECTION('',(-0.323143853292,0.946349856068,-3.957370855976E-17
    ));
#7248 = DIRECTION('',(-0.946349856068,-0.323143853292,
    -1.158944322107E-16));
#7249 = ADVANCED_FACE('',(#7250),#7268,.F.);
#7250 = FACE_BOUND('',#7251,.F.);
#7251 = EDGE_LOOP('',(#7252,#7253,#7254,#7262));
#7252 = ORIENTED_EDGE('',*,*,#2779,.F.);
#7253 = ORIENTED_EDGE('',*,*,#7239,.F.);
#7254 = ORIENTED_EDGE('',*,*,#7255,.T.);
#7255 = EDGE_CURVE('',#7232,#7256,#7258,.T.);
#7256 = VERTEX_POINT('',#7257);
#7257 = CARTESIAN_POINT('',(-8.058317496451,-1.63017163162,10.6));
#7258 = LINE('',#7259,#7260);
#7259 = CARTESIAN_POINT('',(-11.14037042968,-3.652768869054,10.6));
#7260 = VECTOR('',#7261,1.);
#7261 = DIRECTION('',(0.836047910837,0.548656441487,1.02386339794E-16));
#7262 = ORIENTED_EDGE('',*,*,#7263,.F.);
#7263 = EDGE_CURVE('',#2772,#7256,#7264,.T.);
#7264 = LINE('',#7265,#7266);
#7265 = CARTESIAN_POINT('',(-8.058317496451,-1.63017163162,11.));
#7266 = VECTOR('',#7267,1.);
#7267 = DIRECTION('',(1.224646799147E-16,0.,-1.));
#7268 = PLANE('',#7269);
#7269 = AXIS2_PLACEMENT_3D('',#7270,#7271,#7272);
#7270 = CARTESIAN_POINT('',(-11.14037042968,-3.652768869054,11.));
#7271 = DIRECTION('',(0.548656441487,-0.836047910837,6.719103548984E-17)
  );
#7272 = DIRECTION('',(0.836047910837,0.548656441487,1.02386339794E-16));
#7273 = ADVANCED_FACE('',(#7274),#7292,.F.);
#7274 = FACE_BOUND('',#7275,.F.);
#7275 = EDGE_LOOP('',(#7276,#7277,#7278,#7286));
#7276 = ORIENTED_EDGE('',*,*,#2771,.F.);
#7277 = ORIENTED_EDGE('',*,*,#7263,.T.);
#7278 = ORIENTED_EDGE('',*,*,#7279,.T.);
#7279 = EDGE_CURVE('',#7256,#7280,#7282,.T.);
#7280 = VERTEX_POINT('',#7281);
#7281 = CARTESIAN_POINT('',(-4.392846004704,-0.472654318437,10.6));
#7282 = LINE('',#7283,#7284);
#7283 = CARTESIAN_POINT('',(-8.192846004704,-1.672654318437,10.6));
#7284 = VECTOR('',#7285,1.);
#7285 = DIRECTION('',(0.953582665134,0.301131367937,1.167801958579E-16)
  );
#7286 = ORIENTED_EDGE('',*,*,#7287,.F.);
#7287 = EDGE_CURVE('',#2763,#7280,#7288,.T.);
#7288 = LINE('',#7289,#7290);
#7289 = CARTESIAN_POINT('',(-4.392846004704,-0.472654318437,11.));
#7290 = VECTOR('',#7291,1.);
#7291 = DIRECTION('',(1.224646799147E-16,0.,-1.));
#7292 = PLANE('',#7293);
#7293 = AXIS2_PLACEMENT_3D('',#7294,#7295,#7296);
#7294 = CARTESIAN_POINT('',(-8.192846004704,-1.672654318437,11.));
#7295 = DIRECTION('',(0.301131367937,-0.953582665134,3.68779565867E-17)
  );
#7296 = DIRECTION('',(0.953582665134,0.301131367937,1.167801958579E-16)
  );
#7297 = ADVANCED_FACE('',(#7298),#7317,.F.);
#7298 = FACE_BOUND('',#7299,.F.);
#7299 = EDGE_LOOP('',(#7300,#7309,#7315,#7316));
#7300 = ORIENTED_EDGE('',*,*,#7301,.F.);
#7301 = EDGE_CURVE('',#7302,#7280,#7304,.T.);
#7302 = VERTEX_POINT('',#7303);
#7303 = CARTESIAN_POINT('',(-5.007153995296,1.472654318437,10.6));
#7304 = CIRCLE('',#7305,1.02);
#7305 = AXIS2_PLACEMENT_3D('',#7306,#7307,#7308);
#7306 = CARTESIAN_POINT('',(-4.7,0.5,10.6));
#7307 = DIRECTION('',(1.224646799147E-16,0.,-1.));
#7308 = DIRECTION('',(-1.,0.,-1.224646799147E-16));
#7309 = ORIENTED_EDGE('',*,*,#7310,.F.);
#7310 = EDGE_CURVE('',#2755,#7302,#7311,.T.);
#7311 = LINE('',#7312,#7313);
#7312 = CARTESIAN_POINT('',(-5.007153995296,1.472654318437,11.));
#7313 = VECTOR('',#7314,1.);
#7314 = DIRECTION('',(1.224646799147E-16,0.,-1.));
#7315 = ORIENTED_EDGE('',*,*,#2762,.T.);
#7316 = ORIENTED_EDGE('',*,*,#7287,.T.);
#7317 = CYLINDRICAL_SURFACE('',#7318,1.02);
#7318 = AXIS2_PLACEMENT_3D('',#7319,#7320,#7321);
#7319 = CARTESIAN_POINT('',(-4.7,0.5,11.));
#7320 = DIRECTION('',(1.224646799147E-16,0.,-1.));
#7321 = DIRECTION('',(-1.,0.,-1.224646799147E-16));
#7322 = ADVANCED_FACE('',(#7323),#7341,.F.);
#7323 = FACE_BOUND('',#7324,.F.);
#7324 = EDGE_LOOP('',(#7325,#7326,#7334,#7340));
#7325 = ORIENTED_EDGE('',*,*,#7310,.T.);
#7326 = ORIENTED_EDGE('',*,*,#7327,.T.);
#7327 = EDGE_CURVE('',#7302,#7328,#7330,.T.);
#7328 = VERTEX_POINT('',#7329);
#7329 = CARTESIAN_POINT('',(-8.807153995296,0.272654318437,10.6));
#7330 = LINE('',#7331,#7332);
#7331 = CARTESIAN_POINT('',(-5.007153995296,1.472654318437,10.6));
#7332 = VECTOR('',#7333,1.);
#7333 = DIRECTION('',(-0.953582665134,-0.301131367937,
    -1.167801958579E-16));
#7334 = ORIENTED_EDGE('',*,*,#7335,.F.);
#7335 = EDGE_CURVE('',#2746,#7328,#7336,.T.);
#7336 = LINE('',#7337,#7338);
#7337 = CARTESIAN_POINT('',(-8.807153995296,0.272654318437,11.));
#7338 = VECTOR('',#7339,1.);
#7339 = DIRECTION('',(1.224646799147E-16,0.,-1.));
#7340 = ORIENTED_EDGE('',*,*,#2754,.F.);
#7341 = PLANE('',#7342);
#7342 = AXIS2_PLACEMENT_3D('',#7343,#7344,#7345);
#7343 = CARTESIAN_POINT('',(-5.007153995296,1.472654318437,11.));
#7344 = DIRECTION('',(-0.301131367937,0.953582665134,-3.68779565867E-17)
  );
#7345 = DIRECTION('',(-0.953582665134,-0.301131367937,
    -1.167801958579E-16));
#7346 = ADVANCED_FACE('',(#7347),#7366,.F.);
#7347 = FACE_BOUND('',#7348,.F.);
#7348 = EDGE_LOOP('',(#7349,#7358,#7364,#7365));
#7349 = ORIENTED_EDGE('',*,*,#7350,.F.);
#7350 = EDGE_CURVE('',#7351,#7328,#7353,.T.);
#7351 = VERTEX_POINT('',#7352);
#7352 = CARTESIAN_POINT('',(-9.059629570317,0.152768869054,10.6));
#7353 = CIRCLE('',#7354,1.02);
#7354 = AXIS2_PLACEMENT_3D('',#7355,#7356,#7357);
#7355 = CARTESIAN_POINT('',(-8.5,-0.7,10.6));
#7356 = DIRECTION('',(1.224646799147E-16,0.,-1.));
#7357 = DIRECTION('',(-1.,0.,-1.224646799147E-16));
#7358 = ORIENTED_EDGE('',*,*,#7359,.F.);
#7359 = EDGE_CURVE('',#2738,#7351,#7360,.T.);
#7360 = LINE('',#7361,#7362);
#7361 = CARTESIAN_POINT('',(-9.059629570317,0.152768869054,11.));
#7362 = VECTOR('',#7363,1.);
#7363 = DIRECTION('',(1.224646799147E-16,0.,-1.));
#7364 = ORIENTED_EDGE('',*,*,#2745,.T.);
#7365 = ORIENTED_EDGE('',*,*,#7335,.T.);
#7366 = CYLINDRICAL_SURFACE('',#7367,1.02);
#7367 = AXIS2_PLACEMENT_3D('',#7368,#7369,#7370);
#7368 = CARTESIAN_POINT('',(-8.5,-0.7,11.));
#7369 = DIRECTION('',(1.224646799147E-16,0.,-1.));
#7370 = DIRECTION('',(-1.,0.,-1.224646799147E-16));
#7371 = ADVANCED_FACE('',(#7372),#7390,.F.);
#7372 = FACE_BOUND('',#7373,.F.);
#7373 = EDGE_LOOP('',(#7374,#7375,#7376,#7384));
#7374 = ORIENTED_EDGE('',*,*,#2737,.F.);
#7375 = ORIENTED_EDGE('',*,*,#7359,.T.);
#7376 = ORIENTED_EDGE('',*,*,#7377,.T.);
#7377 = EDGE_CURVE('',#7351,#7378,#7380,.T.);
#7378 = VERTEX_POINT('',#7379);
#7379 = CARTESIAN_POINT('',(-11.05037351298,-1.153656843323,10.6));
#7380 = LINE('',#7381,#7382);
#7381 = CARTESIAN_POINT('',(-9.059629570317,0.152768869054,10.6));
#7382 = VECTOR('',#7383,1.);
#7383 = DIRECTION('',(-0.836047910837,-0.548656441487,-1.02386339794E-16
    ));
#7384 = ORIENTED_EDGE('',*,*,#7385,.T.);
#7385 = EDGE_CURVE('',#7378,#2730,#7386,.T.);
#7386 = LINE('',#7387,#7388);
#7387 = CARTESIAN_POINT('',(-11.05037351298,-1.153656843323,11.));
#7388 = VECTOR('',#7389,1.);
#7389 = DIRECTION('',(-1.224646799147E-16,0.,1.));
#7390 = PLANE('',#7391);
#7391 = AXIS2_PLACEMENT_3D('',#7392,#7393,#7394);
#7392 = CARTESIAN_POINT('',(-9.059629570317,0.152768869054,11.));
#7393 = DIRECTION('',(-0.548656441487,0.836047910837,-6.719103548984E-17
    ));
#7394 = DIRECTION('',(-0.836047910837,-0.548656441487,-1.02386339794E-16
    ));
#7395 = ADVANCED_FACE('',(#7396),#7414,.F.);
#7396 = FACE_BOUND('',#7397,.F.);
#7397 = EDGE_LOOP('',(#7398,#7399,#7400,#7408));
#7398 = ORIENTED_EDGE('',*,*,#2729,.F.);
#7399 = ORIENTED_EDGE('',*,*,#7385,.F.);
#7400 = ORIENTED_EDGE('',*,*,#7401,.T.);
#7401 = EDGE_CURVE('',#7378,#7402,#7404,.T.);
#7402 = VERTEX_POINT('',#7403);
#7403 = CARTESIAN_POINT('',(-9.786566966825,0.549734588459,10.6));
#7404 = LINE('',#7405,#7406);
#7405 = CARTESIAN_POINT('',(-11.9808400112,-2.407763862657,10.6));
#7406 = VECTOR('',#7407,1.);
#7407 = DIRECTION('',(0.595846924173,0.803098028234,7.297020284708E-17)
  );
#7408 = ORIENTED_EDGE('',*,*,#7409,.F.);
#7409 = EDGE_CURVE('',#2722,#7402,#7410,.T.);
#7410 = LINE('',#7411,#7412);
#7411 = CARTESIAN_POINT('',(-9.786566966825,0.549734588459,11.));
#7412 = VECTOR('',#7413,1.);
#7413 = DIRECTION('',(1.224646799147E-16,0.,-1.));
#7414 = PLANE('',#7415);
#7415 = AXIS2_PLACEMENT_3D('',#7416,#7417,#7418);
#7416 = CARTESIAN_POINT('',(-11.9808400112,-2.407763862657,11.));
#7417 = DIRECTION('',(0.803098028234,-0.595846924173,9.835114296781E-17)
  );
#7418 = DIRECTION('',(0.595846924173,0.803098028234,7.297020284708E-17)
  );
#7419 = ADVANCED_FACE('',(#7420),#7438,.F.);
#7420 = FACE_BOUND('',#7421,.F.);
#7421 = EDGE_LOOP('',(#7422,#7423,#7424,#7432));
#7422 = ORIENTED_EDGE('',*,*,#2721,.F.);
#7423 = ORIENTED_EDGE('',*,*,#7409,.T.);
#7424 = ORIENTED_EDGE('',*,*,#7425,.T.);
#7425 = EDGE_CURVE('',#7402,#7426,#7428,.T.);
#7426 = VERTEX_POINT('',#7427);
#7427 = CARTESIAN_POINT('',(-7.23420579985,2.251308699775,10.6));
#7428 = LINE('',#7429,#7430);
#7429 = CARTESIAN_POINT('',(-9.93420579985,0.451308699775,10.6));
#7430 = VECTOR('',#7431,1.);
#7431 = DIRECTION('',(0.832050294338,0.554700196225,1.01896772969E-16));
#7432 = ORIENTED_EDGE('',*,*,#7433,.F.);
#7433 = EDGE_CURVE('',#2713,#7426,#7434,.T.);
#7434 = LINE('',#7435,#7436);
#7435 = CARTESIAN_POINT('',(-7.23420579985,2.251308699775,11.));
#7436 = VECTOR('',#7437,1.);
#7437 = DIRECTION('',(1.224646799147E-16,0.,-1.));
#7438 = PLANE('',#7439);
#7439 = AXIS2_PLACEMENT_3D('',#7440,#7441,#7442);
#7440 = CARTESIAN_POINT('',(-9.93420579985,0.451308699775,11.));
#7441 = DIRECTION('',(0.554700196225,-0.832050294338,6.793118197936E-17)
  );
#7442 = DIRECTION('',(0.832050294338,0.554700196225,1.01896772969E-16));
#7443 = ADVANCED_FACE('',(#7444),#7463,.F.);
#7444 = FACE_BOUND('',#7445,.F.);
#7445 = EDGE_LOOP('',(#7446,#7455,#7461,#7462));
#7446 = ORIENTED_EDGE('',*,*,#7447,.F.);
#7447 = EDGE_CURVE('',#7448,#7426,#7450,.T.);
#7448 = VERTEX_POINT('',#7449);
#7449 = CARTESIAN_POINT('',(-8.36579420015,3.948691300225,10.6));
#7450 = CIRCLE('',#7451,1.02);
#7451 = AXIS2_PLACEMENT_3D('',#7452,#7453,#7454);
#7452 = CARTESIAN_POINT('',(-7.8,3.1,10.6));
#7453 = DIRECTION('',(1.224646799147E-16,0.,-1.));
#7454 = DIRECTION('',(-1.,0.,-1.224646799147E-16));
#7455 = ORIENTED_EDGE('',*,*,#7456,.F.);
#7456 = EDGE_CURVE('',#2705,#7448,#7457,.T.);
#7457 = LINE('',#7458,#7459);
#7458 = CARTESIAN_POINT('',(-8.36579420015,3.948691300225,11.));
#7459 = VECTOR('',#7460,1.);
#7460 = DIRECTION('',(1.224646799147E-16,0.,-1.));
#7461 = ORIENTED_EDGE('',*,*,#2712,.T.);
#7462 = ORIENTED_EDGE('',*,*,#7433,.T.);
#7463 = CYLINDRICAL_SURFACE('',#7464,1.02);
#7464 = AXIS2_PLACEMENT_3D('',#7465,#7466,#7467);
#7465 = CARTESIAN_POINT('',(-7.8,3.1,11.));
#7466 = DIRECTION('',(1.224646799147E-16,0.,-1.));
#7467 = DIRECTION('',(-1.,0.,-1.224646799147E-16));
#7468 = ADVANCED_FACE('',(#7469),#7487,.F.);
#7469 = FACE_BOUND('',#7470,.F.);
#7470 = EDGE_LOOP('',(#7471,#7472,#7480,#7486));
#7471 = ORIENTED_EDGE('',*,*,#7456,.T.);
#7472 = ORIENTED_EDGE('',*,*,#7473,.T.);
#7473 = EDGE_CURVE('',#7448,#7474,#7476,.T.);
#7474 = VERTEX_POINT('',#7475);
#7475 = CARTESIAN_POINT('',(-11.06579420015,2.148691300225,10.6));
#7476 = LINE('',#7477,#7478);
#7477 = CARTESIAN_POINT('',(-8.36579420015,3.948691300225,10.6));
#7478 = VECTOR('',#7479,1.);
#7479 = DIRECTION('',(-0.832050294338,-0.554700196225,-1.01896772969E-16
    ));
#7480 = ORIENTED_EDGE('',*,*,#7481,.F.);
#7481 = EDGE_CURVE('',#2696,#7474,#7482,.T.);
#7482 = LINE('',#7483,#7484);
#7483 = CARTESIAN_POINT('',(-11.06579420015,2.148691300225,11.));
#7484 = VECTOR('',#7485,1.);
#7485 = DIRECTION('',(1.224646799147E-16,0.,-1.));
#7486 = ORIENTED_EDGE('',*,*,#2704,.F.);
#7487 = PLANE('',#7488);
#7488 = AXIS2_PLACEMENT_3D('',#7489,#7490,#7491);
#7489 = CARTESIAN_POINT('',(-8.36579420015,3.948691300225,11.));
#7490 = DIRECTION('',(-0.554700196225,0.832050294338,-6.793118197936E-17
    ));
#7491 = DIRECTION('',(-0.832050294338,-0.554700196225,-1.01896772969E-16
    ));
#7492 = ADVANCED_FACE('',(#7493),#7512,.F.);
#7493 = FACE_BOUND('',#7494,.F.);
#7494 = EDGE_LOOP('',(#7495,#7504,#7510,#7511));
#7495 = ORIENTED_EDGE('',*,*,#7496,.F.);
#7496 = EDGE_CURVE('',#7497,#7474,#7499,.T.);
#7497 = VERTEX_POINT('',#7498);
#7498 = CARTESIAN_POINT('',(-11.31915998879,1.907763862657,10.6));
#7499 = CIRCLE('',#7500,1.02);
#7500 = AXIS2_PLACEMENT_3D('',#7501,#7502,#7503);
#7501 = CARTESIAN_POINT('',(-10.5,1.3,10.6));
#7502 = DIRECTION('',(1.224646799147E-16,0.,-1.));
#7503 = DIRECTION('',(-1.,0.,-1.224646799147E-16));
#7504 = ORIENTED_EDGE('',*,*,#7505,.F.);
#7505 = EDGE_CURVE('',#2688,#7497,#7506,.T.);
#7506 = LINE('',#7507,#7508);
#7507 = CARTESIAN_POINT('',(-11.31915998879,1.907763862657,11.));
#7508 = VECTOR('',#7509,1.);
#7509 = DIRECTION('',(1.224646799147E-16,0.,-1.));
#7510 = ORIENTED_EDGE('',*,*,#2695,.T.);
#7511 = ORIENTED_EDGE('',*,*,#7481,.T.);
#7512 = CYLINDRICAL_SURFACE('',#7513,1.02);
#7513 = AXIS2_PLACEMENT_3D('',#7514,#7515,#7516);
#7514 = CARTESIAN_POINT('',(-10.5,1.3,11.));
#7515 = DIRECTION('',(1.224646799147E-16,0.,-1.));
#7516 = DIRECTION('',(-1.,0.,-1.224646799147E-16));
#7517 = ADVANCED_FACE('',(#7518),#7536,.F.);
#7518 = FACE_BOUND('',#7519,.F.);
#7519 = EDGE_LOOP('',(#7520,#7521,#7522,#7530));
#7520 = ORIENTED_EDGE('',*,*,#2687,.F.);
#7521 = ORIENTED_EDGE('',*,*,#7505,.T.);
#7522 = ORIENTED_EDGE('',*,*,#7523,.T.);
#7523 = EDGE_CURVE('',#7497,#7524,#7526,.T.);
#7524 = VERTEX_POINT('',#7525);
#7525 = CARTESIAN_POINT('',(-13.43848604005,-0.948719075991,10.6));
#7526 = LINE('',#7527,#7528);
#7527 = CARTESIAN_POINT('',(-11.31915998879,1.907763862657,10.6));
#7528 = VECTOR('',#7529,1.);
#7529 = DIRECTION('',(-0.595846924173,-0.803098028234,
    -7.297020284708E-17));
#7530 = ORIENTED_EDGE('',*,*,#7531,.F.);
#7531 = EDGE_CURVE('',#2680,#7524,#7532,.T.);
#7532 = LINE('',#7533,#7534);
#7533 = CARTESIAN_POINT('',(-13.43848604005,-0.948719075991,11.));
#7534 = VECTOR('',#7535,1.);
#7535 = DIRECTION('',(1.224646799147E-16,0.,-1.));
#7536 = PLANE('',#7537);
#7537 = AXIS2_PLACEMENT_3D('',#7538,#7539,#7540);
#7538 = CARTESIAN_POINT('',(-11.31915998879,1.907763862657,11.));
#7539 = DIRECTION('',(-0.803098028234,0.595846924173,-9.835114296781E-17
    ));
#7540 = DIRECTION('',(-0.595846924173,-0.803098028234,
    -7.297020284708E-17));
#7541 = ADVANCED_FACE('',(#7542),#7560,.T.);
#7542 = FACE_BOUND('',#7543,.T.);
#7543 = EDGE_LOOP('',(#7544,#7545,#7553,#7559));
#7544 = ORIENTED_EDGE('',*,*,#2679,.F.);
#7545 = ORIENTED_EDGE('',*,*,#7546,.T.);
#7546 = EDGE_CURVE('',#2672,#7547,#7549,.T.);
#7547 = VERTEX_POINT('',#7548);
#7548 = CARTESIAN_POINT('',(-13.59812972464,-0.922150257308,10.6));
#7549 = LINE('',#7550,#7551);
#7550 = CARTESIAN_POINT('',(-13.59812972464,-0.922150257308,11.));
#7551 = VECTOR('',#7552,1.);
#7552 = DIRECTION('',(1.224646799147E-16,0.,-1.));
#7553 = ORIENTED_EDGE('',*,*,#7554,.T.);
#7554 = EDGE_CURVE('',#7547,#7524,#7555,.T.);
#7555 = LINE('',#7556,#7557);
#7556 = CARTESIAN_POINT('',(-13.59812972464,-0.922150257308,10.6));
#7557 = VECTOR('',#7558,1.);
#7558 = DIRECTION('',(0.986432435506,-0.164167750127,1.208031324718E-16)
  );
#7559 = ORIENTED_EDGE('',*,*,#7531,.F.);
#7560 = PLANE('',#7561);
#7561 = AXIS2_PLACEMENT_3D('',#7562,#7563,#7564);
#7562 = CARTESIAN_POINT('',(-13.59812972464,-0.922150257308,11.));
#7563 = DIRECTION('',(-0.164167750127,-0.986432435506,
    -2.010475097157E-17));
#7564 = DIRECTION('',(0.986432435506,-0.164167750127,1.208031324718E-16)
  );
#7565 = ADVANCED_FACE('',(#7566),#7584,.T.);
#7566 = FACE_BOUND('',#7567,.T.);
#7567 = EDGE_LOOP('',(#7568,#7576,#7582,#7583));
#7568 = ORIENTED_EDGE('',*,*,#7569,.T.);
#7569 = EDGE_CURVE('',#2664,#7570,#7572,.T.);
#7570 = VERTEX_POINT('',#7571);
#7571 = CARTESIAN_POINT('',(-14.,-0.9,10.6));
#7572 = LINE('',#7573,#7574);
#7573 = CARTESIAN_POINT('',(-14.,-0.9,11.));
#7574 = VECTOR('',#7575,1.);
#7575 = DIRECTION('',(1.224646799147E-16,0.,-1.));
#7576 = ORIENTED_EDGE('',*,*,#7577,.T.);
#7577 = EDGE_CURVE('',#7570,#7547,#7578,.T.);
#7578 = LINE('',#7579,#7580);
#7579 = CARTESIAN_POINT('',(-14.,-0.9,10.6));
#7580 = VECTOR('',#7581,1.);
#7581 = DIRECTION('',(0.998484459222,-5.503439554062E-02,
    1.222790796984E-16));
#7582 = ORIENTED_EDGE('',*,*,#7546,.F.);
#7583 = ORIENTED_EDGE('',*,*,#2671,.F.);
#7584 = PLANE('',#7585);
#7585 = AXIS2_PLACEMENT_3D('',#7586,#7587,#7588);
#7586 = CARTESIAN_POINT('',(-14.,-0.9,11.));
#7587 = DIRECTION('',(-5.503439554062E-02,-0.998484459222,
    -6.739769634183E-18));
#7588 = DIRECTION('',(0.998484459222,-5.503439554062E-02,
    1.222790796984E-16));
#7589 = ADVANCED_FACE('',(#7590),#7608,.T.);
#7590 = FACE_BOUND('',#7591,.T.);
#7591 = EDGE_LOOP('',(#7592,#7600,#7606,#7607));
#7592 = ORIENTED_EDGE('',*,*,#7593,.T.);
#7593 = EDGE_CURVE('',#2656,#7594,#7596,.T.);
#7594 = VERTEX_POINT('',#7595);
#7595 = CARTESIAN_POINT('',(-14.40187027535,-0.922150257308,10.6));
#7596 = LINE('',#7597,#7598);
#7597 = CARTESIAN_POINT('',(-14.40187027535,-0.922150257308,11.));
#7598 = VECTOR('',#7599,1.);
#7599 = DIRECTION('',(1.224646799147E-16,0.,-1.));
#7600 = ORIENTED_EDGE('',*,*,#7601,.T.);
#7601 = EDGE_CURVE('',#7594,#7570,#7602,.T.);
#7602 = LINE('',#7603,#7604);
#7603 = CARTESIAN_POINT('',(-14.40187027535,-0.922150257308,10.6));
#7604 = VECTOR('',#7605,1.);
#7605 = DIRECTION('',(0.998484459222,5.503439554062E-02,
    1.222790796984E-16));
#7606 = ORIENTED_EDGE('',*,*,#7569,.F.);
#7607 = ORIENTED_EDGE('',*,*,#2663,.F.);
#7608 = PLANE('',#7609);
#7609 = AXIS2_PLACEMENT_3D('',#7610,#7611,#7612);
#7610 = CARTESIAN_POINT('',(-14.40187027535,-0.922150257308,11.));
#7611 = DIRECTION('',(5.503439554062E-02,-0.998484459222,
    6.739769634183E-18));
#7612 = DIRECTION('',(0.998484459222,5.503439554062E-02,
    1.222790796984E-16));
#7613 = ADVANCED_FACE('',(#7614),#7632,.T.);
#7614 = FACE_BOUND('',#7615,.T.);
#7615 = EDGE_LOOP('',(#7616,#7624,#7630,#7631));
#7616 = ORIENTED_EDGE('',*,*,#7617,.T.);
#7617 = EDGE_CURVE('',#2648,#7618,#7620,.T.);
#7618 = VERTEX_POINT('',#7619);
#7619 = CARTESIAN_POINT('',(-14.79987032026,-0.988387710145,10.6));
#7620 = LINE('',#7621,#7622);
#7621 = CARTESIAN_POINT('',(-14.79987032026,-0.988387710145,11.));
#7622 = VECTOR('',#7623,1.);
#7623 = DIRECTION('',(1.224646799147E-16,0.,-1.));
#7624 = ORIENTED_EDGE('',*,*,#7625,.T.);
#7625 = EDGE_CURVE('',#7618,#7594,#7626,.T.);
#7626 = LINE('',#7627,#7628);
#7627 = CARTESIAN_POINT('',(-14.79987032026,-0.988387710145,10.6));
#7628 = VECTOR('',#7629,1.);
#7629 = DIRECTION('',(0.986432435506,0.164167750127,1.208031324718E-16)
  );
#7630 = ORIENTED_EDGE('',*,*,#7593,.F.);
#7631 = ORIENTED_EDGE('',*,*,#2655,.F.);
#7632 = PLANE('',#7633);
#7633 = AXIS2_PLACEMENT_3D('',#7634,#7635,#7636);
#7634 = CARTESIAN_POINT('',(-14.79987032026,-0.988387710145,11.));
#7635 = DIRECTION('',(0.164167750127,-0.986432435506,2.010475097157E-17)
  );
#7636 = DIRECTION('',(0.986432435506,0.164167750127,1.208031324718E-16)
  );
#7637 = ADVANCED_FACE('',(#7638),#7656,.T.);
#7638 = FACE_BOUND('',#7639,.T.);
#7639 = EDGE_LOOP('',(#7640,#7648,#7654,#7655));
#7640 = ORIENTED_EDGE('',*,*,#7641,.T.);
#7641 = EDGE_CURVE('',#2640,#7642,#7644,.T.);
#7642 = VERTEX_POINT('',#7643);
#7643 = CARTESIAN_POINT('',(-15.19016717674,-1.098074455632,10.6));
#7644 = LINE('',#7645,#7646);
#7645 = CARTESIAN_POINT('',(-15.19016717674,-1.098074455632,11.));
#7646 = VECTOR('',#7647,1.);
#7647 = DIRECTION('',(1.224646799147E-16,0.,-1.));
#7648 = ORIENTED_EDGE('',*,*,#7649,.T.);
#7649 = EDGE_CURVE('',#7642,#7618,#7650,.T.);
#7650 = LINE('',#7651,#7652);
#7651 = CARTESIAN_POINT('',(-15.19016717674,-1.098074455632,10.6));
#7652 = VECTOR('',#7653,1.);
#7653 = DIRECTION('',(0.962705080388,0.270553004409,1.17897369522E-16));
#7654 = ORIENTED_EDGE('',*,*,#7617,.F.);
#7655 = ORIENTED_EDGE('',*,*,#2647,.F.);
#7656 = PLANE('',#7657);
#7657 = AXIS2_PLACEMENT_3D('',#7658,#7659,#7660);
#7658 = CARTESIAN_POINT('',(-15.19016717674,-1.098074455632,11.));
#7659 = DIRECTION('',(0.270553004409,-0.962705080388,3.313318708492E-17)
  );
#7660 = DIRECTION('',(0.962705080388,0.270553004409,1.17897369522E-16));
#7661 = ADVANCED_FACE('',(#7662),#7680,.T.);
#7662 = FACE_BOUND('',#7663,.T.);
#7663 = EDGE_LOOP('',(#7664,#7672,#7678,#7679));
#7664 = ORIENTED_EDGE('',*,*,#7665,.T.);
#7665 = EDGE_CURVE('',#2632,#7666,#7668,.T.);
#7666 = VERTEX_POINT('',#7667);
#7667 = CARTESIAN_POINT('',(-15.56900207269,-1.250154150448,10.6));
#7668 = LINE('',#7669,#7670);
#7669 = CARTESIAN_POINT('',(-15.56900207269,-1.250154150448,11.));
#7670 = VECTOR('',#7671,1.);
#7671 = DIRECTION('',(1.224646799147E-16,0.,-1.));
#7672 = ORIENTED_EDGE('',*,*,#7673,.T.);
#7673 = EDGE_CURVE('',#7666,#7642,#7674,.T.);
#7674 = LINE('',#7675,#7676);
#7675 = CARTESIAN_POINT('',(-15.56900207269,-1.250154150448,10.6));
#7676 = VECTOR('',#7677,1.);
#7677 = DIRECTION('',(0.928014987268,0.372542861167,1.136490583718E-16)
  );
#7678 = ORIENTED_EDGE('',*,*,#7641,.F.);
#7679 = ORIENTED_EDGE('',*,*,#2639,.F.);
#7680 = PLANE('',#7681);
#7681 = AXIS2_PLACEMENT_3D('',#7682,#7683,#7684);
#7682 = CARTESIAN_POINT('',(-15.56900207269,-1.250154150448,11.));
#7683 = DIRECTION('',(0.372542861167,-0.928014987268,4.562334224737E-17)
  );
#7684 = DIRECTION('',(0.928014987268,0.372542861167,1.136490583718E-16)
  );
#7685 = ADVANCED_FACE('',(#7686),#7704,.T.);
#7686 = FACE_BOUND('',#7687,.T.);
#7687 = EDGE_LOOP('',(#7688,#7696,#7702,#7703));
#7688 = ORIENTED_EDGE('',*,*,#7689,.T.);
#7689 = EDGE_CURVE('',#2624,#7690,#7692,.T.);
#7690 = VERTEX_POINT('',#7691);
#7691 = CARTESIAN_POINT('',(-15.93272662098,-1.443162183998,10.6));
#7692 = LINE('',#7693,#7694);
#7693 = CARTESIAN_POINT('',(-15.93272662098,-1.443162183998,11.));
#7694 = VECTOR('',#7695,1.);
#7695 = DIRECTION('',(1.224646799147E-16,0.,-1.));
#7696 = ORIENTED_EDGE('',*,*,#7697,.T.);
#7697 = EDGE_CURVE('',#7690,#7666,#7698,.T.);
#7698 = LINE('',#7699,#7700);
#7699 = CARTESIAN_POINT('',(-15.93272662098,-1.443162183998,10.6));
#7700 = VECTOR('',#7701,1.);
#7701 = DIRECTION('',(0.883337623271,0.46873728603,1.081776592905E-16));
#7702 = ORIENTED_EDGE('',*,*,#7665,.F.);
#7703 = ORIENTED_EDGE('',*,*,#2631,.F.);
#7704 = PLANE('',#7705);
#7705 = AXIS2_PLACEMENT_3D('',#7706,#7707,#7708);
#7706 = CARTESIAN_POINT('',(-15.93272662098,-1.443162183998,11.));
#7707 = DIRECTION('',(0.46873728603,-0.883337623271,5.740376169774E-17)
  );
#7708 = DIRECTION('',(0.883337623271,0.46873728603,1.081776592905E-16));
#7709 = ADVANCED_FACE('',(#7710),#7728,.T.);
#7710 = FACE_BOUND('',#7711,.T.);
#7711 = EDGE_LOOP('',(#7712,#7720,#7726,#7727));
#7712 = ORIENTED_EDGE('',*,*,#7713,.T.);
#7713 = EDGE_CURVE('',#2616,#7714,#7716,.T.);
#7714 = VERTEX_POINT('',#7715);
#7715 = CARTESIAN_POINT('',(-16.27783795538,-1.675239783408,10.6));
#7716 = LINE('',#7717,#7718);
#7717 = CARTESIAN_POINT('',(-16.27783795538,-1.675239783408,11.));
#7718 = VECTOR('',#7719,1.);
#7719 = DIRECTION('',(1.224646799147E-16,0.,-1.));
#7720 = ORIENTED_EDGE('',*,*,#7721,.T.);
#7721 = EDGE_CURVE('',#7714,#7690,#7722,.T.);
#7722 = LINE('',#7723,#7724);
#7723 = CARTESIAN_POINT('',(-16.27783795538,-1.675239783408,10.6));
#7724 = VECTOR('',#7725,1.);
#7725 = DIRECTION('',(0.829820325068,0.558030669501,1.016236804962E-16)
  );
#7726 = ORIENTED_EDGE('',*,*,#7689,.F.);
#7727 = ORIENTED_EDGE('',*,*,#2623,.F.);
#7728 = PLANE('',#7729);
#7729 = AXIS2_PLACEMENT_3D('',#7730,#7731,#7732);
#7730 = CARTESIAN_POINT('',(-16.27783795538,-1.675239783408,11.));
#7731 = DIRECTION('',(0.558030669501,-0.829820325068,6.833904732302E-17)
  );
#7732 = DIRECTION('',(0.829820325068,0.558030669501,1.016236804962E-16)
  );
#7733 = ADVANCED_FACE('',(#7734),#7752,.T.);
#7734 = FACE_BOUND('',#7735,.T.);
#7735 = EDGE_LOOP('',(#7736,#7744,#7750,#7751));
#7736 = ORIENTED_EDGE('',*,*,#7737,.T.);
#7737 = EDGE_CURVE('',#2608,#7738,#7740,.T.);
#7738 = VERTEX_POINT('',#7739);
#7739 = CARTESIAN_POINT('',(-16.60101246507,-1.944151914531,10.6));
#7740 = LINE('',#7741,#7742);
#7741 = CARTESIAN_POINT('',(-16.60101246507,-1.944151914531,11.));
#7742 = VECTOR('',#7743,1.);
#7743 = DIRECTION('',(1.224646799147E-16,0.,-1.));
#7744 = ORIENTED_EDGE('',*,*,#7745,.T.);
#7745 = EDGE_CURVE('',#7738,#7714,#7746,.T.);
#7746 = LINE('',#7747,#7748);
#7747 = CARTESIAN_POINT('',(-16.60101246507,-1.944151914531,10.6));
#7748 = VECTOR('',#7749,1.);
#7749 = DIRECTION('',(0.768688940803,0.639622789062,9.413724508941E-17)
  );
#7750 = ORIENTED_EDGE('',*,*,#7713,.F.);
#7751 = ORIENTED_EDGE('',*,*,#2615,.F.);
#7752 = PLANE('',#7753);
#7753 = AXIS2_PLACEMENT_3D('',#7754,#7755,#7756);
#7754 = CARTESIAN_POINT('',(-16.60101246507,-1.944151914531,11.));
#7755 = DIRECTION('',(0.639622789062,-0.768688940803,7.833120012865E-17)
  );
#7756 = DIRECTION('',(0.768688940803,0.639622789062,9.413724508941E-17)
  );
#7757 = ADVANCED_FACE('',(#7758),#7776,.T.);
#7758 = FACE_BOUND('',#7759,.T.);
#7759 = EDGE_LOOP('',(#7760,#7768,#7774,#7775));
#7760 = ORIENTED_EDGE('',*,*,#7761,.T.);
#7761 = EDGE_CURVE('',#2600,#7762,#7764,.T.);
#7762 = VERTEX_POINT('',#7763);
#7763 = CARTESIAN_POINT('',(-16.89913780286,-2.247308806542,10.6));
#7764 = LINE('',#7765,#7766);
#7765 = CARTESIAN_POINT('',(-16.89913780286,-2.247308806542,11.));
#7766 = VECTOR('',#7767,1.);
#7767 = DIRECTION('',(1.224646799147E-16,0.,-1.));
#7768 = ORIENTED_EDGE('',*,*,#7769,.T.);
#7769 = EDGE_CURVE('',#7762,#7738,#7770,.T.);
#7770 = LINE('',#7771,#7772);
#7771 = CARTESIAN_POINT('',(-16.89913780286,-2.247308806542,10.6));
#7772 = VECTOR('',#7773,1.);
#7773 = DIRECTION('',(0.701165134008,0.712998916445,8.586796370363E-17)
  );
#7774 = ORIENTED_EDGE('',*,*,#7737,.F.);
#7775 = ORIENTED_EDGE('',*,*,#2607,.F.);
#7776 = PLANE('',#7777);
#7777 = AXIS2_PLACEMENT_3D('',#7778,#7779,#7780);
#7778 = CARTESIAN_POINT('',(-16.89913780286,-2.247308806542,11.));
#7779 = DIRECTION('',(0.712998916445,-0.701165134008,8.731718408201E-17)
  );
#7780 = DIRECTION('',(0.701165134008,0.712998916445,8.586796370363E-17)
  );
#7781 = ADVANCED_FACE('',(#7782),#7800,.T.);
#7782 = FACE_BOUND('',#7783,.T.);
#7783 = EDGE_LOOP('',(#7784,#7792,#7798,#7799));
#7784 = ORIENTED_EDGE('',*,*,#7785,.T.);
#7785 = EDGE_CURVE('',#2592,#7786,#7788,.T.);
#7786 = VERTEX_POINT('',#7787);
#7787 = CARTESIAN_POINT('',(-17.16934285878,-2.581790892847,10.6));
#7788 = LINE('',#7789,#7790);
#7789 = CARTESIAN_POINT('',(-17.16934285878,-2.581790892847,11.));
#7790 = VECTOR('',#7791,1.);
#7791 = DIRECTION('',(1.224646799147E-16,0.,-1.));
#7792 = ORIENTED_EDGE('',*,*,#7793,.T.);
#7793 = EDGE_CURVE('',#7786,#7762,#7794,.T.);
#7794 = LINE('',#7795,#7796);
#7795 = CARTESIAN_POINT('',(-17.16934285878,-2.581790892847,10.6));
#7796 = VECTOR('',#7797,1.);
#7797 = DIRECTION('',(0.628402478506,0.777888375673,7.695710838787E-17)
  );
#7798 = ORIENTED_EDGE('',*,*,#7761,.F.);
#7799 = ORIENTED_EDGE('',*,*,#2599,.F.);
#7800 = PLANE('',#7801);
#7801 = AXIS2_PLACEMENT_3D('',#7802,#7803,#7804);
#7802 = CARTESIAN_POINT('',(-17.16934285878,-2.581790892847,11.));
#7803 = DIRECTION('',(0.777888375673,-0.628402478506,9.526385093621E-17)
  );
#7804 = DIRECTION('',(0.628402478506,0.777888375673,7.695710838787E-17)
  );
#7805 = ADVANCED_FACE('',(#7806),#7824,.T.);
#7806 = FACE_BOUND('',#7807,.T.);
#7807 = EDGE_LOOP('',(#7808,#7816,#7822,#7823));
#7808 = ORIENTED_EDGE('',*,*,#7809,.T.);
#7809 = EDGE_CURVE('',#2584,#7810,#7812,.T.);
#7810 = VERTEX_POINT('',#7811);
#7811 = CARTESIAN_POINT('',(-17.40902541044,-2.94437692811,10.6));
#7812 = LINE('',#7813,#7814);
#7813 = CARTESIAN_POINT('',(-17.40902541044,-2.94437692811,11.));
#7814 = VECTOR('',#7815,1.);
#7815 = DIRECTION('',(1.224646799147E-16,0.,-1.));
#7816 = ORIENTED_EDGE('',*,*,#7817,.T.);
#7817 = EDGE_CURVE('',#7810,#7786,#7818,.T.);
#7818 = LINE('',#7819,#7820);
#7819 = CARTESIAN_POINT('',(-17.40902541044,-2.94437692811,10.6));
#7820 = VECTOR('',#7821,1.);
#7821 = DIRECTION('',(0.551444280533,0.834211727002,6.753244730632E-17)
  );
#7822 = ORIENTED_EDGE('',*,*,#7785,.F.);
#7823 = ORIENTED_EDGE('',*,*,#2591,.F.);
#7824 = PLANE('',#7825);
#7825 = AXIS2_PLACEMENT_3D('',#7826,#7827,#7828);
#7826 = CARTESIAN_POINT('',(-17.40902541044,-2.94437692811,11.));
#7827 = DIRECTION('',(0.834211727002,-0.551444280533,1.021614721284E-16)
  );
#7828 = DIRECTION('',(0.551444280533,0.834211727002,6.753244730632E-17)
  );
#7829 = ADVANCED_FACE('',(#7830),#7848,.T.);
#7830 = FACE_BOUND('',#7831,.T.);
#7831 = EDGE_LOOP('',(#7832,#7840,#7846,#7847));
#7832 = ORIENTED_EDGE('',*,*,#7833,.T.);
#7833 = EDGE_CURVE('',#2576,#7834,#7836,.T.);
#7834 = VERTEX_POINT('',#7835);
#7835 = CARTESIAN_POINT('',(-17.61587718382,-3.3315750106,10.6));
#7836 = LINE('',#7837,#7838);
#7837 = CARTESIAN_POINT('',(-17.61587718382,-3.3315750106,11.));
#7838 = VECTOR('',#7839,1.);
#7839 = DIRECTION('',(1.224646799147E-16,0.,-1.));
#7840 = ORIENTED_EDGE('',*,*,#7841,.T.);
#7841 = EDGE_CURVE('',#7834,#7810,#7842,.T.);
#7842 = LINE('',#7843,#7844);
#7843 = CARTESIAN_POINT('',(-17.61587718382,-3.3315750106,10.6));
#7844 = VECTOR('',#7845,1.);
#7845 = DIRECTION('',(0.471201983787,0.882025334373,5.770560011964E-17)
  );
#7846 = ORIENTED_EDGE('',*,*,#7809,.F.);
#7847 = ORIENTED_EDGE('',*,*,#2583,.F.);
#7848 = PLANE('',#7849);
#7849 = AXIS2_PLACEMENT_3D('',#7850,#7851,#7852);
#7850 = CARTESIAN_POINT('',(-17.61587718382,-3.3315750106,11.));
#7851 = DIRECTION('',(0.882025334373,-0.471201983787,1.080169502506E-16)
  );
#7852 = DIRECTION('',(0.471201983787,0.882025334373,5.770560011964E-17)
  );
#7853 = ADVANCED_FACE('',(#7854),#7872,.T.);
#7854 = FACE_BOUND('',#7855,.T.);
#7855 = EDGE_LOOP('',(#7856,#7864,#7870,#7871));
#7856 = ORIENTED_EDGE('',*,*,#7857,.T.);
#7857 = EDGE_CURVE('',#2568,#7858,#7860,.T.);
#7858 = VERTEX_POINT('',#7859);
#7859 = CARTESIAN_POINT('',(-17.78790608329,-3.739656211121,10.6));
#7860 = LINE('',#7861,#7862);
#7861 = CARTESIAN_POINT('',(-17.78790608329,-3.739656211121,11.));
#7862 = VECTOR('',#7863,1.);
#7863 = DIRECTION('',(1.224646799147E-16,0.,-1.));
#7864 = ORIENTED_EDGE('',*,*,#7865,.T.);
#7865 = EDGE_CURVE('',#7858,#7834,#7866,.T.);
#7866 = LINE('',#7867,#7868);
#7867 = CARTESIAN_POINT('',(-17.78790608329,-3.739656211121,10.6));
#7868 = VECTOR('',#7869,1.);
#7869 = DIRECTION('',(0.388450611171,0.921469545173,4.757147975972E-17)
  );
#7870 = ORIENTED_EDGE('',*,*,#7833,.F.);
#7871 = ORIENTED_EDGE('',*,*,#2575,.F.);
#7872 = PLANE('',#7873);
#7873 = AXIS2_PLACEMENT_3D('',#7874,#7875,#7876);
#7874 = CARTESIAN_POINT('',(-17.78790608329,-3.739656211121,11.));
#7875 = DIRECTION('',(0.921469545173,-0.388450611171,1.128474729008E-16)
  );
#7876 = DIRECTION('',(0.388450611171,0.921469545173,4.757147975972E-17)
  );
#7877 = ADVANCED_FACE('',(#7878),#7896,.T.);
#7878 = FACE_BOUND('',#7879,.T.);
#7879 = EDGE_LOOP('',(#7880,#7888,#7894,#7895));
#7880 = ORIENTED_EDGE('',*,*,#7881,.T.);
#7881 = EDGE_CURVE('',#2560,#7882,#7884,.T.);
#7882 = VERTEX_POINT('',#7883);
#7883 = CARTESIAN_POINT('',(-17.9234553765,-4.164690484629,10.6));
#7884 = LINE('',#7885,#7886);
#7885 = CARTESIAN_POINT('',(-17.9234553765,-4.164690484629,11.));
#7886 = VECTOR('',#7887,1.);
#7887 = DIRECTION('',(1.224646799147E-16,0.,-1.));
#7888 = ORIENTED_EDGE('',*,*,#7889,.T.);
#7889 = EDGE_CURVE('',#7882,#7858,#7890,.T.);
#7890 = LINE('',#7891,#7892);
#7891 = CARTESIAN_POINT('',(-17.9234553765,-4.164690484629,10.6));
#7892 = VECTOR('',#7893,1.);
#7893 = DIRECTION('',(0.303836851223,0.952724077495,3.720928273127E-17)
  );
#7894 = ORIENTED_EDGE('',*,*,#7857,.F.);
#7895 = ORIENTED_EDGE('',*,*,#2567,.F.);
#7896 = PLANE('',#7897);
#7897 = AXIS2_PLACEMENT_3D('',#7898,#7899,#7900);
#7898 = CARTESIAN_POINT('',(-17.9234553765,-4.164690484629,11.));
#7899 = DIRECTION('',(0.952724077495,-0.303836851223,1.166750491975E-16)
  );
#7900 = DIRECTION('',(0.303836851223,0.952724077495,3.720928273127E-17)
  );
#7901 = ADVANCED_FACE('',(#7902),#7920,.T.);
#7902 = FACE_BOUND('',#7903,.T.);
#7903 = EDGE_LOOP('',(#7904,#7912,#7918,#7919));
#7904 = ORIENTED_EDGE('',*,*,#7905,.T.);
#7905 = EDGE_CURVE('',#2552,#7906,#7908,.T.);
#7906 = VERTEX_POINT('',#7907);
#7907 = CARTESIAN_POINT('',(-18.02121964965,-4.602584518726,10.6));
#7908 = LINE('',#7909,#7910);
#7909 = CARTESIAN_POINT('',(-18.02121964965,-4.602584518726,11.));
#7910 = VECTOR('',#7911,1.);
#7911 = DIRECTION('',(1.224646799147E-16,0.,-1.));
#7912 = ORIENTED_EDGE('',*,*,#7913,.T.);
#7913 = EDGE_CURVE('',#7906,#7882,#7914,.T.);
#7914 = LINE('',#7915,#7916);
#7915 = CARTESIAN_POINT('',(-18.02121964965,-4.602584518726,10.6));
#7916 = VECTOR('',#7917,1.);
#7917 = DIRECTION('',(0.217895639263,0.975972074596,2.668451971711E-17)
  );
#7918 = ORIENTED_EDGE('',*,*,#7881,.F.);
#7919 = ORIENTED_EDGE('',*,*,#2559,.F.);
#7920 = PLANE('',#7921);
#7921 = AXIS2_PLACEMENT_3D('',#7922,#7923,#7924);
#7922 = CARTESIAN_POINT('',(-18.02121964965,-4.602584518726,11.));
#7923 = DIRECTION('',(0.975972074596,-0.217895639263,1.195221077211E-16)
  );
#7924 = DIRECTION('',(0.217895639263,0.975972074596,2.668451971711E-17)
  );
#7925 = ADVANCED_FACE('',(#7926),#7944,.T.);
#7926 = FACE_BOUND('',#7927,.T.);
#7927 = EDGE_LOOP('',(#7928,#7936,#7942,#7943));
#7928 = ORIENTED_EDGE('',*,*,#7929,.T.);
#7929 = EDGE_CURVE('',#2544,#7930,#7932,.T.);
#7930 = VERTEX_POINT('',#7931);
#7931 = CARTESIAN_POINT('',(-18.08025737935,-5.049121154484,10.6));
#7932 = LINE('',#7933,#7934);
#7933 = CARTESIAN_POINT('',(-18.08025737935,-5.049121154484,11.));
#7934 = VECTOR('',#7935,1.);
#7935 = DIRECTION('',(1.224646799147E-16,0.,-1.));
#7936 = ORIENTED_EDGE('',*,*,#7937,.T.);
#7937 = EDGE_CURVE('',#7930,#7906,#7938,.T.);
#7938 = LINE('',#7939,#7940);
#7939 = CARTESIAN_POINT('',(-18.08025737935,-5.049121154484,10.6));
#7940 = VECTOR('',#7941,1.);
#7941 = DIRECTION('',(0.131071895504,0.991372865379,1.605167772873E-17)
  );
#7942 = ORIENTED_EDGE('',*,*,#7905,.F.);
#7943 = ORIENTED_EDGE('',*,*,#2551,.F.);
#7944 = PLANE('',#7945);
#7945 = AXIS2_PLACEMENT_3D('',#7946,#7947,#7948);
#7946 = CARTESIAN_POINT('',(-18.08025737935,-5.049121154484,11.));
#7947 = DIRECTION('',(0.991372865379,-0.131071895504,1.214081606347E-16)
  );
#7948 = DIRECTION('',(0.131071895504,0.991372865379,1.605167772873E-17)
  );
#7949 = ADVANCED_FACE('',(#7950),#7968,.T.);
#7950 = FACE_BOUND('',#7951,.T.);
#7951 = EDGE_LOOP('',(#7952,#7960,#7966,#7967));
#7952 = ORIENTED_EDGE('',*,*,#7953,.T.);
#7953 = EDGE_CURVE('',#2536,#7954,#7956,.T.);
#7954 = VERTEX_POINT('',#7955);
#7955 = CARTESIAN_POINT('',(-18.1,-5.5,10.6));
#7956 = LINE('',#7957,#7958);
#7957 = CARTESIAN_POINT('',(-18.1,-5.5,11.));
#7958 = VECTOR('',#7959,1.);
#7959 = DIRECTION('',(1.224646799147E-16,0.,-1.));
#7960 = ORIENTED_EDGE('',*,*,#7961,.T.);
#7961 = EDGE_CURVE('',#7954,#7930,#7962,.T.);
#7962 = LINE('',#7963,#7964);
#7963 = CARTESIAN_POINT('',(-18.1,-5.5,10.6));
#7964 = VECTOR('',#7965,1.);
#7965 = DIRECTION('',(4.374505869416E-02,0.999042726734,
    5.357224610831E-18));
#7966 = ORIENTED_EDGE('',*,*,#7929,.F.);
#7967 = ORIENTED_EDGE('',*,*,#2543,.F.);
#7968 = PLANE('',#7969);
#7969 = AXIS2_PLACEMENT_3D('',#7970,#7971,#7972);
#7970 = CARTESIAN_POINT('',(-18.1,-5.5,11.));
#7971 = DIRECTION('',(0.999042726734,-4.374505869416E-02,
    1.223474477506E-16));
#7972 = DIRECTION('',(4.374505869416E-02,0.999042726734,
    5.357224610831E-18));
#7973 = ADVANCED_FACE('',(#7974),#7992,.T.);
#7974 = FACE_BOUND('',#7975,.T.);
#7975 = EDGE_LOOP('',(#7976,#7984,#7990,#7991));
#7976 = ORIENTED_EDGE('',*,*,#7977,.T.);
#7977 = EDGE_CURVE('',#2528,#7978,#7980,.T.);
#7978 = VERTEX_POINT('',#7979);
#7979 = CARTESIAN_POINT('',(-18.08025737935,-5.950878845516,10.6));
#7980 = LINE('',#7981,#7982);
#7981 = CARTESIAN_POINT('',(-18.08025737935,-5.950878845516,11.));
#7982 = VECTOR('',#7983,1.);
#7983 = DIRECTION('',(1.224646799147E-16,0.,-1.));
#7984 = ORIENTED_EDGE('',*,*,#7985,.T.);
#7985 = EDGE_CURVE('',#7978,#7954,#7986,.T.);
#7986 = LINE('',#7987,#7988);
#7987 = CARTESIAN_POINT('',(-18.08025737935,-5.950878845516,10.6));
#7988 = VECTOR('',#7989,1.);
#7989 = DIRECTION('',(-4.374505869416E-02,0.999042726734,
    -5.357224610831E-18));
#7990 = ORIENTED_EDGE('',*,*,#7953,.F.);
#7991 = ORIENTED_EDGE('',*,*,#2535,.F.);
#7992 = PLANE('',#7993);
#7993 = AXIS2_PLACEMENT_3D('',#7994,#7995,#7996);
#7994 = CARTESIAN_POINT('',(-18.08025737935,-5.950878845516,11.));
#7995 = DIRECTION('',(0.999042726734,4.374505869416E-02,
    1.223474477506E-16));
#7996 = DIRECTION('',(-4.374505869416E-02,0.999042726734,
    -5.357224610831E-18));
#7997 = ADVANCED_FACE('',(#7998),#8016,.T.);
#7998 = FACE_BOUND('',#7999,.T.);
#7999 = EDGE_LOOP('',(#8000,#8008,#8014,#8015));
#8000 = ORIENTED_EDGE('',*,*,#8001,.T.);
#8001 = EDGE_CURVE('',#2520,#8002,#8004,.T.);
#8002 = VERTEX_POINT('',#8003);
#8003 = CARTESIAN_POINT('',(-18.02121964965,-6.397415481274,10.6));
#8004 = LINE('',#8005,#8006);
#8005 = CARTESIAN_POINT('',(-18.02121964965,-6.397415481274,11.));
#8006 = VECTOR('',#8007,1.);
#8007 = DIRECTION('',(1.224646799147E-16,0.,-1.));
#8008 = ORIENTED_EDGE('',*,*,#8009,.T.);
#8009 = EDGE_CURVE('',#8002,#7978,#8010,.T.);
#8010 = LINE('',#8011,#8012);
#8011 = CARTESIAN_POINT('',(-18.02121964965,-6.397415481274,10.6));
#8012 = VECTOR('',#8013,1.);
#8013 = DIRECTION('',(-0.131071895504,0.991372865379,-1.605167772873E-17
    ));
#8014 = ORIENTED_EDGE('',*,*,#7977,.F.);
#8015 = ORIENTED_EDGE('',*,*,#2527,.F.);
#8016 = PLANE('',#8017);
#8017 = AXIS2_PLACEMENT_3D('',#8018,#8019,#8020);
#8018 = CARTESIAN_POINT('',(-18.02121964965,-6.397415481274,11.));
#8019 = DIRECTION('',(0.991372865379,0.131071895504,1.214081606347E-16)
  );
#8020 = DIRECTION('',(-0.131071895504,0.991372865379,-1.605167772873E-17
    ));
#8021 = ADVANCED_FACE('',(#8022),#8040,.T.);
#8022 = FACE_BOUND('',#8023,.T.);
#8023 = EDGE_LOOP('',(#8024,#8032,#8038,#8039));
#8024 = ORIENTED_EDGE('',*,*,#8025,.T.);
#8025 = EDGE_CURVE('',#2512,#8026,#8028,.T.);
#8026 = VERTEX_POINT('',#8027);
#8027 = CARTESIAN_POINT('',(-17.9234553765,-6.835309515371,10.6));
#8028 = LINE('',#8029,#8030);
#8029 = CARTESIAN_POINT('',(-17.9234553765,-6.835309515371,11.));
#8030 = VECTOR('',#8031,1.);
#8031 = DIRECTION('',(1.224646799147E-16,0.,-1.));
#8032 = ORIENTED_EDGE('',*,*,#8033,.T.);
#8033 = EDGE_CURVE('',#8026,#8002,#8034,.T.);
#8034 = LINE('',#8035,#8036);
#8035 = CARTESIAN_POINT('',(-17.9234553765,-6.835309515371,10.6));
#8036 = VECTOR('',#8037,1.);
#8037 = DIRECTION('',(-0.217895639263,0.975972074596,-2.668451971711E-17
    ));
#8038 = ORIENTED_EDGE('',*,*,#8001,.F.);
#8039 = ORIENTED_EDGE('',*,*,#2519,.F.);
#8040 = PLANE('',#8041);
#8041 = AXIS2_PLACEMENT_3D('',#8042,#8043,#8044);
#8042 = CARTESIAN_POINT('',(-17.9234553765,-6.835309515371,11.));
#8043 = DIRECTION('',(0.975972074596,0.217895639263,1.195221077211E-16)
  );
#8044 = DIRECTION('',(-0.217895639263,0.975972074596,-2.668451971711E-17
    ));
#8045 = ADVANCED_FACE('',(#8046),#8064,.T.);
#8046 = FACE_BOUND('',#8047,.T.);
#8047 = EDGE_LOOP('',(#8048,#8056,#8062,#8063));
#8048 = ORIENTED_EDGE('',*,*,#8049,.T.);
#8049 = EDGE_CURVE('',#2504,#8050,#8052,.T.);
#8050 = VERTEX_POINT('',#8051);
#8051 = CARTESIAN_POINT('',(-17.78790608329,-7.260343788879,10.6));
#8052 = LINE('',#8053,#8054);
#8053 = CARTESIAN_POINT('',(-17.78790608329,-7.260343788879,11.));
#8054 = VECTOR('',#8055,1.);
#8055 = DIRECTION('',(1.224646799147E-16,0.,-1.));
#8056 = ORIENTED_EDGE('',*,*,#8057,.T.);
#8057 = EDGE_CURVE('',#8050,#8026,#8058,.T.);
#8058 = LINE('',#8059,#8060);
#8059 = CARTESIAN_POINT('',(-17.78790608329,-7.260343788879,10.6));
#8060 = VECTOR('',#8061,1.);
#8061 = DIRECTION('',(-0.303836851223,0.952724077495,-3.720928273127E-17
    ));
#8062 = ORIENTED_EDGE('',*,*,#8025,.F.);
#8063 = ORIENTED_EDGE('',*,*,#2511,.F.);
#8064 = PLANE('',#8065);
#8065 = AXIS2_PLACEMENT_3D('',#8066,#8067,#8068);
#8066 = CARTESIAN_POINT('',(-17.78790608329,-7.260343788879,11.));
#8067 = DIRECTION('',(0.952724077495,0.303836851223,1.166750491975E-16)
  );
#8068 = DIRECTION('',(-0.303836851223,0.952724077495,-3.720928273127E-17
    ));
#8069 = ADVANCED_FACE('',(#8070),#8088,.T.);
#8070 = FACE_BOUND('',#8071,.T.);
#8071 = EDGE_LOOP('',(#8072,#8080,#8086,#8087));
#8072 = ORIENTED_EDGE('',*,*,#8073,.T.);
#8073 = EDGE_CURVE('',#2496,#8074,#8076,.T.);
#8074 = VERTEX_POINT('',#8075);
#8075 = CARTESIAN_POINT('',(-17.61587718382,-7.6684249894,10.6));
#8076 = LINE('',#8077,#8078);
#8077 = CARTESIAN_POINT('',(-17.61587718382,-7.6684249894,11.));
#8078 = VECTOR('',#8079,1.);
#8079 = DIRECTION('',(1.224646799147E-16,0.,-1.));
#8080 = ORIENTED_EDGE('',*,*,#8081,.T.);
#8081 = EDGE_CURVE('',#8074,#8050,#8082,.T.);
#8082 = LINE('',#8083,#8084);
#8083 = CARTESIAN_POINT('',(-17.61587718382,-7.6684249894,10.6));
#8084 = VECTOR('',#8085,1.);
#8085 = DIRECTION('',(-0.388450611171,0.921469545173,-4.757147975972E-17
    ));
#8086 = ORIENTED_EDGE('',*,*,#8049,.F.);
#8087 = ORIENTED_EDGE('',*,*,#2503,.F.);
#8088 = PLANE('',#8089);
#8089 = AXIS2_PLACEMENT_3D('',#8090,#8091,#8092);
#8090 = CARTESIAN_POINT('',(-17.61587718382,-7.6684249894,11.));
#8091 = DIRECTION('',(0.921469545173,0.388450611171,1.128474729008E-16)
  );
#8092 = DIRECTION('',(-0.388450611171,0.921469545173,-4.757147975972E-17
    ));
#8093 = ADVANCED_FACE('',(#8094),#8123,.T.);
#8094 = FACE_BOUND('',#8095,.T.);
#8095 = EDGE_LOOP('',(#8096,#8107,#8115,#8121,#8122));
#8096 = ORIENTED_EDGE('',*,*,#8097,.F.);
#8097 = EDGE_CURVE('',#8098,#2487,#8100,.T.);
#8098 = VERTEX_POINT('',#8099);
#8099 = CARTESIAN_POINT('',(-17.40902541044,-8.05562307189,
    10.987426159626));
#8100 = B_SPLINE_CURVE_WITH_KNOTS('',5,(#8101,#8102,#8103,#8104,#8105,
    #8106),.UNSPECIFIED.,.F.,.F.,(6,6),(0.,1.),
  .PIECEWISE_BEZIER_KNOTS.);
#8101 = CARTESIAN_POINT('',(-17.3883402331,-8.094342880139,
    10.976216306433));
#8102 = CARTESIAN_POINT('',(-17.40323110069,-8.066469223145,
    10.985671443336));
#8103 = CARTESIAN_POINT('',(-17.41854542576,-8.03780291198,
    10.992825055992));
#8104 = CARTESIAN_POINT('',(-17.43415636172,-8.008581386012,
    10.997610500708));
#8105 = CARTESIAN_POINT('',(-17.44993299527,-7.979049696919,11.));
#8106 = CARTESIAN_POINT('',(-17.46574444784,-7.949452831416,11.));
#8107 = ORIENTED_EDGE('',*,*,#8108,.T.);
#8108 = EDGE_CURVE('',#8098,#8109,#8111,.T.);
#8109 = VERTEX_POINT('',#8110);
#8110 = CARTESIAN_POINT('',(-17.40902541044,-8.05562307189,10.6));
#8111 = LINE('',#8112,#8113);
#8112 = CARTESIAN_POINT('',(-17.40902541044,-8.05562307189,11.));
#8113 = VECTOR('',#8114,1.);
#8114 = DIRECTION('',(1.224646799147E-16,0.,-1.));
#8115 = ORIENTED_EDGE('',*,*,#8116,.T.);
#8116 = EDGE_CURVE('',#8109,#8074,#8117,.T.);
#8117 = LINE('',#8118,#8119);
#8118 = CARTESIAN_POINT('',(-17.40902541044,-8.05562307189,10.6));
#8119 = VECTOR('',#8120,1.);
#8120 = DIRECTION('',(-0.471201983787,0.882025334373,-5.770560011963E-17
    ));
#8121 = ORIENTED_EDGE('',*,*,#8073,.F.);
#8122 = ORIENTED_EDGE('',*,*,#2495,.F.);
#8123 = PLANE('',#8124);
#8124 = AXIS2_PLACEMENT_3D('',#8125,#8126,#8127);
#8125 = CARTESIAN_POINT('',(-17.40902541044,-8.05562307189,11.));
#8126 = DIRECTION('',(0.882025334373,0.471201983787,1.080169502507E-16)
  );
#8127 = DIRECTION('',(-0.471201983787,0.882025334373,-5.770560011963E-17
    ));
#8128 = ADVANCED_FACE('',(#8129),#8162,.T.);
#8129 = FACE_BOUND('',#8130,.F.);
#8130 = EDGE_LOOP('',(#8131,#8132,#8139,#8140,#8141,#8142));
#8131 = ORIENTED_EDGE('',*,*,#6354,.T.);
#8132 = ORIENTED_EDGE('',*,*,#8133,.T.);
#8133 = EDGE_CURVE('',#6346,#5021,#8134,.T.);
#8134 = CIRCLE('',#8135,4.4);
#8135 = AXIS2_PLACEMENT_3D('',#8136,#8137,#8138);
#8136 = CARTESIAN_POINT('',(-17.4,-4.,10.55));
#8137 = DIRECTION('',(1.224646799147E-16,0.,-1.));
#8138 = DIRECTION('',(-1.,0.,-1.224646799147E-16));
#8139 = ORIENTED_EDGE('',*,*,#5020,.T.);
#8140 = ORIENTED_EDGE('',*,*,#2486,.F.);
#8141 = ORIENTED_EDGE('',*,*,#8097,.F.);
#8142 = ORIENTED_EDGE('',*,*,#8143,.F.);
#8143 = EDGE_CURVE('',#6355,#8098,#8144,.T.);
#8144 = B_SPLINE_CURVE_WITH_KNOTS('',6,(#8145,#8146,#8147,#8148,#8149,
    #8150,#8151,#8152,#8153,#8154,#8155,#8156,#8157,#8158,#8159,#8160,
    #8161),.UNSPECIFIED.,.F.,.F.,(7,5,5,7),(0.,0.494467036806,
    0.964701735217,1.),.UNSPECIFIED.);
#8145 = CARTESIAN_POINT('',(-17.18492994593,-8.394629334275,10.56));
#8146 = CARTESIAN_POINT('',(-17.18567808695,-8.393497564417,
    10.612501416096));
#8147 = CARTESIAN_POINT('',(-17.1911397386,-8.385235308354,
    10.664840384591));
#8148 = CARTESIAN_POINT('',(-17.20129730741,-8.369869181046,
    10.715621831199));
#8149 = CARTESIAN_POINT('',(-17.21589774353,-8.347781990253,
    10.763511882891));
#8150 = CARTESIAN_POINT('',(-17.23451015339,-8.31962558149,
    10.807375096159));
#8151 = CARTESIAN_POINT('',(-17.27754774866,-8.254519336047,
    10.883382676951));
#8152 = CARTESIAN_POINT('',(-17.30164926816,-8.218059133419,
    10.916006505349));
#8153 = CARTESIAN_POINT('',(-17.3283986378,-8.177593326402,
    10.943458521857));
#8154 = CARTESIAN_POINT('',(-17.3572373279,-8.133966845317,
    10.965228591102));
#8155 = CARTESIAN_POINT('',(-17.38758282972,-8.088060895475,
    10.981026892893));
#8156 = CARTESIAN_POINT('',(-17.42118871302,-8.037222718466,
    10.991469896794));
#8157 = CARTESIAN_POINT('',(-17.42354036315,-8.033665198365,
    10.992164786223));
#8158 = CARTESIAN_POINT('',(-17.42589693406,-8.030100234211,
    10.992825349303));
#8159 = CARTESIAN_POINT('',(-17.4282581798,-8.0265281981,10.99345154449)
  );
#8160 = CARTESIAN_POINT('',(-17.43062384513,-8.022949476122,
    10.994043333593));
#8161 = CARTESIAN_POINT('',(-17.4329936656,-8.019364468364,
    10.994600681766));
#8162 = TOROIDAL_SURFACE('',#8163,3.95,0.45);
#8163 = AXIS2_PLACEMENT_3D('',#8164,#8165,#8166);
#8164 = CARTESIAN_POINT('',(-17.4,-4.,10.55));
#8165 = DIRECTION('',(-1.224646799147E-16,-0.,1.));
#8166 = DIRECTION('',(-1.,0.,-1.224646799147E-16));
#8167 = ADVANCED_FACE('',(#8168),#8187,.F.);
#8168 = FACE_BOUND('',#8169,.F.);
#8169 = EDGE_LOOP('',(#8170,#8178,#8185,#8186));
#8170 = ORIENTED_EDGE('',*,*,#8171,.T.);
#8171 = EDGE_CURVE('',#3706,#8172,#8174,.T.);
#8172 = VERTEX_POINT('',#8173);
#8173 = CARTESIAN_POINT('',(-18.15,-14.,8.6));
#8174 = LINE('',#8175,#8176);
#8175 = CARTESIAN_POINT('',(-18.15,-14.,11.1));
#8176 = VECTOR('',#8177,1.);
#8177 = DIRECTION('',(1.224646799147E-16,0.,-1.));
#8178 = ORIENTED_EDGE('',*,*,#8179,.F.);
#8179 = EDGE_CURVE('',#8172,#8172,#8180,.T.);
#8180 = CIRCLE('',#8181,3.15);
#8181 = AXIS2_PLACEMENT_3D('',#8182,#8183,#8184);
#8182 = CARTESIAN_POINT('',(-15.,-14.,8.6));
#8183 = DIRECTION('',(1.224646799147E-16,0.,-1.));
#8184 = DIRECTION('',(-1.,0.,-1.224646799147E-16));
#8185 = ORIENTED_EDGE('',*,*,#8171,.F.);
#8186 = ORIENTED_EDGE('',*,*,#3705,.T.);
#8187 = CYLINDRICAL_SURFACE('',#8188,3.15);
#8188 = AXIS2_PLACEMENT_3D('',#8189,#8190,#8191);
#8189 = CARTESIAN_POINT('',(-15.,-14.,11.1));
#8190 = DIRECTION('',(1.224646799147E-16,0.,-1.));
#8191 = DIRECTION('',(-1.,0.,-1.224646799147E-16));
#8192 = ADVANCED_FACE('',(#8193),#8212,.F.);
#8193 = FACE_BOUND('',#8194,.F.);
#8194 = EDGE_LOOP('',(#8195,#8203,#8210,#8211));
#8195 = ORIENTED_EDGE('',*,*,#8196,.T.);
#8196 = EDGE_CURVE('',#3717,#8197,#8199,.T.);
#8197 = VERTEX_POINT('',#8198);
#8198 = CARTESIAN_POINT('',(11.85,-14.,8.6));
#8199 = LINE('',#8200,#8201);
#8200 = CARTESIAN_POINT('',(11.85,-14.,11.1));
#8201 = VECTOR('',#8202,1.);
#8202 = DIRECTION('',(1.224646799147E-16,0.,-1.));
#8203 = ORIENTED_EDGE('',*,*,#8204,.F.);
#8204 = EDGE_CURVE('',#8197,#8197,#8205,.T.);
#8205 = CIRCLE('',#8206,3.15);
#8206 = AXIS2_PLACEMENT_3D('',#8207,#8208,#8209);
#8207 = CARTESIAN_POINT('',(15.,-14.,8.6));
#8208 = DIRECTION('',(1.224646799147E-16,0.,-1.));
#8209 = DIRECTION('',(-1.,0.,-1.224646799147E-16));
#8210 = ORIENTED_EDGE('',*,*,#8196,.F.);
#8211 = ORIENTED_EDGE('',*,*,#3716,.T.);
#8212 = CYLINDRICAL_SURFACE('',#8213,3.15);
#8213 = AXIS2_PLACEMENT_3D('',#8214,#8215,#8216);
#8214 = CARTESIAN_POINT('',(15.,-14.,11.1));
#8215 = DIRECTION('',(1.224646799147E-16,0.,-1.));
#8216 = DIRECTION('',(-1.,0.,-1.224646799147E-16));
#8217 = ADVANCED_FACE('',(#8218),#8243,.T.);
#8218 = FACE_BOUND('',#8219,.T.);
#8219 = EDGE_LOOP('',(#8220,#8221,#8229,#8237));
#8220 = ORIENTED_EDGE('',*,*,#3727,.F.);
#8221 = ORIENTED_EDGE('',*,*,#8222,.T.);
#8222 = EDGE_CURVE('',#3728,#8223,#8225,.T.);
#8223 = VERTEX_POINT('',#8224);
#8224 = CARTESIAN_POINT('',(-7.33868410768,5.715750293044,9.8));
#8225 = LINE('',#8226,#8227);
#8226 = CARTESIAN_POINT('',(-7.33868410768,5.715750293044,11.1));
#8227 = VECTOR('',#8228,1.);
#8228 = DIRECTION('',(1.224646799147E-16,0.,-1.));
#8229 = ORIENTED_EDGE('',*,*,#8230,.F.);
#8230 = EDGE_CURVE('',#8231,#8223,#8233,.T.);
#8231 = VERTEX_POINT('',#8232);
#8232 = CARTESIAN_POINT('',(-7.35,6.,9.8));
#8233 = LINE('',#8234,#8235);
#8234 = CARTESIAN_POINT('',(-7.219286995139,2.71655294384,9.8));
#8235 = VECTOR('',#8236,1.);
#8236 = DIRECTION('',(3.977818062968E-02,-0.999208534964,
    4.871422158404E-18));
#8237 = ORIENTED_EDGE('',*,*,#8238,.F.);
#8238 = EDGE_CURVE('',#3730,#8231,#8239,.T.);
#8239 = LINE('',#8240,#8241);
#8240 = CARTESIAN_POINT('',(-7.35,6.,11.1));
#8241 = VECTOR('',#8242,1.);
#8242 = DIRECTION('',(1.224646799147E-16,0.,-1.));
#8243 = PLANE('',#8244);
#8244 = AXIS2_PLACEMENT_3D('',#8245,#8246,#8247);
#8245 = CARTESIAN_POINT('',(-7.33868410768,5.715750293044,11.1));
#8246 = DIRECTION('',(0.999208534964,3.977818062968E-02,
    1.223677534025E-16));
#8247 = DIRECTION('',(-3.977818062968E-02,0.999208534964,
    -4.871422158404E-18));
#8248 = ADVANCED_FACE('',(#8249),#8267,.T.);
#8249 = FACE_BOUND('',#8250,.T.);
#8250 = EDGE_LOOP('',(#8251,#8252,#8260,#8266));
#8251 = ORIENTED_EDGE('',*,*,#4233,.F.);
#8252 = ORIENTED_EDGE('',*,*,#8253,.T.);
#8253 = EDGE_CURVE('',#4226,#8254,#8256,.T.);
#8254 = VERTEX_POINT('',#8255);
#8255 = CARTESIAN_POINT('',(-7.304845408948,5.434238066153,9.8));
#8256 = LINE('',#8257,#8258);
#8257 = CARTESIAN_POINT('',(-7.304845408948,5.434238066153,11.1));
#8258 = VECTOR('',#8259,1.);
#8259 = DIRECTION('',(1.224646799147E-16,0.,-1.));
#8260 = ORIENTED_EDGE('',*,*,#8261,.F.);
#8261 = EDGE_CURVE('',#8223,#8254,#8262,.T.);
#8262 = LINE('',#8263,#8264);
#8263 = CARTESIAN_POINT('',(-6.930869009568,2.323038967523,9.8));
#8264 = VECTOR('',#8265,1.);
#8265 = DIRECTION('',(0.119344200134,-0.992852940719,1.461544926909E-17)
  );
#8266 = ORIENTED_EDGE('',*,*,#8222,.F.);
#8267 = PLANE('',#8268);
#8268 = AXIS2_PLACEMENT_3D('',#8269,#8270,#8271);
#8269 = CARTESIAN_POINT('',(-7.304845408948,5.434238066153,11.1));
#8270 = DIRECTION('',(0.992852940719,0.119344200134,1.215894175876E-16)
  );
#8271 = DIRECTION('',(-0.119344200134,0.992852940719,-1.461544926909E-17
    ));
#8272 = ADVANCED_FACE('',(#8273),#8291,.T.);
#8273 = FACE_BOUND('',#8274,.T.);
#8274 = EDGE_LOOP('',(#8275,#8276,#8277,#8285));
#8275 = ORIENTED_EDGE('',*,*,#3737,.F.);
#8276 = ORIENTED_EDGE('',*,*,#8238,.T.);
#8277 = ORIENTED_EDGE('',*,*,#8278,.F.);
#8278 = EDGE_CURVE('',#8279,#8231,#8281,.T.);
#8279 = VERTEX_POINT('',#8280);
#8280 = CARTESIAN_POINT('',(-7.33868410768,6.284249706956,9.8));
#8281 = LINE('',#8282,#8283);
#8282 = CARTESIAN_POINT('',(-7.463425126842,3.150816024608,9.8));
#8283 = VECTOR('',#8284,1.);
#8284 = DIRECTION('',(-3.977818062968E-02,-0.999208534964,
    -4.871422158404E-18));
#8285 = ORIENTED_EDGE('',*,*,#8286,.F.);
#8286 = EDGE_CURVE('',#3738,#8279,#8287,.T.);
#8287 = LINE('',#8288,#8289);
#8288 = CARTESIAN_POINT('',(-7.33868410768,6.284249706956,11.1));
#8289 = VECTOR('',#8290,1.);
#8290 = DIRECTION('',(1.224646799147E-16,0.,-1.));
#8291 = PLANE('',#8292);
#8292 = AXIS2_PLACEMENT_3D('',#8293,#8294,#8295);
#8293 = CARTESIAN_POINT('',(-7.35,6.,11.1));
#8294 = DIRECTION('',(0.999208534964,-3.977818062968E-02,
    1.223677534025E-16));
#8295 = DIRECTION('',(3.977818062968E-02,0.999208534964,
    4.871422158404E-18));
#8296 = ADVANCED_FACE('',(#8297),#8315,.T.);
#8297 = FACE_BOUND('',#8298,.T.);
#8298 = EDGE_LOOP('',(#8299,#8300,#8308,#8314));
#8299 = ORIENTED_EDGE('',*,*,#4225,.F.);
#8300 = ORIENTED_EDGE('',*,*,#8301,.T.);
#8301 = EDGE_CURVE('',#4218,#8302,#8304,.T.);
#8302 = VERTEX_POINT('',#8303);
#8303 = CARTESIAN_POINT('',(-7.248809788971,5.158174435962,9.8));
#8304 = LINE('',#8305,#8306);
#8305 = CARTESIAN_POINT('',(-7.248809788971,5.158174435962,11.1));
#8306 = VECTOR('',#8307,1.);
#8307 = DIRECTION('',(1.224646799147E-16,0.,-1.));
#8308 = ORIENTED_EDGE('',*,*,#8309,.F.);
#8309 = EDGE_CURVE('',#8254,#8302,#8310,.T.);
#8310 = LINE('',#8311,#8312);
#8311 = CARTESIAN_POINT('',(-6.602599353639,1.974570886674,9.8));
#8312 = VECTOR('',#8313,1.);
#8313 = DIRECTION('',(0.198924215777,-0.98001487559,2.436119041239E-17)
  );
#8314 = ORIENTED_EDGE('',*,*,#8253,.F.);
#8315 = PLANE('',#8316);
#8316 = AXIS2_PLACEMENT_3D('',#8317,#8318,#8319);
#8317 = CARTESIAN_POINT('',(-7.248809788971,5.158174435962,11.1));
#8318 = DIRECTION('',(0.98001487559,0.198924215777,1.200172080508E-16));
#8319 = DIRECTION('',(-0.198924215777,0.98001487559,-2.436119041239E-17)
  );
#8320 = ADVANCED_FACE('',(#8321),#8339,.T.);
#8321 = FACE_BOUND('',#8322,.T.);
#8322 = EDGE_LOOP('',(#8323,#8324,#8325,#8333));
#8323 = ORIENTED_EDGE('',*,*,#3745,.F.);
#8324 = ORIENTED_EDGE('',*,*,#8286,.T.);
#8325 = ORIENTED_EDGE('',*,*,#8326,.F.);
#8326 = EDGE_CURVE('',#8327,#8279,#8329,.T.);
#8327 = VERTEX_POINT('',#8328);
#8328 = CARTESIAN_POINT('',(-7.304845408948,6.565761933847,9.8));
#8329 = LINE('',#8330,#8331);
#8330 = CARTESIAN_POINT('',(-7.658735799299,3.621663147665,9.8));
#8331 = VECTOR('',#8332,1.);
#8332 = DIRECTION('',(-0.119344200134,-0.992852940719,
    -1.461544926909E-17));
#8333 = ORIENTED_EDGE('',*,*,#8334,.F.);
#8334 = EDGE_CURVE('',#3746,#8327,#8335,.T.);
#8335 = LINE('',#8336,#8337);
#8336 = CARTESIAN_POINT('',(-7.304845408948,6.565761933847,11.1));
#8337 = VECTOR('',#8338,1.);
#8338 = DIRECTION('',(1.224646799147E-16,0.,-1.));
#8339 = PLANE('',#8340);
#8340 = AXIS2_PLACEMENT_3D('',#8341,#8342,#8343);
#8341 = CARTESIAN_POINT('',(-7.33868410768,6.284249706956,11.1));
#8342 = DIRECTION('',(0.992852940719,-0.119344200134,1.215894175876E-16)
  );
#8343 = DIRECTION('',(0.119344200134,0.992852940719,1.461544926909E-17)
  );
#8344 = ADVANCED_FACE('',(#8345),#8363,.T.);
#8345 = FACE_BOUND('',#8346,.T.);
#8346 = EDGE_LOOP('',(#8347,#8348,#8356,#8362));
#8347 = ORIENTED_EDGE('',*,*,#4217,.F.);
#8348 = ORIENTED_EDGE('',*,*,#8349,.T.);
#8349 = EDGE_CURVE('',#4210,#8350,#8352,.T.);
#8350 = VERTEX_POINT('',#8351);
#8351 = CARTESIAN_POINT('',(-7.171116901402,4.890218046141,9.8));
#8352 = LINE('',#8353,#8354);
#8353 = CARTESIAN_POINT('',(-7.171116901402,4.890218046141,11.1));
#8354 = VECTOR('',#8355,1.);
#8355 = DIRECTION('',(1.224646799147E-16,0.,-1.));
#8356 = ORIENTED_EDGE('',*,*,#8357,.F.);
#8357 = EDGE_CURVE('',#8302,#8350,#8358,.T.);
#8358 = LINE('',#8359,#8360);
#8359 = CARTESIAN_POINT('',(-6.239088483705,1.675728562864,9.8));
#8360 = VECTOR('',#8361,1.);
#8361 = DIRECTION('',(0.278476623141,-0.960443007348,3.410355051676E-17)
  );
#8362 = ORIENTED_EDGE('',*,*,#8301,.F.);
#8363 = PLANE('',#8364);
#8364 = AXIS2_PLACEMENT_3D('',#8365,#8366,#8367);
#8365 = CARTESIAN_POINT('',(-7.171116901402,4.890218046141,11.1));
#8366 = DIRECTION('',(0.960443007348,0.278476623141,1.176203454712E-16)
  );
#8367 = DIRECTION('',(-0.278476623141,0.960443007348,-3.410355051676E-17
    ));
#8368 = ADVANCED_FACE('',(#8369),#8387,.T.);
#8369 = FACE_BOUND('',#8370,.T.);
#8370 = EDGE_LOOP('',(#8371,#8372,#8373,#8381));
#8371 = ORIENTED_EDGE('',*,*,#3753,.F.);
#8372 = ORIENTED_EDGE('',*,*,#8334,.T.);
#8373 = ORIENTED_EDGE('',*,*,#8374,.F.);
#8374 = EDGE_CURVE('',#8375,#8327,#8377,.T.);
#8375 = VERTEX_POINT('',#8376);
#8376 = CARTESIAN_POINT('',(-7.248809788971,6.841825564038,9.8));
#8377 = LINE('',#8378,#8379);
#8378 = CARTESIAN_POINT('',(-7.800309307086,4.124822359965,9.8));
#8379 = VECTOR('',#8380,1.);
#8380 = DIRECTION('',(-0.198924215777,-0.98001487559,-2.436119041239E-17
    ));
#8381 = ORIENTED_EDGE('',*,*,#8382,.F.);
#8382 = EDGE_CURVE('',#3754,#8375,#8383,.T.);
#8383 = LINE('',#8384,#8385);
#8384 = CARTESIAN_POINT('',(-7.248809788971,6.841825564038,11.1));
#8385 = VECTOR('',#8386,1.);
#8386 = DIRECTION('',(1.224646799147E-16,0.,-1.));
#8387 = PLANE('',#8388);
#8388 = AXIS2_PLACEMENT_3D('',#8389,#8390,#8391);
#8389 = CARTESIAN_POINT('',(-7.304845408948,6.565761933847,11.1));
#8390 = DIRECTION('',(0.98001487559,-0.198924215777,1.200172080508E-16)
  );
#8391 = DIRECTION('',(0.198924215777,0.98001487559,2.436119041239E-17));
#8392 = ADVANCED_FACE('',(#8393),#8411,.T.);
#8393 = FACE_BOUND('',#8394,.T.);
#8394 = EDGE_LOOP('',(#8395,#8396,#8404,#8410));
#8395 = ORIENTED_EDGE('',*,*,#4209,.F.);
#8396 = ORIENTED_EDGE('',*,*,#8397,.T.);
#8397 = EDGE_CURVE('',#4202,#8398,#8400,.T.);
#8398 = VERTEX_POINT('',#8399);
#8399 = CARTESIAN_POINT('',(-7.072514971219,4.632949463205,9.8));
#8400 = LINE('',#8401,#8402);
#8401 = CARTESIAN_POINT('',(-7.072514971219,4.632949463205,11.1));
#8402 = VECTOR('',#8403,1.);
#8403 = DIRECTION('',(1.224646799147E-16,0.,-1.));
#8404 = ORIENTED_EDGE('',*,*,#8405,.F.);
#8405 = EDGE_CURVE('',#8350,#8398,#8406,.T.);
#8406 = LINE('',#8407,#8408);
#8407 = CARTESIAN_POINT('',(-5.845485780463,1.431429365758,9.8));
#8408 = VECTOR('',#8409,1.);
#8409 = DIRECTION('',(0.357880020029,-0.933767578824,4.382766210078E-17)
  );
#8410 = ORIENTED_EDGE('',*,*,#8349,.F.);
#8411 = PLANE('',#8412);
#8412 = AXIS2_PLACEMENT_3D('',#8413,#8414,#8415);
#8413 = CARTESIAN_POINT('',(-7.072514971219,4.632949463205,11.1));
#8414 = DIRECTION('',(0.933767578824,0.357880020029,1.143535476555E-16)
  );
#8415 = DIRECTION('',(-0.357880020029,0.933767578824,-4.382766210078E-17
    ));
#8416 = ADVANCED_FACE('',(#8417),#8435,.T.);
#8417 = FACE_BOUND('',#8418,.T.);
#8418 = EDGE_LOOP('',(#8419,#8420,#8421,#8429));
#8419 = ORIENTED_EDGE('',*,*,#3761,.F.);
#8420 = ORIENTED_EDGE('',*,*,#8382,.T.);
#8421 = ORIENTED_EDGE('',*,*,#8422,.F.);
#8422 = EDGE_CURVE('',#8423,#8375,#8425,.T.);
#8423 = VERTEX_POINT('',#8424);
#8424 = CARTESIAN_POINT('',(-7.171116901402,7.109781953859,9.8));
#8425 = LINE('',#8426,#8427);
#8426 = CARTESIAN_POINT('',(-7.882700479926,4.655588620043,9.8));
#8427 = VECTOR('',#8428,1.);
#8428 = DIRECTION('',(-0.278476623141,-0.960443007348,
    -3.410355051676E-17));
#8429 = ORIENTED_EDGE('',*,*,#8430,.F.);
#8430 = EDGE_CURVE('',#3762,#8423,#8431,.T.);
#8431 = LINE('',#8432,#8433);
#8432 = CARTESIAN_POINT('',(-7.171116901402,7.109781953859,11.1));
#8433 = VECTOR('',#8434,1.);
#8434 = DIRECTION('',(1.224646799147E-16,0.,-1.));
#8435 = PLANE('',#8436);
#8436 = AXIS2_PLACEMENT_3D('',#8437,#8438,#8439);
#8437 = CARTESIAN_POINT('',(-7.248809788971,6.841825564038,11.1));
#8438 = DIRECTION('',(0.960443007348,-0.278476623141,1.176203454712E-16)
  );
#8439 = DIRECTION('',(0.278476623141,0.960443007348,3.410355051676E-17)
  );
#8440 = ADVANCED_FACE('',(#8441),#8459,.T.);
#8441 = FACE_BOUND('',#8442,.T.);
#8442 = EDGE_LOOP('',(#8443,#8444,#8452,#8458));
#8443 = ORIENTED_EDGE('',*,*,#4201,.F.);
#8444 = ORIENTED_EDGE('',*,*,#8445,.T.);
#8445 = EDGE_CURVE('',#4194,#8446,#8448,.T.);
#8446 = VERTEX_POINT('',#8447);
#8447 = CARTESIAN_POINT('',(-6.953953588911,4.388846324243,9.8));
#8448 = LINE('',#8449,#8450);
#8449 = CARTESIAN_POINT('',(-6.953953588911,4.388846324243,11.1));
#8450 = VECTOR('',#8451,1.);
#8451 = DIRECTION('',(1.224646799147E-16,0.,-1.));
#8452 = ORIENTED_EDGE('',*,*,#8453,.F.);
#8453 = EDGE_CURVE('',#8398,#8446,#8454,.T.);
#8454 = LINE('',#8455,#8456);
#8455 = CARTESIAN_POINT('',(-5.427885876256,1.246862723207,9.8));
#8456 = VECTOR('',#8457,1.);
#8457 = DIRECTION('',(0.436895019594,-0.899512502333,5.350420873098E-17)
  );
#8458 = ORIENTED_EDGE('',*,*,#8397,.F.);
#8459 = PLANE('',#8460);
#8460 = AXIS2_PLACEMENT_3D('',#8461,#8462,#8463);
#8461 = CARTESIAN_POINT('',(-6.953953588911,4.388846324243,11.1));
#8462 = DIRECTION('',(0.899512502333,0.436895019594,1.101585106775E-16)
  );
#8463 = DIRECTION('',(-0.436895019594,0.899512502333,-5.350420873098E-17
    ));
#8464 = ADVANCED_FACE('',(#8465),#8483,.T.);
#8465 = FACE_BOUND('',#8466,.T.);
#8466 = EDGE_LOOP('',(#8467,#8468,#8469,#8477));
#8467 = ORIENTED_EDGE('',*,*,#3769,.F.);
#8468 = ORIENTED_EDGE('',*,*,#8430,.T.);
#8469 = ORIENTED_EDGE('',*,*,#8470,.F.);
#8470 = EDGE_CURVE('',#8471,#8423,#8473,.T.);
#8471 = VERTEX_POINT('',#8472);
#8472 = CARTESIAN_POINT('',(-7.072514971219,7.367050536795,9.8));
#8473 = LINE('',#8474,#8475);
#8474 = CARTESIAN_POINT('',(-7.89984730443,5.208404995192,9.8));
#8475 = VECTOR('',#8476,1.);
#8476 = DIRECTION('',(-0.357880020029,-0.933767578824,
    -4.382766210078E-17));
#8477 = ORIENTED_EDGE('',*,*,#8478,.F.);
#8478 = EDGE_CURVE('',#3770,#8471,#8479,.T.);
#8479 = LINE('',#8480,#8481);
#8480 = CARTESIAN_POINT('',(-7.072514971219,7.367050536795,11.1));
#8481 = VECTOR('',#8482,1.);
#8482 = DIRECTION('',(1.224646799147E-16,0.,-1.));
#8483 = PLANE('',#8484);
#8484 = AXIS2_PLACEMENT_3D('',#8485,#8486,#8487);
#8485 = CARTESIAN_POINT('',(-7.171116901402,7.109781953859,11.1));
#8486 = DIRECTION('',(0.933767578824,-0.357880020029,1.143535476555E-16)
  );
#8487 = DIRECTION('',(0.357880020029,0.933767578824,4.382766210078E-17)
  );
#8488 = ADVANCED_FACE('',(#8489),#8507,.T.);
#8489 = FACE_BOUND('',#8490,.T.);
#8490 = EDGE_LOOP('',(#8491,#8492,#8500,#8506));
#8491 = ORIENTED_EDGE('',*,*,#4193,.F.);
#8492 = ORIENTED_EDGE('',*,*,#8493,.T.);
#8493 = EDGE_CURVE('',#4186,#8494,#8496,.T.);
#8494 = VERTEX_POINT('',#8495);
#8495 = CARTESIAN_POINT('',(-6.816574565402,4.160259475925,9.8));
#8496 = LINE('',#8497,#8498);
#8497 = CARTESIAN_POINT('',(-6.816574565402,4.160259475925,11.1));
#8498 = VECTOR('',#8499,1.);
#8499 = DIRECTION('',(1.224646799147E-16,0.,-1.));
#8500 = ORIENTED_EDGE('',*,*,#8501,.F.);
#8501 = EDGE_CURVE('',#8446,#8494,#8502,.T.);
#8502 = LINE('',#8503,#8504);
#8503 = CARTESIAN_POINT('',(-4.993768391364,1.12726719096,9.8));
#8504 = VECTOR('',#8505,1.);
#8505 = DIRECTION('',(0.515121241062,-0.857117323945,6.308415790392E-17)
  );
#8506 = ORIENTED_EDGE('',*,*,#8445,.F.);
#8507 = PLANE('',#8508);
#8508 = AXIS2_PLACEMENT_3D('',#8509,#8510,#8511);
#8509 = CARTESIAN_POINT('',(-6.816574565402,4.160259475925,11.1));
#8510 = DIRECTION('',(0.857117323945,0.515121241062,1.049665987263E-16)
  );
#8511 = DIRECTION('',(-0.515121241062,0.857117323945,-6.308415790392E-17
    ));
#8512 = ADVANCED_FACE('',(#8513),#8531,.T.);
#8513 = FACE_BOUND('',#8514,.T.);
#8514 = EDGE_LOOP('',(#8515,#8516,#8517,#8525));
#8515 = ORIENTED_EDGE('',*,*,#3777,.F.);
#8516 = ORIENTED_EDGE('',*,*,#8478,.T.);
#8517 = ORIENTED_EDGE('',*,*,#8518,.F.);
#8518 = EDGE_CURVE('',#8519,#8471,#8521,.T.);
#8519 = VERTEX_POINT('',#8520);
#8520 = CARTESIAN_POINT('',(-6.953953588911,7.611153675757,9.8));
#8521 = LINE('',#8522,#8523);
#8522 = CARTESIAN_POINT('',(-7.845121761403,5.776349256191,9.8));
#8523 = VECTOR('',#8524,1.);
#8524 = DIRECTION('',(-0.436895019594,-0.899512502333,
    -5.350420873098E-17));
#8525 = ORIENTED_EDGE('',*,*,#8526,.F.);
#8526 = EDGE_CURVE('',#3778,#8519,#8527,.T.);
#8527 = LINE('',#8528,#8529);
#8528 = CARTESIAN_POINT('',(-6.953953588911,7.611153675757,11.1));
#8529 = VECTOR('',#8530,1.);
#8530 = DIRECTION('',(1.224646799147E-16,0.,-1.));
#8531 = PLANE('',#8532);
#8532 = AXIS2_PLACEMENT_3D('',#8533,#8534,#8535);
#8533 = CARTESIAN_POINT('',(-7.072514971219,7.367050536795,11.1));
#8534 = DIRECTION('',(0.899512502333,-0.436895019594,1.101585106775E-16)
  );
#8535 = DIRECTION('',(0.436895019594,0.899512502333,5.350420873098E-17)
  );
#8536 = ADVANCED_FACE('',(#8537),#8555,.T.);
#8537 = FACE_BOUND('',#8538,.T.);
#8538 = EDGE_LOOP('',(#8539,#8540,#8548,#8554));
#8539 = ORIENTED_EDGE('',*,*,#4185,.F.);
#8540 = ORIENTED_EDGE('',*,*,#8541,.T.);
#8541 = EDGE_CURVE('',#4178,#8542,#8544,.T.);
#8542 = VERTEX_POINT('',#8543);
#8543 = CARTESIAN_POINT('',(-6.661700935788,3.949390334559,9.8));
#8544 = LINE('',#8545,#8546);
#8545 = CARTESIAN_POINT('',(-6.661700935788,3.949390334559,11.1));
#8546 = VECTOR('',#8547,1.);
#8547 = DIRECTION('',(1.224646799147E-16,0.,-1.));
#8548 = ORIENTED_EDGE('',*,*,#8549,.F.);
#8549 = EDGE_CURVE('',#8494,#8542,#8550,.T.);
#8550 = LINE('',#8551,#8552);
#8551 = CARTESIAN_POINT('',(-4.552430940007,1.077500820322,9.8));
#8552 = VECTOR('',#8553,1.);
#8553 = DIRECTION('',(0.591950730267,-0.805974151531,7.249305670748E-17)
  );
#8554 = ORIENTED_EDGE('',*,*,#8493,.F.);
#8555 = PLANE('',#8556);
#8556 = AXIS2_PLACEMENT_3D('',#8557,#8558,#8559);
#8557 = CARTESIAN_POINT('',(-6.661700935788,3.949390334559,11.1));
#8558 = DIRECTION('',(0.805974151531,0.591950730267,9.870336648678E-17)
  );
#8559 = DIRECTION('',(-0.591950730267,0.805974151531,-7.249305670748E-17
    ));
#8560 = ADVANCED_FACE('',(#8561),#8579,.T.);
#8561 = FACE_BOUND('',#8562,.T.);
#8562 = EDGE_LOOP('',(#8563,#8564,#8565,#8573));
#8563 = ORIENTED_EDGE('',*,*,#3785,.F.);
#8564 = ORIENTED_EDGE('',*,*,#8526,.T.);
#8565 = ORIENTED_EDGE('',*,*,#8566,.F.);
#8566 = EDGE_CURVE('',#8567,#8519,#8569,.T.);
#8567 = VERTEX_POINT('',#8568);
#8568 = CARTESIAN_POINT('',(-6.816574565402,7.839740524075,9.8));
#8569 = LINE('',#8570,#8571);
#8570 = CARTESIAN_POINT('',(-7.711573940996,6.35053874284,9.8));
#8571 = VECTOR('',#8572,1.);
#8572 = DIRECTION('',(-0.515121241062,-0.857117323945,
    -6.308415790392E-17));
#8573 = ORIENTED_EDGE('',*,*,#8574,.F.);
#8574 = EDGE_CURVE('',#3786,#8567,#8575,.T.);
#8575 = LINE('',#8576,#8577);
#8576 = CARTESIAN_POINT('',(-6.816574565402,7.839740524075,11.1));
#8577 = VECTOR('',#8578,1.);
#8578 = DIRECTION('',(1.224646799147E-16,0.,-1.));
#8579 = PLANE('',#8580);
#8580 = AXIS2_PLACEMENT_3D('',#8581,#8582,#8583);
#8581 = CARTESIAN_POINT('',(-6.953953588911,7.611153675757,11.1));
#8582 = DIRECTION('',(0.857117323945,-0.515121241062,1.049665987263E-16)
  );
#8583 = DIRECTION('',(0.515121241062,0.857117323945,6.308415790392E-17)
  );
#8584 = ADVANCED_FACE('',(#8585),#8603,.T.);
#8585 = FACE_BOUND('',#8586,.T.);
#8586 = EDGE_LOOP('',(#8587,#8588,#8596,#8602));
#8587 = ORIENTED_EDGE('',*,*,#4177,.F.);
#8588 = ORIENTED_EDGE('',*,*,#8589,.T.);
#8589 = EDGE_CURVE('',#4170,#8590,#8592,.T.);
#8590 = VERTEX_POINT('',#8591);
#8591 = CARTESIAN_POINT('',(-6.490824217785,3.758269685248,9.8));
#8592 = LINE('',#8593,#8594);
#8593 = CARTESIAN_POINT('',(-6.490824217785,3.758269685248,11.1));
#8594 = VECTOR('',#8595,1.);
#8595 = DIRECTION('',(1.224646799147E-16,0.,-1.));
#8596 = ORIENTED_EDGE('',*,*,#8597,.F.);
#8597 = EDGE_CURVE('',#8542,#8590,#8598,.T.);
#8598 = LINE('',#8599,#8600);
#8599 = CARTESIAN_POINT('',(-4.115336096241,1.101355170951,9.8));
#8600 = VECTOR('',#8601,1.);
#8601 = DIRECTION('',(0.66652192554,-0.745485427607,8.16253942674E-17));
#8602 = ORIENTED_EDGE('',*,*,#8541,.F.);
#8603 = PLANE('',#8604);
#8604 = AXIS2_PLACEMENT_3D('',#8605,#8606,#8607);
#8605 = CARTESIAN_POINT('',(-6.490824217785,3.758269685248,11.1));
#8606 = DIRECTION('',(0.745485427607,0.66652192554,9.1295634273E-17));
#8607 = DIRECTION('',(-0.66652192554,0.745485427607,-8.16253942674E-17)
  );
#8608 = ADVANCED_FACE('',(#8609),#8627,.T.);
#8609 = FACE_BOUND('',#8610,.T.);
#8610 = EDGE_LOOP('',(#8611,#8612,#8613,#8621));
#8611 = ORIENTED_EDGE('',*,*,#3793,.F.);
#8612 = ORIENTED_EDGE('',*,*,#8574,.T.);
#8613 = ORIENTED_EDGE('',*,*,#8614,.F.);
#8614 = EDGE_CURVE('',#8615,#8567,#8617,.T.);
#8615 = VERTEX_POINT('',#8616);
#8616 = CARTESIAN_POINT('',(-6.661700935788,8.050609665441,9.8));
#8617 = LINE('',#8618,#8619);
#8618 = CARTESIAN_POINT('',(-7.492449680266,6.919498611379,9.8));
#8619 = VECTOR('',#8620,1.);
#8620 = DIRECTION('',(-0.591950730267,-0.805974151531,
    -7.249305670748E-17));
#8621 = ORIENTED_EDGE('',*,*,#8622,.F.);
#8622 = EDGE_CURVE('',#3794,#8615,#8623,.T.);
#8623 = LINE('',#8624,#8625);
#8624 = CARTESIAN_POINT('',(-6.661700935788,8.050609665441,11.1));
#8625 = VECTOR('',#8626,1.);
#8626 = DIRECTION('',(1.224646799147E-16,0.,-1.));
#8627 = PLANE('',#8628);
#8628 = AXIS2_PLACEMENT_3D('',#8629,#8630,#8631);
#8629 = CARTESIAN_POINT('',(-6.816574565402,7.839740524075,11.1));
#8630 = DIRECTION('',(0.805974151531,-0.591950730267,9.870336648678E-17)
  );
#8631 = DIRECTION('',(0.591950730267,0.805974151531,7.249305670748E-17)
  );
#8632 = ADVANCED_FACE('',(#8633),#8651,.T.);
#8633 = FACE_BOUND('',#8634,.T.);
#8634 = EDGE_LOOP('',(#8635,#8636,#8644,#8650));
#8635 = ORIENTED_EDGE('',*,*,#4169,.F.);
#8636 = ORIENTED_EDGE('',*,*,#8637,.T.);
#8637 = EDGE_CURVE('',#4162,#8638,#8640,.T.);
#8638 = VERTEX_POINT('',#8639);
#8639 = CARTESIAN_POINT('',(-6.305590047596,3.588738124323,9.8));
#8640 = LINE('',#8641,#8642);
#8641 = CARTESIAN_POINT('',(-6.305590047596,3.588738124323,11.1));
#8642 = VECTOR('',#8643,1.);
#8643 = DIRECTION('',(1.224646799147E-16,0.,-1.));
#8644 = ORIENTED_EDGE('',*,*,#8645,.F.);
#8645 = EDGE_CURVE('',#8590,#8638,#8646,.T.);
#8646 = LINE('',#8647,#8648);
#8647 = CARTESIAN_POINT('',(-3.696240634124,1.200587608597,9.8));
#8648 = VECTOR('',#8649,1.);
#8649 = DIRECTION('',(0.737682429254,-0.675147860524,9.034004257731E-17)
  );
#8650 = ORIENTED_EDGE('',*,*,#8589,.F.);
#8651 = PLANE('',#8652);
#8652 = AXIS2_PLACEMENT_3D('',#8653,#8654,#8655);
#8653 = CARTESIAN_POINT('',(-6.305590047596,3.588738124323,11.1));
#8654 = DIRECTION('',(0.675147860524,0.737682429254,8.268176663418E-17)
  );
#8655 = DIRECTION('',(-0.737682429254,0.675147860524,-9.034004257731E-17
    ));
#8656 = ADVANCED_FACE('',(#8657),#8675,.T.);
#8657 = FACE_BOUND('',#8658,.T.);
#8658 = EDGE_LOOP('',(#8659,#8660,#8661,#8669));
#8659 = ORIENTED_EDGE('',*,*,#3801,.F.);
#8660 = ORIENTED_EDGE('',*,*,#8622,.T.);
#8661 = ORIENTED_EDGE('',*,*,#8662,.F.);
#8662 = EDGE_CURVE('',#8663,#8615,#8665,.T.);
#8663 = VERTEX_POINT('',#8664);
#8664 = CARTESIAN_POINT('',(-6.490824217785,8.241730314752,9.8));
#8665 = LINE('',#8666,#8667);
#8666 = CARTESIAN_POINT('',(-7.182068751267,7.468593367746,9.8));
#8667 = VECTOR('',#8668,1.);
#8668 = DIRECTION('',(-0.66652192554,-0.745485427607,-8.16253942674E-17)
  );
#8669 = ORIENTED_EDGE('',*,*,#8670,.F.);
#8670 = EDGE_CURVE('',#3802,#8663,#8671,.T.);
#8671 = LINE('',#8672,#8673);
#8672 = CARTESIAN_POINT('',(-6.490824217785,8.241730314752,11.1));
#8673 = VECTOR('',#8674,1.);
#8674 = DIRECTION('',(1.224646799147E-16,0.,-1.));
#8675 = PLANE('',#8676);
#8676 = AXIS2_PLACEMENT_3D('',#8677,#8678,#8679);
#8677 = CARTESIAN_POINT('',(-6.661700935788,8.050609665441,11.1));
#8678 = DIRECTION('',(0.745485427607,-0.66652192554,9.1295634273E-17));
#8679 = DIRECTION('',(0.66652192554,0.745485427607,8.16253942674E-17));
#8680 = ADVANCED_FACE('',(#8681),#8699,.T.);
#8681 = FACE_BOUND('',#8682,.T.);
#8682 = EDGE_LOOP('',(#8683,#8684,#8692,#8698));
#8683 = ORIENTED_EDGE('',*,*,#4161,.F.);
#8684 = ORIENTED_EDGE('',*,*,#8685,.T.);
#8685 = EDGE_CURVE('',#4154,#8686,#8688,.T.);
#8686 = VERTEX_POINT('',#8687);
#8687 = CARTESIAN_POINT('',(-6.107782331541,3.44242833339,9.8));
#8688 = LINE('',#8689,#8690);
#8689 = CARTESIAN_POINT('',(-6.107782331541,3.44242833339,11.1));
#8690 = VECTOR('',#8691,1.);
#8691 = DIRECTION('',(1.224646799147E-16,0.,-1.));
#8692 = ORIENTED_EDGE('',*,*,#8693,.F.);
#8693 = EDGE_CURVE('',#8638,#8686,#8694,.T.);
#8694 = LINE('',#8695,#8696);
#8695 = CARTESIAN_POINT('',(-3.310922931579,1.373712702685,9.8));
#8696 = VECTOR('',#8697,1.);
#8697 = DIRECTION('',(0.803973875986,-0.594664617018,9.845840338239E-17)
  );
#8698 = ORIENTED_EDGE('',*,*,#8637,.F.);
#8699 = PLANE('',#8700);
#8700 = AXIS2_PLACEMENT_3D('',#8701,#8702,#8703);
#8701 = CARTESIAN_POINT('',(-6.107782331541,3.44242833339,11.1));
#8702 = DIRECTION('',(0.594664617018,0.803973875986,7.282541197967E-17)
  );
#8703 = DIRECTION('',(-0.803973875986,0.594664617018,-9.845840338239E-17
    ));
#8704 = ADVANCED_FACE('',(#8705),#8723,.T.);
#8705 = FACE_BOUND('',#8706,.T.);
#8706 = EDGE_LOOP('',(#8707,#8708,#8709,#8717));
#8707 = ORIENTED_EDGE('',*,*,#3809,.F.);
#8708 = ORIENTED_EDGE('',*,*,#8670,.T.);
#8709 = ORIENTED_EDGE('',*,*,#8710,.F.);
#8710 = EDGE_CURVE('',#8711,#8663,#8713,.T.);
#8711 = VERTEX_POINT('',#8712);
#8712 = CARTESIAN_POINT('',(-6.305590047596,8.411261875677,9.8));
#8713 = LINE('',#8714,#8715);
#8714 = CARTESIAN_POINT('',(-6.77712600236,7.97969880952,9.8));
#8715 = VECTOR('',#8716,1.);
#8716 = DIRECTION('',(-0.737682429254,-0.675147860524,
    -9.034004257731E-17));
#8717 = ORIENTED_EDGE('',*,*,#8718,.F.);
#8718 = EDGE_CURVE('',#3810,#8711,#8719,.T.);
#8719 = LINE('',#8720,#8721);
#8720 = CARTESIAN_POINT('',(-6.305590047596,8.411261875677,11.1));
#8721 = VECTOR('',#8722,1.);
#8722 = DIRECTION('',(1.224646799147E-16,0.,-1.));
#8723 = PLANE('',#8724);
#8724 = AXIS2_PLACEMENT_3D('',#8725,#8726,#8727);
#8725 = CARTESIAN_POINT('',(-6.490824217785,8.241730314752,11.1));
#8726 = DIRECTION('',(0.675147860524,-0.737682429254,8.268176663418E-17)
  );
#8727 = DIRECTION('',(0.737682429254,0.675147860524,9.034004257731E-17)
  );
#8728 = ADVANCED_FACE('',(#8729),#8747,.T.);
#8729 = FACE_BOUND('',#8730,.T.);
#8730 = EDGE_LOOP('',(#8731,#8732,#8740,#8746));
#8731 = ORIENTED_EDGE('',*,*,#4153,.F.);
#8732 = ORIENTED_EDGE('',*,*,#8733,.T.);
#8733 = EDGE_CURVE('',#4146,#8734,#8736,.T.);
#8734 = VERTEX_POINT('',#8735);
#8735 = CARTESIAN_POINT('',(-5.899306066058,3.320749355717,9.8));
#8736 = LINE('',#8737,#8738);
#8737 = CARTESIAN_POINT('',(-5.899306066058,3.320749355717,11.1));
#8738 = VECTOR('',#8739,1.);
#8739 = DIRECTION('',(1.224646799147E-16,0.,-1.));
#8740 = ORIENTED_EDGE('',*,*,#8741,.F.);
#8741 = EDGE_CURVE('',#8686,#8734,#8742,.T.);
#8742 = LINE('',#8743,#8744);
#8743 = CARTESIAN_POINT('',(-2.976303514081,1.614713604192,9.8));
#8744 = VECTOR('',#8745,1.);
#8745 = DIRECTION('',(0.863656587919,-0.504080646469,1.057674275957E-16)
  );
#8746 = ORIENTED_EDGE('',*,*,#8685,.F.);
#8747 = PLANE('',#8748);
#8748 = AXIS2_PLACEMENT_3D('',#8749,#8750,#8751);
#8749 = CARTESIAN_POINT('',(-5.899306066058,3.320749355717,11.1));
#8750 = DIRECTION('',(0.504080646469,0.863656587919,6.173207502099E-17)
  );
#8751 = DIRECTION('',(-0.863656587919,0.504080646469,-1.057674275957E-16
    ));
#8752 = ADVANCED_FACE('',(#8753),#8771,.T.);
#8753 = FACE_BOUND('',#8754,.T.);
#8754 = EDGE_LOOP('',(#8755,#8756,#8757,#8765));
#8755 = ORIENTED_EDGE('',*,*,#3817,.F.);
#8756 = ORIENTED_EDGE('',*,*,#8718,.T.);
#8757 = ORIENTED_EDGE('',*,*,#8758,.F.);
#8758 = EDGE_CURVE('',#8759,#8711,#8761,.T.);
#8759 = VERTEX_POINT('',#8760);
#8760 = CARTESIAN_POINT('',(-6.107782331541,8.55757166661,9.8));
#8761 = LINE('',#8762,#8763);
#8762 = CARTESIAN_POINT('',(-6.278395691937,8.431376361453,9.8));
#8763 = VECTOR('',#8764,1.);
#8764 = DIRECTION('',(-0.803973875986,-0.594664617018,
    -9.845840338239E-17));
#8765 = ORIENTED_EDGE('',*,*,#8766,.F.);
#8766 = EDGE_CURVE('',#3818,#8759,#8767,.T.);
#8767 = LINE('',#8768,#8769);
#8768 = CARTESIAN_POINT('',(-6.107782331541,8.55757166661,11.1));
#8769 = VECTOR('',#8770,1.);
#8770 = DIRECTION('',(1.224646799147E-16,0.,-1.));
#8771 = PLANE('',#8772);
#8772 = AXIS2_PLACEMENT_3D('',#8773,#8774,#8775);
#8773 = CARTESIAN_POINT('',(-6.305590047596,8.411261875677,11.1));
#8774 = DIRECTION('',(0.594664617018,-0.803973875986,7.282541197967E-17)
  );
#8775 = DIRECTION('',(0.803973875986,0.594664617018,9.845840338239E-17)
  );
#8776 = ADVANCED_FACE('',(#8777),#8795,.T.);
#8777 = FACE_BOUND('',#8778,.T.);
#8778 = EDGE_LOOP('',(#8779,#8780,#8788,#8794));
#8779 = ORIENTED_EDGE('',*,*,#4145,.F.);
#8780 = ORIENTED_EDGE('',*,*,#8781,.T.);
#8781 = EDGE_CURVE('',#4138,#8782,#8784,.T.);
#8782 = VERTEX_POINT('',#8783);
#8783 = CARTESIAN_POINT('',(-5.682168991548,3.224873026377,9.8));
#8784 = LINE('',#8785,#8786);
#8785 = CARTESIAN_POINT('',(-5.682168991548,3.224873026377,11.1));
#8786 = VECTOR('',#8787,1.);
#8787 = DIRECTION('',(1.224646799147E-16,0.,-1.));
#8788 = ORIENTED_EDGE('',*,*,#8789,.F.);
#8789 = EDGE_CURVE('',#8734,#8782,#8790,.T.);
#8790 = LINE('',#8791,#8792);
#8791 = CARTESIAN_POINT('',(-2.708814779779,1.911995949547,9.8));
#8792 = VECTOR('',#8793,1.);
#8793 = DIRECTION('',(0.914792417124,-0.403924291881,1.120297605516E-16)
  );
#8794 = ORIENTED_EDGE('',*,*,#8733,.F.);
#8795 = PLANE('',#8796);
#8796 = AXIS2_PLACEMENT_3D('',#8797,#8798,#8799);
#8797 = CARTESIAN_POINT('',(-5.682168991548,3.224873026377,11.1));
#8798 = DIRECTION('',(0.403924291881,0.914792417124,4.9466459115E-17));
#8799 = DIRECTION('',(-0.914792417124,0.403924291881,-1.120297605516E-16
    ));
#8800 = ADVANCED_FACE('',(#8801),#8819,.T.);
#8801 = FACE_BOUND('',#8802,.T.);
#8802 = EDGE_LOOP('',(#8803,#8804,#8805,#8813));
#8803 = ORIENTED_EDGE('',*,*,#3825,.F.);
#8804 = ORIENTED_EDGE('',*,*,#8766,.T.);
#8805 = ORIENTED_EDGE('',*,*,#8806,.F.);
#8806 = EDGE_CURVE('',#8807,#8759,#8809,.T.);
#8807 = VERTEX_POINT('',#8808);
#8808 = CARTESIAN_POINT('',(-5.899306066058,8.679250644283,9.8));
#8809 = LINE('',#8810,#8811);
#8810 = CARTESIAN_POINT('',(-5.692657073813,8.799863118106,9.8));
#8811 = VECTOR('',#8812,1.);
#8812 = DIRECTION('',(-0.863656587919,-0.504080646469,
    -1.057674275957E-16));
#8813 = ORIENTED_EDGE('',*,*,#8814,.F.);
#8814 = EDGE_CURVE('',#3826,#8807,#8815,.T.);
#8815 = LINE('',#8816,#8817);
#8816 = CARTESIAN_POINT('',(-5.899306066058,8.679250644283,11.1));
#8817 = VECTOR('',#8818,1.);
#8818 = DIRECTION('',(1.224646799147E-16,0.,-1.));
#8819 = PLANE('',#8820);
#8820 = AXIS2_PLACEMENT_3D('',#8821,#8822,#8823);
#8821 = CARTESIAN_POINT('',(-6.107782331541,8.55757166661,11.1));
#8822 = DIRECTION('',(0.504080646469,-0.863656587919,6.173207502099E-17)
  );
#8823 = DIRECTION('',(0.863656587919,0.504080646469,1.057674275957E-16)
  );
#8824 = ADVANCED_FACE('',(#8825),#8843,.T.);
#8825 = FACE_BOUND('',#8826,.T.);
#8826 = EDGE_LOOP('',(#8827,#8828,#8836,#8842));
#8827 = ORIENTED_EDGE('',*,*,#4137,.F.);
#8828 = ORIENTED_EDGE('',*,*,#8829,.T.);
#8829 = EDGE_CURVE('',#4130,#8830,#8832,.T.);
#8830 = VERTEX_POINT('',#8831);
#8831 = CARTESIAN_POINT('',(-5.458462256738,3.155722686831,9.8));
#8832 = LINE('',#8833,#8834);
#8833 = CARTESIAN_POINT('',(-5.458462256738,3.155722686831,11.1));
#8834 = VECTOR('',#8835,1.);
#8835 = DIRECTION('',(1.224646799147E-16,0.,-1.));
#8836 = ORIENTED_EDGE('',*,*,#8837,.F.);
#8837 = EDGE_CURVE('',#8782,#8830,#8838,.T.);
#8838 = LINE('',#8839,#8840);
#8839 = CARTESIAN_POINT('',(-2.522068266981,2.248049336697,9.8));
#8840 = VECTOR('',#8841,1.);
#8841 = DIRECTION('',(0.955397072185,-0.295324286946,1.170023966366E-16)
  );
#8842 = ORIENTED_EDGE('',*,*,#8781,.F.);
#8843 = PLANE('',#8844);
#8844 = AXIS2_PLACEMENT_3D('',#8845,#8846,#8847);
#8845 = CARTESIAN_POINT('',(-5.458462256738,3.155722686831,11.1));
#8846 = DIRECTION('',(0.295324286946,0.955397072185,3.616679427189E-17)
  );
#8847 = DIRECTION('',(-0.955397072185,0.295324286946,-1.170023966366E-16
    ));
#8848 = ADVANCED_FACE('',(#8849),#8867,.T.);
#8849 = FACE_BOUND('',#8850,.T.);
#8850 = EDGE_LOOP('',(#8851,#8852,#8853,#8861));
#8851 = ORIENTED_EDGE('',*,*,#3833,.F.);
#8852 = ORIENTED_EDGE('',*,*,#8814,.T.);
#8853 = ORIENTED_EDGE('',*,*,#8854,.F.);
#8854 = EDGE_CURVE('',#8855,#8807,#8857,.T.);
#8855 = VERTEX_POINT('',#8856);
#8856 = CARTESIAN_POINT('',(-5.682168991548,8.775126973623,9.8));
#8857 = LINE('',#8858,#8859);
#8858 = CARTESIAN_POINT('',(-5.034424592865,9.061136884353,9.8));
#8859 = VECTOR('',#8860,1.);
#8860 = DIRECTION('',(-0.914792417124,-0.403924291881,
    -1.120297605516E-16));
#8861 = ORIENTED_EDGE('',*,*,#8862,.F.);
#8862 = EDGE_CURVE('',#3834,#8855,#8863,.T.);
#8863 = LINE('',#8864,#8865);
#8864 = CARTESIAN_POINT('',(-5.682168991548,8.775126973623,11.1));
#8865 = VECTOR('',#8866,1.);
#8866 = DIRECTION('',(1.224646799147E-16,0.,-1.));
#8867 = PLANE('',#8868);
#8868 = AXIS2_PLACEMENT_3D('',#8869,#8870,#8871);
#8869 = CARTESIAN_POINT('',(-5.899306066058,8.679250644283,11.1));
#8870 = DIRECTION('',(0.403924291881,-0.914792417124,4.9466459115E-17));
#8871 = DIRECTION('',(0.914792417124,0.403924291881,1.120297605516E-16)
  );
#8872 = ADVANCED_FACE('',(#8873),#8891,.T.);
#8873 = FACE_BOUND('',#8874,.T.);
#8874 = EDGE_LOOP('',(#8875,#8876,#8884,#8890));
#8875 = ORIENTED_EDGE('',*,*,#4129,.F.);
#8876 = ORIENTED_EDGE('',*,*,#8877,.T.);
#8877 = EDGE_CURVE('',#4122,#8878,#8880,.T.);
#8878 = VERTEX_POINT('',#8879);
#8879 = CARTESIAN_POINT('',(-5.230340279774,3.113964292651,9.8));
#8880 = LINE('',#8881,#8882);
#8881 = CARTESIAN_POINT('',(-5.230340279774,3.113964292651,11.1));
#8882 = VECTOR('',#8883,1.);
#8883 = DIRECTION('',(1.224646799147E-16,0.,-1.));
#8884 = ORIENTED_EDGE('',*,*,#8885,.F.);
#8885 = EDGE_CURVE('',#8830,#8878,#8886,.T.);
#8886 = LINE('',#8887,#8888);
#8887 = CARTESIAN_POINT('',(-2.424189552313,2.600290205806,9.8));
#8888 = VECTOR('',#8889,1.);
#8889 = DIRECTION('',(0.983655445485,-0.180061002349,1.204630492778E-16)
  );
#8890 = ORIENTED_EDGE('',*,*,#8829,.F.);
#8891 = PLANE('',#8892);
#8892 = AXIS2_PLACEMENT_3D('',#8893,#8894,#8895);
#8893 = CARTESIAN_POINT('',(-5.230340279774,3.113964292651,11.1));
#8894 = DIRECTION('',(0.180061002349,0.983655445485,2.20511130178E-17));
#8895 = DIRECTION('',(-0.983655445485,0.180061002349,-1.204630492778E-16
    ));
#8896 = ADVANCED_FACE('',(#8897),#8915,.T.);
#8897 = FACE_BOUND('',#8898,.T.);
#8898 = EDGE_LOOP('',(#8899,#8900,#8901,#8909));
#8899 = ORIENTED_EDGE('',*,*,#3841,.F.);
#8900 = ORIENTED_EDGE('',*,*,#8862,.T.);
#8901 = ORIENTED_EDGE('',*,*,#8902,.F.);
#8902 = EDGE_CURVE('',#8903,#8855,#8905,.T.);
#8903 = VERTEX_POINT('',#8904);
#8904 = CARTESIAN_POINT('',(-5.458462256738,8.844277313169,9.8));
#8905 = LINE('',#8906,#8907);
#8906 = CARTESIAN_POINT('',(-4.326833388946,9.194076886768,9.8));
#8907 = VECTOR('',#8908,1.);
#8908 = DIRECTION('',(-0.955397072185,-0.295324286946,
    -1.170023966366E-16));
#8909 = ORIENTED_EDGE('',*,*,#8910,.F.);
#8910 = EDGE_CURVE('',#3842,#8903,#8911,.T.);
#8911 = LINE('',#8912,#8913);
#8912 = CARTESIAN_POINT('',(-5.458462256738,8.844277313169,11.1));
#8913 = VECTOR('',#8914,1.);
#8914 = DIRECTION('',(1.224646799147E-16,0.,-1.));
#8915 = PLANE('',#8916);
#8916 = AXIS2_PLACEMENT_3D('',#8917,#8918,#8919);
#8917 = CARTESIAN_POINT('',(-5.682168991548,8.775126973623,11.1));
#8918 = DIRECTION('',(0.295324286946,-0.955397072185,3.616679427189E-17)
  );
#8919 = DIRECTION('',(0.955397072185,0.295324286946,1.170023966366E-16)
  );
#8920 = ADVANCED_FACE('',(#8921),#8939,.T.);
#8921 = FACE_BOUND('',#8922,.T.);
#8922 = EDGE_LOOP('',(#8923,#8924,#8932,#8938));
#8923 = ORIENTED_EDGE('',*,*,#4121,.F.);
#8924 = ORIENTED_EDGE('',*,*,#8925,.T.);
#8925 = EDGE_CURVE('',#4114,#8926,#8928,.T.);
#8926 = VERTEX_POINT('',#8927);
#8927 = CARTESIAN_POINT('',(-5.,3.1,9.8));
#8928 = LINE('',#8929,#8930);
#8929 = CARTESIAN_POINT('',(-5.,3.1,11.1));
#8930 = VECTOR('',#8931,1.);
#8931 = DIRECTION('',(1.224646799147E-16,0.,-1.));
#8932 = ORIENTED_EDGE('',*,*,#8933,.F.);
#8933 = EDGE_CURVE('',#8878,#8926,#8934,.T.);
#8934 = LINE('',#8935,#8936);
#8935 = CARTESIAN_POINT('',(-2.415530650481,2.943317519721,9.8));
#8936 = VECTOR('',#8937,1.);
#8937 = DIRECTION('',(0.998167377631,-6.051352107932E-02,
    1.222402484029E-16));
#8938 = ORIENTED_EDGE('',*,*,#8877,.F.);
#8939 = PLANE('',#8940);
#8940 = AXIS2_PLACEMENT_3D('',#8941,#8942,#8943);
#8941 = CARTESIAN_POINT('',(-5.,3.1,11.1));
#8942 = DIRECTION('',(6.051352107932E-02,0.998167377631,
    7.410768989493E-18));
#8943 = DIRECTION('',(-0.998167377631,6.051352107932E-02,
    -1.222402484029E-16));
#8944 = ADVANCED_FACE('',(#8945),#8963,.T.);
#8945 = FACE_BOUND('',#8946,.T.);
#8946 = EDGE_LOOP('',(#8947,#8948,#8949,#8957));
#8947 = ORIENTED_EDGE('',*,*,#3849,.F.);
#8948 = ORIENTED_EDGE('',*,*,#8910,.T.);
#8949 = ORIENTED_EDGE('',*,*,#8950,.F.);
#8950 = EDGE_CURVE('',#8951,#8903,#8953,.T.);
#8951 = VERTEX_POINT('',#8952);
#8952 = CARTESIAN_POINT('',(-5.230340279774,8.886035707349,9.8));
#8953 = LINE('',#8954,#8955);
#8954 = CARTESIAN_POINT('',(-3.600958453676,9.184298809702,9.8));
#8955 = VECTOR('',#8956,1.);
#8956 = DIRECTION('',(-0.983655445485,-0.180061002349,
    -1.204630492778E-16));
#8957 = ORIENTED_EDGE('',*,*,#8958,.F.);
#8958 = EDGE_CURVE('',#3850,#8951,#8959,.T.);
#8959 = LINE('',#8960,#8961);
#8960 = CARTESIAN_POINT('',(-5.230340279774,8.886035707349,11.1));
#8961 = VECTOR('',#8962,1.);
#8962 = DIRECTION('',(1.224646799147E-16,0.,-1.));
#8963 = PLANE('',#8964);
#8964 = AXIS2_PLACEMENT_3D('',#8965,#8966,#8967);
#8965 = CARTESIAN_POINT('',(-5.458462256738,8.844277313169,11.1));
#8966 = DIRECTION('',(0.180061002349,-0.983655445485,2.20511130178E-17)
  );
#8967 = DIRECTION('',(0.983655445485,0.180061002349,1.204630492778E-16)
  );
#8968 = ADVANCED_FACE('',(#8969),#8987,.T.);
#8969 = FACE_BOUND('',#8970,.T.);
#8970 = EDGE_LOOP('',(#8971,#8972,#8980,#8986));
#8971 = ORIENTED_EDGE('',*,*,#4113,.F.);
#8972 = ORIENTED_EDGE('',*,*,#8973,.T.);
#8973 = EDGE_CURVE('',#4106,#8974,#8976,.T.);
#8974 = VERTEX_POINT('',#8975);
#8975 = CARTESIAN_POINT('',(-4.769659720226,3.113964292651,9.8));
#8976 = LINE('',#8977,#8978);
#8977 = CARTESIAN_POINT('',(-4.769659720226,3.113964292651,11.1));
#8978 = VECTOR('',#8979,1.);
#8979 = DIRECTION('',(1.224646799147E-16,0.,-1.));
#8980 = ORIENTED_EDGE('',*,*,#8981,.F.);
#8981 = EDGE_CURVE('',#8926,#8974,#8982,.T.);
#8982 = LINE('',#8983,#8984);
#8983 = CARTESIAN_POINT('',(-2.487608640799,3.252312779281,9.8));
#8984 = VECTOR('',#8985,1.);
#8985 = DIRECTION('',(0.998167377631,6.051352107932E-02,
    1.222402484029E-16));
#8986 = ORIENTED_EDGE('',*,*,#8925,.F.);
#8987 = PLANE('',#8988);
#8988 = AXIS2_PLACEMENT_3D('',#8989,#8990,#8991);
#8989 = CARTESIAN_POINT('',(-4.769659720226,3.113964292651,11.1));
#8990 = DIRECTION('',(-6.051352107932E-02,0.998167377631,
    -7.410768989493E-18));
#8991 = DIRECTION('',(-0.998167377631,-6.051352107932E-02,
    -1.222402484029E-16));
#8992 = ADVANCED_FACE('',(#8993),#9011,.T.);
#8993 = FACE_BOUND('',#8994,.T.);
#8994 = EDGE_LOOP('',(#8995,#8996,#8997,#9005));
#8995 = ORIENTED_EDGE('',*,*,#3857,.F.);
#8996 = ORIENTED_EDGE('',*,*,#8958,.T.);
#8997 = ORIENTED_EDGE('',*,*,#8998,.F.);
#8998 = EDGE_CURVE('',#8999,#8951,#9001,.T.);
#8999 = VERTEX_POINT('',#9000);
#9000 = CARTESIAN_POINT('',(-5.,8.9,9.8));
#9001 = LINE('',#9002,#9003);
#9002 = CARTESIAN_POINT('',(-2.89311652625,9.027729016553,9.8));
#9003 = VECTOR('',#9004,1.);
#9004 = DIRECTION('',(-0.998167377631,-6.051352107932E-02,
    -1.222402484029E-16));
#9005 = ORIENTED_EDGE('',*,*,#9006,.F.);
#9006 = EDGE_CURVE('',#3858,#8999,#9007,.T.);
#9007 = LINE('',#9008,#9009);
#9008 = CARTESIAN_POINT('',(-5.,8.9,11.1));
#9009 = VECTOR('',#9010,1.);
#9010 = DIRECTION('',(1.224646799147E-16,0.,-1.));
#9011 = PLANE('',#9012);
#9012 = AXIS2_PLACEMENT_3D('',#9013,#9014,#9015);
#9013 = CARTESIAN_POINT('',(-5.230340279774,8.886035707349,11.1));
#9014 = DIRECTION('',(6.051352107932E-02,-0.998167377631,
    7.410768989493E-18));
#9015 = DIRECTION('',(0.998167377631,6.051352107932E-02,
    1.222402484029E-16));
#9016 = ADVANCED_FACE('',(#9017),#9035,.T.);
#9017 = FACE_BOUND('',#9018,.T.);
#9018 = EDGE_LOOP('',(#9019,#9020,#9028,#9034));
#9019 = ORIENTED_EDGE('',*,*,#4105,.F.);
#9020 = ORIENTED_EDGE('',*,*,#9021,.T.);
#9021 = EDGE_CURVE('',#4098,#9022,#9024,.T.);
#9022 = VERTEX_POINT('',#9023);
#9023 = CARTESIAN_POINT('',(-4.541537743262,3.155722686831,9.8));
#9024 = LINE('',#9025,#9026);
#9025 = CARTESIAN_POINT('',(-4.541537743262,3.155722686831,11.1));
#9026 = VECTOR('',#9027,1.);
#9027 = DIRECTION('',(1.224646799147E-16,0.,-1.));
#9028 = ORIENTED_EDGE('',*,*,#9029,.F.);
#9029 = EDGE_CURVE('',#8974,#9022,#9030,.T.);
#9030 = LINE('',#9031,#9032);
#9031 = CARTESIAN_POINT('',(-2.62385928204,3.506759330297,9.8));
#9032 = VECTOR('',#9033,1.);
#9033 = DIRECTION('',(0.983655445485,0.180061002349,1.204630492778E-16)
  );
#9034 = ORIENTED_EDGE('',*,*,#8973,.F.);
#9035 = PLANE('',#9036);
#9036 = AXIS2_PLACEMENT_3D('',#9037,#9038,#9039);
#9037 = CARTESIAN_POINT('',(-4.541537743262,3.155722686831,11.1));
#9038 = DIRECTION('',(-0.180061002349,0.983655445485,-2.20511130178E-17)
  );
#9039 = DIRECTION('',(-0.983655445485,-0.180061002349,
    -1.204630492778E-16));
#9040 = ADVANCED_FACE('',(#9041),#9059,.T.);
#9041 = FACE_BOUND('',#9042,.T.);
#9042 = EDGE_LOOP('',(#9043,#9044,#9045,#9053));
#9043 = ORIENTED_EDGE('',*,*,#3865,.F.);
#9044 = ORIENTED_EDGE('',*,*,#9006,.T.);
#9045 = ORIENTED_EDGE('',*,*,#9046,.F.);
#9046 = EDGE_CURVE('',#9047,#8999,#9049,.T.);
#9047 = VERTEX_POINT('',#9048);
#9048 = CARTESIAN_POINT('',(-4.769659720226,8.886035707349,9.8));
#9049 = LINE('',#9050,#9051);
#9050 = CARTESIAN_POINT('',(-2.240363044805,8.732698049644,9.8));
#9051 = VECTOR('',#9052,1.);
#9052 = DIRECTION('',(-0.998167377631,6.051352107932E-02,
    -1.222402484029E-16));
#9053 = ORIENTED_EDGE('',*,*,#9054,.F.);
#9054 = EDGE_CURVE('',#3866,#9047,#9055,.T.);
#9055 = LINE('',#9056,#9057);
#9056 = CARTESIAN_POINT('',(-4.769659720226,8.886035707349,11.1));
#9057 = VECTOR('',#9058,1.);
#9058 = DIRECTION('',(1.224646799147E-16,0.,-1.));
#9059 = PLANE('',#9060);
#9060 = AXIS2_PLACEMENT_3D('',#9061,#9062,#9063);
#9061 = CARTESIAN_POINT('',(-5.,8.9,11.1));
#9062 = DIRECTION('',(-6.051352107932E-02,-0.998167377631,
    -7.410768989493E-18));
#9063 = DIRECTION('',(0.998167377631,-6.051352107932E-02,
    1.222402484029E-16));
#9064 = ADVANCED_FACE('',(#9065),#9083,.T.);
#9065 = FACE_BOUND('',#9066,.T.);
#9066 = EDGE_LOOP('',(#9067,#9068,#9076,#9082));
#9067 = ORIENTED_EDGE('',*,*,#4097,.F.);
#9068 = ORIENTED_EDGE('',*,*,#9069,.T.);
#9069 = EDGE_CURVE('',#4090,#9070,#9072,.T.);
#9070 = VERTEX_POINT('',#9071);
#9071 = CARTESIAN_POINT('',(-4.317831008452,3.224873026377,9.8));
#9072 = LINE('',#9073,#9074);
#9073 = CARTESIAN_POINT('',(-4.317831008452,3.224873026377,11.1));
#9074 = VECTOR('',#9075,1.);
#9075 = DIRECTION('',(1.224646799147E-16,0.,-1.));
#9076 = ORIENTED_EDGE('',*,*,#9077,.F.);
#9077 = EDGE_CURVE('',#9022,#9070,#9078,.T.);
#9078 = LINE('',#9079,#9080);
#9079 = CARTESIAN_POINT('',(-2.802160537915,3.693384301937,9.8));
#9080 = VECTOR('',#9081,1.);
#9081 = DIRECTION('',(0.955397072185,0.295324286946,1.170023966366E-16)
  );
#9082 = ORIENTED_EDGE('',*,*,#9021,.F.);
#9083 = PLANE('',#9084);
#9084 = AXIS2_PLACEMENT_3D('',#9085,#9086,#9087);
#9085 = CARTESIAN_POINT('',(-4.317831008452,3.224873026377,11.1));
#9086 = DIRECTION('',(-0.295324286946,0.955397072185,-3.616679427189E-17
    ));
#9087 = DIRECTION('',(-0.955397072185,-0.295324286946,
    -1.170023966366E-16));
#9088 = ADVANCED_FACE('',(#9089),#9107,.T.);
#9089 = FACE_BOUND('',#9090,.T.);
#9090 = EDGE_LOOP('',(#9091,#9092,#9093,#9101));
#9091 = ORIENTED_EDGE('',*,*,#3873,.F.);
#9092 = ORIENTED_EDGE('',*,*,#9054,.T.);
#9093 = ORIENTED_EDGE('',*,*,#9094,.F.);
#9094 = EDGE_CURVE('',#9095,#9047,#9097,.T.);
#9095 = VERTEX_POINT('',#9096);
#9096 = CARTESIAN_POINT('',(-4.541537743262,8.844277313169,9.8));
#9097 = LINE('',#9098,#9099);
#9098 = CARTESIAN_POINT('',(-1.67521235764,8.319588079391,9.8));
#9099 = VECTOR('',#9100,1.);
#9100 = DIRECTION('',(-0.983655445485,0.180061002349,-1.204630492778E-16
    ));
#9101 = ORIENTED_EDGE('',*,*,#9102,.F.);
#9102 = EDGE_CURVE('',#3874,#9095,#9103,.T.);
#9103 = LINE('',#9104,#9105);
#9104 = CARTESIAN_POINT('',(-4.541537743262,8.844277313169,11.1));
#9105 = VECTOR('',#9106,1.);
#9106 = DIRECTION('',(1.224646799147E-16,0.,-1.));
#9107 = PLANE('',#9108);
#9108 = AXIS2_PLACEMENT_3D('',#9109,#9110,#9111);
#9109 = CARTESIAN_POINT('',(-4.769659720226,8.886035707349,11.1));
#9110 = DIRECTION('',(-0.180061002349,-0.983655445485,-2.20511130178E-17
    ));
#9111 = DIRECTION('',(0.983655445485,-0.180061002349,1.204630492778E-16)
  );
#9112 = ADVANCED_FACE('',(#9113),#9131,.T.);
#9113 = FACE_BOUND('',#9114,.T.);
#9114 = EDGE_LOOP('',(#9115,#9116,#9124,#9130));
#9115 = ORIENTED_EDGE('',*,*,#4089,.F.);
#9116 = ORIENTED_EDGE('',*,*,#9117,.T.);
#9117 = EDGE_CURVE('',#4082,#9118,#9120,.T.);
#9118 = VERTEX_POINT('',#9119);
#9119 = CARTESIAN_POINT('',(-4.100693933942,3.320749355717,9.8));
#9120 = LINE('',#9121,#9122);
#9121 = CARTESIAN_POINT('',(-4.100693933942,3.320749355717,11.1));
#9122 = VECTOR('',#9123,1.);
#9123 = DIRECTION('',(1.224646799147E-16,0.,-1.));
#9124 = ORIENTED_EDGE('',*,*,#9125,.F.);
#9125 = EDGE_CURVE('',#9070,#9118,#9126,.T.);
#9126 = LINE('',#9127,#9128);
#9127 = CARTESIAN_POINT('',(-2.998390850824,3.807468510743,9.8));
#9128 = VECTOR('',#9129,1.);
#9129 = DIRECTION('',(0.914792417124,0.403924291881,1.120297605516E-16)
  );
#9130 = ORIENTED_EDGE('',*,*,#9069,.F.);
#9131 = PLANE('',#9132);
#9132 = AXIS2_PLACEMENT_3D('',#9133,#9134,#9135);
#9133 = CARTESIAN_POINT('',(-4.100693933942,3.320749355717,11.1));
#9134 = DIRECTION('',(-0.403924291881,0.914792417124,-4.9466459115E-17)
  );
#9135 = DIRECTION('',(-0.914792417124,-0.403924291881,
    -1.120297605516E-16));
#9136 = ADVANCED_FACE('',(#9137),#9155,.T.);
#9137 = FACE_BOUND('',#9138,.T.);
#9138 = EDGE_LOOP('',(#9139,#9140,#9141,#9149));
#9139 = ORIENTED_EDGE('',*,*,#3881,.F.);
#9140 = ORIENTED_EDGE('',*,*,#9102,.T.);
#9141 = ORIENTED_EDGE('',*,*,#9142,.F.);
#9142 = EDGE_CURVE('',#9143,#9095,#9145,.T.);
#9143 = VERTEX_POINT('',#9144);
#9144 = CARTESIAN_POINT('',(-4.317831008452,8.775126973623,9.8));
#9145 = LINE('',#9146,#9147);
#9146 = CARTESIAN_POINT('',(-1.22110215076,7.817892261074,9.8));
#9147 = VECTOR('',#9148,1.);
#9148 = DIRECTION('',(-0.955397072185,0.295324286946,-1.170023966366E-16
    ));
#9149 = ORIENTED_EDGE('',*,*,#9150,.F.);
#9150 = EDGE_CURVE('',#3882,#9143,#9151,.T.);
#9151 = LINE('',#9152,#9153);
#9152 = CARTESIAN_POINT('',(-4.317831008452,8.775126973623,11.1));
#9153 = VECTOR('',#9154,1.);
#9154 = DIRECTION('',(1.224646799147E-16,0.,-1.));
#9155 = PLANE('',#9156);
#9156 = AXIS2_PLACEMENT_3D('',#9157,#9158,#9159);
#9157 = CARTESIAN_POINT('',(-4.541537743262,8.844277313169,11.1));
#9158 = DIRECTION('',(-0.295324286946,-0.955397072185,
    -3.616679427189E-17));
#9159 = DIRECTION('',(0.955397072185,-0.295324286946,1.170023966366E-16)
  );
#9160 = ADVANCED_FACE('',(#9161),#9179,.T.);
#9161 = FACE_BOUND('',#9162,.T.);
#9162 = EDGE_LOOP('',(#9163,#9164,#9172,#9178));
#9163 = ORIENTED_EDGE('',*,*,#4081,.F.);
#9164 = ORIENTED_EDGE('',*,*,#9165,.T.);
#9165 = EDGE_CURVE('',#4074,#9166,#9168,.T.);
#9166 = VERTEX_POINT('',#9167);
#9167 = CARTESIAN_POINT('',(-3.892217668459,3.44242833339,9.8));
#9168 = LINE('',#9169,#9170);
#9169 = CARTESIAN_POINT('',(-3.892217668459,3.44242833339,11.1));
#9170 = VECTOR('',#9171,1.);
#9171 = DIRECTION('',(1.224646799147E-16,0.,-1.));
#9172 = ORIENTED_EDGE('',*,*,#9173,.F.);
#9173 = EDGE_CURVE('',#9118,#9166,#9174,.T.);
#9174 = LINE('',#9175,#9176);
#9175 = CARTESIAN_POINT('',(-3.189944843898,3.852315948854,9.8));
#9176 = VECTOR('',#9177,1.);
#9177 = DIRECTION('',(0.863656587919,0.504080646469,1.057674275957E-16)
  );
#9178 = ORIENTED_EDGE('',*,*,#9117,.F.);
#9179 = PLANE('',#9180);
#9180 = AXIS2_PLACEMENT_3D('',#9181,#9182,#9183);
#9181 = CARTESIAN_POINT('',(-3.892217668459,3.44242833339,11.1));
#9182 = DIRECTION('',(-0.504080646469,0.863656587919,-6.173207502099E-17
    ));
#9183 = DIRECTION('',(-0.863656587919,-0.504080646469,
    -1.057674275957E-16));
#9184 = ADVANCED_FACE('',(#9185),#9203,.T.);
#9185 = FACE_BOUND('',#9186,.T.);
#9186 = EDGE_LOOP('',(#9187,#9188,#9189,#9197));
#9187 = ORIENTED_EDGE('',*,*,#3889,.F.);
#9188 = ORIENTED_EDGE('',*,*,#9150,.T.);
#9189 = ORIENTED_EDGE('',*,*,#9190,.F.);
#9190 = EDGE_CURVE('',#9191,#9143,#9193,.T.);
#9191 = VERTEX_POINT('',#9192);
#9192 = CARTESIAN_POINT('',(-4.100693933942,8.679250644283,9.8));
#9193 = LINE('',#9194,#9195);
#9194 = CARTESIAN_POINT('',(-0.889918112248,7.261540652498,9.8));
#9195 = VECTOR('',#9196,1.);
#9196 = DIRECTION('',(-0.914792417124,0.403924291881,-1.120297605516E-16
    ));
#9197 = ORIENTED_EDGE('',*,*,#9198,.F.);
#9198 = EDGE_CURVE('',#3890,#9191,#9199,.T.);
#9199 = LINE('',#9200,#9201);
#9200 = CARTESIAN_POINT('',(-4.100693933942,8.679250644283,11.1));
#9201 = VECTOR('',#9202,1.);
#9202 = DIRECTION('',(1.224646799147E-16,0.,-1.));
#9203 = PLANE('',#9204);
#9204 = AXIS2_PLACEMENT_3D('',#9205,#9206,#9207);
#9205 = CARTESIAN_POINT('',(-4.317831008452,8.775126973623,11.1));
#9206 = DIRECTION('',(-0.403924291881,-0.914792417124,-4.9466459115E-17)
  );
#9207 = DIRECTION('',(0.914792417124,-0.403924291881,1.120297605516E-16)
  );
#9208 = ADVANCED_FACE('',(#9209),#9227,.T.);
#9209 = FACE_BOUND('',#9210,.T.);
#9210 = EDGE_LOOP('',(#9211,#9212,#9220,#9226));
#9211 = ORIENTED_EDGE('',*,*,#4073,.F.);
#9212 = ORIENTED_EDGE('',*,*,#9213,.T.);
#9213 = EDGE_CURVE('',#4066,#9214,#9216,.T.);
#9214 = VERTEX_POINT('',#9215);
#9215 = CARTESIAN_POINT('',(-3.694409952404,3.588738124323,9.8));
#9216 = LINE('',#9217,#9218);
#9217 = CARTESIAN_POINT('',(-3.694409952404,3.588738124323,11.1));
#9218 = VECTOR('',#9219,1.);
#9219 = DIRECTION('',(1.224646799147E-16,0.,-1.));
#9220 = ORIENTED_EDGE('',*,*,#9221,.F.);
#9221 = EDGE_CURVE('',#9166,#9214,#9222,.T.);
#9222 = LINE('',#9223,#9224);
#9223 = CARTESIAN_POINT('',(-3.358303244056,3.837341683427,9.8));
#9224 = VECTOR('',#9225,1.);
#9225 = DIRECTION('',(0.803973875986,0.594664617018,9.845840338239E-17)
  );
#9226 = ORIENTED_EDGE('',*,*,#9165,.F.);
#9227 = PLANE('',#9228);
#9228 = AXIS2_PLACEMENT_3D('',#9229,#9230,#9231);
#9229 = CARTESIAN_POINT('',(-3.694409952404,3.588738124323,11.1));
#9230 = DIRECTION('',(-0.594664617018,0.803973875986,-7.282541197967E-17
    ));
#9231 = DIRECTION('',(-0.803973875986,-0.594664617018,
    -9.845840338239E-17));
#9232 = ADVANCED_FACE('',(#9233),#9251,.T.);
#9233 = FACE_BOUND('',#9234,.T.);
#9234 = EDGE_LOOP('',(#9235,#9236,#9237,#9245));
#9235 = ORIENTED_EDGE('',*,*,#3897,.F.);
#9236 = ORIENTED_EDGE('',*,*,#9198,.T.);
#9237 = ORIENTED_EDGE('',*,*,#9238,.F.);
#9238 = EDGE_CURVE('',#9239,#9191,#9241,.T.);
#9239 = VERTEX_POINT('',#9240);
#9240 = CARTESIAN_POINT('',(-3.892217668459,8.55757166661,9.8));
#9241 = LINE('',#9242,#9243);
#9242 = CARTESIAN_POINT('',(-0.682067549649,6.683939751117,9.8));
#9243 = VECTOR('',#9244,1.);
#9244 = DIRECTION('',(-0.863656587919,0.504080646469,-1.057674275957E-16
    ));
#9245 = ORIENTED_EDGE('',*,*,#9246,.F.);
#9246 = EDGE_CURVE('',#3898,#9239,#9247,.T.);
#9247 = LINE('',#9248,#9249);
#9248 = CARTESIAN_POINT('',(-3.892217668459,8.55757166661,11.1));
#9249 = VECTOR('',#9250,1.);
#9250 = DIRECTION('',(1.224646799147E-16,0.,-1.));
#9251 = PLANE('',#9252);
#9252 = AXIS2_PLACEMENT_3D('',#9253,#9254,#9255);
#9253 = CARTESIAN_POINT('',(-4.100693933942,8.679250644283,11.1));
#9254 = DIRECTION('',(-0.504080646469,-0.863656587919,
    -6.173207502099E-17));
#9255 = DIRECTION('',(0.863656587919,-0.504080646469,1.057674275957E-16)
  );
#9256 = ADVANCED_FACE('',(#9257),#9275,.T.);
#9257 = FACE_BOUND('',#9258,.T.);
#9258 = EDGE_LOOP('',(#9259,#9260,#9268,#9274));
#9259 = ORIENTED_EDGE('',*,*,#4065,.F.);
#9260 = ORIENTED_EDGE('',*,*,#9261,.T.);
#9261 = EDGE_CURVE('',#4058,#9262,#9264,.T.);
#9262 = VERTEX_POINT('',#9263);
#9263 = CARTESIAN_POINT('',(-3.509175782215,3.758269685248,9.8));
#9264 = LINE('',#9265,#9266);
#9265 = CARTESIAN_POINT('',(-3.509175782215,3.758269685248,11.1));
#9266 = VECTOR('',#9267,1.);
#9267 = DIRECTION('',(1.224646799147E-16,0.,-1.));
#9268 = ORIENTED_EDGE('',*,*,#9269,.F.);
#9269 = EDGE_CURVE('',#9214,#9262,#9270,.T.);
#9270 = LINE('',#9271,#9272);
#9271 = CARTESIAN_POINT('',(-3.490265448631,3.775576958344,9.8));
#9272 = VECTOR('',#9273,1.);
#9273 = DIRECTION('',(0.737682429254,0.675147860524,9.034004257731E-17)
  );
#9274 = ORIENTED_EDGE('',*,*,#9213,.F.);
#9275 = PLANE('',#9276);
#9276 = AXIS2_PLACEMENT_3D('',#9277,#9278,#9279);
#9277 = CARTESIAN_POINT('',(-3.509175782215,3.758269685248,11.1));
#9278 = DIRECTION('',(-0.675147860524,0.737682429254,-8.268176663418E-17
    ));
#9279 = DIRECTION('',(-0.737682429254,-0.675147860524,
    -9.034004257731E-17));
#9280 = ADVANCED_FACE('',(#9281),#9299,.T.);
#9281 = FACE_BOUND('',#9282,.T.);
#9282 = EDGE_LOOP('',(#9283,#9284,#9285,#9293));
#9283 = ORIENTED_EDGE('',*,*,#3905,.F.);
#9284 = ORIENTED_EDGE('',*,*,#9246,.T.);
#9285 = ORIENTED_EDGE('',*,*,#9286,.F.);
#9286 = EDGE_CURVE('',#9287,#9239,#9289,.T.);
#9287 = VERTEX_POINT('',#9288);
#9288 = CARTESIAN_POINT('',(-3.694409952404,8.411261875677,9.8));
#9289 = LINE('',#9290,#9291);
#9290 = CARTESIAN_POINT('',(-0.588638199753,6.114057171644,9.8));
#9291 = VECTOR('',#9292,1.);
#9292 = DIRECTION('',(-0.803973875986,0.594664617018,-9.845840338239E-17
    ));
#9293 = ORIENTED_EDGE('',*,*,#9294,.F.);
#9294 = EDGE_CURVE('',#3906,#9287,#9295,.T.);
#9295 = LINE('',#9296,#9297);
#9296 = CARTESIAN_POINT('',(-3.694409952404,8.411261875677,11.1));
#9297 = VECTOR('',#9298,1.);
#9298 = DIRECTION('',(1.224646799147E-16,0.,-1.));
#9299 = PLANE('',#9300);
#9300 = AXIS2_PLACEMENT_3D('',#9301,#9302,#9303);
#9301 = CARTESIAN_POINT('',(-3.892217668459,8.55757166661,11.1));
#9302 = DIRECTION('',(-0.594664617018,-0.803973875986,
    -7.282541197967E-17));
#9303 = DIRECTION('',(0.803973875986,-0.594664617018,9.845840338239E-17)
  );
#9304 = ADVANCED_FACE('',(#9305),#9323,.T.);
#9305 = FACE_BOUND('',#9306,.T.);
#9306 = EDGE_LOOP('',(#9307,#9308,#9316,#9322));
#9307 = ORIENTED_EDGE('',*,*,#4057,.F.);
#9308 = ORIENTED_EDGE('',*,*,#9309,.T.);
#9309 = EDGE_CURVE('',#4050,#9310,#9312,.T.);
#9310 = VERTEX_POINT('',#9311);
#9311 = CARTESIAN_POINT('',(-3.338299064212,3.949390334559,9.8));
#9312 = LINE('',#9313,#9314);
#9313 = CARTESIAN_POINT('',(-3.338299064212,3.949390334559,11.1));
#9314 = VECTOR('',#9315,1.);
#9315 = DIRECTION('',(1.224646799147E-16,0.,-1.));
#9316 = ORIENTED_EDGE('',*,*,#9317,.F.);
#9317 = EDGE_CURVE('',#9262,#9310,#9318,.T.);
#9318 = LINE('',#9319,#9320);
#9319 = CARTESIAN_POINT('',(-3.577968158629,3.68132740896,9.8));
#9320 = VECTOR('',#9321,1.);
#9321 = DIRECTION('',(0.66652192554,0.745485427607,8.16253942674E-17));
#9322 = ORIENTED_EDGE('',*,*,#9261,.F.);
#9323 = PLANE('',#9324);
#9324 = AXIS2_PLACEMENT_3D('',#9325,#9326,#9327);
#9325 = CARTESIAN_POINT('',(-3.338299064212,3.949390334559,11.1));
#9326 = DIRECTION('',(-0.745485427607,0.66652192554,-9.1295634273E-17));
#9327 = DIRECTION('',(-0.66652192554,-0.745485427607,-8.16253942674E-17)
  );
#9328 = ADVANCED_FACE('',(#9329),#9347,.T.);
#9329 = FACE_BOUND('',#9330,.T.);
#9330 = EDGE_LOOP('',(#9331,#9332,#9333,#9341));
#9331 = ORIENTED_EDGE('',*,*,#3913,.F.);
#9332 = ORIENTED_EDGE('',*,*,#9294,.T.);
#9333 = ORIENTED_EDGE('',*,*,#9334,.F.);
#9334 = EDGE_CURVE('',#9335,#9287,#9337,.T.);
#9335 = VERTEX_POINT('',#9336);
#9336 = CARTESIAN_POINT('',(-3.509175782215,8.241730314752,9.8));
#9337 = LINE('',#9338,#9339);
#9338 = CARTESIAN_POINT('',(-0.594614250584,5.574241020699,9.8));
#9339 = VECTOR('',#9340,1.);
#9340 = DIRECTION('',(-0.737682429254,0.675147860524,-9.034004257731E-17
    ));
#9341 = ORIENTED_EDGE('',*,*,#9342,.F.);
#9342 = EDGE_CURVE('',#3914,#9335,#9343,.T.);
#9343 = LINE('',#9344,#9345);
#9344 = CARTESIAN_POINT('',(-3.509175782215,8.241730314752,11.1));
#9345 = VECTOR('',#9346,1.);
#9346 = DIRECTION('',(1.224646799147E-16,0.,-1.));
#9347 = PLANE('',#9348);
#9348 = AXIS2_PLACEMENT_3D('',#9349,#9350,#9351);
#9349 = CARTESIAN_POINT('',(-3.694409952404,8.411261875677,11.1));
#9350 = DIRECTION('',(-0.675147860524,-0.737682429254,
    -8.268176663418E-17));
#9351 = DIRECTION('',(0.737682429254,-0.675147860524,9.034004257731E-17)
  );
#9352 = ADVANCED_FACE('',(#9353),#9371,.T.);
#9353 = FACE_BOUND('',#9354,.T.);
#9354 = EDGE_LOOP('',(#9355,#9356,#9364,#9370));
#9355 = ORIENTED_EDGE('',*,*,#4049,.F.);
#9356 = ORIENTED_EDGE('',*,*,#9357,.T.);
#9357 = EDGE_CURVE('',#4042,#9358,#9360,.T.);
#9358 = VERTEX_POINT('',#9359);
#9359 = CARTESIAN_POINT('',(-3.183425434598,4.160259475925,9.8));
#9360 = LINE('',#9361,#9362);
#9361 = CARTESIAN_POINT('',(-3.183425434598,4.160259475925,11.1));
#9362 = VECTOR('',#9363,1.);
#9363 = DIRECTION('',(1.224646799147E-16,0.,-1.));
#9364 = ORIENTED_EDGE('',*,*,#9365,.F.);
#9365 = EDGE_CURVE('',#9310,#9358,#9366,.T.);
#9366 = LINE('',#9367,#9368);
#9367 = CARTESIAN_POINT('',(-3.618103909866,3.568420328882,9.8));
#9368 = VECTOR('',#9369,1.);
#9369 = DIRECTION('',(0.591950730267,0.805974151531,7.249305670748E-17)
  );
#9370 = ORIENTED_EDGE('',*,*,#9309,.F.);
#9371 = PLANE('',#9372);
#9372 = AXIS2_PLACEMENT_3D('',#9373,#9374,#9375);
#9373 = CARTESIAN_POINT('',(-3.183425434598,4.160259475925,11.1));
#9374 = DIRECTION('',(-0.805974151531,0.591950730267,-9.870336648678E-17
    ));
#9375 = DIRECTION('',(-0.591950730267,-0.805974151531,
    -7.249305670748E-17));
#9376 = ADVANCED_FACE('',(#9377),#9395,.T.);
#9377 = FACE_BOUND('',#9378,.T.);
#9378 = EDGE_LOOP('',(#9379,#9380,#9381,#9389));
#9379 = ORIENTED_EDGE('',*,*,#3921,.F.);
#9380 = ORIENTED_EDGE('',*,*,#9342,.T.);
#9381 = ORIENTED_EDGE('',*,*,#9382,.F.);
#9382 = EDGE_CURVE('',#9383,#9335,#9385,.T.);
#9383 = VERTEX_POINT('',#9384);
#9384 = CARTESIAN_POINT('',(-3.338299064212,8.050609665441,9.8));
#9385 = LINE('',#9386,#9387);
#9386 = CARTESIAN_POINT('',(-0.682112221608,5.079741779048,9.8));
#9387 = VECTOR('',#9388,1.);
#9388 = DIRECTION('',(-0.66652192554,0.745485427607,-8.16253942674E-17)
  );
#9389 = ORIENTED_EDGE('',*,*,#9390,.F.);
#9390 = EDGE_CURVE('',#3922,#9383,#9391,.T.);
#9391 = LINE('',#9392,#9393);
#9392 = CARTESIAN_POINT('',(-3.338299064212,8.050609665441,11.1));
#9393 = VECTOR('',#9394,1.);
#9394 = DIRECTION('',(1.224646799147E-16,0.,-1.));
#9395 = PLANE('',#9396);
#9396 = AXIS2_PLACEMENT_3D('',#9397,#9398,#9399);
#9397 = CARTESIAN_POINT('',(-3.509175782215,8.241730314752,11.1));
#9398 = DIRECTION('',(-0.745485427607,-0.66652192554,-9.1295634273E-17)
  );
#9399 = DIRECTION('',(0.66652192554,-0.745485427607,8.16253942674E-17));
#9400 = ADVANCED_FACE('',(#9401),#9419,.T.);
#9401 = FACE_BOUND('',#9402,.T.);
#9402 = EDGE_LOOP('',(#9403,#9404,#9412,#9418));
#9403 = ORIENTED_EDGE('',*,*,#4041,.F.);
#9404 = ORIENTED_EDGE('',*,*,#9405,.T.);
#9405 = EDGE_CURVE('',#4034,#9406,#9408,.T.);
#9406 = VERTEX_POINT('',#9407);
#9407 = CARTESIAN_POINT('',(-3.046046411089,4.388846324243,9.8));
#9408 = LINE('',#9409,#9410);
#9409 = CARTESIAN_POINT('',(-3.046046411089,4.388846324243,11.1));
#9410 = VECTOR('',#9411,1.);
#9411 = DIRECTION('',(1.224646799147E-16,0.,-1.));
#9412 = ORIENTED_EDGE('',*,*,#9413,.F.);
#9413 = EDGE_CURVE('',#9358,#9406,#9414,.T.);
#9414 = LINE('',#9415,#9416);
#9415 = CARTESIAN_POINT('',(-3.610792631916,3.44915731335,9.8));
#9416 = VECTOR('',#9417,1.);
#9417 = DIRECTION('',(0.515121241062,0.857117323945,6.308415790392E-17)
  );
#9418 = ORIENTED_EDGE('',*,*,#9357,.F.);
#9419 = PLANE('',#9420);
#9420 = AXIS2_PLACEMENT_3D('',#9421,#9422,#9423);
#9421 = CARTESIAN_POINT('',(-3.046046411089,4.388846324243,11.1));
#9422 = DIRECTION('',(-0.857117323945,0.515121241062,-1.049665987263E-16
    ));
#9423 = DIRECTION('',(-0.515121241062,-0.857117323945,
    -6.308415790392E-17));
#9424 = ADVANCED_FACE('',(#9425),#9443,.T.);
#9425 = FACE_BOUND('',#9426,.T.);
#9426 = EDGE_LOOP('',(#9427,#9428,#9429,#9437));
#9427 = ORIENTED_EDGE('',*,*,#3929,.F.);
#9428 = ORIENTED_EDGE('',*,*,#9390,.T.);
#9429 = ORIENTED_EDGE('',*,*,#9430,.F.);
#9430 = EDGE_CURVE('',#9431,#9383,#9433,.T.);
#9431 = VERTEX_POINT('',#9432);
#9432 = CARTESIAN_POINT('',(-3.183425434598,7.839740524075,9.8));
#9433 = LINE('',#9434,#9435);
#9434 = CARTESIAN_POINT('',(-0.832958799221,4.639448244186,9.8));
#9435 = VECTOR('',#9436,1.);
#9436 = DIRECTION('',(-0.591950730267,0.805974151531,-7.249305670748E-17
    ));
#9437 = ORIENTED_EDGE('',*,*,#9438,.F.);
#9438 = EDGE_CURVE('',#3930,#9431,#9439,.T.);
#9439 = LINE('',#9440,#9441);
#9440 = CARTESIAN_POINT('',(-3.183425434598,7.839740524075,11.1));
#9441 = VECTOR('',#9442,1.);
#9442 = DIRECTION('',(1.224646799147E-16,0.,-1.));
#9443 = PLANE('',#9444);
#9444 = AXIS2_PLACEMENT_3D('',#9445,#9446,#9447);
#9445 = CARTESIAN_POINT('',(-3.338299064212,8.050609665441,11.1));
#9446 = DIRECTION('',(-0.805974151531,-0.591950730267,
    -9.870336648678E-17));
#9447 = DIRECTION('',(0.591950730267,-0.805974151531,7.249305670748E-17)
  );
#9448 = ADVANCED_FACE('',(#9449),#9467,.T.);
#9449 = FACE_BOUND('',#9450,.T.);
#9450 = EDGE_LOOP('',(#9451,#9452,#9460,#9466));
#9451 = ORIENTED_EDGE('',*,*,#4033,.F.);
#9452 = ORIENTED_EDGE('',*,*,#9453,.T.);
#9453 = EDGE_CURVE('',#4026,#9454,#9456,.T.);
#9454 = VERTEX_POINT('',#9455);
#9455 = CARTESIAN_POINT('',(-2.927485028781,4.632949463205,9.8));
#9456 = LINE('',#9457,#9458);
#9457 = CARTESIAN_POINT('',(-2.927485028781,4.632949463205,11.1));
#9458 = VECTOR('',#9459,1.);
#9459 = DIRECTION('',(1.224646799147E-16,0.,-1.));
#9460 = ORIENTED_EDGE('',*,*,#9461,.F.);
#9461 = EDGE_CURVE('',#9406,#9454,#9462,.T.);
#9462 = LINE('',#9463,#9464);
#9463 = CARTESIAN_POINT('',(-3.558447141858,3.333876954349,9.8));
#9464 = VECTOR('',#9465,1.);
#9465 = DIRECTION('',(0.436895019594,0.899512502333,5.350420873098E-17)
  );
#9466 = ORIENTED_EDGE('',*,*,#9405,.F.);
#9467 = PLANE('',#9468);
#9468 = AXIS2_PLACEMENT_3D('',#9469,#9470,#9471);
#9469 = CARTESIAN_POINT('',(-2.927485028781,4.632949463205,11.1));
#9470 = DIRECTION('',(-0.899512502333,0.436895019594,-1.101585106775E-16
    ));
#9471 = DIRECTION('',(-0.436895019594,-0.899512502333,
    -5.350420873098E-17));
#9472 = ADVANCED_FACE('',(#9473),#9491,.T.);
#9473 = FACE_BOUND('',#9474,.T.);
#9474 = EDGE_LOOP('',(#9475,#9476,#9477,#9485));
#9475 = ORIENTED_EDGE('',*,*,#3937,.F.);
#9476 = ORIENTED_EDGE('',*,*,#9438,.T.);
#9477 = ORIENTED_EDGE('',*,*,#9478,.F.);
#9478 = EDGE_CURVE('',#9479,#9431,#9481,.T.);
#9479 = VERTEX_POINT('',#9480);
#9480 = CARTESIAN_POINT('',(-3.046046411089,7.611153675757,9.8));
#9481 = LINE('',#9482,#9483);
#9482 = CARTESIAN_POINT('',(-1.030366105793,4.257235468767,9.8));
#9483 = VECTOR('',#9484,1.);
#9484 = DIRECTION('',(-0.515121241062,0.857117323945,-6.308415790392E-17
    ));
#9485 = ORIENTED_EDGE('',*,*,#9486,.F.);
#9486 = EDGE_CURVE('',#3938,#9479,#9487,.T.);
#9487 = LINE('',#9488,#9489);
#9488 = CARTESIAN_POINT('',(-3.046046411089,7.611153675757,11.1));
#9489 = VECTOR('',#9490,1.);
#9490 = DIRECTION('',(1.224646799147E-16,0.,-1.));
#9491 = PLANE('',#9492);
#9492 = AXIS2_PLACEMENT_3D('',#9493,#9494,#9495);
#9493 = CARTESIAN_POINT('',(-3.183425434598,7.839740524075,11.1));
#9494 = DIRECTION('',(-0.857117323945,-0.515121241062,
    -1.049665987263E-16));
#9495 = DIRECTION('',(0.515121241062,-0.857117323945,6.308415790392E-17)
  );
#9496 = ADVANCED_FACE('',(#9497),#9515,.T.);
#9497 = FACE_BOUND('',#9498,.T.);
#9498 = EDGE_LOOP('',(#9499,#9500,#9508,#9514));
#9499 = ORIENTED_EDGE('',*,*,#4025,.F.);
#9500 = ORIENTED_EDGE('',*,*,#9501,.T.);
#9501 = EDGE_CURVE('',#4018,#9502,#9504,.T.);
#9502 = VERTEX_POINT('',#9503);
#9503 = CARTESIAN_POINT('',(-2.828883098598,4.890218046141,9.8));
#9504 = LINE('',#9505,#9506);
#9505 = CARTESIAN_POINT('',(-2.828883098598,4.890218046141,11.1));
#9506 = VECTOR('',#9507,1.);
#9507 = DIRECTION('',(1.224646799147E-16,0.,-1.));
#9508 = ORIENTED_EDGE('',*,*,#9509,.F.);
#9509 = EDGE_CURVE('',#9454,#9502,#9510,.T.);
#9510 = LINE('',#9511,#9512);
#9511 = CARTESIAN_POINT('',(-3.464822710764,3.230947456288,9.8));
#9512 = VECTOR('',#9513,1.);
#9513 = DIRECTION('',(0.357880020029,0.933767578824,4.382766210078E-17)
  );
#9514 = ORIENTED_EDGE('',*,*,#9453,.F.);
#9515 = PLANE('',#9516);
#9516 = AXIS2_PLACEMENT_3D('',#9517,#9518,#9519);
#9517 = CARTESIAN_POINT('',(-2.828883098598,4.890218046141,11.1));
#9518 = DIRECTION('',(-0.933767578824,0.357880020029,-1.143535476555E-16
    ));
#9519 = DIRECTION('',(-0.357880020029,-0.933767578824,
    -4.382766210078E-17));
#9520 = ADVANCED_FACE('',(#9521),#9539,.T.);
#9521 = FACE_BOUND('',#9522,.T.);
#9522 = EDGE_LOOP('',(#9523,#9524,#9525,#9533));
#9523 = ORIENTED_EDGE('',*,*,#3945,.F.);
#9524 = ORIENTED_EDGE('',*,*,#9486,.T.);
#9525 = ORIENTED_EDGE('',*,*,#9526,.F.);
#9526 = EDGE_CURVE('',#9527,#9479,#9529,.T.);
#9527 = VERTEX_POINT('',#9528);
#9528 = CARTESIAN_POINT('',(-2.927485028781,7.367050536795,9.8));
#9529 = LINE('',#9530,#9531);
#9530 = CARTESIAN_POINT('',(-1.259772639018,3.93343816401,9.8));
#9531 = VECTOR('',#9532,1.);
#9532 = DIRECTION('',(-0.436895019594,0.899512502333,-5.350420873098E-17
    ));
#9533 = ORIENTED_EDGE('',*,*,#9534,.F.);
#9534 = EDGE_CURVE('',#3946,#9527,#9535,.T.);
#9535 = LINE('',#9536,#9537);
#9536 = CARTESIAN_POINT('',(-2.927485028781,7.367050536795,11.1));
#9537 = VECTOR('',#9538,1.);
#9538 = DIRECTION('',(1.224646799147E-16,0.,-1.));
#9539 = PLANE('',#9540);
#9540 = AXIS2_PLACEMENT_3D('',#9541,#9542,#9543);
#9541 = CARTESIAN_POINT('',(-3.046046411089,7.611153675757,11.1));
#9542 = DIRECTION('',(-0.899512502333,-0.436895019594,
    -1.101585106775E-16));
#9543 = DIRECTION('',(0.436895019594,-0.899512502333,5.350420873098E-17)
  );
#9544 = ADVANCED_FACE('',(#9545),#9563,.T.);
#9545 = FACE_BOUND('',#9546,.T.);
#9546 = EDGE_LOOP('',(#9547,#9548,#9556,#9562));
#9547 = ORIENTED_EDGE('',*,*,#4017,.F.);
#9548 = ORIENTED_EDGE('',*,*,#9549,.T.);
#9549 = EDGE_CURVE('',#4010,#9550,#9552,.T.);
#9550 = VERTEX_POINT('',#9551);
#9551 = CARTESIAN_POINT('',(-2.751190211029,5.158174435962,9.8));
#9552 = LINE('',#9553,#9554);
#9553 = CARTESIAN_POINT('',(-2.751190211029,5.158174435962,11.1));
#9554 = VECTOR('',#9555,1.);
#9555 = DIRECTION('',(1.224646799147E-16,0.,-1.));
#9556 = ORIENTED_EDGE('',*,*,#9557,.F.);
#9557 = EDGE_CURVE('',#9502,#9550,#9558,.T.);
#9558 = LINE('',#9559,#9560);
#9559 = CARTESIAN_POINT('',(-3.33431892433,3.147011384805,9.8));
#9560 = VECTOR('',#9561,1.);
#9561 = DIRECTION('',(0.278476623141,0.960443007348,3.410355051676E-17)
  );
#9562 = ORIENTED_EDGE('',*,*,#9501,.F.);
#9563 = PLANE('',#9564);
#9564 = AXIS2_PLACEMENT_3D('',#9565,#9566,#9567);
#9565 = CARTESIAN_POINT('',(-2.751190211029,5.158174435962,11.1));
#9566 = DIRECTION('',(-0.960443007348,0.278476623141,-1.176203454712E-16
    ));
#9567 = DIRECTION('',(-0.278476623141,-0.960443007348,
    -3.410355051676E-17));
#9568 = ADVANCED_FACE('',(#9569),#9587,.T.);
#9569 = FACE_BOUND('',#9570,.T.);
#9570 = EDGE_LOOP('',(#9571,#9572,#9573,#9581));
#9571 = ORIENTED_EDGE('',*,*,#3953,.F.);
#9572 = ORIENTED_EDGE('',*,*,#9534,.T.);
#9573 = ORIENTED_EDGE('',*,*,#9574,.F.);
#9574 = EDGE_CURVE('',#9575,#9527,#9577,.T.);
#9575 = VERTEX_POINT('',#9576);
#9576 = CARTESIAN_POINT('',(-2.828883098598,7.109781953859,9.8));
#9577 = LINE('',#9578,#9579);
#9578 = CARTESIAN_POINT('',(-1.509063116981,3.666155487597,9.8));
#9579 = VECTOR('',#9580,1.);
#9580 = DIRECTION('',(-0.357880020029,0.933767578824,-4.382766210078E-17
    ));
#9581 = ORIENTED_EDGE('',*,*,#9582,.F.);
#9582 = EDGE_CURVE('',#3954,#9575,#9583,.T.);
#9583 = LINE('',#9584,#9585);
#9584 = CARTESIAN_POINT('',(-2.828883098598,7.109781953859,11.1));
#9585 = VECTOR('',#9586,1.);
#9586 = DIRECTION('',(1.224646799147E-16,0.,-1.));
#9587 = PLANE('',#9588);
#9588 = AXIS2_PLACEMENT_3D('',#9589,#9590,#9591);
#9589 = CARTESIAN_POINT('',(-2.927485028781,7.367050536795,11.1));
#9590 = DIRECTION('',(-0.933767578824,-0.357880020029,
    -1.143535476555E-16));
#9591 = DIRECTION('',(0.357880020029,-0.933767578824,4.382766210078E-17)
  );
#9592 = ADVANCED_FACE('',(#9593),#9611,.T.);
#9593 = FACE_BOUND('',#9594,.T.);
#9594 = EDGE_LOOP('',(#9595,#9596,#9604,#9610));
#9595 = ORIENTED_EDGE('',*,*,#4009,.F.);
#9596 = ORIENTED_EDGE('',*,*,#9597,.T.);
#9597 = EDGE_CURVE('',#4002,#9598,#9600,.T.);
#9598 = VERTEX_POINT('',#9599);
#9599 = CARTESIAN_POINT('',(-2.695154591052,5.434238066153,9.8));
#9600 = LINE('',#9601,#9602);
#9601 = CARTESIAN_POINT('',(-2.695154591052,5.434238066153,11.1));
#9602 = VECTOR('',#9603,1.);
#9603 = DIRECTION('',(1.224646799147E-16,0.,-1.));
#9604 = ORIENTED_EDGE('',*,*,#9605,.F.);
#9605 = EDGE_CURVE('',#9550,#9598,#9606,.T.);
#9606 = LINE('',#9607,#9608);
#9607 = CARTESIAN_POINT('',(-3.17152861826,3.087346154651,9.8));
#9608 = VECTOR('',#9609,1.);
#9609 = DIRECTION('',(0.198924215777,0.98001487559,2.436119041239E-17));
#9610 = ORIENTED_EDGE('',*,*,#9549,.F.);
#9611 = PLANE('',#9612);
#9612 = AXIS2_PLACEMENT_3D('',#9613,#9614,#9615);
#9613 = CARTESIAN_POINT('',(-2.695154591052,5.434238066153,11.1));
#9614 = DIRECTION('',(-0.98001487559,0.198924215777,-1.200172080508E-16)
  );
#9615 = DIRECTION('',(-0.198924215777,-0.98001487559,-2.436119041239E-17
    ));
#9616 = ADVANCED_FACE('',(#9617),#9635,.T.);
#9617 = FACE_BOUND('',#9618,.T.);
#9618 = EDGE_LOOP('',(#9619,#9620,#9621,#9629));
#9619 = ORIENTED_EDGE('',*,*,#3961,.F.);
#9620 = ORIENTED_EDGE('',*,*,#9582,.T.);
#9621 = ORIENTED_EDGE('',*,*,#9622,.F.);
#9622 = EDGE_CURVE('',#9623,#9575,#9625,.T.);
#9623 = VERTEX_POINT('',#9624);
#9624 = CARTESIAN_POINT('',(-2.751190211029,6.841825564038,9.8));
#9625 = LINE('',#9626,#9627);
#9626 = CARTESIAN_POINT('',(-1.768399815677,3.452262187923,9.8));
#9627 = VECTOR('',#9628,1.);
#9628 = DIRECTION('',(-0.278476623141,0.960443007348,-3.410355051676E-17
    ));
#9629 = ORIENTED_EDGE('',*,*,#9630,.F.);
#9630 = EDGE_CURVE('',#3962,#9623,#9631,.T.);
#9631 = LINE('',#9632,#9633);
#9632 = CARTESIAN_POINT('',(-2.751190211029,6.841825564038,11.1));
#9633 = VECTOR('',#9634,1.);
#9634 = DIRECTION('',(1.224646799147E-16,0.,-1.));
#9635 = PLANE('',#9636);
#9636 = AXIS2_PLACEMENT_3D('',#9637,#9638,#9639);
#9637 = CARTESIAN_POINT('',(-2.828883098598,7.109781953859,11.1));
#9638 = DIRECTION('',(-0.960443007348,-0.278476623141,
    -1.176203454712E-16));
#9639 = DIRECTION('',(0.278476623141,-0.960443007348,3.410355051676E-17)
  );
#9640 = ADVANCED_FACE('',(#9641),#9659,.T.);
#9641 = FACE_BOUND('',#9642,.T.);
#9642 = EDGE_LOOP('',(#9643,#9644,#9652,#9658));
#9643 = ORIENTED_EDGE('',*,*,#4001,.F.);
#9644 = ORIENTED_EDGE('',*,*,#9645,.T.);
#9645 = EDGE_CURVE('',#3994,#9646,#9648,.T.);
#9646 = VERTEX_POINT('',#9647);
#9647 = CARTESIAN_POINT('',(-2.66131589232,5.715750293044,9.8));
#9648 = LINE('',#9649,#9650);
#9649 = CARTESIAN_POINT('',(-2.66131589232,5.715750293044,11.1));
#9650 = VECTOR('',#9651,1.);
#9651 = DIRECTION('',(1.224646799147E-16,0.,-1.));
#9652 = ORIENTED_EDGE('',*,*,#9653,.F.);
#9653 = EDGE_CURVE('',#9598,#9646,#9654,.T.);
#9654 = LINE('',#9655,#9656);
#9655 = CARTESIAN_POINT('',(-2.980996450538,3.056251281272,9.8));
#9656 = VECTOR('',#9657,1.);
#9657 = DIRECTION('',(0.119344200134,0.992852940719,1.461544926909E-17)
  );
#9658 = ORIENTED_EDGE('',*,*,#9597,.F.);
#9659 = PLANE('',#9660);
#9660 = AXIS2_PLACEMENT_3D('',#9661,#9662,#9663);
#9661 = CARTESIAN_POINT('',(-2.66131589232,5.715750293044,11.1));
#9662 = DIRECTION('',(-0.992852940719,0.119344200134,-1.215894175876E-16
    ));
#9663 = DIRECTION('',(-0.119344200134,-0.992852940719,
    -1.461544926909E-17));
#9664 = ADVANCED_FACE('',(#9665),#9683,.T.);
#9665 = FACE_BOUND('',#9666,.T.);
#9666 = EDGE_LOOP('',(#9667,#9668,#9669,#9677));
#9667 = ORIENTED_EDGE('',*,*,#3969,.F.);
#9668 = ORIENTED_EDGE('',*,*,#9630,.T.);
#9669 = ORIENTED_EDGE('',*,*,#9670,.F.);
#9670 = EDGE_CURVE('',#9671,#9623,#9673,.T.);
#9671 = VERTEX_POINT('',#9672);
#9672 = CARTESIAN_POINT('',(-2.695154591052,6.565761933847,9.8));
#9673 = LINE('',#9674,#9675);
#9674 = CARTESIAN_POINT('',(-2.029854284791,3.288110722179,9.8));
#9675 = VECTOR('',#9676,1.);
#9676 = DIRECTION('',(-0.198924215777,0.98001487559,-2.436119041239E-17)
  );
#9677 = ORIENTED_EDGE('',*,*,#9678,.F.);
#9678 = EDGE_CURVE('',#3970,#9671,#9679,.T.);
#9679 = LINE('',#9680,#9681);
#9680 = CARTESIAN_POINT('',(-2.695154591052,6.565761933847,11.1));
#9681 = VECTOR('',#9682,1.);
#9682 = DIRECTION('',(1.224646799147E-16,0.,-1.));
#9683 = PLANE('',#9684);
#9684 = AXIS2_PLACEMENT_3D('',#9685,#9686,#9687);
#9685 = CARTESIAN_POINT('',(-2.751190211029,6.841825564038,11.1));
#9686 = DIRECTION('',(-0.98001487559,-0.198924215777,-1.200172080508E-16
    ));
#9687 = DIRECTION('',(0.198924215777,-0.98001487559,2.436119041239E-17)
  );
#9688 = ADVANCED_FACE('',(#9689),#9707,.T.);
#9689 = FACE_BOUND('',#9690,.T.);
#9690 = EDGE_LOOP('',(#9691,#9692,#9700,#9706));
#9691 = ORIENTED_EDGE('',*,*,#3993,.F.);
#9692 = ORIENTED_EDGE('',*,*,#9693,.T.);
#9693 = EDGE_CURVE('',#3986,#9694,#9696,.T.);
#9694 = VERTEX_POINT('',#9695);
#9695 = CARTESIAN_POINT('',(-2.65,6.,9.8));
#9696 = LINE('',#9697,#9698);
#9697 = CARTESIAN_POINT('',(-2.65,6.,11.1));
#9698 = VECTOR('',#9699,1.);
#9699 = DIRECTION('',(1.224646799147E-16,0.,-1.));
#9700 = ORIENTED_EDGE('',*,*,#9701,.F.);
#9701 = EDGE_CURVE('',#9646,#9694,#9702,.T.);
#9702 = LINE('',#9703,#9704);
#9703 = CARTESIAN_POINT('',(-2.76714354043,3.05741128527,9.8));
#9704 = VECTOR('',#9705,1.);
#9705 = DIRECTION('',(3.977818062968E-02,0.999208534964,
    4.871422158405E-18));
#9706 = ORIENTED_EDGE('',*,*,#9645,.F.);
#9707 = PLANE('',#9708);
#9708 = AXIS2_PLACEMENT_3D('',#9709,#9710,#9711);
#9709 = CARTESIAN_POINT('',(-2.65,6.,11.1));
#9710 = DIRECTION('',(-0.999208534964,3.977818062968E-02,
    -1.223677534025E-16));
#9711 = DIRECTION('',(-3.977818062968E-02,-0.999208534964,
    -4.871422158405E-18));
#9712 = ADVANCED_FACE('',(#9713),#9731,.T.);
#9713 = FACE_BOUND('',#9714,.T.);
#9714 = EDGE_LOOP('',(#9715,#9716,#9717,#9725));
#9715 = ORIENTED_EDGE('',*,*,#3977,.F.);
#9716 = ORIENTED_EDGE('',*,*,#9678,.T.);
#9717 = ORIENTED_EDGE('',*,*,#9718,.F.);
#9718 = EDGE_CURVE('',#9719,#9671,#9721,.T.);
#9719 = VERTEX_POINT('',#9720);
#9720 = CARTESIAN_POINT('',(-2.66131589232,6.284249706956,9.8));
#9721 = LINE('',#9722,#9723);
#9722 = CARTESIAN_POINT('',(-2.286968359539,3.169963060807,9.8));
#9723 = VECTOR('',#9724,1.);
#9724 = DIRECTION('',(-0.119344200134,0.992852940719,-1.461544926909E-17
    ));
#9725 = ORIENTED_EDGE('',*,*,#9726,.F.);
#9726 = EDGE_CURVE('',#3978,#9719,#9727,.T.);
#9727 = LINE('',#9728,#9729);
#9728 = CARTESIAN_POINT('',(-2.66131589232,6.284249706956,11.1));
#9729 = VECTOR('',#9730,1.);
#9730 = DIRECTION('',(1.224646799147E-16,0.,-1.));
#9731 = PLANE('',#9732);
#9732 = AXIS2_PLACEMENT_3D('',#9733,#9734,#9735);
#9733 = CARTESIAN_POINT('',(-2.695154591052,6.565761933847,11.1));
#9734 = DIRECTION('',(-0.992852940719,-0.119344200134,
    -1.215894175876E-16));
#9735 = DIRECTION('',(0.119344200134,-0.992852940719,1.461544926909E-17)
  );
#9736 = ADVANCED_FACE('',(#9737),#9748,.T.);
#9737 = FACE_BOUND('',#9738,.T.);
#9738 = EDGE_LOOP('',(#9739,#9740,#9741,#9747));
#9739 = ORIENTED_EDGE('',*,*,#3985,.F.);
#9740 = ORIENTED_EDGE('',*,*,#9726,.T.);
#9741 = ORIENTED_EDGE('',*,*,#9742,.F.);
#9742 = EDGE_CURVE('',#9694,#9719,#9743,.T.);
#9743 = LINE('',#9744,#9745);
#9744 = CARTESIAN_POINT('',(-2.534321301047,3.094207390133,9.8));
#9745 = VECTOR('',#9746,1.);
#9746 = DIRECTION('',(-3.977818062968E-02,0.999208534964,
    -4.871422158405E-18));
#9747 = ORIENTED_EDGE('',*,*,#9693,.F.);
#9748 = PLANE('',#9749);
#9749 = AXIS2_PLACEMENT_3D('',#9750,#9751,#9752);
#9750 = CARTESIAN_POINT('',(-2.66131589232,6.284249706956,11.1));
#9751 = DIRECTION('',(-0.999208534964,-3.977818062968E-02,
    -1.223677534025E-16));
#9752 = DIRECTION('',(3.977818062968E-02,-0.999208534964,
    4.871422158405E-18));
#9753 = ADVANCED_FACE('',(#9754),#9773,.T.);
#9754 = FACE_BOUND('',#9755,.T.);
#9755 = EDGE_LOOP('',(#9756,#9757,#9758,#9766));
#9756 = ORIENTED_EDGE('',*,*,#4295,.F.);
#9757 = ORIENTED_EDGE('',*,*,#4248,.T.);
#9758 = ORIENTED_EDGE('',*,*,#9759,.T.);
#9759 = EDGE_CURVE('',#4249,#9760,#9762,.T.);
#9760 = VERTEX_POINT('',#9761);
#9761 = CARTESIAN_POINT('',(10.631089015392,-15.98811891208,5.95));
#9762 = LINE('',#9763,#9764);
#9763 = CARTESIAN_POINT('',(10.631089015392,-15.98811891208,11.));
#9764 = VECTOR('',#9765,1.);
#9765 = DIRECTION('',(1.224646799147E-16,0.,-1.));
#9766 = ORIENTED_EDGE('',*,*,#9767,.F.);
#9767 = EDGE_CURVE('',#4296,#9760,#9768,.T.);
#9768 = CIRCLE('',#9769,4.8);
#9769 = AXIS2_PLACEMENT_3D('',#9770,#9771,#9772);
#9770 = CARTESIAN_POINT('',(15.,-14.,5.95));
#9771 = DIRECTION('',(1.224646799147E-16,0.,-1.));
#9772 = DIRECTION('',(-1.,0.,-1.224646799147E-16));
#9773 = CYLINDRICAL_SURFACE('',#9774,4.8);
#9774 = AXIS2_PLACEMENT_3D('',#9775,#9776,#9777);
#9775 = CARTESIAN_POINT('',(15.,-14.,11.));
#9776 = DIRECTION('',(1.224646799147E-16,0.,-1.));
#9777 = DIRECTION('',(-1.,0.,-1.224646799147E-16));
#9778 = ADVANCED_FACE('',(#9779),#9828,.T.);
#9779 = FACE_BOUND('',#9780,.T.);
#9780 = EDGE_LOOP('',(#9781,#9798,#9799,#9821));
#9781 = ORIENTED_EDGE('',*,*,#9782,.T.);
#9782 = EDGE_CURVE('',#9783,#4287,#9785,.T.);
#9783 = VERTEX_POINT('',#9784);
#9784 = CARTESIAN_POINT('',(16.991085735181,-7.928777051963,5.5));
#9785 = B_SPLINE_CURVE_WITH_KNOTS('',6,(#9786,#9787,#9788,#9789,#9790,
    #9791,#9792,#9793,#9794,#9795,#9796,#9797),.UNSPECIFIED.,.F.,.F.,(7,
    5,7),(0.,0.502055504357,1.),.UNSPECIFIED.);
#9786 = CARTESIAN_POINT('',(16.991085735177,-7.928777051972,5.5));
#9787 = CARTESIAN_POINT('',(17.026402484257,-7.991145623628,
    5.499999919068));
#9788 = CARTESIAN_POINT('',(17.061867537814,-8.053051085491,
    5.509088173188));
#9789 = CARTESIAN_POINT('',(17.09645187899,-8.112717002209,
    5.527291089894));
#9790 = CARTESIAN_POINT('',(17.12908642349,-8.168434380193,
    5.554266646762));
#9791 = CARTESIAN_POINT('',(17.158714359735,-8.218606611253,
    5.58923452236));
#9792 = CARTESIAN_POINT('',(17.209961799859,-8.30487025421,
    5.672362720178));
#9793 = CARTESIAN_POINT('',(17.231651777395,-8.341085353569,
    5.720424191776));
#9794 = CARTESIAN_POINT('',(17.248630777669,-8.369254365894,
    5.773951614025));
#9795 = CARTESIAN_POINT('',(17.260202917114,-8.388393067793,
    5.831339204625));
#9796 = CARTESIAN_POINT('',(17.265986514663,-8.397958661214,
    5.890675507461));
#9797 = CARTESIAN_POINT('',(17.265986514663,-8.397958661214,5.95));
#9798 = ORIENTED_EDGE('',*,*,#4303,.T.);
#9799 = ORIENTED_EDGE('',*,*,#9800,.T.);
#9800 = EDGE_CURVE('',#4296,#9801,#9803,.T.);
#9801 = VERTEX_POINT('',#9802);
#9802 = CARTESIAN_POINT('',(16.004857279357,-9.767652914975,5.5));
#9803 = B_SPLINE_CURVE_WITH_KNOTS('',6,(#9804,#9805,#9806,#9807,#9808,
    #9809,#9810,#9811,#9812,#9813,#9814,#9815,#9816,#9817,#9818,#9819,
    #9820),.UNSPECIFIED.,.F.,.F.,(7,5,5,7),(0.,0.278214844974,
    0.562029413396,1.),.UNSPECIFIED.);
#9804 = CARTESIAN_POINT('',(16.682450177007,-9.504517667492,5.95));
#9805 = CARTESIAN_POINT('',(16.682450177007,-9.504517667492,
    5.915954989457));
#9806 = CARTESIAN_POINT('',(16.677968406306,-9.506140560525,
    5.881907598871));
#9807 = CARTESIAN_POINT('',(16.669003335,-9.509386531622,5.848261170281)
  );
#9808 = CARTESIAN_POINT('',(16.655661953932,-9.514228377456,
    5.815407908765));
#9809 = CARTESIAN_POINT('',(16.63814194201,-9.520615195873,
    5.783708755058));
#9810 = CARTESIAN_POINT('',(16.594854434345,-9.536495173548,
    5.722629201285));
#9811 = CARTESIAN_POINT('',(16.568925744098,-9.546049026569,
    5.693305496687));
#9812 = CARTESIAN_POINT('',(16.539212202994,-9.557063082999,
    5.665830379946));
#9813 = CARTESIAN_POINT('',(16.50606274239,-9.569445390841,
    5.640466628539));
#9814 = CARTESIAN_POINT('',(16.469862041511,-9.583092131704,
    5.617414670236));
#9815 = CARTESIAN_POINT('',(16.371034285638,-9.620733465246,
    5.565028222473));
#9816 = CARTESIAN_POINT('',(16.30473542958,-9.646321801884,5.53908334296
    ));
#9817 = CARTESIAN_POINT('',(16.233536142828,-9.67425708825,
    5.519496378853));
#9818 = CARTESIAN_POINT('',(16.15891061828,-9.704102819949,
    5.506468332602));
#9819 = CARTESIAN_POINT('',(16.082235327909,-9.735405080445,
    5.49999996925));
#9820 = CARTESIAN_POINT('',(16.004857279332,-9.767652915016,5.5));
#9821 = ORIENTED_EDGE('',*,*,#9822,.F.);
#9822 = EDGE_CURVE('',#9783,#9801,#9823,.T.);
#9823 = CIRCLE('',#9824,18.75);
#9824 = AXIS2_PLACEMENT_3D('',#9825,#9826,#9827);
#9825 = CARTESIAN_POINT('',(6.73555739531E-16,0.,5.5));
#9826 = DIRECTION('',(1.224646799147E-16,0.,-1.));
#9827 = DIRECTION('',(-1.,0.,-1.224646799147E-16));
#9828 = TOROIDAL_SURFACE('',#9829,18.75,0.45);
#9829 = AXIS2_PLACEMENT_3D('',#9830,#9831,#9832);
#9830 = CARTESIAN_POINT('',(6.184466335694E-16,0.,5.95));
#9831 = DIRECTION('',(1.224646799147E-16,0.,-1.));
#9832 = DIRECTION('',(-1.,0.,-1.224646799147E-16));
#9833 = ADVANCED_FACE('',(#9834),#9853,.T.);
#9834 = FACE_BOUND('',#9835,.T.);
#9835 = EDGE_LOOP('',(#9836,#9844,#9845,#9846));
#9836 = ORIENTED_EDGE('',*,*,#9837,.F.);
#9837 = EDGE_CURVE('',#4378,#9838,#9840,.T.);
#9838 = VERTEX_POINT('',#9839);
#9839 = CARTESIAN_POINT('',(-19.19999416045,1.497459796882E-02,5.95));
#9840 = LINE('',#9841,#9842);
#9841 = CARTESIAN_POINT('',(-19.19999416045,1.4974597969E-02,11.));
#9842 = VECTOR('',#9843,1.);
#9843 = DIRECTION('',(1.224646799147E-16,0.,-1.));
#9844 = ORIENTED_EDGE('',*,*,#4388,.T.);
#9845 = ORIENTED_EDGE('',*,*,#4343,.T.);
#9846 = ORIENTED_EDGE('',*,*,#9847,.F.);
#9847 = EDGE_CURVE('',#9838,#4344,#9848,.T.);
#9848 = CIRCLE('',#9849,19.2);
#9849 = AXIS2_PLACEMENT_3D('',#9850,#9851,#9852);
#9850 = CARTESIAN_POINT('',(6.184466335694E-16,0.,5.95));
#9851 = DIRECTION('',(1.224646799147E-16,0.,-1.));
#9852 = DIRECTION('',(-1.,0.,-1.224646799147E-16));
#9853 = CYLINDRICAL_SURFACE('',#9854,19.2);
#9854 = AXIS2_PLACEMENT_3D('',#9855,#9856,#9857);
#9855 = CARTESIAN_POINT('',(0.,0.,11.));
#9856 = DIRECTION('',(1.224646799147E-16,0.,-1.));
#9857 = DIRECTION('',(-1.,0.,-1.224646799147E-16));
#9858 = ADVANCED_FACE('',(#9859),#9887,.T.);
#9859 = FACE_BOUND('',#9860,.T.);
#9860 = EDGE_LOOP('',(#9861,#9862,#9871,#9886));
#9861 = ORIENTED_EDGE('',*,*,#9782,.F.);
#9862 = ORIENTED_EDGE('',*,*,#9863,.F.);
#9863 = EDGE_CURVE('',#9864,#9783,#9866,.T.);
#9864 = VERTEX_POINT('',#9865);
#9865 = CARTESIAN_POINT('',(18.747802456562,-0.287059313956,5.5));
#9866 = CIRCLE('',#9867,3.95);
#9867 = AXIS2_PLACEMENT_3D('',#9868,#9869,#9870);
#9868 = CARTESIAN_POINT('',(17.4,-4.,5.5));
#9869 = DIRECTION('',(1.224646799147E-16,0.,-1.));
#9870 = DIRECTION('',(-1.,0.,-1.224646799147E-16));
#9871 = ORIENTED_EDGE('',*,*,#9872,.F.);
#9872 = EDGE_CURVE('',#4344,#9864,#9873,.T.);
#9873 = B_SPLINE_CURVE_WITH_KNOTS('',6,(#9874,#9875,#9876,#9877,#9878,
    #9879,#9880,#9881,#9882,#9883,#9884,#9885),.UNSPECIFIED.,.F.,.F.,(7,
    5,7),(0.,0.497114826009,1.),.UNSPECIFIED.);
#9874 = CARTESIAN_POINT('',(19.199994160453,1.497459796901E-02,5.95));
#9875 = CARTESIAN_POINT('',(19.199994160453,1.497459796901E-02,
    5.890774352348));
#9876 = CARTESIAN_POINT('',(19.190645183811,8.915179428157E-03,
    5.831536982524));
#9877 = CARTESIAN_POINT('',(19.171939573001,-3.208217409471E-03,
    5.774238542857));
#9878 = CARTESIAN_POINT('',(19.144453785185,-2.10761472644E-02,
    5.720781028644));
#9879 = CARTESIAN_POINT('',(19.10923683068,-4.411083484414E-02,
    5.672763293715));
#9880 = CARTESIAN_POINT('',(19.025570511597,-9.926158215201E-02,
    5.589523719522));
#9881 = CARTESIAN_POINT('',(18.97696078664,-0.131487640025,
    5.554445146289));
#9882 = CARTESIAN_POINT('',(18.923199602331,-0.16740622365,5.52738142432
    ));
#9883 = CARTESIAN_POINT('',(18.865942882236,-0.206037982423,
    5.509118242451));
#9884 = CARTESIAN_POINT('',(18.806907184249,-0.246307167539,
    5.499999918069));
#9885 = CARTESIAN_POINT('',(18.747802456562,-0.287059313974,5.5));
#9886 = ORIENTED_EDGE('',*,*,#4353,.T.);
#9887 = TOROIDAL_SURFACE('',#9888,3.95,0.45);
#9888 = AXIS2_PLACEMENT_3D('',#9889,#9890,#9891);
#9889 = CARTESIAN_POINT('',(17.4,-4.,5.95));
#9890 = DIRECTION('',(1.224646799147E-16,0.,-1.));
#9891 = DIRECTION('',(-1.,0.,-1.224646799147E-16));
#9892 = ADVANCED_FACE('',(#9893),#9922,.T.);
#9893 = FACE_BOUND('',#9894,.T.);
#9894 = EDGE_LOOP('',(#9895,#9906,#9912,#9913,#9914,#9915));
#9895 = ORIENTED_EDGE('',*,*,#9896,.F.);
#9896 = EDGE_CURVE('',#9897,#9899,#9901,.T.);
#9897 = VERTEX_POINT('',#9898);
#9898 = CARTESIAN_POINT('',(-17.26598651466,-8.397958661214,5.95));
#9899 = VERTEX_POINT('',#9900);
#9900 = CARTESIAN_POINT('',(-21.8,-4.,5.95));
#9901 = CIRCLE('',#9902,4.4);
#9902 = AXIS2_PLACEMENT_3D('',#9903,#9904,#9905);
#9903 = CARTESIAN_POINT('',(-17.4,-4.,5.95));
#9904 = DIRECTION('',(1.224646799147E-16,0.,-1.));
#9905 = DIRECTION('',(-1.,0.,-1.224646799147E-16));
#9906 = ORIENTED_EDGE('',*,*,#9907,.F.);
#9907 = EDGE_CURVE('',#6346,#9897,#9908,.T.);
#9908 = LINE('',#9909,#9910);
#9909 = CARTESIAN_POINT('',(-17.26598651466,-8.397958661214,11.));
#9910 = VECTOR('',#9911,1.);
#9911 = DIRECTION('',(1.224646799147E-16,0.,-1.));
#9912 = ORIENTED_EDGE('',*,*,#8133,.T.);
#9913 = ORIENTED_EDGE('',*,*,#5029,.T.);
#9914 = ORIENTED_EDGE('',*,*,#9837,.T.);
#9915 = ORIENTED_EDGE('',*,*,#9916,.F.);
#9916 = EDGE_CURVE('',#9899,#9838,#9917,.T.);
#9917 = CIRCLE('',#9918,4.4);
#9918 = AXIS2_PLACEMENT_3D('',#9919,#9920,#9921);
#9919 = CARTESIAN_POINT('',(-17.4,-4.,5.95));
#9920 = DIRECTION('',(1.224646799147E-16,0.,-1.));
#9921 = DIRECTION('',(-1.,0.,-1.224646799147E-16));
#9922 = CYLINDRICAL_SURFACE('',#9923,4.4);
#9923 = AXIS2_PLACEMENT_3D('',#9924,#9925,#9926);
#9924 = CARTESIAN_POINT('',(-17.4,-4.,11.));
#9925 = DIRECTION('',(1.224646799147E-16,0.,-1.));
#9926 = DIRECTION('',(-1.,0.,-1.224646799147E-16));
#9927 = ADVANCED_FACE('',(#9928),#9947,.T.);
#9928 = FACE_BOUND('',#9929,.T.);
#9929 = EDGE_LOOP('',(#9930,#9931,#9939,#9946));
#9930 = ORIENTED_EDGE('',*,*,#6214,.T.);
#9931 = ORIENTED_EDGE('',*,*,#9932,.T.);
#9932 = EDGE_CURVE('',#6215,#9933,#9935,.T.);
#9933 = VERTEX_POINT('',#9934);
#9934 = CARTESIAN_POINT('',(-10.63108901539,-15.98811891208,5.95));
#9935 = LINE('',#9936,#9937);
#9936 = CARTESIAN_POINT('',(-10.63108901539,-15.98811891208,11.));
#9937 = VECTOR('',#9938,1.);
#9938 = DIRECTION('',(1.224646799147E-16,0.,-1.));
#9939 = ORIENTED_EDGE('',*,*,#9940,.F.);
#9940 = EDGE_CURVE('',#9760,#9933,#9941,.T.);
#9941 = CIRCLE('',#9942,19.2);
#9942 = AXIS2_PLACEMENT_3D('',#9943,#9944,#9945);
#9943 = CARTESIAN_POINT('',(6.184466335694E-16,0.,5.95));
#9944 = DIRECTION('',(1.224646799147E-16,0.,-1.));
#9945 = DIRECTION('',(-1.,0.,-1.224646799147E-16));
#9946 = ORIENTED_EDGE('',*,*,#9759,.F.);
#9947 = CYLINDRICAL_SURFACE('',#9948,19.2);
#9948 = AXIS2_PLACEMENT_3D('',#9949,#9950,#9951);
#9949 = CARTESIAN_POINT('',(0.,0.,11.));
#9950 = DIRECTION('',(1.224646799147E-16,0.,-1.));
#9951 = DIRECTION('',(-1.,0.,-1.224646799147E-16));
#9952 = ADVANCED_FACE('',(#9953),#9982,.T.);
#9953 = FACE_BOUND('',#9954,.T.);
#9954 = EDGE_LOOP('',(#9955,#9964,#9965,#9966,#9967,#9975));
#9955 = ORIENTED_EDGE('',*,*,#9956,.F.);
#9956 = EDGE_CURVE('',#9933,#9957,#9959,.T.);
#9957 = VERTEX_POINT('',#9958);
#9958 = CARTESIAN_POINT('',(-19.8,-14.,5.95));
#9959 = CIRCLE('',#9960,4.8);
#9960 = AXIS2_PLACEMENT_3D('',#9961,#9962,#9963);
#9961 = CARTESIAN_POINT('',(-15.,-14.,5.95));
#9962 = DIRECTION('',(1.224646799147E-16,0.,-1.));
#9963 = DIRECTION('',(-1.,0.,-1.224646799147E-16));
#9964 = ORIENTED_EDGE('',*,*,#9932,.F.);
#9965 = ORIENTED_EDGE('',*,*,#6253,.T.);
#9966 = ORIENTED_EDGE('',*,*,#6281,.T.);
#9967 = ORIENTED_EDGE('',*,*,#9968,.T.);
#9968 = EDGE_CURVE('',#6282,#9969,#9971,.T.);
#9969 = VERTEX_POINT('',#9970);
#9970 = CARTESIAN_POINT('',(-16.682450177,-9.504517667492,5.95));
#9971 = LINE('',#9972,#9973);
#9972 = CARTESIAN_POINT('',(-16.682450177,-9.504517667492,11.));
#9973 = VECTOR('',#9974,1.);
#9974 = DIRECTION('',(1.224646799147E-16,0.,-1.));
#9975 = ORIENTED_EDGE('',*,*,#9976,.F.);
#9976 = EDGE_CURVE('',#9957,#9969,#9977,.T.);
#9977 = CIRCLE('',#9978,4.8);
#9978 = AXIS2_PLACEMENT_3D('',#9979,#9980,#9981);
#9979 = CARTESIAN_POINT('',(-15.,-14.,5.95));
#9980 = DIRECTION('',(1.224646799147E-16,0.,-1.));
#9981 = DIRECTION('',(-1.,0.,-1.224646799147E-16));
#9982 = CYLINDRICAL_SURFACE('',#9983,4.8);
#9983 = AXIS2_PLACEMENT_3D('',#9984,#9985,#9986);
#9984 = CARTESIAN_POINT('',(-15.,-14.,11.));
#9985 = DIRECTION('',(1.224646799147E-16,0.,-1.));
#9986 = DIRECTION('',(-1.,0.,-1.224646799147E-16));
#9987 = ADVANCED_FACE('',(#9988),#10006,.T.);
#9988 = FACE_BOUND('',#9989,.T.);
#9989 = EDGE_LOOP('',(#9990,#9991,#9992,#10000));
#9990 = ORIENTED_EDGE('',*,*,#6318,.T.);
#9991 = ORIENTED_EDGE('',*,*,#6490,.T.);
#9992 = ORIENTED_EDGE('',*,*,#9993,.T.);
#9993 = EDGE_CURVE('',#6483,#9994,#9996,.T.);
#9994 = VERTEX_POINT('',#9995);
#9995 = CARTESIAN_POINT('',(-16.60101246507,-9.055848085469,10.6));
#9996 = LINE('',#9997,#9998);
#9997 = CARTESIAN_POINT('',(-16.27783795538,-9.324760216592,10.6));
#9998 = VECTOR('',#9999,1.);
#9999 = DIRECTION('',(-0.768688940803,0.639622789062,-9.413724508941E-17
    ));
#10000 = ORIENTED_EDGE('',*,*,#10001,.F.);
#10001 = EDGE_CURVE('',#6319,#9994,#10002,.T.);
#10002 = LINE('',#10003,#10004);
#10003 = CARTESIAN_POINT('',(-16.60101246507,-9.055848085469,11.));
#10004 = VECTOR('',#10005,1.);
#10005 = DIRECTION('',(1.224646799147E-16,0.,-1.));
#10006 = PLANE('',#10007);
#10007 = AXIS2_PLACEMENT_3D('',#10008,#10009,#10010);
#10008 = CARTESIAN_POINT('',(-16.27783795538,-9.324760216592,11.));
#10009 = DIRECTION('',(0.639622789062,0.768688940803,7.833120012865E-17)
  );
#10010 = DIRECTION('',(-0.768688940803,0.639622789062,
    -9.413724508941E-17));
#10011 = ADVANCED_FACE('',(#10012),#10030,.T.);
#10012 = FACE_BOUND('',#10013,.T.);
#10013 = EDGE_LOOP('',(#10014,#10015,#10016,#10024));
#10014 = ORIENTED_EDGE('',*,*,#6445,.T.);
#10015 = ORIENTED_EDGE('',*,*,#10001,.T.);
#10016 = ORIENTED_EDGE('',*,*,#10017,.T.);
#10017 = EDGE_CURVE('',#9994,#10018,#10020,.T.);
#10018 = VERTEX_POINT('',#10019);
#10019 = CARTESIAN_POINT('',(-16.89913780286,-8.752691193458,10.6));
#10020 = LINE('',#10021,#10022);
#10021 = CARTESIAN_POINT('',(-16.60101246507,-9.055848085469,10.6));
#10022 = VECTOR('',#10023,1.);
#10023 = DIRECTION('',(-0.701165134008,0.712998916445,
    -8.586796370363E-17));
#10024 = ORIENTED_EDGE('',*,*,#10025,.F.);
#10025 = EDGE_CURVE('',#6403,#10018,#10026,.T.);
#10026 = LINE('',#10027,#10028);
#10027 = CARTESIAN_POINT('',(-16.89913780286,-8.752691193458,11.));
#10028 = VECTOR('',#10029,1.);
#10029 = DIRECTION('',(1.224646799147E-16,0.,-1.));
#10030 = PLANE('',#10031);
#10031 = AXIS2_PLACEMENT_3D('',#10032,#10033,#10034);
#10032 = CARTESIAN_POINT('',(-16.60101246507,-9.055848085469,11.));
#10033 = DIRECTION('',(0.712998916445,0.701165134008,8.731718408201E-17)
  );
#10034 = DIRECTION('',(-0.701165134008,0.712998916445,
    -8.586796370363E-17));
#10035 = ADVANCED_FACE('',(#10036),#10054,.T.);
#10036 = FACE_BOUND('',#10037,.T.);
#10037 = EDGE_LOOP('',(#10038,#10039,#10040,#10048));
#10038 = ORIENTED_EDGE('',*,*,#6402,.T.);
#10039 = ORIENTED_EDGE('',*,*,#10025,.T.);
#10040 = ORIENTED_EDGE('',*,*,#10041,.T.);
#10041 = EDGE_CURVE('',#10018,#10042,#10044,.T.);
#10042 = VERTEX_POINT('',#10043);
#10043 = CARTESIAN_POINT('',(-17.16934285878,-8.418209107153,10.6));
#10044 = LINE('',#10045,#10046);
#10045 = CARTESIAN_POINT('',(-16.89913780286,-8.752691193458,10.6));
#10046 = VECTOR('',#10047,1.);
#10047 = DIRECTION('',(-0.628402478506,0.777888375673,
    -7.695710838787E-17));
#10048 = ORIENTED_EDGE('',*,*,#10049,.F.);
#10049 = EDGE_CURVE('',#6372,#10042,#10050,.T.);
#10050 = LINE('',#10051,#10052);
#10051 = CARTESIAN_POINT('',(-17.16934285878,-8.418209107153,11.));
#10052 = VECTOR('',#10053,1.);
#10053 = DIRECTION('',(1.224646799147E-16,0.,-1.));
#10054 = PLANE('',#10055);
#10055 = AXIS2_PLACEMENT_3D('',#10056,#10057,#10058);
#10056 = CARTESIAN_POINT('',(-16.89913780286,-8.752691193458,11.));
#10057 = DIRECTION('',(0.777888375673,0.628402478506,9.526385093621E-17)
  );
#10058 = DIRECTION('',(-0.628402478506,0.777888375673,
    -7.695710838787E-17));
#10059 = ADVANCED_FACE('',(#10060),#10072,.T.);
#10060 = FACE_BOUND('',#10061,.T.);
#10061 = EDGE_LOOP('',(#10062,#10063,#10064,#10070,#10071));
#10062 = ORIENTED_EDGE('',*,*,#6371,.T.);
#10063 = ORIENTED_EDGE('',*,*,#10049,.T.);
#10064 = ORIENTED_EDGE('',*,*,#10065,.T.);
#10065 = EDGE_CURVE('',#10042,#8109,#10066,.T.);
#10066 = LINE('',#10067,#10068);
#10067 = CARTESIAN_POINT('',(-17.16934285878,-8.418209107153,10.6));
#10068 = VECTOR('',#10069,1.);
#10069 = DIRECTION('',(-0.551444280533,0.834211727002,
    -6.753244730632E-17));
#10070 = ORIENTED_EDGE('',*,*,#8108,.F.);
#10071 = ORIENTED_EDGE('',*,*,#8143,.F.);
#10072 = PLANE('',#10073);
#10073 = AXIS2_PLACEMENT_3D('',#10074,#10075,#10076);
#10074 = CARTESIAN_POINT('',(-17.16934285878,-8.418209107153,11.));
#10075 = DIRECTION('',(0.834211727002,0.551444280533,1.021614721284E-16)
  );
#10076 = DIRECTION('',(-0.551444280533,0.834211727002,
    -6.753244730632E-17));
#10077 = ADVANCED_FACE('',(#10078),#10090,.T.);
#10078 = FACE_BOUND('',#10079,.T.);
#10079 = EDGE_LOOP('',(#10080,#10081,#10082,#10089));
#10080 = ORIENTED_EDGE('',*,*,#6345,.T.);
#10081 = ORIENTED_EDGE('',*,*,#9907,.T.);
#10082 = ORIENTED_EDGE('',*,*,#10083,.F.);
#10083 = EDGE_CURVE('',#9969,#9897,#10084,.T.);
#10084 = CIRCLE('',#10085,19.2);
#10085 = AXIS2_PLACEMENT_3D('',#10086,#10087,#10088);
#10086 = CARTESIAN_POINT('',(6.184466335694E-16,0.,5.95));
#10087 = DIRECTION('',(1.224646799147E-16,0.,-1.));
#10088 = DIRECTION('',(-1.,0.,-1.224646799147E-16));
#10089 = ORIENTED_EDGE('',*,*,#9968,.F.);
#10090 = CYLINDRICAL_SURFACE('',#10091,19.2);
#10091 = AXIS2_PLACEMENT_3D('',#10092,#10093,#10094);
#10092 = CARTESIAN_POINT('',(0.,0.,11.));
#10093 = DIRECTION('',(1.224646799147E-16,0.,-1.));
#10094 = DIRECTION('',(-1.,0.,-1.224646799147E-16));
#10095 = ADVANCED_FACE('',(#10096),#10170,.F.);
#10096 = FACE_BOUND('',#10097,.F.);
#10097 = EDGE_LOOP('',(#10098,#10099,#10100,#10101,#10102,#10103,#10104,
    #10105,#10106,#10107,#10108,#10109,#10110,#10111,#10112,#10113,
    #10114,#10115,#10116,#10117,#10118,#10119,#10120,#10121,#10122,
    #10123,#10124,#10125,#10126,#10127,#10128,#10129,#10130,#10131,
    #10132,#10133,#10134,#10135,#10136,#10137,#10138,#10139,#10140,
    #10141,#10142,#10143,#10144,#10145,#10146,#10147,#10148,#10149,
    #10150,#10151,#10152,#10153,#10154,#10155,#10156,#10157,#10158,
    #10159,#10160,#10161,#10162,#10163,#10164,#10165,#10166,#10167,
    #10168,#10169));
#10098 = ORIENTED_EDGE('',*,*,#7985,.T.);
#10099 = ORIENTED_EDGE('',*,*,#7961,.T.);
#10100 = ORIENTED_EDGE('',*,*,#7937,.T.);
#10101 = ORIENTED_EDGE('',*,*,#7913,.T.);
#10102 = ORIENTED_EDGE('',*,*,#7889,.T.);
#10103 = ORIENTED_EDGE('',*,*,#7865,.T.);
#10104 = ORIENTED_EDGE('',*,*,#7841,.T.);
#10105 = ORIENTED_EDGE('',*,*,#7817,.T.);
#10106 = ORIENTED_EDGE('',*,*,#7793,.T.);
#10107 = ORIENTED_EDGE('',*,*,#7769,.T.);
#10108 = ORIENTED_EDGE('',*,*,#7745,.T.);
#10109 = ORIENTED_EDGE('',*,*,#7721,.T.);
#10110 = ORIENTED_EDGE('',*,*,#7697,.T.);
#10111 = ORIENTED_EDGE('',*,*,#7673,.T.);
#10112 = ORIENTED_EDGE('',*,*,#7649,.T.);
#10113 = ORIENTED_EDGE('',*,*,#7625,.T.);
#10114 = ORIENTED_EDGE('',*,*,#7601,.T.);
#10115 = ORIENTED_EDGE('',*,*,#7577,.T.);
#10116 = ORIENTED_EDGE('',*,*,#7554,.T.);
#10117 = ORIENTED_EDGE('',*,*,#7523,.F.);
#10118 = ORIENTED_EDGE('',*,*,#7496,.T.);
#10119 = ORIENTED_EDGE('',*,*,#7473,.F.);
#10120 = ORIENTED_EDGE('',*,*,#7447,.T.);
#10121 = ORIENTED_EDGE('',*,*,#7425,.F.);
#10122 = ORIENTED_EDGE('',*,*,#7401,.F.);
#10123 = ORIENTED_EDGE('',*,*,#7377,.F.);
#10124 = ORIENTED_EDGE('',*,*,#7350,.T.);
#10125 = ORIENTED_EDGE('',*,*,#7327,.F.);
#10126 = ORIENTED_EDGE('',*,*,#7301,.T.);
#10127 = ORIENTED_EDGE('',*,*,#7279,.F.);
#10128 = ORIENTED_EDGE('',*,*,#7255,.F.);
#10129 = ORIENTED_EDGE('',*,*,#7231,.F.);
#10130 = ORIENTED_EDGE('',*,*,#7204,.T.);
#10131 = ORIENTED_EDGE('',*,*,#7181,.F.);
#10132 = ORIENTED_EDGE('',*,*,#7155,.T.);
#10133 = ORIENTED_EDGE('',*,*,#7133,.F.);
#10134 = ORIENTED_EDGE('',*,*,#7109,.F.);
#10135 = ORIENTED_EDGE('',*,*,#7092,.T.);
#10136 = ORIENTED_EDGE('',*,*,#7068,.T.);
#10137 = ORIENTED_EDGE('',*,*,#7037,.F.);
#10138 = ORIENTED_EDGE('',*,*,#7013,.F.);
#10139 = ORIENTED_EDGE('',*,*,#6986,.T.);
#10140 = ORIENTED_EDGE('',*,*,#6963,.F.);
#10141 = ORIENTED_EDGE('',*,*,#6937,.T.);
#10142 = ORIENTED_EDGE('',*,*,#6915,.F.);
#10143 = ORIENTED_EDGE('',*,*,#6898,.T.);
#10144 = ORIENTED_EDGE('',*,*,#6873,.T.);
#10145 = ORIENTED_EDGE('',*,*,#6849,.T.);
#10146 = ORIENTED_EDGE('',*,*,#6825,.T.);
#10147 = ORIENTED_EDGE('',*,*,#6801,.T.);
#10148 = ORIENTED_EDGE('',*,*,#6777,.T.);
#10149 = ORIENTED_EDGE('',*,*,#6753,.T.);
#10150 = ORIENTED_EDGE('',*,*,#6729,.T.);
#10151 = ORIENTED_EDGE('',*,*,#6705,.T.);
#10152 = ORIENTED_EDGE('',*,*,#6681,.T.);
#10153 = ORIENTED_EDGE('',*,*,#6657,.T.);
#10154 = ORIENTED_EDGE('',*,*,#6633,.T.);
#10155 = ORIENTED_EDGE('',*,*,#6609,.T.);
#10156 = ORIENTED_EDGE('',*,*,#6585,.T.);
#10157 = ORIENTED_EDGE('',*,*,#6561,.T.);
#10158 = ORIENTED_EDGE('',*,*,#6537,.T.);
#10159 = ORIENTED_EDGE('',*,*,#6513,.T.);
#10160 = ORIENTED_EDGE('',*,*,#6482,.T.);
#10161 = ORIENTED_EDGE('',*,*,#9993,.T.);
#10162 = ORIENTED_EDGE('',*,*,#10017,.T.);
#10163 = ORIENTED_EDGE('',*,*,#10041,.T.);
#10164 = ORIENTED_EDGE('',*,*,#10065,.T.);
#10165 = ORIENTED_EDGE('',*,*,#8116,.T.);
#10166 = ORIENTED_EDGE('',*,*,#8081,.T.);
#10167 = ORIENTED_EDGE('',*,*,#8057,.T.);
#10168 = ORIENTED_EDGE('',*,*,#8033,.T.);
#10169 = ORIENTED_EDGE('',*,*,#8009,.T.);
#10170 = PLANE('',#10171);
#10171 = AXIS2_PLACEMENT_3D('',#10172,#10173,#10174);
#10172 = CARTESIAN_POINT('',(-8.976748769237,-2.951203719315,10.6));
#10173 = DIRECTION('',(1.224646799147E-16,0.,-1.));
#10174 = DIRECTION('',(-1.,0.,-1.224646799147E-16));
#10175 = ADVANCED_FACE('',(#10176,#10179),#10190,.F.);
#10176 = FACE_BOUND('',#10177,.F.);
#10177 = EDGE_LOOP('',(#10178));
#10178 = ORIENTED_EDGE('',*,*,#8179,.T.);
#10179 = FACE_BOUND('',#10180,.F.);
#10180 = EDGE_LOOP('',(#10181));
#10181 = ORIENTED_EDGE('',*,*,#10182,.F.);
#10182 = EDGE_CURVE('',#10183,#10183,#10185,.T.);
#10183 = VERTEX_POINT('',#10184);
#10184 = CARTESIAN_POINT('',(-16.7,-14.,8.6));
#10185 = CIRCLE('',#10186,1.7);
#10186 = AXIS2_PLACEMENT_3D('',#10187,#10188,#10189);
#10187 = CARTESIAN_POINT('',(-15.,-14.,8.6));
#10188 = DIRECTION('',(1.224646799147E-16,0.,-1.));
#10189 = DIRECTION('',(-1.,0.,-1.224646799147E-16));
#10190 = PLANE('',#10191);
#10191 = AXIS2_PLACEMENT_3D('',#10192,#10193,#10194);
#10192 = CARTESIAN_POINT('',(-15.,-14.,8.6));
#10193 = DIRECTION('',(1.224646799147E-16,0.,-1.));
#10194 = DIRECTION('',(-1.,0.,-1.224646799147E-16));
#10195 = ADVANCED_FACE('',(#10196,#10199),#10210,.F.);
#10196 = FACE_BOUND('',#10197,.F.);
#10197 = EDGE_LOOP('',(#10198));
#10198 = ORIENTED_EDGE('',*,*,#8204,.T.);
#10199 = FACE_BOUND('',#10200,.F.);
#10200 = EDGE_LOOP('',(#10201));
#10201 = ORIENTED_EDGE('',*,*,#10202,.F.);
#10202 = EDGE_CURVE('',#10203,#10203,#10205,.T.);
#10203 = VERTEX_POINT('',#10204);
#10204 = CARTESIAN_POINT('',(13.3,-14.,8.6));
#10205 = CIRCLE('',#10206,1.7);
#10206 = AXIS2_PLACEMENT_3D('',#10207,#10208,#10209);
#10207 = CARTESIAN_POINT('',(15.,-14.,8.6));
#10208 = DIRECTION('',(1.224646799147E-16,0.,-1.));
#10209 = DIRECTION('',(-1.,0.,-1.224646799147E-16));
#10210 = PLANE('',#10211);
#10211 = AXIS2_PLACEMENT_3D('',#10212,#10213,#10214);
#10212 = CARTESIAN_POINT('',(15.,-14.,8.6));
#10213 = DIRECTION('',(1.224646799147E-16,0.,-1.));
#10214 = DIRECTION('',(-1.,0.,-1.224646799147E-16));
#10215 = ADVANCED_FACE('',(#10216,#10227),#10293,.T.);
#10216 = FACE_BOUND('',#10217,.T.);
#10217 = EDGE_LOOP('',(#10218));
#10218 = ORIENTED_EDGE('',*,*,#10219,.T.);
#10219 = EDGE_CURVE('',#10220,#10220,#10222,.T.);
#10220 = VERTEX_POINT('',#10221);
#10221 = CARTESIAN_POINT('',(-16.25,-3.980102097229E-15,9.8));
#10222 = CIRCLE('',#10223,16.25);
#10223 = AXIS2_PLACEMENT_3D('',#10224,#10225,#10226);
#10224 = CARTESIAN_POINT('',(1.469576158977E-16,0.,9.8));
#10225 = DIRECTION('',(1.224646799147E-16,0.,-1.));
#10226 = DIRECTION('',(-1.,0.,-1.224646799147E-16));
#10227 = FACE_BOUND('',#10228,.T.);
#10228 = EDGE_LOOP('',(#10229,#10230,#10231,#10232,#10233,#10234,#10235,
    #10236,#10237,#10238,#10239,#10240,#10241,#10242,#10243,#10244,
    #10245,#10246,#10247,#10248,#10249,#10250,#10251,#10252,#10253,
    #10254,#10255,#10256,#10257,#10258,#10259,#10260,#10261,#10262,
    #10263,#10264,#10265,#10266,#10267,#10268,#10269,#10270,#10271,
    #10272,#10273,#10274,#10275,#10276,#10277,#10278,#10279,#10280,
    #10281,#10282,#10283,#10284,#10285,#10286,#10287,#10288,#10289,
    #10290,#10291,#10292));
#10229 = ORIENTED_EDGE('',*,*,#8326,.T.);
#10230 = ORIENTED_EDGE('',*,*,#8278,.T.);
#10231 = ORIENTED_EDGE('',*,*,#8230,.T.);
#10232 = ORIENTED_EDGE('',*,*,#8261,.T.);
#10233 = ORIENTED_EDGE('',*,*,#8309,.T.);
#10234 = ORIENTED_EDGE('',*,*,#8357,.T.);
#10235 = ORIENTED_EDGE('',*,*,#8405,.T.);
#10236 = ORIENTED_EDGE('',*,*,#8453,.T.);
#10237 = ORIENTED_EDGE('',*,*,#8501,.T.);
#10238 = ORIENTED_EDGE('',*,*,#8549,.T.);
#10239 = ORIENTED_EDGE('',*,*,#8597,.T.);
#10240 = ORIENTED_EDGE('',*,*,#8645,.T.);
#10241 = ORIENTED_EDGE('',*,*,#8693,.T.);
#10242 = ORIENTED_EDGE('',*,*,#8741,.T.);
#10243 = ORIENTED_EDGE('',*,*,#8789,.T.);
#10244 = ORIENTED_EDGE('',*,*,#8837,.T.);
#10245 = ORIENTED_EDGE('',*,*,#8885,.T.);
#10246 = ORIENTED_EDGE('',*,*,#8933,.T.);
#10247 = ORIENTED_EDGE('',*,*,#8981,.T.);
#10248 = ORIENTED_EDGE('',*,*,#9029,.T.);
#10249 = ORIENTED_EDGE('',*,*,#9077,.T.);
#10250 = ORIENTED_EDGE('',*,*,#9125,.T.);
#10251 = ORIENTED_EDGE('',*,*,#9173,.T.);
#10252 = ORIENTED_EDGE('',*,*,#9221,.T.);
#10253 = ORIENTED_EDGE('',*,*,#9269,.T.);
#10254 = ORIENTED_EDGE('',*,*,#9317,.T.);
#10255 = ORIENTED_EDGE('',*,*,#9365,.T.);
#10256 = ORIENTED_EDGE('',*,*,#9413,.T.);
#10257 = ORIENTED_EDGE('',*,*,#9461,.T.);
#10258 = ORIENTED_EDGE('',*,*,#9509,.T.);
#10259 = ORIENTED_EDGE('',*,*,#9557,.T.);
#10260 = ORIENTED_EDGE('',*,*,#9605,.T.);
#10261 = ORIENTED_EDGE('',*,*,#9653,.T.);
#10262 = ORIENTED_EDGE('',*,*,#9701,.T.);
#10263 = ORIENTED_EDGE('',*,*,#9742,.T.);
#10264 = ORIENTED_EDGE('',*,*,#9718,.T.);
#10265 = ORIENTED_EDGE('',*,*,#9670,.T.);
#10266 = ORIENTED_EDGE('',*,*,#9622,.T.);
#10267 = ORIENTED_EDGE('',*,*,#9574,.T.);
#10268 = ORIENTED_EDGE('',*,*,#9526,.T.);
#10269 = ORIENTED_EDGE('',*,*,#9478,.T.);
#10270 = ORIENTED_EDGE('',*,*,#9430,.T.);
#10271 = ORIENTED_EDGE('',*,*,#9382,.T.);
#10272 = ORIENTED_EDGE('',*,*,#9334,.T.);
#10273 = ORIENTED_EDGE('',*,*,#9286,.T.);
#10274 = ORIENTED_EDGE('',*,*,#9238,.T.);
#10275 = ORIENTED_EDGE('',*,*,#9190,.T.);
#10276 = ORIENTED_EDGE('',*,*,#9142,.T.);
#10277 = ORIENTED_EDGE('',*,*,#9094,.T.);
#10278 = ORIENTED_EDGE('',*,*,#9046,.T.);
#10279 = ORIENTED_EDGE('',*,*,#8998,.T.);
#10280 = ORIENTED_EDGE('',*,*,#8950,.T.);
#10281 = ORIENTED_EDGE('',*,*,#8902,.T.);
#10282 = ORIENTED_EDGE('',*,*,#8854,.T.);
#10283 = ORIENTED_EDGE('',*,*,#8806,.T.);
#10284 = ORIENTED_EDGE('',*,*,#8758,.T.);
#10285 = ORIENTED_EDGE('',*,*,#8710,.T.);
#10286 = ORIENTED_EDGE('',*,*,#8662,.T.);
#10287 = ORIENTED_EDGE('',*,*,#8614,.T.);
#10288 = ORIENTED_EDGE('',*,*,#8566,.T.);
#10289 = ORIENTED_EDGE('',*,*,#8518,.T.);
#10290 = ORIENTED_EDGE('',*,*,#8470,.T.);
#10291 = ORIENTED_EDGE('',*,*,#8422,.T.);
#10292 = ORIENTED_EDGE('',*,*,#8374,.T.);
#10293 = PLANE('',#10294);
#10294 = AXIS2_PLACEMENT_3D('',#10295,#10296,#10297);
#10295 = CARTESIAN_POINT('',(1.469576158977E-16,0.,9.8));
#10296 = DIRECTION('',(1.224646799147E-16,0.,-1.));
#10297 = DIRECTION('',(-1.,0.,-1.224646799147E-16));
#10298 = ADVANCED_FACE('',(#10299),#10332,.T.);
#10299 = FACE_BOUND('',#10300,.T.);
#10300 = EDGE_LOOP('',(#10301,#10323,#10330,#10331));
#10301 = ORIENTED_EDGE('',*,*,#10302,.F.);
#10302 = EDGE_CURVE('',#10303,#9760,#10305,.T.);
#10303 = VERTEX_POINT('',#10304);
#10304 = CARTESIAN_POINT('',(10.846924193327,-15.29400979286,5.5));
#10305 = B_SPLINE_CURVE_WITH_KNOTS('',6,(#10306,#10307,#10308,#10309,
    #10310,#10311,#10312,#10313,#10314,#10315,#10316,#10317,#10318,
    #10319,#10320,#10321,#10322),.UNSPECIFIED.,.F.,.F.,(7,5,5,7),(0.,
    0.437014864864,0.720682026342,1.),.UNSPECIFIED.);
#10306 = CARTESIAN_POINT('',(10.846924193313,-15.29400979287,5.5));
#10307 = CARTESIAN_POINT('',(10.820141579498,-15.37325217999,
    5.499999969141));
#10308 = CARTESIAN_POINT('',(10.794250026091,-15.45173156151,
    5.506440147588));
#10309 = CARTESIAN_POINT('',(10.769663697802,-15.52807812868,
    5.519411189074));
#10310 = CARTESIAN_POINT('',(10.746738413012,-15.60089663298,
    5.5389125987));
#10311 = CARTESIAN_POINT('',(10.725806045494,-15.66869643846,
    5.56474552645));
#10312 = CARTESIAN_POINT('',(10.695067358526,-15.7698443527,
    5.616947009822));
#10313 = CARTESIAN_POINT('',(10.683934552079,-15.80693254006,
    5.639946324358));
#10314 = CARTESIAN_POINT('',(10.673850805367,-15.84089836501,
    5.665257563931));
#10315 = CARTESIAN_POINT('',(10.664893149197,-15.8713512808,
    5.692681301098));
#10316 = CARTESIAN_POINT('',(10.657129290084,-15.89793691428,
    5.721955898005));
#10317 = CARTESIAN_POINT('',(10.644198776451,-15.94245119917,
    5.783080548661));
#10318 = CARTESIAN_POINT('',(10.638993541701,-15.9605086156,
    5.814886971303));
#10319 = CARTESIAN_POINT('',(10.635051281976,-15.97425936363,
    5.847860979933));
#10320 = CARTESIAN_POINT('',(10.632409744132,-15.98349958638,
    5.881637606089));
#10321 = CARTESIAN_POINT('',(10.631089015392,-15.98811891208,
    5.915820015747));
#10322 = CARTESIAN_POINT('',(10.631089015392,-15.98811891208,5.95));
#10323 = ORIENTED_EDGE('',*,*,#10324,.F.);
#10324 = EDGE_CURVE('',#9801,#10303,#10325,.T.);
#10325 = CIRCLE('',#10326,4.35);
#10326 = AXIS2_PLACEMENT_3D('',#10327,#10328,#10329);
#10327 = CARTESIAN_POINT('',(15.,-14.,5.5));
#10328 = DIRECTION('',(1.224646799147E-16,0.,-1.));
#10329 = DIRECTION('',(-1.,0.,-1.224646799147E-16));
#10330 = ORIENTED_EDGE('',*,*,#9800,.F.);
#10331 = ORIENTED_EDGE('',*,*,#9767,.T.);
#10332 = TOROIDAL_SURFACE('',#10333,4.35,0.45);
#10333 = AXIS2_PLACEMENT_3D('',#10334,#10335,#10336);
#10334 = CARTESIAN_POINT('',(15.,-14.,5.95));
#10335 = DIRECTION('',(1.224646799147E-16,0.,-1.));
#10336 = DIRECTION('',(-1.,0.,-1.224646799147E-16));
#10337 = ADVANCED_FACE('',(#10338,#10413,#10424,#10435),#10446,.T.);
#10338 = FACE_BOUND('',#10339,.T.);
#10339 = EDGE_LOOP('',(#10340,#10351,#10360,#10367,#10368,#10369,#10370,
    #10379,#10388,#10397,#10406));
#10340 = ORIENTED_EDGE('',*,*,#10341,.T.);
#10341 = EDGE_CURVE('',#10342,#10344,#10346,.T.);
#10342 = VERTEX_POINT('',#10343);
#10343 = CARTESIAN_POINT('',(-21.35,-4.,5.5));
#10344 = VERTEX_POINT('',#10345);
#10345 = CARTESIAN_POINT('',(-18.74780245656,-0.287059313955,5.5));
#10346 = CIRCLE('',#10347,3.95);
#10347 = AXIS2_PLACEMENT_3D('',#10348,#10349,#10350);
#10348 = CARTESIAN_POINT('',(-17.4,-4.,5.5));
#10349 = DIRECTION('',(1.224646799147E-16,0.,-1.));
#10350 = DIRECTION('',(-1.,0.,-1.224646799147E-16));
#10351 = ORIENTED_EDGE('',*,*,#10352,.T.);
#10352 = EDGE_CURVE('',#10344,#10353,#10355,.T.);
#10353 = VERTEX_POINT('',#10354);
#10354 = CARTESIAN_POINT('',(-18.75,0.,5.5));
#10355 = CIRCLE('',#10356,18.75);
#10356 = AXIS2_PLACEMENT_3D('',#10357,#10358,#10359);
#10357 = CARTESIAN_POINT('',(6.73555739531E-16,0.,5.5));
#10358 = DIRECTION('',(1.224646799147E-16,0.,-1.));
#10359 = DIRECTION('',(-1.,0.,-1.224646799147E-16));
#10360 = ORIENTED_EDGE('',*,*,#10361,.T.);
#10361 = EDGE_CURVE('',#10353,#9864,#10362,.T.);
#10362 = CIRCLE('',#10363,18.75);
#10363 = AXIS2_PLACEMENT_3D('',#10364,#10365,#10366);
#10364 = CARTESIAN_POINT('',(6.73555739531E-16,0.,5.5));
#10365 = DIRECTION('',(1.224646799147E-16,0.,-1.));
#10366 = DIRECTION('',(-1.,0.,-1.224646799147E-16));
#10367 = ORIENTED_EDGE('',*,*,#9863,.T.);
#10368 = ORIENTED_EDGE('',*,*,#9822,.T.);
#10369 = ORIENTED_EDGE('',*,*,#10324,.T.);
#10370 = ORIENTED_EDGE('',*,*,#10371,.T.);
#10371 = EDGE_CURVE('',#10303,#10372,#10374,.T.);
#10372 = VERTEX_POINT('',#10373);
#10373 = CARTESIAN_POINT('',(-10.84692419332,-15.29400979286,5.5));
#10374 = CIRCLE('',#10375,18.75);
#10375 = AXIS2_PLACEMENT_3D('',#10376,#10377,#10378);
#10376 = CARTESIAN_POINT('',(6.73555739531E-16,0.,5.5));
#10377 = DIRECTION('',(1.224646799147E-16,0.,-1.));
#10378 = DIRECTION('',(-1.,0.,-1.224646799147E-16));
#10379 = ORIENTED_EDGE('',*,*,#10380,.T.);
#10380 = EDGE_CURVE('',#10372,#10381,#10383,.T.);
#10381 = VERTEX_POINT('',#10382);
#10382 = CARTESIAN_POINT('',(-19.35,-14.,5.5));
#10383 = CIRCLE('',#10384,4.35);
#10384 = AXIS2_PLACEMENT_3D('',#10385,#10386,#10387);
#10385 = CARTESIAN_POINT('',(-15.,-14.,5.5));
#10386 = DIRECTION('',(1.224646799147E-16,0.,-1.));
#10387 = DIRECTION('',(-1.,0.,-1.224646799147E-16));
#10388 = ORIENTED_EDGE('',*,*,#10389,.T.);
#10389 = EDGE_CURVE('',#10381,#10390,#10392,.T.);
#10390 = VERTEX_POINT('',#10391);
#10391 = CARTESIAN_POINT('',(-16.00485727935,-9.767652914974,5.5));
#10392 = CIRCLE('',#10393,4.35);
#10393 = AXIS2_PLACEMENT_3D('',#10394,#10395,#10396);
#10394 = CARTESIAN_POINT('',(-15.,-14.,5.5));
#10395 = DIRECTION('',(1.224646799147E-16,0.,-1.));
#10396 = DIRECTION('',(-1.,0.,-1.224646799147E-16));
#10397 = ORIENTED_EDGE('',*,*,#10398,.T.);
#10398 = EDGE_CURVE('',#10390,#10399,#10401,.T.);
#10399 = VERTEX_POINT('',#10400);
#10400 = CARTESIAN_POINT('',(-16.99108573518,-7.928777051962,5.5));
#10401 = CIRCLE('',#10402,18.75);
#10402 = AXIS2_PLACEMENT_3D('',#10403,#10404,#10405);
#10403 = CARTESIAN_POINT('',(6.73555739531E-16,0.,5.5));
#10404 = DIRECTION('',(1.224646799147E-16,0.,-1.));
#10405 = DIRECTION('',(-1.,0.,-1.224646799147E-16));
#10406 = ORIENTED_EDGE('',*,*,#10407,.T.);
#10407 = EDGE_CURVE('',#10399,#10342,#10408,.T.);
#10408 = CIRCLE('',#10409,3.95);
#10409 = AXIS2_PLACEMENT_3D('',#10410,#10411,#10412);
#10410 = CARTESIAN_POINT('',(-17.4,-4.,5.5));
#10411 = DIRECTION('',(1.224646799147E-16,0.,-1.));
#10412 = DIRECTION('',(-1.,0.,-1.224646799147E-16));
#10413 = FACE_BOUND('',#10414,.T.);
#10414 = EDGE_LOOP('',(#10415));
#10415 = ORIENTED_EDGE('',*,*,#10416,.F.);
#10416 = EDGE_CURVE('',#10417,#10417,#10419,.T.);
#10417 = VERTEX_POINT('',#10418);
#10418 = CARTESIAN_POINT('',(13.3,-14.,5.5));
#10419 = CIRCLE('',#10420,1.7);
#10420 = AXIS2_PLACEMENT_3D('',#10421,#10422,#10423);
#10421 = CARTESIAN_POINT('',(15.,-14.,5.5));
#10422 = DIRECTION('',(1.224646799147E-16,0.,-1.));
#10423 = DIRECTION('',(-1.,0.,-1.224646799147E-16));
#10424 = FACE_BOUND('',#10425,.T.);
#10425 = EDGE_LOOP('',(#10426));
#10426 = ORIENTED_EDGE('',*,*,#10427,.F.);
#10427 = EDGE_CURVE('',#10428,#10428,#10430,.T.);
#10428 = VERTEX_POINT('',#10429);
#10429 = CARTESIAN_POINT('',(-16.7,-14.,5.5));
#10430 = CIRCLE('',#10431,1.7);
#10431 = AXIS2_PLACEMENT_3D('',#10432,#10433,#10434);
#10432 = CARTESIAN_POINT('',(-15.,-14.,5.5));
#10433 = DIRECTION('',(1.224646799147E-16,0.,-1.));
#10434 = DIRECTION('',(-1.,0.,-1.224646799147E-16));
#10435 = FACE_BOUND('',#10436,.T.);
#10436 = EDGE_LOOP('',(#10437));
#10437 = ORIENTED_EDGE('',*,*,#10438,.F.);
#10438 = EDGE_CURVE('',#10439,#10439,#10441,.T.);
#10439 = VERTEX_POINT('',#10440);
#10440 = CARTESIAN_POINT('',(-17.65,-4.32300320099E-15,5.5));
#10441 = CIRCLE('',#10442,17.65);
#10442 = AXIS2_PLACEMENT_3D('',#10443,#10444,#10445);
#10443 = CARTESIAN_POINT('',(6.73555739531E-16,0.,5.5));
#10444 = DIRECTION('',(1.224646799147E-16,0.,-1.));
#10445 = DIRECTION('',(-1.,0.,-1.224646799147E-16));
#10446 = PLANE('',#10447);
#10447 = AXIS2_PLACEMENT_3D('',#10448,#10449,#10450);
#10448 = CARTESIAN_POINT('',(-0.19411176765,-3.176224638113,5.5));
#10449 = DIRECTION('',(1.224646799147E-16,0.,-1.));
#10450 = DIRECTION('',(-1.,0.,-1.224646799147E-16));
#10451 = ADVANCED_FACE('',(#10452),#10475,.T.);
#10452 = FACE_BOUND('',#10453,.T.);
#10453 = EDGE_LOOP('',(#10454,#10463,#10472,#10473,#10474));
#10454 = ORIENTED_EDGE('',*,*,#10455,.F.);
#10455 = EDGE_CURVE('',#10456,#10353,#10458,.T.);
#10456 = VERTEX_POINT('',#10457);
#10457 = CARTESIAN_POINT('',(-19.17692307692,0.,5.807744292239));
#10458 = CIRCLE('',#10459,0.45);
#10459 = AXIS2_PLACEMENT_3D('',#10460,#10461,#10462);
#10460 = CARTESIAN_POINT('',(-18.75,0.,5.95));
#10461 = DIRECTION('',(0.,-1.,-0.));
#10462 = DIRECTION('',(-1.,0.,-1.224646799147E-16));
#10463 = ORIENTED_EDGE('',*,*,#10464,.T.);
#10464 = EDGE_CURVE('',#10456,#9838,#10465,.T.);
#10465 = B_SPLINE_CURVE_WITH_KNOTS('',5,(#10466,#10467,#10468,#10469,
    #10470,#10471),.UNSPECIFIED.,.F.,.F.,(6,6),(0.,1.),
  .PIECEWISE_BEZIER_KNOTS.);
#10466 = CARTESIAN_POINT('',(-19.17692307692,-2.22044604925E-16,
    5.807744292239));
#10467 = CARTESIAN_POINT('',(-19.18606172296,5.940119928506E-03,
    5.835170248985));
#10468 = CARTESIAN_POINT('',(-19.19300489642,1.044466567634E-02,
    5.863357510038));
#10469 = CARTESIAN_POINT('',(-19.19766445997,1.346464007381E-02,
    5.892064590009));
#10470 = CARTESIAN_POINT('',(-19.19999416045,1.4974597969E-02,
    5.921032423271));
#10471 = CARTESIAN_POINT('',(-19.19999416045,1.4974597969E-02,5.95));
#10472 = ORIENTED_EDGE('',*,*,#9847,.T.);
#10473 = ORIENTED_EDGE('',*,*,#9872,.T.);
#10474 = ORIENTED_EDGE('',*,*,#10361,.F.);
#10475 = TOROIDAL_SURFACE('',#10476,18.75,0.45);
#10476 = AXIS2_PLACEMENT_3D('',#10477,#10478,#10479);
#10477 = CARTESIAN_POINT('',(6.184466335694E-16,0.,5.95));
#10478 = DIRECTION('',(1.224646799147E-16,0.,-1.));
#10479 = DIRECTION('',(-1.,0.,-1.224646799147E-16));
#10480 = ADVANCED_FACE('',(#10481),#10507,.T.);
#10481 = FACE_BOUND('',#10482,.T.);
#10482 = EDGE_LOOP('',(#10483,#10484,#10491,#10492));
#10483 = ORIENTED_EDGE('',*,*,#9896,.T.);
#10484 = ORIENTED_EDGE('',*,*,#10485,.T.);
#10485 = EDGE_CURVE('',#9899,#10342,#10486,.T.);
#10486 = CIRCLE('',#10487,0.45);
#10487 = AXIS2_PLACEMENT_3D('',#10488,#10489,#10490);
#10488 = CARTESIAN_POINT('',(-21.35,-4.,5.95));
#10489 = DIRECTION('',(0.,-1.,-0.));
#10490 = DIRECTION('',(-1.,0.,-1.224646799147E-16));
#10491 = ORIENTED_EDGE('',*,*,#10407,.F.);
#10492 = ORIENTED_EDGE('',*,*,#10493,.F.);
#10493 = EDGE_CURVE('',#9897,#10399,#10494,.T.);
#10494 = B_SPLINE_CURVE_WITH_KNOTS('',6,(#10495,#10496,#10497,#10498,
    #10499,#10500,#10501,#10502,#10503,#10504,#10505,#10506),
  .UNSPECIFIED.,.F.,.F.,(7,5,7),(0.,0.4976830157,1.),.UNSPECIFIED.);
#10495 = CARTESIAN_POINT('',(-17.26598651466,-8.397958661214,5.95));
#10496 = CARTESIAN_POINT('',(-17.26598651466,-8.397958661214,
    5.890706659491));
#10497 = CARTESIAN_POINT('',(-17.26020898936,-8.388403111069,
    5.831401536706));
#10498 = CARTESIAN_POINT('',(-17.24864900914,-8.36928451748,
    5.774042039316));
#10499 = CARTESIAN_POINT('',(-17.23168743647,-8.341144514518,
    5.720536639096));
#10500 = CARTESIAN_POINT('',(-17.21001873669,-8.30496531901,
    5.672488932682));
#10501 = CARTESIAN_POINT('',(-17.15879151946,-8.218737272904,
    5.589325619022));
#10502 = CARTESIAN_POINT('',(-17.12915442043,-8.168550471514,
    5.554322871852));
#10503 = CARTESIAN_POINT('',(-17.09650592652,-8.112810245905,
    5.527319543671));
#10504 = CARTESIAN_POINT('',(-17.0619044878,-8.053115582481,
    5.509097644491));
#10505 = CARTESIAN_POINT('',(-17.02642087996,-7.991178110436,
    5.499999918745));
#10506 = CARTESIAN_POINT('',(-16.99108573522,-7.928777051866,5.5));
#10507 = TOROIDAL_SURFACE('',#10508,3.95,0.45);
#10508 = AXIS2_PLACEMENT_3D('',#10509,#10510,#10511);
#10509 = CARTESIAN_POINT('',(-17.4,-4.,5.95));
#10510 = DIRECTION('',(1.224646799147E-16,0.,-1.));
#10511 = DIRECTION('',(-1.,0.,-1.224646799147E-16));
#10512 = ADVANCED_FACE('',(#10513),#10534,.T.);
#10513 = FACE_BOUND('',#10514,.T.);
#10514 = EDGE_LOOP('',(#10515,#10516,#10531,#10532,#10533));
#10515 = ORIENTED_EDGE('',*,*,#10464,.F.);
#10516 = ORIENTED_EDGE('',*,*,#10517,.F.);
#10517 = EDGE_CURVE('',#10344,#10456,#10518,.T.);
#10518 = B_SPLINE_CURVE_WITH_KNOTS('',6,(#10519,#10520,#10521,#10522,
    #10523,#10524,#10525,#10526,#10527,#10528,#10529,#10530),
  .UNSPECIFIED.,.F.,.F.,(7,5,7),(0.,0.503060036902,1.),.UNSPECIFIED.);
#10519 = CARTESIAN_POINT('',(-18.74780245656,-0.28705931389,5.5));
#10520 = CARTESIAN_POINT('',(-18.79494969217,-0.254551809959,
    5.500000061332));
#10521 = CARTESIAN_POINT('',(-18.84205081878,-0.222352807857,
    5.505801565306));
#10522 = CARTESIAN_POINT('',(-18.88824304743,-0.191045674157,
    5.517419418511));
#10523 = CARTESIAN_POINT('',(-18.93265036238,-0.161186950953,
    5.534714741644));
#10524 = CARTESIAN_POINT('',(-18.97442560052,-0.133291212432,
    5.557380242793));
#10525 = CARTESIAN_POINT('',(-19.05069270073,-8.26505550508E-02,
    5.61213583041));
#10526 = CARTESIAN_POINT('',(-19.08527032197,-5.984496114508E-02,
    5.644110205284));
#10527 = CARTESIAN_POINT('',(-19.11577395504,-3.984281658568E-02,
    5.680374870532));
#10528 = CARTESIAN_POINT('',(-19.14153673947,-2.302283236006E-02,
    5.720287951061));
#10529 = CARTESIAN_POINT('',(-19.16202945808,-9.680852242259E-03,
    5.763047108004));
#10530 = CARTESIAN_POINT('',(-19.17692307692,0.,5.807744292239));
#10531 = ORIENTED_EDGE('',*,*,#10341,.F.);
#10532 = ORIENTED_EDGE('',*,*,#10485,.F.);
#10533 = ORIENTED_EDGE('',*,*,#9916,.T.);
#10534 = TOROIDAL_SURFACE('',#10535,3.95,0.45);
#10535 = AXIS2_PLACEMENT_3D('',#10536,#10537,#10538);
#10536 = CARTESIAN_POINT('',(-17.4,-4.,5.95));
#10537 = DIRECTION('',(1.224646799147E-16,0.,-1.));
#10538 = DIRECTION('',(-1.,0.,-1.224646799147E-16));
#10539 = ADVANCED_FACE('',(#10540),#10565,.T.);
#10540 = FACE_BOUND('',#10541,.T.);
#10541 = EDGE_LOOP('',(#10542,#10543,#10563,#10564));
#10542 = ORIENTED_EDGE('',*,*,#9940,.T.);
#10543 = ORIENTED_EDGE('',*,*,#10544,.T.);
#10544 = EDGE_CURVE('',#9933,#10372,#10545,.T.);
#10545 = B_SPLINE_CURVE_WITH_KNOTS('',6,(#10546,#10547,#10548,#10549,
    #10550,#10551,#10552,#10553,#10554,#10555,#10556,#10557,#10558,
    #10559,#10560,#10561,#10562),.UNSPECIFIED.,.F.,.F.,(7,5,5,7),(0.,
    0.278370863335,0.562190348191,1.),.UNSPECIFIED.);
#10546 = CARTESIAN_POINT('',(-10.63108901539,-15.98811891208,5.95));
#10547 = CARTESIAN_POINT('',(-10.63108901539,-15.98811891208,
    5.915935897981));
#10548 = CARTESIAN_POINT('',(-10.63240080313,-15.98353085491,
    5.881869409561));
#10549 = CARTESIAN_POINT('',(-10.63502445797,-15.97435319703,
    5.848204562753));
#10550 = CARTESIAN_POINT('',(-10.63894016632,-15.9606947968,
    5.815334215236));
#10551 = CARTESIAN_POINT('',(-10.64411068179,-15.94275681206,
    5.783619875851));
#10552 = CARTESIAN_POINT('',(-10.65698163132,-15.89844290264,
    5.722531117935));
#10553 = CARTESIAN_POINT('',(-10.66473020312,-15.87190634994,
    5.693211830881));
#10554 = CARTESIAN_POINT('',(-10.67367469345,-15.84149397063,
    5.665741819998));
#10555 = CARTESIAN_POINT('',(-10.68374738348,-15.80756029523,
    5.640383767154));
#10556 = CARTESIAN_POINT('',(-10.69487118282,-15.7704963017,
    5.617338001645));
#10557 = CARTESIAN_POINT('',(-10.72561583002,-15.66931259166,
    5.564980560383));
#10558 = CARTESIAN_POINT('',(-10.74657172367,-15.60142613106,
    5.539054558085));
#10559 = CARTESIAN_POINT('',(-10.76952959181,-15.5284945824,
    5.519482020811));
#10560 = CARTESIAN_POINT('',(-10.79415586665,-15.4520169694,
    5.506463579173));
#10561 = CARTESIAN_POINT('',(-10.82009290005,-15.37339620931,
    5.499999969352));
#10562 = CARTESIAN_POINT('',(-10.84692419329,-15.29400979288,5.5));
#10563 = ORIENTED_EDGE('',*,*,#10371,.F.);
#10564 = ORIENTED_EDGE('',*,*,#10302,.T.);
#10565 = TOROIDAL_SURFACE('',#10566,18.75,0.45);
#10566 = AXIS2_PLACEMENT_3D('',#10567,#10568,#10569);
#10567 = CARTESIAN_POINT('',(6.184466335694E-16,0.,5.95));
#10568 = DIRECTION('',(1.224646799147E-16,0.,-1.));
#10569 = DIRECTION('',(-1.,0.,-1.224646799147E-16));
#10570 = ADVANCED_FACE('',(#10571),#10583,.T.);
#10571 = FACE_BOUND('',#10572,.T.);
#10572 = EDGE_LOOP('',(#10573,#10574,#10581,#10582));
#10573 = ORIENTED_EDGE('',*,*,#9956,.T.);
#10574 = ORIENTED_EDGE('',*,*,#10575,.T.);
#10575 = EDGE_CURVE('',#9957,#10381,#10576,.T.);
#10576 = CIRCLE('',#10577,0.45);
#10577 = AXIS2_PLACEMENT_3D('',#10578,#10579,#10580);
#10578 = CARTESIAN_POINT('',(-19.35,-14.,5.95));
#10579 = DIRECTION('',(0.,-1.,-0.));
#10580 = DIRECTION('',(-1.,0.,-1.224646799147E-16));
#10581 = ORIENTED_EDGE('',*,*,#10380,.F.);
#10582 = ORIENTED_EDGE('',*,*,#10544,.F.);
#10583 = TOROIDAL_SURFACE('',#10584,4.35,0.45);
#10584 = AXIS2_PLACEMENT_3D('',#10585,#10586,#10587);
#10585 = CARTESIAN_POINT('',(-15.,-14.,5.95));
#10586 = DIRECTION('',(1.224646799147E-16,0.,-1.));
#10587 = DIRECTION('',(-1.,0.,-1.224646799147E-16));
#10588 = ADVANCED_FACE('',(#10589),#10614,.T.);
#10589 = FACE_BOUND('',#10590,.T.);
#10590 = EDGE_LOOP('',(#10591,#10592,#10593,#10594));
#10591 = ORIENTED_EDGE('',*,*,#10389,.F.);
#10592 = ORIENTED_EDGE('',*,*,#10575,.F.);
#10593 = ORIENTED_EDGE('',*,*,#9976,.T.);
#10594 = ORIENTED_EDGE('',*,*,#10595,.F.);
#10595 = EDGE_CURVE('',#10390,#9969,#10596,.T.);
#10596 = B_SPLINE_CURVE_WITH_KNOTS('',6,(#10597,#10598,#10599,#10600,
    #10601,#10602,#10603,#10604,#10605,#10606,#10607,#10608,#10609,
    #10610,#10611,#10612,#10613),.UNSPECIFIED.,.F.,.F.,(7,5,5,7),(0.,
    0.437362900733,0.719315603253,1.),.UNSPECIFIED.);
#10597 = CARTESIAN_POINT('',(-16.00485727937,-9.767652914949,5.5));
#10598 = CARTESIAN_POINT('',(-16.0821280505,-9.735449789082,
    5.499999968898));
#10599 = CARTESIAN_POINT('',(-16.15869790178,-9.704189662482,
    5.506450410653));
#10600 = CARTESIAN_POINT('',(-16.23322559074,-9.674381293311,
    5.519442194373));
#10601 = CARTESIAN_POINT('',(-16.30434041031,-9.646476795234,
    5.538974753183));
#10602 = CARTESIAN_POINT('',(-16.37057446361,-9.620910944617,
    5.564848442284));
#10603 = CARTESIAN_POINT('',(-16.46913616418,-9.583367107924,
    5.616989101162));
#10604 = CARTESIAN_POINT('',(-16.50514822921,-9.56978919286,
    5.639848936171));
#10605 = CARTESIAN_POINT('',(-16.53815475191,-9.557457570891,
    5.664992766485));
#10606 = CARTESIAN_POINT('',(-16.56777841459,-9.546474118386,
    5.692224920414));
#10607 = CARTESIAN_POINT('',(-16.59367636709,-9.536929229898,
    5.721288990556));
#10608 = CARTESIAN_POINT('',(-16.63736112945,-9.520899856895,
    5.782302851202));
#10609 = CARTESIAN_POINT('',(-16.65518619382,-9.514401040457,
    5.81424185886));
#10610 = CARTESIAN_POINT('',(-16.66876353435,-9.509473354404,
    5.847365289059));
#10611 = CARTESIAN_POINT('',(-16.67788849705,-9.5061694989,
    5.881303146814));
#10612 = CARTESIAN_POINT('',(-16.682450177,-9.504517667492,
    5.915652814469));
#10613 = CARTESIAN_POINT('',(-16.682450177,-9.504517667492,5.95));
#10614 = TOROIDAL_SURFACE('',#10615,4.35,0.45);
#10615 = AXIS2_PLACEMENT_3D('',#10616,#10617,#10618);
#10616 = CARTESIAN_POINT('',(-15.,-14.,5.95));
#10617 = DIRECTION('',(1.224646799147E-16,0.,-1.));
#10618 = DIRECTION('',(-1.,0.,-1.224646799147E-16));
#10619 = ADVANCED_FACE('',(#10620),#10626,.T.);
#10620 = FACE_BOUND('',#10621,.T.);
#10621 = EDGE_LOOP('',(#10622,#10623,#10624,#10625));
#10622 = ORIENTED_EDGE('',*,*,#10083,.T.);
#10623 = ORIENTED_EDGE('',*,*,#10493,.T.);
#10624 = ORIENTED_EDGE('',*,*,#10398,.F.);
#10625 = ORIENTED_EDGE('',*,*,#10595,.T.);
#10626 = TOROIDAL_SURFACE('',#10627,18.75,0.45);
#10627 = AXIS2_PLACEMENT_3D('',#10628,#10629,#10630);
#10628 = CARTESIAN_POINT('',(6.184466335694E-16,0.,5.95));
#10629 = DIRECTION('',(1.224646799147E-16,0.,-1.));
#10630 = DIRECTION('',(-1.,0.,-1.224646799147E-16));
#10631 = ADVANCED_FACE('',(#10632),#10643,.F.);
#10632 = FACE_BOUND('',#10633,.F.);
#10633 = EDGE_LOOP('',(#10634,#10640,#10641,#10642));
#10634 = ORIENTED_EDGE('',*,*,#10635,.T.);
#10635 = EDGE_CURVE('',#10183,#10428,#10636,.T.);
#10636 = LINE('',#10637,#10638);
#10637 = CARTESIAN_POINT('',(-16.7,-14.,11.1));
#10638 = VECTOR('',#10639,1.);
#10639 = DIRECTION('',(1.224646799147E-16,0.,-1.));
#10640 = ORIENTED_EDGE('',*,*,#10427,.F.);
#10641 = ORIENTED_EDGE('',*,*,#10635,.F.);
#10642 = ORIENTED_EDGE('',*,*,#10182,.T.);
#10643 = CYLINDRICAL_SURFACE('',#10644,1.7);
#10644 = AXIS2_PLACEMENT_3D('',#10645,#10646,#10647);
#10645 = CARTESIAN_POINT('',(-15.,-14.,11.1));
#10646 = DIRECTION('',(1.224646799147E-16,0.,-1.));
#10647 = DIRECTION('',(-1.,0.,-1.224646799147E-16));
#10648 = ADVANCED_FACE('',(#10649),#10660,.F.);
#10649 = FACE_BOUND('',#10650,.F.);
#10650 = EDGE_LOOP('',(#10651,#10657,#10658,#10659));
#10651 = ORIENTED_EDGE('',*,*,#10652,.T.);
#10652 = EDGE_CURVE('',#10203,#10417,#10653,.T.);
#10653 = LINE('',#10654,#10655);
#10654 = CARTESIAN_POINT('',(13.3,-14.,11.1));
#10655 = VECTOR('',#10656,1.);
#10656 = DIRECTION('',(1.224646799147E-16,0.,-1.));
#10657 = ORIENTED_EDGE('',*,*,#10416,.F.);
#10658 = ORIENTED_EDGE('',*,*,#10652,.F.);
#10659 = ORIENTED_EDGE('',*,*,#10202,.T.);
#10660 = CYLINDRICAL_SURFACE('',#10661,1.7);
#10661 = AXIS2_PLACEMENT_3D('',#10662,#10663,#10664);
#10662 = CARTESIAN_POINT('',(15.,-14.,11.1));
#10663 = DIRECTION('',(1.224646799147E-16,0.,-1.));
#10664 = DIRECTION('',(-1.,0.,-1.224646799147E-16));
#10665 = ADVANCED_FACE('',(#10666),#10685,.F.);
#10666 = FACE_BOUND('',#10667,.F.);
#10667 = EDGE_LOOP('',(#10668,#10677,#10683,#10684));
#10668 = ORIENTED_EDGE('',*,*,#10669,.F.);
#10669 = EDGE_CURVE('',#10670,#10670,#10672,.T.);
#10670 = VERTEX_POINT('',#10671);
#10671 = CARTESIAN_POINT('',(-16.25,-3.980102097229E-15,6.45));
#10672 = CIRCLE('',#10673,16.25);
#10673 = AXIS2_PLACEMENT_3D('',#10674,#10675,#10676);
#10674 = CARTESIAN_POINT('',(5.57214293612E-16,0.,6.45));
#10675 = DIRECTION('',(1.224646799147E-16,0.,-1.));
#10676 = DIRECTION('',(-1.,0.,-1.224646799147E-16));
#10677 = ORIENTED_EDGE('',*,*,#10678,.F.);
#10678 = EDGE_CURVE('',#10220,#10670,#10679,.T.);
#10679 = LINE('',#10680,#10681);
#10680 = CARTESIAN_POINT('',(-16.25,-3.980102097229E-15,9.8));
#10681 = VECTOR('',#10682,1.);
#10682 = DIRECTION('',(1.224646799147E-16,0.,-1.));
#10683 = ORIENTED_EDGE('',*,*,#10219,.T.);
#10684 = ORIENTED_EDGE('',*,*,#10678,.T.);
#10685 = CYLINDRICAL_SURFACE('',#10686,16.25);
#10686 = AXIS2_PLACEMENT_3D('',#10687,#10688,#10689);
#10687 = CARTESIAN_POINT('',(1.469576158977E-16,0.,9.8));
#10688 = DIRECTION('',(1.224646799147E-16,0.,-1.));
#10689 = DIRECTION('',(-1.,0.,-1.224646799147E-16));
#10690 = ADVANCED_FACE('',(#10691),#10696,.T.);
#10691 = FACE_BOUND('',#10692,.T.);
#10692 = EDGE_LOOP('',(#10693,#10694,#10695));
#10693 = ORIENTED_EDGE('',*,*,#10517,.T.);
#10694 = ORIENTED_EDGE('',*,*,#10455,.T.);
#10695 = ORIENTED_EDGE('',*,*,#10352,.F.);
#10696 = TOROIDAL_SURFACE('',#10697,18.75,0.45);
#10697 = AXIS2_PLACEMENT_3D('',#10698,#10699,#10700);
#10698 = CARTESIAN_POINT('',(6.184466335694E-16,0.,5.95));
#10699 = DIRECTION('',(1.224646799147E-16,0.,-1.));
#10700 = DIRECTION('',(-1.,0.,-1.224646799147E-16));
#10701 = ADVANCED_FACE('',(#10702),#10721,.F.);
#10702 = FACE_BOUND('',#10703,.F.);
#10703 = EDGE_LOOP('',(#10704,#10705,#10713,#10720));
#10704 = ORIENTED_EDGE('',*,*,#10438,.F.);
#10705 = ORIENTED_EDGE('',*,*,#10706,.F.);
#10706 = EDGE_CURVE('',#10707,#10439,#10709,.T.);
#10707 = VERTEX_POINT('',#10708);
#10708 = CARTESIAN_POINT('',(-17.65,-4.32300320099E-15,6.45));
#10709 = LINE('',#10710,#10711);
#10710 = CARTESIAN_POINT('',(-17.65,-4.32300320099E-15,6.45));
#10711 = VECTOR('',#10712,1.);
#10712 = DIRECTION('',(1.224646799147E-16,0.,-1.));
#10713 = ORIENTED_EDGE('',*,*,#10714,.T.);
#10714 = EDGE_CURVE('',#10707,#10707,#10715,.T.);
#10715 = CIRCLE('',#10716,17.65);
#10716 = AXIS2_PLACEMENT_3D('',#10717,#10718,#10719);
#10717 = CARTESIAN_POINT('',(5.57214293612E-16,0.,6.45));
#10718 = DIRECTION('',(1.224646799147E-16,0.,-1.));
#10719 = DIRECTION('',(-1.,0.,-1.224646799147E-16));
#10720 = ORIENTED_EDGE('',*,*,#10706,.T.);
#10721 = CYLINDRICAL_SURFACE('',#10722,17.65);
#10722 = AXIS2_PLACEMENT_3D('',#10723,#10724,#10725);
#10723 = CARTESIAN_POINT('',(5.57214293612E-16,0.,6.45));
#10724 = DIRECTION('',(1.224646799147E-16,0.,-1.));
#10725 = DIRECTION('',(-1.,0.,-1.224646799147E-16));
#10726 = ADVANCED_FACE('',(#10727,#10730),#10733,.T.);
#10727 = FACE_BOUND('',#10728,.T.);
#10728 = EDGE_LOOP('',(#10729));
#10729 = ORIENTED_EDGE('',*,*,#10714,.T.);
#10730 = FACE_BOUND('',#10731,.T.);
#10731 = EDGE_LOOP('',(#10732));
#10732 = ORIENTED_EDGE('',*,*,#10669,.F.);
#10733 = PLANE('',#10734);
#10734 = AXIS2_PLACEMENT_3D('',#10735,#10736,#10737);
#10735 = CARTESIAN_POINT('',(5.57214293612E-16,0.,6.45));
#10736 = DIRECTION('',(1.224646799147E-16,0.,-1.));
#10737 = DIRECTION('',(-1.,0.,-1.224646799147E-16));
#10738 = ( GEOMETRIC_REPRESENTATION_CONTEXT(3) 
GLOBAL_UNCERTAINTY_ASSIGNED_CONTEXT((#10742)) 
GLOBAL_UNIT_ASSIGNED_CONTEXT((#10739,#10740,#10741)) 
REPRESENTATION_CONTEXT('Context #1',
  '3D Context with UNIT and UNCERTAINTY') );
#10739 = ( LENGTH_UNIT() NAMED_UNIT(*) SI_UNIT(.MILLI.,.METRE.) );
#10740 = ( NAMED_UNIT(*) PLANE_ANGLE_UNIT() SI_UNIT($,.RADIAN.) );
#10741 = ( NAMED_UNIT(*) SI_UNIT($,.STERADIAN.) SOLID_ANGLE_UNIT() );
#10742 = UNCERTAINTY_MEASURE_WITH_UNIT(LENGTH_MEASURE(2.E-07),#10739,
  'distance_accuracy_value','confusion accuracy');
#10743 = PRODUCT_RELATED_PRODUCT_CATEGORY('part',$,(#7));
ENDSEC;
END-ISO-10303-21;
