ISO-10303-21;
HEADER;
FILE_DESCRIPTION(('FreeCAD Model'),'2;1');
FILE_NAME('Open CASCADE Shape Model','2026-09-29T14:08:05',('FreeCAD'),(
    'FreeCAD'),'Open CASCADE STEP processor 7.8','FreeCAD','Unknown');
FILE_SCHEMA(('AUTOMOTIVE_DESIGN { 1 0 10303 214 1 1 1 1 }'));
ENDSEC;
DATA;
#1 = APPLICATION_PROTOCOL_DEFINITION('international standard',
  'automotive_design',2000,#2);
#2 = APPLICATION_CONTEXT(
  'core data for automotive mechanical design processes');
#3 = SHAPE_DEFINITION_REPRESENTATION(#4,#10);
#4 = PRODUCT_DEFINITION_SHAPE('','',#5);
#5 = PRODUCT_DEFINITION('design','',#6,#9);
#6 = PRODUCT_DEFINITION_FORMATION('','',#7);
#7 = PRODUCT('Open CASCADE STEP translator 7.8 7',
  'Open CASCADE STEP translator 7.8 7','',(#8));
#8 = PRODUCT_CONTEXT('',#2,'mechanical');
#9 = PRODUCT_DEFINITION_CONTEXT('part definition',#2,'design');
#10 = SHAPE_REPRESENTATION('',(#11,#15,#2151),#11157);
#11 = AXIS2_PLACEMENT_3D('',#12,#13,#14);
#12 = CARTESIAN_POINT('',(0.,0.,0.));
#13 = DIRECTION('',(0.,0.,1.));
#14 = DIRECTION('',(1.,0.,-0.));
#15 = MANIFOLD_SOLID_BREP('',#16);
#16 = CLOSED_SHELL('',(#17,#142,#166,#197,#222,#246,#264,#295,#320,#345,
    #362,#393,#418,#443,#460,#480,#714,#739,#786,#812,#852,#891,#1000,
    #1039,#1065,#1104,#1148,#1188,#1271,#1302,#1326,#1350,#1374,#1398,
    #1415,#1446,#1470,#1494,#1518,#1542,#1559,#1584,#1699,#1734,#1769,
    #1797,#1815,#1833,#1858,#1883,#1901,#1932,#1944,#1969,#1994,#2025,
    #2043,#2074,#2105,#2117,#2134));
#17 = ADVANCED_FACE('',(#18,#29,#65,#101),#137,.T.);
#18 = FACE_BOUND('',#19,.T.);
#19 = EDGE_LOOP('',(#20));
#20 = ORIENTED_EDGE('',*,*,#21,.T.);
#21 = EDGE_CURVE('',#22,#22,#24,.T.);
#22 = VERTEX_POINT('',#23);
#23 = CARTESIAN_POINT('',(16.25,-3.980102097229E-15,1.2));
#24 = CIRCLE('',#25,16.25);
#25 = AXIS2_PLACEMENT_3D('',#26,#27,#28);
#26 = CARTESIAN_POINT('',(0.,0.,1.2));
#27 = DIRECTION('',(0.,0.,1.));
#28 = DIRECTION('',(1.,0.,0.));
#29 = FACE_BOUND('',#30,.T.);
#30 = EDGE_LOOP('',(#31,#41,#50,#58));
#31 = ORIENTED_EDGE('',*,*,#32,.F.);
#32 = EDGE_CURVE('',#33,#35,#37,.T.);
#33 = VERTEX_POINT('',#34);
#34 = CARTESIAN_POINT('',(0.9,-9.5,1.2));
#35 = VERTEX_POINT('',#36);
#36 = CARTESIAN_POINT('',(0.9,-5.2,1.2));
#37 = LINE('',#38,#39);
#38 = CARTESIAN_POINT('',(0.9,-2.6,1.2));
#39 = VECTOR('',#40,1.);
#40 = DIRECTION('',(1.807339807529E-16,1.,0.));
#41 = ORIENTED_EDGE('',*,*,#42,.F.);
#42 = EDGE_CURVE('',#43,#33,#45,.T.);
#43 = VERTEX_POINT('',#44);
#44 = CARTESIAN_POINT('',(-0.9,-9.5,1.2));
#45 = CIRCLE('',#46,0.9);
#46 = AXIS2_PLACEMENT_3D('',#47,#48,#49);
#47 = CARTESIAN_POINT('',(-1.745121688785E-15,-9.5,1.2));
#48 = DIRECTION('',(0.,0.,1.));
#49 = DIRECTION('',(1.,0.,0.));
#50 = ORIENTED_EDGE('',*,*,#51,.F.);
#51 = EDGE_CURVE('',#52,#43,#54,.T.);
#52 = VERTEX_POINT('',#53);
#53 = CARTESIAN_POINT('',(-0.9,-5.2,1.2));
#54 = LINE('',#55,#56);
#55 = CARTESIAN_POINT('',(-0.9,-4.75,1.2));
#56 = VECTOR('',#57,1.);
#57 = DIRECTION('',(-1.807339807529E-16,-1.,0.));
#58 = ORIENTED_EDGE('',*,*,#59,.F.);
#59 = EDGE_CURVE('',#35,#52,#60,.T.);
#60 = CIRCLE('',#61,0.9);
#61 = AXIS2_PLACEMENT_3D('',#62,#63,#64);
#62 = CARTESIAN_POINT('',(-9.552245033349E-16,-5.2,1.2));
#63 = DIRECTION('',(0.,0.,1.));
#64 = DIRECTION('',(1.,0.,0.));
#65 = FACE_BOUND('',#66,.T.);
#66 = EDGE_LOOP('',(#67,#77,#86,#94));
#67 = ORIENTED_EDGE('',*,*,#68,.F.);
#68 = EDGE_CURVE('',#69,#71,#73,.T.);
#69 = VERTEX_POINT('',#70);
#70 = CARTESIAN_POINT('',(-8.677241335952,3.970577136594,1.2));
#71 = VERTEX_POINT('',#72);
#72 = CARTESIAN_POINT('',(-4.953332099679,1.820577136594,1.2));
#73 = LINE('',#74,#75);
#74 = CARTESIAN_POINT('',(-2.70166604984,0.520577136594,1.2));
#75 = VECTOR('',#76,1.);
#76 = DIRECTION('',(0.866025403784,-0.5,0.));
#77 = ORIENTED_EDGE('',*,*,#78,.F.);
#78 = EDGE_CURVE('',#79,#69,#81,.T.);
#79 = VERTEX_POINT('',#80);
#80 = CARTESIAN_POINT('',(-7.777241335952,5.529422863406,1.2));
#81 = CIRCLE('',#82,0.9);
#82 = AXIS2_PLACEMENT_3D('',#83,#84,#85);
#83 = CARTESIAN_POINT('',(-8.227241335952,4.75,1.2));
#84 = DIRECTION('',(0.,0.,1.));
#85 = DIRECTION('',(1.,0.,0.));
#86 = ORIENTED_EDGE('',*,*,#87,.F.);
#87 = EDGE_CURVE('',#88,#79,#90,.T.);
#88 = VERTEX_POINT('',#89);
#89 = CARTESIAN_POINT('',(-4.053332099679,3.379422863406,1.2));
#90 = LINE('',#91,#92);
#91 = CARTESIAN_POINT('',(-3.663620667976,3.154422863406,1.2));
#92 = VECTOR('',#93,1.);
#93 = DIRECTION('',(-0.866025403784,0.5,0.));
#94 = ORIENTED_EDGE('',*,*,#95,.F.);
#95 = EDGE_CURVE('',#71,#88,#96,.T.);
#96 = CIRCLE('',#97,0.9);
#97 = AXIS2_PLACEMENT_3D('',#98,#99,#100);
#98 = CARTESIAN_POINT('',(-4.503332099679,2.6,1.2));
#99 = DIRECTION('',(0.,0.,1.));
#100 = DIRECTION('',(1.,0.,0.));
#101 = FACE_BOUND('',#102,.T.);
#102 = EDGE_LOOP('',(#103,#113,#122,#130));
#103 = ORIENTED_EDGE('',*,*,#104,.F.);
#104 = EDGE_CURVE('',#105,#107,#109,.T.);
#105 = VERTEX_POINT('',#106);
#106 = CARTESIAN_POINT('',(7.777241335952,5.529422863406,1.2));
#107 = VERTEX_POINT('',#108);
#108 = CARTESIAN_POINT('',(4.053332099679,3.379422863406,1.2));
#109 = LINE('',#110,#111);
#110 = CARTESIAN_POINT('',(1.80166604984,2.079422863406,1.2));
#111 = VECTOR('',#112,1.);
#112 = DIRECTION('',(-0.866025403784,-0.5,0.));
#113 = ORIENTED_EDGE('',*,*,#114,.F.);
#114 = EDGE_CURVE('',#115,#105,#117,.T.);
#115 = VERTEX_POINT('',#116);
#116 = CARTESIAN_POINT('',(8.677241335952,3.970577136594,1.2));
#117 = CIRCLE('',#118,0.9);
#118 = AXIS2_PLACEMENT_3D('',#119,#120,#121);
#119 = CARTESIAN_POINT('',(8.227241335952,4.75,1.2));
#120 = DIRECTION('',(0.,0.,1.));
#121 = DIRECTION('',(1.,0.,0.));
#122 = ORIENTED_EDGE('',*,*,#123,.F.);
#123 = EDGE_CURVE('',#124,#115,#126,.T.);
#124 = VERTEX_POINT('',#125);
#125 = CARTESIAN_POINT('',(4.953332099679,1.820577136594,1.2));
#126 = LINE('',#127,#128);
#127 = CARTESIAN_POINT('',(4.563620667976,1.595577136594,1.2));
#128 = VECTOR('',#129,1.);
#129 = DIRECTION('',(0.866025403784,0.5,0.));
#130 = ORIENTED_EDGE('',*,*,#131,.F.);
#131 = EDGE_CURVE('',#107,#124,#132,.T.);
#132 = CIRCLE('',#133,0.9);
#133 = AXIS2_PLACEMENT_3D('',#134,#135,#136);
#134 = CARTESIAN_POINT('',(4.503332099679,2.6,1.2));
#135 = DIRECTION('',(0.,0.,1.));
#136 = DIRECTION('',(1.,0.,0.));
#137 = PLANE('',#138);
#138 = AXIS2_PLACEMENT_3D('',#139,#140,#141);
#139 = CARTESIAN_POINT('',(0.,0.,1.2));
#140 = DIRECTION('',(0.,0.,1.));
#141 = DIRECTION('',(1.,0.,0.));
#142 = ADVANCED_FACE('',(#143),#161,.F.);
#143 = FACE_BOUND('',#144,.F.);
#144 = EDGE_LOOP('',(#145,#146,#153,#160));
#145 = ORIENTED_EDGE('',*,*,#21,.T.);
#146 = ORIENTED_EDGE('',*,*,#147,.T.);
#147 = EDGE_CURVE('',#22,#148,#150,.T.);
#148 = VERTEX_POINT('',#149);
#149 = CARTESIAN_POINT('',(16.25,-3.980102097229E-15,6.3));
#150 = B_SPLINE_CURVE_WITH_KNOTS('',1,(#151,#152),.UNSPECIFIED.,.F.,.F.,
  (2,2),(-4.2,0.9),.PIECEWISE_BEZIER_KNOTS.);
#151 = CARTESIAN_POINT('',(16.25,0.,1.2));
#152 = CARTESIAN_POINT('',(16.25,0.,6.3));
#153 = ORIENTED_EDGE('',*,*,#154,.F.);
#154 = EDGE_CURVE('',#148,#148,#155,.T.);
#155 = CIRCLE('',#156,16.25);
#156 = AXIS2_PLACEMENT_3D('',#157,#158,#159);
#157 = CARTESIAN_POINT('',(0.,0.,6.3));
#158 = DIRECTION('',(0.,0.,1.));
#159 = DIRECTION('',(1.,0.,0.));
#160 = ORIENTED_EDGE('',*,*,#147,.F.);
#161 = CYLINDRICAL_SURFACE('',#162,16.25);
#162 = AXIS2_PLACEMENT_3D('',#163,#164,#165);
#163 = CARTESIAN_POINT('',(0.,0.,5.4));
#164 = DIRECTION('',(0.,0.,1.));
#165 = DIRECTION('',(1.,0.,0.));
#166 = ADVANCED_FACE('',(#167),#192,.F.);
#167 = FACE_BOUND('',#168,.F.);
#168 = EDGE_LOOP('',(#169,#179,#185,#186));
#169 = ORIENTED_EDGE('',*,*,#170,.F.);
#170 = EDGE_CURVE('',#171,#173,#175,.T.);
#171 = VERTEX_POINT('',#172);
#172 = CARTESIAN_POINT('',(0.9,-5.2,0.));
#173 = VERTEX_POINT('',#174);
#174 = CARTESIAN_POINT('',(0.9,-9.5,0.));
#175 = LINE('',#176,#177);
#176 = CARTESIAN_POINT('',(0.9,-1.810540468843,0.));
#177 = VECTOR('',#178,1.);
#178 = DIRECTION('',(-1.807339807529E-16,-1.,0.));
#179 = ORIENTED_EDGE('',*,*,#180,.T.);
#180 = EDGE_CURVE('',#171,#35,#181,.T.);
#181 = LINE('',#182,#183);
#182 = CARTESIAN_POINT('',(0.9,-5.2,-0.1));
#183 = VECTOR('',#184,1.);
#184 = DIRECTION('',(0.,0.,1.));
#185 = ORIENTED_EDGE('',*,*,#32,.F.);
#186 = ORIENTED_EDGE('',*,*,#187,.F.);
#187 = EDGE_CURVE('',#173,#33,#188,.T.);
#188 = LINE('',#189,#190);
#189 = CARTESIAN_POINT('',(0.9,-9.5,-0.1));
#190 = VECTOR('',#191,1.);
#191 = DIRECTION('',(0.,0.,1.));
#192 = PLANE('',#193);
#193 = AXIS2_PLACEMENT_3D('',#194,#195,#196);
#194 = CARTESIAN_POINT('',(0.9,-5.2,-0.1));
#195 = DIRECTION('',(1.,-1.807339807529E-16,0.));
#196 = DIRECTION('',(-1.807339807529E-16,-1.,0.));
#197 = ADVANCED_FACE('',(#198),#217,.F.);
#198 = FACE_BOUND('',#199,.F.);
#199 = EDGE_LOOP('',(#200,#201,#202,#211));
#200 = ORIENTED_EDGE('',*,*,#59,.F.);
#201 = ORIENTED_EDGE('',*,*,#180,.F.);
#202 = ORIENTED_EDGE('',*,*,#203,.T.);
#203 = EDGE_CURVE('',#171,#204,#206,.T.);
#204 = VERTEX_POINT('',#205);
#205 = CARTESIAN_POINT('',(-0.9,-5.2,0.));
#206 = CIRCLE('',#207,0.9);
#207 = AXIS2_PLACEMENT_3D('',#208,#209,#210);
#208 = CARTESIAN_POINT('',(-9.552245033349E-16,-5.2,0.));
#209 = DIRECTION('',(0.,0.,1.));
#210 = DIRECTION('',(1.,0.,0.));
#211 = ORIENTED_EDGE('',*,*,#212,.T.);
#212 = EDGE_CURVE('',#204,#52,#213,.T.);
#213 = LINE('',#214,#215);
#214 = CARTESIAN_POINT('',(-0.9,-5.2,-0.1));
#215 = VECTOR('',#216,1.);
#216 = DIRECTION('',(0.,0.,1.));
#217 = CYLINDRICAL_SURFACE('',#218,0.9);
#218 = AXIS2_PLACEMENT_3D('',#219,#220,#221);
#219 = CARTESIAN_POINT('',(-9.552245033349E-16,-5.2,-0.1));
#220 = DIRECTION('',(0.,0.,1.));
#221 = DIRECTION('',(1.,0.,0.));
#222 = ADVANCED_FACE('',(#223),#241,.F.);
#223 = FACE_BOUND('',#224,.F.);
#224 = EDGE_LOOP('',(#225,#233,#239,#240));
#225 = ORIENTED_EDGE('',*,*,#226,.F.);
#226 = EDGE_CURVE('',#227,#204,#229,.T.);
#227 = VERTEX_POINT('',#228);
#228 = CARTESIAN_POINT('',(-0.9,-9.5,0.));
#229 = LINE('',#230,#231);
#230 = CARTESIAN_POINT('',(-0.9,-3.960540468843,0.));
#231 = VECTOR('',#232,1.);
#232 = DIRECTION('',(1.807339807529E-16,1.,0.));
#233 = ORIENTED_EDGE('',*,*,#234,.T.);
#234 = EDGE_CURVE('',#227,#43,#235,.T.);
#235 = LINE('',#236,#237);
#236 = CARTESIAN_POINT('',(-0.9,-9.5,-0.1));
#237 = VECTOR('',#238,1.);
#238 = DIRECTION('',(0.,0.,1.));
#239 = ORIENTED_EDGE('',*,*,#51,.F.);
#240 = ORIENTED_EDGE('',*,*,#212,.F.);
#241 = PLANE('',#242);
#242 = AXIS2_PLACEMENT_3D('',#243,#244,#245);
#243 = CARTESIAN_POINT('',(-0.9,-9.5,-0.1));
#244 = DIRECTION('',(-1.,1.807339807529E-16,0.));
#245 = DIRECTION('',(1.807339807529E-16,1.,0.));
#246 = ADVANCED_FACE('',(#247),#259,.F.);
#247 = FACE_BOUND('',#248,.F.);
#248 = EDGE_LOOP('',(#249,#256,#257,#258));
#249 = ORIENTED_EDGE('',*,*,#250,.T.);
#250 = EDGE_CURVE('',#227,#173,#251,.T.);
#251 = CIRCLE('',#252,0.9);
#252 = AXIS2_PLACEMENT_3D('',#253,#254,#255);
#253 = CARTESIAN_POINT('',(-1.745121688785E-15,-9.5,0.));
#254 = DIRECTION('',(0.,0.,1.));
#255 = DIRECTION('',(1.,0.,0.));
#256 = ORIENTED_EDGE('',*,*,#187,.T.);
#257 = ORIENTED_EDGE('',*,*,#42,.F.);
#258 = ORIENTED_EDGE('',*,*,#234,.F.);
#259 = CYLINDRICAL_SURFACE('',#260,0.9);
#260 = AXIS2_PLACEMENT_3D('',#261,#262,#263);
#261 = CARTESIAN_POINT('',(-1.745121688785E-15,-9.5,-0.1));
#262 = DIRECTION('',(0.,0.,1.));
#263 = DIRECTION('',(1.,0.,0.));
#264 = ADVANCED_FACE('',(#265),#290,.F.);
#265 = FACE_BOUND('',#266,.F.);
#266 = EDGE_LOOP('',(#267,#277,#283,#284));
#267 = ORIENTED_EDGE('',*,*,#268,.F.);
#268 = EDGE_CURVE('',#269,#271,#273,.T.);
#269 = VERTEX_POINT('',#270);
#270 = CARTESIAN_POINT('',(-4.953332099679,1.820577136594,0.));
#271 = VERTEX_POINT('',#272);
#272 = CARTESIAN_POINT('',(-8.677241335952,3.970577136594,0.));
#273 = LINE('',#274,#275);
#274 = CARTESIAN_POINT('',(-2.963740237238,0.671885739236,0.));
#275 = VECTOR('',#276,1.);
#276 = DIRECTION('',(-0.866025403784,0.5,0.));
#277 = ORIENTED_EDGE('',*,*,#278,.T.);
#278 = EDGE_CURVE('',#269,#71,#279,.T.);
#279 = LINE('',#280,#281);
#280 = CARTESIAN_POINT('',(-4.953332099679,1.820577136594,-0.1));
#281 = VECTOR('',#282,1.);
#282 = DIRECTION('',(0.,0.,1.));
#283 = ORIENTED_EDGE('',*,*,#68,.F.);
#284 = ORIENTED_EDGE('',*,*,#285,.F.);
#285 = EDGE_CURVE('',#271,#69,#286,.T.);
#286 = LINE('',#287,#288);
#287 = CARTESIAN_POINT('',(-8.677241335952,3.970577136594,-0.1));
#288 = VECTOR('',#289,1.);
#289 = DIRECTION('',(0.,0.,1.));
#290 = PLANE('',#291);
#291 = AXIS2_PLACEMENT_3D('',#292,#293,#294);
#292 = CARTESIAN_POINT('',(-4.953332099679,1.820577136594,-0.1));
#293 = DIRECTION('',(-0.5,-0.866025403784,0.));
#294 = DIRECTION('',(-0.866025403784,0.5,0.));
#295 = ADVANCED_FACE('',(#296),#315,.F.);
#296 = FACE_BOUND('',#297,.F.);
#297 = EDGE_LOOP('',(#298,#299,#307,#314));
#298 = ORIENTED_EDGE('',*,*,#78,.F.);
#299 = ORIENTED_EDGE('',*,*,#300,.F.);
#300 = EDGE_CURVE('',#301,#79,#303,.T.);
#301 = VERTEX_POINT('',#302);
#302 = CARTESIAN_POINT('',(-7.777241335952,5.529422863406,0.));
#303 = LINE('',#304,#305);
#304 = CARTESIAN_POINT('',(-7.777241335952,5.529422863406,-0.1));
#305 = VECTOR('',#306,1.);
#306 = DIRECTION('',(0.,0.,1.));
#307 = ORIENTED_EDGE('',*,*,#308,.T.);
#308 = EDGE_CURVE('',#301,#271,#309,.T.);
#309 = CIRCLE('',#310,0.9);
#310 = AXIS2_PLACEMENT_3D('',#311,#312,#313);
#311 = CARTESIAN_POINT('',(-8.227241335952,4.75,0.));
#312 = DIRECTION('',(0.,0.,1.));
#313 = DIRECTION('',(1.,0.,0.));
#314 = ORIENTED_EDGE('',*,*,#285,.T.);
#315 = CYLINDRICAL_SURFACE('',#316,0.9);
#316 = AXIS2_PLACEMENT_3D('',#317,#318,#319);
#317 = CARTESIAN_POINT('',(-8.227241335952,4.75,-0.1));
#318 = DIRECTION('',(0.,0.,1.));
#319 = DIRECTION('',(1.,0.,0.));
#320 = ADVANCED_FACE('',(#321),#340,.F.);
#321 = FACE_BOUND('',#322,.F.);
#322 = EDGE_LOOP('',(#323,#332,#338,#339));
#323 = ORIENTED_EDGE('',*,*,#324,.T.);
#324 = EDGE_CURVE('',#269,#325,#327,.T.);
#325 = VERTEX_POINT('',#326);
#326 = CARTESIAN_POINT('',(-4.053332099679,3.379422863406,0.));
#327 = CIRCLE('',#328,0.9);
#328 = AXIS2_PLACEMENT_3D('',#329,#330,#331);
#329 = CARTESIAN_POINT('',(-4.503332099679,2.6,0.));
#330 = DIRECTION('',(0.,0.,1.));
#331 = DIRECTION('',(1.,0.,0.));
#332 = ORIENTED_EDGE('',*,*,#333,.T.);
#333 = EDGE_CURVE('',#325,#88,#334,.T.);
#334 = LINE('',#335,#336);
#335 = CARTESIAN_POINT('',(-4.053332099679,3.379422863406,-0.1));
#336 = VECTOR('',#337,1.);
#337 = DIRECTION('',(0.,0.,1.));
#338 = ORIENTED_EDGE('',*,*,#95,.F.);
#339 = ORIENTED_EDGE('',*,*,#278,.F.);
#340 = CYLINDRICAL_SURFACE('',#341,0.9);
#341 = AXIS2_PLACEMENT_3D('',#342,#343,#344);
#342 = CARTESIAN_POINT('',(-4.503332099679,2.6,-0.1));
#343 = DIRECTION('',(0.,0.,1.));
#344 = DIRECTION('',(1.,0.,0.));
#345 = ADVANCED_FACE('',(#346),#357,.F.);
#346 = FACE_BOUND('',#347,.F.);
#347 = EDGE_LOOP('',(#348,#354,#355,#356));
#348 = ORIENTED_EDGE('',*,*,#349,.F.);
#349 = EDGE_CURVE('',#301,#325,#350,.T.);
#350 = LINE('',#351,#352);
#351 = CARTESIAN_POINT('',(-3.925694855375,3.305731466048,
    1.387778780781E-17));
#352 = VECTOR('',#353,1.);
#353 = DIRECTION('',(0.866025403784,-0.5,0.));
#354 = ORIENTED_EDGE('',*,*,#300,.T.);
#355 = ORIENTED_EDGE('',*,*,#87,.F.);
#356 = ORIENTED_EDGE('',*,*,#333,.F.);
#357 = PLANE('',#358);
#358 = AXIS2_PLACEMENT_3D('',#359,#360,#361);
#359 = CARTESIAN_POINT('',(-7.777241335952,5.529422863406,-0.1));
#360 = DIRECTION('',(0.5,0.866025403784,0.));
#361 = DIRECTION('',(0.866025403784,-0.5,0.));
#362 = ADVANCED_FACE('',(#363),#388,.F.);
#363 = FACE_BOUND('',#364,.F.);
#364 = EDGE_LOOP('',(#365,#375,#381,#382));
#365 = ORIENTED_EDGE('',*,*,#366,.F.);
#366 = EDGE_CURVE('',#367,#369,#371,.T.);
#367 = VERTEX_POINT('',#368);
#368 = CARTESIAN_POINT('',(4.053332099679,3.379422863406,0.));
#369 = VERTEX_POINT('',#370);
#370 = CARTESIAN_POINT('',(7.777241335952,5.529422863406,0.));
#371 = LINE('',#372,#373);
#372 = CARTESIAN_POINT('',(2.223283871682,2.322844026342,
    1.387778780781E-17));
#373 = VECTOR('',#374,1.);
#374 = DIRECTION('',(0.866025403784,0.5,0.));
#375 = ORIENTED_EDGE('',*,*,#376,.T.);
#376 = EDGE_CURVE('',#367,#107,#377,.T.);
#377 = LINE('',#378,#379);
#378 = CARTESIAN_POINT('',(4.053332099679,3.379422863406,-0.1));
#379 = VECTOR('',#380,1.);
#380 = DIRECTION('',(0.,0.,1.));
#381 = ORIENTED_EDGE('',*,*,#104,.F.);
#382 = ORIENTED_EDGE('',*,*,#383,.F.);
#383 = EDGE_CURVE('',#369,#105,#384,.T.);
#384 = LINE('',#385,#386);
#385 = CARTESIAN_POINT('',(7.777241335952,5.529422863406,-0.1));
#386 = VECTOR('',#387,1.);
#387 = DIRECTION('',(0.,0.,1.));
#388 = PLANE('',#389);
#389 = AXIS2_PLACEMENT_3D('',#390,#391,#392);
#390 = CARTESIAN_POINT('',(4.053332099679,3.379422863406,-0.1));
#391 = DIRECTION('',(-0.5,0.866025403784,0.));
#392 = DIRECTION('',(0.866025403784,0.5,0.));
#393 = ADVANCED_FACE('',(#394),#413,.F.);
#394 = FACE_BOUND('',#395,.F.);
#395 = EDGE_LOOP('',(#396,#397,#405,#412));
#396 = ORIENTED_EDGE('',*,*,#114,.F.);
#397 = ORIENTED_EDGE('',*,*,#398,.F.);
#398 = EDGE_CURVE('',#399,#115,#401,.T.);
#399 = VERTEX_POINT('',#400);
#400 = CARTESIAN_POINT('',(8.677241335952,3.970577136594,0.));
#401 = LINE('',#402,#403);
#402 = CARTESIAN_POINT('',(8.677241335952,3.970577136594,-0.1));
#403 = VECTOR('',#404,1.);
#404 = DIRECTION('',(0.,0.,1.));
#405 = ORIENTED_EDGE('',*,*,#406,.T.);
#406 = EDGE_CURVE('',#399,#369,#407,.T.);
#407 = CIRCLE('',#408,0.9);
#408 = AXIS2_PLACEMENT_3D('',#409,#410,#411);
#409 = CARTESIAN_POINT('',(8.227241335952,4.75,0.));
#410 = DIRECTION('',(0.,0.,1.));
#411 = DIRECTION('',(1.,0.,0.));
#412 = ORIENTED_EDGE('',*,*,#383,.T.);
#413 = CYLINDRICAL_SURFACE('',#414,0.9);
#414 = AXIS2_PLACEMENT_3D('',#415,#416,#417);
#415 = CARTESIAN_POINT('',(8.227241335952,4.75,-0.1));
#416 = DIRECTION('',(0.,0.,1.));
#417 = DIRECTION('',(1.,0.,0.));
#418 = ADVANCED_FACE('',(#419),#438,.F.);
#419 = FACE_BOUND('',#420,.F.);
#420 = EDGE_LOOP('',(#421,#422,#423,#432));
#421 = ORIENTED_EDGE('',*,*,#131,.F.);
#422 = ORIENTED_EDGE('',*,*,#376,.F.);
#423 = ORIENTED_EDGE('',*,*,#424,.T.);
#424 = EDGE_CURVE('',#367,#425,#427,.T.);
#425 = VERTEX_POINT('',#426);
#426 = CARTESIAN_POINT('',(4.953332099679,1.820577136594,0.));
#427 = CIRCLE('',#428,0.9);
#428 = AXIS2_PLACEMENT_3D('',#429,#430,#431);
#429 = CARTESIAN_POINT('',(4.503332099679,2.6,0.));
#430 = DIRECTION('',(0.,0.,1.));
#431 = DIRECTION('',(1.,0.,0.));
#432 = ORIENTED_EDGE('',*,*,#433,.T.);
#433 = EDGE_CURVE('',#425,#124,#434,.T.);
#434 = LINE('',#435,#436);
#435 = CARTESIAN_POINT('',(4.953332099679,1.820577136594,-0.1));
#436 = VECTOR('',#437,1.);
#437 = DIRECTION('',(0.,0.,1.));
#438 = CYLINDRICAL_SURFACE('',#439,0.9);
#439 = AXIS2_PLACEMENT_3D('',#440,#441,#442);
#440 = CARTESIAN_POINT('',(4.503332099679,2.6,-0.1));
#441 = DIRECTION('',(0.,0.,1.));
#442 = DIRECTION('',(1.,0.,0.));
#443 = ADVANCED_FACE('',(#444),#455,.F.);
#444 = FACE_BOUND('',#445,.F.);
#445 = EDGE_LOOP('',(#446,#452,#453,#454));
#446 = ORIENTED_EDGE('',*,*,#447,.F.);
#447 = EDGE_CURVE('',#399,#425,#448,.T.);
#448 = LINE('',#449,#450);
#449 = CARTESIAN_POINT('',(4.985238489819,1.83899829953,0.));
#450 = VECTOR('',#451,1.);
#451 = DIRECTION('',(-0.866025403784,-0.5,0.));
#452 = ORIENTED_EDGE('',*,*,#398,.T.);
#453 = ORIENTED_EDGE('',*,*,#123,.F.);
#454 = ORIENTED_EDGE('',*,*,#433,.F.);
#455 = PLANE('',#456);
#456 = AXIS2_PLACEMENT_3D('',#457,#458,#459);
#457 = CARTESIAN_POINT('',(8.677241335952,3.970577136594,-0.1));
#458 = DIRECTION('',(0.5,-0.866025403784,0.));
#459 = DIRECTION('',(-0.866025403784,-0.5,0.));
#460 = ADVANCED_FACE('',(#461,#472),#475,.T.);
#461 = FACE_BOUND('',#462,.T.);
#462 = EDGE_LOOP('',(#463));
#463 = ORIENTED_EDGE('',*,*,#464,.T.);
#464 = EDGE_CURVE('',#465,#465,#467,.T.);
#465 = VERTEX_POINT('',#466);
#466 = CARTESIAN_POINT('',(17.35,-4.249524393041E-15,6.3));
#467 = CIRCLE('',#468,17.35);
#468 = AXIS2_PLACEMENT_3D('',#469,#470,#471);
#469 = CARTESIAN_POINT('',(0.,0.,6.3));
#470 = DIRECTION('',(0.,0.,1.));
#471 = DIRECTION('',(1.,0.,0.));
#472 = FACE_BOUND('',#473,.T.);
#473 = EDGE_LOOP('',(#474));
#474 = ORIENTED_EDGE('',*,*,#154,.F.);
#475 = PLANE('',#476);
#476 = AXIS2_PLACEMENT_3D('',#477,#478,#479);
#477 = CARTESIAN_POINT('',(0.,0.,6.3));
#478 = DIRECTION('',(0.,0.,1.));
#479 = DIRECTION('',(1.,0.,0.));
#480 = ADVANCED_FACE('',(#481,#580,#630,#636,#642,#692,#698),#709,.T.);
#481 = FACE_BOUND('',#482,.T.);
#482 = EDGE_LOOP('',(#483,#494,#503,#512,#521,#530,#539,#547,#556,#565,
    #573));
#483 = ORIENTED_EDGE('',*,*,#484,.F.);
#484 = EDGE_CURVE('',#485,#487,#489,.T.);
#485 = VERTEX_POINT('',#486);
#486 = CARTESIAN_POINT('',(16.004857279357,-9.767652914974,0.));
#487 = VERTEX_POINT('',#488);
#488 = CARTESIAN_POINT('',(18.75,0.,0.));
#489 = CIRCLE('',#490,18.75);
#490 = AXIS2_PLACEMENT_3D('',#491,#492,#493);
#491 = CARTESIAN_POINT('',(0.,0.,0.));
#492 = DIRECTION('',(0.,0.,1.));
#493 = DIRECTION('',(1.,0.,0.));
#494 = ORIENTED_EDGE('',*,*,#495,.F.);
#495 = EDGE_CURVE('',#496,#485,#498,.T.);
#496 = VERTEX_POINT('',#497);
#497 = CARTESIAN_POINT('',(19.35,-14.,0.));
#498 = CIRCLE('',#499,4.35);
#499 = AXIS2_PLACEMENT_3D('',#500,#501,#502);
#500 = CARTESIAN_POINT('',(15.,-14.,0.));
#501 = DIRECTION('',(0.,0.,1.));
#502 = DIRECTION('',(1.,0.,0.));
#503 = ORIENTED_EDGE('',*,*,#504,.F.);
#504 = EDGE_CURVE('',#505,#496,#507,.T.);
#505 = VERTEX_POINT('',#506);
#506 = CARTESIAN_POINT('',(10.846924193327,-15.29400979286,0.));
#507 = CIRCLE('',#508,4.35);
#508 = AXIS2_PLACEMENT_3D('',#509,#510,#511);
#509 = CARTESIAN_POINT('',(15.,-14.,0.));
#510 = DIRECTION('',(0.,0.,1.));
#511 = DIRECTION('',(1.,0.,0.));
#512 = ORIENTED_EDGE('',*,*,#513,.F.);
#513 = EDGE_CURVE('',#514,#505,#516,.T.);
#514 = VERTEX_POINT('',#515);
#515 = CARTESIAN_POINT('',(-10.84692419332,-15.29400979286,0.));
#516 = CIRCLE('',#517,18.75);
#517 = AXIS2_PLACEMENT_3D('',#518,#519,#520);
#518 = CARTESIAN_POINT('',(0.,0.,0.));
#519 = DIRECTION('',(0.,0.,1.));
#520 = DIRECTION('',(1.,0.,0.));
#521 = ORIENTED_EDGE('',*,*,#522,.F.);
#522 = EDGE_CURVE('',#523,#514,#525,.T.);
#523 = VERTEX_POINT('',#524);
#524 = CARTESIAN_POINT('',(-16.00485727935,-9.767652914975,0.));
#525 = CIRCLE('',#526,4.35);
#526 = AXIS2_PLACEMENT_3D('',#527,#528,#529);
#527 = CARTESIAN_POINT('',(-15.,-14.,0.));
#528 = DIRECTION('',(0.,0.,1.));
#529 = DIRECTION('',(1.,0.,0.));
#530 = ORIENTED_EDGE('',*,*,#531,.F.);
#531 = EDGE_CURVE('',#532,#523,#534,.T.);
#532 = VERTEX_POINT('',#533);
#533 = CARTESIAN_POINT('',(-7.350142588901,17.249287055493,0.));
#534 = CIRCLE('',#535,18.75);
#535 = AXIS2_PLACEMENT_3D('',#536,#537,#538);
#536 = CARTESIAN_POINT('',(0.,0.,0.));
#537 = DIRECTION('',(0.,0.,1.));
#538 = DIRECTION('',(1.,0.,0.));
#539 = ORIENTED_EDGE('',*,*,#540,.F.);
#540 = EDGE_CURVE('',#541,#532,#543,.T.);
#541 = VERTEX_POINT('',#542);
#542 = CARTESIAN_POINT('',(-5.981528590111,24.092357049447,0.));
#543 = LINE('',#544,#545);
#544 = CARTESIAN_POINT('',(-5.8,25.,0.));
#545 = VECTOR('',#546,1.);
#546 = DIRECTION('',(-0.196116135138,-0.980580675691,0.));
#547 = ORIENTED_EDGE('',*,*,#548,.F.);
#548 = EDGE_CURVE('',#549,#541,#551,.T.);
#549 = VERTEX_POINT('',#550);
#550 = CARTESIAN_POINT('',(6.05,25.,0.));
#551 = CIRCLE('',#552,6.05);
#552 = AXIS2_PLACEMENT_3D('',#553,#554,#555);
#553 = CARTESIAN_POINT('',(0.,25.,0.));
#554 = DIRECTION('',(0.,0.,1.));
#555 = DIRECTION('',(1.,0.,0.));
#556 = ORIENTED_EDGE('',*,*,#557,.F.);
#557 = EDGE_CURVE('',#558,#549,#560,.T.);
#558 = VERTEX_POINT('',#559);
#559 = CARTESIAN_POINT('',(5.981528590111,24.092357049447,0.));
#560 = CIRCLE('',#561,6.05);
#561 = AXIS2_PLACEMENT_3D('',#562,#563,#564);
#562 = CARTESIAN_POINT('',(0.,25.,0.));
#563 = DIRECTION('',(0.,0.,1.));
#564 = DIRECTION('',(1.,0.,0.));
#565 = ORIENTED_EDGE('',*,*,#566,.F.);
#566 = EDGE_CURVE('',#567,#558,#569,.T.);
#567 = VERTEX_POINT('',#568);
#568 = CARTESIAN_POINT('',(7.350142588901,17.249287055493,0.));
#569 = LINE('',#570,#571);
#570 = CARTESIAN_POINT('',(8.,14.,0.));
#571 = VECTOR('',#572,1.);
#572 = DIRECTION('',(-0.196116135138,0.980580675691,0.));
#573 = ORIENTED_EDGE('',*,*,#574,.F.);
#574 = EDGE_CURVE('',#487,#567,#575,.T.);
#575 = CIRCLE('',#576,18.75);
#576 = AXIS2_PLACEMENT_3D('',#577,#578,#579);
#577 = CARTESIAN_POINT('',(0.,0.,0.));
#578 = DIRECTION('',(0.,0.,1.));
#579 = DIRECTION('',(1.,0.,0.));
#580 = FACE_BOUND('',#581,.T.);
#581 = EDGE_LOOP('',(#582,#592,#600,#608,#616,#624));
#582 = ORIENTED_EDGE('',*,*,#583,.T.);
#583 = EDGE_CURVE('',#584,#586,#588,.T.);
#584 = VERTEX_POINT('',#585);
#585 = CARTESIAN_POINT('',(17.9,-15.67431578065,0.));
#586 = VERTEX_POINT('',#587);
#587 = CARTESIAN_POINT('',(17.9,-12.32568421935,0.));
#588 = LINE('',#589,#590);
#589 = CARTESIAN_POINT('',(17.9,-7.047698359168,0.));
#590 = VECTOR('',#591,1.);
#591 = DIRECTION('',(0.,1.,0.));
#592 = ORIENTED_EDGE('',*,*,#593,.T.);
#593 = EDGE_CURVE('',#586,#594,#596,.T.);
#594 = VERTEX_POINT('',#595);
#595 = CARTESIAN_POINT('',(15.,-10.6513684387,0.));
#596 = LINE('',#597,#598);
#597 = CARTESIAN_POINT('',(8.256836899356,-6.758201407354,0.));
#598 = VECTOR('',#599,1.);
#599 = DIRECTION('',(-0.866025403784,0.5,0.));
#600 = ORIENTED_EDGE('',*,*,#601,.T.);
#601 = EDGE_CURVE('',#594,#602,#604,.T.);
#602 = VERTEX_POINT('',#603);
#603 = CARTESIAN_POINT('',(12.1,-12.32568421935,0.));
#604 = LINE('',#605,#606);
#605 = CARTESIAN_POINT('',(12.102706735088,-12.32412148511,0.));
#606 = VECTOR('',#607,1.);
#607 = DIRECTION('',(-0.866025403784,-0.5,0.));
#608 = ORIENTED_EDGE('',*,*,#609,.T.);
#609 = EDGE_CURVE('',#602,#610,#612,.T.);
#610 = VERTEX_POINT('',#611);
#611 = CARTESIAN_POINT('',(12.1,-15.67431578065,0.));
#612 = LINE('',#613,#614);
#613 = CARTESIAN_POINT('',(12.1,-5.373382578518,0.));
#614 = VECTOR('',#615,1.);
#615 = DIRECTION('',(0.,-1.,0.));
#616 = ORIENTED_EDGE('',*,*,#617,.T.);
#617 = EDGE_CURVE('',#610,#618,#620,.T.);
#618 = VERTEX_POINT('',#619);
#619 = CARTESIAN_POINT('',(15.,-17.3486315613,0.));
#620 = LINE('',#621,#622);
#621 = CARTESIAN_POINT('',(3.906836899356,-10.94399085897,0.));
#622 = VECTOR('',#623,1.);
#623 = DIRECTION('',(0.866025403784,-0.5,0.));
#624 = ORIENTED_EDGE('',*,*,#625,.T.);
#625 = EDGE_CURVE('',#618,#584,#626,.T.);
#626 = LINE('',#627,#628);
#627 = CARTESIAN_POINT('',(13.552706735088,-18.18422671739,0.));
#628 = VECTOR('',#629,1.);
#629 = DIRECTION('',(0.866025403784,0.5,0.));
#630 = FACE_BOUND('',#631,.T.);
#631 = EDGE_LOOP('',(#632,#633,#634,#635));
#632 = ORIENTED_EDGE('',*,*,#366,.F.);
#633 = ORIENTED_EDGE('',*,*,#424,.T.);
#634 = ORIENTED_EDGE('',*,*,#447,.F.);
#635 = ORIENTED_EDGE('',*,*,#406,.T.);
#636 = FACE_BOUND('',#637,.T.);
#637 = EDGE_LOOP('',(#638,#639,#640,#641));
#638 = ORIENTED_EDGE('',*,*,#170,.F.);
#639 = ORIENTED_EDGE('',*,*,#203,.T.);
#640 = ORIENTED_EDGE('',*,*,#226,.F.);
#641 = ORIENTED_EDGE('',*,*,#250,.T.);
#642 = FACE_BOUND('',#643,.T.);
#643 = EDGE_LOOP('',(#644,#654,#662,#670,#678,#686));
#644 = ORIENTED_EDGE('',*,*,#645,.T.);
#645 = EDGE_CURVE('',#646,#648,#650,.T.);
#646 = VERTEX_POINT('',#647);
#647 = CARTESIAN_POINT('',(-12.1,-15.67431578065,0.));
#648 = VERTEX_POINT('',#649);
#649 = CARTESIAN_POINT('',(-12.1,-12.32568421935,0.));
#650 = LINE('',#651,#652);
#651 = CARTESIAN_POINT('',(-12.1,-7.047698359168,0.));
#652 = VECTOR('',#653,1.);
#653 = DIRECTION('',(5.304724652093E-16,1.,0.));
#654 = ORIENTED_EDGE('',*,*,#655,.T.);
#655 = EDGE_CURVE('',#648,#656,#658,.T.);
#656 = VERTEX_POINT('',#657);
#657 = CARTESIAN_POINT('',(-15.,-10.6513684387,0.));
#658 = LINE('',#659,#660);
#659 = CARTESIAN_POINT('',(-10.49316310064,-13.25339193573,0.));
#660 = VECTOR('',#661,1.);
#661 = DIRECTION('',(-0.866025403784,0.5,0.));
#662 = ORIENTED_EDGE('',*,*,#663,.T.);
#663 = EDGE_CURVE('',#656,#664,#666,.T.);
#664 = VERTEX_POINT('',#665);
#665 = CARTESIAN_POINT('',(-17.9,-12.32568421935,0.));
#666 = LINE('',#667,#668);
#667 = CARTESIAN_POINT('',(-6.647293264912,-5.828930956735,0.));
#668 = VECTOR('',#669,1.);
#669 = DIRECTION('',(-0.866025403784,-0.5,0.));
#670 = ORIENTED_EDGE('',*,*,#671,.T.);
#671 = EDGE_CURVE('',#664,#672,#674,.T.);
#672 = VERTEX_POINT('',#673);
#673 = CARTESIAN_POINT('',(-17.9,-15.67431578065,0.));
#674 = LINE('',#675,#676);
#675 = CARTESIAN_POINT('',(-17.9,-5.373382578518,0.));
#676 = VECTOR('',#677,1.);
#677 = DIRECTION('',(0.,-1.,0.));
#678 = ORIENTED_EDGE('',*,*,#679,.T.);
#679 = EDGE_CURVE('',#672,#680,#682,.T.);
#680 = VERTEX_POINT('',#681);
#681 = CARTESIAN_POINT('',(-15.,-17.3486315613,0.));
#682 = LINE('',#683,#684);
#683 = CARTESIAN_POINT('',(-14.84316310064,-17.43918138736,0.));
#684 = VECTOR('',#685,1.);
#685 = DIRECTION('',(0.866025403784,-0.5,0.));
#686 = ORIENTED_EDGE('',*,*,#687,.T.);
#687 = EDGE_CURVE('',#680,#646,#688,.T.);
#688 = LINE('',#689,#690);
#689 = CARTESIAN_POINT('',(-5.197293264912,-11.68903618901,0.));
#690 = VECTOR('',#691,1.);
#691 = DIRECTION('',(0.866025403784,0.5,0.));
#692 = FACE_BOUND('',#693,.T.);
#693 = EDGE_LOOP('',(#694,#695,#696,#697));
#694 = ORIENTED_EDGE('',*,*,#268,.F.);
#695 = ORIENTED_EDGE('',*,*,#324,.T.);
#696 = ORIENTED_EDGE('',*,*,#349,.F.);
#697 = ORIENTED_EDGE('',*,*,#308,.T.);
#698 = FACE_BOUND('',#699,.T.);
#699 = EDGE_LOOP('',(#700));
#700 = ORIENTED_EDGE('',*,*,#701,.T.);
#701 = EDGE_CURVE('',#702,#702,#704,.T.);
#702 = VERTEX_POINT('',#703);
#703 = CARTESIAN_POINT('',(3.25,25.,0.));
#704 = CIRCLE('',#705,3.25);
#705 = AXIS2_PLACEMENT_3D('',#706,#707,#708);
#706 = CARTESIAN_POINT('',(0.,25.,0.));
#707 = DIRECTION('',(0.,0.,1.));
#708 = DIRECTION('',(1.,0.,0.));
#709 = PLANE('',#710);
#710 = AXIS2_PLACEMENT_3D('',#711,#712,#713);
#711 = CARTESIAN_POINT('',(0.212724845925,1.578919062313,0.));
#712 = DIRECTION('',(-0.,-0.,-1.));
#713 = DIRECTION('',(-1.,0.,0.));
#714 = ADVANCED_FACE('',(#715),#734,.T.);
#715 = FACE_BOUND('',#716,.T.);
#716 = EDGE_LOOP('',(#717,#718,#726,#733));
#717 = ORIENTED_EDGE('',*,*,#464,.F.);
#718 = ORIENTED_EDGE('',*,*,#719,.F.);
#719 = EDGE_CURVE('',#720,#465,#722,.T.);
#720 = VERTEX_POINT('',#721);
#721 = CARTESIAN_POINT('',(17.35,-4.249524393041E-15,5.5));
#722 = LINE('',#723,#724);
#723 = CARTESIAN_POINT('',(17.35,-4.249524393041E-15,5.5));
#724 = VECTOR('',#725,1.);
#725 = DIRECTION('',(0.,0.,1.));
#726 = ORIENTED_EDGE('',*,*,#727,.T.);
#727 = EDGE_CURVE('',#720,#720,#728,.T.);
#728 = CIRCLE('',#729,17.35);
#729 = AXIS2_PLACEMENT_3D('',#730,#731,#732);
#730 = CARTESIAN_POINT('',(0.,0.,5.5));
#731 = DIRECTION('',(0.,0.,1.));
#732 = DIRECTION('',(1.,0.,0.));
#733 = ORIENTED_EDGE('',*,*,#719,.T.);
#734 = CYLINDRICAL_SURFACE('',#735,17.35);
#735 = AXIS2_PLACEMENT_3D('',#736,#737,#738);
#736 = CARTESIAN_POINT('',(0.,0.,5.5));
#737 = DIRECTION('',(0.,0.,1.));
#738 = DIRECTION('',(1.,0.,0.));
#739 = ADVANCED_FACE('',(#740),#781,.T.);
#740 = FACE_BOUND('',#741,.F.);
#741 = EDGE_LOOP('',(#742,#753,#760,#761));
#742 = ORIENTED_EDGE('',*,*,#743,.T.);
#743 = EDGE_CURVE('',#744,#746,#748,.T.);
#744 = VERTEX_POINT('',#745);
#745 = CARTESIAN_POINT('',(16.682450177007,-9.504517667492,0.45));
#746 = VERTEX_POINT('',#747);
#747 = CARTESIAN_POINT('',(19.2,0.,0.45));
#748 = CIRCLE('',#749,19.2);
#749 = AXIS2_PLACEMENT_3D('',#750,#751,#752);
#750 = CARTESIAN_POINT('',(0.,0.,0.45));
#751 = DIRECTION('',(0.,0.,1.));
#752 = DIRECTION('',(1.,0.,0.));
#753 = ORIENTED_EDGE('',*,*,#754,.T.);
#754 = EDGE_CURVE('',#746,#487,#755,.T.);
#755 = CIRCLE('',#756,0.45);
#756 = AXIS2_PLACEMENT_3D('',#757,#758,#759);
#757 = CARTESIAN_POINT('',(18.75,0.,0.45));
#758 = DIRECTION('',(-0.,1.,0.));
#759 = DIRECTION('',(1.,0.,0.));
#760 = ORIENTED_EDGE('',*,*,#484,.F.);
#761 = ORIENTED_EDGE('',*,*,#762,.F.);
#762 = EDGE_CURVE('',#744,#485,#763,.T.);
#763 = B_SPLINE_CURVE_WITH_KNOTS('',6,(#764,#765,#766,#767,#768,#769,
    #770,#771,#772,#773,#774,#775,#776,#777,#778,#779,#780),
  .UNSPECIFIED.,.F.,.F.,(7,5,5,7),(0.,0.27834366273,0.562162290997,1.),
  .UNSPECIFIED.);
#764 = CARTESIAN_POINT('',(16.682450177007,-9.504517667492,0.45));
#765 = CARTESIAN_POINT('',(16.682450177007,-9.504517667492,
    0.415939226504));
#766 = CARTESIAN_POINT('',(16.677964255301,-9.506142063769,
    0.381876067754));
#767 = CARTESIAN_POINT('',(16.668990878243,-9.509391041751,
    0.348214432036));
#768 = CARTESIAN_POINT('',(16.655637238227,-9.514237347112,
    0.315347063229));
#769 = CARTESIAN_POINT('',(16.638101373635,-9.520629985038,
    0.283635371125));
#770 = CARTESIAN_POINT('',(16.594785343964,-9.536520614682,
    0.222548217301));
#771 = CARTESIAN_POINT('',(16.568847504821,-9.546077974425,
    0.193228159929));
#772 = CARTESIAN_POINT('',(16.539125318187,-9.557095418187,
    0.165757258736));
#773 = CARTESIAN_POINT('',(16.505967791649,-9.569480971404,0.14039821226
    ));
#774 = CARTESIAN_POINT('',(16.4697596538,-9.583130798468,0.117351366964)
  );
#775 = CARTESIAN_POINT('',(16.370933704956,-9.62077228523,
    6.498886905967E-02));
#776 = CARTESIAN_POINT('',(16.304649019378,-9.646355705414,
    3.905957590281E-02));
#777 = CARTESIAN_POINT('',(16.23346822098,-9.67428425339,
    1.948452362252E-02));
#778 = CARTESIAN_POINT('',(16.15886409309,-9.704121813356,
    6.464407845822E-03));
#779 = CARTESIAN_POINT('',(16.0822118511,-9.735414864734,
    -3.066181656144E-08));
#780 = CARTESIAN_POINT('',(16.004857279376,-9.767652914943,0.));
#781 = TOROIDAL_SURFACE('',#782,18.75,0.45);
#782 = AXIS2_PLACEMENT_3D('',#783,#784,#785);
#783 = CARTESIAN_POINT('',(0.,0.,0.45));
#784 = DIRECTION('',(-0.,-0.,-1.));
#785 = DIRECTION('',(1.,0.,0.));
#786 = ADVANCED_FACE('',(#787),#807,.T.);
#787 = FACE_BOUND('',#788,.F.);
#788 = EDGE_LOOP('',(#789,#790,#799,#806));
#789 = ORIENTED_EDGE('',*,*,#495,.F.);
#790 = ORIENTED_EDGE('',*,*,#791,.F.);
#791 = EDGE_CURVE('',#792,#496,#794,.T.);
#792 = VERTEX_POINT('',#793);
#793 = CARTESIAN_POINT('',(19.8,-14.,0.45));
#794 = CIRCLE('',#795,0.45);
#795 = AXIS2_PLACEMENT_3D('',#796,#797,#798);
#796 = CARTESIAN_POINT('',(19.35,-14.,0.45));
#797 = DIRECTION('',(-0.,1.,0.));
#798 = DIRECTION('',(1.,0.,0.));
#799 = ORIENTED_EDGE('',*,*,#800,.T.);
#800 = EDGE_CURVE('',#792,#744,#801,.T.);
#801 = CIRCLE('',#802,4.8);
#802 = AXIS2_PLACEMENT_3D('',#803,#804,#805);
#803 = CARTESIAN_POINT('',(15.,-14.,0.45));
#804 = DIRECTION('',(0.,0.,1.));
#805 = DIRECTION('',(1.,0.,0.));
#806 = ORIENTED_EDGE('',*,*,#762,.T.);
#807 = TOROIDAL_SURFACE('',#808,4.35,0.45);
#808 = AXIS2_PLACEMENT_3D('',#809,#810,#811);
#809 = CARTESIAN_POINT('',(15.,-14.,0.45));
#810 = DIRECTION('',(-0.,-0.,-1.));
#811 = DIRECTION('',(1.,0.,0.));
#812 = ADVANCED_FACE('',(#813),#847,.T.);
#813 = FACE_BOUND('',#814,.F.);
#814 = EDGE_LOOP('',(#815,#816,#825,#846));
#815 = ORIENTED_EDGE('',*,*,#754,.F.);
#816 = ORIENTED_EDGE('',*,*,#817,.T.);
#817 = EDGE_CURVE('',#746,#818,#820,.T.);
#818 = VERTEX_POINT('',#819);
#819 = CARTESIAN_POINT('',(7.24377917892,17.781104105399,0.45));
#820 = CIRCLE('',#821,19.2);
#821 = AXIS2_PLACEMENT_3D('',#822,#823,#824);
#822 = CARTESIAN_POINT('',(0.,0.,0.45));
#823 = DIRECTION('',(0.,0.,1.));
#824 = DIRECTION('',(1.,0.,0.));
#825 = ORIENTED_EDGE('',*,*,#826,.T.);
#826 = EDGE_CURVE('',#818,#567,#827,.T.);
#827 = B_SPLINE_CURVE_WITH_KNOTS('',5,(#828,#829,#830,#831,#832,#833,
    #834,#835,#836,#837,#838,#839,#840,#841,#842,#843,#844,#845),
  .UNSPECIFIED.,.F.,.F.,(6,4,4,4,6),(0.,0.251363464202,0.503650548514,
    0.750401253539,1.),.UNSPECIFIED.);
#828 = CARTESIAN_POINT('',(7.24377917892,17.781104105399,0.45));
#829 = CARTESIAN_POINT('',(7.24377917892,17.781104105399,0.413791405213)
  );
#830 = CARTESIAN_POINT('',(7.244635430846,17.776822845769,0.377581120425
    ));
#831 = CARTESIAN_POINT('',(7.246348112658,17.768259436711,0.341899005633
    ));
#832 = CARTESIAN_POINT('',(7.248887136091,17.755564319544,0.307260993605
    ));
#833 = CARTESIAN_POINT('',(7.255521985681,17.722390071595,0.240857240822
    ));
#834 = CARTESIAN_POINT('',(7.259623747201,17.701881263994,0.209100199482
    ));
#835 = CARTESIAN_POINT('',(7.264449484878,17.677752575609,0.179306034036
    ));
#836 = CARTESIAN_POINT('',(7.269923244288,17.65038377856,0.151851332134)
  );
#837 = CARTESIAN_POINT('',(7.281862572902,17.590687135488,0.102740132437
    ));
#838 = CARTESIAN_POINT('',(7.28830389701,17.558480514951,
    8.096904854174E-02));
#839 = CARTESIAN_POINT('',(7.29520294229,17.523985288551,
    6.197820522233E-02));
#840 = CARTESIAN_POINT('',(7.302471692064,17.487641539682,
    4.595310800724E-02));
#841 = CARTESIAN_POINT('',(7.317657316133,17.411713419335,
    1.992103717103E-02));
#842 = CARTESIAN_POINT('',(7.325580651258,17.37209674371,
    9.985775498845E-03));
#843 = CARTESIAN_POINT('',(7.333698650628,17.331506746858,
    3.327580613861E-03));
#844 = CARTESIAN_POINT('',(7.341917162399,17.290414188007,0.));
#845 = CARTESIAN_POINT('',(7.350142588901,17.249287055494,0.));
#846 = ORIENTED_EDGE('',*,*,#574,.F.);
#847 = TOROIDAL_SURFACE('',#848,18.75,0.45);
#848 = AXIS2_PLACEMENT_3D('',#849,#850,#851);
#849 = CARTESIAN_POINT('',(0.,0.,0.45));
#850 = DIRECTION('',(-0.,-0.,-1.));
#851 = DIRECTION('',(1.,0.,0.));
#852 = ADVANCED_FACE('',(#853),#886,.T.);
#853 = FACE_BOUND('',#854,.F.);
#854 = EDGE_LOOP('',(#855,#864,#865,#866));
#855 = ORIENTED_EDGE('',*,*,#856,.T.);
#856 = EDGE_CURVE('',#857,#792,#859,.T.);
#857 = VERTEX_POINT('',#858);
#858 = CARTESIAN_POINT('',(10.631089015392,-15.98811891208,0.45));
#859 = CIRCLE('',#860,4.8);
#860 = AXIS2_PLACEMENT_3D('',#861,#862,#863);
#861 = CARTESIAN_POINT('',(15.,-14.,0.45));
#862 = DIRECTION('',(0.,0.,1.));
#863 = DIRECTION('',(1.,0.,0.));
#864 = ORIENTED_EDGE('',*,*,#791,.T.);
#865 = ORIENTED_EDGE('',*,*,#504,.F.);
#866 = ORIENTED_EDGE('',*,*,#867,.T.);
#867 = EDGE_CURVE('',#505,#857,#868,.T.);
#868 = B_SPLINE_CURVE_WITH_KNOTS('',6,(#869,#870,#871,#872,#873,#874,
    #875,#876,#877,#878,#879,#880,#881,#882,#883,#884,#885),
  .UNSPECIFIED.,.F.,.F.,(7,5,5,7),(0.,0.437004893626,0.722019180685,1.),
  .UNSPECIFIED.);
#869 = CARTESIAN_POINT('',(10.846924193318,-15.29400979287,0.));
#870 = CARTESIAN_POINT('',(10.820142221789,-15.3732502801,
    -3.01828054208E-08));
#871 = CARTESIAN_POINT('',(10.7942512199,-15.45172793808,
    6.439836466042E-03));
#872 = CARTESIAN_POINT('',(10.76966540344,-15.52807283753,
    1.941030268702E-02));
#873 = CARTESIAN_POINT('',(10.746740561283,-15.60088980938,
    3.89107798578E-02));
#874 = CARTESIAN_POINT('',(10.725808502409,-15.66868847972,
    6.474248694886E-02));
#875 = CARTESIAN_POINT('',(10.695012330188,-15.7700253454,0.117039722061
    ));
#876 = CARTESIAN_POINT('',(10.683831067748,-15.80727724636,
    0.140159555788));
#877 = CARTESIAN_POINT('',(10.67370923937,-15.84137520924,0.165612699861
    ));
#878 = CARTESIAN_POINT('',(10.664724957092,-15.87192310509,
    0.193196562371));
#879 = CARTESIAN_POINT('',(10.656946807029,-15.89856183105,
    0.222645153533));
#880 = CARTESIAN_POINT('',(10.644074481633,-15.94288240057,
    0.283842092803));
#881 = CARTESIAN_POINT('',(10.638918234149,-15.96077130051,
    0.315518459114));
#882 = CARTESIAN_POINT('',(10.635013436152,-15.97439175258,
    0.348346086377));
#883 = CARTESIAN_POINT('',(10.632397129325,-15.98354370298,
    0.381964885091));
#884 = CARTESIAN_POINT('',(10.631089015392,-15.98811891208,
    0.415983627823));
#885 = CARTESIAN_POINT('',(10.631089015392,-15.98811891208,0.45));
#886 = TOROIDAL_SURFACE('',#887,4.35,0.45);
#887 = AXIS2_PLACEMENT_3D('',#888,#889,#890);
#888 = CARTESIAN_POINT('',(15.,-14.,0.45));
#889 = DIRECTION('',(-0.,-0.,-1.));
#890 = DIRECTION('',(1.,0.,0.));
#891 = ADVANCED_FACE('',(#892),#995,.F.);
#892 = FACE_BOUND('',#893,.F.);
#893 = EDGE_LOOP('',(#894,#895,#896,#904,#927,#935,#962,#970));
#894 = ORIENTED_EDGE('',*,*,#566,.F.);
#895 = ORIENTED_EDGE('',*,*,#826,.F.);
#896 = ORIENTED_EDGE('',*,*,#897,.T.);
#897 = EDGE_CURVE('',#818,#898,#900,.T.);
#898 = VERTEX_POINT('',#899);
#899 = CARTESIAN_POINT('',(7.24377917892,17.781104105399,5.05));
#900 = LINE('',#901,#902);
#901 = CARTESIAN_POINT('',(7.24377917892,17.781104105399,0.));
#902 = VECTOR('',#903,1.);
#903 = DIRECTION('',(0.,0.,1.));
#904 = ORIENTED_EDGE('',*,*,#905,.T.);
#905 = EDGE_CURVE('',#898,#906,#908,.T.);
#906 = VERTEX_POINT('',#907);
#907 = CARTESIAN_POINT('',(7.350142588901,17.249287055493,5.5));
#908 = B_SPLINE_CURVE_WITH_KNOTS('',5,(#909,#910,#911,#912,#913,#914,
    #915,#916,#917,#918,#919,#920,#921,#922,#923,#924,#925,#926),
  .UNSPECIFIED.,.F.,.F.,(6,4,4,4,6),(0.,0.251363464202,0.503650548515,
    0.750401253539,1.),.UNSPECIFIED.);
#909 = CARTESIAN_POINT('',(7.24377917892,17.781104105399,5.05));
#910 = CARTESIAN_POINT('',(7.24377917892,17.781104105399,5.086208594787)
  );
#911 = CARTESIAN_POINT('',(7.244635430846,17.776822845769,5.122418879575
    ));
#912 = CARTESIAN_POINT('',(7.246348112658,17.768259436711,5.158100994367
    ));
#913 = CARTESIAN_POINT('',(7.248887136091,17.755564319544,5.192739006395
    ));
#914 = CARTESIAN_POINT('',(7.255521985681,17.722390071595,5.259142759178
    ));
#915 = CARTESIAN_POINT('',(7.259623747201,17.701881263994,5.290899800518
    ));
#916 = CARTESIAN_POINT('',(7.264449484878,17.677752575609,5.320693965964
    ));
#917 = CARTESIAN_POINT('',(7.269923244288,17.65038377856,5.348148667866)
  );
#918 = CARTESIAN_POINT('',(7.281862572902,17.590687135488,5.397259867563
    ));
#919 = CARTESIAN_POINT('',(7.28830389701,17.558480514951,5.419030951458)
  );
#920 = CARTESIAN_POINT('',(7.29520294229,17.523985288551,5.438021794778)
  );
#921 = CARTESIAN_POINT('',(7.302471692064,17.487641539682,5.454046891993
    ));
#922 = CARTESIAN_POINT('',(7.317657316133,17.411713419335,5.480078962829
    ));
#923 = CARTESIAN_POINT('',(7.325580651258,17.37209674371,5.490014224501)
  );
#924 = CARTESIAN_POINT('',(7.333698650628,17.331506746858,5.496672419386
    ));
#925 = CARTESIAN_POINT('',(7.341917162399,17.290414188007,5.5));
#926 = CARTESIAN_POINT('',(7.350142588901,17.249287055494,5.5));
#927 = ORIENTED_EDGE('',*,*,#928,.T.);
#928 = EDGE_CURVE('',#906,#929,#931,.T.);
#929 = VERTEX_POINT('',#930);
#930 = CARTESIAN_POINT('',(5.981528590111,24.092357049447,5.5));
#931 = LINE('',#932,#933);
#932 = CARTESIAN_POINT('',(8.,14.,5.5));
#933 = VECTOR('',#934,1.);
#934 = DIRECTION('',(-0.196116135138,0.980580675691,0.));
#935 = ORIENTED_EDGE('',*,*,#936,.F.);
#936 = EDGE_CURVE('',#937,#929,#939,.T.);
#937 = VERTEX_POINT('',#938);
#938 = CARTESIAN_POINT('',(6.194107943688,23.029460281561,5.05));
#939 = B_SPLINE_CURVE_WITH_KNOTS('',6,(#940,#941,#942,#943,#944,#945,
    #946,#947,#948,#949,#950,#951,#952,#953,#954,#955,#956,#957,#958,
    #959,#960,#961),.UNSPECIFIED.,.F.,.F.,(7,5,5,5,7),(0.,0.27534369129,
    0.447072688864,0.70507260187,1.),.UNSPECIFIED.);
#940 = CARTESIAN_POINT('',(6.194107943688,23.029460281561,5.05));
#941 = CARTESIAN_POINT('',(6.194107943688,23.029460281561,5.088647467332
    ));
#942 = CARTESIAN_POINT('',(6.192494562429,23.037527187855,5.127311232344
    ));
#943 = CARTESIAN_POINT('',(6.189265291501,23.053673542495,5.165138186409
    ));
#944 = CARTESIAN_POINT('',(6.184523494631,23.077382526846,5.201380053181
    ));
#945 = CARTESIAN_POINT('',(6.178424091115,23.107879544425,5.235506646995
    ));
#946 = CARTESIAN_POINT('',(6.166603323472,23.166983382642,5.286936121642
    ));
#947 = CARTESIAN_POINT('',(6.161601443074,23.191992784629,5.305745845263
    ));
#948 = CARTESIAN_POINT('',(6.156178167342,23.219109163289,5.323537425211
    ));
#949 = CARTESIAN_POINT('',(6.150373587276,23.248132063619,5.340269448374
    ));
#950 = CARTESIAN_POINT('',(6.144225591194,23.27887204403,5.35592496317)
  );
#951 = CARTESIAN_POINT('',(6.128065023691,23.359674881545,5.392408339119
    ));
#952 = CARTESIAN_POINT('',(6.117664191276,23.411679043622,5.411879865961
    ));
#953 = CARTESIAN_POINT('',(6.106676704265,23.466616478674,5.428928236481
    ));
#954 = CARTESIAN_POINT('',(6.095198022761,23.524009886194,5.44362889263)
  );
#955 = CARTESIAN_POINT('',(6.083305326069,23.583473369657,5.456095721237
    ));
#956 = CARTESIAN_POINT('',(6.057052348844,23.714738255778,5.478293145209
    ));
#957 = CARTESIAN_POINT('',(6.042585749616,23.787071251922,5.487374214853
    ));
#958 = CARTESIAN_POINT('',(6.027742154222,23.861289228891,5.493885330763
    ));
#959 = CARTESIAN_POINT('',(6.012588372844,23.93705813578,5.498026604179)
  );
#960 = CARTESIAN_POINT('',(5.997173124179,24.014134379106,5.5));
#961 = CARTESIAN_POINT('',(5.981528590111,24.092357049447,5.5));
#962 = ORIENTED_EDGE('',*,*,#963,.F.);
#963 = EDGE_CURVE('',#964,#937,#966,.T.);
#964 = VERTEX_POINT('',#965);
#965 = CARTESIAN_POINT('',(6.194107943688,23.029460281561,0.45));
#966 = LINE('',#967,#968);
#967 = CARTESIAN_POINT('',(6.194107943688,23.029460281561,0.));
#968 = VECTOR('',#969,1.);
#969 = DIRECTION('',(0.,0.,1.));
#970 = ORIENTED_EDGE('',*,*,#971,.T.);
#971 = EDGE_CURVE('',#964,#558,#972,.T.);
#972 = B_SPLINE_CURVE_WITH_KNOTS('',6,(#973,#974,#975,#976,#977,#978,
    #979,#980,#981,#982,#983,#984,#985,#986,#987,#988,#989,#990,#991,
    #992,#993,#994),.UNSPECIFIED.,.F.,.F.,(7,5,5,5,7),(0.,0.27534369129,
    0.447072688864,0.70507260187,1.),.UNSPECIFIED.);
#973 = CARTESIAN_POINT('',(6.194107943688,23.029460281561,0.45));
#974 = CARTESIAN_POINT('',(6.194107943688,23.029460281561,0.411352532668
    ));
#975 = CARTESIAN_POINT('',(6.192494562429,23.037527187855,0.372688767656
    ));
#976 = CARTESIAN_POINT('',(6.189265291501,23.053673542495,0.334861813591
    ));
#977 = CARTESIAN_POINT('',(6.184523494631,23.077382526846,0.298619946819
    ));
#978 = CARTESIAN_POINT('',(6.178424091115,23.107879544425,0.264493353005
    ));
#979 = CARTESIAN_POINT('',(6.166603323472,23.166983382642,0.213063878358
    ));
#980 = CARTESIAN_POINT('',(6.161601443074,23.191992784629,0.194254154737
    ));
#981 = CARTESIAN_POINT('',(6.156178167342,23.219109163289,0.176462574789
    ));
#982 = CARTESIAN_POINT('',(6.150373587276,23.248132063619,0.159730551626
    ));
#983 = CARTESIAN_POINT('',(6.144225591194,23.27887204403,0.14407503683)
  );
#984 = CARTESIAN_POINT('',(6.128065023691,23.359674881545,0.107591660881
    ));
#985 = CARTESIAN_POINT('',(6.117664191276,23.411679043622,
    8.812013403914E-02));
#986 = CARTESIAN_POINT('',(6.106676704265,23.466616478674,
    7.107176351855E-02));
#987 = CARTESIAN_POINT('',(6.095198022761,23.524009886194,
    5.637110737025E-02));
#988 = CARTESIAN_POINT('',(6.083305326069,23.583473369657,
    4.390427876337E-02));
#989 = CARTESIAN_POINT('',(6.057052348844,23.714738255778,
    2.170685479115E-02));
#990 = CARTESIAN_POINT('',(6.042585749616,23.787071251922,
    1.262578514718E-02));
#991 = CARTESIAN_POINT('',(6.027742154222,23.861289228891,
    6.114669237326E-03));
#992 = CARTESIAN_POINT('',(6.012588372844,23.93705813578,
    1.973395821226E-03));
#993 = CARTESIAN_POINT('',(5.997173124179,24.014134379106,0.));
#994 = CARTESIAN_POINT('',(5.981528590111,24.092357049447,0.));
#995 = PLANE('',#996);
#996 = AXIS2_PLACEMENT_3D('',#997,#998,#999);
#997 = CARTESIAN_POINT('',(8.,14.,0.));
#998 = DIRECTION('',(-0.980580675691,-0.196116135138,0.));
#999 = DIRECTION('',(-0.196116135138,0.980580675691,0.));
#1000 = ADVANCED_FACE('',(#1001),#1034,.T.);
#1001 = FACE_BOUND('',#1002,.F.);
#1002 = EDGE_LOOP('',(#1003,#1012,#1013,#1014));
#1003 = ORIENTED_EDGE('',*,*,#1004,.T.);
#1004 = EDGE_CURVE('',#1005,#857,#1007,.T.);
#1005 = VERTEX_POINT('',#1006);
#1006 = CARTESIAN_POINT('',(-10.63108901539,-15.98811891208,0.45));
#1007 = CIRCLE('',#1008,19.2);
#1008 = AXIS2_PLACEMENT_3D('',#1009,#1010,#1011);
#1009 = CARTESIAN_POINT('',(0.,0.,0.45));
#1010 = DIRECTION('',(0.,0.,1.));
#1011 = DIRECTION('',(1.,0.,0.));
#1012 = ORIENTED_EDGE('',*,*,#867,.F.);
#1013 = ORIENTED_EDGE('',*,*,#513,.F.);
#1014 = ORIENTED_EDGE('',*,*,#1015,.F.);
#1015 = EDGE_CURVE('',#1005,#514,#1016,.T.);
#1016 = B_SPLINE_CURVE_WITH_KNOTS('',6,(#1017,#1018,#1019,#1020,#1021,
    #1022,#1023,#1024,#1025,#1026,#1027,#1028,#1029,#1030,#1031,#1032,
    #1033),.UNSPECIFIED.,.F.,.F.,(7,5,5,7),(0.,0.278927787637,
    0.562764833867,1.),.UNSPECIFIED.);
#1017 = CARTESIAN_POINT('',(-10.63108901539,-15.98811891208,0.45));
#1018 = CARTESIAN_POINT('',(-10.63108901539,-15.98811891208,
    0.415867749472));
#1019 = CARTESIAN_POINT('',(-10.63240605751,-15.98351247924,
    0.381733089601));
#1020 = CARTESIAN_POINT('',(-10.63504022171,-15.9742980537,
    0.348002503706));
#1021 = CARTESIAN_POINT('',(-10.63897153381,-15.96058538194,
    0.31507118469));
#1022 = CARTESIAN_POINT('',(-10.64416245371,-15.94257720581,
    0.283302673519));
#1023 = CARTESIAN_POINT('',(-10.65707087956,-15.89813702531,
    0.222181130343));
#1024 = CARTESIAN_POINT('',(-10.66483184947,-15.87155998143,
    0.19287762726));
#1025 = CARTESIAN_POINT('',(-10.67378837252,-15.8411093194,
    0.165425855861));
#1026 = CARTESIAN_POINT('',(-10.68387265528,-15.80713990479,
    0.140088156641));
#1027 = CARTESIAN_POINT('',(-10.69500754788,-15.77004293319,
    0.117064507399));
#1028 = CARTESIAN_POINT('',(-10.72575335722,-15.66886709821,
    6.481056559085E-02));
#1029 = CARTESIAN_POINT('',(-10.74669224295,-15.60104328782,
    3.895189362717E-02));
#1030 = CARTESIAN_POINT('',(-10.76962653988,-15.52819351917,
    1.943081004861E-02));
#1031 = CARTESIAN_POINT('',(-10.79422393514,-15.45181064119,
    6.446625948478E-03));
#1032 = CARTESIAN_POINT('',(-10.82012810858,-15.37329203722,
    -3.032611517288E-08));
#1033 = CARTESIAN_POINT('',(-10.84692419329,-15.29400979288,0.));
#1034 = TOROIDAL_SURFACE('',#1035,18.75,0.45);
#1035 = AXIS2_PLACEMENT_3D('',#1036,#1037,#1038);
#1036 = CARTESIAN_POINT('',(0.,0.,0.45));
#1037 = DIRECTION('',(-0.,-0.,-1.));
#1038 = DIRECTION('',(1.,0.,0.));
#1039 = ADVANCED_FACE('',(#1040),#1060,.T.);
#1040 = FACE_BOUND('',#1041,.F.);
#1041 = EDGE_LOOP('',(#1042,#1051,#1058,#1059));
#1042 = ORIENTED_EDGE('',*,*,#1043,.T.);
#1043 = EDGE_CURVE('',#964,#1044,#1046,.T.);
#1044 = VERTEX_POINT('',#1045);
#1045 = CARTESIAN_POINT('',(6.5,25.,0.45));
#1046 = CIRCLE('',#1047,6.5);
#1047 = AXIS2_PLACEMENT_3D('',#1048,#1049,#1050);
#1048 = CARTESIAN_POINT('',(0.,25.,0.45));
#1049 = DIRECTION('',(0.,0.,1.));
#1050 = DIRECTION('',(1.,0.,0.));
#1051 = ORIENTED_EDGE('',*,*,#1052,.T.);
#1052 = EDGE_CURVE('',#1044,#549,#1053,.T.);
#1053 = CIRCLE('',#1054,0.45);
#1054 = AXIS2_PLACEMENT_3D('',#1055,#1056,#1057);
#1055 = CARTESIAN_POINT('',(6.05,25.,0.45));
#1056 = DIRECTION('',(-0.,1.,0.));
#1057 = DIRECTION('',(1.,0.,0.));
#1058 = ORIENTED_EDGE('',*,*,#557,.F.);
#1059 = ORIENTED_EDGE('',*,*,#971,.F.);
#1060 = TOROIDAL_SURFACE('',#1061,6.05,0.45);
#1061 = AXIS2_PLACEMENT_3D('',#1062,#1063,#1064);
#1062 = CARTESIAN_POINT('',(0.,25.,0.45));
#1063 = DIRECTION('',(-0.,-0.,-1.));
#1064 = DIRECTION('',(1.,0.,0.));
#1065 = ADVANCED_FACE('',(#1066),#1099,.T.);
#1066 = FACE_BOUND('',#1067,.F.);
#1067 = EDGE_LOOP('',(#1068,#1090,#1097,#1098));
#1068 = ORIENTED_EDGE('',*,*,#1069,.T.);
#1069 = EDGE_CURVE('',#523,#1070,#1072,.T.);
#1070 = VERTEX_POINT('',#1071);
#1071 = CARTESIAN_POINT('',(-16.682450177,-9.504517667492,0.45));
#1072 = B_SPLINE_CURVE_WITH_KNOTS('',6,(#1073,#1074,#1075,#1076,#1077,
    #1078,#1079,#1080,#1081,#1082,#1083,#1084,#1085,#1086,#1087,#1088,
    #1089),.UNSPECIFIED.,.F.,.F.,(7,5,5,7),(0.,0.438372923521,
    0.722175204977,1.),.UNSPECIFIED.);
#1073 = CARTESIAN_POINT('',(-16.00485727962,-9.767652914543,0.));
#1074 = CARTESIAN_POINT('',(-16.08230641563,-9.735375455019,
    -3.096417887892E-08));
#1075 = CARTESIAN_POINT('',(-16.15905149035,-9.704045309295,
    6.480223866813E-03));
#1076 = CARTESIAN_POINT('',(-16.23374179775,-9.674174840721,
    1.953229735075E-02));
#1077 = CARTESIAN_POINT('',(-16.3049970492,-9.646219157291,
    3.915535172259E-02));
#1078 = CARTESIAN_POINT('',(-16.37133878069,-9.620615947863,
    6.514745292511E-02));
#1079 = CARTESIAN_POINT('',(-16.47017194651,-9.582975100877,
    0.117606440535));
#1080 = CARTESIAN_POINT('',(-16.50635012038,-9.569337706875,
    0.140673875298));
#1081 = CARTESIAN_POINT('',(-16.53947514999,-9.556965227697,
    0.16605186675));
#1082 = CARTESIAN_POINT('',(-16.56916250578,-9.545961429568,
    0.19353974091));
#1083 = CARTESIAN_POINT('',(-16.59506348746,-9.536418196107,
    0.222874481334));
#1084 = CARTESIAN_POINT('',(-16.63826467127,-9.520570455603,
    0.283930987149));
#1085 = CARTESIAN_POINT('',(-16.65573672285,-9.514201242944,
    0.315592157654));
#1086 = CARTESIAN_POINT('',(-16.66904101808,-9.509372887976,
    0.348402693878));
#1087 = CARTESIAN_POINT('',(-16.67798096357,-9.50613601304,
    0.382003073083));
#1088 = CARTESIAN_POINT('',(-16.682450177,-9.504517667492,0.41600271865)
  );
#1089 = CARTESIAN_POINT('',(-16.682450177,-9.504517667492,0.45));
#1090 = ORIENTED_EDGE('',*,*,#1091,.T.);
#1091 = EDGE_CURVE('',#1070,#1005,#1092,.T.);
#1092 = CIRCLE('',#1093,4.8);
#1093 = AXIS2_PLACEMENT_3D('',#1094,#1095,#1096);
#1094 = CARTESIAN_POINT('',(-15.,-14.,0.45));
#1095 = DIRECTION('',(0.,0.,1.));
#1096 = DIRECTION('',(1.,0.,0.));
#1097 = ORIENTED_EDGE('',*,*,#1015,.T.);
#1098 = ORIENTED_EDGE('',*,*,#522,.F.);
#1099 = TOROIDAL_SURFACE('',#1100,4.35,0.45);
#1100 = AXIS2_PLACEMENT_3D('',#1101,#1102,#1103);
#1101 = CARTESIAN_POINT('',(-15.,-14.,0.45));
#1102 = DIRECTION('',(-0.,-0.,-1.));
#1103 = DIRECTION('',(1.,0.,0.));
#1104 = ADVANCED_FACE('',(#1105),#1143,.T.);
#1105 = FACE_BOUND('',#1106,.F.);
#1106 = EDGE_LOOP('',(#1107,#1108,#1117,#1142));
#1107 = ORIENTED_EDGE('',*,*,#1052,.F.);
#1108 = ORIENTED_EDGE('',*,*,#1109,.T.);
#1109 = EDGE_CURVE('',#1044,#1110,#1112,.T.);
#1110 = VERTEX_POINT('',#1111);
#1111 = CARTESIAN_POINT('',(-6.194107943688,23.029460281561,0.45));
#1112 = CIRCLE('',#1113,6.5);
#1113 = AXIS2_PLACEMENT_3D('',#1114,#1115,#1116);
#1114 = CARTESIAN_POINT('',(0.,25.,0.45));
#1115 = DIRECTION('',(0.,0.,1.));
#1116 = DIRECTION('',(1.,0.,0.));
#1117 = ORIENTED_EDGE('',*,*,#1118,.T.);
#1118 = EDGE_CURVE('',#1110,#541,#1119,.T.);
#1119 = B_SPLINE_CURVE_WITH_KNOTS('',6,(#1120,#1121,#1122,#1123,#1124,
    #1125,#1126,#1127,#1128,#1129,#1130,#1131,#1132,#1133,#1134,#1135,
    #1136,#1137,#1138,#1139,#1140,#1141),.UNSPECIFIED.,.F.,.F.,(7,5,5,5,
    7),(0.,0.275343691283,0.447072688856,0.705072601861,1.),
  .UNSPECIFIED.);
#1120 = CARTESIAN_POINT('',(-6.194107943688,23.029460281561,0.45));
#1121 = CARTESIAN_POINT('',(-6.194107943688,23.029460281561,
    0.411352532669));
#1122 = CARTESIAN_POINT('',(-6.192494562429,23.037527187855,
    0.372688767658));
#1123 = CARTESIAN_POINT('',(-6.189265291501,23.053673542494,
    0.334861813594));
#1124 = CARTESIAN_POINT('',(-6.184523494631,23.077382526844,
    0.298619946823));
#1125 = CARTESIAN_POINT('',(-6.178424091116,23.107879544421,
    0.26449335301));
#1126 = CARTESIAN_POINT('',(-6.166603323473,23.166983382636,
    0.213063878363));
#1127 = CARTESIAN_POINT('',(-6.161601443076,23.191992784622,
    0.194254154742));
#1128 = CARTESIAN_POINT('',(-6.156178167344,23.219109163282,
    0.176462574793));
#1129 = CARTESIAN_POINT('',(-6.150373587278,23.24813206361,
    0.159730551631));
#1130 = CARTESIAN_POINT('',(-6.144225591196,23.278872044021,
    0.144075036834));
#1131 = CARTESIAN_POINT('',(-6.128065023693,23.359674881535,
    0.107591660885));
#1132 = CARTESIAN_POINT('',(-6.117664191278,23.411679043612,
    8.812013404266E-02));
#1133 = CARTESIAN_POINT('',(-6.106676704268,23.466616478662,
    7.107176352176E-02));
#1134 = CARTESIAN_POINT('',(-6.095198022764,23.524009886182,
    5.637110737315E-02));
#1135 = CARTESIAN_POINT('',(-6.083305326071,23.583473369644,
    4.390427876592E-02));
#1136 = CARTESIAN_POINT('',(-6.057052348847,23.714738255766,
    2.170685479257E-02));
#1137 = CARTESIAN_POINT('',(-6.042585749618,23.787071251912,
    1.2625785148E-02));
#1138 = CARTESIAN_POINT('',(-6.027742154223,23.861289228884,
    6.114669237715E-03));
#1139 = CARTESIAN_POINT('',(-6.012588372845,23.937058135775,
    1.973395821351E-03));
#1140 = CARTESIAN_POINT('',(-5.997173124179,24.014134379104,0.));
#1141 = CARTESIAN_POINT('',(-5.981528590111,24.092357049447,0.));
#1142 = ORIENTED_EDGE('',*,*,#548,.F.);
#1143 = TOROIDAL_SURFACE('',#1144,6.05,0.45);
#1144 = AXIS2_PLACEMENT_3D('',#1145,#1146,#1147);
#1145 = CARTESIAN_POINT('',(0.,25.,0.45));
#1146 = DIRECTION('',(-0.,-0.,-1.));
#1147 = DIRECTION('',(1.,0.,0.));
#1148 = ADVANCED_FACE('',(#1149),#1183,.T.);
#1149 = FACE_BOUND('',#1150,.F.);
#1150 = EDGE_LOOP('',(#1151,#1152,#1175,#1182));
#1151 = ORIENTED_EDGE('',*,*,#531,.F.);
#1152 = ORIENTED_EDGE('',*,*,#1153,.F.);
#1153 = EDGE_CURVE('',#1154,#532,#1156,.T.);
#1154 = VERTEX_POINT('',#1155);
#1155 = CARTESIAN_POINT('',(-7.24377917892,17.781104105399,0.45));
#1156 = B_SPLINE_CURVE_WITH_KNOTS('',5,(#1157,#1158,#1159,#1160,#1161,
    #1162,#1163,#1164,#1165,#1166,#1167,#1168,#1169,#1170,#1171,#1172,
    #1173,#1174),.UNSPECIFIED.,.F.,.F.,(6,4,4,4,6),(0.,0.251363464221,
    0.503650548534,0.750401253558,1.),.UNSPECIFIED.);
#1157 = CARTESIAN_POINT('',(-7.24377917892,17.781104105399,0.45));
#1158 = CARTESIAN_POINT('',(-7.24377917892,17.781104105399,0.41379140521
    ));
#1159 = CARTESIAN_POINT('',(-7.244635430846,17.776822845768,
    0.37758112042));
#1160 = CARTESIAN_POINT('',(-7.246348112658,17.768259436709,
    0.341899005625));
#1161 = CARTESIAN_POINT('',(-7.248887136092,17.75556431954,
    0.307260993595));
#1162 = CARTESIAN_POINT('',(-7.255521985683,17.722390071587,
    0.240857240809));
#1163 = CARTESIAN_POINT('',(-7.259623747203,17.701881263985,
    0.20910019947));
#1164 = CARTESIAN_POINT('',(-7.26444948488,17.677752575599,
    0.179306034025));
#1165 = CARTESIAN_POINT('',(-7.26992324429,17.65038377855,0.151851332124
    ));
#1166 = CARTESIAN_POINT('',(-7.281862572905,17.590687135475,
    0.102740132428));
#1167 = CARTESIAN_POINT('',(-7.288303897012,17.558480514938,
    8.096904853388E-02));
#1168 = CARTESIAN_POINT('',(-7.295202942293,17.523985288537,
    6.197820521531E-02));
#1169 = CARTESIAN_POINT('',(-7.302471692066,17.487641539668,
    4.595310800117E-02));
#1170 = CARTESIAN_POINT('',(-7.317657316135,17.411713419323,
    1.992103716792E-02));
#1171 = CARTESIAN_POINT('',(-7.32558065126,17.372096743701,
    9.985775497289E-03));
#1172 = CARTESIAN_POINT('',(-7.33369865063,17.331506746851,
    3.327580613337E-03));
#1173 = CARTESIAN_POINT('',(-7.341917162399,17.290414188004,0.));
#1174 = CARTESIAN_POINT('',(-7.350142588901,17.249287055494,0.));
#1175 = ORIENTED_EDGE('',*,*,#1176,.T.);
#1176 = EDGE_CURVE('',#1154,#1070,#1177,.T.);
#1177 = CIRCLE('',#1178,19.2);
#1178 = AXIS2_PLACEMENT_3D('',#1179,#1180,#1181);
#1179 = CARTESIAN_POINT('',(0.,0.,0.45));
#1180 = DIRECTION('',(0.,0.,1.));
#1181 = DIRECTION('',(1.,0.,0.));
#1182 = ORIENTED_EDGE('',*,*,#1069,.F.);
#1183 = TOROIDAL_SURFACE('',#1184,18.75,0.45);
#1184 = AXIS2_PLACEMENT_3D('',#1185,#1186,#1187);
#1185 = CARTESIAN_POINT('',(0.,0.,0.45));
#1186 = DIRECTION('',(-0.,-0.,-1.));
#1187 = DIRECTION('',(1.,0.,0.));
#1188 = ADVANCED_FACE('',(#1189),#1266,.F.);
#1189 = FACE_BOUND('',#1190,.F.);
#1190 = EDGE_LOOP('',(#1191,#1192,#1193,#1201,#1228,#1236,#1259,#1265));
#1191 = ORIENTED_EDGE('',*,*,#540,.F.);
#1192 = ORIENTED_EDGE('',*,*,#1118,.F.);
#1193 = ORIENTED_EDGE('',*,*,#1194,.T.);
#1194 = EDGE_CURVE('',#1110,#1195,#1197,.T.);
#1195 = VERTEX_POINT('',#1196);
#1196 = CARTESIAN_POINT('',(-6.194107943688,23.029460281561,5.05));
#1197 = LINE('',#1198,#1199);
#1198 = CARTESIAN_POINT('',(-6.194107943688,23.029460281561,0.));
#1199 = VECTOR('',#1200,1.);
#1200 = DIRECTION('',(0.,0.,1.));
#1201 = ORIENTED_EDGE('',*,*,#1202,.T.);
#1202 = EDGE_CURVE('',#1195,#1203,#1205,.T.);
#1203 = VERTEX_POINT('',#1204);
#1204 = CARTESIAN_POINT('',(-5.981528590111,24.092357049447,5.5));
#1205 = B_SPLINE_CURVE_WITH_KNOTS('',6,(#1206,#1207,#1208,#1209,#1210,
    #1211,#1212,#1213,#1214,#1215,#1216,#1217,#1218,#1219,#1220,#1221,
    #1222,#1223,#1224,#1225,#1226,#1227),.UNSPECIFIED.,.F.,.F.,(7,5,5,5,
    7),(0.,0.275343691283,0.447072688856,0.705072601861,1.),
  .UNSPECIFIED.);
#1206 = CARTESIAN_POINT('',(-6.194107943688,23.029460281561,5.05));
#1207 = CARTESIAN_POINT('',(-6.194107943688,23.029460281561,
    5.088647467331));
#1208 = CARTESIAN_POINT('',(-6.192494562429,23.037527187855,
    5.127311232342));
#1209 = CARTESIAN_POINT('',(-6.189265291501,23.053673542494,
    5.165138186406));
#1210 = CARTESIAN_POINT('',(-6.184523494631,23.077382526844,
    5.201380053177));
#1211 = CARTESIAN_POINT('',(-6.178424091116,23.107879544421,
    5.23550664699));
#1212 = CARTESIAN_POINT('',(-6.166603323473,23.166983382636,
    5.286936121637));
#1213 = CARTESIAN_POINT('',(-6.161601443076,23.191992784622,
    5.305745845258));
#1214 = CARTESIAN_POINT('',(-6.156178167344,23.219109163282,
    5.323537425207));
#1215 = CARTESIAN_POINT('',(-6.150373587278,23.24813206361,
    5.340269448369));
#1216 = CARTESIAN_POINT('',(-6.144225591196,23.278872044021,
    5.355924963166));
#1217 = CARTESIAN_POINT('',(-6.128065023693,23.359674881535,
    5.392408339115));
#1218 = CARTESIAN_POINT('',(-6.117664191278,23.411679043612,
    5.411879865957));
#1219 = CARTESIAN_POINT('',(-6.106676704268,23.466616478662,
    5.428928236478));
#1220 = CARTESIAN_POINT('',(-6.095198022764,23.524009886182,
    5.443628892627));
#1221 = CARTESIAN_POINT('',(-6.083305326071,23.583473369644,
    5.456095721234));
#1222 = CARTESIAN_POINT('',(-6.057052348847,23.714738255766,
    5.478293145207));
#1223 = CARTESIAN_POINT('',(-6.042585749618,23.787071251912,
    5.487374214852));
#1224 = CARTESIAN_POINT('',(-6.027742154223,23.861289228884,
    5.493885330762));
#1225 = CARTESIAN_POINT('',(-6.012588372845,23.937058135775,
    5.498026604179));
#1226 = CARTESIAN_POINT('',(-5.997173124179,24.014134379104,5.5));
#1227 = CARTESIAN_POINT('',(-5.981528590111,24.092357049447,5.5));
#1228 = ORIENTED_EDGE('',*,*,#1229,.T.);
#1229 = EDGE_CURVE('',#1203,#1230,#1232,.T.);
#1230 = VERTEX_POINT('',#1231);
#1231 = CARTESIAN_POINT('',(-7.350142588901,17.249287055493,5.5));
#1232 = LINE('',#1233,#1234);
#1233 = CARTESIAN_POINT('',(-5.8,25.,5.5));
#1234 = VECTOR('',#1235,1.);
#1235 = DIRECTION('',(-0.196116135138,-0.980580675691,0.));
#1236 = ORIENTED_EDGE('',*,*,#1237,.F.);
#1237 = EDGE_CURVE('',#1238,#1230,#1240,.T.);
#1238 = VERTEX_POINT('',#1239);
#1239 = CARTESIAN_POINT('',(-7.24377917892,17.781104105399,5.05));
#1240 = B_SPLINE_CURVE_WITH_KNOTS('',5,(#1241,#1242,#1243,#1244,#1245,
    #1246,#1247,#1248,#1249,#1250,#1251,#1252,#1253,#1254,#1255,#1256,
    #1257,#1258),.UNSPECIFIED.,.F.,.F.,(6,4,4,4,6),(0.,0.251363464221,
    0.503650548534,0.750401253558,1.),.UNSPECIFIED.);
#1241 = CARTESIAN_POINT('',(-7.24377917892,17.781104105399,5.05));
#1242 = CARTESIAN_POINT('',(-7.24377917892,17.781104105399,5.08620859479
    ));
#1243 = CARTESIAN_POINT('',(-7.244635430846,17.776822845768,
    5.12241887958));
#1244 = CARTESIAN_POINT('',(-7.246348112658,17.768259436709,
    5.158100994375));
#1245 = CARTESIAN_POINT('',(-7.248887136092,17.75556431954,
    5.192739006405));
#1246 = CARTESIAN_POINT('',(-7.255521985683,17.722390071587,
    5.259142759191));
#1247 = CARTESIAN_POINT('',(-7.259623747203,17.701881263985,
    5.29089980053));
#1248 = CARTESIAN_POINT('',(-7.26444948488,17.677752575599,
    5.320693965975));
#1249 = CARTESIAN_POINT('',(-7.26992324429,17.65038377855,5.348148667876
    ));
#1250 = CARTESIAN_POINT('',(-7.281862572905,17.590687135475,
    5.397259867572));
#1251 = CARTESIAN_POINT('',(-7.288303897012,17.558480514938,
    5.419030951466));
#1252 = CARTESIAN_POINT('',(-7.295202942293,17.523985288537,
    5.438021794785));
#1253 = CARTESIAN_POINT('',(-7.302471692066,17.487641539668,
    5.454046891999));
#1254 = CARTESIAN_POINT('',(-7.317657316135,17.411713419323,
    5.480078962832));
#1255 = CARTESIAN_POINT('',(-7.32558065126,17.372096743701,
    5.490014224503));
#1256 = CARTESIAN_POINT('',(-7.33369865063,17.331506746851,
    5.496672419387));
#1257 = CARTESIAN_POINT('',(-7.341917162399,17.290414188004,5.5));
#1258 = CARTESIAN_POINT('',(-7.350142588901,17.249287055494,5.5));
#1259 = ORIENTED_EDGE('',*,*,#1260,.F.);
#1260 = EDGE_CURVE('',#1154,#1238,#1261,.T.);
#1261 = LINE('',#1262,#1263);
#1262 = CARTESIAN_POINT('',(-7.24377917892,17.781104105399,0.));
#1263 = VECTOR('',#1264,1.);
#1264 = DIRECTION('',(0.,0.,1.));
#1265 = ORIENTED_EDGE('',*,*,#1153,.T.);
#1266 = PLANE('',#1267);
#1267 = AXIS2_PLACEMENT_3D('',#1268,#1269,#1270);
#1268 = CARTESIAN_POINT('',(-5.8,25.,0.));
#1269 = DIRECTION('',(0.980580675691,-0.196116135138,0.));
#1270 = DIRECTION('',(-0.196116135138,-0.980580675691,0.));
#1271 = ADVANCED_FACE('',(#1272),#1297,.T.);
#1272 = FACE_BOUND('',#1273,.T.);
#1273 = EDGE_LOOP('',(#1274,#1275,#1283,#1291));
#1274 = ORIENTED_EDGE('',*,*,#583,.F.);
#1275 = ORIENTED_EDGE('',*,*,#1276,.T.);
#1276 = EDGE_CURVE('',#584,#1277,#1279,.T.);
#1277 = VERTEX_POINT('',#1278);
#1278 = CARTESIAN_POINT('',(17.9,-15.67431578065,4.));
#1279 = LINE('',#1280,#1281);
#1280 = CARTESIAN_POINT('',(17.9,-15.67431578065,-0.1));
#1281 = VECTOR('',#1282,1.);
#1282 = DIRECTION('',(0.,0.,1.));
#1283 = ORIENTED_EDGE('',*,*,#1284,.T.);
#1284 = EDGE_CURVE('',#1277,#1285,#1287,.T.);
#1285 = VERTEX_POINT('',#1286);
#1286 = CARTESIAN_POINT('',(17.9,-12.32568421935,4.));
#1287 = LINE('',#1288,#1289);
#1288 = CARTESIAN_POINT('',(17.9,-15.67431578065,4.));
#1289 = VECTOR('',#1290,1.);
#1290 = DIRECTION('',(0.,1.,0.));
#1291 = ORIENTED_EDGE('',*,*,#1292,.F.);
#1292 = EDGE_CURVE('',#586,#1285,#1293,.T.);
#1293 = LINE('',#1294,#1295);
#1294 = CARTESIAN_POINT('',(17.9,-12.32568421935,-0.1));
#1295 = VECTOR('',#1296,1.);
#1296 = DIRECTION('',(0.,0.,1.));
#1297 = PLANE('',#1298);
#1298 = AXIS2_PLACEMENT_3D('',#1299,#1300,#1301);
#1299 = CARTESIAN_POINT('',(17.9,-15.67431578065,-0.1));
#1300 = DIRECTION('',(-1.,0.,0.));
#1301 = DIRECTION('',(0.,1.,0.));
#1302 = ADVANCED_FACE('',(#1303),#1321,.T.);
#1303 = FACE_BOUND('',#1304,.T.);
#1304 = EDGE_LOOP('',(#1305,#1306,#1314,#1320));
#1305 = ORIENTED_EDGE('',*,*,#625,.F.);
#1306 = ORIENTED_EDGE('',*,*,#1307,.T.);
#1307 = EDGE_CURVE('',#618,#1308,#1310,.T.);
#1308 = VERTEX_POINT('',#1309);
#1309 = CARTESIAN_POINT('',(15.,-17.3486315613,4.));
#1310 = LINE('',#1311,#1312);
#1311 = CARTESIAN_POINT('',(15.,-17.3486315613,-0.1));
#1312 = VECTOR('',#1313,1.);
#1313 = DIRECTION('',(0.,0.,1.));
#1314 = ORIENTED_EDGE('',*,*,#1315,.T.);
#1315 = EDGE_CURVE('',#1308,#1277,#1316,.T.);
#1316 = LINE('',#1317,#1318);
#1317 = CARTESIAN_POINT('',(15.,-17.3486315613,4.));
#1318 = VECTOR('',#1319,1.);
#1319 = DIRECTION('',(0.866025403784,0.5,0.));
#1320 = ORIENTED_EDGE('',*,*,#1276,.F.);
#1321 = PLANE('',#1322);
#1322 = AXIS2_PLACEMENT_3D('',#1323,#1324,#1325);
#1323 = CARTESIAN_POINT('',(15.,-17.3486315613,-0.1));
#1324 = DIRECTION('',(-0.5,0.866025403784,0.));
#1325 = DIRECTION('',(0.866025403784,0.5,0.));
#1326 = ADVANCED_FACE('',(#1327),#1345,.T.);
#1327 = FACE_BOUND('',#1328,.T.);
#1328 = EDGE_LOOP('',(#1329,#1330,#1331,#1339));
#1329 = ORIENTED_EDGE('',*,*,#593,.F.);
#1330 = ORIENTED_EDGE('',*,*,#1292,.T.);
#1331 = ORIENTED_EDGE('',*,*,#1332,.T.);
#1332 = EDGE_CURVE('',#1285,#1333,#1335,.T.);
#1333 = VERTEX_POINT('',#1334);
#1334 = CARTESIAN_POINT('',(15.,-10.6513684387,4.));
#1335 = LINE('',#1336,#1337);
#1336 = CARTESIAN_POINT('',(17.9,-12.32568421935,4.));
#1337 = VECTOR('',#1338,1.);
#1338 = DIRECTION('',(-0.866025403784,0.5,0.));
#1339 = ORIENTED_EDGE('',*,*,#1340,.F.);
#1340 = EDGE_CURVE('',#594,#1333,#1341,.T.);
#1341 = LINE('',#1342,#1343);
#1342 = CARTESIAN_POINT('',(15.,-10.6513684387,-0.1));
#1343 = VECTOR('',#1344,1.);
#1344 = DIRECTION('',(0.,0.,1.));
#1345 = PLANE('',#1346);
#1346 = AXIS2_PLACEMENT_3D('',#1347,#1348,#1349);
#1347 = CARTESIAN_POINT('',(17.9,-12.32568421935,-0.1));
#1348 = DIRECTION('',(-0.5,-0.866025403784,0.));
#1349 = DIRECTION('',(-0.866025403784,0.5,0.));
#1350 = ADVANCED_FACE('',(#1351),#1369,.T.);
#1351 = FACE_BOUND('',#1352,.T.);
#1352 = EDGE_LOOP('',(#1353,#1354,#1362,#1368));
#1353 = ORIENTED_EDGE('',*,*,#617,.F.);
#1354 = ORIENTED_EDGE('',*,*,#1355,.T.);
#1355 = EDGE_CURVE('',#610,#1356,#1358,.T.);
#1356 = VERTEX_POINT('',#1357);
#1357 = CARTESIAN_POINT('',(12.1,-15.67431578065,4.));
#1358 = LINE('',#1359,#1360);
#1359 = CARTESIAN_POINT('',(12.1,-15.67431578065,-0.1));
#1360 = VECTOR('',#1361,1.);
#1361 = DIRECTION('',(0.,0.,1.));
#1362 = ORIENTED_EDGE('',*,*,#1363,.T.);
#1363 = EDGE_CURVE('',#1356,#1308,#1364,.T.);
#1364 = LINE('',#1365,#1366);
#1365 = CARTESIAN_POINT('',(12.1,-15.67431578065,4.));
#1366 = VECTOR('',#1367,1.);
#1367 = DIRECTION('',(0.866025403784,-0.5,0.));
#1368 = ORIENTED_EDGE('',*,*,#1307,.F.);
#1369 = PLANE('',#1370);
#1370 = AXIS2_PLACEMENT_3D('',#1371,#1372,#1373);
#1371 = CARTESIAN_POINT('',(12.1,-15.67431578065,-0.1));
#1372 = DIRECTION('',(0.5,0.866025403784,0.));
#1373 = DIRECTION('',(0.866025403784,-0.5,0.));
#1374 = ADVANCED_FACE('',(#1375),#1393,.T.);
#1375 = FACE_BOUND('',#1376,.T.);
#1376 = EDGE_LOOP('',(#1377,#1378,#1379,#1387));
#1377 = ORIENTED_EDGE('',*,*,#601,.F.);
#1378 = ORIENTED_EDGE('',*,*,#1340,.T.);
#1379 = ORIENTED_EDGE('',*,*,#1380,.T.);
#1380 = EDGE_CURVE('',#1333,#1381,#1383,.T.);
#1381 = VERTEX_POINT('',#1382);
#1382 = CARTESIAN_POINT('',(12.1,-12.32568421935,4.));
#1383 = LINE('',#1384,#1385);
#1384 = CARTESIAN_POINT('',(15.,-10.6513684387,4.));
#1385 = VECTOR('',#1386,1.);
#1386 = DIRECTION('',(-0.866025403784,-0.5,0.));
#1387 = ORIENTED_EDGE('',*,*,#1388,.F.);
#1388 = EDGE_CURVE('',#602,#1381,#1389,.T.);
#1389 = LINE('',#1390,#1391);
#1390 = CARTESIAN_POINT('',(12.1,-12.32568421935,-0.1));
#1391 = VECTOR('',#1392,1.);
#1392 = DIRECTION('',(0.,0.,1.));
#1393 = PLANE('',#1394);
#1394 = AXIS2_PLACEMENT_3D('',#1395,#1396,#1397);
#1395 = CARTESIAN_POINT('',(15.,-10.6513684387,-0.1));
#1396 = DIRECTION('',(0.5,-0.866025403784,0.));
#1397 = DIRECTION('',(-0.866025403784,-0.5,0.));
#1398 = ADVANCED_FACE('',(#1399),#1410,.T.);
#1399 = FACE_BOUND('',#1400,.T.);
#1400 = EDGE_LOOP('',(#1401,#1402,#1403,#1409));
#1401 = ORIENTED_EDGE('',*,*,#609,.F.);
#1402 = ORIENTED_EDGE('',*,*,#1388,.T.);
#1403 = ORIENTED_EDGE('',*,*,#1404,.T.);
#1404 = EDGE_CURVE('',#1381,#1356,#1405,.T.);
#1405 = LINE('',#1406,#1407);
#1406 = CARTESIAN_POINT('',(12.1,-12.32568421935,4.));
#1407 = VECTOR('',#1408,1.);
#1408 = DIRECTION('',(0.,-1.,0.));
#1409 = ORIENTED_EDGE('',*,*,#1355,.F.);
#1410 = PLANE('',#1411);
#1411 = AXIS2_PLACEMENT_3D('',#1412,#1413,#1414);
#1412 = CARTESIAN_POINT('',(12.1,-12.32568421935,-0.1));
#1413 = DIRECTION('',(1.,0.,0.));
#1414 = DIRECTION('',(0.,-1.,0.));
#1415 = ADVANCED_FACE('',(#1416),#1441,.T.);
#1416 = FACE_BOUND('',#1417,.T.);
#1417 = EDGE_LOOP('',(#1418,#1419,#1427,#1435));
#1418 = ORIENTED_EDGE('',*,*,#645,.F.);
#1419 = ORIENTED_EDGE('',*,*,#1420,.T.);
#1420 = EDGE_CURVE('',#646,#1421,#1423,.T.);
#1421 = VERTEX_POINT('',#1422);
#1422 = CARTESIAN_POINT('',(-12.1,-15.67431578065,4.));
#1423 = LINE('',#1424,#1425);
#1424 = CARTESIAN_POINT('',(-12.1,-15.67431578065,-0.1));
#1425 = VECTOR('',#1426,1.);
#1426 = DIRECTION('',(0.,0.,1.));
#1427 = ORIENTED_EDGE('',*,*,#1428,.T.);
#1428 = EDGE_CURVE('',#1421,#1429,#1431,.T.);
#1429 = VERTEX_POINT('',#1430);
#1430 = CARTESIAN_POINT('',(-12.1,-12.32568421935,4.));
#1431 = LINE('',#1432,#1433);
#1432 = CARTESIAN_POINT('',(-12.1,-15.67431578065,4.));
#1433 = VECTOR('',#1434,1.);
#1434 = DIRECTION('',(5.304724652093E-16,1.,0.));
#1435 = ORIENTED_EDGE('',*,*,#1436,.F.);
#1436 = EDGE_CURVE('',#648,#1429,#1437,.T.);
#1437 = LINE('',#1438,#1439);
#1438 = CARTESIAN_POINT('',(-12.1,-12.32568421935,-0.1));
#1439 = VECTOR('',#1440,1.);
#1440 = DIRECTION('',(0.,0.,1.));
#1441 = PLANE('',#1442);
#1442 = AXIS2_PLACEMENT_3D('',#1443,#1444,#1445);
#1443 = CARTESIAN_POINT('',(-12.1,-15.67431578065,-0.1));
#1444 = DIRECTION('',(-1.,5.304724652093E-16,0.));
#1445 = DIRECTION('',(5.304724652093E-16,1.,0.));
#1446 = ADVANCED_FACE('',(#1447),#1465,.T.);
#1447 = FACE_BOUND('',#1448,.T.);
#1448 = EDGE_LOOP('',(#1449,#1450,#1458,#1464));
#1449 = ORIENTED_EDGE('',*,*,#687,.F.);
#1450 = ORIENTED_EDGE('',*,*,#1451,.T.);
#1451 = EDGE_CURVE('',#680,#1452,#1454,.T.);
#1452 = VERTEX_POINT('',#1453);
#1453 = CARTESIAN_POINT('',(-15.,-17.3486315613,4.));
#1454 = LINE('',#1455,#1456);
#1455 = CARTESIAN_POINT('',(-15.,-17.3486315613,-0.1));
#1456 = VECTOR('',#1457,1.);
#1457 = DIRECTION('',(0.,0.,1.));
#1458 = ORIENTED_EDGE('',*,*,#1459,.T.);
#1459 = EDGE_CURVE('',#1452,#1421,#1460,.T.);
#1460 = LINE('',#1461,#1462);
#1461 = CARTESIAN_POINT('',(-15.,-17.3486315613,4.));
#1462 = VECTOR('',#1463,1.);
#1463 = DIRECTION('',(0.866025403784,0.5,0.));
#1464 = ORIENTED_EDGE('',*,*,#1420,.F.);
#1465 = PLANE('',#1466);
#1466 = AXIS2_PLACEMENT_3D('',#1467,#1468,#1469);
#1467 = CARTESIAN_POINT('',(-15.,-17.3486315613,-0.1));
#1468 = DIRECTION('',(-0.5,0.866025403784,0.));
#1469 = DIRECTION('',(0.866025403784,0.5,0.));
#1470 = ADVANCED_FACE('',(#1471),#1489,.T.);
#1471 = FACE_BOUND('',#1472,.T.);
#1472 = EDGE_LOOP('',(#1473,#1474,#1475,#1483));
#1473 = ORIENTED_EDGE('',*,*,#655,.F.);
#1474 = ORIENTED_EDGE('',*,*,#1436,.T.);
#1475 = ORIENTED_EDGE('',*,*,#1476,.T.);
#1476 = EDGE_CURVE('',#1429,#1477,#1479,.T.);
#1477 = VERTEX_POINT('',#1478);
#1478 = CARTESIAN_POINT('',(-15.,-10.6513684387,4.));
#1479 = LINE('',#1480,#1481);
#1480 = CARTESIAN_POINT('',(-12.1,-12.32568421935,4.));
#1481 = VECTOR('',#1482,1.);
#1482 = DIRECTION('',(-0.866025403784,0.5,0.));
#1483 = ORIENTED_EDGE('',*,*,#1484,.F.);
#1484 = EDGE_CURVE('',#656,#1477,#1485,.T.);
#1485 = LINE('',#1486,#1487);
#1486 = CARTESIAN_POINT('',(-15.,-10.6513684387,-0.1));
#1487 = VECTOR('',#1488,1.);
#1488 = DIRECTION('',(0.,0.,1.));
#1489 = PLANE('',#1490);
#1490 = AXIS2_PLACEMENT_3D('',#1491,#1492,#1493);
#1491 = CARTESIAN_POINT('',(-12.1,-12.32568421935,-0.1));
#1492 = DIRECTION('',(-0.5,-0.866025403784,0.));
#1493 = DIRECTION('',(-0.866025403784,0.5,0.));
#1494 = ADVANCED_FACE('',(#1495),#1513,.T.);
#1495 = FACE_BOUND('',#1496,.T.);
#1496 = EDGE_LOOP('',(#1497,#1498,#1506,#1512));
#1497 = ORIENTED_EDGE('',*,*,#679,.F.);
#1498 = ORIENTED_EDGE('',*,*,#1499,.T.);
#1499 = EDGE_CURVE('',#672,#1500,#1502,.T.);
#1500 = VERTEX_POINT('',#1501);
#1501 = CARTESIAN_POINT('',(-17.9,-15.67431578065,4.));
#1502 = LINE('',#1503,#1504);
#1503 = CARTESIAN_POINT('',(-17.9,-15.67431578065,-0.1));
#1504 = VECTOR('',#1505,1.);
#1505 = DIRECTION('',(0.,0.,1.));
#1506 = ORIENTED_EDGE('',*,*,#1507,.T.);
#1507 = EDGE_CURVE('',#1500,#1452,#1508,.T.);
#1508 = LINE('',#1509,#1510);
#1509 = CARTESIAN_POINT('',(-17.9,-15.67431578065,4.));
#1510 = VECTOR('',#1511,1.);
#1511 = DIRECTION('',(0.866025403784,-0.5,0.));
#1512 = ORIENTED_EDGE('',*,*,#1451,.F.);
#1513 = PLANE('',#1514);
#1514 = AXIS2_PLACEMENT_3D('',#1515,#1516,#1517);
#1515 = CARTESIAN_POINT('',(-17.9,-15.67431578065,-0.1));
#1516 = DIRECTION('',(0.5,0.866025403784,0.));
#1517 = DIRECTION('',(0.866025403784,-0.5,0.));
#1518 = ADVANCED_FACE('',(#1519),#1537,.T.);
#1519 = FACE_BOUND('',#1520,.T.);
#1520 = EDGE_LOOP('',(#1521,#1522,#1523,#1531));
#1521 = ORIENTED_EDGE('',*,*,#663,.F.);
#1522 = ORIENTED_EDGE('',*,*,#1484,.T.);
#1523 = ORIENTED_EDGE('',*,*,#1524,.T.);
#1524 = EDGE_CURVE('',#1477,#1525,#1527,.T.);
#1525 = VERTEX_POINT('',#1526);
#1526 = CARTESIAN_POINT('',(-17.9,-12.32568421935,4.));
#1527 = LINE('',#1528,#1529);
#1528 = CARTESIAN_POINT('',(-15.,-10.6513684387,4.));
#1529 = VECTOR('',#1530,1.);
#1530 = DIRECTION('',(-0.866025403784,-0.5,0.));
#1531 = ORIENTED_EDGE('',*,*,#1532,.F.);
#1532 = EDGE_CURVE('',#664,#1525,#1533,.T.);
#1533 = LINE('',#1534,#1535);
#1534 = CARTESIAN_POINT('',(-17.9,-12.32568421935,-0.1));
#1535 = VECTOR('',#1536,1.);
#1536 = DIRECTION('',(0.,0.,1.));
#1537 = PLANE('',#1538);
#1538 = AXIS2_PLACEMENT_3D('',#1539,#1540,#1541);
#1539 = CARTESIAN_POINT('',(-15.,-10.6513684387,-0.1));
#1540 = DIRECTION('',(0.5,-0.866025403784,0.));
#1541 = DIRECTION('',(-0.866025403784,-0.5,0.));
#1542 = ADVANCED_FACE('',(#1543),#1554,.T.);
#1543 = FACE_BOUND('',#1544,.T.);
#1544 = EDGE_LOOP('',(#1545,#1546,#1547,#1553));
#1545 = ORIENTED_EDGE('',*,*,#671,.F.);
#1546 = ORIENTED_EDGE('',*,*,#1532,.T.);
#1547 = ORIENTED_EDGE('',*,*,#1548,.T.);
#1548 = EDGE_CURVE('',#1525,#1500,#1549,.T.);
#1549 = LINE('',#1550,#1551);
#1550 = CARTESIAN_POINT('',(-17.9,-12.32568421935,4.));
#1551 = VECTOR('',#1552,1.);
#1552 = DIRECTION('',(0.,-1.,0.));
#1553 = ORIENTED_EDGE('',*,*,#1499,.F.);
#1554 = PLANE('',#1555);
#1555 = AXIS2_PLACEMENT_3D('',#1556,#1557,#1558);
#1556 = CARTESIAN_POINT('',(-17.9,-12.32568421935,-0.1));
#1557 = DIRECTION('',(1.,0.,0.));
#1558 = DIRECTION('',(0.,-1.,0.));
#1559 = ADVANCED_FACE('',(#1560),#1579,.F.);
#1560 = FACE_BOUND('',#1561,.F.);
#1561 = EDGE_LOOP('',(#1562,#1571,#1577,#1578));
#1562 = ORIENTED_EDGE('',*,*,#1563,.F.);
#1563 = EDGE_CURVE('',#1564,#1564,#1566,.T.);
#1564 = VERTEX_POINT('',#1565);
#1565 = CARTESIAN_POINT('',(3.25,25.,5.5));
#1566 = CIRCLE('',#1567,3.25);
#1567 = AXIS2_PLACEMENT_3D('',#1568,#1569,#1570);
#1568 = CARTESIAN_POINT('',(0.,25.,5.5));
#1569 = DIRECTION('',(0.,0.,1.));
#1570 = DIRECTION('',(1.,0.,0.));
#1571 = ORIENTED_EDGE('',*,*,#1572,.F.);
#1572 = EDGE_CURVE('',#702,#1564,#1573,.T.);
#1573 = LINE('',#1574,#1575);
#1574 = CARTESIAN_POINT('',(3.25,25.,-0.1));
#1575 = VECTOR('',#1576,1.);
#1576 = DIRECTION('',(0.,0.,1.));
#1577 = ORIENTED_EDGE('',*,*,#701,.T.);
#1578 = ORIENTED_EDGE('',*,*,#1572,.T.);
#1579 = CYLINDRICAL_SURFACE('',#1580,3.25);
#1580 = AXIS2_PLACEMENT_3D('',#1581,#1582,#1583);
#1581 = CARTESIAN_POINT('',(0.,25.,-0.1));
#1582 = DIRECTION('',(0.,0.,1.));
#1583 = DIRECTION('',(1.,0.,0.));
#1584 = ADVANCED_FACE('',(#1585,#1666,#1677,#1688,#1691),#1694,.T.);
#1585 = FACE_BOUND('',#1586,.T.);
#1586 = EDGE_LOOP('',(#1587,#1598,#1605,#1606,#1615,#1622,#1623,#1632,
    #1641,#1650,#1659));
#1587 = ORIENTED_EDGE('',*,*,#1588,.T.);
#1588 = EDGE_CURVE('',#1589,#1591,#1593,.T.);
#1589 = VERTEX_POINT('',#1590);
#1590 = CARTESIAN_POINT('',(16.004857279357,-9.767652914974,5.5));
#1591 = VERTEX_POINT('',#1592);
#1592 = CARTESIAN_POINT('',(18.75,0.,5.5));
#1593 = CIRCLE('',#1594,18.75);
#1594 = AXIS2_PLACEMENT_3D('',#1595,#1596,#1597);
#1595 = CARTESIAN_POINT('',(0.,0.,5.5));
#1596 = DIRECTION('',(0.,0.,1.));
#1597 = DIRECTION('',(1.,0.,0.));
#1598 = ORIENTED_EDGE('',*,*,#1599,.T.);
#1599 = EDGE_CURVE('',#1591,#906,#1600,.T.);
#1600 = CIRCLE('',#1601,18.75);
#1601 = AXIS2_PLACEMENT_3D('',#1602,#1603,#1604);
#1602 = CARTESIAN_POINT('',(0.,0.,5.5));
#1603 = DIRECTION('',(0.,0.,1.));
#1604 = DIRECTION('',(1.,0.,0.));
#1605 = ORIENTED_EDGE('',*,*,#928,.T.);
#1606 = ORIENTED_EDGE('',*,*,#1607,.T.);
#1607 = EDGE_CURVE('',#929,#1608,#1610,.T.);
#1608 = VERTEX_POINT('',#1609);
#1609 = CARTESIAN_POINT('',(6.05,25.,5.5));
#1610 = CIRCLE('',#1611,6.05);
#1611 = AXIS2_PLACEMENT_3D('',#1612,#1613,#1614);
#1612 = CARTESIAN_POINT('',(0.,25.,5.5));
#1613 = DIRECTION('',(0.,0.,1.));
#1614 = DIRECTION('',(1.,0.,0.));
#1615 = ORIENTED_EDGE('',*,*,#1616,.T.);
#1616 = EDGE_CURVE('',#1608,#1203,#1617,.T.);
#1617 = CIRCLE('',#1618,6.05);
#1618 = AXIS2_PLACEMENT_3D('',#1619,#1620,#1621);
#1619 = CARTESIAN_POINT('',(0.,25.,5.5));
#1620 = DIRECTION('',(0.,0.,1.));
#1621 = DIRECTION('',(1.,0.,0.));
#1622 = ORIENTED_EDGE('',*,*,#1229,.T.);
#1623 = ORIENTED_EDGE('',*,*,#1624,.T.);
#1624 = EDGE_CURVE('',#1230,#1625,#1627,.T.);
#1625 = VERTEX_POINT('',#1626);
#1626 = CARTESIAN_POINT('',(-16.00485727935,-9.767652914975,5.5));
#1627 = CIRCLE('',#1628,18.75);
#1628 = AXIS2_PLACEMENT_3D('',#1629,#1630,#1631);
#1629 = CARTESIAN_POINT('',(0.,0.,5.5));
#1630 = DIRECTION('',(0.,0.,1.));
#1631 = DIRECTION('',(1.,0.,0.));
#1632 = ORIENTED_EDGE('',*,*,#1633,.T.);
#1633 = EDGE_CURVE('',#1625,#1634,#1636,.T.);
#1634 = VERTEX_POINT('',#1635);
#1635 = CARTESIAN_POINT('',(-10.84692419332,-15.29400979286,5.5));
#1636 = CIRCLE('',#1637,4.35);
#1637 = AXIS2_PLACEMENT_3D('',#1638,#1639,#1640);
#1638 = CARTESIAN_POINT('',(-15.,-14.,5.5));
#1639 = DIRECTION('',(0.,0.,1.));
#1640 = DIRECTION('',(1.,0.,0.));
#1641 = ORIENTED_EDGE('',*,*,#1642,.T.);
#1642 = EDGE_CURVE('',#1634,#1643,#1645,.T.);
#1643 = VERTEX_POINT('',#1644);
#1644 = CARTESIAN_POINT('',(10.846924193327,-15.29400979286,5.5));
#1645 = CIRCLE('',#1646,18.75);
#1646 = AXIS2_PLACEMENT_3D('',#1647,#1648,#1649);
#1647 = CARTESIAN_POINT('',(0.,0.,5.5));
#1648 = DIRECTION('',(0.,0.,1.));
#1649 = DIRECTION('',(1.,0.,0.));
#1650 = ORIENTED_EDGE('',*,*,#1651,.T.);
#1651 = EDGE_CURVE('',#1643,#1652,#1654,.T.);
#1652 = VERTEX_POINT('',#1653);
#1653 = CARTESIAN_POINT('',(19.35,-14.,5.5));
#1654 = CIRCLE('',#1655,4.35);
#1655 = AXIS2_PLACEMENT_3D('',#1656,#1657,#1658);
#1656 = CARTESIAN_POINT('',(15.,-14.,5.5));
#1657 = DIRECTION('',(0.,0.,1.));
#1658 = DIRECTION('',(1.,0.,0.));
#1659 = ORIENTED_EDGE('',*,*,#1660,.T.);
#1660 = EDGE_CURVE('',#1652,#1589,#1661,.T.);
#1661 = CIRCLE('',#1662,4.35);
#1662 = AXIS2_PLACEMENT_3D('',#1663,#1664,#1665);
#1663 = CARTESIAN_POINT('',(15.,-14.,5.5));
#1664 = DIRECTION('',(0.,0.,1.));
#1665 = DIRECTION('',(1.,0.,0.));
#1666 = FACE_BOUND('',#1667,.T.);
#1667 = EDGE_LOOP('',(#1668));
#1668 = ORIENTED_EDGE('',*,*,#1669,.F.);
#1669 = EDGE_CURVE('',#1670,#1670,#1672,.T.);
#1670 = VERTEX_POINT('',#1671);
#1671 = CARTESIAN_POINT('',(-13.3,-14.,5.5));
#1672 = CIRCLE('',#1673,1.7);
#1673 = AXIS2_PLACEMENT_3D('',#1674,#1675,#1676);
#1674 = CARTESIAN_POINT('',(-15.,-14.,5.5));
#1675 = DIRECTION('',(0.,0.,1.));
#1676 = DIRECTION('',(1.,0.,0.));
#1677 = FACE_BOUND('',#1678,.T.);
#1678 = EDGE_LOOP('',(#1679));
#1679 = ORIENTED_EDGE('',*,*,#1680,.F.);
#1680 = EDGE_CURVE('',#1681,#1681,#1683,.T.);
#1681 = VERTEX_POINT('',#1682);
#1682 = CARTESIAN_POINT('',(16.7,-14.,5.5));
#1683 = CIRCLE('',#1684,1.7);
#1684 = AXIS2_PLACEMENT_3D('',#1685,#1686,#1687);
#1685 = CARTESIAN_POINT('',(15.,-14.,5.5));
#1686 = DIRECTION('',(0.,0.,1.));
#1687 = DIRECTION('',(1.,0.,0.));
#1688 = FACE_BOUND('',#1689,.T.);
#1689 = EDGE_LOOP('',(#1690));
#1690 = ORIENTED_EDGE('',*,*,#727,.F.);
#1691 = FACE_BOUND('',#1692,.T.);
#1692 = EDGE_LOOP('',(#1693));
#1693 = ORIENTED_EDGE('',*,*,#1563,.F.);
#1694 = PLANE('',#1695);
#1695 = AXIS2_PLACEMENT_3D('',#1696,#1697,#1698);
#1696 = CARTESIAN_POINT('',(0.212724845925,1.578919062313,5.5));
#1697 = DIRECTION('',(0.,0.,1.));
#1698 = DIRECTION('',(1.,0.,0.));
#1699 = ADVANCED_FACE('',(#1700),#1729,.T.);
#1700 = FACE_BOUND('',#1701,.T.);
#1701 = EDGE_LOOP('',(#1702,#1703,#1704,#1713,#1722,#1728));
#1702 = ORIENTED_EDGE('',*,*,#817,.T.);
#1703 = ORIENTED_EDGE('',*,*,#897,.T.);
#1704 = ORIENTED_EDGE('',*,*,#1705,.F.);
#1705 = EDGE_CURVE('',#1706,#898,#1708,.T.);
#1706 = VERTEX_POINT('',#1707);
#1707 = CARTESIAN_POINT('',(19.2,0.,5.05));
#1708 = CIRCLE('',#1709,19.2);
#1709 = AXIS2_PLACEMENT_3D('',#1710,#1711,#1712);
#1710 = CARTESIAN_POINT('',(0.,0.,5.05));
#1711 = DIRECTION('',(0.,0.,1.));
#1712 = DIRECTION('',(1.,0.,0.));
#1713 = ORIENTED_EDGE('',*,*,#1714,.F.);
#1714 = EDGE_CURVE('',#1715,#1706,#1717,.T.);
#1715 = VERTEX_POINT('',#1716);
#1716 = CARTESIAN_POINT('',(16.682450177007,-9.504517667492,5.05));
#1717 = CIRCLE('',#1718,19.2);
#1718 = AXIS2_PLACEMENT_3D('',#1719,#1720,#1721);
#1719 = CARTESIAN_POINT('',(0.,0.,5.05));
#1720 = DIRECTION('',(0.,0.,1.));
#1721 = DIRECTION('',(1.,0.,0.));
#1722 = ORIENTED_EDGE('',*,*,#1723,.F.);
#1723 = EDGE_CURVE('',#744,#1715,#1724,.T.);
#1724 = LINE('',#1725,#1726);
#1725 = CARTESIAN_POINT('',(16.682450177007,-9.504517667492,0.));
#1726 = VECTOR('',#1727,1.);
#1727 = DIRECTION('',(0.,0.,1.));
#1728 = ORIENTED_EDGE('',*,*,#743,.T.);
#1729 = CYLINDRICAL_SURFACE('',#1730,19.2);
#1730 = AXIS2_PLACEMENT_3D('',#1731,#1732,#1733);
#1731 = CARTESIAN_POINT('',(0.,0.,0.));
#1732 = DIRECTION('',(0.,0.,1.));
#1733 = DIRECTION('',(1.,0.,0.));
#1734 = ADVANCED_FACE('',(#1735),#1764,.T.);
#1735 = FACE_BOUND('',#1736,.T.);
#1736 = EDGE_LOOP('',(#1737,#1748,#1754,#1755,#1756,#1757));
#1737 = ORIENTED_EDGE('',*,*,#1738,.F.);
#1738 = EDGE_CURVE('',#1739,#1741,#1743,.T.);
#1739 = VERTEX_POINT('',#1740);
#1740 = CARTESIAN_POINT('',(10.631089015392,-15.98811891208,5.05));
#1741 = VERTEX_POINT('',#1742);
#1742 = CARTESIAN_POINT('',(19.8,-14.,5.05));
#1743 = CIRCLE('',#1744,4.8);
#1744 = AXIS2_PLACEMENT_3D('',#1745,#1746,#1747);
#1745 = CARTESIAN_POINT('',(15.,-14.,5.05));
#1746 = DIRECTION('',(0.,0.,1.));
#1747 = DIRECTION('',(1.,0.,0.));
#1748 = ORIENTED_EDGE('',*,*,#1749,.F.);
#1749 = EDGE_CURVE('',#857,#1739,#1750,.T.);
#1750 = LINE('',#1751,#1752);
#1751 = CARTESIAN_POINT('',(10.631089015392,-15.98811891208,0.));
#1752 = VECTOR('',#1753,1.);
#1753 = DIRECTION('',(0.,0.,1.));
#1754 = ORIENTED_EDGE('',*,*,#856,.T.);
#1755 = ORIENTED_EDGE('',*,*,#800,.T.);
#1756 = ORIENTED_EDGE('',*,*,#1723,.T.);
#1757 = ORIENTED_EDGE('',*,*,#1758,.F.);
#1758 = EDGE_CURVE('',#1741,#1715,#1759,.T.);
#1759 = CIRCLE('',#1760,4.8);
#1760 = AXIS2_PLACEMENT_3D('',#1761,#1762,#1763);
#1761 = CARTESIAN_POINT('',(15.,-14.,5.05));
#1762 = DIRECTION('',(0.,0.,1.));
#1763 = DIRECTION('',(1.,0.,0.));
#1764 = CYLINDRICAL_SURFACE('',#1765,4.8);
#1765 = AXIS2_PLACEMENT_3D('',#1766,#1767,#1768);
#1766 = CARTESIAN_POINT('',(15.,-14.,0.));
#1767 = DIRECTION('',(0.,0.,1.));
#1768 = DIRECTION('',(1.,0.,0.));
#1769 = ADVANCED_FACE('',(#1770),#1792,.T.);
#1770 = FACE_BOUND('',#1771,.T.);
#1771 = EDGE_LOOP('',(#1772,#1773,#1774,#1783,#1790,#1791));
#1772 = ORIENTED_EDGE('',*,*,#1109,.T.);
#1773 = ORIENTED_EDGE('',*,*,#1194,.T.);
#1774 = ORIENTED_EDGE('',*,*,#1775,.F.);
#1775 = EDGE_CURVE('',#1776,#1195,#1778,.T.);
#1776 = VERTEX_POINT('',#1777);
#1777 = CARTESIAN_POINT('',(6.5,25.,5.05));
#1778 = CIRCLE('',#1779,6.5);
#1779 = AXIS2_PLACEMENT_3D('',#1780,#1781,#1782);
#1780 = CARTESIAN_POINT('',(0.,25.,5.05));
#1781 = DIRECTION('',(0.,0.,1.));
#1782 = DIRECTION('',(1.,0.,0.));
#1783 = ORIENTED_EDGE('',*,*,#1784,.F.);
#1784 = EDGE_CURVE('',#937,#1776,#1785,.T.);
#1785 = CIRCLE('',#1786,6.5);
#1786 = AXIS2_PLACEMENT_3D('',#1787,#1788,#1789);
#1787 = CARTESIAN_POINT('',(0.,25.,5.05));
#1788 = DIRECTION('',(0.,0.,1.));
#1789 = DIRECTION('',(1.,0.,0.));
#1790 = ORIENTED_EDGE('',*,*,#963,.F.);
#1791 = ORIENTED_EDGE('',*,*,#1043,.T.);
#1792 = CYLINDRICAL_SURFACE('',#1793,6.5);
#1793 = AXIS2_PLACEMENT_3D('',#1794,#1795,#1796);
#1794 = CARTESIAN_POINT('',(0.,25.,0.));
#1795 = DIRECTION('',(0.,0.,1.));
#1796 = DIRECTION('',(1.,0.,0.));
#1797 = ADVANCED_FACE('',(#1798),#1810,.T.);
#1798 = FACE_BOUND('',#1799,.T.);
#1799 = EDGE_LOOP('',(#1800,#1801,#1808,#1809));
#1800 = ORIENTED_EDGE('',*,*,#1784,.T.);
#1801 = ORIENTED_EDGE('',*,*,#1802,.T.);
#1802 = EDGE_CURVE('',#1776,#1608,#1803,.T.);
#1803 = CIRCLE('',#1804,0.45);
#1804 = AXIS2_PLACEMENT_3D('',#1805,#1806,#1807);
#1805 = CARTESIAN_POINT('',(6.05,25.,5.05));
#1806 = DIRECTION('',(0.,-1.,0.));
#1807 = DIRECTION('',(1.,0.,0.));
#1808 = ORIENTED_EDGE('',*,*,#1607,.F.);
#1809 = ORIENTED_EDGE('',*,*,#936,.F.);
#1810 = TOROIDAL_SURFACE('',#1811,6.05,0.45);
#1811 = AXIS2_PLACEMENT_3D('',#1812,#1813,#1814);
#1812 = CARTESIAN_POINT('',(0.,25.,5.05));
#1813 = DIRECTION('',(0.,0.,1.));
#1814 = DIRECTION('',(1.,0.,0.));
#1815 = ADVANCED_FACE('',(#1816),#1828,.T.);
#1816 = FACE_BOUND('',#1817,.T.);
#1817 = EDGE_LOOP('',(#1818,#1825,#1826,#1827));
#1818 = ORIENTED_EDGE('',*,*,#1819,.F.);
#1819 = EDGE_CURVE('',#1706,#1591,#1820,.T.);
#1820 = CIRCLE('',#1821,0.45);
#1821 = AXIS2_PLACEMENT_3D('',#1822,#1823,#1824);
#1822 = CARTESIAN_POINT('',(18.75,0.,5.05));
#1823 = DIRECTION('',(0.,-1.,0.));
#1824 = DIRECTION('',(1.,0.,0.));
#1825 = ORIENTED_EDGE('',*,*,#1705,.T.);
#1826 = ORIENTED_EDGE('',*,*,#905,.T.);
#1827 = ORIENTED_EDGE('',*,*,#1599,.F.);
#1828 = TOROIDAL_SURFACE('',#1829,18.75,0.45);
#1829 = AXIS2_PLACEMENT_3D('',#1830,#1831,#1832);
#1830 = CARTESIAN_POINT('',(0.,0.,5.05));
#1831 = DIRECTION('',(0.,0.,1.));
#1832 = DIRECTION('',(1.,0.,0.));
#1833 = ADVANCED_FACE('',(#1834),#1853,.T.);
#1834 = FACE_BOUND('',#1835,.T.);
#1835 = EDGE_LOOP('',(#1836,#1837,#1838,#1847));
#1836 = ORIENTED_EDGE('',*,*,#1004,.T.);
#1837 = ORIENTED_EDGE('',*,*,#1749,.T.);
#1838 = ORIENTED_EDGE('',*,*,#1839,.F.);
#1839 = EDGE_CURVE('',#1840,#1739,#1842,.T.);
#1840 = VERTEX_POINT('',#1841);
#1841 = CARTESIAN_POINT('',(-10.63108901539,-15.98811891208,5.05));
#1842 = CIRCLE('',#1843,19.2);
#1843 = AXIS2_PLACEMENT_3D('',#1844,#1845,#1846);
#1844 = CARTESIAN_POINT('',(0.,0.,5.05));
#1845 = DIRECTION('',(0.,0.,1.));
#1846 = DIRECTION('',(1.,0.,0.));
#1847 = ORIENTED_EDGE('',*,*,#1848,.F.);
#1848 = EDGE_CURVE('',#1005,#1840,#1849,.T.);
#1849 = LINE('',#1850,#1851);
#1850 = CARTESIAN_POINT('',(-10.63108901539,-15.98811891208,0.));
#1851 = VECTOR('',#1852,1.);
#1852 = DIRECTION('',(0.,0.,1.));
#1853 = CYLINDRICAL_SURFACE('',#1854,19.2);
#1854 = AXIS2_PLACEMENT_3D('',#1855,#1856,#1857);
#1855 = CARTESIAN_POINT('',(0.,0.,0.));
#1856 = DIRECTION('',(0.,0.,1.));
#1857 = DIRECTION('',(1.,0.,0.));
#1858 = ADVANCED_FACE('',(#1859),#1878,.T.);
#1859 = FACE_BOUND('',#1860,.T.);
#1860 = EDGE_LOOP('',(#1861,#1869,#1870,#1871));
#1861 = ORIENTED_EDGE('',*,*,#1862,.F.);
#1862 = EDGE_CURVE('',#1070,#1863,#1865,.T.);
#1863 = VERTEX_POINT('',#1864);
#1864 = CARTESIAN_POINT('',(-16.682450177,-9.504517667492,5.05));
#1865 = LINE('',#1866,#1867);
#1866 = CARTESIAN_POINT('',(-16.682450177,-9.504517667492,0.));
#1867 = VECTOR('',#1868,1.);
#1868 = DIRECTION('',(0.,0.,1.));
#1869 = ORIENTED_EDGE('',*,*,#1091,.T.);
#1870 = ORIENTED_EDGE('',*,*,#1848,.T.);
#1871 = ORIENTED_EDGE('',*,*,#1872,.F.);
#1872 = EDGE_CURVE('',#1863,#1840,#1873,.T.);
#1873 = CIRCLE('',#1874,4.8);
#1874 = AXIS2_PLACEMENT_3D('',#1875,#1876,#1877);
#1875 = CARTESIAN_POINT('',(-15.,-14.,5.05));
#1876 = DIRECTION('',(0.,0.,1.));
#1877 = DIRECTION('',(1.,0.,0.));
#1878 = CYLINDRICAL_SURFACE('',#1879,4.8);
#1879 = AXIS2_PLACEMENT_3D('',#1880,#1881,#1882);
#1880 = CARTESIAN_POINT('',(-15.,-14.,0.));
#1881 = DIRECTION('',(0.,0.,1.));
#1882 = DIRECTION('',(1.,0.,0.));
#1883 = ADVANCED_FACE('',(#1884),#1896,.T.);
#1884 = FACE_BOUND('',#1885,.T.);
#1885 = EDGE_LOOP('',(#1886,#1887,#1888,#1895));
#1886 = ORIENTED_EDGE('',*,*,#1176,.T.);
#1887 = ORIENTED_EDGE('',*,*,#1862,.T.);
#1888 = ORIENTED_EDGE('',*,*,#1889,.F.);
#1889 = EDGE_CURVE('',#1238,#1863,#1890,.T.);
#1890 = CIRCLE('',#1891,19.2);
#1891 = AXIS2_PLACEMENT_3D('',#1892,#1893,#1894);
#1892 = CARTESIAN_POINT('',(0.,0.,5.05));
#1893 = DIRECTION('',(0.,0.,1.));
#1894 = DIRECTION('',(1.,0.,0.));
#1895 = ORIENTED_EDGE('',*,*,#1260,.F.);
#1896 = CYLINDRICAL_SURFACE('',#1897,19.2);
#1897 = AXIS2_PLACEMENT_3D('',#1898,#1899,#1900);
#1898 = CARTESIAN_POINT('',(0.,0.,0.));
#1899 = DIRECTION('',(0.,0.,1.));
#1900 = DIRECTION('',(1.,0.,0.));
#1901 = ADVANCED_FACE('',(#1902),#1927,.T.);
#1902 = FACE_BOUND('',#1903,.T.);
#1903 = EDGE_LOOP('',(#1904,#1905,#1906,#1907));
#1904 = ORIENTED_EDGE('',*,*,#1624,.F.);
#1905 = ORIENTED_EDGE('',*,*,#1237,.F.);
#1906 = ORIENTED_EDGE('',*,*,#1889,.T.);
#1907 = ORIENTED_EDGE('',*,*,#1908,.T.);
#1908 = EDGE_CURVE('',#1863,#1625,#1909,.T.);
#1909 = B_SPLINE_CURVE_WITH_KNOTS('',6,(#1910,#1911,#1912,#1913,#1914,
    #1915,#1916,#1917,#1918,#1919,#1920,#1921,#1922,#1923,#1924,#1925,
    #1926),.UNSPECIFIED.,.F.,.F.,(7,5,5,7),(0.,0.278214844974,
    0.562029413396,1.),.UNSPECIFIED.);
#1910 = CARTESIAN_POINT('',(-16.682450177,-9.504517667492,5.05));
#1911 = CARTESIAN_POINT('',(-16.682450177,-9.504517667492,5.084045010543
    ));
#1912 = CARTESIAN_POINT('',(-16.6779684063,-9.506140560525,
    5.118092401129));
#1913 = CARTESIAN_POINT('',(-16.669003335,-9.509386531622,5.151738829719
    ));
#1914 = CARTESIAN_POINT('',(-16.65566195393,-9.514228377456,
    5.184592091235));
#1915 = CARTESIAN_POINT('',(-16.63814194201,-9.520615195873,
    5.216291244942));
#1916 = CARTESIAN_POINT('',(-16.59485443434,-9.536495173548,
    5.277370798715));
#1917 = CARTESIAN_POINT('',(-16.56892574409,-9.546049026569,
    5.306694503313));
#1918 = CARTESIAN_POINT('',(-16.53921220299,-9.557063082999,
    5.334169620054));
#1919 = CARTESIAN_POINT('',(-16.50606274239,-9.569445390841,
    5.359533371461));
#1920 = CARTESIAN_POINT('',(-16.46986204151,-9.583092131704,
    5.382585329764));
#1921 = CARTESIAN_POINT('',(-16.37103428563,-9.620733465246,
    5.434971777527));
#1922 = CARTESIAN_POINT('',(-16.30473542958,-9.646321801884,
    5.46091665704));
#1923 = CARTESIAN_POINT('',(-16.23353614282,-9.67425708825,
    5.480503621147));
#1924 = CARTESIAN_POINT('',(-16.15891061828,-9.704102819949,
    5.493531667398));
#1925 = CARTESIAN_POINT('',(-16.0822353279,-9.735405080445,5.50000003075
    ));
#1926 = CARTESIAN_POINT('',(-16.00485727933,-9.767652915016,5.5));
#1927 = TOROIDAL_SURFACE('',#1928,18.75,0.45);
#1928 = AXIS2_PLACEMENT_3D('',#1929,#1930,#1931);
#1929 = CARTESIAN_POINT('',(0.,0.,5.05));
#1930 = DIRECTION('',(0.,0.,1.));
#1931 = DIRECTION('',(1.,0.,0.));
#1932 = ADVANCED_FACE('',(#1933),#1939,.T.);
#1933 = FACE_BOUND('',#1934,.T.);
#1934 = EDGE_LOOP('',(#1935,#1936,#1937,#1938));
#1935 = ORIENTED_EDGE('',*,*,#1802,.F.);
#1936 = ORIENTED_EDGE('',*,*,#1775,.T.);
#1937 = ORIENTED_EDGE('',*,*,#1202,.T.);
#1938 = ORIENTED_EDGE('',*,*,#1616,.F.);
#1939 = TOROIDAL_SURFACE('',#1940,6.05,0.45);
#1940 = AXIS2_PLACEMENT_3D('',#1941,#1942,#1943);
#1941 = CARTESIAN_POINT('',(0.,25.,5.05));
#1942 = DIRECTION('',(0.,0.,1.));
#1943 = DIRECTION('',(1.,0.,0.));
#1944 = ADVANCED_FACE('',(#1945,#1953),#1964,.F.);
#1945 = FACE_BOUND('',#1946,.F.);
#1946 = EDGE_LOOP('',(#1947,#1948,#1949,#1950,#1951,#1952));
#1947 = ORIENTED_EDGE('',*,*,#1332,.T.);
#1948 = ORIENTED_EDGE('',*,*,#1380,.T.);
#1949 = ORIENTED_EDGE('',*,*,#1404,.T.);
#1950 = ORIENTED_EDGE('',*,*,#1363,.T.);
#1951 = ORIENTED_EDGE('',*,*,#1315,.T.);
#1952 = ORIENTED_EDGE('',*,*,#1284,.T.);
#1953 = FACE_BOUND('',#1954,.F.);
#1954 = EDGE_LOOP('',(#1955));
#1955 = ORIENTED_EDGE('',*,*,#1956,.F.);
#1956 = EDGE_CURVE('',#1957,#1957,#1959,.T.);
#1957 = VERTEX_POINT('',#1958);
#1958 = CARTESIAN_POINT('',(16.7,-14.,4.));
#1959 = CIRCLE('',#1960,1.7);
#1960 = AXIS2_PLACEMENT_3D('',#1961,#1962,#1963);
#1961 = CARTESIAN_POINT('',(15.,-14.,4.));
#1962 = DIRECTION('',(0.,0.,1.));
#1963 = DIRECTION('',(1.,0.,0.));
#1964 = PLANE('',#1965);
#1965 = AXIS2_PLACEMENT_3D('',#1966,#1967,#1968);
#1966 = CARTESIAN_POINT('',(15.,-14.,4.));
#1967 = DIRECTION('',(0.,0.,1.));
#1968 = DIRECTION('',(1.,0.,0.));
#1969 = ADVANCED_FACE('',(#1970,#1978),#1989,.F.);
#1970 = FACE_BOUND('',#1971,.F.);
#1971 = EDGE_LOOP('',(#1972,#1973,#1974,#1975,#1976,#1977));
#1972 = ORIENTED_EDGE('',*,*,#1476,.T.);
#1973 = ORIENTED_EDGE('',*,*,#1524,.T.);
#1974 = ORIENTED_EDGE('',*,*,#1548,.T.);
#1975 = ORIENTED_EDGE('',*,*,#1507,.T.);
#1976 = ORIENTED_EDGE('',*,*,#1459,.T.);
#1977 = ORIENTED_EDGE('',*,*,#1428,.T.);
#1978 = FACE_BOUND('',#1979,.F.);
#1979 = EDGE_LOOP('',(#1980));
#1980 = ORIENTED_EDGE('',*,*,#1981,.F.);
#1981 = EDGE_CURVE('',#1982,#1982,#1984,.T.);
#1982 = VERTEX_POINT('',#1983);
#1983 = CARTESIAN_POINT('',(-13.3,-14.,4.));
#1984 = CIRCLE('',#1985,1.7);
#1985 = AXIS2_PLACEMENT_3D('',#1986,#1987,#1988);
#1986 = CARTESIAN_POINT('',(-15.,-14.,4.));
#1987 = DIRECTION('',(0.,0.,1.));
#1988 = DIRECTION('',(1.,0.,0.));
#1989 = PLANE('',#1990);
#1990 = AXIS2_PLACEMENT_3D('',#1991,#1992,#1993);
#1991 = CARTESIAN_POINT('',(-15.,-14.,4.));
#1992 = DIRECTION('',(0.,0.,1.));
#1993 = DIRECTION('',(1.,0.,0.));
#1994 = ADVANCED_FACE('',(#1995),#2020,.T.);
#1995 = FACE_BOUND('',#1996,.T.);
#1996 = EDGE_LOOP('',(#1997,#1998,#1999,#2000));
#1997 = ORIENTED_EDGE('',*,*,#1714,.T.);
#1998 = ORIENTED_EDGE('',*,*,#1819,.T.);
#1999 = ORIENTED_EDGE('',*,*,#1588,.F.);
#2000 = ORIENTED_EDGE('',*,*,#2001,.T.);
#2001 = EDGE_CURVE('',#1589,#1715,#2002,.T.);
#2002 = B_SPLINE_CURVE_WITH_KNOTS('',6,(#2003,#2004,#2005,#2006,#2007,
    #2008,#2009,#2010,#2011,#2012,#2013,#2014,#2015,#2016,#2017,#2018,
    #2019),.UNSPECIFIED.,.F.,.F.,(7,5,5,7),(0.,0.437362900733,
    0.719315603253,1.),.UNSPECIFIED.);
#2003 = CARTESIAN_POINT('',(16.004857279373,-9.767652914949,5.5));
#2004 = CARTESIAN_POINT('',(16.0821280505,-9.735449789082,5.500000031102
    ));
#2005 = CARTESIAN_POINT('',(16.158697901781,-9.704189662482,
    5.493549589347));
#2006 = CARTESIAN_POINT('',(16.233225590747,-9.674381293311,
    5.480557805627));
#2007 = CARTESIAN_POINT('',(16.304340410316,-9.646476795234,
    5.461025246817));
#2008 = CARTESIAN_POINT('',(16.370574463613,-9.620910944617,
    5.435151557716));
#2009 = CARTESIAN_POINT('',(16.469136164182,-9.583367107924,
    5.383010898838));
#2010 = CARTESIAN_POINT('',(16.505148229219,-9.56978919286,
    5.360151063829));
#2011 = CARTESIAN_POINT('',(16.538154751911,-9.557457570891,
    5.335007233515));
#2012 = CARTESIAN_POINT('',(16.567778414598,-9.546474118386,
    5.307775079586));
#2013 = CARTESIAN_POINT('',(16.593676367091,-9.536929229898,
    5.278711009444));
#2014 = CARTESIAN_POINT('',(16.637361129451,-9.520899856895,
    5.217697148798));
#2015 = CARTESIAN_POINT('',(16.655186193822,-9.514401040457,
    5.18575814114));
#2016 = CARTESIAN_POINT('',(16.668763534355,-9.509473354404,
    5.152634710941));
#2017 = CARTESIAN_POINT('',(16.677888497052,-9.5061694989,5.118696853186
    ));
#2018 = CARTESIAN_POINT('',(16.682450177007,-9.504517667492,
    5.084347185531));
#2019 = CARTESIAN_POINT('',(16.682450177007,-9.504517667492,5.05));
#2020 = TOROIDAL_SURFACE('',#2021,18.75,0.45);
#2021 = AXIS2_PLACEMENT_3D('',#2022,#2023,#2024);
#2022 = CARTESIAN_POINT('',(0.,0.,5.05));
#2023 = DIRECTION('',(0.,0.,1.));
#2024 = DIRECTION('',(1.,0.,0.));
#2025 = ADVANCED_FACE('',(#2026),#2038,.T.);
#2026 = FACE_BOUND('',#2027,.T.);
#2027 = EDGE_LOOP('',(#2028,#2029,#2036,#2037));
#2028 = ORIENTED_EDGE('',*,*,#1660,.F.);
#2029 = ORIENTED_EDGE('',*,*,#2030,.F.);
#2030 = EDGE_CURVE('',#1741,#1652,#2031,.T.);
#2031 = CIRCLE('',#2032,0.45);
#2032 = AXIS2_PLACEMENT_3D('',#2033,#2034,#2035);
#2033 = CARTESIAN_POINT('',(19.35,-14.,5.05));
#2034 = DIRECTION('',(0.,-1.,0.));
#2035 = DIRECTION('',(1.,0.,0.));
#2036 = ORIENTED_EDGE('',*,*,#1758,.T.);
#2037 = ORIENTED_EDGE('',*,*,#2001,.F.);
#2038 = TOROIDAL_SURFACE('',#2039,4.35,0.45);
#2039 = AXIS2_PLACEMENT_3D('',#2040,#2041,#2042);
#2040 = CARTESIAN_POINT('',(15.,-14.,5.05));
#2041 = DIRECTION('',(0.,0.,1.));
#2042 = DIRECTION('',(1.,0.,0.));
#2043 = ADVANCED_FACE('',(#2044),#2069,.T.);
#2044 = FACE_BOUND('',#2045,.T.);
#2045 = EDGE_LOOP('',(#2046,#2047,#2048,#2049));
#2046 = ORIENTED_EDGE('',*,*,#1738,.T.);
#2047 = ORIENTED_EDGE('',*,*,#2030,.T.);
#2048 = ORIENTED_EDGE('',*,*,#1651,.F.);
#2049 = ORIENTED_EDGE('',*,*,#2050,.F.);
#2050 = EDGE_CURVE('',#1739,#1643,#2051,.T.);
#2051 = B_SPLINE_CURVE_WITH_KNOTS('',6,(#2052,#2053,#2054,#2055,#2056,
    #2057,#2058,#2059,#2060,#2061,#2062,#2063,#2064,#2065,#2066,#2067,
    #2068),.UNSPECIFIED.,.F.,.F.,(7,5,5,7),(0.,0.278370863335,
    0.562190348191,1.),.UNSPECIFIED.);
#2052 = CARTESIAN_POINT('',(10.631089015392,-15.98811891208,5.05));
#2053 = CARTESIAN_POINT('',(10.631089015392,-15.98811891208,
    5.084064102019));
#2054 = CARTESIAN_POINT('',(10.63240080313,-15.98353085491,
    5.118130590439));
#2055 = CARTESIAN_POINT('',(10.635024457976,-15.97435319703,
    5.151795437247));
#2056 = CARTESIAN_POINT('',(10.638940166327,-15.9606947968,
    5.184665784764));
#2057 = CARTESIAN_POINT('',(10.644110681793,-15.94275681206,
    5.216380124149));
#2058 = CARTESIAN_POINT('',(10.656981631323,-15.89844290264,
    5.277468882065));
#2059 = CARTESIAN_POINT('',(10.664730203122,-15.87190634994,
    5.306788169119));
#2060 = CARTESIAN_POINT('',(10.673674693456,-15.84149397063,
    5.334258180002));
#2061 = CARTESIAN_POINT('',(10.683747383485,-15.80756029523,
    5.359616232846));
#2062 = CARTESIAN_POINT('',(10.694871182829,-15.7704963017,
    5.382661998355));
#2063 = CARTESIAN_POINT('',(10.725615830024,-15.66931259166,
    5.435019439617));
#2064 = CARTESIAN_POINT('',(10.746571723673,-15.60142613106,
    5.460945441915));
#2065 = CARTESIAN_POINT('',(10.769529591816,-15.5284945824,
    5.480517979189));
#2066 = CARTESIAN_POINT('',(10.79415586665,-15.4520169694,5.493536420827
    ));
#2067 = CARTESIAN_POINT('',(10.820092900054,-15.37339620931,
    5.500000030648));
#2068 = CARTESIAN_POINT('',(10.846924193295,-15.29400979288,5.5));
#2069 = TOROIDAL_SURFACE('',#2070,4.35,0.45);
#2070 = AXIS2_PLACEMENT_3D('',#2071,#2072,#2073);
#2071 = CARTESIAN_POINT('',(15.,-14.,5.05));
#2072 = DIRECTION('',(0.,0.,1.));
#2073 = DIRECTION('',(1.,0.,0.));
#2074 = ADVANCED_FACE('',(#2075),#2100,.T.);
#2075 = FACE_BOUND('',#2076,.T.);
#2076 = EDGE_LOOP('',(#2077,#2078,#2079,#2080));
#2077 = ORIENTED_EDGE('',*,*,#1839,.T.);
#2078 = ORIENTED_EDGE('',*,*,#2050,.T.);
#2079 = ORIENTED_EDGE('',*,*,#1642,.F.);
#2080 = ORIENTED_EDGE('',*,*,#2081,.T.);
#2081 = EDGE_CURVE('',#1634,#1840,#2082,.T.);
#2082 = B_SPLINE_CURVE_WITH_KNOTS('',6,(#2083,#2084,#2085,#2086,#2087,
    #2088,#2089,#2090,#2091,#2092,#2093,#2094,#2095,#2096,#2097,#2098,
    #2099),.UNSPECIFIED.,.F.,.F.,(7,5,5,7),(0.,0.437014864864,
    0.720682026342,1.),.UNSPECIFIED.);
#2083 = CARTESIAN_POINT('',(-10.84692419331,-15.29400979287,5.5));
#2084 = CARTESIAN_POINT('',(-10.82014157949,-15.37325217999,
    5.500000030859));
#2085 = CARTESIAN_POINT('',(-10.79425002609,-15.45173156151,
    5.493559852412));
#2086 = CARTESIAN_POINT('',(-10.7696636978,-15.52807812868,
    5.480588810926));
#2087 = CARTESIAN_POINT('',(-10.74673841301,-15.60089663298,5.4610874013
    ));
#2088 = CARTESIAN_POINT('',(-10.72580604549,-15.66869643846,
    5.43525447355));
#2089 = CARTESIAN_POINT('',(-10.69506735852,-15.7698443527,
    5.383052990178));
#2090 = CARTESIAN_POINT('',(-10.68393455207,-15.80693254006,
    5.360053675642));
#2091 = CARTESIAN_POINT('',(-10.67385080536,-15.84089836501,
    5.334742436069));
#2092 = CARTESIAN_POINT('',(-10.66489314919,-15.8713512808,
    5.307318698902));
#2093 = CARTESIAN_POINT('',(-10.65712929008,-15.89793691428,
    5.278044101995));
#2094 = CARTESIAN_POINT('',(-10.64419877645,-15.94245119917,
    5.216919451339));
#2095 = CARTESIAN_POINT('',(-10.6389935417,-15.9605086156,5.185113028697
    ));
#2096 = CARTESIAN_POINT('',(-10.63505128197,-15.97425936363,
    5.152139020067));
#2097 = CARTESIAN_POINT('',(-10.63240974413,-15.98349958638,
    5.118362393911));
#2098 = CARTESIAN_POINT('',(-10.63108901539,-15.98811891208,
    5.084179984253));
#2099 = CARTESIAN_POINT('',(-10.63108901539,-15.98811891208,5.05));
#2100 = TOROIDAL_SURFACE('',#2101,18.75,0.45);
#2101 = AXIS2_PLACEMENT_3D('',#2102,#2103,#2104);
#2102 = CARTESIAN_POINT('',(0.,0.,5.05));
#2103 = DIRECTION('',(0.,0.,1.));
#2104 = DIRECTION('',(1.,0.,0.));
#2105 = ADVANCED_FACE('',(#2106),#2112,.T.);
#2106 = FACE_BOUND('',#2107,.T.);
#2107 = EDGE_LOOP('',(#2108,#2109,#2110,#2111));
#2108 = ORIENTED_EDGE('',*,*,#2081,.F.);
#2109 = ORIENTED_EDGE('',*,*,#1633,.F.);
#2110 = ORIENTED_EDGE('',*,*,#1908,.F.);
#2111 = ORIENTED_EDGE('',*,*,#1872,.T.);
#2112 = TOROIDAL_SURFACE('',#2113,4.35,0.45);
#2113 = AXIS2_PLACEMENT_3D('',#2114,#2115,#2116);
#2114 = CARTESIAN_POINT('',(-15.,-14.,5.05));
#2115 = DIRECTION('',(0.,0.,1.));
#2116 = DIRECTION('',(1.,0.,0.));
#2117 = ADVANCED_FACE('',(#2118),#2129,.F.);
#2118 = FACE_BOUND('',#2119,.F.);
#2119 = EDGE_LOOP('',(#2120,#2126,#2127,#2128));
#2120 = ORIENTED_EDGE('',*,*,#2121,.T.);
#2121 = EDGE_CURVE('',#1982,#1670,#2122,.T.);
#2122 = LINE('',#2123,#2124);
#2123 = CARTESIAN_POINT('',(-13.3,-14.,-0.1));
#2124 = VECTOR('',#2125,1.);
#2125 = DIRECTION('',(0.,0.,1.));
#2126 = ORIENTED_EDGE('',*,*,#1669,.F.);
#2127 = ORIENTED_EDGE('',*,*,#2121,.F.);
#2128 = ORIENTED_EDGE('',*,*,#1981,.T.);
#2129 = CYLINDRICAL_SURFACE('',#2130,1.7);
#2130 = AXIS2_PLACEMENT_3D('',#2131,#2132,#2133);
#2131 = CARTESIAN_POINT('',(-15.,-14.,-0.1));
#2132 = DIRECTION('',(0.,0.,1.));
#2133 = DIRECTION('',(1.,0.,0.));
#2134 = ADVANCED_FACE('',(#2135),#2146,.F.);
#2135 = FACE_BOUND('',#2136,.F.);
#2136 = EDGE_LOOP('',(#2137,#2143,#2144,#2145));
#2137 = ORIENTED_EDGE('',*,*,#2138,.T.);
#2138 = EDGE_CURVE('',#1957,#1681,#2139,.T.);
#2139 = LINE('',#2140,#2141);
#2140 = CARTESIAN_POINT('',(16.7,-14.,-0.1));
#2141 = VECTOR('',#2142,1.);
#2142 = DIRECTION('',(0.,0.,1.));
#2143 = ORIENTED_EDGE('',*,*,#1680,.F.);
#2144 = ORIENTED_EDGE('',*,*,#2138,.F.);
#2145 = ORIENTED_EDGE('',*,*,#1956,.T.);
#2146 = CYLINDRICAL_SURFACE('',#2147,1.7);
#2147 = AXIS2_PLACEMENT_3D('',#2148,#2149,#2150);
#2148 = CARTESIAN_POINT('',(15.,-14.,-0.1));
#2149 = DIRECTION('',(0.,0.,1.));
#2150 = DIRECTION('',(1.,0.,0.));
#2151 = MANIFOLD_SOLID_BREP('',#2152);
#2152 = CLOSED_SHELL('',(#2153,#2210,#2260,#2294,#2371,#2402,#2449,#2482
    ,#2525,#2564,#2595,#2626,#2644,#2669,#2694,#2719,#4761,#4792,#4810,
    #4847,#4859,#4879,#4899,#4919,#4931,#4948,#4965,#4996,#5020,#5044,
    #5068,#5092,#5116,#5140,#5164,#5188,#5212,#5236,#5260,#5284,#5308,
    #5332,#5356,#5380,#5404,#5428,#5452,#5476,#5500,#5524,#5548,#5572,
    #5597,#5621,#5645,#5669,#5693,#5717,#5741,#5765,#5789,#5813,#5837,
    #5861,#5885,#5909,#5933,#5957,#5981,#6005,#6029,#6053,#6077,#6101,
    #6125,#6149,#6173,#6197,#6221,#6246,#6263,#6294,#6318,#6342,#6366,
    #6390,#6414,#6438,#6462,#6486,#6510,#6534,#6558,#6582,#6606,#6630,
    #6654,#6678,#6702,#6726,#6750,#6774,#6798,#6822,#6846,#6870,#6894,
    #6918,#6942,#6966,#6990,#7014,#7038,#7062,#7086,#7110,#7134,#7158,
    #7182,#7206,#7230,#7254,#7278,#7302,#7326,#7350,#7374,#7398,#7422,
    #7446,#7470,#7494,#7518,#7542,#7566,#7590,#7614,#7638,#7662,#7686,
    #7710,#7734,#7758,#7782,#7806,#7830,#7854,#7878,#7902,#7926,#7950,
    #7974,#7998,#8022,#8046,#8070,#8094,#8118,#8142,#8166,#8190,#8214,
    #8238,#8262,#8286,#8310,#8334,#8358,#8382,#8406,#8430,#8454,#8478,
    #8502,#8526,#8550,#8567,#8598,#8622,#8646,#8670,#8694,#8718,#8742,
    #8766,#8790,#8814,#8838,#8862,#8886,#8910,#8934,#8958,#8982,#9006,
    #9030,#9054,#9078,#9102,#9126,#9150,#9174,#9198,#9222,#9246,#9270,
    #9294,#9318,#9342,#9366,#9390,#9414,#9438,#9462,#9486,#9510,#9534,
    #9558,#9582,#9606,#9630,#9654,#9678,#9702,#9726,#9750,#9774,#9798,
    #9822,#9846,#9870,#9894,#9918,#9942,#9966,#9990,#10014,#10038,#10062
    ,#10086,#10110,#10134,#10158,#10182,#10206,#10230,#10254,#10278,
    #10302,#10326,#10350,#10374,#10398,#10422,#10446,#10470,#10494,
    #10518,#10542,#10566,#10590,#10614,#10638,#10662,#10686,#10710,
    #10734,#10758,#10782,#10806,#10830,#10854,#10871,#10896));
#2153 = ADVANCED_FACE('',(#2154),#2205,.T.);
#2154 = FACE_BOUND('',#2155,.T.);
#2155 = EDGE_LOOP('',(#2156,#2167,#2176,#2185));
#2156 = ORIENTED_EDGE('',*,*,#2157,.T.);
#2157 = EDGE_CURVE('',#2158,#2160,#2162,.T.);
#2158 = VERTEX_POINT('',#2159);
#2159 = CARTESIAN_POINT('',(-16.682450177,-9.504517667492,5.95));
#2160 = VERTEX_POINT('',#2161);
#2161 = CARTESIAN_POINT('',(-19.2,0.,5.95));
#2162 = CIRCLE('',#2163,19.2);
#2163 = AXIS2_PLACEMENT_3D('',#2164,#2165,#2166);
#2164 = CARTESIAN_POINT('',(6.184466335694E-16,0.,5.95));
#2165 = DIRECTION('',(1.224646799147E-16,0.,-1.));
#2166 = DIRECTION('',(-1.,0.,-1.224646799147E-16));
#2167 = ORIENTED_EDGE('',*,*,#2168,.T.);
#2168 = EDGE_CURVE('',#2160,#2169,#2171,.T.);
#2169 = VERTEX_POINT('',#2170);
#2170 = CARTESIAN_POINT('',(-18.75,0.,5.5));
#2171 = CIRCLE('',#2172,0.45);
#2172 = AXIS2_PLACEMENT_3D('',#2173,#2174,#2175);
#2173 = CARTESIAN_POINT('',(-18.75,0.,5.95));
#2174 = DIRECTION('',(0.,-1.,-0.));
#2175 = DIRECTION('',(-1.,0.,-1.224646799147E-16));
#2176 = ORIENTED_EDGE('',*,*,#2177,.F.);
#2177 = EDGE_CURVE('',#2178,#2169,#2180,.T.);
#2178 = VERTEX_POINT('',#2179);
#2179 = CARTESIAN_POINT('',(-16.00485727935,-9.767652914974,5.5));
#2180 = CIRCLE('',#2181,18.75);
#2181 = AXIS2_PLACEMENT_3D('',#2182,#2183,#2184);
#2182 = CARTESIAN_POINT('',(6.73555739531E-16,0.,5.5));
#2183 = DIRECTION('',(1.224646799147E-16,0.,-1.));
#2184 = DIRECTION('',(-1.,0.,-1.224646799147E-16));
#2185 = ORIENTED_EDGE('',*,*,#2186,.T.);
#2186 = EDGE_CURVE('',#2178,#2158,#2187,.T.);
#2187 = B_SPLINE_CURVE_WITH_KNOTS('',6,(#2188,#2189,#2190,#2191,#2192,
    #2193,#2194,#2195,#2196,#2197,#2198,#2199,#2200,#2201,#2202,#2203,
    #2204),.UNSPECIFIED.,.F.,.F.,(7,5,5,7),(0.,0.437362900733,
    0.719315603253,1.),.UNSPECIFIED.);
#2188 = CARTESIAN_POINT('',(-16.00485727937,-9.767652914949,5.5));
#2189 = CARTESIAN_POINT('',(-16.0821280505,-9.735449789082,
    5.499999968898));
#2190 = CARTESIAN_POINT('',(-16.15869790178,-9.704189662482,
    5.506450410653));
#2191 = CARTESIAN_POINT('',(-16.23322559074,-9.674381293311,
    5.519442194373));
#2192 = CARTESIAN_POINT('',(-16.30434041031,-9.646476795234,
    5.538974753183));
#2193 = CARTESIAN_POINT('',(-16.37057446361,-9.620910944617,
    5.564848442284));
#2194 = CARTESIAN_POINT('',(-16.46913616418,-9.583367107924,
    5.616989101162));
#2195 = CARTESIAN_POINT('',(-16.50514822921,-9.56978919286,
    5.639848936171));
#2196 = CARTESIAN_POINT('',(-16.53815475191,-9.557457570891,
    5.664992766485));
#2197 = CARTESIAN_POINT('',(-16.56777841459,-9.546474118386,
    5.692224920414));
#2198 = CARTESIAN_POINT('',(-16.59367636709,-9.536929229898,
    5.721288990556));
#2199 = CARTESIAN_POINT('',(-16.63736112945,-9.520899856895,
    5.782302851202));
#2200 = CARTESIAN_POINT('',(-16.65518619382,-9.514401040457,
    5.81424185886));
#2201 = CARTESIAN_POINT('',(-16.66876353435,-9.509473354404,
    5.847365289059));
#2202 = CARTESIAN_POINT('',(-16.67788849705,-9.5061694989,5.881303146814
    ));
#2203 = CARTESIAN_POINT('',(-16.682450177,-9.504517667492,5.915652814469
    ));
#2204 = CARTESIAN_POINT('',(-16.682450177,-9.504517667492,5.95));
#2205 = TOROIDAL_SURFACE('',#2206,18.75,0.45);
#2206 = AXIS2_PLACEMENT_3D('',#2207,#2208,#2209);
#2207 = CARTESIAN_POINT('',(6.184466335694E-16,0.,5.95));
#2208 = DIRECTION('',(1.224646799147E-16,0.,-1.));
#2209 = DIRECTION('',(-1.,0.,-1.224646799147E-16));
#2210 = ADVANCED_FACE('',(#2211),#2255,.T.);
#2211 = FACE_BOUND('',#2212,.T.);
#2212 = EDGE_LOOP('',(#2213,#2224,#2232,#2239,#2240,#2248));
#2213 = ORIENTED_EDGE('',*,*,#2214,.T.);
#2214 = EDGE_CURVE('',#2215,#2217,#2219,.T.);
#2215 = VERTEX_POINT('',#2216);
#2216 = CARTESIAN_POINT('',(-19.2,0.,10.55));
#2217 = VERTEX_POINT('',#2218);
#2218 = CARTESIAN_POINT('',(16.682450177007,-9.504517667492,10.55));
#2219 = CIRCLE('',#2220,19.2);
#2220 = AXIS2_PLACEMENT_3D('',#2221,#2222,#2223);
#2221 = CARTESIAN_POINT('',(5.510910596163E-17,0.,10.55));
#2222 = DIRECTION('',(1.224646799147E-16,0.,-1.));
#2223 = DIRECTION('',(-1.,0.,-1.224646799147E-16));
#2224 = ORIENTED_EDGE('',*,*,#2225,.T.);
#2225 = EDGE_CURVE('',#2217,#2226,#2228,.T.);
#2226 = VERTEX_POINT('',#2227);
#2227 = CARTESIAN_POINT('',(16.682450177007,-9.504517667492,5.95));
#2228 = LINE('',#2229,#2230);
#2229 = CARTESIAN_POINT('',(16.682450177007,-9.504517667492,11.));
#2230 = VECTOR('',#2231,1.);
#2231 = DIRECTION('',(1.224646799147E-16,0.,-1.));
#2232 = ORIENTED_EDGE('',*,*,#2233,.F.);
#2233 = EDGE_CURVE('',#2160,#2226,#2234,.T.);
#2234 = CIRCLE('',#2235,19.2);
#2235 = AXIS2_PLACEMENT_3D('',#2236,#2237,#2238);
#2236 = CARTESIAN_POINT('',(6.184466335694E-16,0.,5.95));
#2237 = DIRECTION('',(1.224646799147E-16,0.,-1.));
#2238 = DIRECTION('',(-1.,0.,-1.224646799147E-16));
#2239 = ORIENTED_EDGE('',*,*,#2157,.F.);
#2240 = ORIENTED_EDGE('',*,*,#2241,.F.);
#2241 = EDGE_CURVE('',#2242,#2158,#2244,.T.);
#2242 = VERTEX_POINT('',#2243);
#2243 = CARTESIAN_POINT('',(-16.682450177,-9.504517667492,10.55));
#2244 = LINE('',#2245,#2246);
#2245 = CARTESIAN_POINT('',(-16.682450177,-9.504517667492,11.));
#2246 = VECTOR('',#2247,1.);
#2247 = DIRECTION('',(1.224646799147E-16,0.,-1.));
#2248 = ORIENTED_EDGE('',*,*,#2249,.T.);
#2249 = EDGE_CURVE('',#2242,#2215,#2250,.T.);
#2250 = CIRCLE('',#2251,19.2);
#2251 = AXIS2_PLACEMENT_3D('',#2252,#2253,#2254);
#2252 = CARTESIAN_POINT('',(5.510910596163E-17,0.,10.55));
#2253 = DIRECTION('',(1.224646799147E-16,0.,-1.));
#2254 = DIRECTION('',(-1.,0.,-1.224646799147E-16));
#2255 = CYLINDRICAL_SURFACE('',#2256,19.2);
#2256 = AXIS2_PLACEMENT_3D('',#2257,#2258,#2259);
#2257 = CARTESIAN_POINT('',(0.,0.,11.));
#2258 = DIRECTION('',(1.224646799147E-16,0.,-1.));
#2259 = DIRECTION('',(-1.,0.,-1.224646799147E-16));
#2260 = ADVANCED_FACE('',(#2261),#2289,.T.);
#2261 = FACE_BOUND('',#2262,.T.);
#2262 = EDGE_LOOP('',(#2263,#2272,#2281,#2288));
#2263 = ORIENTED_EDGE('',*,*,#2264,.F.);
#2264 = EDGE_CURVE('',#2265,#2178,#2267,.T.);
#2265 = VERTEX_POINT('',#2266);
#2266 = CARTESIAN_POINT('',(-19.35,-14.,5.5));
#2267 = CIRCLE('',#2268,4.35);
#2268 = AXIS2_PLACEMENT_3D('',#2269,#2270,#2271);
#2269 = CARTESIAN_POINT('',(-15.,-14.,5.5));
#2270 = DIRECTION('',(1.224646799147E-16,0.,-1.));
#2271 = DIRECTION('',(-1.,0.,-1.224646799147E-16));
#2272 = ORIENTED_EDGE('',*,*,#2273,.F.);
#2273 = EDGE_CURVE('',#2274,#2265,#2276,.T.);
#2274 = VERTEX_POINT('',#2275);
#2275 = CARTESIAN_POINT('',(-19.8,-14.,5.95));
#2276 = CIRCLE('',#2277,0.45);
#2277 = AXIS2_PLACEMENT_3D('',#2278,#2279,#2280);
#2278 = CARTESIAN_POINT('',(-19.35,-14.,5.95));
#2279 = DIRECTION('',(0.,-1.,-0.));
#2280 = DIRECTION('',(-1.,0.,-1.224646799147E-16));
#2281 = ORIENTED_EDGE('',*,*,#2282,.T.);
#2282 = EDGE_CURVE('',#2274,#2158,#2283,.T.);
#2283 = CIRCLE('',#2284,4.8);
#2284 = AXIS2_PLACEMENT_3D('',#2285,#2286,#2287);
#2285 = CARTESIAN_POINT('',(-15.,-14.,5.95));
#2286 = DIRECTION('',(1.224646799147E-16,0.,-1.));
#2287 = DIRECTION('',(-1.,0.,-1.224646799147E-16));
#2288 = ORIENTED_EDGE('',*,*,#2186,.F.);
#2289 = TOROIDAL_SURFACE('',#2290,4.35,0.45);
#2290 = AXIS2_PLACEMENT_3D('',#2291,#2292,#2293);
#2291 = CARTESIAN_POINT('',(-15.,-14.,5.95));
#2292 = DIRECTION('',(1.224646799147E-16,0.,-1.));
#2293 = DIRECTION('',(-1.,0.,-1.224646799147E-16));
#2294 = ADVANCED_FACE('',(#2295,#2333,#2344,#2355),#2366,.T.);
#2295 = FACE_BOUND('',#2296,.T.);
#2296 = EDGE_LOOP('',(#2297,#2298,#2307,#2316,#2325,#2332));
#2297 = ORIENTED_EDGE('',*,*,#2177,.T.);
#2298 = ORIENTED_EDGE('',*,*,#2299,.T.);
#2299 = EDGE_CURVE('',#2169,#2300,#2302,.T.);
#2300 = VERTEX_POINT('',#2301);
#2301 = CARTESIAN_POINT('',(16.004857279357,-9.767652914975,5.5));
#2302 = CIRCLE('',#2303,18.75);
#2303 = AXIS2_PLACEMENT_3D('',#2304,#2305,#2306);
#2304 = CARTESIAN_POINT('',(6.73555739531E-16,0.,5.5));
#2305 = DIRECTION('',(1.224646799147E-16,0.,-1.));
#2306 = DIRECTION('',(-1.,0.,-1.224646799147E-16));
#2307 = ORIENTED_EDGE('',*,*,#2308,.T.);
#2308 = EDGE_CURVE('',#2300,#2309,#2311,.T.);
#2309 = VERTEX_POINT('',#2310);
#2310 = CARTESIAN_POINT('',(10.846924193327,-15.29400979286,5.5));
#2311 = CIRCLE('',#2312,4.35);
#2312 = AXIS2_PLACEMENT_3D('',#2313,#2314,#2315);
#2313 = CARTESIAN_POINT('',(15.,-14.,5.5));
#2314 = DIRECTION('',(1.224646799147E-16,0.,-1.));
#2315 = DIRECTION('',(-1.,0.,-1.224646799147E-16));
#2316 = ORIENTED_EDGE('',*,*,#2317,.T.);
#2317 = EDGE_CURVE('',#2309,#2318,#2320,.T.);
#2318 = VERTEX_POINT('',#2319);
#2319 = CARTESIAN_POINT('',(-10.84692419332,-15.29400979286,5.5));
#2320 = CIRCLE('',#2321,18.75);
#2321 = AXIS2_PLACEMENT_3D('',#2322,#2323,#2324);
#2322 = CARTESIAN_POINT('',(6.73555739531E-16,0.,5.5));
#2323 = DIRECTION('',(1.224646799147E-16,0.,-1.));
#2324 = DIRECTION('',(-1.,0.,-1.224646799147E-16));
#2325 = ORIENTED_EDGE('',*,*,#2326,.T.);
#2326 = EDGE_CURVE('',#2318,#2265,#2327,.T.);
#2327 = CIRCLE('',#2328,4.35);
#2328 = AXIS2_PLACEMENT_3D('',#2329,#2330,#2331);
#2329 = CARTESIAN_POINT('',(-15.,-14.,5.5));
#2330 = DIRECTION('',(1.224646799147E-16,0.,-1.));
#2331 = DIRECTION('',(-1.,0.,-1.224646799147E-16));
#2332 = ORIENTED_EDGE('',*,*,#2264,.T.);
#2333 = FACE_BOUND('',#2334,.T.);
#2334 = EDGE_LOOP('',(#2335));
#2335 = ORIENTED_EDGE('',*,*,#2336,.F.);
#2336 = EDGE_CURVE('',#2337,#2337,#2339,.T.);
#2337 = VERTEX_POINT('',#2338);
#2338 = CARTESIAN_POINT('',(13.3,-14.,5.5));
#2339 = CIRCLE('',#2340,1.7);
#2340 = AXIS2_PLACEMENT_3D('',#2341,#2342,#2343);
#2341 = CARTESIAN_POINT('',(15.,-14.,5.5));
#2342 = DIRECTION('',(1.224646799147E-16,0.,-1.));
#2343 = DIRECTION('',(-1.,0.,-1.224646799147E-16));
#2344 = FACE_BOUND('',#2345,.T.);
#2345 = EDGE_LOOP('',(#2346));
#2346 = ORIENTED_EDGE('',*,*,#2347,.F.);
#2347 = EDGE_CURVE('',#2348,#2348,#2350,.T.);
#2348 = VERTEX_POINT('',#2349);
#2349 = CARTESIAN_POINT('',(-16.7,-14.,5.5));
#2350 = CIRCLE('',#2351,1.7);
#2351 = AXIS2_PLACEMENT_3D('',#2352,#2353,#2354);
#2352 = CARTESIAN_POINT('',(-15.,-14.,5.5));
#2353 = DIRECTION('',(1.224646799147E-16,0.,-1.));
#2354 = DIRECTION('',(-1.,0.,-1.224646799147E-16));
#2355 = FACE_BOUND('',#2356,.T.);
#2356 = EDGE_LOOP('',(#2357));
#2357 = ORIENTED_EDGE('',*,*,#2358,.F.);
#2358 = EDGE_CURVE('',#2359,#2359,#2361,.T.);
#2359 = VERTEX_POINT('',#2360);
#2360 = CARTESIAN_POINT('',(-17.65,-4.32300320099E-15,5.5));
#2361 = CIRCLE('',#2362,17.65);
#2362 = AXIS2_PLACEMENT_3D('',#2363,#2364,#2365);
#2363 = CARTESIAN_POINT('',(6.73555739531E-16,0.,5.5));
#2364 = DIRECTION('',(1.224646799147E-16,0.,-1.));
#2365 = DIRECTION('',(-1.,0.,-1.224646799147E-16));
#2366 = PLANE('',#2367);
#2367 = AXIS2_PLACEMENT_3D('',#2368,#2369,#2370);
#2368 = CARTESIAN_POINT('',(-0.386583065355,-3.28048783498,5.5));
#2369 = DIRECTION('',(1.224646799147E-16,0.,-1.));
#2370 = DIRECTION('',(-1.,0.,-1.224646799147E-16));
#2371 = ADVANCED_FACE('',(#2372),#2397,.T.);
#2372 = FACE_BOUND('',#2373,.T.);
#2373 = EDGE_LOOP('',(#2374,#2375,#2376,#2396));
#2374 = ORIENTED_EDGE('',*,*,#2168,.F.);
#2375 = ORIENTED_EDGE('',*,*,#2233,.T.);
#2376 = ORIENTED_EDGE('',*,*,#2377,.T.);
#2377 = EDGE_CURVE('',#2226,#2300,#2378,.T.);
#2378 = B_SPLINE_CURVE_WITH_KNOTS('',6,(#2379,#2380,#2381,#2382,#2383,
    #2384,#2385,#2386,#2387,#2388,#2389,#2390,#2391,#2392,#2393,#2394,
    #2395),.UNSPECIFIED.,.F.,.F.,(7,5,5,7),(0.,0.278214844974,
    0.562029413396,1.),.UNSPECIFIED.);
#2379 = CARTESIAN_POINT('',(16.682450177007,-9.504517667492,5.95));
#2380 = CARTESIAN_POINT('',(16.682450177007,-9.504517667492,
    5.915954989457));
#2381 = CARTESIAN_POINT('',(16.677968406306,-9.506140560525,
    5.881907598871));
#2382 = CARTESIAN_POINT('',(16.669003335,-9.509386531622,5.848261170281)
  );
#2383 = CARTESIAN_POINT('',(16.655661953932,-9.514228377456,
    5.815407908765));
#2384 = CARTESIAN_POINT('',(16.63814194201,-9.520615195873,
    5.783708755058));
#2385 = CARTESIAN_POINT('',(16.594854434345,-9.536495173548,
    5.722629201285));
#2386 = CARTESIAN_POINT('',(16.568925744098,-9.546049026569,
    5.693305496687));
#2387 = CARTESIAN_POINT('',(16.539212202994,-9.557063082999,
    5.665830379946));
#2388 = CARTESIAN_POINT('',(16.50606274239,-9.569445390841,
    5.640466628539));
#2389 = CARTESIAN_POINT('',(16.469862041511,-9.583092131704,
    5.617414670236));
#2390 = CARTESIAN_POINT('',(16.371034285638,-9.620733465246,
    5.565028222473));
#2391 = CARTESIAN_POINT('',(16.30473542958,-9.646321801884,5.53908334296
    ));
#2392 = CARTESIAN_POINT('',(16.233536142828,-9.67425708825,
    5.519496378853));
#2393 = CARTESIAN_POINT('',(16.15891061828,-9.704102819949,
    5.506468332602));
#2394 = CARTESIAN_POINT('',(16.082235327909,-9.735405080445,
    5.49999996925));
#2395 = CARTESIAN_POINT('',(16.004857279332,-9.767652915016,5.5));
#2396 = ORIENTED_EDGE('',*,*,#2299,.F.);
#2397 = TOROIDAL_SURFACE('',#2398,18.75,0.45);
#2398 = AXIS2_PLACEMENT_3D('',#2399,#2400,#2401);
#2399 = CARTESIAN_POINT('',(6.184466335694E-16,0.,5.95));
#2400 = DIRECTION('',(1.224646799147E-16,0.,-1.));
#2401 = DIRECTION('',(-1.,0.,-1.224646799147E-16));
#2402 = ADVANCED_FACE('',(#2403),#2444,.T.);
#2403 = FACE_BOUND('',#2404,.F.);
#2404 = EDGE_LOOP('',(#2405,#2414,#2415,#2437));
#2405 = ORIENTED_EDGE('',*,*,#2406,.F.);
#2406 = EDGE_CURVE('',#2215,#2407,#2409,.T.);
#2407 = VERTEX_POINT('',#2408);
#2408 = CARTESIAN_POINT('',(-18.75,0.,11.));
#2409 = CIRCLE('',#2410,0.45);
#2410 = AXIS2_PLACEMENT_3D('',#2411,#2412,#2413);
#2411 = CARTESIAN_POINT('',(-18.75,0.,10.55));
#2412 = DIRECTION('',(0.,1.,0.));
#2413 = DIRECTION('',(-1.,0.,-1.224646799147E-16));
#2414 = ORIENTED_EDGE('',*,*,#2214,.T.);
#2415 = ORIENTED_EDGE('',*,*,#2416,.F.);
#2416 = EDGE_CURVE('',#2417,#2217,#2419,.T.);
#2417 = VERTEX_POINT('',#2418);
#2418 = CARTESIAN_POINT('',(16.004857279357,-9.767652914975,11.));
#2419 = B_SPLINE_CURVE_WITH_KNOTS('',6,(#2420,#2421,#2422,#2423,#2424,
    #2425,#2426,#2427,#2428,#2429,#2430,#2431,#2432,#2433,#2434,#2435,
    #2436),.UNSPECIFIED.,.F.,.F.,(7,5,5,7),(0.,0.438372923521,
    0.722175204977,1.),.UNSPECIFIED.);
#2420 = CARTESIAN_POINT('',(16.004857279621,-9.767652914543,11.));
#2421 = CARTESIAN_POINT('',(16.082306415635,-9.735375455019,
    11.000000030964));
#2422 = CARTESIAN_POINT('',(16.159051490351,-9.704045309295,
    10.993519776133));
#2423 = CARTESIAN_POINT('',(16.233741797759,-9.674174840721,
    10.980467702649));
#2424 = CARTESIAN_POINT('',(16.304997049205,-9.646219157291,
    10.960844648277));
#2425 = CARTESIAN_POINT('',(16.371338780694,-9.620615947863,
    10.934852547075));
#2426 = CARTESIAN_POINT('',(16.47017194651,-9.582975100877,
    10.882393559465));
#2427 = CARTESIAN_POINT('',(16.506350120389,-9.569337706875,
    10.859326124702));
#2428 = CARTESIAN_POINT('',(16.539475149995,-9.556965227697,
    10.83394813325));
#2429 = CARTESIAN_POINT('',(16.569162505789,-9.545961429568,
    10.80646025909));
#2430 = CARTESIAN_POINT('',(16.595063487464,-9.536418196107,
    10.777125518666));
#2431 = CARTESIAN_POINT('',(16.638264671271,-9.520570455603,
    10.716069012851));
#2432 = CARTESIAN_POINT('',(16.655736722855,-9.514201242944,
    10.684407842346));
#2433 = CARTESIAN_POINT('',(16.669041018085,-9.509372887976,
    10.651597306122));
#2434 = CARTESIAN_POINT('',(16.677980963575,-9.50613601304,
    10.617996926917));
#2435 = CARTESIAN_POINT('',(16.682450177007,-9.504517667492,
    10.58399728135));
#2436 = CARTESIAN_POINT('',(16.682450177007,-9.504517667492,10.55));
#2437 = ORIENTED_EDGE('',*,*,#2438,.F.);
#2438 = EDGE_CURVE('',#2407,#2417,#2439,.T.);
#2439 = CIRCLE('',#2440,18.75);
#2440 = AXIS2_PLACEMENT_3D('',#2441,#2442,#2443);
#2441 = CARTESIAN_POINT('',(0.,0.,11.));
#2442 = DIRECTION('',(1.224646799147E-16,0.,-1.));
#2443 = DIRECTION('',(-1.,0.,-1.224646799147E-16));
#2444 = TOROIDAL_SURFACE('',#2445,18.75,0.45);
#2445 = AXIS2_PLACEMENT_3D('',#2446,#2447,#2448);
#2446 = CARTESIAN_POINT('',(5.510910596163E-17,0.,10.55));
#2447 = DIRECTION('',(-1.224646799147E-16,-0.,1.));
#2448 = DIRECTION('',(-1.,0.,-1.224646799147E-16));
#2449 = ADVANCED_FACE('',(#2450),#2477,.T.);
#2450 = FACE_BOUND('',#2451,.T.);
#2451 = EDGE_LOOP('',(#2452,#2453,#2462,#2470));
#2452 = ORIENTED_EDGE('',*,*,#2225,.F.);
#2453 = ORIENTED_EDGE('',*,*,#2454,.T.);
#2454 = EDGE_CURVE('',#2217,#2455,#2457,.T.);
#2455 = VERTEX_POINT('',#2456);
#2456 = CARTESIAN_POINT('',(10.631089015392,-15.98811891208,10.55));
#2457 = CIRCLE('',#2458,4.8);
#2458 = AXIS2_PLACEMENT_3D('',#2459,#2460,#2461);
#2459 = CARTESIAN_POINT('',(15.,-14.,10.55));
#2460 = DIRECTION('',(1.224646799147E-16,0.,-1.));
#2461 = DIRECTION('',(-1.,0.,-1.224646799147E-16));
#2462 = ORIENTED_EDGE('',*,*,#2463,.T.);
#2463 = EDGE_CURVE('',#2455,#2464,#2466,.T.);
#2464 = VERTEX_POINT('',#2465);
#2465 = CARTESIAN_POINT('',(10.631089015392,-15.98811891208,5.95));
#2466 = LINE('',#2467,#2468);
#2467 = CARTESIAN_POINT('',(10.631089015392,-15.98811891208,11.));
#2468 = VECTOR('',#2469,1.);
#2469 = DIRECTION('',(1.224646799147E-16,0.,-1.));
#2470 = ORIENTED_EDGE('',*,*,#2471,.F.);
#2471 = EDGE_CURVE('',#2226,#2464,#2472,.T.);
#2472 = CIRCLE('',#2473,4.8);
#2473 = AXIS2_PLACEMENT_3D('',#2474,#2475,#2476);
#2474 = CARTESIAN_POINT('',(15.,-14.,5.95));
#2475 = DIRECTION('',(1.224646799147E-16,0.,-1.));
#2476 = DIRECTION('',(-1.,0.,-1.224646799147E-16));
#2477 = CYLINDRICAL_SURFACE('',#2478,4.8);
#2478 = AXIS2_PLACEMENT_3D('',#2479,#2480,#2481);
#2479 = CARTESIAN_POINT('',(15.,-14.,11.));
#2480 = DIRECTION('',(1.224646799147E-16,0.,-1.));
#2481 = DIRECTION('',(-1.,0.,-1.224646799147E-16));
#2482 = ADVANCED_FACE('',(#2483),#2520,.T.);
#2483 = FACE_BOUND('',#2484,.T.);
#2484 = EDGE_LOOP('',(#2485,#2494,#2502,#2511,#2518,#2519));
#2485 = ORIENTED_EDGE('',*,*,#2486,.F.);
#2486 = EDGE_CURVE('',#2487,#2274,#2489,.T.);
#2487 = VERTEX_POINT('',#2488);
#2488 = CARTESIAN_POINT('',(-10.63108901539,-15.98811891208,5.95));
#2489 = CIRCLE('',#2490,4.8);
#2490 = AXIS2_PLACEMENT_3D('',#2491,#2492,#2493);
#2491 = CARTESIAN_POINT('',(-15.,-14.,5.95));
#2492 = DIRECTION('',(1.224646799147E-16,0.,-1.));
#2493 = DIRECTION('',(-1.,0.,-1.224646799147E-16));
#2494 = ORIENTED_EDGE('',*,*,#2495,.F.);
#2495 = EDGE_CURVE('',#2496,#2487,#2498,.T.);
#2496 = VERTEX_POINT('',#2497);
#2497 = CARTESIAN_POINT('',(-10.63108901539,-15.98811891208,10.55));
#2498 = LINE('',#2499,#2500);
#2499 = CARTESIAN_POINT('',(-10.63108901539,-15.98811891208,11.));
#2500 = VECTOR('',#2501,1.);
#2501 = DIRECTION('',(1.224646799147E-16,0.,-1.));
#2502 = ORIENTED_EDGE('',*,*,#2503,.T.);
#2503 = EDGE_CURVE('',#2496,#2504,#2506,.T.);
#2504 = VERTEX_POINT('',#2505);
#2505 = CARTESIAN_POINT('',(-19.8,-14.,10.55));
#2506 = CIRCLE('',#2507,4.8);
#2507 = AXIS2_PLACEMENT_3D('',#2508,#2509,#2510);
#2508 = CARTESIAN_POINT('',(-15.,-14.,10.55));
#2509 = DIRECTION('',(1.224646799147E-16,0.,-1.));
#2510 = DIRECTION('',(-1.,0.,-1.224646799147E-16));
#2511 = ORIENTED_EDGE('',*,*,#2512,.T.);
#2512 = EDGE_CURVE('',#2504,#2242,#2513,.T.);
#2513 = CIRCLE('',#2514,4.8);
#2514 = AXIS2_PLACEMENT_3D('',#2515,#2516,#2517);
#2515 = CARTESIAN_POINT('',(-15.,-14.,10.55));
#2516 = DIRECTION('',(1.224646799147E-16,0.,-1.));
#2517 = DIRECTION('',(-1.,0.,-1.224646799147E-16));
#2518 = ORIENTED_EDGE('',*,*,#2241,.T.);
#2519 = ORIENTED_EDGE('',*,*,#2282,.F.);
#2520 = CYLINDRICAL_SURFACE('',#2521,4.8);
#2521 = AXIS2_PLACEMENT_3D('',#2522,#2523,#2524);
#2522 = CARTESIAN_POINT('',(-15.,-14.,11.));
#2523 = DIRECTION('',(1.224646799147E-16,0.,-1.));
#2524 = DIRECTION('',(-1.,0.,-1.224646799147E-16));
#2525 = ADVANCED_FACE('',(#2526),#2559,.T.);
#2526 = FACE_BOUND('',#2527,.F.);
#2527 = EDGE_LOOP('',(#2528,#2529,#2530,#2539));
#2528 = ORIENTED_EDGE('',*,*,#2249,.T.);
#2529 = ORIENTED_EDGE('',*,*,#2406,.T.);
#2530 = ORIENTED_EDGE('',*,*,#2531,.F.);
#2531 = EDGE_CURVE('',#2532,#2407,#2534,.T.);
#2532 = VERTEX_POINT('',#2533);
#2533 = CARTESIAN_POINT('',(-16.00485727935,-9.767652914974,11.));
#2534 = CIRCLE('',#2535,18.75);
#2535 = AXIS2_PLACEMENT_3D('',#2536,#2537,#2538);
#2536 = CARTESIAN_POINT('',(0.,0.,11.));
#2537 = DIRECTION('',(1.224646799147E-16,0.,-1.));
#2538 = DIRECTION('',(-1.,0.,-1.224646799147E-16));
#2539 = ORIENTED_EDGE('',*,*,#2540,.F.);
#2540 = EDGE_CURVE('',#2242,#2532,#2541,.T.);
#2541 = B_SPLINE_CURVE_WITH_KNOTS('',6,(#2542,#2543,#2544,#2545,#2546,
    #2547,#2548,#2549,#2550,#2551,#2552,#2553,#2554,#2555,#2556,#2557,
    #2558),.UNSPECIFIED.,.F.,.F.,(7,5,5,7),(0.,0.27834366273,
    0.562162290997,1.),.UNSPECIFIED.);
#2542 = CARTESIAN_POINT('',(-16.682450177,-9.504517667492,10.55));
#2543 = CARTESIAN_POINT('',(-16.682450177,-9.504517667492,
    10.584060773496));
#2544 = CARTESIAN_POINT('',(-16.6779642553,-9.506142063769,
    10.618123932246));
#2545 = CARTESIAN_POINT('',(-16.66899087824,-9.509391041751,
    10.651785567964));
#2546 = CARTESIAN_POINT('',(-16.65563723822,-9.514237347112,
    10.684652936771));
#2547 = CARTESIAN_POINT('',(-16.63810137363,-9.520629985038,
    10.716364628875));
#2548 = CARTESIAN_POINT('',(-16.59478534396,-9.536520614682,
    10.777451782699));
#2549 = CARTESIAN_POINT('',(-16.56884750482,-9.546077974425,
    10.806771840071));
#2550 = CARTESIAN_POINT('',(-16.53912531818,-9.557095418187,
    10.834242741264));
#2551 = CARTESIAN_POINT('',(-16.50596779164,-9.569480971404,
    10.85960178774));
#2552 = CARTESIAN_POINT('',(-16.4697596538,-9.583130798468,
    10.882648633036));
#2553 = CARTESIAN_POINT('',(-16.37093370495,-9.62077228523,
    10.93501113094));
#2554 = CARTESIAN_POINT('',(-16.30464901937,-9.646355705414,
    10.960940424097));
#2555 = CARTESIAN_POINT('',(-16.23346822098,-9.67428425339,
    10.980515476377));
#2556 = CARTESIAN_POINT('',(-16.15886409309,-9.704121813356,
    10.993535592154));
#2557 = CARTESIAN_POINT('',(-16.0822118511,-9.735414864734,
    11.000000030662));
#2558 = CARTESIAN_POINT('',(-16.00485727937,-9.767652914943,11.));
#2559 = TOROIDAL_SURFACE('',#2560,18.75,0.45);
#2560 = AXIS2_PLACEMENT_3D('',#2561,#2562,#2563);
#2561 = CARTESIAN_POINT('',(5.510910596163E-17,0.,10.55));
#2562 = DIRECTION('',(-1.224646799147E-16,-0.,1.));
#2563 = DIRECTION('',(-1.,0.,-1.224646799147E-16));
#2564 = ADVANCED_FACE('',(#2565),#2590,.T.);
#2565 = FACE_BOUND('',#2566,.T.);
#2566 = EDGE_LOOP('',(#2567,#2568,#2569,#2570));
#2567 = ORIENTED_EDGE('',*,*,#2486,.T.);
#2568 = ORIENTED_EDGE('',*,*,#2273,.T.);
#2569 = ORIENTED_EDGE('',*,*,#2326,.F.);
#2570 = ORIENTED_EDGE('',*,*,#2571,.F.);
#2571 = EDGE_CURVE('',#2487,#2318,#2572,.T.);
#2572 = B_SPLINE_CURVE_WITH_KNOTS('',6,(#2573,#2574,#2575,#2576,#2577,
    #2578,#2579,#2580,#2581,#2582,#2583,#2584,#2585,#2586,#2587,#2588,
    #2589),.UNSPECIFIED.,.F.,.F.,(7,5,5,7),(0.,0.278370863335,
    0.562190348191,1.),.UNSPECIFIED.);
#2573 = CARTESIAN_POINT('',(-10.63108901539,-15.98811891208,5.95));
#2574 = CARTESIAN_POINT('',(-10.63108901539,-15.98811891208,
    5.915935897981));
#2575 = CARTESIAN_POINT('',(-10.63240080313,-15.98353085491,
    5.881869409561));
#2576 = CARTESIAN_POINT('',(-10.63502445797,-15.97435319703,
    5.848204562753));
#2577 = CARTESIAN_POINT('',(-10.63894016632,-15.9606947968,
    5.815334215236));
#2578 = CARTESIAN_POINT('',(-10.64411068179,-15.94275681206,
    5.783619875851));
#2579 = CARTESIAN_POINT('',(-10.65698163132,-15.89844290264,
    5.722531117935));
#2580 = CARTESIAN_POINT('',(-10.66473020312,-15.87190634994,
    5.693211830881));
#2581 = CARTESIAN_POINT('',(-10.67367469345,-15.84149397063,
    5.665741819998));
#2582 = CARTESIAN_POINT('',(-10.68374738348,-15.80756029523,
    5.640383767154));
#2583 = CARTESIAN_POINT('',(-10.69487118282,-15.7704963017,
    5.617338001645));
#2584 = CARTESIAN_POINT('',(-10.72561583002,-15.66931259166,
    5.564980560383));
#2585 = CARTESIAN_POINT('',(-10.74657172367,-15.60142613106,
    5.539054558085));
#2586 = CARTESIAN_POINT('',(-10.76952959181,-15.5284945824,
    5.519482020811));
#2587 = CARTESIAN_POINT('',(-10.79415586665,-15.4520169694,
    5.506463579173));
#2588 = CARTESIAN_POINT('',(-10.82009290005,-15.37339620931,
    5.499999969352));
#2589 = CARTESIAN_POINT('',(-10.84692419329,-15.29400979288,5.5));
#2590 = TOROIDAL_SURFACE('',#2591,4.35,0.45);
#2591 = AXIS2_PLACEMENT_3D('',#2592,#2593,#2594);
#2592 = CARTESIAN_POINT('',(-15.,-14.,5.95));
#2593 = DIRECTION('',(1.224646799147E-16,0.,-1.));
#2594 = DIRECTION('',(-1.,0.,-1.224646799147E-16));
#2595 = ADVANCED_FACE('',(#2596),#2621,.T.);
#2596 = FACE_BOUND('',#2597,.T.);
#2597 = EDGE_LOOP('',(#2598,#2618,#2619,#2620));
#2598 = ORIENTED_EDGE('',*,*,#2599,.F.);
#2599 = EDGE_CURVE('',#2309,#2464,#2600,.T.);
#2600 = B_SPLINE_CURVE_WITH_KNOTS('',6,(#2601,#2602,#2603,#2604,#2605,
    #2606,#2607,#2608,#2609,#2610,#2611,#2612,#2613,#2614,#2615,#2616,
    #2617),.UNSPECIFIED.,.F.,.F.,(7,5,5,7),(0.,0.437014864864,
    0.720682026342,1.),.UNSPECIFIED.);
#2601 = CARTESIAN_POINT('',(10.846924193313,-15.29400979287,5.5));
#2602 = CARTESIAN_POINT('',(10.820141579498,-15.37325217999,
    5.499999969141));
#2603 = CARTESIAN_POINT('',(10.794250026091,-15.45173156151,
    5.506440147588));
#2604 = CARTESIAN_POINT('',(10.769663697802,-15.52807812868,
    5.519411189074));
#2605 = CARTESIAN_POINT('',(10.746738413012,-15.60089663298,5.5389125987
    ));
#2606 = CARTESIAN_POINT('',(10.725806045494,-15.66869643846,
    5.56474552645));
#2607 = CARTESIAN_POINT('',(10.695067358526,-15.7698443527,
    5.616947009822));
#2608 = CARTESIAN_POINT('',(10.683934552079,-15.80693254006,
    5.639946324358));
#2609 = CARTESIAN_POINT('',(10.673850805367,-15.84089836501,
    5.665257563931));
#2610 = CARTESIAN_POINT('',(10.664893149197,-15.8713512808,
    5.692681301098));
#2611 = CARTESIAN_POINT('',(10.657129290084,-15.89793691428,
    5.721955898005));
#2612 = CARTESIAN_POINT('',(10.644198776451,-15.94245119917,
    5.783080548661));
#2613 = CARTESIAN_POINT('',(10.638993541701,-15.9605086156,
    5.814886971303));
#2614 = CARTESIAN_POINT('',(10.635051281976,-15.97425936363,
    5.847860979933));
#2615 = CARTESIAN_POINT('',(10.632409744132,-15.98349958638,
    5.881637606089));
#2616 = CARTESIAN_POINT('',(10.631089015392,-15.98811891208,
    5.915820015747));
#2617 = CARTESIAN_POINT('',(10.631089015392,-15.98811891208,5.95));
#2618 = ORIENTED_EDGE('',*,*,#2308,.F.);
#2619 = ORIENTED_EDGE('',*,*,#2377,.F.);
#2620 = ORIENTED_EDGE('',*,*,#2471,.T.);
#2621 = TOROIDAL_SURFACE('',#2622,4.35,0.45);
#2622 = AXIS2_PLACEMENT_3D('',#2623,#2624,#2625);
#2623 = CARTESIAN_POINT('',(15.,-14.,5.95));
#2624 = DIRECTION('',(1.224646799147E-16,0.,-1.));
#2625 = DIRECTION('',(-1.,0.,-1.224646799147E-16));
#2626 = ADVANCED_FACE('',(#2627),#2639,.T.);
#2627 = FACE_BOUND('',#2628,.T.);
#2628 = EDGE_LOOP('',(#2629,#2630,#2637,#2638));
#2629 = ORIENTED_EDGE('',*,*,#2599,.T.);
#2630 = ORIENTED_EDGE('',*,*,#2631,.T.);
#2631 = EDGE_CURVE('',#2464,#2487,#2632,.T.);
#2632 = CIRCLE('',#2633,19.2);
#2633 = AXIS2_PLACEMENT_3D('',#2634,#2635,#2636);
#2634 = CARTESIAN_POINT('',(6.184466335694E-16,0.,5.95));
#2635 = DIRECTION('',(1.224646799147E-16,0.,-1.));
#2636 = DIRECTION('',(-1.,0.,-1.224646799147E-16));
#2637 = ORIENTED_EDGE('',*,*,#2571,.T.);
#2638 = ORIENTED_EDGE('',*,*,#2317,.F.);
#2639 = TOROIDAL_SURFACE('',#2640,18.75,0.45);
#2640 = AXIS2_PLACEMENT_3D('',#2641,#2642,#2643);
#2641 = CARTESIAN_POINT('',(6.184466335694E-16,0.,5.95));
#2642 = DIRECTION('',(1.224646799147E-16,0.,-1.));
#2643 = DIRECTION('',(-1.,0.,-1.224646799147E-16));
#2644 = ADVANCED_FACE('',(#2645),#2664,.F.);
#2645 = FACE_BOUND('',#2646,.F.);
#2646 = EDGE_LOOP('',(#2647,#2655,#2656,#2657));
#2647 = ORIENTED_EDGE('',*,*,#2648,.T.);
#2648 = EDGE_CURVE('',#2649,#2337,#2651,.T.);
#2649 = VERTEX_POINT('',#2650);
#2650 = CARTESIAN_POINT('',(13.3,-14.,8.6));
#2651 = LINE('',#2652,#2653);
#2652 = CARTESIAN_POINT('',(13.3,-14.,11.1));
#2653 = VECTOR('',#2654,1.);
#2654 = DIRECTION('',(1.224646799147E-16,0.,-1.));
#2655 = ORIENTED_EDGE('',*,*,#2336,.F.);
#2656 = ORIENTED_EDGE('',*,*,#2648,.F.);
#2657 = ORIENTED_EDGE('',*,*,#2658,.T.);
#2658 = EDGE_CURVE('',#2649,#2649,#2659,.T.);
#2659 = CIRCLE('',#2660,1.7);
#2660 = AXIS2_PLACEMENT_3D('',#2661,#2662,#2663);
#2661 = CARTESIAN_POINT('',(15.,-14.,8.6));
#2662 = DIRECTION('',(1.224646799147E-16,0.,-1.));
#2663 = DIRECTION('',(-1.,0.,-1.224646799147E-16));
#2664 = CYLINDRICAL_SURFACE('',#2665,1.7);
#2665 = AXIS2_PLACEMENT_3D('',#2666,#2667,#2668);
#2666 = CARTESIAN_POINT('',(15.,-14.,11.1));
#2667 = DIRECTION('',(1.224646799147E-16,0.,-1.));
#2668 = DIRECTION('',(-1.,0.,-1.224646799147E-16));
#2669 = ADVANCED_FACE('',(#2670),#2689,.F.);
#2670 = FACE_BOUND('',#2671,.F.);
#2671 = EDGE_LOOP('',(#2672,#2680,#2681,#2682));
#2672 = ORIENTED_EDGE('',*,*,#2673,.T.);
#2673 = EDGE_CURVE('',#2674,#2348,#2676,.T.);
#2674 = VERTEX_POINT('',#2675);
#2675 = CARTESIAN_POINT('',(-16.7,-14.,8.6));
#2676 = LINE('',#2677,#2678);
#2677 = CARTESIAN_POINT('',(-16.7,-14.,11.1));
#2678 = VECTOR('',#2679,1.);
#2679 = DIRECTION('',(1.224646799147E-16,0.,-1.));
#2680 = ORIENTED_EDGE('',*,*,#2347,.F.);
#2681 = ORIENTED_EDGE('',*,*,#2673,.F.);
#2682 = ORIENTED_EDGE('',*,*,#2683,.T.);
#2683 = EDGE_CURVE('',#2674,#2674,#2684,.T.);
#2684 = CIRCLE('',#2685,1.7);
#2685 = AXIS2_PLACEMENT_3D('',#2686,#2687,#2688);
#2686 = CARTESIAN_POINT('',(-15.,-14.,8.6));
#2687 = DIRECTION('',(1.224646799147E-16,0.,-1.));
#2688 = DIRECTION('',(-1.,0.,-1.224646799147E-16));
#2689 = CYLINDRICAL_SURFACE('',#2690,1.7);
#2690 = AXIS2_PLACEMENT_3D('',#2691,#2692,#2693);
#2691 = CARTESIAN_POINT('',(-15.,-14.,11.1));
#2692 = DIRECTION('',(1.224646799147E-16,0.,-1.));
#2693 = DIRECTION('',(-1.,0.,-1.224646799147E-16));
#2694 = ADVANCED_FACE('',(#2695),#2714,.F.);
#2695 = FACE_BOUND('',#2696,.F.);
#2696 = EDGE_LOOP('',(#2697,#2698,#2706,#2713));
#2697 = ORIENTED_EDGE('',*,*,#2358,.F.);
#2698 = ORIENTED_EDGE('',*,*,#2699,.F.);
#2699 = EDGE_CURVE('',#2700,#2359,#2702,.T.);
#2700 = VERTEX_POINT('',#2701);
#2701 = CARTESIAN_POINT('',(-17.65,-4.32300320099E-15,6.45));
#2702 = LINE('',#2703,#2704);
#2703 = CARTESIAN_POINT('',(-17.65,-4.32300320099E-15,6.45));
#2704 = VECTOR('',#2705,1.);
#2705 = DIRECTION('',(1.224646799147E-16,0.,-1.));
#2706 = ORIENTED_EDGE('',*,*,#2707,.T.);
#2707 = EDGE_CURVE('',#2700,#2700,#2708,.T.);
#2708 = CIRCLE('',#2709,17.65);
#2709 = AXIS2_PLACEMENT_3D('',#2710,#2711,#2712);
#2710 = CARTESIAN_POINT('',(5.57214293612E-16,0.,6.45));
#2711 = DIRECTION('',(1.224646799147E-16,0.,-1.));
#2712 = DIRECTION('',(-1.,0.,-1.224646799147E-16));
#2713 = ORIENTED_EDGE('',*,*,#2699,.T.);
#2714 = CYLINDRICAL_SURFACE('',#2715,17.65);
#2715 = AXIS2_PLACEMENT_3D('',#2716,#2717,#2718);
#2716 = CARTESIAN_POINT('',(5.57214293612E-16,0.,6.45));
#2717 = DIRECTION('',(1.224646799147E-16,0.,-1.));
#2718 = DIRECTION('',(-1.,0.,-1.224646799147E-16));
#2719 = ADVANCED_FACE('',(#2720,#2758,#2769,#2780,#3216,#3986),#4756,.T.
  );
#2720 = FACE_BOUND('',#2721,.T.);
#2721 = EDGE_LOOP('',(#2722,#2723,#2732,#2741,#2750,#2757));
#2722 = ORIENTED_EDGE('',*,*,#2531,.F.);
#2723 = ORIENTED_EDGE('',*,*,#2724,.F.);
#2724 = EDGE_CURVE('',#2725,#2532,#2727,.T.);
#2725 = VERTEX_POINT('',#2726);
#2726 = CARTESIAN_POINT('',(-19.35,-14.,11.));
#2727 = CIRCLE('',#2728,4.35);
#2728 = AXIS2_PLACEMENT_3D('',#2729,#2730,#2731);
#2729 = CARTESIAN_POINT('',(-15.,-14.,11.));
#2730 = DIRECTION('',(1.224646799147E-16,0.,-1.));
#2731 = DIRECTION('',(-1.,0.,-1.224646799147E-16));
#2732 = ORIENTED_EDGE('',*,*,#2733,.F.);
#2733 = EDGE_CURVE('',#2734,#2725,#2736,.T.);
#2734 = VERTEX_POINT('',#2735);
#2735 = CARTESIAN_POINT('',(-10.84692419332,-15.29400979286,11.));
#2736 = CIRCLE('',#2737,4.35);
#2737 = AXIS2_PLACEMENT_3D('',#2738,#2739,#2740);
#2738 = CARTESIAN_POINT('',(-15.,-14.,11.));
#2739 = DIRECTION('',(1.224646799147E-16,0.,-1.));
#2740 = DIRECTION('',(-1.,0.,-1.224646799147E-16));
#2741 = ORIENTED_EDGE('',*,*,#2742,.F.);
#2742 = EDGE_CURVE('',#2743,#2734,#2745,.T.);
#2743 = VERTEX_POINT('',#2744);
#2744 = CARTESIAN_POINT('',(10.846924193327,-15.29400979286,11.));
#2745 = CIRCLE('',#2746,18.75);
#2746 = AXIS2_PLACEMENT_3D('',#2747,#2748,#2749);
#2747 = CARTESIAN_POINT('',(0.,0.,11.));
#2748 = DIRECTION('',(1.224646799147E-16,0.,-1.));
#2749 = DIRECTION('',(-1.,0.,-1.224646799147E-16));
#2750 = ORIENTED_EDGE('',*,*,#2751,.F.);
#2751 = EDGE_CURVE('',#2417,#2743,#2752,.T.);
#2752 = CIRCLE('',#2753,4.35);
#2753 = AXIS2_PLACEMENT_3D('',#2754,#2755,#2756);
#2754 = CARTESIAN_POINT('',(15.,-14.,11.));
#2755 = DIRECTION('',(1.224646799147E-16,0.,-1.));
#2756 = DIRECTION('',(-1.,0.,-1.224646799147E-16));
#2757 = ORIENTED_EDGE('',*,*,#2438,.F.);
#2758 = FACE_BOUND('',#2759,.T.);
#2759 = EDGE_LOOP('',(#2760));
#2760 = ORIENTED_EDGE('',*,*,#2761,.T.);
#2761 = EDGE_CURVE('',#2762,#2762,#2764,.T.);
#2762 = VERTEX_POINT('',#2763);
#2763 = CARTESIAN_POINT('',(-18.15,-14.,11.));
#2764 = CIRCLE('',#2765,3.15);
#2765 = AXIS2_PLACEMENT_3D('',#2766,#2767,#2768);
#2766 = CARTESIAN_POINT('',(-15.,-14.,11.));
#2767 = DIRECTION('',(1.224646799147E-16,0.,-1.));
#2768 = DIRECTION('',(-1.,0.,-1.224646799147E-16));
#2769 = FACE_BOUND('',#2770,.T.);
#2770 = EDGE_LOOP('',(#2771));
#2771 = ORIENTED_EDGE('',*,*,#2772,.T.);
#2772 = EDGE_CURVE('',#2773,#2773,#2775,.T.);
#2773 = VERTEX_POINT('',#2774);
#2774 = CARTESIAN_POINT('',(11.85,-14.,11.));
#2775 = CIRCLE('',#2776,3.15);
#2776 = AXIS2_PLACEMENT_3D('',#2777,#2778,#2779);
#2777 = CARTESIAN_POINT('',(15.,-14.,11.));
#2778 = DIRECTION('',(1.224646799147E-16,0.,-1.));
#2779 = DIRECTION('',(-1.,0.,-1.224646799147E-16));
#2780 = FACE_BOUND('',#2781,.T.);
#2781 = EDGE_LOOP('',(#2782,#2792,#2800,#2809,#2817,#2825,#2833,#2841,
    #2849,#2857,#2865,#2873,#2881,#2889,#2897,#2905,#2913,#2921,#2929,
    #2937,#2945,#2953,#2961,#2969,#2977,#2985,#2993,#3001,#3009,#3017,
    #3026,#3034,#3042,#3050,#3058,#3066,#3074,#3082,#3090,#3098,#3106,
    #3114,#3122,#3130,#3138,#3146,#3154,#3162,#3170,#3178,#3186,#3194,
    #3202,#3210));
#2782 = ORIENTED_EDGE('',*,*,#2783,.T.);
#2783 = EDGE_CURVE('',#2784,#2786,#2788,.T.);
#2784 = VERTEX_POINT('',#2785);
#2785 = CARTESIAN_POINT('',(5.24257308345,-3.670889192647,11.));
#2786 = VERTEX_POINT('',#2787);
#2787 = CARTESIAN_POINT('',(5.54256258422,-3.2,11.));
#2788 = LINE('',#2789,#2790);
#2789 = CARTESIAN_POINT('',(4.518486040548,-4.807478180467,11.));
#2790 = VECTOR('',#2791,1.);
#2791 = DIRECTION('',(0.537299608347,0.843391445813,6.580022455451E-17)
  );
#2792 = ORIENTED_EDGE('',*,*,#2793,.T.);
#2793 = EDGE_CURVE('',#2786,#2794,#2796,.T.);
#2794 = VERTEX_POINT('',#2795);
#2795 = CARTESIAN_POINT('',(5.800369837035,-2.70475687514,11.));
#2796 = LINE('',#2797,#2798);
#2797 = CARTESIAN_POINT('',(4.893997786258,-4.445881385069,11.));
#2798 = VECTOR('',#2799,1.);
#2799 = DIRECTION('',(0.461748613235,0.887010833178,5.65478961209E-17));
#2800 = ORIENTED_EDGE('',*,*,#2801,.T.);
#2801 = EDGE_CURVE('',#2794,#2802,#2804,.T.);
#2802 = VERTEX_POINT('',#2803);
#2803 = CARTESIAN_POINT('',(8.81333626143,-4.2732079201,11.));
#2804 = CIRCLE('',#2805,1.7);
#2805 = AXIS2_PLACEMENT_3D('',#2806,#2807,#2808);
#2806 = CARTESIAN_POINT('',(7.341093074997,-3.4232079201,11.));
#2807 = DIRECTION('',(1.224646799147E-16,0.,-1.));
#2808 = DIRECTION('',(-1.,0.,-1.224646799147E-16));
#2809 = ORIENTED_EDGE('',*,*,#2810,.T.);
#2810 = EDGE_CURVE('',#2802,#2811,#2813,.T.);
#2811 = VERTEX_POINT('',#2812);
#2812 = CARTESIAN_POINT('',(8.487048957087,-4.9,11.));
#2813 = LINE('',#2814,#2815);
#2814 = CARTESIAN_POINT('',(8.070107862825,-5.700936390078,11.));
#2815 = VECTOR('',#2816,1.);
#2816 = DIRECTION('',(-0.461748613235,-0.887010833178,-5.65478961209E-17
    ));
#2817 = ORIENTED_EDGE('',*,*,#2818,.T.);
#2818 = EDGE_CURVE('',#2811,#2819,#2821,.T.);
#2819 = VERTEX_POINT('',#2820);
#2820 = CARTESIAN_POINT('',(8.027690034032,-5.62104907624,11.));
#2821 = LINE('',#2822,#2823);
#2822 = CARTESIAN_POINT('',(7.573124808229,-6.334573555042,11.));
#2823 = VECTOR('',#2824,1.);
#2824 = DIRECTION('',(-0.537299608347,-0.843391445813,
    -6.580022455451E-17));
#2825 = ORIENTED_EDGE('',*,*,#2826,.T.);
#2826 = EDGE_CURVE('',#2819,#2827,#2829,.T.);
#2827 = VERTEX_POINT('',#2828);
#2828 = CARTESIAN_POINT('',(7.507235542566,-6.299318574928,11.));
#2829 = LINE('',#2830,#2831);
#2830 = CARTESIAN_POINT('',(7.033767429125,-6.916354233595,11.));
#2831 = VECTOR('',#2832,1.);
#2832 = DIRECTION('',(-0.608761429009,-0.793353340291,
    -7.455177354799E-17));
#2833 = ORIENTED_EDGE('',*,*,#2834,.T.);
#2834 = EDGE_CURVE('',#2827,#2835,#2837,.T.);
#2835 = VERTEX_POINT('',#2836);
#2836 = CARTESIAN_POINT('',(6.929646455628,-6.929646455628,11.));
#2837 = LINE('',#2838,#2839);
#2838 = CARTESIAN_POINT('',(6.457614590951,-7.444778842326,11.));
#2839 = VECTOR('',#2840,1.);
#2840 = DIRECTION('',(-0.675590207616,-0.73727733681,-8.273593852918E-17
    ));
#2841 = ORIENTED_EDGE('',*,*,#2842,.T.);
#2842 = EDGE_CURVE('',#2835,#2843,#2845,.T.);
#2843 = VERTEX_POINT('',#2844);
#2844 = CARTESIAN_POINT('',(6.299318574928,-7.507235542566,11.));
#2845 = LINE('',#2846,#2847);
#2846 = CARTESIAN_POINT('',(5.849994338475,-7.918965347669,11.));
#2847 = VECTOR('',#2848,1.);
#2848 = DIRECTION('',(-0.73727733681,-0.675590207616,-9.029043306084E-17
    ));
#2849 = ORIENTED_EDGE('',*,*,#2850,.T.);
#2850 = EDGE_CURVE('',#2843,#2851,#2853,.T.);
#2851 = VERTEX_POINT('',#2852);
#2852 = CARTESIAN_POINT('',(5.62104907624,-8.027690034032,11.));
#2853 = LINE('',#2854,#2855);
#2854 = CARTESIAN_POINT('',(5.215914688302,-8.338560583656,11.));
#2855 = VECTOR('',#2856,1.);
#2856 = DIRECTION('',(-0.793353340291,-0.608761429009,
    -9.715776287805E-17));
#2857 = ORIENTED_EDGE('',*,*,#2858,.T.);
#2858 = EDGE_CURVE('',#2851,#2859,#2861,.T.);
#2859 = VERTEX_POINT('',#2860);
#2860 = CARTESIAN_POINT('',(4.9,-8.487048957087,11.));
#2861 = LINE('',#2862,#2863);
#2862 = CARTESIAN_POINT('',(4.560013857536,-8.703644017538,11.));
#2863 = VECTOR('',#2864,1.);
#2864 = DIRECTION('',(-0.843391445813,-0.537299608347,
    -1.032856634543E-16));
#2865 = ORIENTED_EDGE('',*,*,#2866,.T.);
#2866 = EDGE_CURVE('',#2859,#2867,#2869,.T.);
#2867 = VERTEX_POINT('',#2868);
#2868 = CARTESIAN_POINT('',(4.141658965059,-8.881816312959,11.));
#2869 = LINE('',#2870,#2871);
#2870 = CARTESIAN_POINT('',(3.886530661609,-9.014627701399,11.));
#2871 = VECTOR('',#2872,1.);
#2872 = DIRECTION('',(-0.887010833178,-0.461748613235,
    -1.086274977661E-16));
#2873 = ORIENTED_EDGE('',*,*,#2874,.T.);
#2874 = EDGE_CURVE('',#2867,#2875,#2877,.T.);
#2875 = VERTEX_POINT('',#2876);
#2876 = CARTESIAN_POINT('',(3.351797404592,-9.208987683702,11.));
#2877 = LINE('',#2878,#2879);
#2878 = CARTESIAN_POINT('',(3.199295133424,-9.272156192712,11.));
#2879 = VECTOR('',#2880,1.);
#2880 = DIRECTION('',(-0.923879532511,-0.382683432365,
    -1.131426112288E-16));
#2881 = ORIENTED_EDGE('',*,*,#2882,.T.);
#2882 = EDGE_CURVE('',#2875,#2883,#2885,.T.);
#2883 = VERTEX_POINT('',#2884);
#2884 = CARTESIAN_POINT('',(2.536426642005,-9.466073097633,11.));
#2885 = LINE('',#2886,#2887);
#2886 = CARTESIAN_POINT('',(2.501738740068,-9.477010151102,11.));
#2887 = VECTOR('',#2888,1.);
#2888 = DIRECTION('',(-0.953716950748,-0.300705799504,
    -1.167966411026E-16));
#2889 = ORIENTED_EDGE('',*,*,#2890,.T.);
#2890 = EDGE_CURVE('',#2883,#2891,#2893,.T.);
#2891 = VERTEX_POINT('',#2892);
#2892 = CARTESIAN_POINT('',(1.701752141136,-9.65111597952,11.));
#2893 = LINE('',#2894,#2895);
#2894 = CARTESIAN_POINT('',(1.796922923212,-9.630017125094,11.));
#2895 = VECTOR('',#2896,1.);
#2896 = DIRECTION('',(-0.97629600712,-0.216439613938,-1.19561778014E-16)
  );
#2897 = ORIENTED_EDGE('',*,*,#2898,.T.);
#2898 = EDGE_CURVE('',#2891,#2899,#2901,.T.);
#2899 = VERTEX_POINT('',#2900);
#2900 = CARTESIAN_POINT('',(0.854126278927,-9.762708041299,11.));
#2901 = LINE('',#2902,#2903);
#2902 = CARTESIAN_POINT('',(1.087584085307,-9.731972738008,11.));
#2903 = VECTOR('',#2904,1.);
#2904 = DIRECTION('',(-0.991444861374,-0.13052619222,-1.214169776013E-16
    ));
#2905 = ORIENTED_EDGE('',*,*,#2906,.T.);
#2906 = EDGE_CURVE('',#2899,#2907,#2909,.T.);
#2907 = VERTEX_POINT('',#2908);
#2908 = CARTESIAN_POINT('',(1.800230794747E-15,-9.8,11.));
#2909 = LINE('',#2910,#2911);
#2910 = CARTESIAN_POINT('',(0.376192604379,-9.783575076178,11.));
#2911 = VECTOR('',#2912,1.);
#2912 = DIRECTION('',(-0.999048221582,-4.361938736534E-02,
    -1.223481206754E-16));
#2913 = ORIENTED_EDGE('',*,*,#2914,.T.);
#2914 = EDGE_CURVE('',#2907,#2915,#2917,.T.);
#2915 = VERTEX_POINT('',#2916);
#2916 = CARTESIAN_POINT('',(-0.854126278927,-9.762708041299,11.));
#2917 = LINE('',#2918,#2919);
#2918 = CARTESIAN_POINT('',(-0.334976997632,-9.785374588431,11.));
#2919 = VECTOR('',#2920,1.);
#2920 = DIRECTION('',(-0.999048221582,4.361938736534E-02,
    -1.223481206754E-16));
#2921 = ORIENTED_EDGE('',*,*,#2922,.T.);
#2922 = EDGE_CURVE('',#2915,#2923,#2925,.T.);
#2923 = VERTEX_POINT('',#2924);
#2924 = CARTESIAN_POINT('',(-1.701752141136,-9.65111597952,11.));
#2925 = LINE('',#2926,#2927);
#2926 = CARTESIAN_POINT('',(-1.043767970296,-9.737741238984,11.));
#2927 = VECTOR('',#2928,1.);
#2928 = DIRECTION('',(-0.991444861374,0.13052619222,-1.214169776013E-16)
  );
#2929 = ORIENTED_EDGE('',*,*,#2930,.T.);
#2930 = EDGE_CURVE('',#2923,#2931,#2933,.T.);
#2931 = VERTEX_POINT('',#2932);
#2932 = CARTESIAN_POINT('',(-2.536426642005,-9.466073097633,11.));
#2933 = LINE('',#2934,#2935);
#2934 = CARTESIAN_POINT('',(-1.748058826689,-9.640850034488,11.));
#2935 = VECTOR('',#2936,1.);
#2936 = DIRECTION('',(-0.97629600712,0.216439613938,-1.19561778014E-16)
  );
#2937 = ORIENTED_EDGE('',*,*,#2938,.T.);
#2938 = EDGE_CURVE('',#2931,#2939,#2941,.T.);
#2939 = VERTEX_POINT('',#2940);
#2940 = CARTESIAN_POINT('',(-3.351797404592,-9.208987683702,11.));
#2941 = LINE('',#2942,#2943);
#2942 = CARTESIAN_POINT('',(-2.445680045588,-9.494685389578,11.));
#2943 = VECTOR('',#2944,1.);
#2944 = DIRECTION('',(-0.953716950748,0.300705799504,-1.167966411026E-16
    ));
#2945 = ORIENTED_EDGE('',*,*,#2946,.T.);
#2946 = EDGE_CURVE('',#2939,#2947,#2949,.T.);
#2947 = VERTEX_POINT('',#2948);
#2948 = CARTESIAN_POINT('',(-4.141658965059,-8.881816312959,11.));
#2949 = LINE('',#2950,#2951);
#2950 = CARTESIAN_POINT('',(-3.13433363937,-9.299064124582,11.));
#2951 = VECTOR('',#2952,1.);
#2952 = DIRECTION('',(-0.923879532511,0.382683432365,-1.131426112288E-16
    ));
#2953 = ORIENTED_EDGE('',*,*,#2954,.T.);
#2954 = EDGE_CURVE('',#2947,#2955,#2957,.T.);
#2955 = VERTEX_POINT('',#2956);
#2956 = CARTESIAN_POINT('',(-4.9,-8.487048957087,11.));
#2957 = LINE('',#2958,#2959);
#2958 = CARTESIAN_POINT('',(-3.811519145306,-9.053676225198,11.));
#2959 = VECTOR('',#2960,1.);
#2960 = DIRECTION('',(-0.887010833178,0.461748613235,-1.086274977661E-16
    ));
#2961 = ORIENTED_EDGE('',*,*,#2962,.T.);
#2962 = EDGE_CURVE('',#2955,#2963,#2965,.T.);
#2963 = VERTEX_POINT('',#2964);
#2964 = CARTESIAN_POINT('',(-5.62104907624,-8.027690034032,11.));
#2965 = LINE('',#2966,#2967);
#2966 = CARTESIAN_POINT('',(-4.474469383643,-8.758141857832,11.));
#2967 = VECTOR('',#2968,1.);
#2968 = DIRECTION('',(-0.843391445813,0.537299608347,-1.032856634543E-16
    ));
#2969 = ORIENTED_EDGE('',*,*,#2970,.T.);
#2970 = EDGE_CURVE('',#2963,#2971,#2973,.T.);
#2971 = VERTEX_POINT('',#2972);
#2972 = CARTESIAN_POINT('',(-6.299318574928,-7.507235542566,11.));
#2973 = LINE('',#2974,#2975);
#2974 = CARTESIAN_POINT('',(-5.120099001549,-8.412082545973,11.));
#2975 = VECTOR('',#2976,1.);
#2976 = DIRECTION('',(-0.793353340291,0.608761429009,-9.715776287805E-17
    ));
#2977 = ORIENTED_EDGE('',*,*,#2978,.T.);
#2978 = EDGE_CURVE('',#2971,#2979,#2981,.T.);
#2979 = VERTEX_POINT('',#2980);
#2980 = CARTESIAN_POINT('',(-6.929646455628,-6.929646455628,11.));
#2981 = LINE('',#2982,#2983);
#2982 = CARTESIAN_POINT('',(-5.7449683979,-8.015203891099,11.));
#2983 = VECTOR('',#2984,1.);
#2984 = DIRECTION('',(-0.73727733681,0.675590207616,-9.029043306084E-17)
  );
#2985 = ORIENTED_EDGE('',*,*,#2986,.T.);
#2986 = EDGE_CURVE('',#2979,#2987,#2989,.T.);
#2987 = VERTEX_POINT('',#2988);
#2988 = CARTESIAN_POINT('',(-7.507235542566,-6.299318574928,11.));
#2989 = LINE('',#2990,#2991);
#2990 = CARTESIAN_POINT('',(-6.345265113062,-7.567386782637,11.));
#2991 = VECTOR('',#2992,1.);
#2992 = DIRECTION('',(-0.675590207616,0.73727733681,-8.273593852918E-17)
  );
#2993 = ORIENTED_EDGE('',*,*,#2994,.T.);
#2994 = EDGE_CURVE('',#2987,#2995,#2997,.T.);
#2995 = VERTEX_POINT('',#2996);
#2996 = CARTESIAN_POINT('',(-8.027690034032,-5.62104907624,11.));
#2997 = LINE('',#2998,#2999);
#2998 = CARTESIAN_POINT('',(-6.916804186156,-7.068783699523,11.));
#2999 = VECTOR('',#3000,1.);
#3000 = DIRECTION('',(-0.608761429009,0.793353340291,-7.455177354799E-17
    ));
#3001 = ORIENTED_EDGE('',*,*,#3002,.T.);
#3002 = EDGE_CURVE('',#2995,#3003,#3005,.T.);
#3003 = VERTEX_POINT('',#3004);
#3004 = CARTESIAN_POINT('',(-8.487048957087,-4.9,11.));
#3005 = LINE('',#3006,#3007);
#3006 = CARTESIAN_POINT('',(-7.45504834783,-6.519916471929,11.));
#3007 = VECTOR('',#3008,1.);
#3008 = DIRECTION('',(-0.537299608347,0.843391445813,-6.580022455451E-17
    ));
#3009 = ORIENTED_EDGE('',*,*,#3010,.T.);
#3010 = EDGE_CURVE('',#3003,#3011,#3013,.T.);
#3011 = VERTEX_POINT('',#3012);
#3012 = CARTESIAN_POINT('',(-8.81333626143,-4.2732079201,11.));
#3013 = LINE('',#3014,#3015);
#3014 = CARTESIAN_POINT('',(-7.955148249077,-5.921771753412,11.));
#3015 = VECTOR('',#3016,1.);
#3016 = DIRECTION('',(-0.461748613235,0.887010833178,-5.65478961209E-17)
  );
#3017 = ORIENTED_EDGE('',*,*,#3018,.T.);
#3018 = EDGE_CURVE('',#3011,#3019,#3021,.T.);
#3019 = VERTEX_POINT('',#3020);
#3020 = CARTESIAN_POINT('',(-5.800369837035,-2.70475687514,11.));
#3021 = CIRCLE('',#3022,1.7);
#3022 = AXIS2_PLACEMENT_3D('',#3023,#3024,#3025);
#3023 = CARTESIAN_POINT('',(-7.341093074997,-3.4232079201,11.));
#3024 = DIRECTION('',(1.224646799147E-16,0.,-1.));
#3025 = DIRECTION('',(-1.,0.,-1.224646799147E-16));
#3026 = ORIENTED_EDGE('',*,*,#3027,.T.);
#3027 = EDGE_CURVE('',#3019,#3028,#3030,.T.);
#3028 = VERTEX_POINT('',#3029);
#3029 = CARTESIAN_POINT('',(-5.54256258422,-3.2,11.));
#3030 = LINE('',#3031,#3032);
#3031 = CARTESIAN_POINT('',(-5.105325476852,-4.039924668502,11.));
#3032 = VECTOR('',#3033,1.);
#3033 = DIRECTION('',(0.461748613235,-0.887010833178,5.65478961209E-17)
  );
#3034 = ORIENTED_EDGE('',*,*,#3035,.T.);
#3035 = EDGE_CURVE('',#3028,#3036,#3038,.T.);
#3036 = VERTEX_POINT('',#3037);
#3037 = CARTESIAN_POINT('',(-5.24257308345,-3.670889192647,11.));
#3038 = LINE('',#3039,#3040);
#3039 = CARTESIAN_POINT('',(-4.780083792061,-4.39685196291,11.));
#3040 = VECTOR('',#3041,1.);
#3041 = DIRECTION('',(0.537299608347,-0.843391445813,6.580022455451E-17)
  );
#3042 = ORIENTED_EDGE('',*,*,#3043,.T.);
#3043 = EDGE_CURVE('',#3036,#3044,#3046,.T.);
#3044 = VERTEX_POINT('',#3045);
#3045 = CARTESIAN_POINT('',(-4.902684435961,-4.113840701994,11.));
#3046 = LINE('',#3047,#3048);
#3047 = CARTESIAN_POINT('',(-4.437055942301,-4.72065956925,11.));
#3048 = VECTOR('',#3049,1.);
#3049 = DIRECTION('',(0.608761429009,-0.793353340291,7.455177354799E-17)
  );
#3050 = ORIENTED_EDGE('',*,*,#3051,.T.);
#3051 = EDGE_CURVE('',#3044,#3052,#3054,.T.);
#3052 = VERTEX_POINT('',#3053);
#3053 = CARTESIAN_POINT('',(-4.525483399594,-4.525483399594,11.));
#3054 = LINE('',#3055,#3056);
#3055 = CARTESIAN_POINT('',(-4.079605562569,-5.012073673577,11.));
#3056 = VECTOR('',#3057,1.);
#3057 = DIRECTION('',(0.675590207616,-0.73727733681,8.273593852918E-17)
  );
#3058 = ORIENTED_EDGE('',*,*,#3059,.T.);
#3059 = EDGE_CURVE('',#3052,#3060,#3062,.T.);
#3060 = VERTEX_POINT('',#3061);
#3061 = CARTESIAN_POINT('',(-4.113840701994,-4.902684435961,11.));
#3062 = LINE('',#3063,#3064);
#3063 = CARTESIAN_POINT('',(-3.710640577991,-5.272149278953,11.));
#3064 = VECTOR('',#3065,1.);
#3065 = DIRECTION('',(0.73727733681,-0.675590207616,9.029043306084E-17)
  );
#3066 = ORIENTED_EDGE('',*,*,#3067,.T.);
#3067 = EDGE_CURVE('',#3060,#3068,#3070,.T.);
#3068 = VERTEX_POINT('',#3069);
#3069 = CARTESIAN_POINT('',(-3.670889192647,-5.24257308345,11.));
#3070 = LINE('',#3071,#3072);
#3071 = CARTESIAN_POINT('',(-3.332585375294,-5.50216273264,11.));
#3072 = VECTOR('',#3073,1.);
#3073 = DIRECTION('',(0.793353340291,-0.608761429009,9.715776287805E-17)
  );
#3074 = ORIENTED_EDGE('',*,*,#3075,.T.);
#3075 = EDGE_CURVE('',#3068,#3076,#3078,.T.);
#3076 = VERTEX_POINT('',#3077);
#3077 = CARTESIAN_POINT('',(-3.2,-5.54256258422,11.));
#3078 = LINE('',#3079,#3080);
#3079 = CARTESIAN_POINT('',(-2.947374009068,-5.70350309015,11.));
#3080 = VECTOR('',#3081,1.);
#3081 = DIRECTION('',(0.843391445813,-0.537299608347,1.032856634543E-16)
  );
#3082 = ORIENTED_EDGE('',*,*,#3083,.T.);
#3083 = EDGE_CURVE('',#3076,#3084,#3086,.T.);
#3084 = VERTEX_POINT('',#3085);
#3085 = CARTESIAN_POINT('',(-2.70475687514,-5.800369837035,11.));
#3086 = LINE('',#3087,#3088);
#3087 = CARTESIAN_POINT('',(-2.556464140297,-5.877566148631,11.));
#3088 = VECTOR('',#3089,1.);
#3089 = DIRECTION('',(0.887010833178,-0.461748613235,1.086274977661E-16)
  );
#3090 = ORIENTED_EDGE('',*,*,#3091,.T.);
#3091 = EDGE_CURVE('',#3084,#3092,#3094,.T.);
#3092 = VERTEX_POINT('',#3093);
#3093 = CARTESIAN_POINT('',(-2.188928917284,-6.01403277303,11.));
#3094 = LINE('',#3095,#3096);
#3095 = CARTESIAN_POINT('',(-2.160870730338,-6.025654854599,11.));
#3096 = VECTOR('',#3097,1.);
#3097 = DIRECTION('',(0.923879532511,-0.382683432365,1.131426112288E-16)
  );
#3098 = ORIENTED_EDGE('',*,*,#3099,.T.);
#3099 = EDGE_CURVE('',#3092,#3100,#3102,.T.);
#3100 = VERTEX_POINT('',#3101);
#3101 = CARTESIAN_POINT('',(-1.656441888656,-6.18192528825,11.));
#3102 = LINE('',#3103,#3104);
#3103 = CARTESIAN_POINT('',(-1.761217873064,-6.148889547263,11.));
#3104 = VECTOR('',#3105,1.);
#3105 = DIRECTION('',(0.953716950748,-0.300705799504,1.167966411026E-16)
  );
#3106 = ORIENTED_EDGE('',*,*,#3107,.T.);
#3107 = EDGE_CURVE('',#3100,#3108,#3110,.T.);
#3108 = VERTEX_POINT('',#3109);
#3109 = CARTESIAN_POINT('',(-1.111348337068,-6.302769619278,11.));
#3110 = LINE('',#3111,#3112);
#3111 = CARTESIAN_POINT('',(-1.357806561095,-6.248131146447,11.));
#3112 = VECTOR('',#3113,1.);
#3113 = DIRECTION('',(0.97629600712,-0.216439613938,1.19561778014E-16));
#3114 = ORIENTED_EDGE('',*,*,#3115,.T.);
#3115 = EDGE_CURVE('',#3108,#3116,#3118,.T.);
#3116 = VERTEX_POINT('',#3117);
#3117 = CARTESIAN_POINT('',(-0.557796753585,-6.375646067787,11.));
#3118 = LINE('',#3119,#3120);
#3119 = CARTESIAN_POINT('',(-0.950695667014,-6.323919944535,11.));
#3120 = VECTOR('',#3121,1.);
#3121 = DIRECTION('',(0.991444861374,-0.13052619222,1.214169776013E-16)
  );
#3122 = ORIENTED_EDGE('',*,*,#3123,.T.);
#3123 = EDGE_CURVE('',#3116,#3124,#3126,.T.);
#3124 = VERTEX_POINT('',#3125);
#3125 = CARTESIAN_POINT('',(1.175660927181E-15,-6.4,11.));
#3126 = LINE('',#3127,#3128);
#3127 = CARTESIAN_POINT('',(-0.539792993089,-6.376432128946,11.));
#3128 = VECTOR('',#3129,1.);
#3129 = DIRECTION('',(0.999048221582,-4.361938736534E-02,
    1.223481206754E-16));
#3130 = ORIENTED_EDGE('',*,*,#3131,.T.);
#3131 = EDGE_CURVE('',#3124,#3132,#3134,.T.);
#3132 = VERTEX_POINT('',#3133);
#3133 = CARTESIAN_POINT('',(0.557796753585,-6.375646067787,11.));
#3134 = LINE('',#3135,#3136);
#3135 = CARTESIAN_POINT('',(-0.12495291642,-6.40545556215,11.));
#3136 = VECTOR('',#3137,1.);
#3137 = DIRECTION('',(0.999048221582,4.361938736534E-02,
    1.223481206754E-16));
#3138 = ORIENTED_EDGE('',*,*,#3139,.T.);
#3139 = EDGE_CURVE('',#3132,#3140,#3142,.T.);
#3140 = VERTEX_POINT('',#3141);
#3141 = CARTESIAN_POINT('',(1.111348337068,-6.302769619278,11.));
#3142 = LINE('',#3143,#3144);
#3143 = CARTESIAN_POINT('',(0.293923059179,-6.410385698703,11.));
#3144 = VECTOR('',#3145,1.);
#3145 = DIRECTION('',(0.991444861374,0.13052619222,1.214169776013E-16));
#3146 = ORIENTED_EDGE('',*,*,#3147,.T.);
#3147 = EDGE_CURVE('',#3140,#3148,#3150,.T.);
#3148 = VERTEX_POINT('',#3149);
#3149 = CARTESIAN_POINT('',(1.656441888656,-6.18192528825,11.));
#3150 = LINE('',#3151,#3152);
#3151 = CARTESIAN_POINT('',(0.716786631389,-6.39024184351,11.));
#3152 = VECTOR('',#3153,1.);
#3153 = DIRECTION('',(0.97629600712,0.216439613938,1.19561778014E-16));
#3154 = ORIENTED_EDGE('',*,*,#3155,.T.);
#3155 = EDGE_CURVE('',#3148,#3156,#3158,.T.);
#3156 = VERTEX_POINT('',#3157);
#3157 = CARTESIAN_POINT('',(2.188928917284,-6.01403277303,11.));
#3158 = LINE('',#3159,#3160);
#3159 = CARTESIAN_POINT('',(1.143347671936,-6.343703273363,11.));
#3160 = VECTOR('',#3161,1.);
#3161 = DIRECTION('',(0.953716950748,0.300705799504,1.167966411026E-16)
  );
#3162 = ORIENTED_EDGE('',*,*,#3163,.T.);
#3163 = EDGE_CURVE('',#3156,#3164,#3166,.T.);
#3164 = VERTEX_POINT('',#3165);
#3165 = CARTESIAN_POINT('',(2.70475687514,-5.800369837035,11.));
#3166 = LINE('',#3167,#3168);
#3167 = CARTESIAN_POINT('',(1.57298746523,-6.269164076099,11.));
#3168 = VECTOR('',#3169,1.);
#3169 = DIRECTION('',(0.923879532511,0.382683432365,1.131426112288E-16)
  );
#3170 = ORIENTED_EDGE('',*,*,#3171,.T.);
#3171 = EDGE_CURVE('',#3164,#3172,#3174,.T.);
#3172 = VERTEX_POINT('',#3173);
#3173 = CARTESIAN_POINT('',(3.2,-5.54256258422,11.));
#3174 = LINE('',#3175,#3176);
#3175 = CARTESIAN_POINT('',(2.004683576699,-6.164804929174,11.));
#3176 = VECTOR('',#3177,1.);
#3177 = DIRECTION('',(0.887010833178,0.461748613235,1.086274977661E-16)
  );
#3178 = ORIENTED_EDGE('',*,*,#3179,.T.);
#3179 = EDGE_CURVE('',#3172,#3180,#3182,.T.);
#3180 = VERTEX_POINT('',#3181);
#3181 = CARTESIAN_POINT('',(3.670889192647,-5.24257308345,11.));
#3182 = LINE('',#3183,#3184);
#3183 = CARTESIAN_POINT('',(2.436949348518,-6.028679461769,11.));
#3184 = VECTOR('',#3185,1.);
#3185 = DIRECTION('',(0.843391445813,0.537299608347,1.032856634543E-16)
  );
#3186 = ORIENTED_EDGE('',*,*,#3187,.T.);
#3187 = EDGE_CURVE('',#3180,#3188,#3190,.T.);
#3188 = VERTEX_POINT('',#3189);
#3189 = CARTESIAN_POINT('',(4.113840701994,-4.902684435961,11.));
#3190 = LINE('',#3191,#3192);
#3191 = CARTESIAN_POINT('',(2.867790558029,-5.858812339801,11.));
#3192 = VECTOR('',#3193,1.);
#3193 = DIRECTION('',(0.793353340291,0.608761429009,9.715776287805E-17)
  );
#3194 = ORIENTED_EDGE('',*,*,#3195,.T.);
#3195 = EDGE_CURVE('',#3188,#3196,#3198,.T.);
#3196 = VERTEX_POINT('',#3197);
#3197 = CARTESIAN_POINT('',(4.525483399594,-4.525483399594,11.));
#3198 = LINE('',#3199,#3200);
#3199 = CARTESIAN_POINT('',(3.294681229416,-5.653305797176,11.));
#3200 = VECTOR('',#3201,1.);
#3201 = DIRECTION('',(0.73727733681,0.675590207616,9.029043306084E-17));
#3202 = ORIENTED_EDGE('',*,*,#3203,.T.);
#3203 = EDGE_CURVE('',#3196,#3204,#3206,.T.);
#3204 = VERTEX_POINT('',#3205);
#3205 = CARTESIAN_POINT('',(4.902684435961,-4.113840701994,11.));
#3206 = LINE('',#3207,#3208);
#3207 = CARTESIAN_POINT('',(3.714559978805,-5.410451022417,11.));
#3208 = VECTOR('',#3209,1.);
#3209 = DIRECTION('',(0.675590207616,0.73727733681,8.273593852918E-17));
#3210 = ORIENTED_EDGE('',*,*,#3211,.T.);
#3211 = EDGE_CURVE('',#3204,#2784,#3212,.T.);
#3212 = LINE('',#3213,#3214);
#3213 = CARTESIAN_POINT('',(4.123847615793,-5.12884060734,11.));
#3214 = VECTOR('',#3215,1.);
#3215 = DIRECTION('',(0.608761429009,0.793353340291,7.455177354799E-17)
  );
#3216 = FACE_BOUND('',#3217,.T.);
#3217 = EDGE_LOOP('',(#3218,#3228,#3236,#3244,#3252,#3260,#3268,#3276,
    #3284,#3292,#3300,#3308,#3316,#3324,#3332,#3340,#3348,#3356,#3364,
    #3372,#3380,#3388,#3396,#3404,#3412,#3420,#3428,#3436,#3444,#3452,
    #3460,#3468,#3476,#3484,#3492,#3500,#3508,#3516,#3524,#3532,#3540,
    #3548,#3556,#3564,#3572,#3580,#3588,#3596,#3604,#3612,#3620,#3628,
    #3636,#3644,#3652,#3660,#3668,#3676,#3684,#3692,#3700,#3708,#3716,
    #3724,#3732,#3740,#3748,#3756,#3764,#3772,#3780,#3788,#3796,#3804,
    #3812,#3820,#3828,#3836,#3844,#3852,#3860,#3868,#3876,#3884,#3892,
    #3900,#3908,#3916,#3924,#3932,#3940,#3948,#3956,#3964,#3972,#3980));
#3218 = ORIENTED_EDGE('',*,*,#3219,.F.);
#3219 = EDGE_CURVE('',#3220,#3222,#3224,.T.);
#3220 = VERTEX_POINT('',#3221);
#3221 = CARTESIAN_POINT('',(-5.7,7.125,11.));
#3222 = VERTEX_POINT('',#3223);
#3223 = CARTESIAN_POINT('',(-5.701007159107,7.144675194331,11.));
#3224 = LINE('',#3225,#3226);
#3225 = CARTESIAN_POINT('',(-5.427428010149,1.800213843692,11.));
#3226 = VECTOR('',#3227,1.);
#3227 = DIRECTION('',(-5.112234860387E-02,0.998692397825,
    -6.260682058263E-18));
#3228 = ORIENTED_EDGE('',*,*,#3229,.F.);
#3229 = EDGE_CURVE('',#3230,#3220,#3232,.T.);
#3230 = VERTEX_POINT('',#3231);
#3231 = CARTESIAN_POINT('',(-5.698992840893,7.144675194331,11.));
#3232 = LINE('',#3233,#3234);
#3233 = CARTESIAN_POINT('',(-5.95818182422,2.081330603998,11.));
#3234 = VECTOR('',#3235,1.);
#3235 = DIRECTION('',(-5.112234860387E-02,-0.998692397825,
    -6.260682058263E-18));
#3236 = ORIENTED_EDGE('',*,*,#3237,.F.);
#3237 = EDGE_CURVE('',#3238,#3230,#3240,.T.);
#3238 = VERTEX_POINT('',#3239);
#3239 = CARTESIAN_POINT('',(-5.691994370134,7.202708159462,11.));
#3240 = LINE('',#3241,#3242);
#3241 = CARTESIAN_POINT('',(-6.277016972211,2.351563182561,11.));
#3242 = VECTOR('',#3243,1.);
#3243 = DIRECTION('',(-0.119727287156,-0.992806817417,
    -1.466236389862E-17));
#3244 = ORIENTED_EDGE('',*,*,#3245,.F.);
#3245 = EDGE_CURVE('',#3246,#3238,#3248,.T.);
#3246 = VERTEX_POINT('',#3247);
#3247 = CARTESIAN_POINT('',(-5.673269340274,7.296172119801,11.));
#3248 = LINE('',#3249,#3250);
#3249 = CARTESIAN_POINT('',(-6.589870058826,2.721058817189,11.));
#3250 = VECTOR('',#3251,1.);
#3251 = DIRECTION('',(-0.196441318168,-0.980515583005,
    -2.405712315149E-17));
#3252 = ORIENTED_EDGE('',*,*,#3253,.F.);
#3253 = EDGE_CURVE('',#3254,#3246,#3256,.T.);
#3254 = VERTEX_POINT('',#3255);
#3255 = CARTESIAN_POINT('',(-5.637584681291,7.420356411104,11.));
#3256 = LINE('',#3257,#3258);
#3257 = CARTESIAN_POINT('',(-6.857518512955,3.174929310516,11.));
#3258 = VECTOR('',#3259,1.);
#3259 = DIRECTION('',(-0.276176427856,-0.961106955909,
    -3.382185783732E-17));
#3260 = ORIENTED_EDGE('',*,*,#3261,.F.);
#3261 = EDGE_CURVE('',#3262,#3254,#3264,.T.);
#3262 = VERTEX_POINT('',#3263);
#3263 = CARTESIAN_POINT('',(-5.580436094754,7.569007230939,11.));
#3264 = LINE('',#3265,#3266);
#3265 = CARTESIAN_POINT('',(-7.063018158675,3.712620701938,11.));
#3266 = VECTOR('',#3267,1.);
#3267 = DIRECTION('',(-0.358843389204,-0.933397783383,
    -4.394564079841E-17));
#3268 = ORIENTED_EDGE('',*,*,#3269,.F.);
#3269 = EDGE_CURVE('',#3270,#3262,#3272,.T.);
#3270 = VERTEX_POINT('',#3271);
#3271 = CARTESIAN_POINT('',(-5.498246311874,7.734644959196,11.));
#3272 = LINE('',#3273,#3274);
#3273 = CARTESIAN_POINT('',(-7.186217822804,4.332862442693,11.));
#3274 = VECTOR('',#3275,1.);
#3275 = DIRECTION('',(-0.444489822093,-0.895783901427,
    -5.443430378794E-17));
#3276 = ORIENTED_EDGE('',*,*,#3277,.F.);
#3277 = EDGE_CURVE('',#3278,#3270,#3280,.T.);
#3278 = VERTEX_POINT('',#3279);
#3279 = CARTESIAN_POINT('',(-5.388527288772,7.908939801589,11.));
#3280 = LINE('',#3281,#3282);
#3281 = CARTESIAN_POINT('',(-7.201078905928,5.029599560426,11.));
#3282 = VECTOR('',#3283,1.);
#3283 = DIRECTION('',(-0.532736167676,-0.846281380895,-6.52413642534E-17
    ));
#3284 = ORIENTED_EDGE('',*,*,#3285,.F.);
#3285 = EDGE_CURVE('',#3286,#3278,#3288,.T.);
#3286 = VERTEX_POINT('',#3287);
#3287 = CARTESIAN_POINT('',(-5.25,8.083124306069,11.));
#3288 = LINE('',#3289,#3290);
#3289 = CARTESIAN_POINT('',(-7.075841455766,5.787307416469,11.));
#3290 = VECTOR('',#3291,1.);
#3291 = DIRECTION('',(-0.622444946473,-0.782663585847,
    -7.622752113431E-17));
#3292 = ORIENTED_EDGE('',*,*,#3293,.F.);
#3293 = EDGE_CURVE('',#3294,#3286,#3296,.T.);
#3294 = VERTEX_POINT('',#3295);
#3295 = CARTESIAN_POINT('',(-5.08266712321,8.248419425248,11.));
#3296 = LINE('',#3297,#3298);
#3297 = CARTESIAN_POINT('',(-6.776272467739,6.575438582295,11.));
#3298 = VECTOR('',#3299,1.);
#3299 = DIRECTION('',(-0.711425334177,-0.702761690683,
    -8.712447583323E-17));
#3300 = ORIENTED_EDGE('',*,*,#3301,.F.);
#3301 = EDGE_CURVE('',#3302,#3294,#3304,.T.);
#3302 = VERTEX_POINT('',#3303);
#3303 = CARTESIAN_POINT('',(-4.887835720937,8.396450355027,11.));
#3304 = LINE('',#3305,#3306);
#3305 = CARTESIAN_POINT('',(-6.273374450402,7.343732035628,11.));
#3306 = VECTOR('',#3307,1.);
#3307 = DIRECTION('',(-0.796242782062,-0.604977216111,
    -9.751161743968E-17));
#3308 = ORIENTED_EDGE('',*,*,#3309,.F.);
#3309 = EDGE_CURVE('',#3310,#3302,#3312,.T.);
#3310 = VERTEX_POINT('',#3311);
#3311 = CARTESIAN_POINT('',(-4.668088950302,8.519629386402,11.));
#3312 = LINE('',#3313,#3314);
#3313 = CARTESIAN_POINT('',(-5.555708775844,8.022074177633,11.));
#3314 = VECTOR('',#3315,1.);
#3315 = DIRECTION('',(-0.872301446251,-0.488968492715,
    -1.068261174043E-16));
#3316 = ORIENTED_EDGE('',*,*,#3317,.F.);
#3317 = EDGE_CURVE('',#3318,#3310,#3320,.T.);
#3318 = VERTEX_POINT('',#3319);
#3319 = CARTESIAN_POINT('',(-4.427207793864,8.611485386505,11.));
#3320 = LINE('',#3321,#3322);
#3321 = CARTESIAN_POINT('',(-4.642928877247,8.529223759442,11.));
#3322 = VECTOR('',#3323,1.);
#3323 = DIRECTION('',(-0.934369286479,-0.356306099421,
    -1.144272355908E-16));
#3324 = ORIENTED_EDGE('',*,*,#3325,.F.);
#3325 = EDGE_CURVE('',#3326,#3318,#3328,.T.);
#3326 = VERTEX_POINT('',#3327);
#3327 = CARTESIAN_POINT('',(-4.170045729524,8.666923111866,11.));
#3328 = LINE('',#3329,#3330);
#3329 = CARTESIAN_POINT('',(-3.592916941821,8.791337680218,11.));
#3330 = VECTOR('',#3331,1.);
#3331 = DIRECTION('',(-0.977543446606,-0.210733979218,
    -1.197145452914E-16));
#3332 = ORIENTED_EDGE('',*,*,#3333,.F.);
#3333 = EDGE_CURVE('',#3334,#3326,#3336,.T.);
#3334 = VERTEX_POINT('',#3335);
#3335 = CARTESIAN_POINT('',(-3.902361070342,8.682400111072,11.));
#3336 = LINE('',#3337,#3338);
#3337 = CARTESIAN_POINT('',(-2.495012026345,8.763770257957,11.));
#3338 = VECTOR('',#3339,1.);
#3339 = DIRECTION('',(-0.998332716839,-5.772162929704E-02,
    -1.222604966161E-16));
#3340 = ORIENTED_EDGE('',*,*,#3341,.F.);
#3341 = EDGE_CURVE('',#3342,#3334,#3344,.T.);
#3342 = VERTEX_POINT('',#3343);
#3343 = CARTESIAN_POINT('',(-3.630613336598,8.656014194941,11.));
#3344 = LINE('',#3345,#3346);
#3345 = CARTESIAN_POINT('',(-1.449660044179,8.444249961009,11.));
#3346 = VECTOR('',#3347,1.);
#3347 = DIRECTION('',(-0.995319148731,9.664260017936E-02,
    -1.218914409623E-16));
#3348 = ORIENTED_EDGE('',*,*,#3349,.F.);
#3349 = EDGE_CURVE('',#3350,#3342,#3352,.T.);
#3350 = VERTEX_POINT('',#3351);
#3351 = CARTESIAN_POINT('',(-3.361731409782,8.5875,11.));
#3352 = LINE('',#3353,#3354);
#3353 = CARTESIAN_POINT('',(-0.544995138947,7.869763333039,11.));
#3354 = VECTOR('',#3355,1.);
#3355 = DIRECTION('',(-0.969035523679,0.246921351542,-1.186726252334E-16
    ));
#3356 = ORIENTED_EDGE('',*,*,#3357,.F.);
#3357 = EDGE_CURVE('',#3358,#3350,#3360,.T.);
#3358 = VERTEX_POINT('',#3359);
#3359 = CARTESIAN_POINT('',(-3.102862308047,8.478138687855,11.));
#3360 = LINE('',#3361,#3362);
#3361 = CARTESIAN_POINT('',(0.15721213503,7.100894295239,11.));
#3362 = VECTOR('',#3363,1.);
#3363 = DIRECTION('',(-0.921171728207,0.389156327397,-1.128110008413E-16
    ));
#3364 = ORIENTED_EDGE('',*,*,#3365,.F.);
#3365 = EDGE_CURVE('',#3366,#3358,#3368,.T.);
#3366 = VERTEX_POINT('',#3367);
#3367 = CARTESIAN_POINT('',(-2.861110173091,8.330589958133,11.));
#3368 = LINE('',#3369,#3370);
#3369 = CARTESIAN_POINT('',(0.621986098085,6.204749661398,11.));
#3370 = VECTOR('',#3371,1.);
#3371 = DIRECTION('',(-0.853578122952,0.520964862556,-1.045331716095E-16
    ));
#3372 = ORIENTED_EDGE('',*,*,#3373,.F.);
#3373 = EDGE_CURVE('',#3374,#3366,#3376,.T.);
#3374 = VERTEX_POINT('',#3375);
#3375 = CARTESIAN_POINT('',(-2.643275440646,8.148659984227,11.));
#3376 = LINE('',#3377,#3378);
#3377 = CARTESIAN_POINT('',(0.832986970806,5.245374898768,11.));
#3378 = VECTOR('',#3379,1.);
#3379 = DIRECTION('',(-0.767525907627,0.64101792574,-9.399481460387E-17)
  );
#3380 = ORIENTED_EDGE('',*,*,#3381,.F.);
#3381 = EDGE_CURVE('',#3382,#3374,#3384,.T.);
#3382 = VERTEX_POINT('',#3383);
#3383 = CARTESIAN_POINT('',(-2.455604165952,7.937022337716,11.));
#3384 = LINE('',#3385,#3386);
#3385 = CARTESIAN_POINT('',(0.784028381655,4.283675766406,11.));
#3386 = VECTOR('',#3387,1.);
#3387 = DIRECTION('',(-0.663472539505,0.748200634405,-8.125195218264E-17
    ));
#3388 = ORIENTED_EDGE('',*,*,#3389,.F.);
#3389 = EDGE_CURVE('',#3390,#3382,#3392,.T.);
#3390 = VERTEX_POINT('',#3391);
#3391 = CARTESIAN_POINT('',(-2.303557091839,7.700911245064,11.));
#3392 = LINE('',#3393,#3394);
#3393 = CARTESIAN_POINT('',(0.476761487928,3.383405882854,11.));
#3394 = VECTOR('',#3395,1.);
#3395 = DIRECTION('',(-0.541415974227,0.8407548649,-6.630433398439E-17)
  );
#3396 = ORIENTED_EDGE('',*,*,#3397,.F.);
#3397 = EDGE_CURVE('',#3398,#3390,#3400,.T.);
#3398 = VERTEX_POINT('',#3399);
#3399 = CARTESIAN_POINT('',(-2.191607295031,7.445807495532,11.));
#3400 = LINE('',#3401,#3402);
#3401 = CARTESIAN_POINT('',(-7.23616470544E-02,2.616611495253,11.));
#3402 = VECTOR('',#3403,1.);
#3403 = DIRECTION('',(-0.401848697752,0.915706079545,-4.921227214433E-17
    ));
#3404 = ORIENTED_EDGE('',*,*,#3405,.F.);
#3405 = EDGE_CURVE('',#3406,#3398,#3408,.T.);
#3406 = VERTEX_POINT('',#3407);
#3407 = CARTESIAN_POINT('',(-2.123074154893,7.177136956036,11.));
#3408 = LINE('',#3409,#3410);
#3409 = CARTESIAN_POINT('',(-0.817736183323,2.059819168739,11.));
#3410 = VECTOR('',#3411,1.);
#3411 = DIRECTION('',(-0.247167922826,0.968972661083,-3.026934055402E-17
    ));
#3412 = ORIENTED_EDGE('',*,*,#3413,.F.);
#3413 = EDGE_CURVE('',#3414,#3406,#3416,.T.);
#3414 = VERTEX_POINT('',#3415);
#3415 = CARTESIAN_POINT('',(-2.1,6.9,11.));
#3416 = LINE('',#3417,#3418);
#3417 = CARTESIAN_POINT('',(-1.673210984833,1.773961404772,11.));
#3418 = VECTOR('',#3419,1.);
#3419 = DIRECTION('',(-8.297194587103E-02,0.996551883345,
    -1.0161132793E-17));
#3420 = ORIENTED_EDGE('',*,*,#3421,.F.);
#3421 = EDGE_CURVE('',#3422,#3414,#3424,.T.);
#3422 = VERTEX_POINT('',#3423);
#3423 = CARTESIAN_POINT('',(-2.123074154893,6.618947360225,11.));
#3424 = LINE('',#3425,#3426);
#3425 = CARTESIAN_POINT('',(-2.520907576417,1.773173643734,11.));
#3426 = VECTOR('',#3427,1.);
#3427 = DIRECTION('',(8.182375724519E-02,0.996646814448,
    1.002052024045E-17));
#3428 = ORIENTED_EDGE('',*,*,#3429,.F.);
#3429 = EDGE_CURVE('',#3430,#3422,#3432,.T.);
#3430 = VERTEX_POINT('',#3431);
#3431 = CARTESIAN_POINT('',(-2.191607295031,6.337814181916,11.));
#3432 = LINE('',#3433,#3434);
#3433 = CARTESIAN_POINT('',(-3.247571784076,2.006090108124,11.));
#3434 = VECTOR('',#3435,1.);
#3435 = DIRECTION('',(0.236838989617,0.971548914362,2.900441105476E-17)
  );
#3436 = ORIENTED_EDGE('',*,*,#3437,.F.);
#3437 = EDGE_CURVE('',#3438,#3430,#3440,.T.);
#3438 = VERTEX_POINT('',#3439);
#3439 = CARTESIAN_POINT('',(-2.303557091839,6.059619651552,11.));
#3440 = LINE('',#3441,#3442);
#3441 = CARTESIAN_POINT('',(-3.787359175301,2.372380946979,11.));
#3442 = VECTOR('',#3443,1.);
#3443 = DIRECTION('',(0.373321668482,0.927701962832,4.571871863585E-17)
  );
#3444 = ORIENTED_EDGE('',*,*,#3445,.F.);
#3445 = EDGE_CURVE('',#3446,#3438,#3448,.T.);
#3446 = VERTEX_POINT('',#3447);
#3447 = CARTESIAN_POINT('',(-2.455604165952,5.786534820799,11.));
#3448 = LINE('',#3449,#3450);
#3449 = CARTESIAN_POINT('',(-4.137629602017,2.765525477397,11.));
#3450 = VECTOR('',#3451,1.);
#3451 = DIRECTION('',(0.486457526341,0.873704226306,5.957386525552E-17)
  );
#3452 = ORIENTED_EDGE('',*,*,#3453,.F.);
#3453 = EDGE_CURVE('',#3454,#3446,#3456,.T.);
#3454 = VERTEX_POINT('',#3455);
#3455 = CARTESIAN_POINT('',(-2.643275440646,5.519916461132,11.));
#3456 = LINE('',#3457,#3458);
#3457 = CARTESIAN_POINT('',(-4.340550334397,3.108654275088,11.));
#3458 = VECTOR('',#3459,1.);
#3459 = DIRECTION('',(0.575597908502,0.817732870642,7.049041362427E-17)
  );
#3460 = ORIENTED_EDGE('',*,*,#3461,.F.);
#3461 = EDGE_CURVE('',#3462,#3454,#3464,.T.);
#3462 = VERTEX_POINT('',#3463);
#3463 = CARTESIAN_POINT('',(-2.861110173091,5.260400299537,11.));
#3464 = LINE('',#3465,#3466);
#3465 = CARTESIAN_POINT('',(-4.452605092008,3.364381937733,11.));
#3466 = VECTOR('',#3467,1.);
#3467 = DIRECTION('',(0.642917179881,0.765935702141,7.873464664585E-17)
  );
#3468 = ORIENTED_EDGE('',*,*,#3469,.F.);
#3469 = EDGE_CURVE('',#3470,#3462,#3472,.T.);
#3470 = VERTEX_POINT('',#3471);
#3471 = CARTESIAN_POINT('',(-3.102862308047,5.008043097711,11.));
#3472 = LINE('',#3473,#3474);
#3473 = CARTESIAN_POINT('',(-4.523153335116,3.525447424111,11.));
#3474 = VECTOR('',#3475,1.);
#3475 = DIRECTION('',(0.691770833651,0.72211710526,8.471749371745E-17));
#3476 = ORIENTED_EDGE('',*,*,#3477,.F.);
#3477 = EDGE_CURVE('',#3478,#3470,#3480,.T.);
#3478 = VERTEX_POINT('',#3479);
#3479 = CARTESIAN_POINT('',(-3.361731409782,4.7625,11.));
#3480 = LINE('',#3481,#3482);
#3481 = CARTESIAN_POINT('',(-4.586613780976,3.600671841526,11.));
#3482 = VECTOR('',#3483,1.);
#3483 = DIRECTION('',(0.725534596663,0.688185693723,8.885236214735E-17)
  );
#3484 = ORIENTED_EDGE('',*,*,#3485,.F.);
#3485 = EDGE_CURVE('',#3486,#3478,#3488,.T.);
#3486 = VERTEX_POINT('',#3487);
#3487 = CARTESIAN_POINT('',(-3.630613336598,4.523221579414,11.));
#3488 = LINE('',#3489,#3490);
#3489 = CARTESIAN_POINT('',(-4.663162957581,3.604354159012,11.));
#3490 = VECTOR('',#3491,1.);
#3491 = DIRECTION('',(0.747033593422,0.664786289193,9.148522990399E-17)
  );
#3492 = ORIENTED_EDGE('',*,*,#3493,.F.);
#3493 = EDGE_CURVE('',#3494,#3486,#3496,.T.);
#3494 = VERTEX_POINT('',#3495);
#3495 = CARTESIAN_POINT('',(-3.902361070342,4.289654172111,11.));
#3496 = LINE('',#3497,#3498);
#3497 = CARTESIAN_POINT('',(-4.762398375294,3.550451380121,11.));
#3498 = VECTOR('',#3499,1.);
#3499 = DIRECTION('',(0.758372304501,0.651821638001,9.28738215269E-17));
#3500 = ORIENTED_EDGE('',*,*,#3501,.F.);
#3501 = EDGE_CURVE('',#3502,#3494,#3504,.T.);
#3502 = VERTEX_POINT('',#3503);
#3503 = CARTESIAN_POINT('',(-4.170045729524,4.061427442459,11.));
#3504 = LINE('',#3505,#3506);
#3505 = CARTESIAN_POINT('',(-4.886993375999,3.450161121905,11.));
#3506 = VECTOR('',#3507,1.);
#3507 = DIRECTION('',(0.76096382253,0.648794313169,9.319119095285E-17));
#3508 = ORIENTED_EDGE('',*,*,#3509,.F.);
#3509 = EDGE_CURVE('',#3510,#3502,#3512,.T.);
#3510 = VERTEX_POINT('',#3511);
#3511 = CARTESIAN_POINT('',(-4.427207793864,3.838514613495,11.));
#3512 = LINE('',#3513,#3514);
#3513 = CARTESIAN_POINT('',(-5.035375381401,3.311343711482,11.));
#3514 = VECTOR('',#3515,1.);
#3515 = DIRECTION('',(0.755632305838,0.654996044548,9.253826846769E-17)
  );
#3516 = ORIENTED_EDGE('',*,*,#3517,.F.);
#3517 = EDGE_CURVE('',#3518,#3510,#3520,.T.);
#3518 = VERTEX_POINT('',#3519);
#3519 = CARTESIAN_POINT('',(-4.668088950302,3.621353302933,11.));
#3520 = LINE('',#3521,#3522);
#3521 = CARTESIAN_POINT('',(-5.203380198897,3.138772802255,11.));
#3522 = VECTOR('',#3523,1.);
#3523 = DIRECTION('',(0.742729259608,0.669591850998,9.095810104117E-17)
  );
#3524 = ORIENTED_EDGE('',*,*,#3525,.F.);
#3525 = EDGE_CURVE('',#3526,#3518,#3528,.T.);
#3526 = VERTEX_POINT('',#3527);
#3527 = CARTESIAN_POINT('',(-4.887835720937,3.410918225195,11.));
#3528 = LINE('',#3529,#3530);
#3529 = CARTESIAN_POINT('',(-5.385113067632,2.93471283293,11.));
#3530 = VECTOR('',#3531,1.);
#3531 = DIRECTION('',(0.722243593415,0.691638772606,8.844933048799E-17)
  );
#3532 = ORIENTED_EDGE('',*,*,#3533,.F.);
#3533 = EDGE_CURVE('',#3534,#3526,#3536,.T.);
#3534 = VERTEX_POINT('',#3535);
#3535 = CARTESIAN_POINT('',(-5.08266712321,3.208740903464,11.));
#3536 = LINE('',#3537,#3538);
#3537 = CARTESIAN_POINT('',(-5.573274172493,2.699636015397,11.));
#3538 = VECTOR('',#3539,1.);
#3539 = DIRECTION('',(0.693904290126,0.720067244183,8.497876678172E-17)
  );
#3540 = ORIENTED_EDGE('',*,*,#3541,.F.);
#3541 = EDGE_CURVE('',#3542,#3534,#3544,.T.);
#3542 = VERTEX_POINT('',#3543);
#3543 = CARTESIAN_POINT('',(-5.25,3.016875693931,11.));
#3544 = LINE('',#3545,#3546);
#3545 = CARTESIAN_POINT('',(-5.759176188083,2.433050220478,11.));
#3546 = VECTOR('',#3547,1.);
#3547 = DIRECTION('',(0.657281974439,0.753644747927,8.049382661337E-17)
  );
#3548 = ORIENTED_EDGE('',*,*,#3549,.F.);
#3549 = EDGE_CURVE('',#3550,#3542,#3552,.T.);
#3550 = VERTEX_POINT('',#3551);
#3551 = CARTESIAN_POINT('',(-5.388527288772,2.837815553437,11.));
#3552 = LINE('',#3553,#3554);
#3553 = CARTESIAN_POINT('',(-5.932662588201,2.134467180513,11.));
#3554 = VECTOR('',#3555,1.);
#3555 = DIRECTION('',(0.6118972053,0.790937298492,7.493579538782E-17));
#3556 = ORIENTED_EDGE('',*,*,#3557,.F.);
#3557 = EDGE_CURVE('',#3558,#3550,#3560,.T.);
#3558 = VERTEX_POINT('',#3559);
#3559 = CARTESIAN_POINT('',(-5.498246311874,2.674364783134,11.));
#3560 = LINE('',#3561,#3562);
#3561 = CARTESIAN_POINT('',(-6.082137716409,1.804529296581,11.));
#3562 = VECTOR('',#3563,1.);
#3563 = DIRECTION('',(0.557341421115,0.830283409632,6.825463874005E-17)
  );
#3564 = ORIENTED_EDGE('',*,*,#3565,.F.);
#3565 = EDGE_CURVE('',#3566,#3558,#3568,.T.);
#3566 = VERTEX_POINT('',#3567);
#3567 = CARTESIAN_POINT('',(-5.580436094754,2.52947918311,11.));
#3568 = LINE('',#3569,#3570);
#3569 = CARTESIAN_POINT('',(-6.194925119965,1.446247082879,11.));
#3570 = VECTOR('',#3571,1.);
#3571 = DIRECTION('',(0.493412145544,0.869795639578,6.042556047014E-17)
  );
#3572 = ORIENTED_EDGE('',*,*,#3573,.F.);
#3573 = EDGE_CURVE('',#3574,#3566,#3576,.T.);
#3574 = VERTEX_POINT('',#3575);
#3575 = CARTESIAN_POINT('',(-5.637584681291,2.406086430381,11.));
#3576 = LINE('',#3577,#3578);
#3577 = CARTESIAN_POINT('',(-6.258147720848,1.066193594312,11.));
#3578 = VECTOR('',#3579,1.);
#3579 = DIRECTION('',(0.42025868162,0.907404342354,5.1466844926E-17));
#3580 = ORIENTED_EDGE('',*,*,#3581,.F.);
#3581 = EDGE_CURVE('',#3582,#3574,#3584,.T.);
#3582 = VERTEX_POINT('',#3583);
#3583 = CARTESIAN_POINT('',(-5.673269340274,2.306900880515,11.));
#3584 = LINE('',#3585,#3586);
#3585 = CARTESIAN_POINT('',(-6.260245355063,0.67540038578,11.));
#3586 = VECTOR('',#3587,1.);
#3587 = DIRECTION('',(0.338533530214,0.940954328818,4.145840041802E-17)
  );
#3588 = ORIENTED_EDGE('',*,*,#3589,.F.);
#3589 = EDGE_CURVE('',#3590,#3582,#3592,.T.);
#3590 = VERTEX_POINT('',#3591);
#3591 = CARTESIAN_POINT('',(-5.691994370134,2.234247299685,11.));
#3592 = LINE('',#3593,#3594);
#3593 = CARTESIAN_POINT('',(-6.193156195427,0.289726972927,11.));
#3594 = VECTOR('',#3595,1.);
#3595 = DIRECTION('',(0.24957458293,0.96835557909,3.056407141337E-17));
#3596 = ORIENTED_EDGE('',*,*,#3597,.F.);
#3597 = EDGE_CURVE('',#3598,#3590,#3600,.T.);
#3598 = VERTEX_POINT('',#3599);
#3599 = CARTESIAN_POINT('',(-5.698992840893,2.189907245748,11.));
#3600 = LINE('',#3601,#3602);
#3601 = CARTESIAN_POINT('',(-6.055649036802,-6.975140095462E-02,11.));
#3602 = VECTOR('',#3603,1.);
#3603 = DIRECTION('',(0.155906270297,0.98777185366,1.909301148863E-17));
#3604 = ORIENTED_EDGE('',*,*,#3605,.F.);
#3605 = EDGE_CURVE('',#3606,#3598,#3608,.T.);
#3606 = VERTEX_POINT('',#3607);
#3607 = CARTESIAN_POINT('',(-5.7,2.175,11.));
#3608 = LINE('',#3609,#3610);
#3609 = CARTESIAN_POINT('',(-5.871381999744,-0.361673271905,11.));
#3610 = VECTOR('',#3611,1.);
#3611 = DIRECTION('',(6.740804648598E-02,0.997725490939,
    8.255104836583E-18));
#3612 = ORIENTED_EDGE('',*,*,#3613,.F.);
#3613 = EDGE_CURVE('',#3614,#3606,#3616,.T.);
#3614 = VERTEX_POINT('',#3615);
#3615 = CARTESIAN_POINT('',(-5.701007159107,2.189907245748,11.));
#3616 = LINE('',#3617,#3618);
#3617 = CARTESIAN_POINT('',(-5.504978238267,-0.711572050547,11.));
#3618 = VECTOR('',#3619,1.);
#3619 = DIRECTION('',(6.740804648598E-02,-0.997725490939,
    8.255104836583E-18));
#3620 = ORIENTED_EDGE('',*,*,#3621,.F.);
#3621 = EDGE_CURVE('',#3622,#3614,#3624,.T.);
#3622 = VERTEX_POINT('',#3623);
#3623 = CARTESIAN_POINT('',(-5.708005629866,2.234247299685,11.));
#3624 = LINE('',#3625,#3626);
#3625 = CARTESIAN_POINT('',(-5.218698221173,-0.865846655306,11.));
#3626 = VECTOR('',#3627,1.);
#3627 = DIRECTION('',(0.155906270297,-0.98777185366,1.909301148863E-17)
  );
#3628 = ORIENTED_EDGE('',*,*,#3629,.F.);
#3629 = EDGE_CURVE('',#3630,#3622,#3632,.T.);
#3630 = VERTEX_POINT('',#3631);
#3631 = CARTESIAN_POINT('',(-5.726730659726,2.306900880515,11.));
#3632 = LINE('',#3633,#3634);
#3633 = CARTESIAN_POINT('',(-4.885247008599,-0.958076581195,11.));
#3634 = VECTOR('',#3635,1.);
#3635 = DIRECTION('',(0.24957458293,-0.96835557909,3.056407141337E-17));
#3636 = ORIENTED_EDGE('',*,*,#3637,.F.);
#3637 = EDGE_CURVE('',#3638,#3630,#3640,.T.);
#3638 = VERTEX_POINT('',#3639);
#3639 = CARTESIAN_POINT('',(-5.762415318709,2.406086430381,11.));
#3640 = LINE('',#3641,#3642);
#3641 = CARTESIAN_POINT('',(-4.548653086572,-0.967567061976,11.));
#3642 = VECTOR('',#3643,1.);
#3643 = DIRECTION('',(0.338533530214,-0.940954328818,4.145840041802E-17)
  );
#3644 = ORIENTED_EDGE('',*,*,#3645,.F.);
#3645 = EDGE_CURVE('',#3646,#3638,#3648,.T.);
#3646 = VERTEX_POINT('',#3647);
#3647 = CARTESIAN_POINT('',(-5.819563905246,2.52947918311,11.));
#3648 = LINE('',#3649,#3650);
#3649 = CARTESIAN_POINT('',(-4.231984903623,-0.898352633118,11.));
#3650 = VECTOR('',#3651,1.);
#3651 = DIRECTION('',(0.42025868162,-0.907404342354,5.1466844926E-17));
#3652 = ORIENTED_EDGE('',*,*,#3653,.F.);
#3653 = EDGE_CURVE('',#3654,#3646,#3656,.T.);
#3654 = VERTEX_POINT('',#3655);
#3655 = CARTESIAN_POINT('',(-5.901753688126,2.674364783134,11.));
#3656 = LINE('',#3657,#3658);
#3657 = CARTESIAN_POINT('',(-3.952588953868,-0.761657215891,11.));
#3658 = VECTOR('',#3659,1.);
#3659 = DIRECTION('',(0.493412145544,-0.869795639578,6.042556047014E-17)
  );
#3660 = ORIENTED_EDGE('',*,*,#3661,.F.);
#3661 = EDGE_CURVE('',#3662,#3654,#3664,.T.);
#3662 = VERTEX_POINT('',#3663);
#3663 = CARTESIAN_POINT('',(-6.011472711228,2.837815553437,11.));
#3664 = LINE('',#3665,#3666);
#3665 = CARTESIAN_POINT('',(-3.722217963625,-0.572536100588,11.));
#3666 = VECTOR('',#3667,1.);
#3667 = DIRECTION('',(0.557341421115,-0.830283409632,6.825463874005E-17)
  );
#3668 = ORIENTED_EDGE('',*,*,#3669,.F.);
#3669 = EDGE_CURVE('',#3670,#3662,#3672,.T.);
#3670 = VERTEX_POINT('',#3671);
#3671 = CARTESIAN_POINT('',(-6.15,3.016875693931,11.));
#3672 = LINE('',#3673,#3674);
#3673 = CARTESIAN_POINT('',(-3.547161105573,-0.347549483591,11.));
#3674 = VECTOR('',#3675,1.);
#3675 = DIRECTION('',(0.6118972053,-0.790937298492,7.493579538782E-17));
#3676 = ORIENTED_EDGE('',*,*,#3677,.F.);
#3677 = EDGE_CURVE('',#3678,#3670,#3680,.T.);
#3678 = VERTEX_POINT('',#3679);
#3679 = CARTESIAN_POINT('',(-6.31733287679,3.208740903464,11.));
#3680 = LINE('',#3681,#3682);
#3681 = CARTESIAN_POINT('',(-3.428990023867,-0.103056020795,11.));
#3682 = VECTOR('',#3683,1.);
#3683 = DIRECTION('',(0.657281974439,-0.753644747927,8.049382661337E-17)
  );
#3684 = ORIENTED_EDGE('',*,*,#3685,.F.);
#3685 = EDGE_CURVE('',#3686,#3678,#3688,.T.);
#3686 = VERTEX_POINT('',#3687);
#3687 = CARTESIAN_POINT('',(-6.512164279063,3.410918225195,11.));
#3688 = LINE('',#3689,#3690);
#3689 = CARTESIAN_POINT('',(-3.365714463732,0.145834726324,11.));
#3690 = VECTOR('',#3691,1.);
#3691 = DIRECTION('',(0.693904290126,-0.720067244183,8.497876678172E-17)
  );
#3692 = ORIENTED_EDGE('',*,*,#3693,.F.);
#3693 = EDGE_CURVE('',#3694,#3686,#3696,.T.);
#3694 = VERTEX_POINT('',#3695);
#3695 = CARTESIAN_POINT('',(-6.731911049698,3.621353302933,11.));
#3696 = LINE('',#3697,#3698);
#3697 = CARTESIAN_POINT('',(-3.353091780527,0.385710323896,11.));
#3698 = VECTOR('',#3699,1.);
#3699 = DIRECTION('',(0.722243593415,-0.691638772606,8.844933048799E-17)
  );
#3700 = ORIENTED_EDGE('',*,*,#3701,.F.);
#3701 = EDGE_CURVE('',#3702,#3694,#3704,.T.);
#3702 = VERTEX_POINT('',#3703);
#3703 = CARTESIAN_POINT('',(-6.972792206136,3.838514613495,11.));
#3704 = LINE('',#3705,#3706);
#3705 = CARTESIAN_POINT('',(-3.385931179579,0.604855937772,11.));
#3706 = VECTOR('',#3707,1.);
#3707 = DIRECTION('',(0.742729259608,-0.669591850998,9.095810104117E-17)
  );
#3708 = ORIENTED_EDGE('',*,*,#3709,.F.);
#3709 = EDGE_CURVE('',#3710,#3702,#3712,.T.);
#3710 = VERTEX_POINT('',#3711);
#3711 = CARTESIAN_POINT('',(-7.229954270476,4.061427442459,11.));
#3712 = LINE('',#3713,#3714);
#3713 = CARTESIAN_POINT('',(-3.45934988437,0.792997890977,11.));
#3714 = VECTOR('',#3715,1.);
#3715 = DIRECTION('',(0.755632305838,-0.654996044548,9.253826846769E-17)
  );
#3716 = ORIENTED_EDGE('',*,*,#3717,.F.);
#3717 = EDGE_CURVE('',#3718,#3710,#3720,.T.);
#3718 = VERTEX_POINT('',#3719);
#3719 = CARTESIAN_POINT('',(-7.497638929658,4.289654172111,11.));
#3720 = LINE('',#3721,#3722);
#3721 = CARTESIAN_POINT('',(-3.570030185972,0.940992722238,11.));
#3722 = VECTOR('',#3723,1.);
#3723 = DIRECTION('',(0.76096382253,-0.648794313169,9.319119095285E-17)
  );
#3724 = ORIENTED_EDGE('',*,*,#3725,.F.);
#3725 = EDGE_CURVE('',#3726,#3718,#3728,.T.);
#3726 = VERTEX_POINT('',#3727);
#3727 = CARTESIAN_POINT('',(-7.769386663402,4.523221579414,11.));
#3728 = LINE('',#3729,#3730);
#3729 = CARTESIAN_POINT('',(-3.717577702541,1.040688345987,11.));
#3730 = VECTOR('',#3731,1.);
#3731 = DIRECTION('',(0.758372304501,-0.651821638001,9.28738215269E-17)
  );
#3732 = ORIENTED_EDGE('',*,*,#3733,.F.);
#3733 = EDGE_CURVE('',#3734,#3726,#3736,.T.);
#3734 = VERTEX_POINT('',#3735);
#3735 = CARTESIAN_POINT('',(-8.038268590218,4.7625,11.));
#3736 = LINE('',#3737,#3738);
#3737 = CARTESIAN_POINT('',(-3.906076856734,1.085256522699,11.));
#3738 = VECTOR('',#3739,1.);
#3739 = DIRECTION('',(0.747033593422,-0.664786289193,9.148522990399E-17)
  );
#3740 = ORIENTED_EDGE('',*,*,#3741,.F.);
#3741 = EDGE_CURVE('',#3742,#3734,#3744,.T.);
#3742 = VERTEX_POINT('',#3743);
#3743 = CARTESIAN_POINT('',(-8.297137691953,5.008043097711,11.));
#3744 = LINE('',#3745,#3746);
#3745 = CARTESIAN_POINT('',(-4.145835699386,1.070440873432,11.));
#3746 = VECTOR('',#3747,1.);
#3747 = DIRECTION('',(0.725534596663,-0.688185693723,8.885236214735E-17)
  );
#3748 = ORIENTED_EDGE('',*,*,#3749,.F.);
#3749 = EDGE_CURVE('',#3750,#3742,#3752,.T.);
#3750 = VERTEX_POINT('',#3751);
#3751 = CARTESIAN_POINT('',(-8.538889826909,5.260400299537,11.));
#3752 = LINE('',#3753,#3754);
#3753 = CARTESIAN_POINT('',(-4.455003602724,0.997364110435,11.));
#3754 = VECTOR('',#3755,1.);
#3755 = DIRECTION('',(0.691770833651,-0.72211710526,8.471749371745E-17)
  );
#3756 = ORIENTED_EDGE('',*,*,#3757,.F.);
#3757 = EDGE_CURVE('',#3758,#3750,#3760,.T.);
#3758 = VERTEX_POINT('',#3759);
#3759 = CARTESIAN_POINT('',(-8.756724559354,5.519916461132,11.));
#3760 = LINE('',#3761,#3762);
#3761 = CARTESIAN_POINT('',(-4.860051233915,0.87763699975,11.));
#3762 = VECTOR('',#3763,1.);
#3763 = DIRECTION('',(0.642917179881,-0.765935702141,7.873464664585E-17)
  );
#3764 = ORIENTED_EDGE('',*,*,#3765,.F.);
#3765 = EDGE_CURVE('',#3766,#3758,#3768,.T.);
#3766 = VERTEX_POINT('',#3767);
#3767 = CARTESIAN_POINT('',(-8.944395834048,5.786534820799,11.));
#3768 = LINE('',#3769,#3770);
#3769 = CARTESIAN_POINT('',(-5.392881451682,0.74101605132,11.));
#3770 = VECTOR('',#3771,1.);
#3771 = DIRECTION('',(0.575597908502,-0.817732870642,7.049041362427E-17)
  );
#3772 = ORIENTED_EDGE('',*,*,#3773,.F.);
#3773 = EDGE_CURVE('',#3774,#3766,#3776,.T.);
#3774 = VERTEX_POINT('',#3775);
#3775 = CARTESIAN_POINT('',(-9.096442908161,6.059619651552,11.));
#3776 = LINE('',#3777,#3778);
#3777 = CARTESIAN_POINT('',(-6.081022037064,0.643759444835,11.));
#3778 = VECTOR('',#3779,1.);
#3779 = DIRECTION('',(0.486457526341,-0.873704226306,5.957386525552E-17)
  );
#3780 = ORIENTED_EDGE('',*,*,#3781,.F.);
#3781 = EDGE_CURVE('',#3782,#3774,#3784,.T.);
#3782 = VERTEX_POINT('',#3783);
#3783 = CARTESIAN_POINT('',(-9.208392704969,6.337814181916,11.));
#3784 = LINE('',#3785,#3786);
#3785 = CARTESIAN_POINT('',(-6.928089756187,0.67127591201,11.));
#3786 = VECTOR('',#3787,1.);
#3787 = DIRECTION('',(0.373321668482,-0.927701962832,4.571871863585E-17)
  );
#3788 = ORIENTED_EDGE('',*,*,#3789,.F.);
#3789 = EDGE_CURVE('',#3790,#3782,#3792,.T.);
#3790 = VERTEX_POINT('',#3791);
#3791 = CARTESIAN_POINT('',(-9.276925845107,6.618947360225,11.));
#3792 = LINE('',#3793,#3794);
#3793 = CARTESIAN_POINT('',(-7.888650846695,0.924035936542,11.));
#3794 = VECTOR('',#3795,1.);
#3795 = DIRECTION('',(0.236838989617,-0.971548914362,2.900441105476E-17)
  );
#3796 = ORIENTED_EDGE('',*,*,#3797,.F.);
#3797 = EDGE_CURVE('',#3798,#3790,#3800,.T.);
#3798 = VERTEX_POINT('',#3799);
#3799 = CARTESIAN_POINT('',(-9.3,6.9,11.));
#3800 = LINE('',#3801,#3802);
#3801 = CARTESIAN_POINT('',(-8.855055498521,1.480394069701,11.));
#3802 = VECTOR('',#3803,1.);
#3803 = DIRECTION('',(8.182375724519E-02,-0.996646814448,
    1.002052024045E-17));
#3804 = ORIENTED_EDGE('',*,*,#3805,.F.);
#3805 = EDGE_CURVE('',#3806,#3798,#3808,.T.);
#3806 = VERTEX_POINT('',#3807);
#3807 = CARTESIAN_POINT('',(-9.276925845107,7.177136956036,11.));
#3808 = LINE('',#3809,#3810);
#3809 = CARTESIAN_POINT('',(-9.678672548782,2.351874272711,11.));
#3810 = VECTOR('',#3811,1.);
#3811 = DIRECTION('',(-8.297194587104E-02,-0.996551883345,
    -1.0161132793E-17));
#3812 = ORIENTED_EDGE('',*,*,#3813,.F.);
#3813 = EDGE_CURVE('',#3814,#3806,#3816,.T.);
#3814 = VERTEX_POINT('',#3815);
#3815 = CARTESIAN_POINT('',(-9.208392704969,7.445807495532,11.));
#3816 = LINE('',#3817,#3818);
#3817 = CARTESIAN_POINT('',(-10.22339007448,3.466712267928,11.));
#3818 = VECTOR('',#3819,1.);
#3819 = DIRECTION('',(-0.247167922826,-0.968972661083,
    -3.026934055402E-17));
#3820 = ORIENTED_EDGE('',*,*,#3821,.F.);
#3821 = EDGE_CURVE('',#3822,#3814,#3824,.T.);
#3822 = VERTEX_POINT('',#3823);
#3823 = CARTESIAN_POINT('',(-9.096442908161,7.700911245064,11.));
#3824 = LINE('',#3825,#3826);
#3825 = CARTESIAN_POINT('',(-10.41364026386,4.69936953713,11.));
#3826 = VECTOR('',#3827,1.);
#3827 = DIRECTION('',(-0.401848697752,-0.915706079545,
    -4.921227214433E-17));
#3828 = ORIENTED_EDGE('',*,*,#3829,.F.);
#3829 = EDGE_CURVE('',#3830,#3822,#3832,.T.);
#3830 = VERTEX_POINT('',#3831);
#3831 = CARTESIAN_POINT('',(-8.944395834048,7.937022337716,11.));
#3832 = LINE('',#3833,#3834);
#3833 = CARTESIAN_POINT('',(-10.24320936506,5.920118798136,11.));
#3834 = VECTOR('',#3835,1.);
#3835 = DIRECTION('',(-0.541415974227,-0.8407548649,-6.630433398439E-17)
  );
#3836 = ORIENTED_EDGE('',*,*,#3837,.F.);
#3837 = EDGE_CURVE('',#3838,#3830,#3840,.T.);
#3838 = VERTEX_POINT('',#3839);
#3839 = CARTESIAN_POINT('',(-8.756724559354,8.148659984227,11.));
#3840 = LINE('',#3841,#3842);
#3841 = CARTESIAN_POINT('',(-9.751248869299,7.02713094523,11.));
#3842 = VECTOR('',#3843,1.);
#3843 = DIRECTION('',(-0.663472539505,-0.748200634405,
    -8.125195218264E-17));
#3844 = ORIENTED_EDGE('',*,*,#3845,.F.);
#3845 = EDGE_CURVE('',#3846,#3838,#3848,.T.);
#3846 = VERTEX_POINT('',#3847);
#3847 = CARTESIAN_POINT('',(-8.538889826909,8.330589958133,11.));
#3848 = LINE('',#3849,#3850);
#3849 = CARTESIAN_POINT('',(-8.993956841738,7.9505296748,11.));
#3850 = VECTOR('',#3851,1.);
#3851 = DIRECTION('',(-0.767525907627,-0.64101792574,-9.399481460387E-17
    ));
#3852 = ORIENTED_EDGE('',*,*,#3853,.F.);
#3853 = EDGE_CURVE('',#3854,#3846,#3856,.T.);
#3854 = VERTEX_POINT('',#3855);
#3855 = CARTESIAN_POINT('',(-8.297137691953,8.478138687855,11.));
#3856 = LINE('',#3857,#3858);
#3857 = CARTESIAN_POINT('',(-8.029777767393,8.641316635609,11.));
#3858 = VECTOR('',#3859,1.);
#3859 = DIRECTION('',(-0.853578122952,-0.520964862556,
    -1.045331716095E-16));
#3860 = ORIENTED_EDGE('',*,*,#3861,.F.);
#3861 = EDGE_CURVE('',#3862,#3854,#3864,.T.);
#3862 = VERTEX_POINT('',#3863);
#3863 = CARTESIAN_POINT('',(-8.038268590218,8.5875,11.));
#3864 = LINE('',#3865,#3866);
#3865 = CARTESIAN_POINT('',(-6.919038575528,9.060327626698,11.));
#3866 = VECTOR('',#3867,1.);
#3867 = DIRECTION('',(-0.921171728207,-0.389156327397,
    -1.128110008413E-16));
#3868 = ORIENTED_EDGE('',*,*,#3869,.F.);
#3869 = EDGE_CURVE('',#3870,#3862,#3872,.T.);
#3870 = VERTEX_POINT('',#3871);
#3871 = CARTESIAN_POINT('',(-7.769386663402,8.656014194941,11.));
#3872 = LINE('',#3873,#3874);
#3873 = CARTESIAN_POINT('',(-5.731106810961,9.175391249433,11.));
#3874 = VECTOR('',#3875,1.);
#3875 = DIRECTION('',(-0.969035523679,-0.246921351542,
    -1.186726252334E-16));
#3876 = ORIENTED_EDGE('',*,*,#3877,.F.);
#3877 = EDGE_CURVE('',#3878,#3870,#3880,.T.);
#3878 = VERTEX_POINT('',#3879);
#3879 = CARTESIAN_POINT('',(-7.497638929658,8.682400111072,11.));
#3880 = LINE('',#3881,#3882);
#3881 = CARTESIAN_POINT('',(-4.550675364183,8.968541718982,11.));
#3882 = VECTOR('',#3883,1.);
#3883 = DIRECTION('',(-0.995319148731,-9.664260017936E-02,
    -1.218914409623E-16));
#3884 = ORIENTED_EDGE('',*,*,#3885,.F.);
#3885 = EDGE_CURVE('',#3886,#3878,#3888,.T.);
#3886 = VERTEX_POINT('',#3887);
#3887 = CARTESIAN_POINT('',(-7.229954270476,8.666923111866,11.));
#3888 = LINE('',#3889,#3890);
#3889 = CARTESIAN_POINT('',(-3.475431880171,8.449844029968,11.));
#3890 = VECTOR('',#3891,1.);
#3891 = DIRECTION('',(-0.998332716839,5.772162929705E-02,
    -1.222604966161E-16));
#3892 = ORIENTED_EDGE('',*,*,#3893,.F.);
#3893 = EDGE_CURVE('',#3894,#3886,#3896,.T.);
#3894 = VERTEX_POINT('',#3895);
#3895 = CARTESIAN_POINT('',(-6.972792206136,8.611485386505,11.));
#3896 = LINE('',#3897,#3898);
#3897 = CARTESIAN_POINT('',(-2.60104761445,7.669046319342,11.));
#3898 = VECTOR('',#3899,1.);
#3899 = DIRECTION('',(-0.977543446606,0.210733979218,-1.197145452914E-16
    ));
#3900 = ORIENTED_EDGE('',*,*,#3901,.F.);
#3901 = EDGE_CURVE('',#3902,#3894,#3904,.T.);
#3902 = VERTEX_POINT('',#3903);
#3903 = CARTESIAN_POINT('',(-6.731911049698,8.519629386402,11.));
#3904 = LINE('',#3905,#3906);
#3905 = CARTESIAN_POINT('',(-1.997773337268,6.714345151521,11.));
#3906 = VECTOR('',#3907,1.);
#3907 = DIRECTION('',(-0.934369286479,0.356306099421,-1.144272355908E-16
    ));
#3908 = ORIENTED_EDGE('',*,*,#3909,.F.);
#3909 = EDGE_CURVE('',#3910,#3902,#3912,.T.);
#3910 = VERTEX_POINT('',#3911);
#3911 = CARTESIAN_POINT('',(-6.512164279063,8.396450355027,11.));
#3912 = LINE('',#3913,#3914);
#3913 = CARTESIAN_POINT('',(-1.691386752007,5.694163970829,11.));
#3914 = VECTOR('',#3915,1.);
#3915 = DIRECTION('',(-0.872301446251,0.488968492715,-1.068261174043E-16
    ));
#3916 = ORIENTED_EDGE('',*,*,#3917,.F.);
#3917 = EDGE_CURVE('',#3918,#3910,#3920,.T.);
#3918 = VERTEX_POINT('',#3919);
#3919 = CARTESIAN_POINT('',(-6.31733287679,8.248419425248,11.));
#3920 = LINE('',#3921,#3922);
#3921 = CARTESIAN_POINT('',(-1.660489867114,4.710197185338,11.));
#3922 = VECTOR('',#3923,1.);
#3923 = DIRECTION('',(-0.796242782062,0.604977216111,-9.751161743968E-17
    ));
#3924 = ORIENTED_EDGE('',*,*,#3925,.F.);
#3925 = EDGE_CURVE('',#3926,#3918,#3928,.T.);
#3926 = VERTEX_POINT('',#3927);
#3927 = CARTESIAN_POINT('',(-6.15,8.083124306069,11.));
#3928 = LINE('',#3929,#3930);
#3929 = CARTESIAN_POINT('',(-1.850802601943,3.836281964516,11.));
#3930 = VECTOR('',#3931,1.);
#3931 = DIRECTION('',(-0.711425334177,0.702761690683,-8.712447583323E-17
    ));
#3932 = ORIENTED_EDGE('',*,*,#3933,.F.);
#3933 = EDGE_CURVE('',#3934,#3926,#3936,.T.);
#3934 = VERTEX_POINT('',#3935);
#3935 = CARTESIAN_POINT('',(-6.011472711228,7.908939801589,11.));
#3936 = LINE('',#3937,#3938);
#3937 = CARTESIAN_POINT('',(-2.196276803032,3.111704436214,11.));
#3938 = VECTOR('',#3939,1.);
#3939 = DIRECTION('',(-0.622444946473,0.782663585847,-7.622752113431E-17
    ));
#3940 = ORIENTED_EDGE('',*,*,#3941,.F.);
#3941 = EDGE_CURVE('',#3942,#3934,#3944,.T.);
#3942 = VERTEX_POINT('',#3943);
#3943 = CARTESIAN_POINT('',(-5.901753688126,7.734644959196,11.));
#3944 = LINE('',#3945,#3946);
#3945 = CARTESIAN_POINT('',(-2.636072282436,2.546926277302,11.));
#3946 = VECTOR('',#3947,1.);
#3947 = DIRECTION('',(-0.532736167676,0.846281380895,-6.52413642534E-17)
  );
#3948 = ORIENTED_EDGE('',*,*,#3949,.F.);
#3949 = EDGE_CURVE('',#3950,#3942,#3952,.T.);
#3950 = VERTEX_POINT('',#3951);
#3951 = CARTESIAN_POINT('',(-5.819563905246,7.569007230939,11.));
#3952 = LINE('',#3953,#3954);
#3953 = CARTESIAN_POINT('',(-3.122909115548,2.134417217281,11.));
#3954 = VECTOR('',#3955,1.);
#3955 = DIRECTION('',(-0.444489822093,0.895783901427,-5.443430378794E-17
    ));
#3956 = ORIENTED_EDGE('',*,*,#3957,.F.);
#3957 = EDGE_CURVE('',#3958,#3950,#3960,.T.);
#3958 = VERTEX_POINT('',#3959);
#3959 = CARTESIAN_POINT('',(-5.762415318709,7.420356411104,11.));
#3960 = LINE('',#3961,#3962);
#3961 = CARTESIAN_POINT('',(-3.62420640519,1.858600167763,11.));
#3962 = VECTOR('',#3963,1.);
#3963 = DIRECTION('',(-0.358843389204,0.933397783383,-4.394564079841E-17
    ));
#3964 = ORIENTED_EDGE('',*,*,#3965,.F.);
#3965 = EDGE_CURVE('',#3966,#3958,#3968,.T.);
#3966 = VERTEX_POINT('',#3967);
#3967 = CARTESIAN_POINT('',(-5.726730659726,7.296172119801,11.));
#3968 = LINE('',#3969,#3970);
#3969 = CARTESIAN_POINT('',(-4.119366679765,1.702469884553,11.));
#3970 = VECTOR('',#3971,1.);
#3971 = DIRECTION('',(-0.276176427855,0.961106955909,-3.382185783732E-17
    ));
#3972 = ORIENTED_EDGE('',*,*,#3973,.F.);
#3973 = EDGE_CURVE('',#3974,#3966,#3976,.T.);
#3974 = VERTEX_POINT('',#3975);
#3975 = CARTESIAN_POINT('',(-5.708005629866,7.202708159462,11.));
#3976 = LINE('',#3977,#3978);
#3977 = CARTESIAN_POINT('',(-4.595726962721,1.650889550474,11.));
#3978 = VECTOR('',#3979,1.);
#3979 = DIRECTION('',(-0.196441318168,0.980515583005,-2.405712315149E-17
    ));
#3980 = ORIENTED_EDGE('',*,*,#3981,.F.);
#3981 = EDGE_CURVE('',#3222,#3974,#3982,.T.);
#3982 = LINE('',#3983,#3984);
#3983 = CARTESIAN_POINT('',(-5.04331796227,1.690961727072,11.));
#3984 = VECTOR('',#3985,1.);
#3985 = DIRECTION('',(-0.119727287156,0.992806817417,-1.466236389862E-17
    ));
#3986 = FACE_BOUND('',#3987,.T.);
#3987 = EDGE_LOOP('',(#3988,#3998,#4006,#4014,#4022,#4030,#4038,#4046,
    #4054,#4062,#4070,#4078,#4086,#4094,#4102,#4110,#4118,#4126,#4134,
    #4142,#4150,#4158,#4166,#4174,#4182,#4190,#4198,#4206,#4214,#4222,
    #4230,#4238,#4246,#4254,#4262,#4270,#4278,#4286,#4294,#4302,#4310,
    #4318,#4326,#4334,#4342,#4350,#4358,#4366,#4374,#4382,#4390,#4398,
    #4406,#4414,#4422,#4430,#4438,#4446,#4454,#4462,#4470,#4478,#4486,
    #4494,#4502,#4510,#4518,#4526,#4534,#4542,#4550,#4558,#4566,#4574,
    #4582,#4590,#4598,#4606,#4614,#4622,#4630,#4638,#4646,#4654,#4662,
    #4670,#4678,#4686,#4694,#4702,#4710,#4718,#4726,#4734,#4742,#4750));
#3988 = ORIENTED_EDGE('',*,*,#3989,.F.);
#3989 = EDGE_CURVE('',#3990,#3992,#3994,.T.);
#3990 = VERTEX_POINT('',#3991);
#3991 = CARTESIAN_POINT('',(5.7,7.125,11.));
#3992 = VERTEX_POINT('',#3993);
#3993 = CARTESIAN_POINT('',(5.698992840893,7.144675194331,11.));
#3994 = LINE('',#3995,#3996);
#3995 = CARTESIAN_POINT('',(5.957675071048,2.091230198877,11.));
#3996 = VECTOR('',#3997,1.);
#3997 = DIRECTION('',(-5.112234860387E-02,0.998692397825,
    -6.260682058263E-18));
#3998 = ORIENTED_EDGE('',*,*,#3999,.F.);
#3999 = EDGE_CURVE('',#4000,#3990,#4002,.T.);
#4000 = VERTEX_POINT('',#4001);
#4001 = CARTESIAN_POINT('',(5.701007159107,7.144675194331,11.));
#4002 = LINE('',#4003,#4004);
#4003 = CARTESIAN_POINT('',(5.426921256977,1.790314248813,11.));
#4004 = VECTOR('',#4005,1.);
#4005 = DIRECTION('',(-5.112234860387E-02,-0.998692397825,
    -6.260682058263E-18));
#4006 = ORIENTED_EDGE('',*,*,#4007,.F.);
#4007 = EDGE_CURVE('',#4008,#4000,#4010,.T.);
#4008 = VERTEX_POINT('',#4009);
#4009 = CARTESIAN_POINT('',(5.708005629866,7.202708159462,11.));
#4010 = LINE('',#4011,#4012);
#4011 = CARTESIAN_POINT('',(5.041275675038,1.674026601121,11.));
#4012 = VECTOR('',#4013,1.);
#4013 = DIRECTION('',(-0.119727287156,-0.992806817417,
    -1.466236389862E-17));
#4014 = ORIENTED_EDGE('',*,*,#4015,.F.);
#4015 = EDGE_CURVE('',#4016,#4008,#4018,.T.);
#4016 = VERTEX_POINT('',#4017);
#4017 = CARTESIAN_POINT('',(5.726730659726,7.296172119801,11.));
#4018 = LINE('',#4019,#4020);
#4019 = CARTESIAN_POINT('',(4.590171549718,1.623160307612,11.));
#4020 = VECTOR('',#4021,1.);
#4021 = DIRECTION('',(-0.196441318168,-0.980515583005,
    -2.405712315149E-17));
#4022 = ORIENTED_EDGE('',*,*,#4023,.F.);
#4023 = EDGE_CURVE('',#4024,#4016,#4026,.T.);
#4024 = VERTEX_POINT('',#4025);
#4025 = CARTESIAN_POINT('',(5.762415318709,7.420356411104,11.));
#4026 = LINE('',#4027,#4028);
#4027 = CARTESIAN_POINT('',(4.107722997017,1.661949321056,11.));
#4028 = VECTOR('',#4029,1.);
#4029 = DIRECTION('',(-0.276176427856,-0.961106955909,
    -3.382185783732E-17));
#4030 = ORIENTED_EDGE('',*,*,#4031,.F.);
#4031 = EDGE_CURVE('',#4032,#4024,#4034,.T.);
#4032 = VERTEX_POINT('',#4033);
#4033 = CARTESIAN_POINT('',(5.819563905246,7.569007230939,11.));
#4034 = LINE('',#4035,#4036);
#4035 = CARTESIAN_POINT('',(3.603000946864,1.803442044769,11.));
#4036 = VECTOR('',#4037,1.);
#4037 = DIRECTION('',(-0.358843389204,-0.933397783383,
    -4.394564079841E-17));
#4038 = ORIENTED_EDGE('',*,*,#4039,.F.);
#4039 = EDGE_CURVE('',#4040,#4032,#4042,.T.);
#4040 = VERTEX_POINT('',#4041);
#4041 = CARTESIAN_POINT('',(5.901753688126,7.734644959196,11.));
#4042 = LINE('',#4043,#4044);
#4043 = CARTESIAN_POINT('',(3.087626326115,2.063311528913,11.));
#4044 = VECTOR('',#4045,1.);
#4045 = DIRECTION('',(-0.444489822093,-0.895783901427,
    -5.443430378794E-17));
#4046 = ORIENTED_EDGE('',*,*,#4047,.F.);
#4047 = EDGE_CURVE('',#4048,#4040,#4050,.T.);
#4048 = VERTEX_POINT('',#4049);
#4049 = CARTESIAN_POINT('',(6.011472711228,7.908939801589,11.));
#4050 = LINE('',#4051,#4052);
#4051 = CARTESIAN_POINT('',(2.581216495278,2.459784772515,11.));
#4052 = VECTOR('',#4053,1.);
#4053 = DIRECTION('',(-0.532736167676,-0.846281380895,-6.52413642534E-17
    ));
#4054 = ORIENTED_EDGE('',*,*,#4055,.F.);
#4055 = EDGE_CURVE('',#4056,#4048,#4058,.T.);
#4056 = VERTEX_POINT('',#4057);
#4057 = CARTESIAN_POINT('',(6.15,8.083124306069,11.));
#4058 = LINE('',#4059,#4060);
#4059 = CARTESIAN_POINT('',(2.115763589315,3.010466951818,11.));
#4060 = VECTOR('',#4061,1.);
#4061 = DIRECTION('',(-0.622444946473,-0.782663585847,
    -7.622752113431E-17));
#4062 = ORIENTED_EDGE('',*,*,#4063,.F.);
#4063 = EDGE_CURVE('',#4064,#4056,#4066,.T.);
#4064 = VERTEX_POINT('',#4065);
#4065 = CARTESIAN_POINT('',(6.31733287679,8.248419425248,11.));
#4066 = LINE('',#4067,#4068);
#4067 = CARTESIAN_POINT('',(1.73880929744,3.725652499643,11.));
#4068 = VECTOR('',#4069,1.);
#4069 = DIRECTION('',(-0.711425334177,-0.702761690683,
    -8.712447583323E-17));
#4070 = ORIENTED_EDGE('',*,*,#4071,.F.);
#4071 = EDGE_CURVE('',#4072,#4064,#4074,.T.);
#4072 = VERTEX_POINT('',#4073);
#4073 = CARTESIAN_POINT('',(6.512164279063,8.396450355027,11.));
#4074 = LINE('',#4075,#4076);
#4075 = CARTESIAN_POINT('',(1.512810912076,4.597992208276,11.));
#4076 = VECTOR('',#4077,1.);
#4077 = DIRECTION('',(-0.796242782062,-0.604977216111,
    -9.751161743968E-17));
#4078 = ORIENTED_EDGE('',*,*,#4079,.F.);
#4079 = EDGE_CURVE('',#4080,#4072,#4082,.T.);
#4080 = VERTEX_POINT('',#4081);
#4081 = CARTESIAN_POINT('',(6.731911049698,8.519629386402,11.));
#4082 = LINE('',#4083,#4084);
#4083 = CARTESIAN_POINT('',(1.507105289305,5.590865014442,11.));
#4084 = VECTOR('',#4085,1.);
#4085 = DIRECTION('',(-0.872301446251,-0.488968492715,
    -1.068261174043E-16));
#4086 = ORIENTED_EDGE('',*,*,#4087,.F.);
#4087 = EDGE_CURVE('',#4088,#4080,#4090,.T.);
#4088 = VERTEX_POINT('',#4089);
#4089 = CARTESIAN_POINT('',(6.972792206136,8.611485386505,11.));
#4090 = LINE('',#4091,#4092);
#4091 = CARTESIAN_POINT('',(1.780709130715,6.631571346903,11.));
#4092 = VECTOR('',#4093,1.);
#4093 = DIRECTION('',(-0.934369286479,-0.356306099421,
    -1.144272355908E-16));
#4094 = ORIENTED_EDGE('',*,*,#4095,.F.);
#4095 = EDGE_CURVE('',#4096,#4088,#4098,.T.);
#4096 = VERTEX_POINT('',#4097);
#4097 = CARTESIAN_POINT('',(7.229954270476,8.666923111866,11.));
#4098 = LINE('',#4099,#4100);
#4099 = CARTESIAN_POINT('',(2.360213275162,7.617128444155,11.));
#4100 = VECTOR('',#4101,1.);
#4101 = DIRECTION('',(-0.977543446606,-0.210733979218,
    -1.197145452914E-16));
#4102 = ORIENTED_EDGE('',*,*,#4103,.F.);
#4103 = EDGE_CURVE('',#4104,#4096,#4106,.T.);
#4104 = VERTEX_POINT('',#4105);
#4105 = CARTESIAN_POINT('',(7.497638929658,8.682400111072,11.));
#4106 = LINE('',#4107,#4108);
#4107 = CARTESIAN_POINT('',(3.223979156641,8.435305529277,11.));
#4108 = VECTOR('',#4109,1.);
#4109 = DIRECTION('',(-0.998332716839,-5.772162929704E-02,
    -1.222604966161E-16));
#4110 = ORIENTED_EDGE('',*,*,#4111,.F.);
#4111 = EDGE_CURVE('',#4112,#4104,#4114,.T.);
#4112 = VERTEX_POINT('',#4113);
#4113 = CARTESIAN_POINT('',(7.769386663402,8.656014194941,11.));
#4114 = LINE('',#4115,#4116);
#4115 = CARTESIAN_POINT('',(4.303576771187,8.992534275097,11.));
#4116 = VECTOR('',#4117,1.);
#4117 = DIRECTION('',(-0.995319148731,9.664260017936E-02,
    -1.218914409623E-16));
#4118 = ORIENTED_EDGE('',*,*,#4119,.F.);
#4119 = EDGE_CURVE('',#4120,#4112,#4122,.T.);
#4120 = VERTEX_POINT('',#4121);
#4121 = CARTESIAN_POINT('',(8.038268590218,8.5875,11.));
#4122 = LINE('',#4123,#4124);
#4123 = CARTESIAN_POINT('',(5.502534737984,9.233634031875,11.));
#4124 = VECTOR('',#4125,1.);
#4125 = DIRECTION('',(-0.969035523679,0.246921351542,-1.186726252334E-16
    ));
#4126 = ORIENTED_EDGE('',*,*,#4127,.F.);
#4127 = EDGE_CURVE('',#4128,#4120,#4130,.T.);
#4128 = VERTEX_POINT('',#4129);
#4129 = CARTESIAN_POINT('',(8.297137691953,8.478138687855,11.));
#4130 = LINE('',#4131,#4132);
#4131 = CARTESIAN_POINT('',(6.720435223802,9.144229193148,11.));
#4132 = VECTOR('',#4133,1.);
#4133 = DIRECTION('',(-0.921171728207,0.389156327397,-1.128110008413E-16
    ));
#4134 = ORIENTED_EDGE('',*,*,#4135,.F.);
#4135 = EDGE_CURVE('',#4136,#4128,#4138,.T.);
#4136 = VERTEX_POINT('',#4137);
#4137 = CARTESIAN_POINT('',(8.538889826909,8.330589958133,11.));
#4138 = LINE('',#4139,#4140);
#4139 = CARTESIAN_POINT('',(7.868991109787,8.739449655573,11.));
#4140 = VECTOR('',#4141,1.);
#4141 = DIRECTION('',(-0.853578122952,0.520964862556,-1.045331716095E-16
    ));
#4142 = ORIENTED_EDGE('',*,*,#4143,.F.);
#4143 = EDGE_CURVE('',#4144,#4136,#4146,.T.);
#4144 = VERTEX_POINT('',#4145);
#4145 = CARTESIAN_POINT('',(8.756724559354,8.148659984227,11.));
#4146 = LINE('',#4147,#4148);
#4147 = CARTESIAN_POINT('',(8.875139663194,8.049762730747,11.));
#4148 = VECTOR('',#4149,1.);
#4149 = DIRECTION('',(-0.767525907627,0.64101792574,-9.399481460387E-17)
  );
#4150 = ORIENTED_EDGE('',*,*,#4151,.F.);
#4151 = EDGE_CURVE('',#4152,#4144,#4154,.T.);
#4152 = VERTEX_POINT('',#4153);
#4153 = CARTESIAN_POINT('',(8.944395834048,7.937022337716,11.));
#4154 = LINE('',#4155,#4156);
#4155 = CARTESIAN_POINT('',(9.674912260799,7.11321604372,11.));
#4156 = VECTOR('',#4157,1.);
#4157 = DIRECTION('',(-0.663472539505,0.748200634405,-8.125195218264E-17
    ));
#4158 = ORIENTED_EDGE('',*,*,#4159,.F.);
#4159 = EDGE_CURVE('',#4160,#4152,#4162,.T.);
#4160 = VERTEX_POINT('',#4161);
#4161 = CARTESIAN_POINT('',(9.096442908161,7.700911245064,11.));
#4162 = LINE('',#4163,#4164);
#4163 = CARTESIAN_POINT('',(10.205913322186,5.978035134166,11.));
#4164 = VECTOR('',#4165,1.);
#4165 = DIRECTION('',(-0.541415974227,0.8407548649,-6.630433398439E-17)
  );
#4166 = ORIENTED_EDGE('',*,*,#4167,.F.);
#4167 = EDGE_CURVE('',#4168,#4160,#4170,.T.);
#4168 = VERTEX_POINT('',#4169);
#4169 = CARTESIAN_POINT('',(9.208392704969,7.445807495532,11.));
#4170 = LINE('',#4171,#4172);
#4171 = CARTESIAN_POINT('',(10.407188810402,4.714070680107,11.));
#4172 = VECTOR('',#4173,1.);
#4173 = DIRECTION('',(-0.401848697752,0.915706079545,-4.921227214433E-17
    ));
#4174 = ORIENTED_EDGE('',*,*,#4175,.F.);
#4175 = EDGE_CURVE('',#4176,#4168,#4178,.T.);
#4176 = VERTEX_POINT('',#4177);
#4177 = CARTESIAN_POINT('',(9.276925845107,7.177136956036,11.));
#4178 = LINE('',#4179,#4180);
#4179 = CARTESIAN_POINT('',(10.234039518856,3.424963240253,11.));
#4180 = VECTOR('',#4181,1.);
#4181 = DIRECTION('',(-0.247167922826,0.968972661083,-3.026934055402E-17
    ));
#4182 = ORIENTED_EDGE('',*,*,#4183,.F.);
#4183 = EDGE_CURVE('',#4184,#4176,#4186,.T.);
#4184 = VERTEX_POINT('',#4185);
#4185 = CARTESIAN_POINT('',(9.3,6.9,11.));
#4186 = LINE('',#4187,#4188);
#4187 = CARTESIAN_POINT('',(9.687548255498,2.245270743631,11.));
#4188 = VECTOR('',#4189,1.);
#4189 = DIRECTION('',(-8.297194587103E-02,0.996551883345,
    -1.0161132793E-17));
#4190 = ORIENTED_EDGE('',*,*,#4191,.F.);
#4191 = EDGE_CURVE('',#4192,#4184,#4194,.T.);
#4192 = VERTEX_POINT('',#4193);
#4193 = CARTESIAN_POINT('',(9.276925845107,6.618947360225,11.));
#4194 = LINE('',#4195,#4196);
#4195 = CARTESIAN_POINT('',(8.840930198259,1.308342137808,11.));
#4196 = VECTOR('',#4197,1.);
#4197 = DIRECTION('',(8.182375724519E-02,0.996646814448,
    1.002052024045E-17));
#4198 = ORIENTED_EDGE('',*,*,#4199,.F.);
#4199 = EDGE_CURVE('',#4200,#4192,#4202,.T.);
#4200 = VERTEX_POINT('',#4201);
#4201 = CARTESIAN_POINT('',(9.208392704969,6.337814181916,11.));
#4202 = LINE('',#4203,#4204);
#4203 = CARTESIAN_POINT('',(7.832699786009,0.694516327651,11.));
#4204 = VECTOR('',#4205,1.);
#4205 = DIRECTION('',(0.236838989617,0.971548914362,2.900441105476E-17)
  );
#4206 = ORIENTED_EDGE('',*,*,#4207,.F.);
#4207 = EDGE_CURVE('',#4208,#4200,#4210,.T.);
#4208 = VERTEX_POINT('',#4209);
#4209 = CARTESIAN_POINT('',(9.096442908161,6.059619651552,11.));
#4210 = LINE('',#4211,#4212);
#4211 = CARTESIAN_POINT('',(6.818237136198,0.398292852656,11.));
#4212 = VECTOR('',#4213,1.);
#4213 = DIRECTION('',(0.373321668482,0.927701962832,4.571871863585E-17)
  );
#4214 = ORIENTED_EDGE('',*,*,#4215,.F.);
#4215 = EDGE_CURVE('',#4216,#4208,#4218,.T.);
#4216 = VERTEX_POINT('',#4217);
#4217 = CARTESIAN_POINT('',(8.944395834048,5.786534820799,11.));
#4218 = LINE('',#4219,#4220);
#4219 = CARTESIAN_POINT('',(5.913517125858,0.342911496303,11.));
#4220 = VECTOR('',#4221,1.);
#4221 = DIRECTION('',(0.486457526341,0.873704226306,5.957386525552E-17)
  );
#4222 = ORIENTED_EDGE('',*,*,#4223,.F.);
#4223 = EDGE_CURVE('',#4224,#4216,#4226,.T.);
#4224 = VERTEX_POINT('',#4225);
#4225 = CARTESIAN_POINT('',(8.756724559354,5.519916461132,11.));
#4226 = LINE('',#4227,#4228);
#4227 = CARTESIAN_POINT('',(5.170965837654,0.425747893776,11.));
#4228 = VECTOR('',#4229,1.);
#4229 = DIRECTION('',(0.575597908502,0.817732870642,7.049041362427E-17)
  );
#4230 = ORIENTED_EDGE('',*,*,#4231,.F.);
#4231 = EDGE_CURVE('',#4232,#4224,#4234,.T.);
#4232 = VERTEX_POINT('',#4233);
#4233 = CARTESIAN_POINT('',(8.538889826909,5.260400299537,11.));
#4234 = LINE('',#4235,#4236);
#4235 = CARTESIAN_POINT('',(4.591342656929,0.557512574667,11.));
#4236 = VECTOR('',#4237,1.);
#4237 = DIRECTION('',(0.642917179881,0.765935702141,7.873464664585E-17)
  );
#4238 = ORIENTED_EDGE('',*,*,#4239,.F.);
#4239 = EDGE_CURVE('',#4240,#4232,#4242,.T.);
#4240 = VERTEX_POINT('',#4241);
#4241 = CARTESIAN_POINT('',(8.297137691953,5.008043097711,11.));
#4242 = LINE('',#4243,#4244);
#4243 = CARTESIAN_POINT('',(4.149129413028,0.678071978283,11.));
#4244 = VECTOR('',#4245,1.);
#4245 = DIRECTION('',(0.691770833651,0.72211710526,8.471749371745E-17));
#4246 = ORIENTED_EDGE('',*,*,#4247,.F.);
#4247 = EDGE_CURVE('',#4248,#4240,#4250,.T.);
#4248 = VERTEX_POINT('',#4249);
#4249 = CARTESIAN_POINT('',(8.038268590218,4.7625,11.));
#4250 = LINE('',#4251,#4252);
#4251 = CARTESIAN_POINT('',(3.812903648584,0.754647422096,11.));
#4252 = VECTOR('',#4253,1.);
#4253 = DIRECTION('',(0.725534596663,0.688185693723,8.885236214735E-17)
  );
#4254 = ORIENTED_EDGE('',*,*,#4255,.F.);
#4255 = EDGE_CURVE('',#4256,#4248,#4258,.T.);
#4256 = VERTEX_POINT('',#4257);
#4257 = CARTESIAN_POINT('',(7.769386663402,4.523221579414,11.));
#4258 = LINE('',#4259,#4260);
#4259 = CARTESIAN_POINT('',(3.555899661122,0.773633323313,11.));
#4260 = VECTOR('',#4261,1.);
#4261 = DIRECTION('',(0.747033593422,0.664786289193,9.148522990399E-17)
  );
#4262 = ORIENTED_EDGE('',*,*,#4263,.F.);
#4263 = EDGE_CURVE('',#4264,#4256,#4266,.T.);
#4264 = VERTEX_POINT('',#4265);
#4265 = CARTESIAN_POINT('',(7.497638929658,4.289654172111,11.));
#4266 = LINE('',#4267,#4268);
#4267 = CARTESIAN_POINT('',(3.359368876973,0.732807557036,11.));
#4268 = VECTOR('',#4269,1.);
#4269 = DIRECTION('',(0.758372304501,0.651821638001,9.28738215269E-17));
#4270 = ORIENTED_EDGE('',*,*,#4271,.F.);
#4271 = EDGE_CURVE('',#4272,#4264,#4274,.T.);
#4272 = VERTEX_POINT('',#4273);
#4273 = CARTESIAN_POINT('',(7.229954270476,4.061427442459,11.));
#4274 = LINE('',#4275,#4276);
#4275 = CARTESIAN_POINT('',(3.212330770563,0.636019818572,11.));
#4276 = VECTOR('',#4277,1.);
#4277 = DIRECTION('',(0.76096382253,0.648794313169,9.319119095285E-17));
#4278 = ORIENTED_EDGE('',*,*,#4279,.F.);
#4279 = EDGE_CURVE('',#4280,#4272,#4282,.T.);
#4280 = VERTEX_POINT('',#4281);
#4281 = CARTESIAN_POINT('',(6.972792206136,3.838514613495,11.));
#4282 = LINE('',#4283,#4284);
#4283 = CARTESIAN_POINT('',(3.11003758333,0.490207534178,11.));
#4284 = VECTOR('',#4285,1.);
#4285 = DIRECTION('',(0.755632305838,0.654996044548,9.253826846769E-17)
  );
#4286 = ORIENTED_EDGE('',*,*,#4287,.F.);
#4287 = EDGE_CURVE('',#4288,#4280,#4290,.T.);
#4288 = VERTEX_POINT('',#4289);
#4289 = CARTESIAN_POINT('',(6.731911049698,3.621353302933,11.));
#4290 = LINE('',#4291,#4292);
#4291 = CARTESIAN_POINT('',(3.052233308562,0.304017681789,11.));
#4292 = VECTOR('',#4293,1.);
#4293 = DIRECTION('',(0.742729259608,0.669591850998,9.095810104117E-17)
  );
#4294 = ORIENTED_EDGE('',*,*,#4295,.F.);
#4295 = EDGE_CURVE('',#4296,#4288,#4298,.T.);
#4296 = VERTEX_POINT('',#4297);
#4297 = CARTESIAN_POINT('',(6.512164279063,3.410918225195,11.));
#4298 = LINE('',#4299,#4300);
#4299 = CARTESIAN_POINT('',(3.041562825465,8.738229984127E-02,11.));
#4300 = VECTOR('',#4301,1.);
#4301 = DIRECTION('',(0.722243593415,0.691638772606,8.844933048799E-17)
  );
#4302 = ORIENTED_EDGE('',*,*,#4303,.F.);
#4303 = EDGE_CURVE('',#4304,#4296,#4306,.T.);
#4304 = VERTEX_POINT('',#4305);
#4305 = CARTESIAN_POINT('',(6.31733287679,3.208740903464,11.));
#4306 = LINE('',#4307,#4308);
#4307 = CARTESIAN_POINT('',(3.082157793534,-0.148413159132,11.));
#4308 = VECTOR('',#4309,1.);
#4309 = DIRECTION('',(0.693904290126,0.720067244183,8.497876678172E-17)
  );
#4310 = ORIENTED_EDGE('',*,*,#4311,.F.);
#4311 = EDGE_CURVE('',#4312,#4304,#4314,.T.);
#4312 = VERTEX_POINT('',#4313);
#4313 = CARTESIAN_POINT('',(6.15,3.016875693931,11.));
#4314 = LINE('',#4315,#4316);
#4315 = CARTESIAN_POINT('',(3.178312126561,-0.390485294796,11.));
#4316 = VECTOR('',#4317,1.);
#4317 = DIRECTION('',(0.657281974439,0.753644747927,8.049382661337E-17)
  );
#4318 = ORIENTED_EDGE('',*,*,#4319,.F.);
#4319 = EDGE_CURVE('',#4320,#4312,#4322,.T.);
#4320 = VERTEX_POINT('',#4321);
#4321 = CARTESIAN_POINT('',(6.011472711228,2.837815553437,11.));
#4322 = LINE('',#4323,#4324);
#4323 = CARTESIAN_POINT('',(3.333153729629,-0.624175057823,11.));
#4324 = VECTOR('',#4325,1.);
#4325 = DIRECTION('',(0.6118972053,0.790937298492,7.493579538782E-17));
#4326 = ORIENTED_EDGE('',*,*,#4327,.F.);
#4327 = EDGE_CURVE('',#4328,#4320,#4330,.T.);
#4328 = VERTEX_POINT('',#4329);
#4329 = CARTESIAN_POINT('',(5.901753688126,2.674364783134,11.));
#4330 = LINE('',#4331,#4332);
#4331 = CARTESIAN_POINT('',(3.547274363357,-0.833153315496,11.));
#4332 = VECTOR('',#4333,1.);
#4333 = DIRECTION('',(0.557341421115,0.830283409632,6.825463874005E-17)
  );
#4334 = ORIENTED_EDGE('',*,*,#4335,.F.);
#4335 = EDGE_CURVE('',#4336,#4328,#4338,.T.);
#4336 = VERTEX_POINT('',#4337);
#4337 = CARTESIAN_POINT('',(5.819563905246,2.52947918311,11.));
#4338 = LINE('',#4339,#4340);
#4339 = CARTESIAN_POINT('',(3.817378271421,-1.000008993565,11.));
#4340 = VECTOR('',#4341,1.);
#4341 = DIRECTION('',(0.493412145544,0.869795639578,6.042556047014E-17)
  );
#4342 = ORIENTED_EDGE('',*,*,#4343,.F.);
#4343 = EDGE_CURVE('',#4344,#4336,#4346,.T.);
#4344 = VERTEX_POINT('',#4345);
#4345 = CARTESIAN_POINT('',(5.762415318709,2.406086430381,11.));
#4346 = LINE('',#4347,#4348);
#4347 = CARTESIAN_POINT('',(4.135133330132,-1.107470355588,11.));
#4348 = VECTOR('',#4349,1.);
#4349 = DIRECTION('',(0.42025868162,0.907404342354,5.1466844926E-17));
#4350 = ORIENTED_EDGE('',*,*,#4351,.F.);
#4351 = EDGE_CURVE('',#4352,#4344,#4354,.T.);
#4352 = VERTEX_POINT('',#4353);
#4353 = CARTESIAN_POINT('',(5.726730659726,2.306900880515,11.));
#4354 = LINE('',#4355,#4356);
#4355 = CARTESIAN_POINT('',(4.486506423787,-1.140303781236,11.));
#4356 = VECTOR('',#4357,1.);
#4357 = DIRECTION('',(0.338533530214,0.940954328818,4.145840041802E-17)
  );
#4358 = ORIENTED_EDGE('',*,*,#4359,.F.);
#4359 = EDGE_CURVE('',#4360,#4352,#4362,.T.);
#4360 = VERTEX_POINT('',#4361);
#4361 = CARTESIAN_POINT('',(5.708005629866,2.234247299685,11.));
#4362 = LINE('',#4363,#4364);
#4363 = CARTESIAN_POINT('',(4.851805211638,-1.087831583815,11.));
#4364 = VECTOR('',#4365,1.);
#4365 = DIRECTION('',(0.24957458293,0.96835557909,3.056407141337E-17));
#4366 = ORIENTED_EDGE('',*,*,#4367,.F.);
#4367 = EDGE_CURVE('',#4368,#4360,#4370,.T.);
#4368 = VERTEX_POINT('',#4369);
#4369 = CARTESIAN_POINT('',(5.701007159107,2.189907245748,11.));
#4370 = LINE('',#4371,#4372);
#4371 = CARTESIAN_POINT('',(5.205802402026,-0.947550406923,11.));
#4372 = VECTOR('',#4373,1.);
#4373 = DIRECTION('',(0.155906270297,0.98777185366,1.909301148863E-17));
#4374 = ORIENTED_EDGE('',*,*,#4375,.F.);
#4375 = EDGE_CURVE('',#4376,#4368,#4378,.T.);
#4376 = VERTEX_POINT('',#4377);
#4377 = CARTESIAN_POINT('',(5.7,2.175,11.));
#4378 = LINE('',#4379,#4380);
#4379 = CARTESIAN_POINT('',(5.502718085289,-0.745025211664,11.));
#4380 = VECTOR('',#4381,1.);
#4381 = DIRECTION('',(6.740804648598E-02,0.997725490939,
    8.255104836583E-18));
#4382 = ORIENTED_EDGE('',*,*,#4383,.F.);
#4383 = EDGE_CURVE('',#4384,#4376,#4386,.T.);
#4384 = VERTEX_POINT('',#4385);
#4385 = CARTESIAN_POINT('',(5.698992840893,2.189907245748,11.));
#4386 = LINE('',#4387,#4388);
#4387 = CARTESIAN_POINT('',(5.869121846766,-0.328220110789,11.));
#4388 = VECTOR('',#4389,1.);
#4389 = DIRECTION('',(6.740804648598E-02,-0.997725490939,
    8.255104836583E-18));
#4390 = ORIENTED_EDGE('',*,*,#4391,.F.);
#4391 = EDGE_CURVE('',#4392,#4384,#4394,.T.);
#4392 = VERTEX_POINT('',#4393);
#4393 = CARTESIAN_POINT('',(5.691994370134,2.234247299685,11.));
#4394 = LINE('',#4395,#4396);
#4395 = CARTESIAN_POINT('',(6.042753217654,1.195235066175E-02,11.));
#4396 = VECTOR('',#4397,1.);
#4397 = DIRECTION('',(0.155906270297,-0.98777185366,1.909301148863E-17)
  );
#4398 = ORIENTED_EDGE('',*,*,#4399,.F.);
#4399 = EDGE_CURVE('',#4400,#4392,#4402,.T.);
#4400 = VERTEX_POINT('',#4401);
#4401 = CARTESIAN_POINT('',(5.673269340274,2.306900880515,11.));
#4402 = LINE('',#4403,#4404);
#4403 = CARTESIAN_POINT('',(6.159714398466,0.419481975548,11.));
#4404 = VECTOR('',#4405,1.);
#4405 = DIRECTION('',(0.24957458293,-0.96835557909,3.056407141337E-17));
#4406 = ORIENTED_EDGE('',*,*,#4407,.F.);
#4407 = EDGE_CURVE('',#4408,#4400,#4410,.T.);
#4408 = VERTEX_POINT('',#4409);
#4409 = CARTESIAN_POINT('',(5.637584681291,2.406086430381,11.));
#4410 = LINE('',#4411,#4412);
#4411 = CARTESIAN_POINT('',(6.198098692278,0.84813710504,11.));
#4412 = VECTOR('',#4413,1.);
#4413 = DIRECTION('',(0.338533530214,-0.940954328818,4.145840041802E-17)
  );
#4414 = ORIENTED_EDGE('',*,*,#4415,.F.);
#4415 = EDGE_CURVE('',#4416,#4408,#4418,.T.);
#4416 = VERTEX_POINT('',#4417);
#4417 = CARTESIAN_POINT('',(5.580436094754,2.52947918311,11.));
#4418 = LINE('',#4419,#4420);
#4419 = CARTESIAN_POINT('',(6.161296147358,1.275311316783,11.));
#4420 = VECTOR('',#4421,1.);
#4421 = DIRECTION('',(0.42025868162,-0.907404342354,5.1466844926E-17));
#4422 = ORIENTED_EDGE('',*,*,#4423,.F.);
#4423 = EDGE_CURVE('',#4424,#4416,#4426,.T.);
#4424 = VERTEX_POINT('',#4425);
#4425 = CARTESIAN_POINT('',(5.498246311874,2.674364783134,11.));
#4426 = LINE('',#4427,#4428);
#4427 = CARTESIAN_POINT('',(6.059714437518,1.684598860553,11.));
#4428 = VECTOR('',#4429,1.);
#4429 = DIRECTION('',(0.493412145544,-0.869795639578,6.042556047014E-17)
  );
#4430 = ORIENTED_EDGE('',*,*,#4431,.F.);
#4431 = EDGE_CURVE('',#4432,#4424,#4434,.T.);
#4432 = VERTEX_POINT('',#4433);
#4433 = CARTESIAN_POINT('',(5.388527288772,2.837815553437,11.));
#4434 = LINE('',#4435,#4436);
#4435 = CARTESIAN_POINT('',(5.907194116141,2.065146511489,11.));
#4436 = VECTOR('',#4437,1.);
#4437 = DIRECTION('',(0.557341421115,-0.830283409632,6.825463874005E-17)
  );
#4438 = ORIENTED_EDGE('',*,*,#4439,.F.);
#4439 = EDGE_CURVE('',#4440,#4432,#4442,.T.);
#4440 = VERTEX_POINT('',#4441);
#4441 = CARTESIAN_POINT('',(5.25,3.016875693931,11.));
#4442 = LINE('',#4443,#4444);
#4443 = CARTESIAN_POINT('',(5.718655212257,2.411092754744,11.));
#4444 = VECTOR('',#4445,1.);
#4445 = DIRECTION('',(0.6118972053,-0.790937298492,7.493579538782E-17));
#4446 = ORIENTED_EDGE('',*,*,#4447,.F.);
#4447 = EDGE_CURVE('',#4448,#4440,#4450,.T.);
#4448 = VERTEX_POINT('',#4449);
#4449 = CARTESIAN_POINT('',(5.08266712321,3.208740903464,11.));
#4450 = LINE('',#4451,#4452);
#4451 = CARTESIAN_POINT('',(5.508498290776,2.720479494479,11.));
#4452 = VECTOR('',#4453,1.);
#4453 = DIRECTION('',(0.657281974439,-0.753644747927,8.049382661337E-17)
  );
#4454 = ORIENTED_EDGE('',*,*,#4455,.F.);
#4455 = EDGE_CURVE('',#4456,#4448,#4458,.T.);
#4456 = VERTEX_POINT('',#4457);
#4457 = CARTESIAN_POINT('',(4.887835720937,3.410918225195,11.));
#4458 = LINE('',#4459,#4460);
#4459 = CARTESIAN_POINT('',(5.289717502295,2.993883900854,11.));
#4460 = VECTOR('',#4461,1.);
#4461 = DIRECTION('',(0.693904290126,-0.720067244183,8.497876678172E-17)
  );
#4462 = ORIENTED_EDGE('',*,*,#4463,.F.);
#4463 = EDGE_CURVE('',#4464,#4456,#4466,.T.);
#4464 = VERTEX_POINT('',#4465);
#4465 = CARTESIAN_POINT('',(4.668088950302,3.621353302933,11.));
#4466 = LINE('',#4467,#4468);
#4467 = CARTESIAN_POINT('',(5.073584112571,3.233040856984,11.));
#4468 = VECTOR('',#4469,1.);
#4469 = DIRECTION('',(0.722243593415,-0.691638772606,8.844933048799E-17)
  );
#4470 = ORIENTED_EDGE('',*,*,#4471,.F.);
#4471 = EDGE_CURVE('',#4472,#4464,#4474,.T.);
#4472 = VERTEX_POINT('',#4473);
#4473 = CARTESIAN_POINT('',(4.427207793864,3.838514613495,11.));
#4474 = LINE('',#4475,#4476);
#4475 = CARTESIAN_POINT('',(4.86968232788,3.439611058238,11.));
#4476 = VECTOR('',#4477,1.);
#4477 = DIRECTION('',(0.742729259608,-0.669591850998,9.095810104117E-17)
  );
#4478 = ORIENTED_EDGE('',*,*,#4479,.F.);
#4479 = EDGE_CURVE('',#4480,#4472,#4482,.T.);
#4480 = VERTEX_POINT('',#4481);
#4481 = CARTESIAN_POINT('',(4.170045729524,4.061427442459,11.));
#4482 = LINE('',#4483,#4484);
#4483 = CARTESIAN_POINT('',(4.686063080361,3.614134068281,11.));
#4484 = VECTOR('',#4485,1.);
#4485 = DIRECTION('',(0.755632305838,-0.654996044548,9.253826846769E-17)
  );
#4486 = ORIENTED_EDGE('',*,*,#4487,.F.);
#4487 = EDGE_CURVE('',#4488,#4480,#4490,.T.);
#4488 = VERTEX_POINT('',#4489);
#4489 = CARTESIAN_POINT('',(3.902361070342,4.289654172111,11.));
#4490 = LINE('',#4491,#4492);
#4491 = CARTESIAN_POINT('',(4.529293960589,3.755134025571,11.));
#4492 = VECTOR('',#4493,1.);
#4493 = DIRECTION('',(0.76096382253,-0.648794313169,9.319119095285E-17)
  );
#4494 = ORIENTED_EDGE('',*,*,#4495,.F.);
#4495 = EDGE_CURVE('',#4496,#4488,#4498,.T.);
#4496 = VERTEX_POINT('',#4497);
#4497 = CARTESIAN_POINT('',(3.630613336598,4.523221579414,11.));
#4498 = LINE('',#4499,#4500);
#4499 = CARTESIAN_POINT('',(4.404189549726,3.858332169072,11.));
#4500 = VECTOR('',#4501,1.);
#4501 = DIRECTION('',(0.758372304501,-0.651821638001,9.28738215269E-17)
  );
#4502 = ORIENTED_EDGE('',*,*,#4503,.F.);
#4503 = EDGE_CURVE('',#4504,#4496,#4506,.T.);
#4504 = VERTEX_POINT('',#4505);
#4505 = CARTESIAN_POINT('',(3.361731409782,4.7625,11.));
#4506 = LINE('',#4507,#4508);
#4507 = CARTESIAN_POINT('',(4.312985761969,3.915977358398,11.));
#4508 = VECTOR('',#4509,1.);
#4509 = DIRECTION('',(0.747033593422,-0.664786289193,9.148522990399E-17)
  );
#4510 = ORIENTED_EDGE('',*,*,#4511,.F.);
#4511 = EDGE_CURVE('',#4512,#4504,#4514,.T.);
#4512 = VERTEX_POINT('',#4513);
#4513 = CARTESIAN_POINT('',(3.102862308047,5.008043097711,11.));
#4514 = LINE('',#4515,#4516);
#4515 = CARTESIAN_POINT('',(4.253681730174,3.916465292862,11.));
#4516 = VECTOR('',#4517,1.);
#4517 = DIRECTION('',(0.725534596663,-0.688185693723,8.885236214735E-17)
  );
#4518 = ORIENTED_EDGE('',*,*,#4519,.F.);
#4519 = EDGE_CURVE('',#4520,#4512,#4522,.T.);
#4520 = VERTEX_POINT('',#4521);
#4521 = CARTESIAN_POINT('',(2.861110173091,5.260400299537,11.));
#4522 = LINE('',#4523,#4524);
#4523 = CARTESIAN_POINT('',(4.217279145419,3.844739556263,11.));
#4524 = VECTOR('',#4525,1.);
#4525 = DIRECTION('',(0.691770833651,-0.72211710526,8.471749371745E-17)
  );
#4526 = ORIENTED_EDGE('',*,*,#4527,.F.);
#4527 = EDGE_CURVE('',#4528,#4520,#4530,.T.);
#4528 = VERTEX_POINT('',#4529);
#4529 = CARTESIAN_POINT('',(2.643275440646,5.519916461132,11.));
#4530 = LINE('',#4531,#4532);
#4531 = CARTESIAN_POINT('',(4.183896515022,3.684506362816,11.));
#4532 = VECTOR('',#4533,1.);
#4533 = DIRECTION('',(0.642917179881,-0.765935702141,7.873464664585E-17)
  );
#4534 = ORIENTED_EDGE('',*,*,#4535,.F.);
#4535 = EDGE_CURVE('',#4536,#4528,#4538,.T.);
#4536 = VERTEX_POINT('',#4537);
#4537 = CARTESIAN_POINT('',(2.455604165952,5.786534820799,11.));
#4538 = LINE('',#4539,#4540);
#4539 = CARTESIAN_POINT('',(4.118634720369,3.423922432632,11.));
#4540 = VECTOR('',#4541,1.);
#4541 = DIRECTION('',(0.575597908502,-0.817732870642,7.049041362427E-17)
  );
#4542 = ORIENTED_EDGE('',*,*,#4543,.F.);
#4543 = EDGE_CURVE('',#4544,#4536,#4546,.T.);
#4544 = VERTEX_POINT('',#4545);
#4545 = CARTESIAN_POINT('',(2.303557091839,6.059619651552,11.));
#4546 = LINE('',#4547,#4548);
#4547 = CARTESIAN_POINT('',(3.970124690811,3.066373425929,11.));
#4548 = VECTOR('',#4549,1.);
#4549 = DIRECTION('',(0.486457526341,-0.873704226306,5.957386525552E-17)
  );
#4550 = ORIENTED_EDGE('',*,*,#4551,.F.);
#4551 = EDGE_CURVE('',#4552,#4544,#4554,.T.);
#4552 = VERTEX_POINT('',#4553);
#4553 = CARTESIAN_POINT('',(2.191607295031,6.337814181916,11.));
#4554 = LINE('',#4555,#4556);
#4555 = CARTESIAN_POINT('',(3.677506555313,2.645364006334,11.));
#4556 = VECTOR('',#4557,1.);
#4557 = DIRECTION('',(0.373321668482,-0.927701962832,4.571871863585E-17)
  );
#4558 = ORIENTED_EDGE('',*,*,#4559,.F.);
#4559 = EDGE_CURVE('',#4560,#4552,#4562,.T.);
#4560 = VERTEX_POINT('',#4561);
#4561 = CARTESIAN_POINT('',(2.123074154893,6.618947360225,11.));
#4562 = LINE('',#4563,#4564);
#4563 = CARTESIAN_POINT('',(3.19162072339,2.235609717014,11.));
#4564 = VECTOR('',#4565,1.);
#4565 = DIRECTION('',(0.236838989617,-0.971548914362,2.900441105476E-17)
  );
#4566 = ORIENTED_EDGE('',*,*,#4567,.F.);
#4567 = EDGE_CURVE('',#4568,#4560,#4570,.T.);
#4568 = VERTEX_POINT('',#4569);
#4569 = CARTESIAN_POINT('',(2.1,6.9,11.));
#4570 = LINE('',#4571,#4572);
#4571 = CARTESIAN_POINT('',(2.506782276156,1.945225575627,11.));
#4572 = VECTOR('',#4573,1.);
#4573 = DIRECTION('',(8.182375724519E-02,-0.996646814448,
    1.002052024045E-17));
#4574 = ORIENTED_EDGE('',*,*,#4575,.F.);
#4575 = EDGE_CURVE('',#4576,#4568,#4578,.T.);
#4576 = VERTEX_POINT('',#4577);
#4577 = CARTESIAN_POINT('',(2.123074154893,7.177136956036,11.));
#4578 = LINE('',#4579,#4580);
#4579 = CARTESIAN_POINT('',(1.682086691549,1.880564933852,11.));
#4580 = VECTOR('',#4581,1.);
#4581 = DIRECTION('',(-8.297194587104E-02,-0.996551883345,
    -1.0161132793E-17));
#4582 = ORIENTED_EDGE('',*,*,#4583,.F.);
#4583 = EDGE_CURVE('',#4584,#4576,#4586,.T.);
#4584 = VERTEX_POINT('',#4585);
#4585 = CARTESIAN_POINT('',(2.191607295031,7.445807495532,11.));
#4586 = LINE('',#4587,#4588);
#4587 = CARTESIAN_POINT('',(0.828385627693,2.101568196414,11.));
#4588 = VECTOR('',#4589,1.);
#4589 = DIRECTION('',(-0.247167922826,-0.968972661083,
    -3.026934055403E-17));
#4590 = ORIENTED_EDGE('',*,*,#4591,.F.);
#4591 = EDGE_CURVE('',#4592,#4584,#4594,.T.);
#4592 = VERTEX_POINT('',#4593);
#4593 = CARTESIAN_POINT('',(2.303557091839,7.700911245064,11.));
#4594 = LINE('',#4595,#4596);
#4595 = CARTESIAN_POINT('',(6.591019358826E-02,2.601910352276,11.));
#4596 = VECTOR('',#4597,1.);
#4597 = DIRECTION('',(-0.401848697752,-0.915706079545,
    -4.921227214433E-17));
#4598 = ORIENTED_EDGE('',*,*,#4599,.F.);
#4599 = EDGE_CURVE('',#4600,#4592,#4602,.T.);
#4600 = VERTEX_POINT('',#4601);
#4601 = CARTESIAN_POINT('',(2.455604165952,7.937022337716,11.));
#4602 = LINE('',#4603,#4604);
#4603 = CARTESIAN_POINT('',(-0.514057530811,3.325489546823,11.));
#4604 = VECTOR('',#4605,1.);
#4605 = DIRECTION('',(-0.541415974227,-0.8407548649,-6.630433398439E-17)
  );
#4606 = ORIENTED_EDGE('',*,*,#4607,.F.);
#4607 = EDGE_CURVE('',#4608,#4600,#4610,.T.);
#4608 = VERTEX_POINT('',#4609);
#4609 = CARTESIAN_POINT('',(2.643275440646,8.148659984227,11.));
#4610 = LINE('',#4611,#4612);
#4611 = CARTESIAN_POINT('',(-0.860364990156,4.197590667917,11.));
#4612 = VECTOR('',#4613,1.);
#4613 = DIRECTION('',(-0.663472539505,-0.748200634405,
    -8.125195218264E-17));
#4614 = ORIENTED_EDGE('',*,*,#4615,.F.);
#4615 = EDGE_CURVE('',#4616,#4608,#4618,.T.);
#4616 = VERTEX_POINT('',#4617);
#4617 = CARTESIAN_POINT('',(2.861110173091,8.330589958133,11.));
#4618 = LINE('',#4619,#4620);
#4619 = CARTESIAN_POINT('',(-0.951804149351,5.146141842821,11.));
#4620 = VECTOR('',#4621,1.);
#4621 = DIRECTION('',(-0.767525907627,-0.64101792574,-9.399481460387E-17
    ));
#4622 = ORIENTED_EDGE('',*,*,#4623,.F.);
#4623 = EDGE_CURVE('',#4624,#4616,#4626,.T.);
#4624 = VERTEX_POINT('',#4625);
#4625 = CARTESIAN_POINT('',(3.102862308047,8.478138687855,11.));
#4626 = LINE('',#4627,#4628);
#4627 = CARTESIAN_POINT('',(-0.782772755691,6.106616641434,11.));
#4628 = VECTOR('',#4629,1.);
#4629 = DIRECTION('',(-0.853578122952,-0.520964862556,
    -1.045331716095E-16));
#4630 = ORIENTED_EDGE('',*,*,#4631,.F.);
#4631 = EDGE_CURVE('',#4632,#4624,#4634,.T.);
#4632 = VERTEX_POINT('',#4633);
#4633 = CARTESIAN_POINT('',(3.361731409782,8.5875,11.));
#4634 = LINE('',#4635,#4636);
#4635 = CARTESIAN_POINT('',(-0.355815486756,7.016992728789,11.));
#4636 = VECTOR('',#4637,1.);
#4637 = DIRECTION('',(-0.921171728207,-0.389156327397,
    -1.128110008413E-16));
#4638 = ORIENTED_EDGE('',*,*,#4639,.F.);
#4639 = EDGE_CURVE('',#4640,#4632,#4642,.T.);
#4640 = VERTEX_POINT('',#4641);
#4641 = CARTESIAN_POINT('',(3.630613336598,8.656014194941,11.));
#4642 = LINE('',#4643,#4644);
#4643 = CARTESIAN_POINT('',(0.316423065969,7.811520550597,11.));
#4644 = VECTOR('',#4645,1.);
#4645 = DIRECTION('',(-0.969035523679,-0.246921351542,
    -1.186726252334E-16));
#4646 = ORIENTED_EDGE('',*,*,#4647,.F.);
#4647 = EDGE_CURVE('',#4648,#4640,#4650,.T.);
#4648 = VERTEX_POINT('',#4649);
#4649 = CARTESIAN_POINT('',(3.902361070342,8.682400111072,11.));
#4650 = LINE('',#4651,#4652);
#4651 = CARTESIAN_POINT('',(1.202561451183,8.420257404895,11.));
#4652 = VECTOR('',#4653,1.);
#4653 = DIRECTION('',(-0.995319148731,-9.664260017936E-02,
    -1.218914409623E-16));
#4654 = ORIENTED_EDGE('',*,*,#4655,.F.);
#4655 = EDGE_CURVE('',#4656,#4648,#4658,.T.);
#4656 = VERTEX_POINT('',#4657);
#4657 = CARTESIAN_POINT('',(4.170045729524,8.666923111866,11.));
#4658 = LINE('',#4659,#4660);
#4659 = CARTESIAN_POINT('',(2.243559302815,8.778308758648,11.));
#4660 = VECTOR('',#4661,1.);
#4661 = DIRECTION('',(-0.998332716839,5.772162929705E-02,
    -1.222604966161E-16));
#4662 = ORIENTED_EDGE('',*,*,#4663,.F.);
#4663 = EDGE_CURVE('',#4664,#4656,#4666,.T.);
#4664 = VERTEX_POINT('',#4665);
#4665 = CARTESIAN_POINT('',(4.427207793864,8.611485386505,11.));
#4666 = LINE('',#4667,#4668);
#4667 = CARTESIAN_POINT('',(3.352082602533,8.843255555404,11.));
#4668 = VECTOR('',#4669,1.);
#4669 = DIRECTION('',(-0.977543446606,0.210733979218,-1.197145452914E-16
    ));
#4670 = ORIENTED_EDGE('',*,*,#4671,.F.);
#4671 = EDGE_CURVE('',#4672,#4664,#4674,.T.);
#4672 = VERTEX_POINT('',#4673);
#4673 = CARTESIAN_POINT('',(4.668088950302,8.519629386402,11.));
#4674 = LINE('',#4675,#4676);
#4675 = CARTESIAN_POINT('',(4.425864670694,8.611997564061,11.));
#4676 = VECTOR('',#4677,1.);
#4677 = DIRECTION('',(-0.934369286479,0.356306099421,-1.144272355908E-16
    ));
#4678 = ORIENTED_EDGE('',*,*,#4679,.F.);
#4679 = EDGE_CURVE('',#4680,#4672,#4682,.T.);
#4680 = VERTEX_POINT('',#4681);
#4681 = CARTESIAN_POINT('',(4.887835720937,8.396450355027,11.));
#4682 = LINE('',#4683,#4684);
#4683 = CARTESIAN_POINT('',(5.371427313142,8.12537313402,11.));
#4684 = VECTOR('',#4685,1.);
#4685 = DIRECTION('',(-0.872301446251,0.488968492715,-1.068261174043E-16
    ));
#4686 = ORIENTED_EDGE('',*,*,#4687,.F.);
#4687 = EDGE_CURVE('',#4688,#4680,#4690,.T.);
#4688 = VERTEX_POINT('',#4689);
#4689 = CARTESIAN_POINT('',(5.08266712321,8.248419425248,11.));
#4690 = LINE('',#4691,#4692);
#4691 = CARTESIAN_POINT('',(6.125695495364,7.45593701269,11.));
#4692 = VECTOR('',#4693,1.);
#4693 = DIRECTION('',(-0.796242782062,0.604977216111,-9.751161743968E-17
    ));
#4694 = ORIENTED_EDGE('',*,*,#4695,.F.);
#4695 = EDGE_CURVE('',#4696,#4688,#4698,.T.);
#4696 = VERTEX_POINT('',#4697);
#4697 = CARTESIAN_POINT('',(5.25,8.083124306069,11.));
#4698 = LINE('',#4699,#4700);
#4699 = CARTESIAN_POINT('',(6.664279163236,6.686068047168,11.));
#4700 = VECTOR('',#4701,1.);
#4701 = DIRECTION('',(-0.711425334177,0.702761690683,-8.712447583323E-17
    ));
#4702 = ORIENTED_EDGE('',*,*,#4703,.F.);
#4703 = EDGE_CURVE('',#4704,#4696,#4706,.T.);
#4704 = VERTEX_POINT('',#4705);
#4705 = CARTESIAN_POINT('',(5.388527288772,7.908939801589,11.));
#4706 = LINE('',#4707,#4708);
#4707 = CARTESIAN_POINT('',(6.995328242049,5.888544900865,11.));
#4708 = VECTOR('',#4709,1.);
#4709 = DIRECTION('',(-0.622444946473,0.782663585847,-7.622752113431E-17
    ));
#4710 = ORIENTED_EDGE('',*,*,#4711,.F.);
#4711 = EDGE_CURVE('',#4712,#4704,#4714,.T.);
#4712 = VERTEX_POINT('',#4713);
#4713 = CARTESIAN_POINT('',(5.498246311874,7.734644959196,11.));
#4714 = LINE('',#4715,#4716);
#4715 = CARTESIAN_POINT('',(7.146223118771,5.116741065213,11.));
#4716 = VECTOR('',#4717,1.);
#4717 = DIRECTION('',(-0.532736167676,0.846281380895,-6.52413642534E-17)
  );
#4718 = ORIENTED_EDGE('',*,*,#4719,.F.);
#4719 = EDGE_CURVE('',#4720,#4712,#4722,.T.);
#4720 = VERTEX_POINT('',#4721);
#4721 = CARTESIAN_POINT('',(5.580436094754,7.569007230939,11.));
#4722 = LINE('',#4723,#4724);
#4723 = CARTESIAN_POINT('',(7.150935033371,4.40396813106,11.));
#4724 = VECTOR('',#4725,1.);
#4725 = DIRECTION('',(-0.444489822093,0.895783901427,-5.443430378794E-17
    ));
#4726 = ORIENTED_EDGE('',*,*,#4727,.F.);
#4727 = EDGE_CURVE('',#4728,#4720,#4730,.T.);
#4728 = VERTEX_POINT('',#4729);
#4729 = CARTESIAN_POINT('',(5.637584681291,7.420356411104,11.));
#4730 = LINE('',#4731,#4732);
#4731 = CARTESIAN_POINT('',(7.041812700349,3.767778824933,11.));
#4732 = VECTOR('',#4733,1.);
#4733 = DIRECTION('',(-0.358843389204,0.933397783383,-4.394564079841E-17
    ));
#4734 = ORIENTED_EDGE('',*,*,#4735,.F.);
#4735 = EDGE_CURVE('',#4736,#4728,#4738,.T.);
#4736 = VERTEX_POINT('',#4737);
#4737 = CARTESIAN_POINT('',(5.673269340274,7.296172119801,11.));
#4738 = LINE('',#4739,#4740);
#4739 = CARTESIAN_POINT('',(6.845874830208,3.215449874013,11.));
#4740 = VECTOR('',#4741,1.);
#4741 = DIRECTION('',(-0.276176427855,0.961106955909,-3.382185783732E-17
    ));
#4742 = ORIENTED_EDGE('',*,*,#4743,.F.);
#4743 = EDGE_CURVE('',#4744,#4736,#4746,.T.);
#4744 = VERTEX_POINT('',#4745);
#4745 = CARTESIAN_POINT('',(5.691994370134,7.202708159462,11.));
#4746 = LINE('',#4747,#4748);
#4747 = CARTESIAN_POINT('',(6.584314645823,2.748788060051,11.));
#4748 = VECTOR('',#4749,1.);
#4749 = DIRECTION('',(-0.196441318168,0.980515583005,-2.405712315149E-17
    ));
#4750 = ORIENTED_EDGE('',*,*,#4751,.F.);
#4751 = EDGE_CURVE('',#3992,#4744,#4752,.T.);
#4752 = LINE('',#4753,#4754);
#4753 = CARTESIAN_POINT('',(6.274974684978,2.368498308512,11.));
#4754 = VECTOR('',#4755,1.);
#4755 = DIRECTION('',(-0.119727287156,0.992806817417,-1.466236389862E-17
    ));
#4756 = PLANE('',#4757);
#4757 = AXIS2_PLACEMENT_3D('',#4758,#4759,#4760);
#4758 = CARTESIAN_POINT('',(-0.386583065355,-3.28048783498,11.));
#4759 = DIRECTION('',(-1.224646799147E-16,-0.,1.));
#4760 = DIRECTION('',(1.,0.,1.224646799147E-16));
#4761 = ADVANCED_FACE('',(#4762),#4787,.T.);
#4762 = FACE_BOUND('',#4763,.F.);
#4763 = EDGE_LOOP('',(#4764,#4765,#4766,#4786));
#4764 = ORIENTED_EDGE('',*,*,#2416,.T.);
#4765 = ORIENTED_EDGE('',*,*,#2454,.T.);
#4766 = ORIENTED_EDGE('',*,*,#4767,.T.);
#4767 = EDGE_CURVE('',#2455,#2743,#4768,.T.);
#4768 = B_SPLINE_CURVE_WITH_KNOTS('',6,(#4769,#4770,#4771,#4772,#4773,
    #4774,#4775,#4776,#4777,#4778,#4779,#4780,#4781,#4782,#4783,#4784,
    #4785),.UNSPECIFIED.,.F.,.F.,(7,5,5,7),(0.,0.278927787637,
    0.562764833867,1.),.UNSPECIFIED.);
#4769 = CARTESIAN_POINT('',(10.631089015392,-15.98811891208,10.55));
#4770 = CARTESIAN_POINT('',(10.631089015392,-15.98811891208,
    10.584132250528));
#4771 = CARTESIAN_POINT('',(10.632406057515,-15.98351247924,
    10.618266910399));
#4772 = CARTESIAN_POINT('',(10.635040221712,-15.9742980537,
    10.651997496294));
#4773 = CARTESIAN_POINT('',(10.638971533814,-15.96058538194,
    10.68492881531));
#4774 = CARTESIAN_POINT('',(10.644162453713,-15.94257720581,
    10.716697326481));
#4775 = CARTESIAN_POINT('',(10.657070879566,-15.89813702531,
    10.777818869657));
#4776 = CARTESIAN_POINT('',(10.664831849479,-15.87155998143,
    10.80712237274));
#4777 = CARTESIAN_POINT('',(10.673788372524,-15.8411093194,
    10.834574144139));
#4778 = CARTESIAN_POINT('',(10.683872655288,-15.80713990479,
    10.859911843359));
#4779 = CARTESIAN_POINT('',(10.695007547886,-15.77004293319,
    10.882935492601));
#4780 = CARTESIAN_POINT('',(10.725753357228,-15.66886709821,
    10.935189434409));
#4781 = CARTESIAN_POINT('',(10.746692242955,-15.60104328782,
    10.961048106373));
#4782 = CARTESIAN_POINT('',(10.769626539886,-15.52819351917,
    10.980569189951));
#4783 = CARTESIAN_POINT('',(10.794223935149,-15.45181064119,
    10.993553374052));
#4784 = CARTESIAN_POINT('',(10.820128108589,-15.37329203722,
    11.000000030326));
#4785 = CARTESIAN_POINT('',(10.846924193293,-15.29400979288,11.));
#4786 = ORIENTED_EDGE('',*,*,#2751,.F.);
#4787 = TOROIDAL_SURFACE('',#4788,4.35,0.45);
#4788 = AXIS2_PLACEMENT_3D('',#4789,#4790,#4791);
#4789 = CARTESIAN_POINT('',(15.,-14.,10.55));
#4790 = DIRECTION('',(-1.224646799147E-16,-0.,1.));
#4791 = DIRECTION('',(-1.,0.,-1.224646799147E-16));
#4792 = ADVANCED_FACE('',(#4793),#4805,.T.);
#4793 = FACE_BOUND('',#4794,.T.);
#4794 = EDGE_LOOP('',(#4795,#4796,#4803,#4804));
#4795 = ORIENTED_EDGE('',*,*,#2463,.F.);
#4796 = ORIENTED_EDGE('',*,*,#4797,.T.);
#4797 = EDGE_CURVE('',#2455,#2496,#4798,.T.);
#4798 = CIRCLE('',#4799,19.2);
#4799 = AXIS2_PLACEMENT_3D('',#4800,#4801,#4802);
#4800 = CARTESIAN_POINT('',(5.510910596163E-17,0.,10.55));
#4801 = DIRECTION('',(1.224646799147E-16,0.,-1.));
#4802 = DIRECTION('',(-1.,0.,-1.224646799147E-16));
#4803 = ORIENTED_EDGE('',*,*,#2495,.T.);
#4804 = ORIENTED_EDGE('',*,*,#2631,.F.);
#4805 = CYLINDRICAL_SURFACE('',#4806,19.2);
#4806 = AXIS2_PLACEMENT_3D('',#4807,#4808,#4809);
#4807 = CARTESIAN_POINT('',(0.,0.,11.));
#4808 = DIRECTION('',(1.224646799147E-16,0.,-1.));
#4809 = DIRECTION('',(-1.,0.,-1.224646799147E-16));
#4810 = ADVANCED_FACE('',(#4811),#4842,.T.);
#4811 = FACE_BOUND('',#4812,.F.);
#4812 = EDGE_LOOP('',(#4813,#4814,#4821,#4822));
#4813 = ORIENTED_EDGE('',*,*,#2503,.T.);
#4814 = ORIENTED_EDGE('',*,*,#4815,.T.);
#4815 = EDGE_CURVE('',#2504,#2725,#4816,.T.);
#4816 = CIRCLE('',#4817,0.45);
#4817 = AXIS2_PLACEMENT_3D('',#4818,#4819,#4820);
#4818 = CARTESIAN_POINT('',(-19.35,-14.,10.55));
#4819 = DIRECTION('',(0.,1.,0.));
#4820 = DIRECTION('',(-1.,0.,-1.224646799147E-16));
#4821 = ORIENTED_EDGE('',*,*,#2733,.F.);
#4822 = ORIENTED_EDGE('',*,*,#4823,.T.);
#4823 = EDGE_CURVE('',#2734,#2496,#4824,.T.);
#4824 = B_SPLINE_CURVE_WITH_KNOTS('',6,(#4825,#4826,#4827,#4828,#4829,
    #4830,#4831,#4832,#4833,#4834,#4835,#4836,#4837,#4838,#4839,#4840,
    #4841),.UNSPECIFIED.,.F.,.F.,(7,5,5,7),(0.,0.437004893626,
    0.722019180685,1.),.UNSPECIFIED.);
#4825 = CARTESIAN_POINT('',(-10.84692419331,-15.29400979287,11.));
#4826 = CARTESIAN_POINT('',(-10.82014222178,-15.3732502801,
    11.000000030183));
#4827 = CARTESIAN_POINT('',(-10.7942512199,-15.45172793808,
    10.993560163534));
#4828 = CARTESIAN_POINT('',(-10.76966540344,-15.52807283753,
    10.980589697313));
#4829 = CARTESIAN_POINT('',(-10.74674056128,-15.60088980938,
    10.961089220142));
#4830 = CARTESIAN_POINT('',(-10.7258085024,-15.66868847972,
    10.935257513051));
#4831 = CARTESIAN_POINT('',(-10.69501233018,-15.7700253454,
    10.882960277939));
#4832 = CARTESIAN_POINT('',(-10.68383106774,-15.80727724636,
    10.859840444212));
#4833 = CARTESIAN_POINT('',(-10.67370923937,-15.84137520924,
    10.834387300139));
#4834 = CARTESIAN_POINT('',(-10.66472495709,-15.87192310509,
    10.806803437629));
#4835 = CARTESIAN_POINT('',(-10.65694680702,-15.89856183105,
    10.777354846467));
#4836 = CARTESIAN_POINT('',(-10.64407448163,-15.94288240057,
    10.716157907197));
#4837 = CARTESIAN_POINT('',(-10.63891823414,-15.96077130051,
    10.684481540886));
#4838 = CARTESIAN_POINT('',(-10.63501343615,-15.97439175258,
    10.651653913623));
#4839 = CARTESIAN_POINT('',(-10.63239712932,-15.98354370298,
    10.618035114909));
#4840 = CARTESIAN_POINT('',(-10.63108901539,-15.98811891208,
    10.584016372177));
#4841 = CARTESIAN_POINT('',(-10.63108901539,-15.98811891208,10.55));
#4842 = TOROIDAL_SURFACE('',#4843,4.35,0.45);
#4843 = AXIS2_PLACEMENT_3D('',#4844,#4845,#4846);
#4844 = CARTESIAN_POINT('',(-15.,-14.,10.55));
#4845 = DIRECTION('',(-1.224646799147E-16,-0.,1.));
#4846 = DIRECTION('',(-1.,0.,-1.224646799147E-16));
#4847 = ADVANCED_FACE('',(#4848),#4854,.T.);
#4848 = FACE_BOUND('',#4849,.F.);
#4849 = EDGE_LOOP('',(#4850,#4851,#4852,#4853));
#4850 = ORIENTED_EDGE('',*,*,#2724,.F.);
#4851 = ORIENTED_EDGE('',*,*,#4815,.F.);
#4852 = ORIENTED_EDGE('',*,*,#2512,.T.);
#4853 = ORIENTED_EDGE('',*,*,#2540,.T.);
#4854 = TOROIDAL_SURFACE('',#4855,4.35,0.45);
#4855 = AXIS2_PLACEMENT_3D('',#4856,#4857,#4858);
#4856 = CARTESIAN_POINT('',(-15.,-14.,10.55));
#4857 = DIRECTION('',(-1.224646799147E-16,-0.,1.));
#4858 = DIRECTION('',(-1.,0.,-1.224646799147E-16));
#4859 = ADVANCED_FACE('',(#4860,#4871),#4874,.F.);
#4860 = FACE_BOUND('',#4861,.F.);
#4861 = EDGE_LOOP('',(#4862));
#4862 = ORIENTED_EDGE('',*,*,#4863,.T.);
#4863 = EDGE_CURVE('',#4864,#4864,#4866,.T.);
#4864 = VERTEX_POINT('',#4865);
#4865 = CARTESIAN_POINT('',(11.85,-14.,8.6));
#4866 = CIRCLE('',#4867,3.15);
#4867 = AXIS2_PLACEMENT_3D('',#4868,#4869,#4870);
#4868 = CARTESIAN_POINT('',(15.,-14.,8.6));
#4869 = DIRECTION('',(1.224646799147E-16,0.,-1.));
#4870 = DIRECTION('',(-1.,0.,-1.224646799147E-16));
#4871 = FACE_BOUND('',#4872,.F.);
#4872 = EDGE_LOOP('',(#4873));
#4873 = ORIENTED_EDGE('',*,*,#2658,.F.);
#4874 = PLANE('',#4875);
#4875 = AXIS2_PLACEMENT_3D('',#4876,#4877,#4878);
#4876 = CARTESIAN_POINT('',(15.,-14.,8.6));
#4877 = DIRECTION('',(1.224646799147E-16,0.,-1.));
#4878 = DIRECTION('',(-1.,0.,-1.224646799147E-16));
#4879 = ADVANCED_FACE('',(#4880,#4891),#4894,.F.);
#4880 = FACE_BOUND('',#4881,.F.);
#4881 = EDGE_LOOP('',(#4882));
#4882 = ORIENTED_EDGE('',*,*,#4883,.T.);
#4883 = EDGE_CURVE('',#4884,#4884,#4886,.T.);
#4884 = VERTEX_POINT('',#4885);
#4885 = CARTESIAN_POINT('',(-18.15,-14.,8.6));
#4886 = CIRCLE('',#4887,3.15);
#4887 = AXIS2_PLACEMENT_3D('',#4888,#4889,#4890);
#4888 = CARTESIAN_POINT('',(-15.,-14.,8.6));
#4889 = DIRECTION('',(1.224646799147E-16,0.,-1.));
#4890 = DIRECTION('',(-1.,0.,-1.224646799147E-16));
#4891 = FACE_BOUND('',#4892,.F.);
#4892 = EDGE_LOOP('',(#4893));
#4893 = ORIENTED_EDGE('',*,*,#2683,.F.);
#4894 = PLANE('',#4895);
#4895 = AXIS2_PLACEMENT_3D('',#4896,#4897,#4898);
#4896 = CARTESIAN_POINT('',(-15.,-14.,8.6));
#4897 = DIRECTION('',(1.224646799147E-16,0.,-1.));
#4898 = DIRECTION('',(-1.,0.,-1.224646799147E-16));
#4899 = ADVANCED_FACE('',(#4900,#4903),#4914,.T.);
#4900 = FACE_BOUND('',#4901,.T.);
#4901 = EDGE_LOOP('',(#4902));
#4902 = ORIENTED_EDGE('',*,*,#2707,.T.);
#4903 = FACE_BOUND('',#4904,.T.);
#4904 = EDGE_LOOP('',(#4905));
#4905 = ORIENTED_EDGE('',*,*,#4906,.F.);
#4906 = EDGE_CURVE('',#4907,#4907,#4909,.T.);
#4907 = VERTEX_POINT('',#4908);
#4908 = CARTESIAN_POINT('',(-16.25,-3.980102097229E-15,6.45));
#4909 = CIRCLE('',#4910,16.25);
#4910 = AXIS2_PLACEMENT_3D('',#4911,#4912,#4913);
#4911 = CARTESIAN_POINT('',(5.57214293612E-16,0.,6.45));
#4912 = DIRECTION('',(1.224646799147E-16,0.,-1.));
#4913 = DIRECTION('',(-1.,0.,-1.224646799147E-16));
#4914 = PLANE('',#4915);
#4915 = AXIS2_PLACEMENT_3D('',#4916,#4917,#4918);
#4916 = CARTESIAN_POINT('',(5.57214293612E-16,0.,6.45));
#4917 = DIRECTION('',(1.224646799147E-16,0.,-1.));
#4918 = DIRECTION('',(-1.,0.,-1.224646799147E-16));
#4919 = ADVANCED_FACE('',(#4920),#4926,.T.);
#4920 = FACE_BOUND('',#4921,.F.);
#4921 = EDGE_LOOP('',(#4922,#4923,#4924,#4925));
#4922 = ORIENTED_EDGE('',*,*,#4767,.F.);
#4923 = ORIENTED_EDGE('',*,*,#4797,.T.);
#4924 = ORIENTED_EDGE('',*,*,#4823,.F.);
#4925 = ORIENTED_EDGE('',*,*,#2742,.F.);
#4926 = TOROIDAL_SURFACE('',#4927,18.75,0.45);
#4927 = AXIS2_PLACEMENT_3D('',#4928,#4929,#4930);
#4928 = CARTESIAN_POINT('',(5.510910596163E-17,0.,10.55));
#4929 = DIRECTION('',(-1.224646799147E-16,-0.,1.));
#4930 = DIRECTION('',(-1.,0.,-1.224646799147E-16));
#4931 = ADVANCED_FACE('',(#4932),#4943,.F.);
#4932 = FACE_BOUND('',#4933,.F.);
#4933 = EDGE_LOOP('',(#4934,#4940,#4941,#4942));
#4934 = ORIENTED_EDGE('',*,*,#4935,.T.);
#4935 = EDGE_CURVE('',#2762,#4884,#4936,.T.);
#4936 = LINE('',#4937,#4938);
#4937 = CARTESIAN_POINT('',(-18.15,-14.,11.1));
#4938 = VECTOR('',#4939,1.);
#4939 = DIRECTION('',(1.224646799147E-16,0.,-1.));
#4940 = ORIENTED_EDGE('',*,*,#4883,.F.);
#4941 = ORIENTED_EDGE('',*,*,#4935,.F.);
#4942 = ORIENTED_EDGE('',*,*,#2761,.T.);
#4943 = CYLINDRICAL_SURFACE('',#4944,3.15);
#4944 = AXIS2_PLACEMENT_3D('',#4945,#4946,#4947);
#4945 = CARTESIAN_POINT('',(-15.,-14.,11.1));
#4946 = DIRECTION('',(1.224646799147E-16,0.,-1.));
#4947 = DIRECTION('',(-1.,0.,-1.224646799147E-16));
#4948 = ADVANCED_FACE('',(#4949),#4960,.F.);
#4949 = FACE_BOUND('',#4950,.F.);
#4950 = EDGE_LOOP('',(#4951,#4957,#4958,#4959));
#4951 = ORIENTED_EDGE('',*,*,#4952,.T.);
#4952 = EDGE_CURVE('',#2773,#4864,#4953,.T.);
#4953 = LINE('',#4954,#4955);
#4954 = CARTESIAN_POINT('',(11.85,-14.,11.1));
#4955 = VECTOR('',#4956,1.);
#4956 = DIRECTION('',(1.224646799147E-16,0.,-1.));
#4957 = ORIENTED_EDGE('',*,*,#4863,.F.);
#4958 = ORIENTED_EDGE('',*,*,#4952,.F.);
#4959 = ORIENTED_EDGE('',*,*,#2772,.T.);
#4960 = CYLINDRICAL_SURFACE('',#4961,3.15);
#4961 = AXIS2_PLACEMENT_3D('',#4962,#4963,#4964);
#4962 = CARTESIAN_POINT('',(15.,-14.,11.1));
#4963 = DIRECTION('',(1.224646799147E-16,0.,-1.));
#4964 = DIRECTION('',(-1.,0.,-1.224646799147E-16));
#4965 = ADVANCED_FACE('',(#4966),#4991,.T.);
#4966 = FACE_BOUND('',#4967,.T.);
#4967 = EDGE_LOOP('',(#4968,#4969,#4977,#4985));
#4968 = ORIENTED_EDGE('',*,*,#2783,.F.);
#4969 = ORIENTED_EDGE('',*,*,#4970,.T.);
#4970 = EDGE_CURVE('',#2784,#4971,#4973,.T.);
#4971 = VERTEX_POINT('',#4972);
#4972 = CARTESIAN_POINT('',(5.24257308345,-3.670889192647,9.8));
#4973 = LINE('',#4974,#4975);
#4974 = CARTESIAN_POINT('',(5.24257308345,-3.670889192647,11.1));
#4975 = VECTOR('',#4976,1.);
#4976 = DIRECTION('',(1.224646799147E-16,0.,-1.));
#4977 = ORIENTED_EDGE('',*,*,#4978,.F.);
#4978 = EDGE_CURVE('',#4979,#4971,#4981,.T.);
#4979 = VERTEX_POINT('',#4980);
#4980 = CARTESIAN_POINT('',(5.54256258422,-3.2,9.8));
#4981 = LINE('',#4982,#4983);
#4982 = CARTESIAN_POINT('',(5.317570458642,-3.553166894485,9.8));
#4983 = VECTOR('',#4984,1.);
#4984 = DIRECTION('',(-0.537299608347,-0.843391445813,
    -6.580022455451E-17));
#4985 = ORIENTED_EDGE('',*,*,#4986,.F.);
#4986 = EDGE_CURVE('',#2786,#4979,#4987,.T.);
#4987 = LINE('',#4988,#4989);
#4988 = CARTESIAN_POINT('',(5.54256258422,-3.2,11.1));
#4989 = VECTOR('',#4990,1.);
#4990 = DIRECTION('',(1.224646799147E-16,0.,-1.));
#4991 = PLANE('',#4992);
#4992 = AXIS2_PLACEMENT_3D('',#4993,#4994,#4995);
#4993 = CARTESIAN_POINT('',(5.24257308345,-3.670889192647,11.1));
#4994 = DIRECTION('',(0.843391445813,-0.537299608347,1.032856634543E-16)
  );
#4995 = DIRECTION('',(0.537299608347,0.843391445813,6.580022455451E-17)
  );
#4996 = ADVANCED_FACE('',(#4997),#5015,.T.);
#4997 = FACE_BOUND('',#4998,.T.);
#4998 = EDGE_LOOP('',(#4999,#5000,#5008,#5014));
#4999 = ORIENTED_EDGE('',*,*,#3211,.F.);
#5000 = ORIENTED_EDGE('',*,*,#5001,.T.);
#5001 = EDGE_CURVE('',#3204,#5002,#5004,.T.);
#5002 = VERTEX_POINT('',#5003);
#5003 = CARTESIAN_POINT('',(4.902684435961,-4.113840701994,9.8));
#5004 = LINE('',#5005,#5006);
#5005 = CARTESIAN_POINT('',(4.902684435961,-4.113840701994,11.1));
#5006 = VECTOR('',#5007,1.);
#5007 = DIRECTION('',(1.224646799147E-16,0.,-1.));
#5008 = ORIENTED_EDGE('',*,*,#5009,.F.);
#5009 = EDGE_CURVE('',#4971,#5002,#5010,.T.);
#5010 = LINE('',#5011,#5012);
#5011 = CARTESIAN_POINT('',(4.987656597833,-4.003102824657,9.8));
#5012 = VECTOR('',#5013,1.);
#5013 = DIRECTION('',(-0.608761429009,-0.793353340291,
    -7.455177354799E-17));
#5014 = ORIENTED_EDGE('',*,*,#4970,.F.);
#5015 = PLANE('',#5016);
#5016 = AXIS2_PLACEMENT_3D('',#5017,#5018,#5019);
#5017 = CARTESIAN_POINT('',(4.902684435961,-4.113840701994,11.1));
#5018 = DIRECTION('',(0.793353340291,-0.608761429009,9.715776287805E-17)
  );
#5019 = DIRECTION('',(0.608761429009,0.793353340291,7.455177354799E-17)
  );
#5020 = ADVANCED_FACE('',(#5021),#5039,.T.);
#5021 = FACE_BOUND('',#5022,.T.);
#5022 = EDGE_LOOP('',(#5023,#5024,#5032,#5038));
#5023 = ORIENTED_EDGE('',*,*,#3203,.F.);
#5024 = ORIENTED_EDGE('',*,*,#5025,.T.);
#5025 = EDGE_CURVE('',#3196,#5026,#5028,.T.);
#5026 = VERTEX_POINT('',#5027);
#5027 = CARTESIAN_POINT('',(4.525483399594,-4.525483399594,9.8));
#5028 = LINE('',#5029,#5030);
#5029 = CARTESIAN_POINT('',(4.525483399594,-4.525483399594,11.1));
#5030 = VECTOR('',#5031,1.);
#5031 = DIRECTION('',(1.224646799147E-16,0.,-1.));
#5032 = ORIENTED_EDGE('',*,*,#5033,.F.);
#5033 = EDGE_CURVE('',#5002,#5026,#5034,.T.);
#5034 = LINE('',#5035,#5036);
#5035 = CARTESIAN_POINT('',(4.619783658686,-4.422572725194,9.8));
#5036 = VECTOR('',#5037,1.);
#5037 = DIRECTION('',(-0.675590207616,-0.73727733681,-8.273593852918E-17
    ));
#5038 = ORIENTED_EDGE('',*,*,#5001,.F.);
#5039 = PLANE('',#5040);
#5040 = AXIS2_PLACEMENT_3D('',#5041,#5042,#5043);
#5041 = CARTESIAN_POINT('',(4.525483399594,-4.525483399594,11.1));
#5042 = DIRECTION('',(0.73727733681,-0.675590207616,9.029043306084E-17)
  );
#5043 = DIRECTION('',(0.675590207616,0.73727733681,8.273593852918E-17));
#5044 = ADVANCED_FACE('',(#5045),#5063,.T.);
#5045 = FACE_BOUND('',#5046,.T.);
#5046 = EDGE_LOOP('',(#5047,#5048,#5056,#5062));
#5047 = ORIENTED_EDGE('',*,*,#3195,.F.);
#5048 = ORIENTED_EDGE('',*,*,#5049,.T.);
#5049 = EDGE_CURVE('',#3188,#5050,#5052,.T.);
#5050 = VERTEX_POINT('',#5051);
#5051 = CARTESIAN_POINT('',(4.113840701994,-4.902684435961,9.8));
#5052 = LINE('',#5053,#5054);
#5053 = CARTESIAN_POINT('',(4.113840701994,-4.902684435961,11.1));
#5054 = VECTOR('',#5055,1.);
#5055 = DIRECTION('',(1.224646799147E-16,0.,-1.));
#5056 = ORIENTED_EDGE('',*,*,#5057,.F.);
#5057 = EDGE_CURVE('',#5026,#5050,#5058,.T.);
#5058 = LINE('',#5059,#5060);
#5059 = CARTESIAN_POINT('',(4.216751376394,-4.80838417687,9.8));
#5060 = VECTOR('',#5061,1.);
#5061 = DIRECTION('',(-0.73727733681,-0.675590207616,-9.029043306084E-17
    ));
#5062 = ORIENTED_EDGE('',*,*,#5025,.F.);
#5063 = PLANE('',#5064);
#5064 = AXIS2_PLACEMENT_3D('',#5065,#5066,#5067);
#5065 = CARTESIAN_POINT('',(4.113840701994,-4.902684435961,11.1));
#5066 = DIRECTION('',(0.675590207616,-0.73727733681,8.273593852918E-17)
  );
#5067 = DIRECTION('',(0.73727733681,0.675590207616,9.029043306084E-17));
#5068 = ADVANCED_FACE('',(#5069),#5087,.T.);
#5069 = FACE_BOUND('',#5070,.T.);
#5070 = EDGE_LOOP('',(#5071,#5072,#5080,#5086));
#5071 = ORIENTED_EDGE('',*,*,#3187,.F.);
#5072 = ORIENTED_EDGE('',*,*,#5073,.T.);
#5073 = EDGE_CURVE('',#3180,#5074,#5076,.T.);
#5074 = VERTEX_POINT('',#5075);
#5075 = CARTESIAN_POINT('',(3.670889192647,-5.24257308345,9.8));
#5076 = LINE('',#5077,#5078);
#5077 = CARTESIAN_POINT('',(3.670889192647,-5.24257308345,11.1));
#5078 = VECTOR('',#5079,1.);
#5079 = DIRECTION('',(1.224646799147E-16,0.,-1.));
#5080 = ORIENTED_EDGE('',*,*,#5081,.F.);
#5081 = EDGE_CURVE('',#5050,#5074,#5082,.T.);
#5082 = LINE('',#5083,#5084);
#5083 = CARTESIAN_POINT('',(3.781627069983,-5.157600921578,9.8));
#5084 = VECTOR('',#5085,1.);
#5085 = DIRECTION('',(-0.793353340291,-0.608761429009,
    -9.715776287805E-17));
#5086 = ORIENTED_EDGE('',*,*,#5049,.F.);
#5087 = PLANE('',#5088);
#5088 = AXIS2_PLACEMENT_3D('',#5089,#5090,#5091);
#5089 = CARTESIAN_POINT('',(3.670889192647,-5.24257308345,11.1));
#5090 = DIRECTION('',(0.608761429009,-0.793353340291,7.455177354799E-17)
  );
#5091 = DIRECTION('',(0.793353340291,0.608761429009,9.715776287805E-17)
  );
#5092 = ADVANCED_FACE('',(#5093),#5111,.T.);
#5093 = FACE_BOUND('',#5094,.T.);
#5094 = EDGE_LOOP('',(#5095,#5096,#5104,#5110));
#5095 = ORIENTED_EDGE('',*,*,#3179,.F.);
#5096 = ORIENTED_EDGE('',*,*,#5097,.T.);
#5097 = EDGE_CURVE('',#3172,#5098,#5100,.T.);
#5098 = VERTEX_POINT('',#5099);
#5099 = CARTESIAN_POINT('',(3.2,-5.54256258422,9.8));
#5100 = LINE('',#5101,#5102);
#5101 = CARTESIAN_POINT('',(3.2,-5.54256258422,11.1));
#5102 = VECTOR('',#5103,1.);
#5103 = DIRECTION('',(1.224646799147E-16,0.,-1.));
#5104 = ORIENTED_EDGE('',*,*,#5105,.F.);
#5105 = EDGE_CURVE('',#5074,#5098,#5106,.T.);
#5106 = LINE('',#5107,#5108);
#5107 = CARTESIAN_POINT('',(3.317722298162,-5.467565209028,9.8));
#5108 = VECTOR('',#5109,1.);
#5109 = DIRECTION('',(-0.843391445813,-0.537299608347,
    -1.032856634543E-16));
#5110 = ORIENTED_EDGE('',*,*,#5073,.F.);
#5111 = PLANE('',#5112);
#5112 = AXIS2_PLACEMENT_3D('',#5113,#5114,#5115);
#5113 = CARTESIAN_POINT('',(3.2,-5.54256258422,11.1));
#5114 = DIRECTION('',(0.537299608347,-0.843391445813,6.580022455451E-17)
  );
#5115 = DIRECTION('',(0.843391445813,0.537299608347,1.032856634543E-16)
  );
#5116 = ADVANCED_FACE('',(#5117),#5135,.T.);
#5117 = FACE_BOUND('',#5118,.T.);
#5118 = EDGE_LOOP('',(#5119,#5120,#5128,#5134));
#5119 = ORIENTED_EDGE('',*,*,#3171,.F.);
#5120 = ORIENTED_EDGE('',*,*,#5121,.T.);
#5121 = EDGE_CURVE('',#3164,#5122,#5124,.T.);
#5122 = VERTEX_POINT('',#5123);
#5123 = CARTESIAN_POINT('',(2.70475687514,-5.800369837035,9.8));
#5124 = LINE('',#5125,#5126);
#5125 = CARTESIAN_POINT('',(2.70475687514,-5.800369837035,11.1));
#5126 = VECTOR('',#5127,1.);
#5127 = DIRECTION('',(1.224646799147E-16,0.,-1.));
#5128 = ORIENTED_EDGE('',*,*,#5129,.F.);
#5129 = EDGE_CURVE('',#5098,#5122,#5130,.T.);
#5130 = LINE('',#5131,#5132);
#5131 = CARTESIAN_POINT('',(2.828567656355,-5.735918023831,9.8));
#5132 = VECTOR('',#5133,1.);
#5133 = DIRECTION('',(-0.887010833178,-0.461748613235,
    -1.086274977661E-16));
#5134 = ORIENTED_EDGE('',*,*,#5097,.F.);
#5135 = PLANE('',#5136);
#5136 = AXIS2_PLACEMENT_3D('',#5137,#5138,#5139);
#5137 = CARTESIAN_POINT('',(2.70475687514,-5.800369837035,11.1));
#5138 = DIRECTION('',(0.461748613235,-0.887010833178,5.65478961209E-17)
  );
#5139 = DIRECTION('',(0.887010833178,0.461748613235,1.086274977661E-16)
  );
#5140 = ADVANCED_FACE('',(#5141),#5159,.T.);
#5141 = FACE_BOUND('',#5142,.T.);
#5142 = EDGE_LOOP('',(#5143,#5144,#5152,#5158));
#5143 = ORIENTED_EDGE('',*,*,#3163,.F.);
#5144 = ORIENTED_EDGE('',*,*,#5145,.T.);
#5145 = EDGE_CURVE('',#3156,#5146,#5148,.T.);
#5146 = VERTEX_POINT('',#5147);
#5147 = CARTESIAN_POINT('',(2.188928917284,-6.01403277303,9.8));
#5148 = LINE('',#5149,#5150);
#5149 = CARTESIAN_POINT('',(2.188928917284,-6.01403277303,11.1));
#5150 = VECTOR('',#5151,1.);
#5151 = DIRECTION('',(1.224646799147E-16,0.,-1.));
#5152 = ORIENTED_EDGE('',*,*,#5153,.F.);
#5153 = EDGE_CURVE('',#5122,#5146,#5154,.T.);
#5154 = LINE('',#5155,#5156);
#5155 = CARTESIAN_POINT('',(2.317885906748,-5.960617039031,9.8));
#5156 = VECTOR('',#5157,1.);
#5157 = DIRECTION('',(-0.923879532511,-0.382683432365,
    -1.131426112288E-16));
#5158 = ORIENTED_EDGE('',*,*,#5121,.F.);
#5159 = PLANE('',#5160);
#5160 = AXIS2_PLACEMENT_3D('',#5161,#5162,#5163);
#5161 = CARTESIAN_POINT('',(2.188928917284,-6.01403277303,11.1));
#5162 = DIRECTION('',(0.382683432365,-0.923879532511,4.686520405326E-17)
  );
#5163 = DIRECTION('',(0.923879532511,0.382683432365,1.131426112288E-16)
  );
#5164 = ADVANCED_FACE('',(#5165),#5183,.T.);
#5165 = FACE_BOUND('',#5166,.T.);
#5166 = EDGE_LOOP('',(#5167,#5168,#5176,#5182));
#5167 = ORIENTED_EDGE('',*,*,#3155,.F.);
#5168 = ORIENTED_EDGE('',*,*,#5169,.T.);
#5169 = EDGE_CURVE('',#3148,#5170,#5172,.T.);
#5170 = VERTEX_POINT('',#5171);
#5171 = CARTESIAN_POINT('',(1.656441888656,-6.18192528825,9.8));
#5172 = LINE('',#5173,#5174);
#5173 = CARTESIAN_POINT('',(1.656441888656,-6.18192528825,11.1));
#5174 = VECTOR('',#5175,1.);
#5175 = DIRECTION('',(1.224646799147E-16,0.,-1.));
#5176 = ORIENTED_EDGE('',*,*,#5177,.F.);
#5177 = EDGE_CURVE('',#5146,#5170,#5178,.T.);
#5178 = LINE('',#5179,#5180);
#5179 = CARTESIAN_POINT('',(1.789563645813,-6.139952159445,9.8));
#5180 = VECTOR('',#5181,1.);
#5181 = DIRECTION('',(-0.953716950748,-0.300705799504,
    -1.167966411026E-16));
#5182 = ORIENTED_EDGE('',*,*,#5145,.F.);
#5183 = PLANE('',#5184);
#5184 = AXIS2_PLACEMENT_3D('',#5185,#5186,#5187);
#5185 = CARTESIAN_POINT('',(1.656441888656,-6.18192528825,11.1));
#5186 = DIRECTION('',(0.300705799504,-0.953716950748,3.68258394848E-17)
  );
#5187 = DIRECTION('',(0.953716950748,0.300705799504,1.167966411026E-16)
  );
#5188 = ADVANCED_FACE('',(#5189),#5207,.T.);
#5189 = FACE_BOUND('',#5190,.T.);
#5190 = EDGE_LOOP('',(#5191,#5192,#5200,#5206));
#5191 = ORIENTED_EDGE('',*,*,#3147,.F.);
#5192 = ORIENTED_EDGE('',*,*,#5193,.T.);
#5193 = EDGE_CURVE('',#3140,#5194,#5196,.T.);
#5194 = VERTEX_POINT('',#5195);
#5195 = CARTESIAN_POINT('',(1.111348337068,-6.302769619278,9.8));
#5196 = LINE('',#5197,#5198);
#5197 = CARTESIAN_POINT('',(1.111348337068,-6.302769619278,11.1));
#5198 = VECTOR('',#5199,1.);
#5199 = DIRECTION('',(1.224646799147E-16,0.,-1.));
#5200 = ORIENTED_EDGE('',*,*,#5201,.F.);
#5201 = EDGE_CURVE('',#5170,#5194,#5202,.T.);
#5202 = LINE('',#5203,#5204);
#5203 = CARTESIAN_POINT('',(1.247621724965,-6.272558536521,9.8));
#5204 = VECTOR('',#5205,1.);
#5205 = DIRECTION('',(-0.97629600712,-0.216439613938,-1.19561778014E-16)
  );
#5206 = ORIENTED_EDGE('',*,*,#5169,.F.);
#5207 = PLANE('',#5208);
#5208 = AXIS2_PLACEMENT_3D('',#5209,#5210,#5211);
#5209 = CARTESIAN_POINT('',(1.111348337068,-6.302769619278,11.1));
#5210 = DIRECTION('',(0.216439613938,-0.97629600712,2.65062080418E-17));
#5211 = DIRECTION('',(0.97629600712,0.216439613938,1.19561778014E-16));
#5212 = ADVANCED_FACE('',(#5213),#5231,.T.);
#5213 = FACE_BOUND('',#5214,.T.);
#5214 = EDGE_LOOP('',(#5215,#5216,#5224,#5230));
#5215 = ORIENTED_EDGE('',*,*,#3139,.F.);
#5216 = ORIENTED_EDGE('',*,*,#5217,.T.);
#5217 = EDGE_CURVE('',#3132,#5218,#5220,.T.);
#5218 = VERTEX_POINT('',#5219);
#5219 = CARTESIAN_POINT('',(0.557796753585,-6.375646067787,9.8));
#5220 = LINE('',#5221,#5222);
#5221 = CARTESIAN_POINT('',(0.557796753585,-6.375646067787,11.1));
#5222 = VECTOR('',#5223,1.);
#5223 = DIRECTION('',(1.224646799147E-16,0.,-1.));
#5224 = ORIENTED_EDGE('',*,*,#5225,.F.);
#5225 = EDGE_CURVE('',#5194,#5218,#5226,.T.);
#5226 = LINE('',#5227,#5228);
#5227 = CARTESIAN_POINT('',(0.696184649456,-6.35742695566,9.8));
#5228 = VECTOR('',#5229,1.);
#5229 = DIRECTION('',(-0.991444861374,-0.13052619222,-1.214169776013E-16
    ));
#5230 = ORIENTED_EDGE('',*,*,#5193,.F.);
#5231 = PLANE('',#5232);
#5232 = AXIS2_PLACEMENT_3D('',#5233,#5234,#5235);
#5233 = CARTESIAN_POINT('',(0.557796753585,-6.375646067787,11.1));
#5234 = DIRECTION('',(0.13052619222,-0.991444861374,1.598484835072E-17)
  );
#5235 = DIRECTION('',(0.991444861374,0.13052619222,1.214169776013E-16));
#5236 = ADVANCED_FACE('',(#5237),#5255,.T.);
#5237 = FACE_BOUND('',#5238,.T.);
#5238 = EDGE_LOOP('',(#5239,#5240,#5248,#5254));
#5239 = ORIENTED_EDGE('',*,*,#3131,.F.);
#5240 = ORIENTED_EDGE('',*,*,#5241,.T.);
#5241 = EDGE_CURVE('',#3124,#5242,#5244,.T.);
#5242 = VERTEX_POINT('',#5243);
#5243 = CARTESIAN_POINT('',(1.322618543079E-15,-6.4,9.8));
#5244 = LINE('',#5245,#5246);
#5245 = CARTESIAN_POINT('',(1.16341445919E-15,-6.4,11.1));
#5246 = VECTOR('',#5247,1.);
#5247 = DIRECTION('',(1.224646799147E-16,0.,-1.));
#5248 = ORIENTED_EDGE('',*,*,#5249,.F.);
#5249 = EDGE_CURVE('',#5218,#5242,#5250,.T.);
#5250 = LINE('',#5251,#5252);
#5251 = CARTESIAN_POINT('',(0.139449188396,-6.393911516947,9.8));
#5252 = VECTOR('',#5253,1.);
#5253 = DIRECTION('',(-0.999048221582,-4.361938736534E-02,
    -1.223481206754E-16));
#5254 = ORIENTED_EDGE('',*,*,#5217,.F.);
#5255 = PLANE('',#5256);
#5256 = AXIS2_PLACEMENT_3D('',#5257,#5258,#5259);
#5257 = CARTESIAN_POINT('',(1.16341445919E-15,-6.4,11.1));
#5258 = DIRECTION('',(4.361938736534E-02,-0.999048221582,
    5.341834311773E-18));
#5259 = DIRECTION('',(0.999048221582,4.361938736534E-02,
    1.223481206754E-16));
#5260 = ADVANCED_FACE('',(#5261),#5279,.T.);
#5261 = FACE_BOUND('',#5262,.T.);
#5262 = EDGE_LOOP('',(#5263,#5264,#5272,#5278));
#5263 = ORIENTED_EDGE('',*,*,#3123,.F.);
#5264 = ORIENTED_EDGE('',*,*,#5265,.T.);
#5265 = EDGE_CURVE('',#3116,#5266,#5268,.T.);
#5266 = VERTEX_POINT('',#5267);
#5267 = CARTESIAN_POINT('',(-0.557796753585,-6.375646067787,9.8));
#5268 = LINE('',#5269,#5270);
#5269 = CARTESIAN_POINT('',(-0.557796753585,-6.375646067787,11.1));
#5270 = VECTOR('',#5271,1.);
#5271 = DIRECTION('',(1.224646799147E-16,0.,-1.));
#5272 = ORIENTED_EDGE('',*,*,#5273,.F.);
#5273 = EDGE_CURVE('',#5242,#5266,#5274,.T.);
#5274 = LINE('',#5275,#5276);
#5275 = CARTESIAN_POINT('',(-0.418347565189,-6.38173455084,9.8));
#5276 = VECTOR('',#5277,1.);
#5277 = DIRECTION('',(-0.999048221582,4.361938736534E-02,
    -1.223481206754E-16));
#5278 = ORIENTED_EDGE('',*,*,#5241,.F.);
#5279 = PLANE('',#5280);
#5280 = AXIS2_PLACEMENT_3D('',#5281,#5282,#5283);
#5281 = CARTESIAN_POINT('',(-0.557796753585,-6.375646067787,11.1));
#5282 = DIRECTION('',(-4.361938736534E-02,-0.999048221582,
    -5.341834311773E-18));
#5283 = DIRECTION('',(0.999048221582,-4.361938736534E-02,
    1.223481206754E-16));
#5284 = ADVANCED_FACE('',(#5285),#5303,.T.);
#5285 = FACE_BOUND('',#5286,.T.);
#5286 = EDGE_LOOP('',(#5287,#5288,#5296,#5302));
#5287 = ORIENTED_EDGE('',*,*,#3115,.F.);
#5288 = ORIENTED_EDGE('',*,*,#5289,.T.);
#5289 = EDGE_CURVE('',#3108,#5290,#5292,.T.);
#5290 = VERTEX_POINT('',#5291);
#5291 = CARTESIAN_POINT('',(-1.111348337068,-6.302769619278,9.8));
#5292 = LINE('',#5293,#5294);
#5293 = CARTESIAN_POINT('',(-1.111348337068,-6.302769619278,11.1));
#5294 = VECTOR('',#5295,1.);
#5295 = DIRECTION('',(1.224646799147E-16,0.,-1.));
#5296 = ORIENTED_EDGE('',*,*,#5297,.F.);
#5297 = EDGE_CURVE('',#5266,#5290,#5298,.T.);
#5298 = LINE('',#5299,#5300);
#5299 = CARTESIAN_POINT('',(-0.972960441198,-6.320988731405,9.8));
#5300 = VECTOR('',#5301,1.);
#5301 = DIRECTION('',(-0.991444861374,0.13052619222,-1.214169776013E-16)
  );
#5302 = ORIENTED_EDGE('',*,*,#5265,.F.);
#5303 = PLANE('',#5304);
#5304 = AXIS2_PLACEMENT_3D('',#5305,#5306,#5307);
#5305 = CARTESIAN_POINT('',(-1.111348337068,-6.302769619278,11.1));
#5306 = DIRECTION('',(-0.13052619222,-0.991444861374,-1.598484835072E-17
    ));
#5307 = DIRECTION('',(0.991444861374,-0.13052619222,1.214169776013E-16)
  );
#5308 = ADVANCED_FACE('',(#5309),#5327,.T.);
#5309 = FACE_BOUND('',#5310,.T.);
#5310 = EDGE_LOOP('',(#5311,#5312,#5320,#5326));
#5311 = ORIENTED_EDGE('',*,*,#3107,.F.);
#5312 = ORIENTED_EDGE('',*,*,#5313,.T.);
#5313 = EDGE_CURVE('',#3100,#5314,#5316,.T.);
#5314 = VERTEX_POINT('',#5315);
#5315 = CARTESIAN_POINT('',(-1.656441888656,-6.18192528825,9.8));
#5316 = LINE('',#5317,#5318);
#5317 = CARTESIAN_POINT('',(-1.656441888656,-6.18192528825,11.1));
#5318 = VECTOR('',#5319,1.);
#5319 = DIRECTION('',(1.224646799147E-16,0.,-1.));
#5320 = ORIENTED_EDGE('',*,*,#5321,.F.);
#5321 = EDGE_CURVE('',#5290,#5314,#5322,.T.);
#5322 = LINE('',#5323,#5324);
#5323 = CARTESIAN_POINT('',(-1.520168500759,-6.212136371007,9.8));
#5324 = VECTOR('',#5325,1.);
#5325 = DIRECTION('',(-0.97629600712,0.216439613938,-1.19561778014E-16)
  );
#5326 = ORIENTED_EDGE('',*,*,#5289,.F.);
#5327 = PLANE('',#5328);
#5328 = AXIS2_PLACEMENT_3D('',#5329,#5330,#5331);
#5329 = CARTESIAN_POINT('',(-1.656441888656,-6.18192528825,11.1));
#5330 = DIRECTION('',(-0.216439613938,-0.97629600712,-2.65062080418E-17)
  );
#5331 = DIRECTION('',(0.97629600712,-0.216439613938,1.19561778014E-16));
#5332 = ADVANCED_FACE('',(#5333),#5351,.T.);
#5333 = FACE_BOUND('',#5334,.T.);
#5334 = EDGE_LOOP('',(#5335,#5336,#5344,#5350));
#5335 = ORIENTED_EDGE('',*,*,#3099,.F.);
#5336 = ORIENTED_EDGE('',*,*,#5337,.T.);
#5337 = EDGE_CURVE('',#3092,#5338,#5340,.T.);
#5338 = VERTEX_POINT('',#5339);
#5339 = CARTESIAN_POINT('',(-2.188928917284,-6.01403277303,9.8));
#5340 = LINE('',#5341,#5342);
#5341 = CARTESIAN_POINT('',(-2.188928917284,-6.01403277303,11.1));
#5342 = VECTOR('',#5343,1.);
#5343 = DIRECTION('',(1.224646799147E-16,0.,-1.));
#5344 = ORIENTED_EDGE('',*,*,#5345,.F.);
#5345 = EDGE_CURVE('',#5314,#5338,#5346,.T.);
#5346 = LINE('',#5347,#5348);
#5347 = CARTESIAN_POINT('',(-2.055807160127,-6.056005901835,9.8));
#5348 = VECTOR('',#5349,1.);
#5349 = DIRECTION('',(-0.953716950748,0.300705799504,-1.167966411026E-16
    ));
#5350 = ORIENTED_EDGE('',*,*,#5313,.F.);
#5351 = PLANE('',#5352);
#5352 = AXIS2_PLACEMENT_3D('',#5353,#5354,#5355);
#5353 = CARTESIAN_POINT('',(-2.188928917284,-6.01403277303,11.1));
#5354 = DIRECTION('',(-0.300705799504,-0.953716950748,-3.68258394848E-17
    ));
#5355 = DIRECTION('',(0.953716950748,-0.300705799504,1.167966411026E-16)
  );
#5356 = ADVANCED_FACE('',(#5357),#5375,.T.);
#5357 = FACE_BOUND('',#5358,.T.);
#5358 = EDGE_LOOP('',(#5359,#5360,#5368,#5374));
#5359 = ORIENTED_EDGE('',*,*,#3091,.F.);
#5360 = ORIENTED_EDGE('',*,*,#5361,.T.);
#5361 = EDGE_CURVE('',#3084,#5362,#5364,.T.);
#5362 = VERTEX_POINT('',#5363);
#5363 = CARTESIAN_POINT('',(-2.70475687514,-5.800369837035,9.8));
#5364 = LINE('',#5365,#5366);
#5365 = CARTESIAN_POINT('',(-2.70475687514,-5.800369837035,11.1));
#5366 = VECTOR('',#5367,1.);
#5367 = DIRECTION('',(1.224646799147E-16,0.,-1.));
#5368 = ORIENTED_EDGE('',*,*,#5369,.F.);
#5369 = EDGE_CURVE('',#5338,#5362,#5370,.T.);
#5370 = LINE('',#5371,#5372);
#5371 = CARTESIAN_POINT('',(-2.575799885676,-5.853785571033,9.8));
#5372 = VECTOR('',#5373,1.);
#5373 = DIRECTION('',(-0.923879532511,0.382683432365,-1.131426112288E-16
    ));
#5374 = ORIENTED_EDGE('',*,*,#5337,.F.);
#5375 = PLANE('',#5376);
#5376 = AXIS2_PLACEMENT_3D('',#5377,#5378,#5379);
#5377 = CARTESIAN_POINT('',(-2.70475687514,-5.800369837035,11.1));
#5378 = DIRECTION('',(-0.382683432365,-0.923879532511,
    -4.686520405326E-17));
#5379 = DIRECTION('',(0.923879532511,-0.382683432365,1.131426112288E-16)
  );
#5380 = ADVANCED_FACE('',(#5381),#5399,.T.);
#5381 = FACE_BOUND('',#5382,.T.);
#5382 = EDGE_LOOP('',(#5383,#5384,#5392,#5398));
#5383 = ORIENTED_EDGE('',*,*,#3083,.F.);
#5384 = ORIENTED_EDGE('',*,*,#5385,.T.);
#5385 = EDGE_CURVE('',#3076,#5386,#5388,.T.);
#5386 = VERTEX_POINT('',#5387);
#5387 = CARTESIAN_POINT('',(-3.2,-5.54256258422,9.8));
#5388 = LINE('',#5389,#5390);
#5389 = CARTESIAN_POINT('',(-3.2,-5.54256258422,11.1));
#5390 = VECTOR('',#5391,1.);
#5391 = DIRECTION('',(1.224646799147E-16,0.,-1.));
#5392 = ORIENTED_EDGE('',*,*,#5393,.F.);
#5393 = EDGE_CURVE('',#5362,#5386,#5394,.T.);
#5394 = LINE('',#5395,#5396);
#5395 = CARTESIAN_POINT('',(-3.076189218785,-5.607014397424,9.8));
#5396 = VECTOR('',#5397,1.);
#5397 = DIRECTION('',(-0.887010833178,0.461748613235,-1.086274977661E-16
    ));
#5398 = ORIENTED_EDGE('',*,*,#5361,.F.);
#5399 = PLANE('',#5400);
#5400 = AXIS2_PLACEMENT_3D('',#5401,#5402,#5403);
#5401 = CARTESIAN_POINT('',(-3.2,-5.54256258422,11.1));
#5402 = DIRECTION('',(-0.461748613235,-0.887010833178,-5.65478961209E-17
    ));
#5403 = DIRECTION('',(0.887010833178,-0.461748613235,1.086274977661E-16)
  );
#5404 = ADVANCED_FACE('',(#5405),#5423,.T.);
#5405 = FACE_BOUND('',#5406,.T.);
#5406 = EDGE_LOOP('',(#5407,#5408,#5416,#5422));
#5407 = ORIENTED_EDGE('',*,*,#3075,.F.);
#5408 = ORIENTED_EDGE('',*,*,#5409,.T.);
#5409 = EDGE_CURVE('',#3068,#5410,#5412,.T.);
#5410 = VERTEX_POINT('',#5411);
#5411 = CARTESIAN_POINT('',(-3.670889192647,-5.24257308345,9.8));
#5412 = LINE('',#5413,#5414);
#5413 = CARTESIAN_POINT('',(-3.670889192647,-5.24257308345,11.1));
#5414 = VECTOR('',#5415,1.);
#5415 = DIRECTION('',(1.224646799147E-16,0.,-1.));
#5416 = ORIENTED_EDGE('',*,*,#5417,.F.);
#5417 = EDGE_CURVE('',#5386,#5410,#5418,.T.);
#5418 = LINE('',#5419,#5420);
#5419 = CARTESIAN_POINT('',(-3.553166894485,-5.317570458642,9.8));
#5420 = VECTOR('',#5421,1.);
#5421 = DIRECTION('',(-0.843391445813,0.537299608347,-1.032856634543E-16
    ));
#5422 = ORIENTED_EDGE('',*,*,#5385,.F.);
#5423 = PLANE('',#5424);
#5424 = AXIS2_PLACEMENT_3D('',#5425,#5426,#5427);
#5425 = CARTESIAN_POINT('',(-3.670889192647,-5.24257308345,11.1));
#5426 = DIRECTION('',(-0.537299608347,-0.843391445813,
    -6.580022455451E-17));
#5427 = DIRECTION('',(0.843391445813,-0.537299608347,1.032856634543E-16)
  );
#5428 = ADVANCED_FACE('',(#5429),#5447,.T.);
#5429 = FACE_BOUND('',#5430,.T.);
#5430 = EDGE_LOOP('',(#5431,#5432,#5440,#5446));
#5431 = ORIENTED_EDGE('',*,*,#3067,.F.);
#5432 = ORIENTED_EDGE('',*,*,#5433,.T.);
#5433 = EDGE_CURVE('',#3060,#5434,#5436,.T.);
#5434 = VERTEX_POINT('',#5435);
#5435 = CARTESIAN_POINT('',(-4.113840701994,-4.902684435961,9.8));
#5436 = LINE('',#5437,#5438);
#5437 = CARTESIAN_POINT('',(-4.113840701994,-4.902684435961,11.1));
#5438 = VECTOR('',#5439,1.);
#5439 = DIRECTION('',(1.224646799147E-16,0.,-1.));
#5440 = ORIENTED_EDGE('',*,*,#5441,.F.);
#5441 = EDGE_CURVE('',#5410,#5434,#5442,.T.);
#5442 = LINE('',#5443,#5444);
#5443 = CARTESIAN_POINT('',(-4.003102824657,-4.987656597833,9.8));
#5444 = VECTOR('',#5445,1.);
#5445 = DIRECTION('',(-0.793353340291,0.608761429009,-9.715776287805E-17
    ));
#5446 = ORIENTED_EDGE('',*,*,#5409,.F.);
#5447 = PLANE('',#5448);
#5448 = AXIS2_PLACEMENT_3D('',#5449,#5450,#5451);
#5449 = CARTESIAN_POINT('',(-4.113840701994,-4.902684435961,11.1));
#5450 = DIRECTION('',(-0.608761429009,-0.793353340291,
    -7.455177354799E-17));
#5451 = DIRECTION('',(0.793353340291,-0.608761429009,9.715776287805E-17)
  );
#5452 = ADVANCED_FACE('',(#5453),#5471,.T.);
#5453 = FACE_BOUND('',#5454,.T.);
#5454 = EDGE_LOOP('',(#5455,#5456,#5464,#5470));
#5455 = ORIENTED_EDGE('',*,*,#3059,.F.);
#5456 = ORIENTED_EDGE('',*,*,#5457,.T.);
#5457 = EDGE_CURVE('',#3052,#5458,#5460,.T.);
#5458 = VERTEX_POINT('',#5459);
#5459 = CARTESIAN_POINT('',(-4.525483399594,-4.525483399594,9.8));
#5460 = LINE('',#5461,#5462);
#5461 = CARTESIAN_POINT('',(-4.525483399594,-4.525483399594,11.1));
#5462 = VECTOR('',#5463,1.);
#5463 = DIRECTION('',(1.224646799147E-16,0.,-1.));
#5464 = ORIENTED_EDGE('',*,*,#5465,.F.);
#5465 = EDGE_CURVE('',#5434,#5458,#5466,.T.);
#5466 = LINE('',#5467,#5468);
#5467 = CARTESIAN_POINT('',(-4.422572725194,-4.619783658686,9.8));
#5468 = VECTOR('',#5469,1.);
#5469 = DIRECTION('',(-0.73727733681,0.675590207616,-9.029043306084E-17)
  );
#5470 = ORIENTED_EDGE('',*,*,#5433,.F.);
#5471 = PLANE('',#5472);
#5472 = AXIS2_PLACEMENT_3D('',#5473,#5474,#5475);
#5473 = CARTESIAN_POINT('',(-4.525483399594,-4.525483399594,11.1));
#5474 = DIRECTION('',(-0.675590207616,-0.73727733681,-8.273593852918E-17
    ));
#5475 = DIRECTION('',(0.73727733681,-0.675590207616,9.029043306084E-17)
  );
#5476 = ADVANCED_FACE('',(#5477),#5495,.T.);
#5477 = FACE_BOUND('',#5478,.T.);
#5478 = EDGE_LOOP('',(#5479,#5480,#5488,#5494));
#5479 = ORIENTED_EDGE('',*,*,#3051,.F.);
#5480 = ORIENTED_EDGE('',*,*,#5481,.T.);
#5481 = EDGE_CURVE('',#3044,#5482,#5484,.T.);
#5482 = VERTEX_POINT('',#5483);
#5483 = CARTESIAN_POINT('',(-4.902684435961,-4.113840701994,9.8));
#5484 = LINE('',#5485,#5486);
#5485 = CARTESIAN_POINT('',(-4.902684435961,-4.113840701994,11.1));
#5486 = VECTOR('',#5487,1.);
#5487 = DIRECTION('',(1.224646799147E-16,0.,-1.));
#5488 = ORIENTED_EDGE('',*,*,#5489,.F.);
#5489 = EDGE_CURVE('',#5458,#5482,#5490,.T.);
#5490 = LINE('',#5491,#5492);
#5491 = CARTESIAN_POINT('',(-4.80838417687,-4.216751376394,9.8));
#5492 = VECTOR('',#5493,1.);
#5493 = DIRECTION('',(-0.675590207616,0.73727733681,-8.273593852918E-17)
  );
#5494 = ORIENTED_EDGE('',*,*,#5457,.F.);
#5495 = PLANE('',#5496);
#5496 = AXIS2_PLACEMENT_3D('',#5497,#5498,#5499);
#5497 = CARTESIAN_POINT('',(-4.902684435961,-4.113840701994,11.1));
#5498 = DIRECTION('',(-0.73727733681,-0.675590207616,-9.029043306084E-17
    ));
#5499 = DIRECTION('',(0.675590207616,-0.73727733681,8.273593852918E-17)
  );
#5500 = ADVANCED_FACE('',(#5501),#5519,.T.);
#5501 = FACE_BOUND('',#5502,.T.);
#5502 = EDGE_LOOP('',(#5503,#5504,#5512,#5518));
#5503 = ORIENTED_EDGE('',*,*,#3043,.F.);
#5504 = ORIENTED_EDGE('',*,*,#5505,.T.);
#5505 = EDGE_CURVE('',#3036,#5506,#5508,.T.);
#5506 = VERTEX_POINT('',#5507);
#5507 = CARTESIAN_POINT('',(-5.24257308345,-3.670889192647,9.8));
#5508 = LINE('',#5509,#5510);
#5509 = CARTESIAN_POINT('',(-5.24257308345,-3.670889192647,11.1));
#5510 = VECTOR('',#5511,1.);
#5511 = DIRECTION('',(1.224646799147E-16,0.,-1.));
#5512 = ORIENTED_EDGE('',*,*,#5513,.F.);
#5513 = EDGE_CURVE('',#5482,#5506,#5514,.T.);
#5514 = LINE('',#5515,#5516);
#5515 = CARTESIAN_POINT('',(-5.157600921578,-3.781627069983,9.8));
#5516 = VECTOR('',#5517,1.);
#5517 = DIRECTION('',(-0.608761429009,0.793353340291,-7.455177354799E-17
    ));
#5518 = ORIENTED_EDGE('',*,*,#5481,.F.);
#5519 = PLANE('',#5520);
#5520 = AXIS2_PLACEMENT_3D('',#5521,#5522,#5523);
#5521 = CARTESIAN_POINT('',(-5.24257308345,-3.670889192647,11.1));
#5522 = DIRECTION('',(-0.793353340291,-0.608761429009,
    -9.715776287805E-17));
#5523 = DIRECTION('',(0.608761429009,-0.793353340291,7.455177354799E-17)
  );
#5524 = ADVANCED_FACE('',(#5525),#5543,.T.);
#5525 = FACE_BOUND('',#5526,.T.);
#5526 = EDGE_LOOP('',(#5527,#5528,#5536,#5542));
#5527 = ORIENTED_EDGE('',*,*,#3035,.F.);
#5528 = ORIENTED_EDGE('',*,*,#5529,.T.);
#5529 = EDGE_CURVE('',#3028,#5530,#5532,.T.);
#5530 = VERTEX_POINT('',#5531);
#5531 = CARTESIAN_POINT('',(-5.54256258422,-3.2,9.8));
#5532 = LINE('',#5533,#5534);
#5533 = CARTESIAN_POINT('',(-5.54256258422,-3.2,11.1));
#5534 = VECTOR('',#5535,1.);
#5535 = DIRECTION('',(1.224646799147E-16,0.,-1.));
#5536 = ORIENTED_EDGE('',*,*,#5537,.F.);
#5537 = EDGE_CURVE('',#5506,#5530,#5538,.T.);
#5538 = LINE('',#5539,#5540);
#5539 = CARTESIAN_POINT('',(-5.467565209028,-3.317722298162,9.8));
#5540 = VECTOR('',#5541,1.);
#5541 = DIRECTION('',(-0.537299608347,0.843391445813,-6.580022455451E-17
    ));
#5542 = ORIENTED_EDGE('',*,*,#5505,.F.);
#5543 = PLANE('',#5544);
#5544 = AXIS2_PLACEMENT_3D('',#5545,#5546,#5547);
#5545 = CARTESIAN_POINT('',(-5.54256258422,-3.2,11.1));
#5546 = DIRECTION('',(-0.843391445813,-0.537299608347,
    -1.032856634543E-16));
#5547 = DIRECTION('',(0.537299608347,-0.843391445813,6.580022455451E-17)
  );
#5548 = ADVANCED_FACE('',(#5549),#5567,.T.);
#5549 = FACE_BOUND('',#5550,.T.);
#5550 = EDGE_LOOP('',(#5551,#5552,#5560,#5566));
#5551 = ORIENTED_EDGE('',*,*,#3027,.F.);
#5552 = ORIENTED_EDGE('',*,*,#5553,.T.);
#5553 = EDGE_CURVE('',#3019,#5554,#5556,.T.);
#5554 = VERTEX_POINT('',#5555);
#5555 = CARTESIAN_POINT('',(-5.800369837035,-2.70475687514,9.8));
#5556 = LINE('',#5557,#5558);
#5557 = CARTESIAN_POINT('',(-5.800369837035,-2.70475687514,11.1));
#5558 = VECTOR('',#5559,1.);
#5559 = DIRECTION('',(1.224646799147E-16,0.,-1.));
#5560 = ORIENTED_EDGE('',*,*,#5561,.F.);
#5561 = EDGE_CURVE('',#5530,#5554,#5562,.T.);
#5562 = LINE('',#5563,#5564);
#5563 = CARTESIAN_POINT('',(-5.735918023831,-2.828567656355,9.8));
#5564 = VECTOR('',#5565,1.);
#5565 = DIRECTION('',(-0.461748613235,0.887010833178,-5.65478961209E-17)
  );
#5566 = ORIENTED_EDGE('',*,*,#5529,.F.);
#5567 = PLANE('',#5568);
#5568 = AXIS2_PLACEMENT_3D('',#5569,#5570,#5571);
#5569 = CARTESIAN_POINT('',(-5.800369837035,-2.70475687514,11.1));
#5570 = DIRECTION('',(-0.887010833178,-0.461748613235,
    -1.086274977661E-16));
#5571 = DIRECTION('',(0.461748613235,-0.887010833178,5.65478961209E-17)
  );
#5572 = ADVANCED_FACE('',(#5573),#5592,.F.);
#5573 = FACE_BOUND('',#5574,.F.);
#5574 = EDGE_LOOP('',(#5575,#5584,#5590,#5591));
#5575 = ORIENTED_EDGE('',*,*,#5576,.F.);
#5576 = EDGE_CURVE('',#5577,#5554,#5579,.T.);
#5577 = VERTEX_POINT('',#5578);
#5578 = CARTESIAN_POINT('',(-8.81333626143,-4.2732079201,9.8));
#5579 = CIRCLE('',#5580,1.7);
#5580 = AXIS2_PLACEMENT_3D('',#5581,#5582,#5583);
#5581 = CARTESIAN_POINT('',(-7.341093074997,-3.4232079201,9.8));
#5582 = DIRECTION('',(1.224646799147E-16,0.,-1.));
#5583 = DIRECTION('',(-1.,0.,-1.224646799147E-16));
#5584 = ORIENTED_EDGE('',*,*,#5585,.F.);
#5585 = EDGE_CURVE('',#3011,#5577,#5586,.T.);
#5586 = LINE('',#5587,#5588);
#5587 = CARTESIAN_POINT('',(-8.81333626143,-4.2732079201,11.1));
#5588 = VECTOR('',#5589,1.);
#5589 = DIRECTION('',(1.224646799147E-16,0.,-1.));
#5590 = ORIENTED_EDGE('',*,*,#3018,.T.);
#5591 = ORIENTED_EDGE('',*,*,#5553,.T.);
#5592 = CYLINDRICAL_SURFACE('',#5593,1.7);
#5593 = AXIS2_PLACEMENT_3D('',#5594,#5595,#5596);
#5594 = CARTESIAN_POINT('',(-7.341093074997,-3.4232079201,11.1));
#5595 = DIRECTION('',(1.224646799147E-16,0.,-1.));
#5596 = DIRECTION('',(-1.,0.,-1.224646799147E-16));
#5597 = ADVANCED_FACE('',(#5598),#5616,.T.);
#5598 = FACE_BOUND('',#5599,.T.);
#5599 = EDGE_LOOP('',(#5600,#5601,#5609,#5615));
#5600 = ORIENTED_EDGE('',*,*,#3010,.F.);
#5601 = ORIENTED_EDGE('',*,*,#5602,.T.);
#5602 = EDGE_CURVE('',#3003,#5603,#5605,.T.);
#5603 = VERTEX_POINT('',#5604);
#5604 = CARTESIAN_POINT('',(-8.487048957087,-4.9,9.8));
#5605 = LINE('',#5606,#5607);
#5606 = CARTESIAN_POINT('',(-8.487048957087,-4.9,11.1));
#5607 = VECTOR('',#5608,1.);
#5608 = DIRECTION('',(1.224646799147E-16,0.,-1.));
#5609 = ORIENTED_EDGE('',*,*,#5610,.F.);
#5610 = EDGE_CURVE('',#5577,#5603,#5611,.T.);
#5611 = LINE('',#5612,#5613);
#5612 = CARTESIAN_POINT('',(-8.585740796055,-4.710414741265,9.8));
#5613 = VECTOR('',#5614,1.);
#5614 = DIRECTION('',(0.461748613235,-0.887010833178,5.65478961209E-17)
  );
#5615 = ORIENTED_EDGE('',*,*,#5585,.F.);
#5616 = PLANE('',#5617);
#5617 = AXIS2_PLACEMENT_3D('',#5618,#5619,#5620);
#5618 = CARTESIAN_POINT('',(-8.487048957087,-4.9,11.1));
#5619 = DIRECTION('',(0.887010833178,0.461748613235,1.086274977661E-16)
  );
#5620 = DIRECTION('',(-0.461748613235,0.887010833178,-5.65478961209E-17)
  );
#5621 = ADVANCED_FACE('',(#5622),#5640,.T.);
#5622 = FACE_BOUND('',#5623,.T.);
#5623 = EDGE_LOOP('',(#5624,#5625,#5633,#5639));
#5624 = ORIENTED_EDGE('',*,*,#3002,.F.);
#5625 = ORIENTED_EDGE('',*,*,#5626,.T.);
#5626 = EDGE_CURVE('',#2995,#5627,#5629,.T.);
#5627 = VERTEX_POINT('',#5628);
#5628 = CARTESIAN_POINT('',(-8.027690034032,-5.62104907624,9.8));
#5629 = LINE('',#5630,#5631);
#5630 = CARTESIAN_POINT('',(-8.027690034032,-5.62104907624,11.1));
#5631 = VECTOR('',#5632,1.);
#5632 = DIRECTION('',(1.224646799147E-16,0.,-1.));
#5633 = ORIENTED_EDGE('',*,*,#5634,.F.);
#5634 = EDGE_CURVE('',#5603,#5627,#5635,.T.);
#5635 = LINE('',#5636,#5637);
#5636 = CARTESIAN_POINT('',(-8.142529764796,-5.44078680718,9.8));
#5637 = VECTOR('',#5638,1.);
#5638 = DIRECTION('',(0.537299608347,-0.843391445813,6.580022455451E-17)
  );
#5639 = ORIENTED_EDGE('',*,*,#5602,.F.);
#5640 = PLANE('',#5641);
#5641 = AXIS2_PLACEMENT_3D('',#5642,#5643,#5644);
#5642 = CARTESIAN_POINT('',(-8.027690034032,-5.62104907624,11.1));
#5643 = DIRECTION('',(0.843391445813,0.537299608347,1.032856634543E-16)
  );
#5644 = DIRECTION('',(-0.537299608347,0.843391445813,-6.580022455451E-17
    ));
#5645 = ADVANCED_FACE('',(#5646),#5664,.T.);
#5646 = FACE_BOUND('',#5647,.T.);
#5647 = EDGE_LOOP('',(#5648,#5649,#5657,#5663));
#5648 = ORIENTED_EDGE('',*,*,#2994,.F.);
#5649 = ORIENTED_EDGE('',*,*,#5650,.T.);
#5650 = EDGE_CURVE('',#2987,#5651,#5653,.T.);
#5651 = VERTEX_POINT('',#5652);
#5652 = CARTESIAN_POINT('',(-7.507235542566,-6.299318574928,9.8));
#5653 = LINE('',#5654,#5655);
#5654 = CARTESIAN_POINT('',(-7.507235542566,-6.299318574928,11.1));
#5655 = VECTOR('',#5656,1.);
#5656 = DIRECTION('',(1.224646799147E-16,0.,-1.));
#5657 = ORIENTED_EDGE('',*,*,#5658,.F.);
#5658 = EDGE_CURVE('',#5627,#5651,#5659,.T.);
#5659 = LINE('',#5660,#5661);
#5660 = CARTESIAN_POINT('',(-7.637349165433,-6.129751200256,9.8));
#5661 = VECTOR('',#5662,1.);
#5662 = DIRECTION('',(0.608761429009,-0.793353340291,7.455177354799E-17)
  );
#5663 = ORIENTED_EDGE('',*,*,#5626,.F.);
#5664 = PLANE('',#5665);
#5665 = AXIS2_PLACEMENT_3D('',#5666,#5667,#5668);
#5666 = CARTESIAN_POINT('',(-7.507235542566,-6.299318574928,11.1));
#5667 = DIRECTION('',(0.793353340291,0.608761429009,9.715776287805E-17)
  );
#5668 = DIRECTION('',(-0.608761429009,0.793353340291,-7.455177354799E-17
    ));
#5669 = ADVANCED_FACE('',(#5670),#5688,.T.);
#5670 = FACE_BOUND('',#5671,.T.);
#5671 = EDGE_LOOP('',(#5672,#5673,#5681,#5687));
#5672 = ORIENTED_EDGE('',*,*,#2986,.F.);
#5673 = ORIENTED_EDGE('',*,*,#5674,.T.);
#5674 = EDGE_CURVE('',#2979,#5675,#5677,.T.);
#5675 = VERTEX_POINT('',#5676);
#5676 = CARTESIAN_POINT('',(-6.929646455628,-6.929646455628,9.8));
#5677 = LINE('',#5678,#5679);
#5678 = CARTESIAN_POINT('',(-6.929646455628,-6.929646455628,11.1));
#5679 = VECTOR('',#5680,1.);
#5680 = DIRECTION('',(1.224646799147E-16,0.,-1.));
#5681 = ORIENTED_EDGE('',*,*,#5682,.F.);
#5682 = EDGE_CURVE('',#5651,#5675,#5683,.T.);
#5683 = LINE('',#5684,#5685);
#5684 = CARTESIAN_POINT('',(-7.074043727363,-6.772064485453,9.8));
#5685 = VECTOR('',#5686,1.);
#5686 = DIRECTION('',(0.675590207616,-0.73727733681,8.273593852918E-17)
  );
#5687 = ORIENTED_EDGE('',*,*,#5650,.F.);
#5688 = PLANE('',#5689);
#5689 = AXIS2_PLACEMENT_3D('',#5690,#5691,#5692);
#5690 = CARTESIAN_POINT('',(-6.929646455628,-6.929646455628,11.1));
#5691 = DIRECTION('',(0.73727733681,0.675590207616,9.029043306084E-17));
#5692 = DIRECTION('',(-0.675590207616,0.73727733681,-8.273593852918E-17)
  );
#5693 = ADVANCED_FACE('',(#5694),#5712,.T.);
#5694 = FACE_BOUND('',#5695,.T.);
#5695 = EDGE_LOOP('',(#5696,#5697,#5705,#5711));
#5696 = ORIENTED_EDGE('',*,*,#2978,.F.);
#5697 = ORIENTED_EDGE('',*,*,#5698,.T.);
#5698 = EDGE_CURVE('',#2971,#5699,#5701,.T.);
#5699 = VERTEX_POINT('',#5700);
#5700 = CARTESIAN_POINT('',(-6.299318574928,-7.507235542566,9.8));
#5701 = LINE('',#5702,#5703);
#5702 = CARTESIAN_POINT('',(-6.299318574928,-7.507235542566,11.1));
#5703 = VECTOR('',#5704,1.);
#5704 = DIRECTION('',(1.224646799147E-16,0.,-1.));
#5705 = ORIENTED_EDGE('',*,*,#5706,.F.);
#5706 = EDGE_CURVE('',#5675,#5699,#5707,.T.);
#5707 = LINE('',#5708,#5709);
#5708 = CARTESIAN_POINT('',(-6.456900545103,-7.362838270832,9.8));
#5709 = VECTOR('',#5710,1.);
#5710 = DIRECTION('',(0.73727733681,-0.675590207616,9.029043306084E-17)
  );
#5711 = ORIENTED_EDGE('',*,*,#5674,.F.);
#5712 = PLANE('',#5713);
#5713 = AXIS2_PLACEMENT_3D('',#5714,#5715,#5716);
#5714 = CARTESIAN_POINT('',(-6.299318574928,-7.507235542566,11.1));
#5715 = DIRECTION('',(0.675590207616,0.73727733681,8.273593852918E-17));
#5716 = DIRECTION('',(-0.73727733681,0.675590207616,-9.029043306084E-17)
  );
#5717 = ADVANCED_FACE('',(#5718),#5736,.T.);
#5718 = FACE_BOUND('',#5719,.T.);
#5719 = EDGE_LOOP('',(#5720,#5721,#5729,#5735));
#5720 = ORIENTED_EDGE('',*,*,#2970,.F.);
#5721 = ORIENTED_EDGE('',*,*,#5722,.T.);
#5722 = EDGE_CURVE('',#2963,#5723,#5725,.T.);
#5723 = VERTEX_POINT('',#5724);
#5724 = CARTESIAN_POINT('',(-5.62104907624,-8.027690034032,9.8));
#5725 = LINE('',#5726,#5727);
#5726 = CARTESIAN_POINT('',(-5.62104907624,-8.027690034032,11.1));
#5727 = VECTOR('',#5728,1.);
#5728 = DIRECTION('',(1.224646799147E-16,0.,-1.));
#5729 = ORIENTED_EDGE('',*,*,#5730,.F.);
#5730 = EDGE_CURVE('',#5699,#5723,#5731,.T.);
#5731 = LINE('',#5732,#5733);
#5732 = CARTESIAN_POINT('',(-5.790616450912,-7.897576411166,9.8));
#5733 = VECTOR('',#5734,1.);
#5734 = DIRECTION('',(0.793353340291,-0.608761429009,9.715776287805E-17)
  );
#5735 = ORIENTED_EDGE('',*,*,#5698,.F.);
#5736 = PLANE('',#5737);
#5737 = AXIS2_PLACEMENT_3D('',#5738,#5739,#5740);
#5738 = CARTESIAN_POINT('',(-5.62104907624,-8.027690034032,11.1));
#5739 = DIRECTION('',(0.608761429009,0.793353340291,7.455177354799E-17)
  );
#5740 = DIRECTION('',(-0.793353340291,0.608761429009,-9.715776287805E-17
    ));
#5741 = ADVANCED_FACE('',(#5742),#5760,.T.);
#5742 = FACE_BOUND('',#5743,.T.);
#5743 = EDGE_LOOP('',(#5744,#5745,#5753,#5759));
#5744 = ORIENTED_EDGE('',*,*,#2962,.F.);
#5745 = ORIENTED_EDGE('',*,*,#5746,.T.);
#5746 = EDGE_CURVE('',#2955,#5747,#5749,.T.);
#5747 = VERTEX_POINT('',#5748);
#5748 = CARTESIAN_POINT('',(-4.9,-8.487048957087,9.8));
#5749 = LINE('',#5750,#5751);
#5750 = CARTESIAN_POINT('',(-4.9,-8.487048957087,11.1));
#5751 = VECTOR('',#5752,1.);
#5752 = DIRECTION('',(1.224646799147E-16,0.,-1.));
#5753 = ORIENTED_EDGE('',*,*,#5754,.F.);
#5754 = EDGE_CURVE('',#5723,#5747,#5755,.T.);
#5755 = LINE('',#5756,#5757);
#5756 = CARTESIAN_POINT('',(-5.08026226906,-8.372209226324,9.8));
#5757 = VECTOR('',#5758,1.);
#5758 = DIRECTION('',(0.843391445813,-0.537299608347,1.032856634543E-16)
  );
#5759 = ORIENTED_EDGE('',*,*,#5722,.F.);
#5760 = PLANE('',#5761);
#5761 = AXIS2_PLACEMENT_3D('',#5762,#5763,#5764);
#5762 = CARTESIAN_POINT('',(-4.9,-8.487048957087,11.1));
#5763 = DIRECTION('',(0.537299608347,0.843391445813,6.580022455451E-17)
  );
#5764 = DIRECTION('',(-0.843391445813,0.537299608347,-1.032856634543E-16
    ));
#5765 = ADVANCED_FACE('',(#5766),#5784,.T.);
#5766 = FACE_BOUND('',#5767,.T.);
#5767 = EDGE_LOOP('',(#5768,#5769,#5777,#5783));
#5768 = ORIENTED_EDGE('',*,*,#2954,.F.);
#5769 = ORIENTED_EDGE('',*,*,#5770,.T.);
#5770 = EDGE_CURVE('',#2947,#5771,#5773,.T.);
#5771 = VERTEX_POINT('',#5772);
#5772 = CARTESIAN_POINT('',(-4.141658965059,-8.881816312959,9.8));
#5773 = LINE('',#5774,#5775);
#5774 = CARTESIAN_POINT('',(-4.141658965059,-8.881816312959,11.1));
#5775 = VECTOR('',#5776,1.);
#5776 = DIRECTION('',(1.224646799147E-16,0.,-1.));
#5777 = ORIENTED_EDGE('',*,*,#5778,.F.);
#5778 = EDGE_CURVE('',#5747,#5771,#5779,.T.);
#5779 = LINE('',#5780,#5781);
#5780 = CARTESIAN_POINT('',(-4.331244223794,-8.783124473991,9.8));
#5781 = VECTOR('',#5782,1.);
#5782 = DIRECTION('',(0.887010833178,-0.461748613235,1.086274977661E-16)
  );
#5783 = ORIENTED_EDGE('',*,*,#5746,.F.);
#5784 = PLANE('',#5785);
#5785 = AXIS2_PLACEMENT_3D('',#5786,#5787,#5788);
#5786 = CARTESIAN_POINT('',(-4.141658965059,-8.881816312959,11.1));
#5787 = DIRECTION('',(0.461748613235,0.887010833178,5.65478961209E-17));
#5788 = DIRECTION('',(-0.887010833178,0.461748613235,-1.086274977661E-16
    ));
#5789 = ADVANCED_FACE('',(#5790),#5808,.T.);
#5790 = FACE_BOUND('',#5791,.T.);
#5791 = EDGE_LOOP('',(#5792,#5793,#5801,#5807));
#5792 = ORIENTED_EDGE('',*,*,#2946,.F.);
#5793 = ORIENTED_EDGE('',*,*,#5794,.T.);
#5794 = EDGE_CURVE('',#2939,#5795,#5797,.T.);
#5795 = VERTEX_POINT('',#5796);
#5796 = CARTESIAN_POINT('',(-3.351797404592,-9.208987683702,9.8));
#5797 = LINE('',#5798,#5799);
#5798 = CARTESIAN_POINT('',(-3.351797404592,-9.208987683702,11.1));
#5799 = VECTOR('',#5800,1.);
#5800 = DIRECTION('',(1.224646799147E-16,0.,-1.));
#5801 = ORIENTED_EDGE('',*,*,#5802,.F.);
#5802 = EDGE_CURVE('',#5771,#5795,#5803,.T.);
#5803 = LINE('',#5804,#5805);
#5804 = CARTESIAN_POINT('',(-3.549262794708,-9.127194841016,9.8));
#5805 = VECTOR('',#5806,1.);
#5806 = DIRECTION('',(0.923879532511,-0.382683432365,1.131426112288E-16)
  );
#5807 = ORIENTED_EDGE('',*,*,#5770,.F.);
#5808 = PLANE('',#5809);
#5809 = AXIS2_PLACEMENT_3D('',#5810,#5811,#5812);
#5810 = CARTESIAN_POINT('',(-3.351797404592,-9.208987683702,11.1));
#5811 = DIRECTION('',(0.382683432365,0.923879532511,4.686520405326E-17)
  );
#5812 = DIRECTION('',(-0.923879532511,0.382683432365,-1.131426112288E-16
    ));
#5813 = ADVANCED_FACE('',(#5814),#5832,.T.);
#5814 = FACE_BOUND('',#5815,.T.);
#5815 = EDGE_LOOP('',(#5816,#5817,#5825,#5831));
#5816 = ORIENTED_EDGE('',*,*,#2938,.F.);
#5817 = ORIENTED_EDGE('',*,*,#5818,.T.);
#5818 = EDGE_CURVE('',#2931,#5819,#5821,.T.);
#5819 = VERTEX_POINT('',#5820);
#5820 = CARTESIAN_POINT('',(-2.536426642005,-9.466073097633,9.8));
#5821 = LINE('',#5822,#5823);
#5822 = CARTESIAN_POINT('',(-2.536426642005,-9.466073097633,11.1));
#5823 = VECTOR('',#5824,1.);
#5824 = DIRECTION('',(1.224646799147E-16,0.,-1.));
#5825 = ORIENTED_EDGE('',*,*,#5826,.F.);
#5826 = EDGE_CURVE('',#5795,#5819,#5827,.T.);
#5827 = LINE('',#5828,#5829);
#5828 = CARTESIAN_POINT('',(-2.740269332651,-9.40180174415,9.8));
#5829 = VECTOR('',#5830,1.);
#5830 = DIRECTION('',(0.953716950748,-0.300705799504,1.167966411026E-16)
  );
#5831 = ORIENTED_EDGE('',*,*,#5794,.F.);
#5832 = PLANE('',#5833);
#5833 = AXIS2_PLACEMENT_3D('',#5834,#5835,#5836);
#5834 = CARTESIAN_POINT('',(-2.536426642005,-9.466073097633,11.1));
#5835 = DIRECTION('',(0.300705799504,0.953716950748,3.68258394848E-17));
#5836 = DIRECTION('',(-0.953716950748,0.300705799504,-1.167966411026E-16
    ));
#5837 = ADVANCED_FACE('',(#5838),#5856,.T.);
#5838 = FACE_BOUND('',#5839,.T.);
#5839 = EDGE_LOOP('',(#5840,#5841,#5849,#5855));
#5840 = ORIENTED_EDGE('',*,*,#2930,.F.);
#5841 = ORIENTED_EDGE('',*,*,#5842,.T.);
#5842 = EDGE_CURVE('',#2923,#5843,#5845,.T.);
#5843 = VERTEX_POINT('',#5844);
#5844 = CARTESIAN_POINT('',(-1.701752141136,-9.65111597952,9.8));
#5845 = LINE('',#5846,#5847);
#5846 = CARTESIAN_POINT('',(-1.701752141136,-9.65111597952,11.1));
#5847 = VECTOR('',#5848,1.);
#5848 = DIRECTION('',(1.224646799147E-16,0.,-1.));
#5849 = ORIENTED_EDGE('',*,*,#5850,.F.);
#5850 = EDGE_CURVE('',#5819,#5843,#5851,.T.);
#5851 = LINE('',#5852,#5853);
#5852 = CARTESIAN_POINT('',(-1.910420766353,-9.604855259048,9.8));
#5853 = VECTOR('',#5854,1.);
#5854 = DIRECTION('',(0.97629600712,-0.216439613938,1.19561778014E-16));
#5855 = ORIENTED_EDGE('',*,*,#5818,.F.);
#5856 = PLANE('',#5857);
#5857 = AXIS2_PLACEMENT_3D('',#5858,#5859,#5860);
#5858 = CARTESIAN_POINT('',(-1.701752141136,-9.65111597952,11.1));
#5859 = DIRECTION('',(0.216439613938,0.97629600712,2.65062080418E-17));
#5860 = DIRECTION('',(-0.97629600712,0.216439613938,-1.19561778014E-16)
  );
#5861 = ADVANCED_FACE('',(#5862),#5880,.T.);
#5862 = FACE_BOUND('',#5863,.T.);
#5863 = EDGE_LOOP('',(#5864,#5865,#5873,#5879));
#5864 = ORIENTED_EDGE('',*,*,#2922,.F.);
#5865 = ORIENTED_EDGE('',*,*,#5866,.T.);
#5866 = EDGE_CURVE('',#2915,#5867,#5869,.T.);
#5867 = VERTEX_POINT('',#5868);
#5868 = CARTESIAN_POINT('',(-0.854126278927,-9.762708041299,9.8));
#5869 = LINE('',#5870,#5871);
#5870 = CARTESIAN_POINT('',(-0.854126278927,-9.762708041299,11.1));
#5871 = VECTOR('',#5872,1.);
#5872 = DIRECTION('',(1.224646799147E-16,0.,-1.));
#5873 = ORIENTED_EDGE('',*,*,#5874,.F.);
#5874 = EDGE_CURVE('',#5843,#5867,#5875,.T.);
#5875 = LINE('',#5876,#5877);
#5876 = CARTESIAN_POINT('',(-1.066032744479,-9.734810025854,9.8));
#5877 = VECTOR('',#5878,1.);
#5878 = DIRECTION('',(0.991444861374,-0.13052619222,1.214169776013E-16)
  );
#5879 = ORIENTED_EDGE('',*,*,#5842,.F.);
#5880 = PLANE('',#5881);
#5881 = AXIS2_PLACEMENT_3D('',#5882,#5883,#5884);
#5882 = CARTESIAN_POINT('',(-0.854126278927,-9.762708041299,11.1));
#5883 = DIRECTION('',(0.13052619222,0.991444861374,1.598484835072E-17));
#5884 = DIRECTION('',(-0.991444861374,0.13052619222,-1.214169776013E-16)
  );
#5885 = ADVANCED_FACE('',(#5886),#5904,.T.);
#5886 = FACE_BOUND('',#5887,.T.);
#5887 = EDGE_LOOP('',(#5888,#5889,#5897,#5903));
#5888 = ORIENTED_EDGE('',*,*,#2914,.F.);
#5889 = ORIENTED_EDGE('',*,*,#5890,.T.);
#5890 = EDGE_CURVE('',#2907,#5891,#5893,.T.);
#5891 = VERTEX_POINT('',#5892);
#5892 = CARTESIAN_POINT('',(1.947188410644E-15,-9.8,9.8));
#5893 = LINE('',#5894,#5895);
#5894 = CARTESIAN_POINT('',(1.787984326755E-15,-9.8,11.1));
#5895 = VECTOR('',#5896,1.);
#5896 = DIRECTION('',(1.224646799147E-16,0.,-1.));
#5897 = ORIENTED_EDGE('',*,*,#5898,.F.);
#5898 = EDGE_CURVE('',#5867,#5891,#5899,.T.);
#5899 = LINE('',#5900,#5901);
#5900 = CARTESIAN_POINT('',(-0.213531569732,-9.790677010325,9.8));
#5901 = VECTOR('',#5902,1.);
#5902 = DIRECTION('',(0.999048221582,-4.361938736534E-02,
    1.223481206754E-16));
#5903 = ORIENTED_EDGE('',*,*,#5866,.F.);
#5904 = PLANE('',#5905);
#5905 = AXIS2_PLACEMENT_3D('',#5906,#5907,#5908);
#5906 = CARTESIAN_POINT('',(1.787984326755E-15,-9.8,11.1));
#5907 = DIRECTION('',(4.361938736534E-02,0.999048221582,
    5.341834311773E-18));
#5908 = DIRECTION('',(-0.999048221582,4.361938736534E-02,
    -1.223481206754E-16));
#5909 = ADVANCED_FACE('',(#5910),#5928,.T.);
#5910 = FACE_BOUND('',#5911,.T.);
#5911 = EDGE_LOOP('',(#5912,#5913,#5921,#5927));
#5912 = ORIENTED_EDGE('',*,*,#2906,.F.);
#5913 = ORIENTED_EDGE('',*,*,#5914,.T.);
#5914 = EDGE_CURVE('',#2899,#5915,#5917,.T.);
#5915 = VERTEX_POINT('',#5916);
#5916 = CARTESIAN_POINT('',(0.854126278927,-9.762708041299,9.8));
#5917 = LINE('',#5918,#5919);
#5918 = CARTESIAN_POINT('',(0.854126278927,-9.762708041299,11.1));
#5919 = VECTOR('',#5920,1.);
#5920 = DIRECTION('',(1.224646799147E-16,0.,-1.));
#5921 = ORIENTED_EDGE('',*,*,#5922,.F.);
#5922 = EDGE_CURVE('',#5891,#5915,#5923,.T.);
#5923 = LINE('',#5924,#5925);
#5924 = CARTESIAN_POINT('',(0.640594709195,-9.772031030974,9.8));
#5925 = VECTOR('',#5926,1.);
#5926 = DIRECTION('',(0.999048221582,4.361938736534E-02,
    1.223481206754E-16));
#5927 = ORIENTED_EDGE('',*,*,#5890,.F.);
#5928 = PLANE('',#5929);
#5929 = AXIS2_PLACEMENT_3D('',#5930,#5931,#5932);
#5930 = CARTESIAN_POINT('',(0.854126278927,-9.762708041299,11.1));
#5931 = DIRECTION('',(-4.361938736534E-02,0.999048221582,
    -5.341834311773E-18));
#5932 = DIRECTION('',(-0.999048221582,-4.361938736534E-02,
    -1.223481206754E-16));
#5933 = ADVANCED_FACE('',(#5934),#5952,.T.);
#5934 = FACE_BOUND('',#5935,.T.);
#5935 = EDGE_LOOP('',(#5936,#5937,#5945,#5951));
#5936 = ORIENTED_EDGE('',*,*,#2898,.F.);
#5937 = ORIENTED_EDGE('',*,*,#5938,.T.);
#5938 = EDGE_CURVE('',#2891,#5939,#5941,.T.);
#5939 = VERTEX_POINT('',#5940);
#5940 = CARTESIAN_POINT('',(1.701752141136,-9.65111597952,9.8));
#5941 = LINE('',#5942,#5943);
#5942 = CARTESIAN_POINT('',(1.701752141136,-9.65111597952,11.1));
#5943 = VECTOR('',#5944,1.);
#5944 = DIRECTION('',(1.224646799147E-16,0.,-1.));
#5945 = ORIENTED_EDGE('',*,*,#5946,.F.);
#5946 = EDGE_CURVE('',#5915,#5939,#5947,.T.);
#5947 = LINE('',#5948,#5949);
#5948 = CARTESIAN_POINT('',(1.489845675584,-9.679013994965,9.8));
#5949 = VECTOR('',#5950,1.);
#5950 = DIRECTION('',(0.991444861374,0.13052619222,1.214169776013E-16));
#5951 = ORIENTED_EDGE('',*,*,#5914,.F.);
#5952 = PLANE('',#5953);
#5953 = AXIS2_PLACEMENT_3D('',#5954,#5955,#5956);
#5954 = CARTESIAN_POINT('',(1.701752141136,-9.65111597952,11.1));
#5955 = DIRECTION('',(-0.13052619222,0.991444861374,-1.598484835072E-17)
  );
#5956 = DIRECTION('',(-0.991444861374,-0.13052619222,-1.214169776013E-16
    ));
#5957 = ADVANCED_FACE('',(#5958),#5976,.T.);
#5958 = FACE_BOUND('',#5959,.T.);
#5959 = EDGE_LOOP('',(#5960,#5961,#5969,#5975));
#5960 = ORIENTED_EDGE('',*,*,#2890,.F.);
#5961 = ORIENTED_EDGE('',*,*,#5962,.T.);
#5962 = EDGE_CURVE('',#2883,#5963,#5965,.T.);
#5963 = VERTEX_POINT('',#5964);
#5964 = CARTESIAN_POINT('',(2.536426642005,-9.466073097633,9.8));
#5965 = LINE('',#5966,#5967);
#5966 = CARTESIAN_POINT('',(2.536426642005,-9.466073097633,11.1));
#5967 = VECTOR('',#5968,1.);
#5968 = DIRECTION('',(1.224646799147E-16,0.,-1.));
#5969 = ORIENTED_EDGE('',*,*,#5970,.F.);
#5970 = EDGE_CURVE('',#5939,#5963,#5971,.T.);
#5971 = LINE('',#5972,#5973);
#5972 = CARTESIAN_POINT('',(2.327758016788,-9.512333818105,9.8));
#5973 = VECTOR('',#5974,1.);
#5974 = DIRECTION('',(0.97629600712,0.216439613938,1.19561778014E-16));
#5975 = ORIENTED_EDGE('',*,*,#5938,.F.);
#5976 = PLANE('',#5977);
#5977 = AXIS2_PLACEMENT_3D('',#5978,#5979,#5980);
#5978 = CARTESIAN_POINT('',(2.536426642005,-9.466073097633,11.1));
#5979 = DIRECTION('',(-0.216439613938,0.97629600712,-2.65062080418E-17)
  );
#5980 = DIRECTION('',(-0.97629600712,-0.216439613938,-1.19561778014E-16)
  );
#5981 = ADVANCED_FACE('',(#5982),#6000,.T.);
#5982 = FACE_BOUND('',#5983,.T.);
#5983 = EDGE_LOOP('',(#5984,#5985,#5993,#5999));
#5984 = ORIENTED_EDGE('',*,*,#2882,.F.);
#5985 = ORIENTED_EDGE('',*,*,#5986,.T.);
#5986 = EDGE_CURVE('',#2875,#5987,#5989,.T.);
#5987 = VERTEX_POINT('',#5988);
#5988 = CARTESIAN_POINT('',(3.351797404592,-9.208987683702,9.8));
#5989 = LINE('',#5990,#5991);
#5990 = CARTESIAN_POINT('',(3.351797404592,-9.208987683702,11.1));
#5991 = VECTOR('',#5992,1.);
#5992 = DIRECTION('',(1.224646799147E-16,0.,-1.));
#5993 = ORIENTED_EDGE('',*,*,#5994,.F.);
#5994 = EDGE_CURVE('',#5963,#5987,#5995,.T.);
#5995 = LINE('',#5996,#5997);
#5996 = CARTESIAN_POINT('',(3.147954713945,-9.273259037185,9.8));
#5997 = VECTOR('',#5998,1.);
#5998 = DIRECTION('',(0.953716950748,0.300705799504,1.167966411026E-16)
  );
#5999 = ORIENTED_EDGE('',*,*,#5962,.F.);
#6000 = PLANE('',#6001);
#6001 = AXIS2_PLACEMENT_3D('',#6002,#6003,#6004);
#6002 = CARTESIAN_POINT('',(3.351797404592,-9.208987683702,11.1));
#6003 = DIRECTION('',(-0.300705799504,0.953716950748,-3.68258394848E-17)
  );
#6004 = DIRECTION('',(-0.953716950748,-0.300705799504,
    -1.167966411026E-16));
#6005 = ADVANCED_FACE('',(#6006),#6024,.T.);
#6006 = FACE_BOUND('',#6007,.T.);
#6007 = EDGE_LOOP('',(#6008,#6009,#6017,#6023));
#6008 = ORIENTED_EDGE('',*,*,#2874,.F.);
#6009 = ORIENTED_EDGE('',*,*,#6010,.T.);
#6010 = EDGE_CURVE('',#2867,#6011,#6013,.T.);
#6011 = VERTEX_POINT('',#6012);
#6012 = CARTESIAN_POINT('',(4.141658965059,-8.881816312959,9.8));
#6013 = LINE('',#6014,#6015);
#6014 = CARTESIAN_POINT('',(4.141658965059,-8.881816312959,11.1));
#6015 = VECTOR('',#6016,1.);
#6016 = DIRECTION('',(1.224646799147E-16,0.,-1.));
#6017 = ORIENTED_EDGE('',*,*,#6018,.F.);
#6018 = EDGE_CURVE('',#5987,#6011,#6019,.T.);
#6019 = LINE('',#6020,#6021);
#6020 = CARTESIAN_POINT('',(3.944193574942,-8.963609155645,9.8));
#6021 = VECTOR('',#6022,1.);
#6022 = DIRECTION('',(0.923879532511,0.382683432365,1.131426112288E-16)
  );
#6023 = ORIENTED_EDGE('',*,*,#5986,.F.);
#6024 = PLANE('',#6025);
#6025 = AXIS2_PLACEMENT_3D('',#6026,#6027,#6028);
#6026 = CARTESIAN_POINT('',(4.141658965059,-8.881816312959,11.1));
#6027 = DIRECTION('',(-0.382683432365,0.923879532511,-4.686520405326E-17
    ));
#6028 = DIRECTION('',(-0.923879532511,-0.382683432365,
    -1.131426112288E-16));
#6029 = ADVANCED_FACE('',(#6030),#6048,.T.);
#6030 = FACE_BOUND('',#6031,.T.);
#6031 = EDGE_LOOP('',(#6032,#6033,#6041,#6047));
#6032 = ORIENTED_EDGE('',*,*,#2866,.F.);
#6033 = ORIENTED_EDGE('',*,*,#6034,.T.);
#6034 = EDGE_CURVE('',#2859,#6035,#6037,.T.);
#6035 = VERTEX_POINT('',#6036);
#6036 = CARTESIAN_POINT('',(4.9,-8.487048957087,9.8));
#6037 = LINE('',#6038,#6039);
#6038 = CARTESIAN_POINT('',(4.9,-8.487048957087,11.1));
#6039 = VECTOR('',#6040,1.);
#6040 = DIRECTION('',(1.224646799147E-16,0.,-1.));
#6041 = ORIENTED_EDGE('',*,*,#6042,.F.);
#6042 = EDGE_CURVE('',#6011,#6035,#6043,.T.);
#6043 = LINE('',#6044,#6045);
#6044 = CARTESIAN_POINT('',(4.710414741265,-8.585740796055,9.8));
#6045 = VECTOR('',#6046,1.);
#6046 = DIRECTION('',(0.887010833178,0.461748613235,1.086274977661E-16)
  );
#6047 = ORIENTED_EDGE('',*,*,#6010,.F.);
#6048 = PLANE('',#6049);
#6049 = AXIS2_PLACEMENT_3D('',#6050,#6051,#6052);
#6050 = CARTESIAN_POINT('',(4.9,-8.487048957087,11.1));
#6051 = DIRECTION('',(-0.461748613235,0.887010833178,-5.65478961209E-17)
  );
#6052 = DIRECTION('',(-0.887010833178,-0.461748613235,
    -1.086274977661E-16));
#6053 = ADVANCED_FACE('',(#6054),#6072,.T.);
#6054 = FACE_BOUND('',#6055,.T.);
#6055 = EDGE_LOOP('',(#6056,#6057,#6065,#6071));
#6056 = ORIENTED_EDGE('',*,*,#2858,.F.);
#6057 = ORIENTED_EDGE('',*,*,#6058,.T.);
#6058 = EDGE_CURVE('',#2851,#6059,#6061,.T.);
#6059 = VERTEX_POINT('',#6060);
#6060 = CARTESIAN_POINT('',(5.62104907624,-8.027690034032,9.8));
#6061 = LINE('',#6062,#6063);
#6062 = CARTESIAN_POINT('',(5.62104907624,-8.027690034032,11.1));
#6063 = VECTOR('',#6064,1.);
#6064 = DIRECTION('',(1.224646799147E-16,0.,-1.));
#6065 = ORIENTED_EDGE('',*,*,#6066,.F.);
#6066 = EDGE_CURVE('',#6035,#6059,#6067,.T.);
#6067 = LINE('',#6068,#6069);
#6068 = CARTESIAN_POINT('',(5.44078680718,-8.142529764796,9.8));
#6069 = VECTOR('',#6070,1.);
#6070 = DIRECTION('',(0.843391445813,0.537299608347,1.032856634543E-16)
  );
#6071 = ORIENTED_EDGE('',*,*,#6034,.F.);
#6072 = PLANE('',#6073);
#6073 = AXIS2_PLACEMENT_3D('',#6074,#6075,#6076);
#6074 = CARTESIAN_POINT('',(5.62104907624,-8.027690034032,11.1));
#6075 = DIRECTION('',(-0.537299608347,0.843391445813,-6.580022455451E-17
    ));
#6076 = DIRECTION('',(-0.843391445813,-0.537299608347,
    -1.032856634543E-16));
#6077 = ADVANCED_FACE('',(#6078),#6096,.T.);
#6078 = FACE_BOUND('',#6079,.T.);
#6079 = EDGE_LOOP('',(#6080,#6081,#6089,#6095));
#6080 = ORIENTED_EDGE('',*,*,#2850,.F.);
#6081 = ORIENTED_EDGE('',*,*,#6082,.T.);
#6082 = EDGE_CURVE('',#2843,#6083,#6085,.T.);
#6083 = VERTEX_POINT('',#6084);
#6084 = CARTESIAN_POINT('',(6.299318574928,-7.507235542566,9.8));
#6085 = LINE('',#6086,#6087);
#6086 = CARTESIAN_POINT('',(6.299318574928,-7.507235542566,11.1));
#6087 = VECTOR('',#6088,1.);
#6088 = DIRECTION('',(1.224646799147E-16,0.,-1.));
#6089 = ORIENTED_EDGE('',*,*,#6090,.F.);
#6090 = EDGE_CURVE('',#6059,#6083,#6091,.T.);
#6091 = LINE('',#6092,#6093);
#6092 = CARTESIAN_POINT('',(6.129751200256,-7.637349165433,9.8));
#6093 = VECTOR('',#6094,1.);
#6094 = DIRECTION('',(0.793353340291,0.608761429009,9.715776287805E-17)
  );
#6095 = ORIENTED_EDGE('',*,*,#6058,.F.);
#6096 = PLANE('',#6097);
#6097 = AXIS2_PLACEMENT_3D('',#6098,#6099,#6100);
#6098 = CARTESIAN_POINT('',(6.299318574928,-7.507235542566,11.1));
#6099 = DIRECTION('',(-0.608761429009,0.793353340291,-7.455177354799E-17
    ));
#6100 = DIRECTION('',(-0.793353340291,-0.608761429009,
    -9.715776287805E-17));
#6101 = ADVANCED_FACE('',(#6102),#6120,.T.);
#6102 = FACE_BOUND('',#6103,.T.);
#6103 = EDGE_LOOP('',(#6104,#6105,#6113,#6119));
#6104 = ORIENTED_EDGE('',*,*,#2842,.F.);
#6105 = ORIENTED_EDGE('',*,*,#6106,.T.);
#6106 = EDGE_CURVE('',#2835,#6107,#6109,.T.);
#6107 = VERTEX_POINT('',#6108);
#6108 = CARTESIAN_POINT('',(6.929646455628,-6.929646455628,9.8));
#6109 = LINE('',#6110,#6111);
#6110 = CARTESIAN_POINT('',(6.929646455628,-6.929646455628,11.1));
#6111 = VECTOR('',#6112,1.);
#6112 = DIRECTION('',(1.224646799147E-16,0.,-1.));
#6113 = ORIENTED_EDGE('',*,*,#6114,.F.);
#6114 = EDGE_CURVE('',#6083,#6107,#6115,.T.);
#6115 = LINE('',#6116,#6117);
#6116 = CARTESIAN_POINT('',(6.772064485453,-7.074043727363,9.8));
#6117 = VECTOR('',#6118,1.);
#6118 = DIRECTION('',(0.73727733681,0.675590207616,9.029043306084E-17));
#6119 = ORIENTED_EDGE('',*,*,#6082,.F.);
#6120 = PLANE('',#6121);
#6121 = AXIS2_PLACEMENT_3D('',#6122,#6123,#6124);
#6122 = CARTESIAN_POINT('',(6.929646455628,-6.929646455628,11.1));
#6123 = DIRECTION('',(-0.675590207616,0.73727733681,-8.273593852918E-17)
  );
#6124 = DIRECTION('',(-0.73727733681,-0.675590207616,-9.029043306084E-17
    ));
#6125 = ADVANCED_FACE('',(#6126),#6144,.T.);
#6126 = FACE_BOUND('',#6127,.T.);
#6127 = EDGE_LOOP('',(#6128,#6129,#6137,#6143));
#6128 = ORIENTED_EDGE('',*,*,#2834,.F.);
#6129 = ORIENTED_EDGE('',*,*,#6130,.T.);
#6130 = EDGE_CURVE('',#2827,#6131,#6133,.T.);
#6131 = VERTEX_POINT('',#6132);
#6132 = CARTESIAN_POINT('',(7.507235542566,-6.299318574928,9.8));
#6133 = LINE('',#6134,#6135);
#6134 = CARTESIAN_POINT('',(7.507235542566,-6.299318574928,11.1));
#6135 = VECTOR('',#6136,1.);
#6136 = DIRECTION('',(1.224646799147E-16,0.,-1.));
#6137 = ORIENTED_EDGE('',*,*,#6138,.F.);
#6138 = EDGE_CURVE('',#6107,#6131,#6139,.T.);
#6139 = LINE('',#6140,#6141);
#6140 = CARTESIAN_POINT('',(7.362838270832,-6.456900545103,9.8));
#6141 = VECTOR('',#6142,1.);
#6142 = DIRECTION('',(0.675590207616,0.73727733681,8.273593852918E-17));
#6143 = ORIENTED_EDGE('',*,*,#6106,.F.);
#6144 = PLANE('',#6145);
#6145 = AXIS2_PLACEMENT_3D('',#6146,#6147,#6148);
#6146 = CARTESIAN_POINT('',(7.507235542566,-6.299318574928,11.1));
#6147 = DIRECTION('',(-0.73727733681,0.675590207616,-9.029043306084E-17)
  );
#6148 = DIRECTION('',(-0.675590207616,-0.73727733681,-8.273593852918E-17
    ));
#6149 = ADVANCED_FACE('',(#6150),#6168,.T.);
#6150 = FACE_BOUND('',#6151,.T.);
#6151 = EDGE_LOOP('',(#6152,#6153,#6161,#6167));
#6152 = ORIENTED_EDGE('',*,*,#2826,.F.);
#6153 = ORIENTED_EDGE('',*,*,#6154,.T.);
#6154 = EDGE_CURVE('',#2819,#6155,#6157,.T.);
#6155 = VERTEX_POINT('',#6156);
#6156 = CARTESIAN_POINT('',(8.027690034032,-5.62104907624,9.8));
#6157 = LINE('',#6158,#6159);
#6158 = CARTESIAN_POINT('',(8.027690034032,-5.62104907624,11.1));
#6159 = VECTOR('',#6160,1.);
#6160 = DIRECTION('',(1.224646799147E-16,0.,-1.));
#6161 = ORIENTED_EDGE('',*,*,#6162,.F.);
#6162 = EDGE_CURVE('',#6131,#6155,#6163,.T.);
#6163 = LINE('',#6164,#6165);
#6164 = CARTESIAN_POINT('',(7.897576411166,-5.790616450912,9.8));
#6165 = VECTOR('',#6166,1.);
#6166 = DIRECTION('',(0.608761429009,0.793353340291,7.455177354799E-17)
  );
#6167 = ORIENTED_EDGE('',*,*,#6130,.F.);
#6168 = PLANE('',#6169);
#6169 = AXIS2_PLACEMENT_3D('',#6170,#6171,#6172);
#6170 = CARTESIAN_POINT('',(8.027690034032,-5.62104907624,11.1));
#6171 = DIRECTION('',(-0.793353340291,0.608761429009,-9.715776287805E-17
    ));
#6172 = DIRECTION('',(-0.608761429009,-0.793353340291,
    -7.455177354799E-17));
#6173 = ADVANCED_FACE('',(#6174),#6192,.T.);
#6174 = FACE_BOUND('',#6175,.T.);
#6175 = EDGE_LOOP('',(#6176,#6177,#6185,#6191));
#6176 = ORIENTED_EDGE('',*,*,#2818,.F.);
#6177 = ORIENTED_EDGE('',*,*,#6178,.T.);
#6178 = EDGE_CURVE('',#2811,#6179,#6181,.T.);
#6179 = VERTEX_POINT('',#6180);
#6180 = CARTESIAN_POINT('',(8.487048957087,-4.9,9.8));
#6181 = LINE('',#6182,#6183);
#6182 = CARTESIAN_POINT('',(8.487048957087,-4.9,11.1));
#6183 = VECTOR('',#6184,1.);
#6184 = DIRECTION('',(1.224646799147E-16,0.,-1.));
#6185 = ORIENTED_EDGE('',*,*,#6186,.F.);
#6186 = EDGE_CURVE('',#6155,#6179,#6187,.T.);
#6187 = LINE('',#6188,#6189);
#6188 = CARTESIAN_POINT('',(8.372209226324,-5.08026226906,9.8));
#6189 = VECTOR('',#6190,1.);
#6190 = DIRECTION('',(0.537299608347,0.843391445813,6.580022455451E-17)
  );
#6191 = ORIENTED_EDGE('',*,*,#6154,.F.);
#6192 = PLANE('',#6193);
#6193 = AXIS2_PLACEMENT_3D('',#6194,#6195,#6196);
#6194 = CARTESIAN_POINT('',(8.487048957087,-4.9,11.1));
#6195 = DIRECTION('',(-0.843391445813,0.537299608347,-1.032856634543E-16
    ));
#6196 = DIRECTION('',(-0.537299608347,-0.843391445813,
    -6.580022455451E-17));
#6197 = ADVANCED_FACE('',(#6198),#6216,.T.);
#6198 = FACE_BOUND('',#6199,.T.);
#6199 = EDGE_LOOP('',(#6200,#6201,#6209,#6215));
#6200 = ORIENTED_EDGE('',*,*,#2810,.F.);
#6201 = ORIENTED_EDGE('',*,*,#6202,.T.);
#6202 = EDGE_CURVE('',#2802,#6203,#6205,.T.);
#6203 = VERTEX_POINT('',#6204);
#6204 = CARTESIAN_POINT('',(8.81333626143,-4.2732079201,9.8));
#6205 = LINE('',#6206,#6207);
#6206 = CARTESIAN_POINT('',(8.81333626143,-4.2732079201,11.1));
#6207 = VECTOR('',#6208,1.);
#6208 = DIRECTION('',(1.224646799147E-16,0.,-1.));
#6209 = ORIENTED_EDGE('',*,*,#6210,.F.);
#6210 = EDGE_CURVE('',#6179,#6203,#6211,.T.);
#6211 = LINE('',#6212,#6213);
#6212 = CARTESIAN_POINT('',(8.783124473991,-4.331244223794,9.8));
#6213 = VECTOR('',#6214,1.);
#6214 = DIRECTION('',(0.461748613235,0.887010833178,5.65478961209E-17));
#6215 = ORIENTED_EDGE('',*,*,#6178,.F.);
#6216 = PLANE('',#6217);
#6217 = AXIS2_PLACEMENT_3D('',#6218,#6219,#6220);
#6218 = CARTESIAN_POINT('',(8.881816312959,-4.141658965059,11.1));
#6219 = DIRECTION('',(-0.887010833178,0.461748613235,-1.086274977661E-16
    ));
#6220 = DIRECTION('',(-0.461748613235,-0.887010833178,-5.65478961209E-17
    ));
#6221 = ADVANCED_FACE('',(#6222),#6241,.F.);
#6222 = FACE_BOUND('',#6223,.F.);
#6223 = EDGE_LOOP('',(#6224,#6225,#6234,#6240));
#6224 = ORIENTED_EDGE('',*,*,#6202,.T.);
#6225 = ORIENTED_EDGE('',*,*,#6226,.F.);
#6226 = EDGE_CURVE('',#6227,#6203,#6229,.T.);
#6227 = VERTEX_POINT('',#6228);
#6228 = CARTESIAN_POINT('',(5.800369837035,-2.70475687514,9.8));
#6229 = CIRCLE('',#6230,1.7);
#6230 = AXIS2_PLACEMENT_3D('',#6231,#6232,#6233);
#6231 = CARTESIAN_POINT('',(7.341093074997,-3.4232079201,9.8));
#6232 = DIRECTION('',(1.224646799147E-16,0.,-1.));
#6233 = DIRECTION('',(-1.,0.,-1.224646799147E-16));
#6234 = ORIENTED_EDGE('',*,*,#6235,.F.);
#6235 = EDGE_CURVE('',#2794,#6227,#6236,.T.);
#6236 = LINE('',#6237,#6238);
#6237 = CARTESIAN_POINT('',(5.800369837035,-2.70475687514,11.1));
#6238 = VECTOR('',#6239,1.);
#6239 = DIRECTION('',(1.224646799147E-16,0.,-1.));
#6240 = ORIENTED_EDGE('',*,*,#2801,.T.);
#6241 = CYLINDRICAL_SURFACE('',#6242,1.7);
#6242 = AXIS2_PLACEMENT_3D('',#6243,#6244,#6245);
#6243 = CARTESIAN_POINT('',(7.341093074997,-3.4232079201,11.1));
#6244 = DIRECTION('',(1.224646799147E-16,0.,-1.));
#6245 = DIRECTION('',(-1.,0.,-1.224646799147E-16));
#6246 = ADVANCED_FACE('',(#6247),#6258,.T.);
#6247 = FACE_BOUND('',#6248,.T.);
#6248 = EDGE_LOOP('',(#6249,#6250,#6251,#6257));
#6249 = ORIENTED_EDGE('',*,*,#2793,.F.);
#6250 = ORIENTED_EDGE('',*,*,#4986,.T.);
#6251 = ORIENTED_EDGE('',*,*,#6252,.F.);
#6252 = EDGE_CURVE('',#6227,#4979,#6253,.T.);
#6253 = LINE('',#6254,#6255);
#6254 = CARTESIAN_POINT('',(5.607014397424,-3.076189218785,9.8));
#6255 = VECTOR('',#6256,1.);
#6256 = DIRECTION('',(-0.461748613235,-0.887010833178,-5.65478961209E-17
    ));
#6257 = ORIENTED_EDGE('',*,*,#6235,.F.);
#6258 = PLANE('',#6259);
#6259 = AXIS2_PLACEMENT_3D('',#6260,#6261,#6262);
#6260 = CARTESIAN_POINT('',(5.54256258422,-3.2,11.1));
#6261 = DIRECTION('',(0.887010833178,-0.461748613235,1.086274977661E-16)
  );
#6262 = DIRECTION('',(0.461748613235,0.887010833178,5.65478961209E-17));
#6263 = ADVANCED_FACE('',(#6264),#6289,.F.);
#6264 = FACE_BOUND('',#6265,.F.);
#6265 = EDGE_LOOP('',(#6266,#6267,#6275,#6283));
#6266 = ORIENTED_EDGE('',*,*,#3219,.F.);
#6267 = ORIENTED_EDGE('',*,*,#6268,.T.);
#6268 = EDGE_CURVE('',#3220,#6269,#6271,.T.);
#6269 = VERTEX_POINT('',#6270);
#6270 = CARTESIAN_POINT('',(-5.7,7.125,9.8));
#6271 = LINE('',#6272,#6273);
#6272 = CARTESIAN_POINT('',(-5.7,7.125,11.1));
#6273 = VECTOR('',#6274,1.);
#6274 = DIRECTION('',(1.224646799147E-16,0.,-1.));
#6275 = ORIENTED_EDGE('',*,*,#6276,.F.);
#6276 = EDGE_CURVE('',#6277,#6269,#6279,.T.);
#6277 = VERTEX_POINT('',#6278);
#6278 = CARTESIAN_POINT('',(-5.701007159107,7.144675194331,9.8));
#6279 = LINE('',#6280,#6281);
#6280 = CARTESIAN_POINT('',(-5.510666318608,3.426302396659,9.8));
#6281 = VECTOR('',#6282,1.);
#6282 = DIRECTION('',(5.112234860387E-02,-0.998692397825,
    6.260682058263E-18));
#6283 = ORIENTED_EDGE('',*,*,#6284,.F.);
#6284 = EDGE_CURVE('',#3222,#6277,#6285,.T.);
#6285 = LINE('',#6286,#6287);
#6286 = CARTESIAN_POINT('',(-5.701007159107,7.144675194331,11.1));
#6287 = VECTOR('',#6288,1.);
#6288 = DIRECTION('',(1.224646799147E-16,0.,-1.));
#6289 = PLANE('',#6290);
#6290 = AXIS2_PLACEMENT_3D('',#6291,#6292,#6293);
#6291 = CARTESIAN_POINT('',(-5.7,7.125,11.1));
#6292 = DIRECTION('',(0.998692397825,5.112234860387E-02,
    1.223045448329E-16));
#6293 = DIRECTION('',(-5.112234860387E-02,0.998692397825,
    -6.260682058263E-18));
#6294 = ADVANCED_FACE('',(#6295),#6313,.F.);
#6295 = FACE_BOUND('',#6296,.F.);
#6296 = EDGE_LOOP('',(#6297,#6298,#6306,#6312));
#6297 = ORIENTED_EDGE('',*,*,#3229,.F.);
#6298 = ORIENTED_EDGE('',*,*,#6299,.T.);
#6299 = EDGE_CURVE('',#3230,#6300,#6302,.T.);
#6300 = VERTEX_POINT('',#6301);
#6301 = CARTESIAN_POINT('',(-5.698992840893,7.144675194331,9.8));
#6302 = LINE('',#6303,#6304);
#6303 = CARTESIAN_POINT('',(-5.698992840893,7.144675194331,11.1));
#6304 = VECTOR('',#6305,1.);
#6305 = DIRECTION('',(1.224646799147E-16,0.,-1.));
#6306 = ORIENTED_EDGE('',*,*,#6307,.F.);
#6307 = EDGE_CURVE('',#6269,#6300,#6308,.T.);
#6308 = LINE('',#6309,#6310);
#6309 = CARTESIAN_POINT('',(-5.873933183036,3.72715634901,9.8));
#6310 = VECTOR('',#6311,1.);
#6311 = DIRECTION('',(5.112234860387E-02,0.998692397825,
    6.260682058263E-18));
#6312 = ORIENTED_EDGE('',*,*,#6268,.F.);
#6313 = PLANE('',#6314);
#6314 = AXIS2_PLACEMENT_3D('',#6315,#6316,#6317);
#6315 = CARTESIAN_POINT('',(-5.698992840893,7.144675194331,11.1));
#6316 = DIRECTION('',(-0.998692397825,5.112234860387E-02,
    -1.223045448329E-16));
#6317 = DIRECTION('',(-5.112234860387E-02,-0.998692397825,
    -6.260682058263E-18));
#6318 = ADVANCED_FACE('',(#6319),#6337,.F.);
#6319 = FACE_BOUND('',#6320,.F.);
#6320 = EDGE_LOOP('',(#6321,#6322,#6323,#6331));
#6321 = ORIENTED_EDGE('',*,*,#3981,.F.);
#6322 = ORIENTED_EDGE('',*,*,#6284,.T.);
#6323 = ORIENTED_EDGE('',*,*,#6324,.F.);
#6324 = EDGE_CURVE('',#6325,#6277,#6327,.T.);
#6325 = VERTEX_POINT('',#6326);
#6326 = CARTESIAN_POINT('',(-5.708005629866,7.202708159462,9.8));
#6327 = LINE('',#6328,#6329);
#6328 = CARTESIAN_POINT('',(-5.235516544225,3.284717561644,9.8));
#6329 = VECTOR('',#6330,1.);
#6330 = DIRECTION('',(0.119727287156,-0.992806817417,1.466236389862E-17)
  );
#6331 = ORIENTED_EDGE('',*,*,#6332,.F.);
#6332 = EDGE_CURVE('',#3974,#6325,#6333,.T.);
#6333 = LINE('',#6334,#6335);
#6334 = CARTESIAN_POINT('',(-5.708005629866,7.202708159462,11.1));
#6335 = VECTOR('',#6336,1.);
#6336 = DIRECTION('',(1.224646799147E-16,0.,-1.));
#6337 = PLANE('',#6338);
#6338 = AXIS2_PLACEMENT_3D('',#6339,#6340,#6341);
#6339 = CARTESIAN_POINT('',(-5.701007159107,7.144675194331,11.1));
#6340 = DIRECTION('',(0.992806817417,0.119727287156,1.215837691122E-16)
  );
#6341 = DIRECTION('',(-0.119727287156,0.992806817417,-1.466236389862E-17
    ));
#6342 = ADVANCED_FACE('',(#6343),#6361,.F.);
#6343 = FACE_BOUND('',#6344,.F.);
#6344 = EDGE_LOOP('',(#6345,#6346,#6354,#6360));
#6345 = ORIENTED_EDGE('',*,*,#3237,.F.);
#6346 = ORIENTED_EDGE('',*,*,#6347,.T.);
#6347 = EDGE_CURVE('',#3238,#6348,#6350,.T.);
#6348 = VERTEX_POINT('',#6349);
#6349 = CARTESIAN_POINT('',(-5.691994370134,7.202708159462,9.8));
#6350 = LINE('',#6351,#6352);
#6351 = CARTESIAN_POINT('',(-5.691994370134,7.202708159462,11.1));
#6352 = VECTOR('',#6353,1.);
#6353 = DIRECTION('',(1.224646799147E-16,0.,-1.));
#6354 = ORIENTED_EDGE('',*,*,#6355,.F.);
#6355 = EDGE_CURVE('',#6300,#6348,#6356,.T.);
#6356 = LINE('',#6357,#6358);
#6357 = CARTESIAN_POINT('',(-6.079276867644,3.991270625649,9.8));
#6358 = VECTOR('',#6359,1.);
#6359 = DIRECTION('',(0.119727287156,0.992806817417,1.466236389862E-17)
  );
#6360 = ORIENTED_EDGE('',*,*,#6299,.F.);
#6361 = PLANE('',#6362);
#6362 = AXIS2_PLACEMENT_3D('',#6363,#6364,#6365);
#6363 = CARTESIAN_POINT('',(-5.691994370134,7.202708159462,11.1));
#6364 = DIRECTION('',(-0.992806817417,0.119727287156,-1.215837691122E-16
    ));
#6365 = DIRECTION('',(-0.119727287156,-0.992806817417,
    -1.466236389862E-17));
#6366 = ADVANCED_FACE('',(#6367),#6385,.F.);
#6367 = FACE_BOUND('',#6368,.F.);
#6368 = EDGE_LOOP('',(#6369,#6370,#6371,#6379));
#6369 = ORIENTED_EDGE('',*,*,#3973,.F.);
#6370 = ORIENTED_EDGE('',*,*,#6332,.T.);
#6371 = ORIENTED_EDGE('',*,*,#6372,.F.);
#6372 = EDGE_CURVE('',#6373,#6325,#6375,.T.);
#6373 = VERTEX_POINT('',#6374);
#6374 = CARTESIAN_POINT('',(-5.726730659726,7.296172119801,9.8));
#6375 = LINE('',#6376,#6377);
#6376 = CARTESIAN_POINT('',(-4.904201569343,3.190607169836,9.8));
#6377 = VECTOR('',#6378,1.);
#6378 = DIRECTION('',(0.196441318168,-0.980515583005,2.405712315149E-17)
  );
#6379 = ORIENTED_EDGE('',*,*,#6380,.F.);
#6380 = EDGE_CURVE('',#3966,#6373,#6381,.T.);
#6381 = LINE('',#6382,#6383);
#6382 = CARTESIAN_POINT('',(-5.726730659726,7.296172119801,11.1));
#6383 = VECTOR('',#6384,1.);
#6384 = DIRECTION('',(1.224646799147E-16,0.,-1.));
#6385 = PLANE('',#6386);
#6386 = AXIS2_PLACEMENT_3D('',#6387,#6388,#6389);
#6387 = CARTESIAN_POINT('',(-5.708005629866,7.202708159462,11.1));
#6388 = DIRECTION('',(0.980515583005,0.196441318168,1.200785270242E-16)
  );
#6389 = DIRECTION('',(-0.196441318168,0.980515583005,-2.405712315149E-17
    ));
#6390 = ADVANCED_FACE('',(#6391),#6409,.F.);
#6391 = FACE_BOUND('',#6392,.F.);
#6392 = EDGE_LOOP('',(#6393,#6394,#6402,#6408));
#6393 = ORIENTED_EDGE('',*,*,#3245,.F.);
#6394 = ORIENTED_EDGE('',*,*,#6395,.T.);
#6395 = EDGE_CURVE('',#3246,#6396,#6398,.T.);
#6396 = VERTEX_POINT('',#6397);
#6397 = CARTESIAN_POINT('',(-5.673269340274,7.296172119801,9.8));
#6398 = LINE('',#6399,#6400);
#6399 = CARTESIAN_POINT('',(-5.673269340274,7.296172119801,11.1));
#6400 = VECTOR('',#6401,1.);
#6401 = DIRECTION('',(1.224646799147E-16,0.,-1.));
#6402 = ORIENTED_EDGE('',*,*,#6403,.F.);
#6403 = EDGE_CURVE('',#6348,#6396,#6404,.T.);
#6404 = LINE('',#6405,#6406);
#6405 = CARTESIAN_POINT('',(-6.26647752427,4.335237659583,9.8));
#6406 = VECTOR('',#6407,1.);
#6407 = DIRECTION('',(0.196441318168,0.980515583005,2.405712315149E-17)
  );
#6408 = ORIENTED_EDGE('',*,*,#6347,.F.);
#6409 = PLANE('',#6410);
#6410 = AXIS2_PLACEMENT_3D('',#6411,#6412,#6413);
#6411 = CARTESIAN_POINT('',(-5.673269340274,7.296172119801,11.1));
#6412 = DIRECTION('',(-0.980515583005,0.196441318168,-1.200785270242E-16
    ));
#6413 = DIRECTION('',(-0.196441318168,-0.980515583005,
    -2.405712315149E-17));
#6414 = ADVANCED_FACE('',(#6415),#6433,.F.);
#6415 = FACE_BOUND('',#6416,.F.);
#6416 = EDGE_LOOP('',(#6417,#6418,#6419,#6427));
#6417 = ORIENTED_EDGE('',*,*,#3965,.F.);
#6418 = ORIENTED_EDGE('',*,*,#6380,.T.);
#6419 = ORIENTED_EDGE('',*,*,#6420,.F.);
#6420 = EDGE_CURVE('',#6421,#6373,#6423,.T.);
#6421 = VERTEX_POINT('',#6422);
#6422 = CARTESIAN_POINT('',(-5.762415318709,7.420356411104,9.8));
#6423 = LINE('',#6424,#6425);
#6424 = CARTESIAN_POINT('',(-4.540001958732,3.166300435391,9.8));
#6425 = VECTOR('',#6426,1.);
#6426 = DIRECTION('',(0.276176427855,-0.961106955909,3.382185783732E-17)
  );
#6427 = ORIENTED_EDGE('',*,*,#6428,.F.);
#6428 = EDGE_CURVE('',#3958,#6421,#6429,.T.);
#6429 = LINE('',#6430,#6431);
#6430 = CARTESIAN_POINT('',(-5.762415318709,7.420356411104,11.1));
#6431 = VECTOR('',#6432,1.);
#6432 = DIRECTION('',(1.224646799147E-16,0.,-1.));
#6433 = PLANE('',#6434);
#6434 = AXIS2_PLACEMENT_3D('',#6435,#6436,#6437);
#6435 = CARTESIAN_POINT('',(-5.726730659726,7.296172119801,11.1));
#6436 = DIRECTION('',(0.961106955909,0.276176427855,1.177016557192E-16)
  );
#6437 = DIRECTION('',(-0.276176427855,0.961106955909,-3.382185783732E-17
    ));
#6438 = ADVANCED_FACE('',(#6439),#6457,.F.);
#6439 = FACE_BOUND('',#6440,.F.);
#6440 = EDGE_LOOP('',(#6441,#6442,#6450,#6456));
#6441 = ORIENTED_EDGE('',*,*,#3253,.F.);
#6442 = ORIENTED_EDGE('',*,*,#6443,.T.);
#6443 = EDGE_CURVE('',#3254,#6444,#6446,.T.);
#6444 = VERTEX_POINT('',#6445);
#6445 = CARTESIAN_POINT('',(-5.637584681291,7.420356411104,9.8));
#6446 = LINE('',#6447,#6448);
#6447 = CARTESIAN_POINT('',(-5.637584681291,7.420356411104,11.1));
#6448 = VECTOR('',#6449,1.);
#6449 = DIRECTION('',(1.224646799147E-16,0.,-1.));
#6450 = ORIENTED_EDGE('',*,*,#6451,.F.);
#6451 = EDGE_CURVE('',#6396,#6444,#6452,.T.);
#6452 = LINE('',#6453,#6454);
#6453 = CARTESIAN_POINT('',(-6.407397221749,4.741372570502,9.8));
#6454 = VECTOR('',#6455,1.);
#6455 = DIRECTION('',(0.276176427856,0.961106955909,3.382185783732E-17)
  );
#6456 = ORIENTED_EDGE('',*,*,#6395,.F.);
#6457 = PLANE('',#6458);
#6458 = AXIS2_PLACEMENT_3D('',#6459,#6460,#6461);
#6459 = CARTESIAN_POINT('',(-5.637584681291,7.420356411104,11.1));
#6460 = DIRECTION('',(-0.961106955909,0.276176427856,-1.177016557192E-16
    ));
#6461 = DIRECTION('',(-0.276176427856,-0.961106955909,
    -3.382185783732E-17));
#6462 = ADVANCED_FACE('',(#6463),#6481,.F.);
#6463 = FACE_BOUND('',#6464,.F.);
#6464 = EDGE_LOOP('',(#6465,#6466,#6467,#6475));
#6465 = ORIENTED_EDGE('',*,*,#3957,.F.);
#6466 = ORIENTED_EDGE('',*,*,#6428,.T.);
#6467 = ORIENTED_EDGE('',*,*,#6468,.F.);
#6468 = EDGE_CURVE('',#6469,#6421,#6471,.T.);
#6469 = VERTEX_POINT('',#6470);
#6470 = CARTESIAN_POINT('',(-5.819563905246,7.569007230939,9.8));
#6471 = LINE('',#6472,#6473);
#6472 = CARTESIAN_POINT('',(-4.148705771467,3.222890442009,9.8));
#6473 = VECTOR('',#6474,1.);
#6474 = DIRECTION('',(0.358843389204,-0.933397783383,4.394564079841E-17)
  );
#6475 = ORIENTED_EDGE('',*,*,#6476,.F.);
#6476 = EDGE_CURVE('',#3950,#6469,#6477,.T.);
#6477 = LINE('',#6478,#6479);
#6478 = CARTESIAN_POINT('',(-5.819563905246,7.569007230939,11.1));
#6479 = VECTOR('',#6480,1.);
#6480 = DIRECTION('',(1.224646799147E-16,0.,-1.));
#6481 = PLANE('',#6482);
#6482 = AXIS2_PLACEMENT_3D('',#6483,#6484,#6485);
#6483 = CARTESIAN_POINT('',(-5.762415318709,7.420356411104,11.1));
#6484 = DIRECTION('',(0.933397783383,0.358843389204,1.143082607751E-16)
  );
#6485 = DIRECTION('',(-0.358843389204,0.933397783383,-4.394564079841E-17
    ));
#6486 = ADVANCED_FACE('',(#6487),#6505,.F.);
#6487 = FACE_BOUND('',#6488,.F.);
#6488 = EDGE_LOOP('',(#6489,#6490,#6498,#6504));
#6489 = ORIENTED_EDGE('',*,*,#3261,.F.);
#6490 = ORIENTED_EDGE('',*,*,#6491,.T.);
#6491 = EDGE_CURVE('',#3262,#6492,#6494,.T.);
#6492 = VERTEX_POINT('',#6493);
#6493 = CARTESIAN_POINT('',(-5.580436094754,7.569007230939,9.8));
#6494 = LINE('',#6495,#6496);
#6495 = CARTESIAN_POINT('',(-5.580436094754,7.569007230939,11.1));
#6496 = VECTOR('',#6497,1.);
#6497 = DIRECTION('',(1.224646799147E-16,0.,-1.));
#6498 = ORIENTED_EDGE('',*,*,#6499,.F.);
#6499 = EDGE_CURVE('',#6444,#6492,#6500,.T.);
#6500 = LINE('',#6501,#6502);
#6501 = CARTESIAN_POINT('',(-6.488739040803,5.206394509096,9.8));
#6502 = VECTOR('',#6503,1.);
#6503 = DIRECTION('',(0.358843389204,0.933397783383,4.394564079841E-17)
  );
#6504 = ORIENTED_EDGE('',*,*,#6443,.F.);
#6505 = PLANE('',#6506);
#6506 = AXIS2_PLACEMENT_3D('',#6507,#6508,#6509);
#6507 = CARTESIAN_POINT('',(-5.580436094754,7.569007230939,11.1));
#6508 = DIRECTION('',(-0.933397783383,0.358843389204,-1.143082607751E-16
    ));
#6509 = DIRECTION('',(-0.358843389204,-0.933397783383,
    -4.394564079841E-17));
#6510 = ADVANCED_FACE('',(#6511),#6529,.F.);
#6511 = FACE_BOUND('',#6512,.F.);
#6512 = EDGE_LOOP('',(#6513,#6514,#6515,#6523));
#6513 = ORIENTED_EDGE('',*,*,#3949,.F.);
#6514 = ORIENTED_EDGE('',*,*,#6476,.T.);
#6515 = ORIENTED_EDGE('',*,*,#6516,.F.);
#6516 = EDGE_CURVE('',#6517,#6469,#6519,.T.);
#6517 = VERTEX_POINT('',#6518);
#6518 = CARTESIAN_POINT('',(-5.901753688126,7.734644959196,9.8));
#6519 = LINE('',#6520,#6521);
#6520 = CARTESIAN_POINT('',(-3.73781099121,3.373633896263,9.8));
#6521 = VECTOR('',#6522,1.);
#6522 = DIRECTION('',(0.444489822093,-0.895783901427,5.443430378794E-17)
  );
#6523 = ORIENTED_EDGE('',*,*,#6524,.F.);
#6524 = EDGE_CURVE('',#3942,#6517,#6525,.T.);
#6525 = LINE('',#6526,#6527);
#6526 = CARTESIAN_POINT('',(-5.901753688126,7.734644959196,11.1));
#6527 = VECTOR('',#6528,1.);
#6528 = DIRECTION('',(1.224646799147E-16,0.,-1.));
#6529 = PLANE('',#6530);
#6530 = AXIS2_PLACEMENT_3D('',#6531,#6532,#6533);
#6531 = CARTESIAN_POINT('',(-5.819563905246,7.569007230939,11.1));
#6532 = DIRECTION('',(0.895783901427,0.444489822093,1.09701888761E-16));
#6533 = DIRECTION('',(-0.444489822093,0.895783901427,-5.443430378794E-17
    ));
#6534 = ADVANCED_FACE('',(#6535),#6553,.F.);
#6535 = FACE_BOUND('',#6536,.F.);
#6536 = EDGE_LOOP('',(#6537,#6538,#6546,#6552));
#6537 = ORIENTED_EDGE('',*,*,#3269,.F.);
#6538 = ORIENTED_EDGE('',*,*,#6539,.T.);
#6539 = EDGE_CURVE('',#3270,#6540,#6542,.T.);
#6540 = VERTEX_POINT('',#6541);
#6541 = CARTESIAN_POINT('',(-5.498246311874,7.734644959196,9.8));
#6542 = LINE('',#6543,#6544);
#6543 = CARTESIAN_POINT('',(-5.498246311874,7.734644959196,11.1));
#6544 = VECTOR('',#6545,1.);
#6545 = DIRECTION('',(1.224646799147E-16,0.,-1.));
#6546 = ORIENTED_EDGE('',*,*,#6547,.F.);
#6547 = EDGE_CURVE('',#6492,#6540,#6548,.T.);
#6548 = LINE('',#6549,#6550);
#6549 = CARTESIAN_POINT('',(-6.494938266269,5.726003674171,9.8));
#6550 = VECTOR('',#6551,1.);
#6551 = DIRECTION('',(0.444489822093,0.895783901427,5.443430378794E-17)
  );
#6552 = ORIENTED_EDGE('',*,*,#6491,.F.);
#6553 = PLANE('',#6554);
#6554 = AXIS2_PLACEMENT_3D('',#6555,#6556,#6557);
#6555 = CARTESIAN_POINT('',(-5.498246311874,7.734644959196,11.1));
#6556 = DIRECTION('',(-0.895783901427,0.444489822093,-1.09701888761E-16)
  );
#6557 = DIRECTION('',(-0.444489822093,-0.895783901427,
    -5.443430378794E-17));
#6558 = ADVANCED_FACE('',(#6559),#6577,.F.);
#6559 = FACE_BOUND('',#6560,.F.);
#6560 = EDGE_LOOP('',(#6561,#6562,#6563,#6571));
#6561 = ORIENTED_EDGE('',*,*,#3941,.F.);
#6562 = ORIENTED_EDGE('',*,*,#6524,.T.);
#6563 = ORIENTED_EDGE('',*,*,#6564,.F.);
#6564 = EDGE_CURVE('',#6565,#6517,#6567,.T.);
#6565 = VERTEX_POINT('',#6566);
#6566 = CARTESIAN_POINT('',(-6.011472711228,7.908939801589,9.8));
#6567 = LINE('',#6568,#6569);
#6568 = CARTESIAN_POINT('',(-3.320709909388,3.634511674175,9.8));
#6569 = VECTOR('',#6570,1.);
#6570 = DIRECTION('',(0.532736167676,-0.846281380895,6.52413642534E-17)
  );
#6571 = ORIENTED_EDGE('',*,*,#6572,.F.);
#6572 = EDGE_CURVE('',#3934,#6565,#6573,.T.);
#6573 = LINE('',#6574,#6575);
#6574 = CARTESIAN_POINT('',(-6.011472711228,7.908939801589,11.1));
#6575 = VECTOR('',#6576,1.);
#6576 = DIRECTION('',(1.224646799147E-16,0.,-1.));
#6577 = PLANE('',#6578);
#6578 = AXIS2_PLACEMENT_3D('',#6579,#6580,#6581);
#6579 = CARTESIAN_POINT('',(-5.901753688126,7.734644959196,11.1));
#6580 = DIRECTION('',(0.846281380895,0.532736167676,1.036395784292E-16)
  );
#6581 = DIRECTION('',(-0.532736167676,0.846281380895,-6.52413642534E-17)
  );
#6582 = ADVANCED_FACE('',(#6583),#6601,.F.);
#6583 = FACE_BOUND('',#6584,.F.);
#6584 = EDGE_LOOP('',(#6585,#6586,#6594,#6600));
#6585 = ORIENTED_EDGE('',*,*,#3277,.F.);
#6586 = ORIENTED_EDGE('',*,*,#6587,.T.);
#6587 = EDGE_CURVE('',#3278,#6588,#6590,.T.);
#6588 = VERTEX_POINT('',#6589);
#6589 = CARTESIAN_POINT('',(-5.388527288772,7.908939801589,9.8));
#6590 = LINE('',#6591,#6592);
#6591 = CARTESIAN_POINT('',(-5.388527288772,7.908939801589,11.1));
#6592 = VECTOR('',#6593,1.);
#6593 = DIRECTION('',(1.224646799147E-16,0.,-1.));
#6594 = ORIENTED_EDGE('',*,*,#6595,.F.);
#6595 = EDGE_CURVE('',#6540,#6588,#6596,.T.);
#6596 = LINE('',#6597,#6598);
#6597 = CARTESIAN_POINT('',(-6.406725980267,6.291473883282,9.8));
#6598 = VECTOR('',#6599,1.);
#6599 = DIRECTION('',(0.532736167676,0.846281380895,6.52413642534E-17));
#6600 = ORIENTED_EDGE('',*,*,#6539,.F.);
#6601 = PLANE('',#6602);
#6602 = AXIS2_PLACEMENT_3D('',#6603,#6604,#6605);
#6603 = CARTESIAN_POINT('',(-5.388527288772,7.908939801589,11.1));
#6604 = DIRECTION('',(-0.846281380895,0.532736167676,-1.036395784292E-16
    ));
#6605 = DIRECTION('',(-0.532736167676,-0.846281380895,-6.52413642534E-17
    ));
#6606 = ADVANCED_FACE('',(#6607),#6625,.F.);
#6607 = FACE_BOUND('',#6608,.F.);
#6608 = EDGE_LOOP('',(#6609,#6610,#6611,#6619));
#6609 = ORIENTED_EDGE('',*,*,#3933,.F.);
#6610 = ORIENTED_EDGE('',*,*,#6572,.T.);
#6611 = ORIENTED_EDGE('',*,*,#6612,.F.);
#6612 = EDGE_CURVE('',#6613,#6565,#6615,.T.);
#6613 = VERTEX_POINT('',#6614);
#6614 = CARTESIAN_POINT('',(-6.15,8.083124306069,9.8));
#6615 = LINE('',#6616,#6617);
#6616 = CARTESIAN_POINT('',(-2.920457791873,4.022291135873,9.8));
#6617 = VECTOR('',#6618,1.);
#6618 = DIRECTION('',(0.622444946473,-0.782663585847,7.622752113431E-17)
  );
#6619 = ORIENTED_EDGE('',*,*,#6620,.F.);
#6620 = EDGE_CURVE('',#3926,#6613,#6621,.T.);
#6621 = LINE('',#6622,#6623);
#6622 = CARTESIAN_POINT('',(-6.15,8.083124306069,11.1));
#6623 = VECTOR('',#6624,1.);
#6624 = DIRECTION('',(1.224646799147E-16,0.,-1.));
#6625 = PLANE('',#6626);
#6626 = AXIS2_PLACEMENT_3D('',#6627,#6628,#6629);
#6627 = CARTESIAN_POINT('',(-6.011472711228,7.908939801589,11.1));
#6628 = DIRECTION('',(0.782663585847,0.622444946473,9.584864552166E-17)
  );
#6629 = DIRECTION('',(-0.622444946473,0.782663585847,-7.622752113431E-17
    ));
#6630 = ADVANCED_FACE('',(#6631),#6649,.F.);
#6631 = FACE_BOUND('',#6632,.F.);
#6632 = EDGE_LOOP('',(#6633,#6634,#6642,#6648));
#6633 = ORIENTED_EDGE('',*,*,#3285,.F.);
#6634 = ORIENTED_EDGE('',*,*,#6635,.T.);
#6635 = EDGE_CURVE('',#3286,#6636,#6638,.T.);
#6636 = VERTEX_POINT('',#6637);
#6637 = CARTESIAN_POINT('',(-5.25,8.083124306069,9.8));
#6638 = LINE('',#6639,#6640);
#6639 = CARTESIAN_POINT('',(-5.25,8.083124306069,11.1));
#6640 = VECTOR('',#6641,1.);
#6641 = DIRECTION('',(1.224646799147E-16,0.,-1.));
#6642 = ORIENTED_EDGE('',*,*,#6643,.F.);
#6643 = EDGE_CURVE('',#6588,#6636,#6644,.T.);
#6644 = LINE('',#6645,#6646);
#6645 = CARTESIAN_POINT('',(-6.201883608823,6.886223852765,9.8));
#6646 = VECTOR('',#6647,1.);
#6647 = DIRECTION('',(0.622444946473,0.782663585847,7.622752113431E-17)
  );
#6648 = ORIENTED_EDGE('',*,*,#6587,.F.);
#6649 = PLANE('',#6650);
#6650 = AXIS2_PLACEMENT_3D('',#6651,#6652,#6653);
#6651 = CARTESIAN_POINT('',(-5.25,8.083124306069,11.1));
#6652 = DIRECTION('',(-0.782663585847,0.622444946473,-9.584864552166E-17
    ));
#6653 = DIRECTION('',(-0.622444946473,-0.782663585847,
    -7.622752113431E-17));
#6654 = ADVANCED_FACE('',(#6655),#6673,.F.);
#6655 = FACE_BOUND('',#6656,.F.);
#6656 = EDGE_LOOP('',(#6657,#6658,#6659,#6667));
#6657 = ORIENTED_EDGE('',*,*,#3925,.F.);
#6658 = ORIENTED_EDGE('',*,*,#6620,.T.);
#6659 = ORIENTED_EDGE('',*,*,#6660,.F.);
#6660 = EDGE_CURVE('',#6661,#6613,#6663,.T.);
#6661 = VERTEX_POINT('',#6662);
#6662 = CARTESIAN_POINT('',(-6.31733287679,8.248419425248,9.8));
#6663 = LINE('',#6664,#6665);
#6664 = CARTESIAN_POINT('',(-2.573033131936,4.549717266771,9.8));
#6665 = VECTOR('',#6666,1.);
#6666 = DIRECTION('',(0.711425334177,-0.702761690683,8.712447583323E-17)
  );
#6667 = ORIENTED_EDGE('',*,*,#6668,.F.);
#6668 = EDGE_CURVE('',#3918,#6661,#6669,.T.);
#6669 = LINE('',#6670,#6671);
#6670 = CARTESIAN_POINT('',(-6.31733287679,8.248419425248,11.1));
#6671 = VECTOR('',#6672,1.);
#6672 = DIRECTION('',(1.224646799147E-16,0.,-1.));
#6673 = PLANE('',#6674);
#6674 = AXIS2_PLACEMENT_3D('',#6675,#6676,#6677);
#6675 = CARTESIAN_POINT('',(-6.15,8.083124306069,11.1));
#6676 = DIRECTION('',(0.702761690683,0.711425334177,8.606348550578E-17)
  );
#6677 = DIRECTION('',(-0.711425334177,0.702761690683,-8.712447583323E-17
    ));
#6678 = ADVANCED_FACE('',(#6679),#6697,.F.);
#6679 = FACE_BOUND('',#6680,.F.);
#6680 = EDGE_LOOP('',(#6681,#6682,#6690,#6696));
#6681 = ORIENTED_EDGE('',*,*,#3293,.F.);
#6682 = ORIENTED_EDGE('',*,*,#6683,.T.);
#6683 = EDGE_CURVE('',#3294,#6684,#6686,.T.);
#6684 = VERTEX_POINT('',#6685);
#6685 = CARTESIAN_POINT('',(-5.08266712321,8.248419425248,9.8));
#6686 = LINE('',#6687,#6688);
#6687 = CARTESIAN_POINT('',(-5.08266712321,8.248419425248,11.1));
#6688 = VECTOR('',#6689,1.);
#6689 = DIRECTION('',(1.224646799147E-16,0.,-1.));
#6690 = ORIENTED_EDGE('',*,*,#6691,.F.);
#6691 = EDGE_CURVE('',#6636,#6684,#6692,.T.);
#6692 = LINE('',#6693,#6694);
#6693 = CARTESIAN_POINT('',(-5.858382194848,7.482150909013,9.8));
#6694 = VECTOR('',#6695,1.);
#6695 = DIRECTION('',(0.711425334177,0.702761690683,8.712447583323E-17)
  );
#6696 = ORIENTED_EDGE('',*,*,#6635,.F.);
#6697 = PLANE('',#6698);
#6698 = AXIS2_PLACEMENT_3D('',#6699,#6700,#6701);
#6699 = CARTESIAN_POINT('',(-5.08266712321,8.248419425248,11.1));
#6700 = DIRECTION('',(-0.702761690683,0.711425334177,-8.606348550578E-17
    ));
#6701 = DIRECTION('',(-0.711425334177,-0.702761690683,
    -8.712447583323E-17));
#6702 = ADVANCED_FACE('',(#6703),#6721,.F.);
#6703 = FACE_BOUND('',#6704,.F.);
#6704 = EDGE_LOOP('',(#6705,#6706,#6707,#6715));
#6705 = ORIENTED_EDGE('',*,*,#3917,.F.);
#6706 = ORIENTED_EDGE('',*,*,#6668,.T.);
#6707 = ORIENTED_EDGE('',*,*,#6708,.F.);
#6708 = EDGE_CURVE('',#6709,#6661,#6711,.T.);
#6709 = VERTEX_POINT('',#6710);
#6710 = CARTESIAN_POINT('',(-6.512164279063,8.396450355027,9.8));
#6711 = LINE('',#6712,#6713);
#6712 = CARTESIAN_POINT('',(-2.328062372505,5.21741202604,9.8));
#6713 = VECTOR('',#6714,1.);
#6714 = DIRECTION('',(0.796242782062,-0.604977216111,9.751161743968E-17)
  );
#6715 = ORIENTED_EDGE('',*,*,#6716,.F.);
#6716 = EDGE_CURVE('',#3910,#6709,#6717,.T.);
#6717 = LINE('',#6718,#6719);
#6718 = CARTESIAN_POINT('',(-6.512164279063,8.396450355027,11.1));
#6719 = VECTOR('',#6720,1.);
#6720 = DIRECTION('',(1.224646799147E-16,0.,-1.));
#6721 = PLANE('',#6722);
#6722 = AXIS2_PLACEMENT_3D('',#6723,#6724,#6725);
#6723 = CARTESIAN_POINT('',(-6.31733287679,8.248419425248,11.1));
#6724 = DIRECTION('',(0.604977216111,0.796242782062,7.408834112677E-17)
  );
#6725 = DIRECTION('',(-0.796242782062,0.604977216111,-9.751161743968E-17
    ));
#6726 = ADVANCED_FACE('',(#6727),#6745,.F.);
#6727 = FACE_BOUND('',#6728,.F.);
#6728 = EDGE_LOOP('',(#6729,#6730,#6738,#6744));
#6729 = ORIENTED_EDGE('',*,*,#3301,.F.);
#6730 = ORIENTED_EDGE('',*,*,#6731,.T.);
#6731 = EDGE_CURVE('',#3302,#6732,#6734,.T.);
#6732 = VERTEX_POINT('',#6733);
#6733 = CARTESIAN_POINT('',(-4.887835720937,8.396450355027,9.8));
#6734 = LINE('',#6735,#6736);
#6735 = CARTESIAN_POINT('',(-4.887835720937,8.396450355027,11.1));
#6736 = VECTOR('',#6737,1.);
#6737 = DIRECTION('',(1.224646799147E-16,0.,-1.));
#6738 = ORIENTED_EDGE('',*,*,#6739,.F.);
#6739 = EDGE_CURVE('',#6684,#6732,#6740,.T.);
#6740 = LINE('',#6741,#6742);
#6741 = CARTESIAN_POINT('',(-5.360707288837,8.037167318281,9.8));
#6742 = VECTOR('',#6743,1.);
#6743 = DIRECTION('',(0.796242782062,0.604977216111,9.751161743968E-17)
  );
#6744 = ORIENTED_EDGE('',*,*,#6683,.F.);
#6745 = PLANE('',#6746);
#6746 = AXIS2_PLACEMENT_3D('',#6747,#6748,#6749);
#6747 = CARTESIAN_POINT('',(-4.887835720937,8.396450355027,11.1));
#6748 = DIRECTION('',(-0.604977216111,0.796242782062,-7.408834112677E-17
    ));
#6749 = DIRECTION('',(-0.796242782062,-0.604977216111,
    -9.751161743968E-17));
#6750 = ADVANCED_FACE('',(#6751),#6769,.F.);
#6751 = FACE_BOUND('',#6752,.F.);
#6752 = EDGE_LOOP('',(#6753,#6754,#6755,#6763));
#6753 = ORIENTED_EDGE('',*,*,#3909,.F.);
#6754 = ORIENTED_EDGE('',*,*,#6716,.T.);
#6755 = ORIENTED_EDGE('',*,*,#6756,.F.);
#6756 = EDGE_CURVE('',#6757,#6709,#6759,.T.);
#6757 = VERTEX_POINT('',#6758);
#6758 = CARTESIAN_POINT('',(-6.731911049698,8.519629386402,9.8));
#6759 = LINE('',#6760,#6761);
#6760 = CARTESIAN_POINT('',(-2.24391915994,6.003885959534,9.8));
#6761 = VECTOR('',#6762,1.);
#6762 = DIRECTION('',(0.872301446251,-0.488968492715,1.068261174043E-16)
  );
#6763 = ORIENTED_EDGE('',*,*,#6764,.F.);
#6764 = EDGE_CURVE('',#3902,#6757,#6765,.T.);
#6765 = LINE('',#6766,#6767);
#6766 = CARTESIAN_POINT('',(-6.731911049698,8.519629386402,11.1));
#6767 = VECTOR('',#6768,1.);
#6768 = DIRECTION('',(1.224646799147E-16,0.,-1.));
#6769 = PLANE('',#6770);
#6770 = AXIS2_PLACEMENT_3D('',#6771,#6772,#6773);
#6771 = CARTESIAN_POINT('',(-6.512164279063,8.396450355027,11.1));
#6772 = DIRECTION('',(0.488968492715,0.872301446251,5.988136994877E-17)
  );
#6773 = DIRECTION('',(-0.872301446251,0.488968492715,-1.068261174043E-16
    ));
#6774 = ADVANCED_FACE('',(#6775),#6793,.F.);
#6775 = FACE_BOUND('',#6776,.F.);
#6776 = EDGE_LOOP('',(#6777,#6778,#6786,#6792));
#6777 = ORIENTED_EDGE('',*,*,#3309,.F.);
#6778 = ORIENTED_EDGE('',*,*,#6779,.T.);
#6779 = EDGE_CURVE('',#3310,#6780,#6782,.T.);
#6780 = VERTEX_POINT('',#6781);
#6781 = CARTESIAN_POINT('',(-4.668088950302,8.519629386402,9.8));
#6782 = LINE('',#6783,#6784);
#6783 = CARTESIAN_POINT('',(-4.668088950302,8.519629386402,11.1));
#6784 = VECTOR('',#6785,1.);
#6785 = DIRECTION('',(1.224646799147E-16,0.,-1.));
#6786 = ORIENTED_EDGE('',*,*,#6787,.F.);
#6787 = EDGE_CURVE('',#6732,#6780,#6788,.T.);
#6788 = LINE('',#6789,#6790);
#6789 = CARTESIAN_POINT('',(-4.709021519892,8.496684638412,9.8));
#6790 = VECTOR('',#6791,1.);
#6791 = DIRECTION('',(0.872301446251,0.488968492715,1.068261174043E-16)
  );
#6792 = ORIENTED_EDGE('',*,*,#6731,.F.);
#6793 = PLANE('',#6794);
#6794 = AXIS2_PLACEMENT_3D('',#6795,#6796,#6797);
#6795 = CARTESIAN_POINT('',(-4.668088950302,8.519629386402,11.1));
#6796 = DIRECTION('',(-0.488968492715,0.872301446251,-5.988136994877E-17
    ));
#6797 = DIRECTION('',(-0.872301446251,-0.488968492715,
    -1.068261174043E-16));
#6798 = ADVANCED_FACE('',(#6799),#6817,.F.);
#6799 = FACE_BOUND('',#6800,.F.);
#6800 = EDGE_LOOP('',(#6801,#6802,#6803,#6811));
#6801 = ORIENTED_EDGE('',*,*,#3901,.F.);
#6802 = ORIENTED_EDGE('',*,*,#6764,.T.);
#6803 = ORIENTED_EDGE('',*,*,#6804,.F.);
#6804 = EDGE_CURVE('',#6805,#6757,#6807,.T.);
#6805 = VERTEX_POINT('',#6806);
#6806 = CARTESIAN_POINT('',(-6.972792206136,8.611485386505,9.8));
#6807 = LINE('',#6808,#6809);
#6808 = CARTESIAN_POINT('',(-2.375093370703,6.858229835331,9.8));
#6809 = VECTOR('',#6810,1.);
#6810 = DIRECTION('',(0.934369286479,-0.356306099421,1.144272355908E-16)
  );
#6811 = ORIENTED_EDGE('',*,*,#6812,.F.);
#6812 = EDGE_CURVE('',#3894,#6805,#6813,.T.);
#6813 = LINE('',#6814,#6815);
#6814 = CARTESIAN_POINT('',(-6.972792206136,8.611485386505,11.1));
#6815 = VECTOR('',#6816,1.);
#6816 = DIRECTION('',(1.224646799147E-16,0.,-1.));
#6817 = PLANE('',#6818);
#6818 = AXIS2_PLACEMENT_3D('',#6819,#6820,#6821);
#6819 = CARTESIAN_POINT('',(-6.731911049698,8.519629386402,11.1));
#6820 = DIRECTION('',(0.356306099421,0.934369286479,4.363491241726E-17)
  );
#6821 = DIRECTION('',(-0.934369286479,0.356306099421,-1.144272355908E-16
    ));
#6822 = ADVANCED_FACE('',(#6823),#6841,.F.);
#6823 = FACE_BOUND('',#6824,.F.);
#6824 = EDGE_LOOP('',(#6825,#6826,#6834,#6840));
#6825 = ORIENTED_EDGE('',*,*,#3317,.F.);
#6826 = ORIENTED_EDGE('',*,*,#6827,.T.);
#6827 = EDGE_CURVE('',#3318,#6828,#6830,.T.);
#6828 = VERTEX_POINT('',#6829);
#6829 = CARTESIAN_POINT('',(-4.427207793864,8.611485386505,9.8));
#6830 = LINE('',#6831,#6832);
#6831 = CARTESIAN_POINT('',(-4.427207793864,8.611485386505,11.1));
#6832 = VECTOR('',#6833,1.);
#6833 = DIRECTION('',(1.224646799147E-16,0.,-1.));
#6834 = ORIENTED_EDGE('',*,*,#6835,.F.);
#6835 = EDGE_CURVE('',#6780,#6828,#6836,.T.);
#6836 = LINE('',#6837,#6838);
#6837 = CARTESIAN_POINT('',(-3.92810405904,8.801810247922,9.8));
#6838 = VECTOR('',#6839,1.);
#6839 = DIRECTION('',(0.934369286479,0.356306099421,1.144272355908E-16)
  );
#6840 = ORIENTED_EDGE('',*,*,#6779,.F.);
#6841 = PLANE('',#6842);
#6842 = AXIS2_PLACEMENT_3D('',#6843,#6844,#6845);
#6843 = CARTESIAN_POINT('',(-4.427207793864,8.611485386505,11.1));
#6844 = DIRECTION('',(-0.356306099421,0.934369286479,-4.363491241725E-17
    ));
#6845 = DIRECTION('',(-0.934369286479,-0.356306099421,
    -1.144272355908E-16));
#6846 = ADVANCED_FACE('',(#6847),#6865,.F.);
#6847 = FACE_BOUND('',#6848,.F.);
#6848 = EDGE_LOOP('',(#6849,#6850,#6851,#6859));
#6849 = ORIENTED_EDGE('',*,*,#3893,.F.);
#6850 = ORIENTED_EDGE('',*,*,#6812,.T.);
#6851 = ORIENTED_EDGE('',*,*,#6852,.F.);
#6852 = EDGE_CURVE('',#6853,#6805,#6855,.T.);
#6853 = VERTEX_POINT('',#6854);
#6854 = CARTESIAN_POINT('',(-7.229954270476,8.666923111866,9.8));
#6855 = LINE('',#6856,#6857);
#6856 = CARTESIAN_POINT('',(-2.754232833513,7.702069230889,9.8));
#6857 = VECTOR('',#6858,1.);
#6858 = DIRECTION('',(0.977543446606,-0.210733979218,1.197145452914E-16)
  );
#6859 = ORIENTED_EDGE('',*,*,#6860,.F.);
#6860 = EDGE_CURVE('',#3886,#6853,#6861,.T.);
#6861 = LINE('',#6862,#6863);
#6862 = CARTESIAN_POINT('',(-7.229954270476,8.666923111866,11.1));
#6863 = VECTOR('',#6864,1.);
#6864 = DIRECTION('',(1.224646799147E-16,0.,-1.));
#6865 = PLANE('',#6866);
#6866 = AXIS2_PLACEMENT_3D('',#6867,#6868,#6869);
#6867 = CARTESIAN_POINT('',(-6.972792206136,8.611485386505,11.1));
#6868 = DIRECTION('',(0.210733979218,0.977543446606,2.580746931209E-17)
  );
#6869 = DIRECTION('',(-0.977543446606,0.210733979218,-1.197145452914E-16
    ));
#6870 = ADVANCED_FACE('',(#6871),#6889,.F.);
#6871 = FACE_BOUND('',#6872,.F.);
#6872 = EDGE_LOOP('',(#6873,#6874,#6882,#6888));
#6873 = ORIENTED_EDGE('',*,*,#3325,.F.);
#6874 = ORIENTED_EDGE('',*,*,#6875,.T.);
#6875 = EDGE_CURVE('',#3326,#6876,#6878,.T.);
#6876 = VERTEX_POINT('',#6877);
#6877 = CARTESIAN_POINT('',(-4.170045729524,8.666923111866,9.8));
#6878 = LINE('',#6879,#6880);
#6879 = CARTESIAN_POINT('',(-4.170045729524,8.666923111866,11.1));
#6880 = VECTOR('',#6881,1.);
#6881 = DIRECTION('',(1.224646799147E-16,0.,-1.));
#6882 = ORIENTED_EDGE('',*,*,#6883,.F.);
#6883 = EDGE_CURVE('',#6828,#6876,#6884,.T.);
#6884 = LINE('',#6885,#6886);
#6885 = CARTESIAN_POINT('',(-3.070316351301,8.903997329632,9.8));
#6886 = VECTOR('',#6887,1.);
#6887 = DIRECTION('',(0.977543446606,0.210733979218,1.197145452914E-16)
  );
#6888 = ORIENTED_EDGE('',*,*,#6827,.F.);
#6889 = PLANE('',#6890);
#6890 = AXIS2_PLACEMENT_3D('',#6891,#6892,#6893);
#6891 = CARTESIAN_POINT('',(-4.170045729524,8.666923111866,11.1));
#6892 = DIRECTION('',(-0.210733979218,0.977543446606,-2.580746931209E-17
    ));
#6893 = DIRECTION('',(-0.977543446606,-0.210733979218,
    -1.197145452914E-16));
#6894 = ADVANCED_FACE('',(#6895),#6913,.F.);
#6895 = FACE_BOUND('',#6896,.F.);
#6896 = EDGE_LOOP('',(#6897,#6898,#6899,#6907));
#6897 = ORIENTED_EDGE('',*,*,#3885,.F.);
#6898 = ORIENTED_EDGE('',*,*,#6860,.T.);
#6899 = ORIENTED_EDGE('',*,*,#6900,.F.);
#6900 = EDGE_CURVE('',#6901,#6853,#6903,.T.);
#6901 = VERTEX_POINT('',#6902);
#6902 = CARTESIAN_POINT('',(-7.497638929658,8.682400111072,9.8));
#6903 = LINE('',#6904,#6905);
#6904 = CARTESIAN_POINT('',(-3.377304050685,8.444170472344,9.8));
#6905 = VECTOR('',#6906,1.);
#6906 = DIRECTION('',(0.998332716839,-5.772162929705E-02,
    1.222604966161E-16));
#6907 = ORIENTED_EDGE('',*,*,#6908,.F.);
#6908 = EDGE_CURVE('',#3878,#6901,#6909,.T.);
#6909 = LINE('',#6910,#6911);
#6910 = CARTESIAN_POINT('',(-7.497638929658,8.682400111072,11.1));
#6911 = VECTOR('',#6912,1.);
#6912 = DIRECTION('',(1.224646799147E-16,0.,-1.));
#6913 = PLANE('',#6914);
#6914 = AXIS2_PLACEMENT_3D('',#6915,#6916,#6917);
#6915 = CARTESIAN_POINT('',(-7.229954270476,8.666923111866,11.1));
#6916 = DIRECTION('',(5.772162929705E-02,0.998332716839,
    7.06886085602E-18));
#6917 = DIRECTION('',(-0.998332716839,5.772162929705E-02,
    -1.222604966161E-16));
#6918 = ADVANCED_FACE('',(#6919),#6937,.F.);
#6919 = FACE_BOUND('',#6920,.F.);
#6920 = EDGE_LOOP('',(#6921,#6922,#6930,#6936));
#6921 = ORIENTED_EDGE('',*,*,#3333,.F.);
#6922 = ORIENTED_EDGE('',*,*,#6923,.T.);
#6923 = EDGE_CURVE('',#3334,#6924,#6926,.T.);
#6924 = VERTEX_POINT('',#6925);
#6925 = CARTESIAN_POINT('',(-3.902361070342,8.682400111072,9.8));
#6926 = LINE('',#6927,#6928);
#6927 = CARTESIAN_POINT('',(-3.902361070342,8.682400111072,11.1));
#6928 = VECTOR('',#6929,1.);
#6929 = DIRECTION('',(1.224646799147E-16,0.,-1.));
#6930 = ORIENTED_EDGE('',*,*,#6931,.F.);
#6931 = EDGE_CURVE('',#6876,#6924,#6932,.T.);
#6932 = LINE('',#6933,#6934);
#6933 = CARTESIAN_POINT('',(-2.20784480271,8.780373700627,9.8));
#6934 = VECTOR('',#6935,1.);
#6935 = DIRECTION('',(0.998332716839,5.772162929704E-02,
    1.222604966161E-16));
#6936 = ORIENTED_EDGE('',*,*,#6875,.F.);
#6937 = PLANE('',#6938);
#6938 = AXIS2_PLACEMENT_3D('',#6939,#6940,#6941);
#6939 = CARTESIAN_POINT('',(-3.902361070342,8.682400111072,11.1));
#6940 = DIRECTION('',(-5.772162929704E-02,0.998332716839,
    -7.06886085602E-18));
#6941 = DIRECTION('',(-0.998332716839,-5.772162929704E-02,
    -1.222604966161E-16));
#6942 = ADVANCED_FACE('',(#6943),#6961,.F.);
#6943 = FACE_BOUND('',#6944,.F.);
#6944 = EDGE_LOOP('',(#6945,#6946,#6947,#6955));
#6945 = ORIENTED_EDGE('',*,*,#3877,.F.);
#6946 = ORIENTED_EDGE('',*,*,#6908,.T.);
#6947 = ORIENTED_EDGE('',*,*,#6948,.F.);
#6948 = EDGE_CURVE('',#6949,#6901,#6951,.T.);
#6949 = VERTEX_POINT('',#6950);
#6950 = CARTESIAN_POINT('',(-7.769386663402,8.656014194941,9.8));
#6951 = LINE('',#6952,#6953);
#6952 = CARTESIAN_POINT('',(-4.201413693681,9.002454013369,9.8));
#6953 = VECTOR('',#6954,1.);
#6954 = DIRECTION('',(0.995319148731,9.664260017936E-02,
    1.218914409623E-16));
#6955 = ORIENTED_EDGE('',*,*,#6956,.F.);
#6956 = EDGE_CURVE('',#3870,#6949,#6957,.T.);
#6957 = LINE('',#6958,#6959);
#6958 = CARTESIAN_POINT('',(-7.769386663402,8.656014194941,11.1));
#6959 = VECTOR('',#6960,1.);
#6960 = DIRECTION('',(1.224646799147E-16,0.,-1.));
#6961 = PLANE('',#6962);
#6962 = AXIS2_PLACEMENT_3D('',#6963,#6964,#6965);
#6963 = CARTESIAN_POINT('',(-7.497638929658,8.682400111072,11.1));
#6964 = DIRECTION('',(-9.664260017936E-02,0.995319148731,
    -1.183530509709E-17));
#6965 = DIRECTION('',(-0.995319148731,-9.664260017936E-02,
    -1.218914409623E-16));
#6966 = ADVANCED_FACE('',(#6967),#6985,.F.);
#6967 = FACE_BOUND('',#6968,.F.);
#6968 = EDGE_LOOP('',(#6969,#6970,#6978,#6984));
#6969 = ORIENTED_EDGE('',*,*,#3341,.F.);
#6970 = ORIENTED_EDGE('',*,*,#6971,.T.);
#6971 = EDGE_CURVE('',#3342,#6972,#6974,.T.);
#6972 = VERTEX_POINT('',#6973);
#6973 = CARTESIAN_POINT('',(-3.630613336598,8.656014194941,9.8));
#6974 = LINE('',#6975,#6976);
#6975 = CARTESIAN_POINT('',(-3.630613336598,8.656014194941,11.1));
#6976 = VECTOR('',#6977,1.);
#6977 = DIRECTION('',(1.224646799147E-16,0.,-1.));
#6978 = ORIENTED_EDGE('',*,*,#6979,.F.);
#6979 = EDGE_CURVE('',#6924,#6972,#6980,.T.);
#6980 = LINE('',#6981,#6982);
#6981 = CARTESIAN_POINT('',(-1.415949254813,8.440976741216,9.8));
#6982 = VECTOR('',#6983,1.);
#6983 = DIRECTION('',(0.995319148731,-9.664260017936E-02,
    1.218914409623E-16));
#6984 = ORIENTED_EDGE('',*,*,#6923,.F.);
#6985 = PLANE('',#6986);
#6986 = AXIS2_PLACEMENT_3D('',#6987,#6988,#6989);
#6987 = CARTESIAN_POINT('',(-3.630613336598,8.656014194941,11.1));
#6988 = DIRECTION('',(9.664260017936E-02,0.995319148731,
    1.183530509709E-17));
#6989 = DIRECTION('',(-0.995319148731,9.664260017936E-02,
    -1.218914409623E-16));
#6990 = ADVANCED_FACE('',(#6991),#7009,.F.);
#6991 = FACE_BOUND('',#6992,.F.);
#6992 = EDGE_LOOP('',(#6993,#6994,#6995,#7003));
#6993 = ORIENTED_EDGE('',*,*,#3869,.F.);
#6994 = ORIENTED_EDGE('',*,*,#6956,.T.);
#6995 = ORIENTED_EDGE('',*,*,#6996,.F.);
#6996 = EDGE_CURVE('',#6997,#6949,#6999,.T.);
#6997 = VERTEX_POINT('',#6998);
#6998 = CARTESIAN_POINT('',(-8.038268590218,8.5875,9.8));
#6999 = LINE('',#7000,#7001);
#7000 = CARTESIAN_POINT('',(-5.157130008907,9.321647113386,9.8));
#7001 = VECTOR('',#7002,1.);
#7002 = DIRECTION('',(0.969035523679,0.246921351542,1.186726252334E-16)
  );
#7003 = ORIENTED_EDGE('',*,*,#7004,.F.);
#7004 = EDGE_CURVE('',#3862,#6997,#7005,.T.);
#7005 = LINE('',#7006,#7007);
#7006 = CARTESIAN_POINT('',(-8.038268590218,8.5875,11.1));
#7007 = VECTOR('',#7008,1.);
#7008 = DIRECTION('',(1.224646799147E-16,0.,-1.));
#7009 = PLANE('',#7010);
#7010 = AXIS2_PLACEMENT_3D('',#7011,#7012,#7013);
#7011 = CARTESIAN_POINT('',(-7.769386663402,8.656014194941,11.1));
#7012 = DIRECTION('',(-0.246921351542,0.969035523679,-3.023914428073E-17
    ));
#7013 = DIRECTION('',(-0.969035523679,-0.246921351542,
    -1.186726252334E-16));
#7014 = ADVANCED_FACE('',(#7015),#7033,.F.);
#7015 = FACE_BOUND('',#7016,.F.);
#7016 = EDGE_LOOP('',(#7017,#7018,#7026,#7032));
#7017 = ORIENTED_EDGE('',*,*,#3349,.F.);
#7018 = ORIENTED_EDGE('',*,*,#7019,.T.);
#7019 = EDGE_CURVE('',#3350,#7020,#7022,.T.);
#7020 = VERTEX_POINT('',#7021);
#7021 = CARTESIAN_POINT('',(-3.361731409782,8.5875,9.8));
#7022 = LINE('',#7023,#7024);
#7023 = CARTESIAN_POINT('',(-3.361731409782,8.5875,11.1));
#7024 = VECTOR('',#7025,1.);
#7025 = DIRECTION('',(1.224646799147E-16,0.,-1.));
#7026 = ORIENTED_EDGE('',*,*,#7027,.F.);
#7027 = EDGE_CURVE('',#6972,#7020,#7028,.T.);
#7028 = LINE('',#7029,#7030);
#7029 = CARTESIAN_POINT('',(-0.755958904615,7.923519317079,9.8));
#7030 = VECTOR('',#7031,1.);
#7031 = DIRECTION('',(0.969035523679,-0.246921351542,1.186726252334E-16)
  );
#7032 = ORIENTED_EDGE('',*,*,#6971,.F.);
#7033 = PLANE('',#7034);
#7034 = AXIS2_PLACEMENT_3D('',#7035,#7036,#7037);
#7035 = CARTESIAN_POINT('',(-3.361731409782,8.5875,11.1));
#7036 = DIRECTION('',(0.246921351542,0.969035523679,3.023914428073E-17)
  );
#7037 = DIRECTION('',(-0.969035523679,0.246921351542,-1.186726252334E-16
    ));
#7038 = ADVANCED_FACE('',(#7039),#7057,.F.);
#7039 = FACE_BOUND('',#7040,.F.);
#7040 = EDGE_LOOP('',(#7041,#7042,#7043,#7051));
#7041 = ORIENTED_EDGE('',*,*,#3861,.F.);
#7042 = ORIENTED_EDGE('',*,*,#7004,.T.);
#7043 = ORIENTED_EDGE('',*,*,#7044,.F.);
#7044 = EDGE_CURVE('',#7045,#6997,#7047,.T.);
#7045 = VERTEX_POINT('',#7046);
#7046 = CARTESIAN_POINT('',(-8.297137691953,8.478138687855,9.8));
#7047 = LINE('',#7048,#7049);
#7048 = CARTESIAN_POINT('',(-6.16702530183,9.378021618801,9.8));
#7049 = VECTOR('',#7050,1.);
#7050 = DIRECTION('',(0.921171728207,0.389156327397,1.128110008413E-16)
  );
#7051 = ORIENTED_EDGE('',*,*,#7052,.F.);
#7052 = EDGE_CURVE('',#3854,#7045,#7053,.T.);
#7053 = LINE('',#7054,#7055);
#7054 = CARTESIAN_POINT('',(-8.297137691953,8.478138687855,11.1));
#7055 = VECTOR('',#7056,1.);
#7056 = DIRECTION('',(1.224646799147E-16,0.,-1.));
#7057 = PLANE('',#7058);
#7058 = AXIS2_PLACEMENT_3D('',#7059,#7060,#7061);
#7059 = CARTESIAN_POINT('',(-8.038268590218,8.5875,11.1));
#7060 = DIRECTION('',(-0.389156327397,0.921171728207,-4.765790507145E-17
    ));
#7061 = DIRECTION('',(-0.921171728207,-0.389156327397,
    -1.128110008413E-16));
#7062 = ADVANCED_FACE('',(#7063),#7081,.F.);
#7063 = FACE_BOUND('',#7064,.F.);
#7064 = EDGE_LOOP('',(#7065,#7066,#7074,#7080));
#7065 = ORIENTED_EDGE('',*,*,#3357,.F.);
#7066 = ORIENTED_EDGE('',*,*,#7067,.T.);
#7067 = EDGE_CURVE('',#3358,#7068,#7070,.T.);
#7068 = VERTEX_POINT('',#7069);
#7069 = CARTESIAN_POINT('',(-3.102862308047,8.478138687855,9.8));
#7070 = LINE('',#7071,#7072);
#7071 = CARTESIAN_POINT('',(-3.102862308047,8.478138687855,11.1));
#7072 = VECTOR('',#7073,1.);
#7073 = DIRECTION('',(1.224646799147E-16,0.,-1.));
#7074 = ORIENTED_EDGE('',*,*,#7075,.F.);
#7075 = EDGE_CURVE('',#7020,#7068,#7076,.T.);
#7076 = LINE('',#7077,#7078);
#7077 = CARTESIAN_POINT('',(-0.266763236075,7.280006064819,9.8));
#7078 = VECTOR('',#7079,1.);
#7079 = DIRECTION('',(0.921171728207,-0.389156327397,1.128110008413E-16)
  );
#7080 = ORIENTED_EDGE('',*,*,#7019,.F.);
#7081 = PLANE('',#7082);
#7082 = AXIS2_PLACEMENT_3D('',#7083,#7084,#7085);
#7083 = CARTESIAN_POINT('',(-3.102862308047,8.478138687855,11.1));
#7084 = DIRECTION('',(0.389156327397,0.921171728207,4.765790507145E-17)
  );
#7085 = DIRECTION('',(-0.921171728207,0.389156327397,-1.128110008413E-16
    ));
#7086 = ADVANCED_FACE('',(#7087),#7105,.F.);
#7087 = FACE_BOUND('',#7088,.F.);
#7088 = EDGE_LOOP('',(#7089,#7090,#7091,#7099));
#7089 = ORIENTED_EDGE('',*,*,#3853,.F.);
#7090 = ORIENTED_EDGE('',*,*,#7052,.T.);
#7091 = ORIENTED_EDGE('',*,*,#7092,.F.);
#7092 = EDGE_CURVE('',#7093,#7045,#7095,.T.);
#7093 = VERTEX_POINT('',#7094);
#7094 = CARTESIAN_POINT('',(-8.538889826909,8.330589958133,9.8));
#7095 = LINE('',#7096,#7097);
#7096 = CARTESIAN_POINT('',(-7.159555835008,9.172439724648,9.8));
#7097 = VECTOR('',#7098,1.);
#7098 = DIRECTION('',(0.853578122952,0.520964862556,1.045331716095E-16)
  );
#7099 = ORIENTED_EDGE('',*,*,#7100,.F.);
#7100 = EDGE_CURVE('',#3846,#7093,#7101,.T.);
#7101 = LINE('',#7102,#7103);
#7102 = CARTESIAN_POINT('',(-8.538889826909,8.330589958133,11.1));
#7103 = VECTOR('',#7104,1.);
#7104 = DIRECTION('',(1.224646799147E-16,0.,-1.));
#7105 = PLANE('',#7106);
#7106 = AXIS2_PLACEMENT_3D('',#7107,#7108,#7109);
#7107 = CARTESIAN_POINT('',(-8.297137691953,8.478138687855,11.1));
#7108 = DIRECTION('',(-0.520964862556,0.853578122952,-6.379979513974E-17
    ));
#7109 = DIRECTION('',(-0.853578122952,-0.520964862556,
    -1.045331716095E-16));
#7110 = ADVANCED_FACE('',(#7111),#7129,.F.);
#7111 = FACE_BOUND('',#7112,.F.);
#7112 = EDGE_LOOP('',(#7113,#7114,#7122,#7128));
#7113 = ORIENTED_EDGE('',*,*,#3365,.F.);
#7114 = ORIENTED_EDGE('',*,*,#7115,.T.);
#7115 = EDGE_CURVE('',#3366,#7116,#7118,.T.);
#7116 = VERTEX_POINT('',#7117);
#7117 = CARTESIAN_POINT('',(-2.861110173091,8.330589958133,9.8));
#7118 = LINE('',#7119,#7120);
#7119 = CARTESIAN_POINT('',(-2.861110173091,8.330589958133,11.1));
#7120 = VECTOR('',#7121,1.);
#7121 = DIRECTION('',(1.224646799147E-16,0.,-1.));
#7122 = ORIENTED_EDGE('',*,*,#7123,.F.);
#7123 = EDGE_CURVE('',#7068,#7116,#7124,.T.);
#7124 = LINE('',#7125,#7126);
#7125 = CARTESIAN_POINT('',(3.342689078347E-02,6.563965365612,9.8));
#7126 = VECTOR('',#7127,1.);
#7127 = DIRECTION('',(0.853578122952,-0.520964862556,1.045331716095E-16)
  );
#7128 = ORIENTED_EDGE('',*,*,#7067,.F.);
#7129 = PLANE('',#7130);
#7130 = AXIS2_PLACEMENT_3D('',#7131,#7132,#7133);
#7131 = CARTESIAN_POINT('',(-2.861110173091,8.330589958133,11.1));
#7132 = DIRECTION('',(0.520964862556,0.853578122952,6.379979513974E-17)
  );
#7133 = DIRECTION('',(-0.853578122952,0.520964862556,-1.045331716095E-16
    ));
#7134 = ADVANCED_FACE('',(#7135),#7153,.F.);
#7135 = FACE_BOUND('',#7136,.F.);
#7136 = EDGE_LOOP('',(#7137,#7138,#7139,#7147));
#7137 = ORIENTED_EDGE('',*,*,#3845,.F.);
#7138 = ORIENTED_EDGE('',*,*,#7100,.T.);
#7139 = ORIENTED_EDGE('',*,*,#7140,.F.);
#7140 = EDGE_CURVE('',#7141,#7093,#7143,.T.);
#7141 = VERTEX_POINT('',#7142);
#7142 = CARTESIAN_POINT('',(-8.756724559354,8.148659984227,9.8));
#7143 = LINE('',#7144,#7145);
#7144 = CARTESIAN_POINT('',(-8.073093063445,8.719611451955,9.8));
#7145 = VECTOR('',#7146,1.);
#7146 = DIRECTION('',(0.767525907627,0.64101792574,9.399481460387E-17));
#7147 = ORIENTED_EDGE('',*,*,#7148,.F.);
#7148 = EDGE_CURVE('',#3838,#7141,#7149,.T.);
#7149 = LINE('',#7150,#7151);
#7150 = CARTESIAN_POINT('',(-8.756724559354,8.148659984227,11.1));
#7151 = VECTOR('',#7152,1.);
#7152 = DIRECTION('',(1.224646799147E-16,0.,-1.));
#7153 = PLANE('',#7154);
#7154 = AXIS2_PLACEMENT_3D('',#7155,#7156,#7157);
#7155 = CARTESIAN_POINT('',(-8.538889826909,8.330589958133,11.1));
#7156 = DIRECTION('',(-0.64101792574,0.767525907627,-7.850205509541E-17)
  );
#7157 = DIRECTION('',(-0.767525907627,-0.64101792574,-9.399481460387E-17
    ));
#7158 = ADVANCED_FACE('',(#7159),#7177,.F.);
#7159 = FACE_BOUND('',#7160,.F.);
#7160 = EDGE_LOOP('',(#7161,#7162,#7170,#7176));
#7161 = ORIENTED_EDGE('',*,*,#3373,.F.);
#7162 = ORIENTED_EDGE('',*,*,#7163,.T.);
#7163 = EDGE_CURVE('',#3374,#7164,#7166,.T.);
#7164 = VERTEX_POINT('',#7165);
#7165 = CARTESIAN_POINT('',(-2.643275440646,8.148659984227,9.8));
#7166 = LINE('',#7167,#7168);
#7167 = CARTESIAN_POINT('',(-2.643275440646,8.148659984227,11.1));
#7168 = VECTOR('',#7169,1.);
#7169 = DIRECTION('',(1.224646799147E-16,0.,-1.));
#7170 = ORIENTED_EDGE('',*,*,#7171,.F.);
#7171 = EDGE_CURVE('',#7116,#7164,#7172,.T.);
#7172 = LINE('',#7173,#7174);
#7173 = CARTESIAN_POINT('',(0.13985773728,5.824258633024,9.8));
#7174 = VECTOR('',#7175,1.);
#7175 = DIRECTION('',(0.767525907627,-0.64101792574,9.399481460387E-17)
  );
#7176 = ORIENTED_EDGE('',*,*,#7115,.F.);
#7177 = PLANE('',#7178);
#7178 = AXIS2_PLACEMENT_3D('',#7179,#7180,#7181);
#7179 = CARTESIAN_POINT('',(-2.643275440646,8.148659984227,11.1));
#7180 = DIRECTION('',(0.64101792574,0.767525907627,7.850205509541E-17));
#7181 = DIRECTION('',(-0.767525907627,0.64101792574,-9.399481460387E-17)
  );
#7182 = ADVANCED_FACE('',(#7183),#7201,.F.);
#7183 = FACE_BOUND('',#7184,.F.);
#7184 = EDGE_LOOP('',(#7185,#7186,#7187,#7195));
#7185 = ORIENTED_EDGE('',*,*,#3837,.F.);
#7186 = ORIENTED_EDGE('',*,*,#7148,.T.);
#7187 = ORIENTED_EDGE('',*,*,#7188,.F.);
#7188 = EDGE_CURVE('',#7189,#7141,#7191,.T.);
#7189 = VERTEX_POINT('',#7190);
#7190 = CARTESIAN_POINT('',(-8.944395834048,7.937022337716,9.8));
#7191 = LINE('',#7192,#7193);
#7192 = CARTESIAN_POINT('',(-8.851928320208,8.041298322626,9.8));
#7193 = VECTOR('',#7194,1.);
#7194 = DIRECTION('',(0.663472539505,0.748200634405,8.125195218264E-17)
  );
#7195 = ORIENTED_EDGE('',*,*,#7196,.F.);
#7196 = EDGE_CURVE('',#3830,#7189,#7197,.T.);
#7197 = LINE('',#7198,#7199);
#7198 = CARTESIAN_POINT('',(-8.944395834048,7.937022337716,11.1));
#7199 = VECTOR('',#7200,1.);
#7200 = DIRECTION('',(1.224646799147E-16,0.,-1.));
#7201 = PLANE('',#7202);
#7202 = AXIS2_PLACEMENT_3D('',#7203,#7204,#7205);
#7203 = CARTESIAN_POINT('',(-8.756724559354,8.148659984227,11.1));
#7204 = DIRECTION('',(-0.748200634405,0.663472539505,-9.162815120435E-17
    ));
#7205 = DIRECTION('',(-0.663472539505,-0.748200634405,
    -8.125195218264E-17));
#7206 = ADVANCED_FACE('',(#7207),#7225,.F.);
#7207 = FACE_BOUND('',#7208,.F.);
#7208 = EDGE_LOOP('',(#7209,#7210,#7218,#7224));
#7209 = ORIENTED_EDGE('',*,*,#3381,.F.);
#7210 = ORIENTED_EDGE('',*,*,#7211,.T.);
#7211 = EDGE_CURVE('',#3382,#7212,#7214,.T.);
#7212 = VERTEX_POINT('',#7213);
#7213 = CARTESIAN_POINT('',(-2.455604165952,7.937022337716,9.8));
#7214 = LINE('',#7215,#7216);
#7215 = CARTESIAN_POINT('',(-2.455604165952,7.937022337716,11.1));
#7216 = VECTOR('',#7217,1.);
#7217 = DIRECTION('',(1.224646799147E-16,0.,-1.));
#7218 = ORIENTED_EDGE('',*,*,#7219,.F.);
#7219 = EDGE_CURVE('',#7164,#7212,#7220,.T.);
#7220 = LINE('',#7221,#7222);
#7221 = CARTESIAN_POINT('',(5.488007841145E-02,5.105939222057,9.8));
#7222 = VECTOR('',#7223,1.);
#7223 = DIRECTION('',(0.663472539505,-0.748200634405,8.125195218264E-17)
  );
#7224 = ORIENTED_EDGE('',*,*,#7163,.F.);
#7225 = PLANE('',#7226);
#7226 = AXIS2_PLACEMENT_3D('',#7227,#7228,#7229);
#7227 = CARTESIAN_POINT('',(-2.455604165952,7.937022337716,11.1));
#7228 = DIRECTION('',(0.748200634405,0.663472539505,9.162815120435E-17)
  );
#7229 = DIRECTION('',(-0.663472539505,0.748200634405,-8.125195218264E-17
    ));
#7230 = ADVANCED_FACE('',(#7231),#7249,.F.);
#7231 = FACE_BOUND('',#7232,.F.);
#7232 = EDGE_LOOP('',(#7233,#7234,#7235,#7243));
#7233 = ORIENTED_EDGE('',*,*,#3829,.F.);
#7234 = ORIENTED_EDGE('',*,*,#7196,.T.);
#7235 = ORIENTED_EDGE('',*,*,#7236,.F.);
#7236 = EDGE_CURVE('',#7237,#7189,#7239,.T.);
#7237 = VERTEX_POINT('',#7238);
#7238 = CARTESIAN_POINT('',(-9.096442908161,7.700911245064,9.8));
#7239 = LINE('',#7240,#7241);
#7240 = CARTESIAN_POINT('',(-9.439913636923,7.167541895241,9.8));
#7241 = VECTOR('',#7242,1.);
#7242 = DIRECTION('',(0.541415974227,0.8407548649,6.630433398439E-17));
#7243 = ORIENTED_EDGE('',*,*,#7244,.F.);
#7244 = EDGE_CURVE('',#3822,#7237,#7245,.T.);
#7245 = LINE('',#7246,#7247);
#7246 = CARTESIAN_POINT('',(-9.096442908161,7.700911245064,11.1));
#7247 = VECTOR('',#7248,1.);
#7248 = DIRECTION('',(1.224646799147E-16,0.,-1.));
#7249 = PLANE('',#7250);
#7250 = AXIS2_PLACEMENT_3D('',#7251,#7252,#7253);
#7251 = CARTESIAN_POINT('',(-8.944395834048,7.937022337716,11.1));
#7252 = DIRECTION('',(-0.8407548649,0.541415974227,-1.029627754167E-16)
  );
#7253 = DIRECTION('',(-0.541415974227,-0.8407548649,-6.630433398439E-17)
  );
#7254 = ADVANCED_FACE('',(#7255),#7273,.F.);
#7255 = FACE_BOUND('',#7256,.F.);
#7256 = EDGE_LOOP('',(#7257,#7258,#7266,#7272));
#7257 = ORIENTED_EDGE('',*,*,#3389,.F.);
#7258 = ORIENTED_EDGE('',*,*,#7259,.T.);
#7259 = EDGE_CURVE('',#3390,#7260,#7262,.T.);
#7260 = VERTEX_POINT('',#7261);
#7261 = CARTESIAN_POINT('',(-2.303557091839,7.700911245064,9.8));
#7262 = LINE('',#7263,#7264);
#7263 = CARTESIAN_POINT('',(-2.303557091839,7.700911245064,11.1));
#7264 = VECTOR('',#7265,1.);
#7265 = DIRECTION('',(1.224646799147E-16,0.,-1.));
#7266 = ORIENTED_EDGE('',*,*,#7267,.F.);
#7267 = EDGE_CURVE('',#7212,#7260,#7268,.T.);
#7268 = LINE('',#7269,#7270);
#7269 = CARTESIAN_POINT('',(-0.213214660279,4.454857097603,9.8));
#7270 = VECTOR('',#7271,1.);
#7271 = DIRECTION('',(0.541415974227,-0.8407548649,6.630433398439E-17));
#7272 = ORIENTED_EDGE('',*,*,#7211,.F.);
#7273 = PLANE('',#7274);
#7274 = AXIS2_PLACEMENT_3D('',#7275,#7276,#7277);
#7275 = CARTESIAN_POINT('',(-2.303557091839,7.700911245064,11.1));
#7276 = DIRECTION('',(0.8407548649,0.541415974227,1.029627754167E-16));
#7277 = DIRECTION('',(-0.541415974227,0.8407548649,-6.630433398439E-17)
  );
#7278 = ADVANCED_FACE('',(#7279),#7297,.F.);
#7279 = FACE_BOUND('',#7280,.F.);
#7280 = EDGE_LOOP('',(#7281,#7282,#7283,#7291));
#7281 = ORIENTED_EDGE('',*,*,#3821,.F.);
#7282 = ORIENTED_EDGE('',*,*,#7244,.T.);
#7283 = ORIENTED_EDGE('',*,*,#7284,.F.);
#7284 = EDGE_CURVE('',#7285,#7237,#7287,.T.);
#7285 = VERTEX_POINT('',#7286);
#7286 = CARTESIAN_POINT('',(-9.208392704969,7.445807495532,9.8));
#7287 = LINE('',#7288,#7289);
#7288 = CARTESIAN_POINT('',(-9.778857847557,6.145869478665,9.8));
#7289 = VECTOR('',#7290,1.);
#7290 = DIRECTION('',(0.401848697752,0.915706079545,4.921227214433E-17)
  );
#7291 = ORIENTED_EDGE('',*,*,#7292,.F.);
#7292 = EDGE_CURVE('',#3814,#7285,#7293,.T.);
#7293 = LINE('',#7294,#7295);
#7294 = CARTESIAN_POINT('',(-9.208392704969,7.445807495532,11.1));
#7295 = VECTOR('',#7296,1.);
#7296 = DIRECTION('',(1.224646799147E-16,0.,-1.));
#7297 = PLANE('',#7298);
#7298 = AXIS2_PLACEMENT_3D('',#7299,#7300,#7301);
#7299 = CARTESIAN_POINT('',(-9.096442908161,7.700911245064,11.1));
#7300 = DIRECTION('',(-0.915706079545,0.401848697752,-1.121416519274E-16
    ));
#7301 = DIRECTION('',(-0.401848697752,-0.915706079545,
    -4.921227214433E-17));
#7302 = ADVANCED_FACE('',(#7303),#7321,.F.);
#7303 = FACE_BOUND('',#7304,.F.);
#7304 = EDGE_LOOP('',(#7305,#7306,#7314,#7320));
#7305 = ORIENTED_EDGE('',*,*,#3397,.F.);
#7306 = ORIENTED_EDGE('',*,*,#7307,.T.);
#7307 = EDGE_CURVE('',#3398,#7308,#7310,.T.);
#7308 = VERTEX_POINT('',#7309);
#7309 = CARTESIAN_POINT('',(-2.191607295031,7.445807495532,9.8));
#7310 = LINE('',#7311,#7312);
#7311 = CARTESIAN_POINT('',(-2.191607295031,7.445807495532,11.1));
#7312 = VECTOR('',#7313,1.);
#7313 = DIRECTION('',(1.224646799147E-16,0.,-1.));
#7314 = ORIENTED_EDGE('',*,*,#7315,.F.);
#7315 = EDGE_CURVE('',#7260,#7308,#7316,.T.);
#7316 = LINE('',#7317,#7318);
#7317 = CARTESIAN_POINT('',(-0.644717711495,3.920858419044,9.8));
#7318 = VECTOR('',#7319,1.);
#7319 = DIRECTION('',(0.401848697752,-0.915706079545,4.921227214433E-17)
  );
#7320 = ORIENTED_EDGE('',*,*,#7259,.F.);
#7321 = PLANE('',#7322);
#7322 = AXIS2_PLACEMENT_3D('',#7323,#7324,#7325);
#7323 = CARTESIAN_POINT('',(-2.191607295031,7.445807495532,11.1));
#7324 = DIRECTION('',(0.915706079545,0.401848697752,1.121416519274E-16)
  );
#7325 = DIRECTION('',(-0.401848697752,0.915706079545,-4.921227214433E-17
    ));
#7326 = ADVANCED_FACE('',(#7327),#7345,.F.);
#7327 = FACE_BOUND('',#7328,.F.);
#7328 = EDGE_LOOP('',(#7329,#7330,#7331,#7339));
#7329 = ORIENTED_EDGE('',*,*,#3813,.F.);
#7330 = ORIENTED_EDGE('',*,*,#7292,.T.);
#7331 = ORIENTED_EDGE('',*,*,#7332,.F.);
#7332 = EDGE_CURVE('',#7333,#7285,#7335,.T.);
#7333 = VERTEX_POINT('',#7334);
#7334 = CARTESIAN_POINT('',(-9.276925845107,7.177136956036,9.8));
#7335 = LINE('',#7336,#7337);
#7336 = CARTESIAN_POINT('',(-9.818744799391,5.05304355445,9.8));
#7337 = VECTOR('',#7338,1.);
#7338 = DIRECTION('',(0.247167922826,0.968972661083,3.026934055402E-17)
  );
#7339 = ORIENTED_EDGE('',*,*,#7340,.F.);
#7340 = EDGE_CURVE('',#3806,#7333,#7341,.T.);
#7341 = LINE('',#7342,#7343);
#7342 = CARTESIAN_POINT('',(-9.276925845107,7.177136956036,11.1));
#7343 = VECTOR('',#7344,1.);
#7344 = DIRECTION('',(1.224646799147E-16,0.,-1.));
#7345 = PLANE('',#7346);
#7346 = AXIS2_PLACEMENT_3D('',#7347,#7348,#7349);
#7347 = CARTESIAN_POINT('',(-9.208392704969,7.445807495532,11.1));
#7348 = DIRECTION('',(-0.968972661083,0.247167922826,-1.186649267856E-16
    ));
#7349 = DIRECTION('',(-0.247167922826,-0.968972661083,
    -3.026934055402E-17));
#7350 = ADVANCED_FACE('',(#7351),#7369,.F.);
#7351 = FACE_BOUND('',#7352,.F.);
#7352 = EDGE_LOOP('',(#7353,#7354,#7362,#7368));
#7353 = ORIENTED_EDGE('',*,*,#3405,.F.);
#7354 = ORIENTED_EDGE('',*,*,#7355,.T.);
#7355 = EDGE_CURVE('',#3406,#7356,#7358,.T.);
#7356 = VERTEX_POINT('',#7357);
#7357 = CARTESIAN_POINT('',(-2.123074154893,7.177136956036,9.8));
#7358 = LINE('',#7359,#7360);
#7359 = CARTESIAN_POINT('',(-2.123074154893,7.177136956036,11.1));
#7360 = VECTOR('',#7361,1.);
#7361 = DIRECTION('',(1.224646799147E-16,0.,-1.));
#7362 = ORIENTED_EDGE('',*,*,#7363,.F.);
#7363 = EDGE_CURVE('',#7308,#7356,#7364,.T.);
#7364 = LINE('',#7365,#7366);
#7365 = CARTESIAN_POINT('',(-1.198764332719,3.553564213189,9.8));
#7366 = VECTOR('',#7367,1.);
#7367 = DIRECTION('',(0.247167922826,-0.968972661083,3.026934055402E-17)
  );
#7368 = ORIENTED_EDGE('',*,*,#7307,.F.);
#7369 = PLANE('',#7370);
#7370 = AXIS2_PLACEMENT_3D('',#7371,#7372,#7373);
#7371 = CARTESIAN_POINT('',(-2.123074154893,7.177136956036,11.1));
#7372 = DIRECTION('',(0.968972661083,0.247167922826,1.186649267856E-16)
  );
#7373 = DIRECTION('',(-0.247167922826,0.968972661083,-3.026934055402E-17
    ));
#7374 = ADVANCED_FACE('',(#7375),#7393,.F.);
#7375 = FACE_BOUND('',#7376,.F.);
#7376 = EDGE_LOOP('',(#7377,#7378,#7379,#7387));
#7377 = ORIENTED_EDGE('',*,*,#3805,.F.);
#7378 = ORIENTED_EDGE('',*,*,#7340,.T.);
#7379 = ORIENTED_EDGE('',*,*,#7380,.F.);
#7380 = EDGE_CURVE('',#7381,#7333,#7383,.T.);
#7381 = VERTEX_POINT('',#7382);
#7382 = CARTESIAN_POINT('',(-9.3,6.9,9.8));
#7383 = LINE('',#7384,#7385);
#7384 = CARTESIAN_POINT('',(-9.541716902659,3.996808661624,9.8));
#7385 = VECTOR('',#7386,1.);
#7386 = DIRECTION('',(8.297194587104E-02,0.996551883345,1.0161132793E-17
    ));
#7387 = ORIENTED_EDGE('',*,*,#7388,.F.);
#7388 = EDGE_CURVE('',#3798,#7381,#7389,.T.);
#7389 = LINE('',#7390,#7391);
#7390 = CARTESIAN_POINT('',(-9.3,6.9,11.1));
#7391 = VECTOR('',#7392,1.);
#7392 = DIRECTION('',(1.224646799147E-16,0.,-1.));
#7393 = PLANE('',#7394);
#7394 = AXIS2_PLACEMENT_3D('',#7395,#7396,#7397);
#7395 = CARTESIAN_POINT('',(-9.276925845107,7.177136956036,11.1));
#7396 = DIRECTION('',(-0.996551883345,8.297194587104E-02,
    -1.220424074123E-16));
#7397 = DIRECTION('',(-8.297194587104E-02,-0.996551883345,
    -1.0161132793E-17));
#7398 = ADVANCED_FACE('',(#7399),#7417,.F.);
#7399 = FACE_BOUND('',#7400,.F.);
#7400 = EDGE_LOOP('',(#7401,#7402,#7410,#7416));
#7401 = ORIENTED_EDGE('',*,*,#3413,.F.);
#7402 = ORIENTED_EDGE('',*,*,#7403,.T.);
#7403 = EDGE_CURVE('',#3414,#7404,#7406,.T.);
#7404 = VERTEX_POINT('',#7405);
#7405 = CARTESIAN_POINT('',(-2.1,6.9,9.8));
#7406 = LINE('',#7407,#7408);
#7407 = CARTESIAN_POINT('',(-2.1,6.9,11.1));
#7408 = VECTOR('',#7409,1.);
#7409 = DIRECTION('',(1.224646799147E-16,0.,-1.));
#7410 = ORIENTED_EDGE('',*,*,#7411,.F.);
#7411 = EDGE_CURVE('',#7356,#7404,#7412,.T.);
#7412 = LINE('',#7413,#7414);
#7413 = CARTESIAN_POINT('',(-1.807505260225,3.386930844747,9.8));
#7414 = VECTOR('',#7415,1.);
#7415 = DIRECTION('',(8.297194587103E-02,-0.996551883345,
    1.0161132793E-17));
#7416 = ORIENTED_EDGE('',*,*,#7355,.F.);
#7417 = PLANE('',#7418);
#7418 = AXIS2_PLACEMENT_3D('',#7419,#7420,#7421);
#7419 = CARTESIAN_POINT('',(-2.1,6.9,11.1));
#7420 = DIRECTION('',(0.996551883345,8.297194587103E-02,
    1.220424074123E-16));
#7421 = DIRECTION('',(-8.297194587103E-02,0.996551883345,
    -1.0161132793E-17));
#7422 = ADVANCED_FACE('',(#7423),#7441,.F.);
#7423 = FACE_BOUND('',#7424,.F.);
#7424 = EDGE_LOOP('',(#7425,#7426,#7427,#7435));
#7425 = ORIENTED_EDGE('',*,*,#3797,.F.);
#7426 = ORIENTED_EDGE('',*,*,#7388,.T.);
#7427 = ORIENTED_EDGE('',*,*,#7428,.F.);
#7428 = EDGE_CURVE('',#7429,#7381,#7431,.T.);
#7429 = VERTEX_POINT('',#7430);
#7430 = CARTESIAN_POINT('',(-9.276925845107,6.618947360225,9.8));
#7431 = LINE('',#7432,#7433);
#7432 = CARTESIAN_POINT('',(-8.987522273123,3.09389353944,9.8));
#7433 = VECTOR('',#7434,1.);
#7434 = DIRECTION('',(-8.182375724519E-02,0.996646814448,
    -1.002052024045E-17));
#7435 = ORIENTED_EDGE('',*,*,#7436,.F.);
#7436 = EDGE_CURVE('',#3790,#7429,#7437,.T.);
#7437 = LINE('',#7438,#7439);
#7438 = CARTESIAN_POINT('',(-9.276925845107,6.618947360225,11.1));
#7439 = VECTOR('',#7440,1.);
#7440 = DIRECTION('',(1.224646799147E-16,0.,-1.));
#7441 = PLANE('',#7442);
#7442 = AXIS2_PLACEMENT_3D('',#7443,#7444,#7445);
#7443 = CARTESIAN_POINT('',(-9.3,6.9,11.1));
#7444 = DIRECTION('',(-0.996646814448,-8.182375724519E-02,
    -1.220540331195E-16));
#7445 = DIRECTION('',(8.182375724519E-02,-0.996646814448,
    1.002052024045E-17));
#7446 = ADVANCED_FACE('',(#7447),#7465,.F.);
#7447 = FACE_BOUND('',#7448,.F.);
#7448 = EDGE_LOOP('',(#7449,#7450,#7458,#7464));
#7449 = ORIENTED_EDGE('',*,*,#3421,.F.);
#7450 = ORIENTED_EDGE('',*,*,#7451,.T.);
#7451 = EDGE_CURVE('',#3422,#7452,#7454,.T.);
#7452 = VERTEX_POINT('',#7453);
#7453 = CARTESIAN_POINT('',(-2.123074154893,6.618947360225,9.8));
#7454 = LINE('',#7455,#7456);
#7455 = CARTESIAN_POINT('',(-2.123074154893,6.618947360225,11.1));
#7456 = VECTOR('',#7457,1.);
#7457 = DIRECTION('',(1.224646799147E-16,0.,-1.));
#7458 = ORIENTED_EDGE('',*,*,#7459,.F.);
#7459 = EDGE_CURVE('',#7404,#7452,#7460,.T.);
#7460 = LINE('',#7461,#7462);
#7461 = CARTESIAN_POINT('',(-2.385852579,3.418198725479,9.8));
#7462 = VECTOR('',#7463,1.);
#7463 = DIRECTION('',(-8.182375724519E-02,-0.996646814448,
    -1.002052024045E-17));
#7464 = ORIENTED_EDGE('',*,*,#7403,.F.);
#7465 = PLANE('',#7466);
#7466 = AXIS2_PLACEMENT_3D('',#7467,#7468,#7469);
#7467 = CARTESIAN_POINT('',(-2.123074154893,6.618947360225,11.1));
#7468 = DIRECTION('',(0.996646814448,-8.182375724519E-02,
    1.220540331195E-16));
#7469 = DIRECTION('',(8.182375724519E-02,0.996646814448,
    1.002052024045E-17));
#7470 = ADVANCED_FACE('',(#7471),#7489,.F.);
#7471 = FACE_BOUND('',#7472,.F.);
#7472 = EDGE_LOOP('',(#7473,#7474,#7475,#7483));
#7473 = ORIENTED_EDGE('',*,*,#3789,.F.);
#7474 = ORIENTED_EDGE('',*,*,#7436,.T.);
#7475 = ORIENTED_EDGE('',*,*,#7476,.F.);
#7476 = EDGE_CURVE('',#7477,#7429,#7479,.T.);
#7477 = VERTEX_POINT('',#7478);
#7478 = CARTESIAN_POINT('',(-9.208392704969,6.337814181916,9.8));
#7479 = LINE('',#7480,#7481);
#7480 = CARTESIAN_POINT('',(-8.255229814677,2.427797622687,9.8));
#7481 = VECTOR('',#7482,1.);
#7482 = DIRECTION('',(-0.236838989617,0.971548914362,-2.900441105476E-17
    ));
#7483 = ORIENTED_EDGE('',*,*,#7484,.F.);
#7484 = EDGE_CURVE('',#3782,#7477,#7485,.T.);
#7485 = LINE('',#7486,#7487);
#7486 = CARTESIAN_POINT('',(-9.208392704969,6.337814181916,11.1));
#7487 = VECTOR('',#7488,1.);
#7488 = DIRECTION('',(1.224646799147E-16,0.,-1.));
#7489 = PLANE('',#7490);
#7490 = AXIS2_PLACEMENT_3D('',#7491,#7492,#7493);
#7491 = CARTESIAN_POINT('',(-9.276925845107,6.618947360225,11.1));
#7492 = DIRECTION('',(-0.971548914362,-0.236838989617,
    -1.189804268188E-16));
#7493 = DIRECTION('',(0.236838989617,-0.971548914362,2.900441105476E-17)
  );
#7494 = ADVANCED_FACE('',(#7495),#7513,.F.);
#7495 = FACE_BOUND('',#7496,.F.);
#7496 = EDGE_LOOP('',(#7497,#7498,#7506,#7512));
#7497 = ORIENTED_EDGE('',*,*,#3429,.F.);
#7498 = ORIENTED_EDGE('',*,*,#7499,.T.);
#7499 = EDGE_CURVE('',#3430,#7500,#7502,.T.);
#7500 = VERTEX_POINT('',#7501);
#7501 = CARTESIAN_POINT('',(-2.191607295031,6.337814181916,9.8));
#7502 = LINE('',#7503,#7504);
#7503 = CARTESIAN_POINT('',(-2.191607295031,6.337814181916,11.1));
#7504 = VECTOR('',#7505,1.);
#7505 = DIRECTION('',(1.224646799147E-16,0.,-1.));
#7506 = ORIENTED_EDGE('',*,*,#7507,.F.);
#7507 = EDGE_CURVE('',#7452,#7500,#7508,.T.);
#7508 = LINE('',#7509,#7510);
#7509 = CARTESIAN_POINT('',(-2.859308325476,3.598804814005,9.8));
#7510 = VECTOR('',#7511,1.);
#7511 = DIRECTION('',(-0.236838989617,-0.971548914362,
    -2.900441105476E-17));
#7512 = ORIENTED_EDGE('',*,*,#7451,.F.);
#7513 = PLANE('',#7514);
#7514 = AXIS2_PLACEMENT_3D('',#7515,#7516,#7517);
#7515 = CARTESIAN_POINT('',(-2.191607295031,6.337814181916,11.1));
#7516 = DIRECTION('',(0.971548914362,-0.236838989617,1.189804268188E-16)
  );
#7517 = DIRECTION('',(0.236838989617,0.971548914362,2.900441105476E-17)
  );
#7518 = ADVANCED_FACE('',(#7519),#7537,.F.);
#7519 = FACE_BOUND('',#7520,.F.);
#7520 = EDGE_LOOP('',(#7521,#7522,#7523,#7531));
#7521 = ORIENTED_EDGE('',*,*,#3781,.F.);
#7522 = ORIENTED_EDGE('',*,*,#7484,.T.);
#7523 = ORIENTED_EDGE('',*,*,#7524,.F.);
#7524 = EDGE_CURVE('',#7525,#7477,#7527,.T.);
#7525 = VERTEX_POINT('',#7526);
#7526 = CARTESIAN_POINT('',(-9.096442908161,6.059619651552,9.8));
#7527 = LINE('',#7528,#7529);
#7528 = CARTESIAN_POINT('',(-7.469218612816,2.015977666082,9.8));
#7529 = VECTOR('',#7530,1.);
#7530 = DIRECTION('',(-0.373321668482,0.927701962832,-4.571871863585E-17
    ));
#7531 = ORIENTED_EDGE('',*,*,#7532,.F.);
#7532 = EDGE_CURVE('',#3774,#7525,#7533,.T.);
#7533 = LINE('',#7534,#7535);
#7534 = CARTESIAN_POINT('',(-9.096442908161,6.059619651552,11.1));
#7535 = VECTOR('',#7536,1.);
#7536 = DIRECTION('',(1.224646799147E-16,0.,-1.));
#7537 = PLANE('',#7538);
#7538 = AXIS2_PLACEMENT_3D('',#7539,#7540,#7541);
#7539 = CARTESIAN_POINT('',(-9.208392704969,6.337814181916,11.1));
#7540 = DIRECTION('',(-0.927701962832,-0.373321668482,
    -1.136107239345E-16));
#7541 = DIRECTION('',(0.373321668482,-0.927701962832,4.571871863585E-17)
  );
#7542 = ADVANCED_FACE('',(#7543),#7561,.F.);
#7543 = FACE_BOUND('',#7544,.F.);
#7544 = EDGE_LOOP('',(#7545,#7546,#7554,#7560));
#7545 = ORIENTED_EDGE('',*,*,#3437,.F.);
#7546 = ORIENTED_EDGE('',*,*,#7547,.T.);
#7547 = EDGE_CURVE('',#3438,#7548,#7550,.T.);
#7548 = VERTEX_POINT('',#7549);
#7549 = CARTESIAN_POINT('',(-2.303557091839,6.059619651552,9.8));
#7550 = LINE('',#7551,#7552);
#7551 = CARTESIAN_POINT('',(-2.303557091839,6.059619651552,11.1));
#7552 = VECTOR('',#7553,1.);
#7553 = DIRECTION('',(1.224646799147E-16,0.,-1.));
#7554 = ORIENTED_EDGE('',*,*,#7555,.F.);
#7555 = EDGE_CURVE('',#7500,#7548,#7556,.T.);
#7556 = LINE('',#7557,#7558);
#7557 = CARTESIAN_POINT('',(-3.192352597087,3.850968495223,9.8));
#7558 = VECTOR('',#7559,1.);
#7559 = DIRECTION('',(-0.373321668482,-0.927701962832,
    -4.571871863585E-17));
#7560 = ORIENTED_EDGE('',*,*,#7499,.F.);
#7561 = PLANE('',#7562);
#7562 = AXIS2_PLACEMENT_3D('',#7563,#7564,#7565);
#7563 = CARTESIAN_POINT('',(-2.303557091839,6.059619651552,11.1));
#7564 = DIRECTION('',(0.927701962832,-0.373321668482,1.136107239345E-16)
  );
#7565 = DIRECTION('',(0.373321668482,0.927701962832,4.571871863585E-17)
  );
#7566 = ADVANCED_FACE('',(#7567),#7585,.F.);
#7567 = FACE_BOUND('',#7568,.F.);
#7568 = EDGE_LOOP('',(#7569,#7570,#7571,#7579));
#7569 = ORIENTED_EDGE('',*,*,#3773,.F.);
#7570 = ORIENTED_EDGE('',*,*,#7532,.T.);
#7571 = ORIENTED_EDGE('',*,*,#7572,.F.);
#7572 = EDGE_CURVE('',#7573,#7525,#7575,.T.);
#7573 = VERTEX_POINT('',#7574);
#7574 = CARTESIAN_POINT('',(-8.944395834048,5.786534820799,9.8));
#7575 = LINE('',#7576,#7577);
#7576 = CARTESIAN_POINT('',(-6.73241781436,1.813701757995,9.8));
#7577 = VECTOR('',#7578,1.);
#7578 = DIRECTION('',(-0.486457526341,0.873704226306,-5.957386525552E-17
    ));
#7579 = ORIENTED_EDGE('',*,*,#7580,.F.);
#7580 = EDGE_CURVE('',#3766,#7573,#7581,.T.);
#7581 = LINE('',#7582,#7583);
#7582 = CARTESIAN_POINT('',(-8.944395834048,5.786534820799,11.1));
#7583 = VECTOR('',#7584,1.);
#7584 = DIRECTION('',(1.224646799147E-16,0.,-1.));
#7585 = PLANE('',#7586);
#7586 = AXIS2_PLACEMENT_3D('',#7587,#7588,#7589);
#7587 = CARTESIAN_POINT('',(-9.096442908161,6.059619651552,11.1));
#7588 = DIRECTION('',(-0.873704226306,-0.486457526341,
    -1.069979084148E-16));
#7589 = DIRECTION('',(0.486457526341,-0.873704226306,5.957386525552E-17)
  );
#7590 = ADVANCED_FACE('',(#7591),#7609,.F.);
#7591 = FACE_BOUND('',#7592,.F.);
#7592 = EDGE_LOOP('',(#7593,#7594,#7602,#7608));
#7593 = ORIENTED_EDGE('',*,*,#3445,.F.);
#7594 = ORIENTED_EDGE('',*,*,#7595,.T.);
#7595 = EDGE_CURVE('',#3446,#7596,#7598,.T.);
#7596 = VERTEX_POINT('',#7597);
#7597 = CARTESIAN_POINT('',(-2.455604165952,5.786534820799,9.8));
#7598 = LINE('',#7599,#7600);
#7599 = CARTESIAN_POINT('',(-2.455604165952,5.786534820799,11.1));
#7600 = VECTOR('',#7601,1.);
#7601 = DIRECTION('',(1.224646799147E-16,0.,-1.));
#7602 = ORIENTED_EDGE('',*,*,#7603,.F.);
#7603 = EDGE_CURVE('',#7548,#7596,#7604,.T.);
#7604 = LINE('',#7605,#7606);
#7605 = CARTESIAN_POINT('',(-3.394752450571,4.099773323712,9.8));
#7606 = VECTOR('',#7607,1.);
#7607 = DIRECTION('',(-0.486457526341,-0.873704226306,
    -5.957386525552E-17));
#7608 = ORIENTED_EDGE('',*,*,#7547,.F.);
#7609 = PLANE('',#7610);
#7610 = AXIS2_PLACEMENT_3D('',#7611,#7612,#7613);
#7611 = CARTESIAN_POINT('',(-2.455604165952,5.786534820799,11.1));
#7612 = DIRECTION('',(0.873704226306,-0.486457526341,1.069979084148E-16)
  );
#7613 = DIRECTION('',(0.486457526341,0.873704226306,5.957386525552E-17)
  );
#7614 = ADVANCED_FACE('',(#7615),#7633,.F.);
#7615 = FACE_BOUND('',#7616,.F.);
#7616 = EDGE_LOOP('',(#7617,#7618,#7619,#7627));
#7617 = ORIENTED_EDGE('',*,*,#3765,.F.);
#7618 = ORIENTED_EDGE('',*,*,#7580,.T.);
#7619 = ORIENTED_EDGE('',*,*,#7620,.F.);
#7620 = EDGE_CURVE('',#7621,#7573,#7623,.T.);
#7621 = VERTEX_POINT('',#7622);
#7622 = CARTESIAN_POINT('',(-8.756724559354,5.519916461132,9.8));
#7623 = LINE('',#7624,#7625);
#7624 = CARTESIAN_POINT('',(-6.100880213015,1.746846425206,9.8));
#7625 = VECTOR('',#7626,1.);
#7626 = DIRECTION('',(-0.575597908502,0.817732870642,-7.049041362427E-17
    ));
#7627 = ORIENTED_EDGE('',*,*,#7628,.F.);
#7628 = EDGE_CURVE('',#3758,#7621,#7629,.T.);
#7629 = LINE('',#7630,#7631);
#7630 = CARTESIAN_POINT('',(-8.756724559354,5.519916461132,11.1));
#7631 = VECTOR('',#7632,1.);
#7632 = DIRECTION('',(1.224646799147E-16,0.,-1.));
#7633 = PLANE('',#7634);
#7634 = AXIS2_PLACEMENT_3D('',#7635,#7636,#7637);
#7635 = CARTESIAN_POINT('',(-8.944395834048,5.786534820799,11.1));
#7636 = DIRECTION('',(-0.817732870642,-0.575597908502,
    -1.001433942589E-16));
#7637 = DIRECTION('',(0.575597908502,-0.817732870642,7.049041362427E-17)
  );
#7638 = ADVANCED_FACE('',(#7639),#7657,.F.);
#7639 = FACE_BOUND('',#7640,.F.);
#7640 = EDGE_LOOP('',(#7641,#7642,#7650,#7656));
#7641 = ORIENTED_EDGE('',*,*,#3453,.F.);
#7642 = ORIENTED_EDGE('',*,*,#7643,.T.);
#7643 = EDGE_CURVE('',#3454,#7644,#7646,.T.);
#7644 = VERTEX_POINT('',#7645);
#7645 = CARTESIAN_POINT('',(-2.643275440646,5.519916461132,9.8));
#7646 = LINE('',#7647,#7648);
#7647 = CARTESIAN_POINT('',(-2.643275440646,5.519916461132,11.1));
#7648 = VECTOR('',#7649,1.);
#7649 = DIRECTION('',(1.224646799147E-16,0.,-1.));
#7650 = ORIENTED_EDGE('',*,*,#7651,.F.);
#7651 = EDGE_CURVE('',#7596,#7644,#7652,.T.);
#7652 = LINE('',#7653,#7654);
#7653 = CARTESIAN_POINT('',(-3.504471596383,4.296443626684,9.8));
#7654 = VECTOR('',#7655,1.);
#7655 = DIRECTION('',(-0.575597908502,-0.817732870642,
    -7.049041362427E-17));
#7656 = ORIENTED_EDGE('',*,*,#7595,.F.);
#7657 = PLANE('',#7658);
#7658 = AXIS2_PLACEMENT_3D('',#7659,#7660,#7661);
#7659 = CARTESIAN_POINT('',(-2.643275440646,5.519916461132,11.1));
#7660 = DIRECTION('',(0.817732870642,-0.575597908502,1.001433942589E-16)
  );
#7661 = DIRECTION('',(0.575597908502,0.817732870642,7.049041362427E-17)
  );
#7662 = ADVANCED_FACE('',(#7663),#7681,.F.);
#7663 = FACE_BOUND('',#7664,.F.);
#7664 = EDGE_LOOP('',(#7665,#7666,#7667,#7675));
#7665 = ORIENTED_EDGE('',*,*,#3757,.F.);
#7666 = ORIENTED_EDGE('',*,*,#7628,.T.);
#7667 = ORIENTED_EDGE('',*,*,#7668,.F.);
#7668 = EDGE_CURVE('',#7669,#7621,#7671,.T.);
#7669 = VERTEX_POINT('',#7670);
#7670 = CARTESIAN_POINT('',(-8.538889826909,5.260400299537,9.8));
#7671 = LINE('',#7672,#7673);
#7672 = CARTESIAN_POINT('',(-5.587866225017,1.744715223326,9.8));
#7673 = VECTOR('',#7674,1.);
#7674 = DIRECTION('',(-0.642917179881,0.765935702141,-7.873464664585E-17
    ));
#7675 = ORIENTED_EDGE('',*,*,#7676,.F.);
#7676 = EDGE_CURVE('',#3750,#7669,#7677,.T.);
#7677 = LINE('',#7678,#7679);
#7678 = CARTESIAN_POINT('',(-8.538889826909,5.260400299537,11.1));
#7679 = VECTOR('',#7680,1.);
#7680 = DIRECTION('',(1.224646799147E-16,0.,-1.));
#7681 = PLANE('',#7682);
#7682 = AXIS2_PLACEMENT_3D('',#7683,#7684,#7685);
#7683 = CARTESIAN_POINT('',(-8.756724559354,5.519916461132,11.1));
#7684 = DIRECTION('',(-0.765935702141,-0.642917179881,
    -9.380007059791E-17));
#7685 = DIRECTION('',(0.642917179881,-0.765935702141,7.873464664585E-17)
  );
#7686 = ADVANCED_FACE('',(#7687),#7705,.F.);
#7687 = FACE_BOUND('',#7688,.F.);
#7688 = EDGE_LOOP('',(#7689,#7690,#7698,#7704));
#7689 = ORIENTED_EDGE('',*,*,#3461,.F.);
#7690 = ORIENTED_EDGE('',*,*,#7691,.T.);
#7691 = EDGE_CURVE('',#3462,#7692,#7694,.T.);
#7692 = VERTEX_POINT('',#7693);
#7693 = CARTESIAN_POINT('',(-2.861110173091,5.260400299537,9.8));
#7694 = LINE('',#7695,#7696);
#7695 = CARTESIAN_POINT('',(-2.861110173091,5.260400299537,11.1));
#7696 = VECTOR('',#7697,1.);
#7697 = DIRECTION('',(1.224646799147E-16,0.,-1.));
#7698 = ORIENTED_EDGE('',*,*,#7699,.F.);
#7699 = EDGE_CURVE('',#7644,#7692,#7700,.T.);
#7700 = LINE('',#7701,#7702);
#7701 = CARTESIAN_POINT('',(-3.564998890142,4.421826505595,9.8));
#7702 = VECTOR('',#7703,1.);
#7703 = DIRECTION('',(-0.642917179881,-0.765935702141,
    -7.873464664585E-17));
#7704 = ORIENTED_EDGE('',*,*,#7643,.F.);
#7705 = PLANE('',#7706);
#7706 = AXIS2_PLACEMENT_3D('',#7707,#7708,#7709);
#7707 = CARTESIAN_POINT('',(-2.861110173091,5.260400299537,11.1));
#7708 = DIRECTION('',(0.765935702141,-0.642917179881,9.380007059791E-17)
  );
#7709 = DIRECTION('',(0.642917179881,0.765935702141,7.873464664585E-17)
  );
#7710 = ADVANCED_FACE('',(#7711),#7729,.F.);
#7711 = FACE_BOUND('',#7712,.F.);
#7712 = EDGE_LOOP('',(#7713,#7714,#7715,#7723));
#7713 = ORIENTED_EDGE('',*,*,#3749,.F.);
#7714 = ORIENTED_EDGE('',*,*,#7676,.T.);
#7715 = ORIENTED_EDGE('',*,*,#7716,.F.);
#7716 = EDGE_CURVE('',#7717,#7669,#7719,.T.);
#7717 = VERTEX_POINT('',#7718);
#7718 = CARTESIAN_POINT('',(-8.297137691953,5.008043097711,9.8));
#7719 = LINE('',#7720,#7721);
#7720 = CARTESIAN_POINT('',(-5.181871253164,1.756117642834,9.8));
#7721 = VECTOR('',#7722,1.);
#7722 = DIRECTION('',(-0.691770833651,0.72211710526,-8.471749371745E-17)
  );
#7723 = ORIENTED_EDGE('',*,*,#7724,.F.);
#7724 = EDGE_CURVE('',#3742,#7717,#7725,.T.);
#7725 = LINE('',#7726,#7727);
#7726 = CARTESIAN_POINT('',(-8.297137691953,5.008043097711,11.1));
#7727 = VECTOR('',#7728,1.);
#7728 = DIRECTION('',(1.224646799147E-16,0.,-1.));
#7729 = PLANE('',#7730);
#7730 = AXIS2_PLACEMENT_3D('',#7731,#7732,#7733);
#7731 = CARTESIAN_POINT('',(-8.538889826909,5.260400299537,11.1));
#7732 = DIRECTION('',(-0.72211710526,-0.691770833651,-8.843384015665E-17
    ));
#7733 = DIRECTION('',(0.691770833651,-0.72211710526,8.471749371745E-17)
  );
#7734 = ADVANCED_FACE('',(#7735),#7753,.F.);
#7735 = FACE_BOUND('',#7736,.F.);
#7736 = EDGE_LOOP('',(#7737,#7738,#7746,#7752));
#7737 = ORIENTED_EDGE('',*,*,#3469,.F.);
#7738 = ORIENTED_EDGE('',*,*,#7739,.T.);
#7739 = EDGE_CURVE('',#3470,#7740,#7742,.T.);
#7740 = VERTEX_POINT('',#7741);
#7741 = CARTESIAN_POINT('',(-3.102862308047,5.008043097711,9.8));
#7742 = LINE('',#7743,#7744);
#7743 = CARTESIAN_POINT('',(-3.102862308047,5.008043097711,11.1));
#7744 = VECTOR('',#7745,1.);
#7745 = DIRECTION('',(1.224646799147E-16,0.,-1.));
#7746 = ORIENTED_EDGE('',*,*,#7747,.F.);
#7747 = EDGE_CURVE('',#7692,#7740,#7748,.T.);
#7748 = LINE('',#7749,#7750);
#7749 = CARTESIAN_POINT('',(-3.611287562458,4.477314487749,9.8));
#7750 = VECTOR('',#7751,1.);
#7751 = DIRECTION('',(-0.691770833651,-0.72211710526,-8.471749371745E-17
    ));
#7752 = ORIENTED_EDGE('',*,*,#7691,.F.);
#7753 = PLANE('',#7754);
#7754 = AXIS2_PLACEMENT_3D('',#7755,#7756,#7757);
#7755 = CARTESIAN_POINT('',(-3.102862308047,5.008043097711,11.1));
#7756 = DIRECTION('',(0.72211710526,-0.691770833651,8.843384015665E-17)
  );
#7757 = DIRECTION('',(0.691770833651,0.72211710526,8.471749371745E-17));
#7758 = ADVANCED_FACE('',(#7759),#7777,.F.);
#7759 = FACE_BOUND('',#7760,.F.);
#7760 = EDGE_LOOP('',(#7761,#7762,#7763,#7771));
#7761 = ORIENTED_EDGE('',*,*,#3741,.F.);
#7762 = ORIENTED_EDGE('',*,*,#7724,.T.);
#7763 = ORIENTED_EDGE('',*,*,#7764,.F.);
#7764 = EDGE_CURVE('',#7765,#7717,#7767,.T.);
#7765 = VERTEX_POINT('',#7766);
#7766 = CARTESIAN_POINT('',(-8.038268590218,4.7625,9.8));
#7767 = LINE('',#7768,#7769);
#7768 = CARTESIAN_POINT('',(-4.863064886787,1.75074870184,9.8));
#7769 = VECTOR('',#7770,1.);
#7770 = DIRECTION('',(-0.725534596663,0.688185693723,-8.885236214735E-17
    ));
#7771 = ORIENTED_EDGE('',*,*,#7772,.F.);
#7772 = EDGE_CURVE('',#3734,#7765,#7773,.T.);
#7773 = LINE('',#7774,#7775);
#7774 = CARTESIAN_POINT('',(-8.038268590218,4.7625,11.1));
#7775 = VECTOR('',#7776,1.);
#7776 = DIRECTION('',(1.224646799147E-16,0.,-1.));
#7777 = PLANE('',#7778);
#7778 = AXIS2_PLACEMENT_3D('',#7779,#7780,#7781);
#7779 = CARTESIAN_POINT('',(-8.297137691953,5.008043097711,11.1));
#7780 = DIRECTION('',(-0.688185693723,-0.725534596663,
    -8.427844070374E-17));
#7781 = DIRECTION('',(0.725534596663,-0.688185693723,8.885236214735E-17)
  );
#7782 = ADVANCED_FACE('',(#7783),#7801,.F.);
#7783 = FACE_BOUND('',#7784,.F.);
#7784 = EDGE_LOOP('',(#7785,#7786,#7794,#7800));
#7785 = ORIENTED_EDGE('',*,*,#3477,.F.);
#7786 = ORIENTED_EDGE('',*,*,#7787,.T.);
#7787 = EDGE_CURVE('',#3478,#7788,#7790,.T.);
#7788 = VERTEX_POINT('',#7789);
#7789 = CARTESIAN_POINT('',(-3.361731409782,4.7625,9.8));
#7790 = LINE('',#7791,#7792);
#7791 = CARTESIAN_POINT('',(-3.361731409782,4.7625,11.1));
#7792 = VECTOR('',#7793,1.);
#7793 = DIRECTION('',(1.224646799147E-16,0.,-1.));
#7794 = ORIENTED_EDGE('',*,*,#7795,.F.);
#7795 = EDGE_CURVE('',#7740,#7788,#7796,.T.);
#7796 = LINE('',#7797,#7798);
#7797 = CARTESIAN_POINT('',(-3.66588709364,4.474001572415,9.8));
#7798 = VECTOR('',#7799,1.);
#7799 = DIRECTION('',(-0.725534596663,-0.688185693723,
    -8.885236214735E-17));
#7800 = ORIENTED_EDGE('',*,*,#7739,.F.);
#7801 = PLANE('',#7802);
#7802 = AXIS2_PLACEMENT_3D('',#7803,#7804,#7805);
#7803 = CARTESIAN_POINT('',(-3.361731409782,4.7625,11.1));
#7804 = DIRECTION('',(0.688185693723,-0.725534596663,8.427844070374E-17)
  );
#7805 = DIRECTION('',(0.725534596663,0.688185693723,8.885236214735E-17)
  );
#7806 = ADVANCED_FACE('',(#7807),#7825,.F.);
#7807 = FACE_BOUND('',#7808,.F.);
#7808 = EDGE_LOOP('',(#7809,#7810,#7811,#7819));
#7809 = ORIENTED_EDGE('',*,*,#3733,.F.);
#7810 = ORIENTED_EDGE('',*,*,#7772,.T.);
#7811 = ORIENTED_EDGE('',*,*,#7812,.F.);
#7812 = EDGE_CURVE('',#7813,#7765,#7815,.T.);
#7813 = VERTEX_POINT('',#7814);
#7814 = CARTESIAN_POINT('',(-7.769386663402,4.523221579414,9.8));
#7815 = LINE('',#7816,#7817);
#7816 = CARTESIAN_POINT('',(-4.612782886749,1.714155254136,9.8));
#7817 = VECTOR('',#7818,1.);
#7818 = DIRECTION('',(-0.747033593422,0.664786289193,-9.148522990399E-17
    ));
#7819 = ORIENTED_EDGE('',*,*,#7820,.F.);
#7820 = EDGE_CURVE('',#3726,#7813,#7821,.T.);
#7821 = LINE('',#7822,#7823);
#7822 = CARTESIAN_POINT('',(-7.769386663402,4.523221579414,11.1));
#7823 = VECTOR('',#7824,1.);
#7824 = DIRECTION('',(1.224646799147E-16,0.,-1.));
#7825 = PLANE('',#7826);
#7826 = AXIS2_PLACEMENT_3D('',#7827,#7828,#7829);
#7827 = CARTESIAN_POINT('',(-8.038268590218,4.7625,11.1));
#7828 = DIRECTION('',(-0.664786289193,-0.747033593422,
    -8.141284011771E-17));
#7829 = DIRECTION('',(0.747033593422,-0.664786289193,9.148522990399E-17)
  );
#7830 = ADVANCED_FACE('',(#7831),#7849,.F.);
#7831 = FACE_BOUND('',#7832,.F.);
#7832 = EDGE_LOOP('',(#7833,#7834,#7842,#7848));
#7833 = ORIENTED_EDGE('',*,*,#3485,.F.);
#7834 = ORIENTED_EDGE('',*,*,#7835,.T.);
#7835 = EDGE_CURVE('',#3486,#7836,#7838,.T.);
#7836 = VERTEX_POINT('',#7837);
#7837 = CARTESIAN_POINT('',(-3.630613336598,4.523221579414,9.8));
#7838 = LINE('',#7839,#7840);
#7839 = CARTESIAN_POINT('',(-3.630613336598,4.523221579414,11.1));
#7840 = VECTOR('',#7841,1.);
#7841 = DIRECTION('',(1.224646799147E-16,0.,-1.));
#7842 = ORIENTED_EDGE('',*,*,#7843,.F.);
#7843 = EDGE_CURVE('',#7788,#7836,#7844,.T.);
#7844 = LINE('',#7845,#7846);
#7845 = CARTESIAN_POINT('',(-3.740720695362,4.425236879542,9.8));
#7846 = VECTOR('',#7847,1.);
#7847 = DIRECTION('',(-0.747033593422,-0.664786289193,
    -9.148522990399E-17));
#7848 = ORIENTED_EDGE('',*,*,#7787,.F.);
#7849 = PLANE('',#7850);
#7850 = AXIS2_PLACEMENT_3D('',#7851,#7852,#7853);
#7851 = CARTESIAN_POINT('',(-3.630613336598,4.523221579414,11.1));
#7852 = DIRECTION('',(0.664786289193,-0.747033593422,8.141284011771E-17)
  );
#7853 = DIRECTION('',(0.747033593422,0.664786289193,9.148522990399E-17)
  );
#7854 = ADVANCED_FACE('',(#7855),#7873,.F.);
#7855 = FACE_BOUND('',#7856,.F.);
#7856 = EDGE_LOOP('',(#7857,#7858,#7859,#7867));
#7857 = ORIENTED_EDGE('',*,*,#3725,.F.);
#7858 = ORIENTED_EDGE('',*,*,#7820,.T.);
#7859 = ORIENTED_EDGE('',*,*,#7860,.F.);
#7860 = EDGE_CURVE('',#7861,#7813,#7863,.T.);
#7861 = VERTEX_POINT('',#7862);
#7862 = CARTESIAN_POINT('',(-7.497638929658,4.289654172111,9.8));
#7863 = LINE('',#7864,#7865);
#7864 = CARTESIAN_POINT('',(-4.417221300819,1.64203261125,9.8));
#7865 = VECTOR('',#7866,1.);
#7866 = DIRECTION('',(-0.758372304501,0.651821638001,-9.28738215269E-17)
  );
#7867 = ORIENTED_EDGE('',*,*,#7868,.F.);
#7868 = EDGE_CURVE('',#3718,#7861,#7869,.T.);
#7869 = LINE('',#7870,#7871);
#7870 = CARTESIAN_POINT('',(-7.497638929658,4.289654172111,11.1));
#7871 = VECTOR('',#7872,1.);
#7872 = DIRECTION('',(1.224646799147E-16,0.,-1.));
#7873 = PLANE('',#7874);
#7874 = AXIS2_PLACEMENT_3D('',#7875,#7876,#7877);
#7875 = CARTESIAN_POINT('',(-7.769386663402,4.523221579414,11.1));
#7876 = DIRECTION('',(-0.651821638001,-0.758372304501,
    -7.982512825927E-17));
#7877 = DIRECTION('',(0.758372304501,-0.651821638001,9.28738215269E-17)
  );
#7878 = ADVANCED_FACE('',(#7879),#7897,.F.);
#7879 = FACE_BOUND('',#7880,.F.);
#7880 = EDGE_LOOP('',(#7881,#7882,#7890,#7896));
#7881 = ORIENTED_EDGE('',*,*,#3493,.F.);
#7882 = ORIENTED_EDGE('',*,*,#7883,.T.);
#7883 = EDGE_CURVE('',#3494,#7884,#7886,.T.);
#7884 = VERTEX_POINT('',#7885);
#7885 = CARTESIAN_POINT('',(-3.902361070342,4.289654172111,9.8));
#7886 = LINE('',#7887,#7888);
#7887 = CARTESIAN_POINT('',(-3.902361070342,4.289654172111,11.1));
#7888 = VECTOR('',#7889,1.);
#7889 = DIRECTION('',(1.224646799147E-16,0.,-1.));
#7890 = ORIENTED_EDGE('',*,*,#7891,.F.);
#7891 = EDGE_CURVE('',#7836,#7884,#7892,.T.);
#7892 = LINE('',#7893,#7894);
#7893 = CARTESIAN_POINT('',(-3.84041981832,4.342892730684,9.8));
#7894 = VECTOR('',#7895,1.);
#7895 = DIRECTION('',(-0.758372304501,-0.651821638001,-9.28738215269E-17
    ));
#7896 = ORIENTED_EDGE('',*,*,#7835,.F.);
#7897 = PLANE('',#7898);
#7898 = AXIS2_PLACEMENT_3D('',#7899,#7900,#7901);
#7899 = CARTESIAN_POINT('',(-3.902361070342,4.289654172111,11.1));
#7900 = DIRECTION('',(0.651821638001,-0.758372304501,7.982512825927E-17)
  );
#7901 = DIRECTION('',(0.758372304501,0.651821638001,9.28738215269E-17));
#7902 = ADVANCED_FACE('',(#7903),#7921,.F.);
#7903 = FACE_BOUND('',#7904,.F.);
#7904 = EDGE_LOOP('',(#7905,#7906,#7907,#7915));
#7905 = ORIENTED_EDGE('',*,*,#3717,.F.);
#7906 = ORIENTED_EDGE('',*,*,#7868,.T.);
#7907 = ORIENTED_EDGE('',*,*,#7908,.F.);
#7908 = EDGE_CURVE('',#7909,#7861,#7911,.T.);
#7909 = VERTEX_POINT('',#7910);
#7910 = CARTESIAN_POINT('',(-7.229954270476,4.061427442459,9.8));
#7911 = LINE('',#7912,#7913);
#7912 = CARTESIAN_POINT('',(-4.267904828283,1.53599748571,9.8));
#7913 = VECTOR('',#7914,1.);
#7914 = DIRECTION('',(-0.76096382253,0.648794313169,-9.319119095285E-17)
  );
#7915 = ORIENTED_EDGE('',*,*,#7916,.F.);
#7916 = EDGE_CURVE('',#3710,#7909,#7917,.T.);
#7917 = LINE('',#7918,#7919);
#7918 = CARTESIAN_POINT('',(-7.229954270476,4.061427442459,11.1));
#7919 = VECTOR('',#7920,1.);
#7920 = DIRECTION('',(1.224646799147E-16,0.,-1.));
#7921 = PLANE('',#7922);
#7922 = AXIS2_PLACEMENT_3D('',#7923,#7924,#7925);
#7923 = CARTESIAN_POINT('',(-7.497638929658,4.289654172111,11.1));
#7924 = DIRECTION('',(-0.648794313169,-0.76096382253,-7.945438789272E-17
    ));
#7925 = DIRECTION('',(0.76096382253,-0.648794313169,9.319119095285E-17)
  );
#7926 = ADVANCED_FACE('',(#7927),#7945,.F.);
#7927 = FACE_BOUND('',#7928,.F.);
#7928 = EDGE_LOOP('',(#7929,#7930,#7938,#7944));
#7929 = ORIENTED_EDGE('',*,*,#3501,.F.);
#7930 = ORIENTED_EDGE('',*,*,#7931,.T.);
#7931 = EDGE_CURVE('',#3502,#7932,#7934,.T.);
#7932 = VERTEX_POINT('',#7933);
#7933 = CARTESIAN_POINT('',(-4.170045729524,4.061427442459,9.8));
#7934 = LINE('',#7935,#7936);
#7935 = CARTESIAN_POINT('',(-4.170045729524,4.061427442459,11.1));
#7936 = VECTOR('',#7937,1.);
#7937 = DIRECTION('',(1.224646799147E-16,0.,-1.));
#7938 = ORIENTED_EDGE('',*,*,#7939,.F.);
#7939 = EDGE_CURVE('',#7884,#7932,#7940,.T.);
#7940 = LINE('',#7941,#7942);
#7941 = CARTESIAN_POINT('',(-3.96526164787,4.236025424217,9.8));
#7942 = VECTOR('',#7943,1.);
#7943 = DIRECTION('',(-0.76096382253,-0.648794313169,-9.319119095285E-17
    ));
#7944 = ORIENTED_EDGE('',*,*,#7883,.F.);
#7945 = PLANE('',#7946);
#7946 = AXIS2_PLACEMENT_3D('',#7947,#7948,#7949);
#7947 = CARTESIAN_POINT('',(-4.170045729524,4.061427442459,11.1));
#7948 = DIRECTION('',(0.648794313169,-0.76096382253,7.945438789272E-17)
  );
#7949 = DIRECTION('',(0.76096382253,0.648794313169,9.319119095285E-17));
#7950 = ADVANCED_FACE('',(#7951),#7969,.F.);
#7951 = FACE_BOUND('',#7952,.F.);
#7952 = EDGE_LOOP('',(#7953,#7954,#7955,#7963));
#7953 = ORIENTED_EDGE('',*,*,#3709,.F.);
#7954 = ORIENTED_EDGE('',*,*,#7916,.T.);
#7955 = ORIENTED_EDGE('',*,*,#7956,.F.);
#7956 = EDGE_CURVE('',#7957,#7909,#7959,.T.);
#7957 = VERTEX_POINT('',#7958);
#7958 = CARTESIAN_POINT('',(-6.972792206136,3.838514613495,9.8));
#7959 = LINE('',#7960,#7961);
#7960 = CARTESIAN_POINT('',(-4.160800294713,1.401028067389,9.8));
#7961 = VECTOR('',#7962,1.);
#7962 = DIRECTION('',(-0.755632305838,0.654996044548,-9.253826846769E-17
    ));
#7963 = ORIENTED_EDGE('',*,*,#7964,.F.);
#7964 = EDGE_CURVE('',#3702,#7957,#7965,.T.);
#7965 = LINE('',#7966,#7967);
#7966 = CARTESIAN_POINT('',(-6.972792206136,3.838514613495,11.1));
#7967 = VECTOR('',#7968,1.);
#7968 = DIRECTION('',(1.224646799147E-16,0.,-1.));
#7969 = PLANE('',#7970);
#7970 = AXIS2_PLACEMENT_3D('',#7971,#7972,#7973);
#7971 = CARTESIAN_POINT('',(-7.229954270476,4.061427442459,11.1));
#7972 = DIRECTION('',(-0.654996044548,-0.755632305838,
    -8.021388094103E-17));
#7973 = DIRECTION('',(0.755632305838,-0.654996044548,9.253826846769E-17)
  );
#7974 = ADVANCED_FACE('',(#7975),#7993,.F.);
#7975 = FACE_BOUND('',#7976,.F.);
#7976 = EDGE_LOOP('',(#7977,#7978,#7986,#7992));
#7977 = ORIENTED_EDGE('',*,*,#3509,.F.);
#7978 = ORIENTED_EDGE('',*,*,#7979,.T.);
#7979 = EDGE_CURVE('',#3510,#7980,#7982,.T.);
#7980 = VERTEX_POINT('',#7981);
#7981 = CARTESIAN_POINT('',(-4.427207793864,3.838514613495,9.8));
#7982 = LINE('',#7983,#7984);
#7983 = CARTESIAN_POINT('',(-4.427207793864,3.838514613495,11.1));
#7984 = VECTOR('',#7985,1.);
#7985 = DIRECTION('',(1.224646799147E-16,0.,-1.));
#7986 = ORIENTED_EDGE('',*,*,#7987,.F.);
#7987 = EDGE_CURVE('',#7932,#7980,#7988,.T.);
#7988 = LINE('',#7989,#7990);
#7989 = CARTESIAN_POINT('',(-4.113193702188,4.110707830211,9.8));
#7990 = VECTOR('',#7991,1.);
#7991 = DIRECTION('',(-0.755632305838,-0.654996044548,
    -9.253826846769E-17));
#7992 = ORIENTED_EDGE('',*,*,#7931,.F.);
#7993 = PLANE('',#7994);
#7994 = AXIS2_PLACEMENT_3D('',#7995,#7996,#7997);
#7995 = CARTESIAN_POINT('',(-4.427207793864,3.838514613495,11.1));
#7996 = DIRECTION('',(0.654996044548,-0.755632305838,8.021388094103E-17)
  );
#7997 = DIRECTION('',(0.755632305838,0.654996044548,9.253826846769E-17)
  );
#7998 = ADVANCED_FACE('',(#7999),#8017,.F.);
#7999 = FACE_BOUND('',#8000,.F.);
#8000 = EDGE_LOOP('',(#8001,#8002,#8003,#8011));
#8001 = ORIENTED_EDGE('',*,*,#3701,.F.);
#8002 = ORIENTED_EDGE('',*,*,#7964,.T.);
#8003 = ORIENTED_EDGE('',*,*,#8004,.F.);
#8004 = EDGE_CURVE('',#8005,#7957,#8007,.T.);
#8005 = VERTEX_POINT('',#8006);
#8006 = CARTESIAN_POINT('',(-6.731911049698,3.621353302933,9.8));
#8007 = LINE('',#8008,#8009);
#8008 = CARTESIAN_POINT('',(-4.095037593516,1.244135823573,9.8));
#8009 = VECTOR('',#8010,1.);
#8010 = DIRECTION('',(-0.742729259608,0.669591850998,-9.095810104117E-17
    ));
#8011 = ORIENTED_EDGE('',*,*,#8012,.F.);
#8012 = EDGE_CURVE('',#3694,#8005,#8013,.T.);
#8013 = LINE('',#8014,#8015);
#8014 = CARTESIAN_POINT('',(-6.731911049698,3.621353302933,11.1));
#8015 = VECTOR('',#8016,1.);
#8016 = DIRECTION('',(1.224646799147E-16,0.,-1.));
#8017 = PLANE('',#8018);
#8018 = AXIS2_PLACEMENT_3D('',#8019,#8020,#8021);
#8019 = CARTESIAN_POINT('',(-6.972792206136,3.838514613495,11.1));
#8020 = DIRECTION('',(-0.669591850998,-0.742729259608,
    -8.200135170595E-17));
#8021 = DIRECTION('',(0.742729259608,-0.669591850998,9.095810104117E-17)
  );
#8022 = ADVANCED_FACE('',(#8023),#8041,.F.);
#8023 = FACE_BOUND('',#8024,.F.);
#8024 = EDGE_LOOP('',(#8025,#8026,#8034,#8040));
#8025 = ORIENTED_EDGE('',*,*,#3517,.F.);
#8026 = ORIENTED_EDGE('',*,*,#8027,.T.);
#8027 = EDGE_CURVE('',#3518,#8028,#8030,.T.);
#8028 = VERTEX_POINT('',#8029);
#8029 = CARTESIAN_POINT('',(-4.668088950302,3.621353302933,9.8));
#8030 = LINE('',#8031,#8032);
#8031 = CARTESIAN_POINT('',(-4.668088950302,3.621353302933,11.1));
#8032 = VECTOR('',#8033,1.);
#8033 = DIRECTION('',(1.224646799147E-16,0.,-1.));
#8034 = ORIENTED_EDGE('',*,*,#8035,.F.);
#8035 = EDGE_CURVE('',#7980,#8028,#8036,.T.);
#8036 = LINE('',#8037,#8038);
#8037 = CARTESIAN_POINT('',(-4.281016492161,3.970310288758,9.8));
#8038 = VECTOR('',#8039,1.);
#8039 = DIRECTION('',(-0.742729259608,-0.669591850998,
    -9.095810104117E-17));
#8040 = ORIENTED_EDGE('',*,*,#7979,.F.);
#8041 = PLANE('',#8042);
#8042 = AXIS2_PLACEMENT_3D('',#8043,#8044,#8045);
#8043 = CARTESIAN_POINT('',(-4.668088950302,3.621353302933,11.1));
#8044 = DIRECTION('',(0.669591850998,-0.742729259608,8.200135170595E-17)
  );
#8045 = DIRECTION('',(0.742729259608,0.669591850998,9.095810104117E-17)
  );
#8046 = ADVANCED_FACE('',(#8047),#8065,.F.);
#8047 = FACE_BOUND('',#8048,.F.);
#8048 = EDGE_LOOP('',(#8049,#8050,#8051,#8059));
#8049 = ORIENTED_EDGE('',*,*,#3693,.F.);
#8050 = ORIENTED_EDGE('',*,*,#8012,.T.);
#8051 = ORIENTED_EDGE('',*,*,#8052,.F.);
#8052 = EDGE_CURVE('',#8053,#8005,#8055,.T.);
#8053 = VERTEX_POINT('',#8054);
#8054 = CARTESIAN_POINT('',(-6.512164279063,3.410918225195,9.8));
#8055 = LINE('',#8056,#8057);
#8056 = CARTESIAN_POINT('',(-4.07161778302,1.073789037201,9.8));
#8057 = VECTOR('',#8058,1.);
#8058 = DIRECTION('',(-0.722243593415,0.691638772606,-8.844933048799E-17
    ));
#8059 = ORIENTED_EDGE('',*,*,#8060,.F.);
#8060 = EDGE_CURVE('',#3686,#8053,#8061,.T.);
#8061 = LINE('',#8062,#8063);
#8062 = CARTESIAN_POINT('',(-6.512164279063,3.410918225195,11.1));
#8063 = VECTOR('',#8064,1.);
#8064 = DIRECTION('',(1.224646799147E-16,0.,-1.));
#8065 = PLANE('',#8066);
#8066 = AXIS2_PLACEMENT_3D('',#8067,#8068,#8069);
#8067 = CARTESIAN_POINT('',(-6.731911049698,3.621353302933,11.1));
#8068 = DIRECTION('',(-0.691638772606,-0.722243593415,
    -8.470132090378E-17));
#8069 = DIRECTION('',(0.722243593415,-0.691638772606,8.844933048799E-17)
  );
#8070 = ADVANCED_FACE('',(#8071),#8089,.F.);
#8071 = FACE_BOUND('',#8072,.F.);
#8072 = EDGE_LOOP('',(#8073,#8074,#8082,#8088));
#8073 = ORIENTED_EDGE('',*,*,#3525,.F.);
#8074 = ORIENTED_EDGE('',*,*,#8075,.T.);
#8075 = EDGE_CURVE('',#3526,#8076,#8078,.T.);
#8076 = VERTEX_POINT('',#8077);
#8077 = CARTESIAN_POINT('',(-4.887835720937,3.410918225195,9.8));
#8078 = LINE('',#8079,#8080);
#8079 = CARTESIAN_POINT('',(-4.887835720937,3.410918225195,11.1));
#8080 = VECTOR('',#8081,1.);
#8081 = DIRECTION('',(1.224646799147E-16,0.,-1.));
#8082 = ORIENTED_EDGE('',*,*,#8083,.F.);
#8083 = EDGE_CURVE('',#8028,#8076,#8084,.T.);
#8084 = LINE('',#8085,#8086);
#8085 = CARTESIAN_POINT('',(-4.464931495395,3.815902031421,9.8));
#8086 = VECTOR('',#8087,1.);
#8087 = DIRECTION('',(-0.722243593415,-0.691638772606,
    -8.844933048799E-17));
#8088 = ORIENTED_EDGE('',*,*,#8027,.F.);
#8089 = PLANE('',#8090);
#8090 = AXIS2_PLACEMENT_3D('',#8091,#8092,#8093);
#8091 = CARTESIAN_POINT('',(-4.887835720937,3.410918225195,11.1));
#8092 = DIRECTION('',(0.691638772606,-0.722243593415,8.470132090378E-17)
  );
#8093 = DIRECTION('',(0.722243593415,0.691638772606,8.844933048799E-17)
  );
#8094 = ADVANCED_FACE('',(#8095),#8113,.F.);
#8095 = FACE_BOUND('',#8096,.F.);
#8096 = EDGE_LOOP('',(#8097,#8098,#8099,#8107));
#8097 = ORIENTED_EDGE('',*,*,#3685,.F.);
#8098 = ORIENTED_EDGE('',*,*,#8060,.T.);
#8099 = ORIENTED_EDGE('',*,*,#8100,.F.);
#8100 = EDGE_CURVE('',#8101,#8053,#8103,.T.);
#8101 = VERTEX_POINT('',#8102);
#8102 = CARTESIAN_POINT('',(-6.31733287679,3.208740903464,9.8));
#8103 = LINE('',#8104,#8105);
#8104 = CARTESIAN_POINT('',(-4.09220456433,0.899716395754,9.8));
#8105 = VECTOR('',#8106,1.);
#8106 = DIRECTION('',(-0.693904290126,0.720067244183,-8.497876678172E-17
    ));
#8107 = ORIENTED_EDGE('',*,*,#8108,.F.);
#8108 = EDGE_CURVE('',#3678,#8101,#8109,.T.);
#8109 = LINE('',#8110,#8111);
#8110 = CARTESIAN_POINT('',(-6.31733287679,3.208740903464,11.1));
#8111 = VECTOR('',#8112,1.);
#8112 = DIRECTION('',(1.224646799147E-16,0.,-1.));
#8113 = PLANE('',#8114);
#8114 = AXIS2_PLACEMENT_3D('',#8115,#8116,#8117);
#8115 = CARTESIAN_POINT('',(-6.512164279063,3.410918225195,11.1));
#8116 = DIRECTION('',(-0.720067244183,-0.693904290126,
    -8.818280457593E-17));
#8117 = DIRECTION('',(0.693904290126,-0.720067244183,8.497876678172E-17)
  );
#8118 = ADVANCED_FACE('',(#8119),#8137,.F.);
#8119 = FACE_BOUND('',#8120,.F.);
#8120 = EDGE_LOOP('',(#8121,#8122,#8130,#8136));
#8121 = ORIENTED_EDGE('',*,*,#3533,.F.);
#8122 = ORIENTED_EDGE('',*,*,#8123,.T.);
#8123 = EDGE_CURVE('',#3534,#8124,#8126,.T.);
#8124 = VERTEX_POINT('',#8125);
#8125 = CARTESIAN_POINT('',(-5.08266712321,3.208740903464,9.8));
#8126 = LINE('',#8127,#8128);
#8127 = CARTESIAN_POINT('',(-5.08266712321,3.208740903464,11.1));
#8128 = VECTOR('',#8129,1.);
#8129 = DIRECTION('',(1.224646799147E-16,0.,-1.));
#8130 = ORIENTED_EDGE('',*,*,#8131,.F.);
#8131 = EDGE_CURVE('',#8076,#8124,#8132,.T.);
#8132 = LINE('',#8133,#8134);
#8133 = CARTESIAN_POINT('',(-4.660643102833,3.646676909418,9.8));
#8134 = VECTOR('',#8135,1.);
#8135 = DIRECTION('',(-0.693904290126,-0.720067244183,
    -8.497876678172E-17));
#8136 = ORIENTED_EDGE('',*,*,#8075,.F.);
#8137 = PLANE('',#8138);
#8138 = AXIS2_PLACEMENT_3D('',#8139,#8140,#8141);
#8139 = CARTESIAN_POINT('',(-5.08266712321,3.208740903464,11.1));
#8140 = DIRECTION('',(0.720067244183,-0.693904290126,8.818280457593E-17)
  );
#8141 = DIRECTION('',(0.693904290126,0.720067244183,8.497876678172E-17)
  );
#8142 = ADVANCED_FACE('',(#8143),#8161,.F.);
#8143 = FACE_BOUND('',#8144,.F.);
#8144 = EDGE_LOOP('',(#8145,#8146,#8147,#8155));
#8145 = ORIENTED_EDGE('',*,*,#3677,.F.);
#8146 = ORIENTED_EDGE('',*,*,#8108,.T.);
#8147 = ORIENTED_EDGE('',*,*,#8148,.F.);
#8148 = EDGE_CURVE('',#8149,#8101,#8151,.T.);
#8149 = VERTEX_POINT('',#8150);
#8150 = CARTESIAN_POINT('',(-6.15,3.016875693931,9.8));
#8151 = LINE('',#8152,#8153);
#8152 = CARTESIAN_POINT('',(-4.1579907777,0.732822050911,9.8));
#8153 = VECTOR('',#8154,1.);
#8154 = DIRECTION('',(-0.657281974439,0.753644747927,-8.049382661337E-17
    ));
#8155 = ORIENTED_EDGE('',*,*,#8156,.F.);
#8156 = EDGE_CURVE('',#3670,#8149,#8157,.T.);
#8157 = LINE('',#8158,#8159);
#8158 = CARTESIAN_POINT('',(-6.15,3.016875693931,11.1));
#8159 = VECTOR('',#8160,1.);
#8160 = DIRECTION('',(1.224646799147E-16,0.,-1.));
#8161 = PLANE('',#8162);
#8162 = AXIS2_PLACEMENT_3D('',#8163,#8164,#8165);
#8163 = CARTESIAN_POINT('',(-6.31733287679,3.208740903464,11.1));
#8164 = DIRECTION('',(-0.753644747927,-0.657281974439,-9.22948628243E-17
    ));
#8165 = DIRECTION('',(0.657281974439,-0.753644747927,8.049382661337E-17)
  );
#8166 = ADVANCED_FACE('',(#8167),#8185,.F.);
#8167 = FACE_BOUND('',#8168,.F.);
#8168 = EDGE_LOOP('',(#8169,#8170,#8178,#8184));
#8169 = ORIENTED_EDGE('',*,*,#3541,.F.);
#8170 = ORIENTED_EDGE('',*,*,#8171,.T.);
#8171 = EDGE_CURVE('',#3542,#8172,#8174,.T.);
#8172 = VERTEX_POINT('',#8173);
#8173 = CARTESIAN_POINT('',(-5.25,3.016875693931,9.8));
#8174 = LINE('',#8175,#8176);
#8175 = CARTESIAN_POINT('',(-5.25,3.016875693931,11.1));
#8176 = VECTOR('',#8177,1.);
#8177 = DIRECTION('',(1.224646799147E-16,0.,-1.));
#8178 = ORIENTED_EDGE('',*,*,#8179,.F.);
#8179 = EDGE_CURVE('',#8124,#8172,#8180,.T.);
#8180 = LINE('',#8181,#8182);
#8181 = CARTESIAN_POINT('',(-4.863163975339,3.460424961418,9.8));
#8182 = VECTOR('',#8183,1.);
#8183 = DIRECTION('',(-0.657281974439,-0.753644747927,
    -8.049382661337E-17));
#8184 = ORIENTED_EDGE('',*,*,#8123,.F.);
#8185 = PLANE('',#8186);
#8186 = AXIS2_PLACEMENT_3D('',#8187,#8188,#8189);
#8187 = CARTESIAN_POINT('',(-5.25,3.016875693931,11.1));
#8188 = DIRECTION('',(0.753644747927,-0.657281974439,9.22948628243E-17)
  );
#8189 = DIRECTION('',(0.657281974439,0.753644747927,8.049382661337E-17)
  );
#8190 = ADVANCED_FACE('',(#8191),#8209,.F.);
#8191 = FACE_BOUND('',#8192,.F.);
#8192 = EDGE_LOOP('',(#8193,#8194,#8195,#8203));
#8193 = ORIENTED_EDGE('',*,*,#3669,.F.);
#8194 = ORIENTED_EDGE('',*,*,#8156,.T.);
#8195 = ORIENTED_EDGE('',*,*,#8196,.F.);
#8196 = EDGE_CURVE('',#8197,#8149,#8199,.T.);
#8197 = VERTEX_POINT('',#8198);
#8198 = CARTESIAN_POINT('',(-6.011472711228,2.837815553437,9.8));
#8199 = LINE('',#8200,#8201);
#8200 = CARTESIAN_POINT('',(-4.268621898033,0.5850095234,9.8));
#8201 = VECTOR('',#8202,1.);
#8202 = DIRECTION('',(-0.6118972053,0.790937298492,-7.493579538782E-17)
  );
#8203 = ORIENTED_EDGE('',*,*,#8204,.F.);
#8204 = EDGE_CURVE('',#3662,#8197,#8205,.T.);
#8205 = LINE('',#8206,#8207);
#8206 = CARTESIAN_POINT('',(-6.011472711228,2.837815553437,11.1));
#8207 = VECTOR('',#8208,1.);
#8208 = DIRECTION('',(1.224646799147E-16,0.,-1.));
#8209 = PLANE('',#8210);
#8210 = AXIS2_PLACEMENT_3D('',#8211,#8212,#8213);
#8211 = CARTESIAN_POINT('',(-6.15,3.016875693931,11.1));
#8212 = DIRECTION('',(-0.790937298492,-0.6118972053,-9.686188309244E-17)
  );
#8213 = DIRECTION('',(0.6118972053,-0.790937298492,7.493579538782E-17));
#8214 = ADVANCED_FACE('',(#8215),#8233,.F.);
#8215 = FACE_BOUND('',#8216,.F.);
#8216 = EDGE_LOOP('',(#8217,#8218,#8226,#8232));
#8217 = ORIENTED_EDGE('',*,*,#3549,.F.);
#8218 = ORIENTED_EDGE('',*,*,#8219,.T.);
#8219 = EDGE_CURVE('',#3550,#8220,#8222,.T.);
#8220 = VERTEX_POINT('',#8221);
#8221 = CARTESIAN_POINT('',(-5.388527288772,2.837815553437,9.8));
#8222 = LINE('',#8223,#8224);
#8223 = CARTESIAN_POINT('',(-5.388527288772,2.837815553437,11.1));
#8224 = VECTOR('',#8225,1.);
#8225 = DIRECTION('',(1.224646799147E-16,0.,-1.));
#8226 = ORIENTED_EDGE('',*,*,#8227,.F.);
#8227 = EDGE_CURVE('',#8172,#8220,#8228,.T.);
#8228 = LINE('',#8229,#8230);
#8229 = CARTESIAN_POINT('',(-5.066458064183,3.254121691489,9.8));
#8230 = VECTOR('',#8231,1.);
#8231 = DIRECTION('',(-0.6118972053,-0.790937298492,-7.493579538782E-17)
  );
#8232 = ORIENTED_EDGE('',*,*,#8171,.F.);
#8233 = PLANE('',#8234);
#8234 = AXIS2_PLACEMENT_3D('',#8235,#8236,#8237);
#8235 = CARTESIAN_POINT('',(-5.388527288772,2.837815553437,11.1));
#8236 = DIRECTION('',(0.790937298492,-0.6118972053,9.686188309244E-17));
#8237 = DIRECTION('',(0.6118972053,0.790937298492,7.493579538782E-17));
#8238 = ADVANCED_FACE('',(#8239),#8257,.F.);
#8239 = FACE_BOUND('',#8240,.F.);
#8240 = EDGE_LOOP('',(#8241,#8242,#8243,#8251));
#8241 = ORIENTED_EDGE('',*,*,#3661,.F.);
#8242 = ORIENTED_EDGE('',*,*,#8204,.T.);
#8243 = ORIENTED_EDGE('',*,*,#8244,.F.);
#8244 = EDGE_CURVE('',#8245,#8197,#8247,.T.);
#8245 = VERTEX_POINT('',#8246);
#8246 = CARTESIAN_POINT('',(-5.901753688126,2.674364783134,9.8));
#8247 = LINE('',#8248,#8249);
#8248 = CARTESIAN_POINT('',(-4.421200982552,0.468753820173,9.8));
#8249 = VECTOR('',#8250,1.);
#8250 = DIRECTION('',(-0.557341421115,0.830283409632,-6.825463874005E-17
    ));
#8251 = ORIENTED_EDGE('',*,*,#8252,.F.);
#8252 = EDGE_CURVE('',#3654,#8245,#8253,.T.);
#8253 = LINE('',#8254,#8255);
#8254 = CARTESIAN_POINT('',(-5.901753688126,2.674364783134,11.1));
#8255 = VECTOR('',#8256,1.);
#8256 = DIRECTION('',(1.224646799147E-16,0.,-1.));
#8257 = PLANE('',#8258);
#8258 = AXIS2_PLACEMENT_3D('',#8259,#8260,#8261);
#8259 = CARTESIAN_POINT('',(-6.011472711228,2.837815553437,11.1));
#8260 = DIRECTION('',(-0.830283409632,-0.557341421115,
    -1.016803919991E-16));
#8261 = DIRECTION('',(0.557341421115,-0.830283409632,6.825463874005E-17)
  );
#8262 = ADVANCED_FACE('',(#8263),#8281,.F.);
#8263 = FACE_BOUND('',#8264,.F.);
#8264 = EDGE_LOOP('',(#8265,#8266,#8274,#8280));
#8265 = ORIENTED_EDGE('',*,*,#3557,.F.);
#8266 = ORIENTED_EDGE('',*,*,#8267,.T.);
#8267 = EDGE_CURVE('',#3558,#8268,#8270,.T.);
#8268 = VERTEX_POINT('',#8269);
#8269 = CARTESIAN_POINT('',(-5.498246311874,2.674364783134,9.8));
#8270 = LINE('',#8271,#8272);
#8271 = CARTESIAN_POINT('',(-5.498246311874,2.674364783134,11.1));
#8272 = VECTOR('',#8273,1.);
#8273 = DIRECTION('',(1.224646799147E-16,0.,-1.));
#8274 = ORIENTED_EDGE('',*,*,#8275,.F.);
#8275 = EDGE_CURVE('',#8220,#8268,#8276,.T.);
#8276 = LINE('',#8277,#8278);
#8277 = CARTESIAN_POINT('',(-5.263070608764,3.024711047099,9.8));
#8278 = VECTOR('',#8279,1.);
#8279 = DIRECTION('',(-0.557341421115,-0.830283409632,
    -6.825463874005E-17));
#8280 = ORIENTED_EDGE('',*,*,#8219,.F.);
#8281 = PLANE('',#8282);
#8282 = AXIS2_PLACEMENT_3D('',#8283,#8284,#8285);
#8283 = CARTESIAN_POINT('',(-5.498246311874,2.674364783134,11.1));
#8284 = DIRECTION('',(0.830283409632,-0.557341421115,1.016803919991E-16)
  );
#8285 = DIRECTION('',(0.557341421115,0.830283409632,6.825463874005E-17)
  );
#8286 = ADVANCED_FACE('',(#8287),#8305,.F.);
#8287 = FACE_BOUND('',#8288,.F.);
#8288 = EDGE_LOOP('',(#8289,#8290,#8291,#8299));
#8289 = ORIENTED_EDGE('',*,*,#3653,.F.);
#8290 = ORIENTED_EDGE('',*,*,#8252,.T.);
#8291 = ORIENTED_EDGE('',*,*,#8292,.F.);
#8292 = EDGE_CURVE('',#8293,#8245,#8295,.T.);
#8293 = VERTEX_POINT('',#8294);
#8294 = CARTESIAN_POINT('',(-5.819563905246,2.52947918311,9.8));
#8295 = LINE('',#8296,#8297);
#8296 = CARTESIAN_POINT('',(-4.609470821524,0.396305735295,9.8));
#8297 = VECTOR('',#8298,1.);
#8298 = DIRECTION('',(-0.493412145544,0.869795639578,-6.042556047014E-17
    ));
#8299 = ORIENTED_EDGE('',*,*,#8300,.F.);
#8300 = EDGE_CURVE('',#3646,#8293,#8301,.T.);
#8301 = LINE('',#8302,#8303);
#8302 = CARTESIAN_POINT('',(-5.819563905246,2.52947918311,11.1));
#8303 = VECTOR('',#8304,1.);
#8304 = DIRECTION('',(1.224646799147E-16,0.,-1.));
#8305 = PLANE('',#8306);
#8306 = AXIS2_PLACEMENT_3D('',#8307,#8308,#8309);
#8307 = CARTESIAN_POINT('',(-5.901753688126,2.674364783134,11.1));
#8308 = DIRECTION('',(-0.869795639578,-0.493412145544,
    -1.065192445922E-16));
#8309 = DIRECTION('',(0.493412145544,-0.869795639578,6.042556047014E-17)
  );
#8310 = ADVANCED_FACE('',(#8311),#8329,.F.);
#8311 = FACE_BOUND('',#8312,.F.);
#8312 = EDGE_LOOP('',(#8313,#8314,#8322,#8328));
#8313 = ORIENTED_EDGE('',*,*,#3565,.F.);
#8314 = ORIENTED_EDGE('',*,*,#8315,.T.);
#8315 = EDGE_CURVE('',#3566,#8316,#8318,.T.);
#8316 = VERTEX_POINT('',#8317);
#8317 = CARTESIAN_POINT('',(-5.580436094754,2.52947918311,9.8));
#8318 = LINE('',#8319,#8320);
#8319 = CARTESIAN_POINT('',(-5.580436094754,2.52947918311,11.1));
#8320 = VECTOR('',#8321,1.);
#8321 = DIRECTION('',(1.224646799147E-16,0.,-1.));
#8322 = ORIENTED_EDGE('',*,*,#8323,.F.);
#8323 = EDGE_CURVE('',#8268,#8316,#8324,.T.);
#8324 = LINE('',#8325,#8326);
#8325 = CARTESIAN_POINT('',(-5.443927461302,2.770119011727,9.8));
#8326 = VECTOR('',#8327,1.);
#8327 = DIRECTION('',(-0.493412145544,-0.869795639578,
    -6.042556047014E-17));
#8328 = ORIENTED_EDGE('',*,*,#8267,.F.);
#8329 = PLANE('',#8330);
#8330 = AXIS2_PLACEMENT_3D('',#8331,#8332,#8333);
#8331 = CARTESIAN_POINT('',(-5.580436094754,2.52947918311,11.1));
#8332 = DIRECTION('',(0.869795639578,-0.493412145544,1.065192445922E-16)
  );
#8333 = DIRECTION('',(0.493412145544,0.869795639578,6.042556047014E-17)
  );
#8334 = ADVANCED_FACE('',(#8335),#8353,.F.);
#8335 = FACE_BOUND('',#8336,.F.);
#8336 = EDGE_LOOP('',(#8337,#8338,#8339,#8347));
#8337 = ORIENTED_EDGE('',*,*,#3645,.F.);
#8338 = ORIENTED_EDGE('',*,*,#8300,.T.);
#8339 = ORIENTED_EDGE('',*,*,#8340,.F.);
#8340 = EDGE_CURVE('',#8341,#8293,#8343,.T.);
#8341 = VERTEX_POINT('',#8342);
#8342 = CARTESIAN_POINT('',(-5.762415318709,2.406086430381,9.8));
#8343 = LINE('',#8344,#8345);
#8344 = CARTESIAN_POINT('',(-4.823344346405,0.378485061714,9.8));
#8345 = VECTOR('',#8346,1.);
#8346 = DIRECTION('',(-0.42025868162,0.907404342354,-5.1466844926E-17));
#8347 = ORIENTED_EDGE('',*,*,#8348,.F.);
#8348 = EDGE_CURVE('',#3638,#8341,#8349,.T.);
#8349 = LINE('',#8350,#8351);
#8350 = CARTESIAN_POINT('',(-5.762415318709,2.406086430381,11.1));
#8351 = VECTOR('',#8352,1.);
#8352 = DIRECTION('',(1.224646799147E-16,0.,-1.));
#8353 = PLANE('',#8354);
#8354 = AXIS2_PLACEMENT_3D('',#8355,#8356,#8357);
#8355 = CARTESIAN_POINT('',(-5.819563905246,2.52947918311,11.1));
#8356 = DIRECTION('',(-0.907404342354,-0.42025868162,-1.111249823396E-16
    ));
#8357 = DIRECTION('',(0.42025868162,-0.907404342354,5.1466844926E-17));
#8358 = ADVANCED_FACE('',(#8359),#8377,.F.);
#8359 = FACE_BOUND('',#8360,.F.);
#8360 = EDGE_LOOP('',(#8361,#8362,#8370,#8376));
#8361 = ORIENTED_EDGE('',*,*,#3573,.F.);
#8362 = ORIENTED_EDGE('',*,*,#8363,.T.);
#8363 = EDGE_CURVE('',#3574,#8364,#8366,.T.);
#8364 = VERTEX_POINT('',#8365);
#8365 = CARTESIAN_POINT('',(-5.637584681291,2.406086430381,9.8));
#8366 = LINE('',#8367,#8368);
#8367 = CARTESIAN_POINT('',(-5.637584681291,2.406086430381,11.1));
#8368 = VECTOR('',#8369,1.);
#8369 = DIRECTION('',(1.224646799147E-16,0.,-1.));
#8370 = ORIENTED_EDGE('',*,*,#8371,.F.);
#8371 = EDGE_CURVE('',#8316,#8364,#8372,.T.);
#8372 = LINE('',#8373,#8374);
#8373 = CARTESIAN_POINT('',(-5.598510997844,2.49045263525,9.8));
#8374 = VECTOR('',#8375,1.);
#8375 = DIRECTION('',(-0.42025868162,-0.907404342354,-5.1466844926E-17)
  );
#8376 = ORIENTED_EDGE('',*,*,#8315,.F.);
#8377 = PLANE('',#8378);
#8378 = AXIS2_PLACEMENT_3D('',#8379,#8380,#8381);
#8379 = CARTESIAN_POINT('',(-5.637584681291,2.406086430381,11.1));
#8380 = DIRECTION('',(0.907404342354,-0.42025868162,1.111249823396E-16)
  );
#8381 = DIRECTION('',(0.42025868162,0.907404342354,5.1466844926E-17));
#8382 = ADVANCED_FACE('',(#8383),#8401,.F.);
#8383 = FACE_BOUND('',#8384,.F.);
#8384 = EDGE_LOOP('',(#8385,#8386,#8387,#8395));
#8385 = ORIENTED_EDGE('',*,*,#3637,.F.);
#8386 = ORIENTED_EDGE('',*,*,#8348,.T.);
#8387 = ORIENTED_EDGE('',*,*,#8388,.F.);
#8388 = EDGE_CURVE('',#8389,#8341,#8391,.T.);
#8389 = VERTEX_POINT('',#8390);
#8390 = CARTESIAN_POINT('',(-5.726730659726,2.306900880515,9.8));
#8391 = LINE('',#8392,#8393);
#8392 = CARTESIAN_POINT('',(-5.048991747278,0.423124809429,9.8));
#8393 = VECTOR('',#8394,1.);
#8394 = DIRECTION('',(-0.338533530214,0.940954328818,-4.145840041802E-17
    ));
#8395 = ORIENTED_EDGE('',*,*,#8396,.F.);
#8396 = EDGE_CURVE('',#3630,#8389,#8397,.T.);
#8397 = LINE('',#8398,#8399);
#8398 = CARTESIAN_POINT('',(-5.726730659726,2.306900880515,11.1));
#8399 = VECTOR('',#8400,1.);
#8400 = DIRECTION('',(1.224646799147E-16,0.,-1.));
#8401 = PLANE('',#8402);
#8402 = AXIS2_PLACEMENT_3D('',#8403,#8404,#8405);
#8403 = CARTESIAN_POINT('',(-5.762415318709,2.406086430381,11.1));
#8404 = DIRECTION('',(-0.940954328818,-0.338533530214,
    -1.152336706931E-16));
#8405 = DIRECTION('',(0.338533530214,-0.940954328818,4.145840041802E-17)
  );
#8406 = ADVANCED_FACE('',(#8407),#8425,.F.);
#8407 = FACE_BOUND('',#8408,.F.);
#8408 = EDGE_LOOP('',(#8409,#8410,#8418,#8424));
#8409 = ORIENTED_EDGE('',*,*,#3581,.F.);
#8410 = ORIENTED_EDGE('',*,*,#8411,.T.);
#8411 = EDGE_CURVE('',#3582,#8412,#8414,.T.);
#8412 = VERTEX_POINT('',#8413);
#8413 = CARTESIAN_POINT('',(-5.673269340274,2.306900880515,9.8));
#8414 = LINE('',#8415,#8416);
#8415 = CARTESIAN_POINT('',(-5.673269340274,2.306900880515,11.1));
#8416 = VECTOR('',#8417,1.);
#8417 = DIRECTION('',(1.224646799147E-16,0.,-1.));
#8418 = ORIENTED_EDGE('',*,*,#8419,.F.);
#8419 = EDGE_CURVE('',#8364,#8412,#8420,.T.);
#8420 = LINE('',#8421,#8422);
#8421 = CARTESIAN_POINT('',(-5.715602361064,2.189236201512,9.8));
#8422 = VECTOR('',#8423,1.);
#8423 = DIRECTION('',(-0.338533530214,-0.940954328818,
    -4.145840041802E-17));
#8424 = ORIENTED_EDGE('',*,*,#8363,.F.);
#8425 = PLANE('',#8426);
#8426 = AXIS2_PLACEMENT_3D('',#8427,#8428,#8429);
#8427 = CARTESIAN_POINT('',(-5.673269340274,2.306900880515,11.1));
#8428 = DIRECTION('',(0.940954328818,-0.338533530214,1.152336706931E-16)
  );
#8429 = DIRECTION('',(0.338533530214,0.940954328818,4.145840041802E-17)
  );
#8430 = ADVANCED_FACE('',(#8431),#8449,.F.);
#8431 = FACE_BOUND('',#8432,.F.);
#8432 = EDGE_LOOP('',(#8433,#8434,#8435,#8443));
#8433 = ORIENTED_EDGE('',*,*,#3629,.F.);
#8434 = ORIENTED_EDGE('',*,*,#8396,.T.);
#8435 = ORIENTED_EDGE('',*,*,#8436,.F.);
#8436 = EDGE_CURVE('',#8437,#8389,#8439,.T.);
#8437 = VERTEX_POINT('',#8438);
#8438 = CARTESIAN_POINT('',(-5.708005629866,2.234247299685,9.8));
#8439 = LINE('',#8440,#8441);
#8440 = CARTESIAN_POINT('',(-5.269616498055,0.53328658238,9.8));
#8441 = VECTOR('',#8442,1.);
#8442 = DIRECTION('',(-0.24957458293,0.96835557909,-3.056407141337E-17)
  );
#8443 = ORIENTED_EDGE('',*,*,#8444,.F.);
#8444 = EDGE_CURVE('',#3622,#8437,#8445,.T.);
#8445 = LINE('',#8446,#8447);
#8446 = CARTESIAN_POINT('',(-5.708005629866,2.234247299685,11.1));
#8447 = VECTOR('',#8448,1.);
#8448 = DIRECTION('',(1.224646799147E-16,0.,-1.));
#8449 = PLANE('',#8450);
#8450 = AXIS2_PLACEMENT_3D('',#8451,#8452,#8453);
#8451 = CARTESIAN_POINT('',(-5.726730659726,2.306900880515,11.1));
#8452 = DIRECTION('',(-0.96835557909,-0.24957458293,-1.185893560369E-16)
  );
#8453 = DIRECTION('',(0.24957458293,-0.96835557909,3.056407141337E-17));
#8454 = ADVANCED_FACE('',(#8455),#8473,.F.);
#8455 = FACE_BOUND('',#8456,.F.);
#8456 = EDGE_LOOP('',(#8457,#8458,#8466,#8472));
#8457 = ORIENTED_EDGE('',*,*,#3589,.F.);
#8458 = ORIENTED_EDGE('',*,*,#8459,.T.);
#8459 = EDGE_CURVE('',#3590,#8460,#8462,.T.);
#8460 = VERTEX_POINT('',#8461);
#8461 = CARTESIAN_POINT('',(-5.691994370134,2.234247299685,9.8));
#8462 = LINE('',#8463,#8464);
#8463 = CARTESIAN_POINT('',(-5.691994370134,2.234247299685,11.1));
#8464 = VECTOR('',#8465,1.);
#8465 = DIRECTION('',(1.224646799147E-16,0.,-1.));
#8466 = ORIENTED_EDGE('',*,*,#8467,.F.);
#8467 = EDGE_CURVE('',#8412,#8460,#8468,.T.);
#8468 = LINE('',#8469,#8470);
#8469 = CARTESIAN_POINT('',(-5.784707423941,1.874518348707,9.8));
#8470 = VECTOR('',#8471,1.);
#8471 = DIRECTION('',(-0.24957458293,-0.96835557909,-3.056407141337E-17)
  );
#8472 = ORIENTED_EDGE('',*,*,#8411,.F.);
#8473 = PLANE('',#8474);
#8474 = AXIS2_PLACEMENT_3D('',#8475,#8476,#8477);
#8475 = CARTESIAN_POINT('',(-5.691994370134,2.234247299685,11.1));
#8476 = DIRECTION('',(0.96835557909,-0.24957458293,1.185893560369E-16));
#8477 = DIRECTION('',(0.24957458293,0.96835557909,3.056407141337E-17));
#8478 = ADVANCED_FACE('',(#8479),#8497,.F.);
#8479 = FACE_BOUND('',#8480,.F.);
#8480 = EDGE_LOOP('',(#8481,#8482,#8483,#8491));
#8481 = ORIENTED_EDGE('',*,*,#3621,.F.);
#8482 = ORIENTED_EDGE('',*,*,#8444,.T.);
#8483 = ORIENTED_EDGE('',*,*,#8484,.F.);
#8484 = EDGE_CURVE('',#8485,#8437,#8487,.T.);
#8485 = VERTEX_POINT('',#8486);
#8486 = CARTESIAN_POINT('',(-5.701007159107,2.189907245748,9.8));
#8487 = LINE('',#8488,#8489);
#8488 = CARTESIAN_POINT('',(-5.466597206538,0.704761376221,9.8));
#8489 = VECTOR('',#8490,1.);
#8490 = DIRECTION('',(-0.155906270297,0.98777185366,-1.909301148863E-17)
  );
#8491 = ORIENTED_EDGE('',*,*,#8492,.F.);
#8492 = EDGE_CURVE('',#3614,#8485,#8493,.T.);
#8493 = LINE('',#8494,#8495);
#8494 = CARTESIAN_POINT('',(-5.701007159107,2.189907245748,11.1));
#8495 = VECTOR('',#8496,1.);
#8496 = DIRECTION('',(1.224646799147E-16,0.,-1.));
#8497 = PLANE('',#8498);
#8498 = AXIS2_PLACEMENT_3D('',#8499,#8500,#8501);
#8499 = CARTESIAN_POINT('',(-5.708005629866,2.234247299685,11.1));
#8500 = DIRECTION('',(-0.98777185366,-0.155906270297,-1.209671638872E-16
    ));
#8501 = DIRECTION('',(0.155906270297,-0.98777185366,1.909301148863E-17)
  );
#8502 = ADVANCED_FACE('',(#8503),#8521,.F.);
#8503 = FACE_BOUND('',#8504,.F.);
#8504 = EDGE_LOOP('',(#8505,#8506,#8514,#8520));
#8505 = ORIENTED_EDGE('',*,*,#3597,.F.);
#8506 = ORIENTED_EDGE('',*,*,#8507,.T.);
#8507 = EDGE_CURVE('',#3598,#8508,#8510,.T.);
#8508 = VERTEX_POINT('',#8509);
#8509 = CARTESIAN_POINT('',(-5.698992840893,2.189907245748,9.8));
#8510 = LINE('',#8511,#8512);
#8511 = CARTESIAN_POINT('',(-5.698992840893,2.189907245748,11.1));
#8512 = VECTOR('',#8513,1.);
#8513 = DIRECTION('',(1.224646799147E-16,0.,-1.));
#8514 = ORIENTED_EDGE('',*,*,#8515,.F.);
#8515 = EDGE_CURVE('',#8460,#8508,#8516,.T.);
#8516 = LINE('',#8517,#8518);
#8517 = CARTESIAN_POINT('',(-5.798353467669,1.560390355221,9.8));
#8518 = VECTOR('',#8519,1.);
#8519 = DIRECTION('',(-0.155906270297,-0.98777185366,-1.909301148863E-17
    ));
#8520 = ORIENTED_EDGE('',*,*,#8459,.F.);
#8521 = PLANE('',#8522);
#8522 = AXIS2_PLACEMENT_3D('',#8523,#8524,#8525);
#8523 = CARTESIAN_POINT('',(-5.698992840893,2.189907245748,11.1));
#8524 = DIRECTION('',(0.98777185366,-0.155906270297,1.209671638872E-16)
  );
#8525 = DIRECTION('',(0.155906270297,0.98777185366,1.909301148863E-17));
#8526 = ADVANCED_FACE('',(#8527),#8545,.F.);
#8527 = FACE_BOUND('',#8528,.F.);
#8528 = EDGE_LOOP('',(#8529,#8530,#8531,#8539));
#8529 = ORIENTED_EDGE('',*,*,#3613,.F.);
#8530 = ORIENTED_EDGE('',*,*,#8492,.T.);
#8531 = ORIENTED_EDGE('',*,*,#8532,.F.);
#8532 = EDGE_CURVE('',#8533,#8485,#8535,.T.);
#8533 = VERTEX_POINT('',#8534);
#8534 = CARTESIAN_POINT('',(-5.7,2.175,9.8));
#8535 = LINE('',#8536,#8537);
#8536 = CARTESIAN_POINT('',(-5.614414107248,0.90821908414,9.8));
#8537 = VECTOR('',#8538,1.);
#8538 = DIRECTION('',(-6.740804648598E-02,0.997725490939,
    -8.255104836583E-18));
#8539 = ORIENTED_EDGE('',*,*,#8540,.F.);
#8540 = EDGE_CURVE('',#3606,#8533,#8541,.T.);
#8541 = LINE('',#8542,#8543);
#8542 = CARTESIAN_POINT('',(-5.7,2.175,11.1));
#8543 = VECTOR('',#8544,1.);
#8544 = DIRECTION('',(1.224646799147E-16,0.,-1.));
#8545 = PLANE('',#8546);
#8546 = AXIS2_PLACEMENT_3D('',#8547,#8548,#8549);
#8547 = CARTESIAN_POINT('',(-5.701007159107,2.189907245748,11.1));
#8548 = DIRECTION('',(-0.997725490939,-6.740804648598E-02,
    -1.221861328906E-16));
#8549 = DIRECTION('',(6.740804648598E-02,-0.997725490939,
    8.255104836583E-18));
#8550 = ADVANCED_FACE('',(#8551),#8562,.F.);
#8551 = FACE_BOUND('',#8552,.F.);
#8552 = EDGE_LOOP('',(#8553,#8554,#8555,#8561));
#8553 = ORIENTED_EDGE('',*,*,#3605,.F.);
#8554 = ORIENTED_EDGE('',*,*,#8540,.T.);
#8555 = ORIENTED_EDGE('',*,*,#8556,.F.);
#8556 = EDGE_CURVE('',#8508,#8533,#8557,.T.);
#8557 = LINE('',#8558,#8559);
#8558 = CARTESIAN_POINT('',(-5.760189557339,1.284117401024,9.8));
#8559 = VECTOR('',#8560,1.);
#8560 = DIRECTION('',(-6.740804648598E-02,-0.997725490939,
    -8.255104836583E-18));
#8561 = ORIENTED_EDGE('',*,*,#8507,.F.);
#8562 = PLANE('',#8563);
#8563 = AXIS2_PLACEMENT_3D('',#8564,#8565,#8566);
#8564 = CARTESIAN_POINT('',(-5.7,2.175,11.1));
#8565 = DIRECTION('',(0.997725490939,-6.740804648598E-02,
    1.221861328906E-16));
#8566 = DIRECTION('',(6.740804648598E-02,0.997725490939,
    8.255104836583E-18));
#8567 = ADVANCED_FACE('',(#8568),#8593,.F.);
#8568 = FACE_BOUND('',#8569,.F.);
#8569 = EDGE_LOOP('',(#8570,#8571,#8579,#8587));
#8570 = ORIENTED_EDGE('',*,*,#3989,.F.);
#8571 = ORIENTED_EDGE('',*,*,#8572,.T.);
#8572 = EDGE_CURVE('',#3990,#8573,#8575,.T.);
#8573 = VERTEX_POINT('',#8574);
#8574 = CARTESIAN_POINT('',(5.7,7.125,9.8));
#8575 = LINE('',#8576,#8577);
#8576 = CARTESIAN_POINT('',(5.7,7.125,11.1));
#8577 = VECTOR('',#8578,1.);
#8578 = DIRECTION('',(1.224646799147E-16,0.,-1.));
#8579 = ORIENTED_EDGE('',*,*,#8580,.F.);
#8580 = EDGE_CURVE('',#8581,#8573,#8583,.T.);
#8581 = VERTEX_POINT('',#8582);
#8582 = CARTESIAN_POINT('',(5.698992840893,7.144675194331,9.8));
#8583 = LINE('',#8584,#8585);
#8584 = CARTESIAN_POINT('',(5.874436762589,3.717318751844,9.8));
#8585 = VECTOR('',#8586,1.);
#8586 = DIRECTION('',(5.112234860387E-02,-0.998692397825,
    6.260682058263E-18));
#8587 = ORIENTED_EDGE('',*,*,#8588,.F.);
#8588 = EDGE_CURVE('',#3992,#8581,#8589,.T.);
#8589 = LINE('',#8590,#8591);
#8590 = CARTESIAN_POINT('',(5.698992840893,7.144675194331,11.1));
#8591 = VECTOR('',#8592,1.);
#8592 = DIRECTION('',(1.224646799147E-16,0.,-1.));
#8593 = PLANE('',#8594);
#8594 = AXIS2_PLACEMENT_3D('',#8595,#8596,#8597);
#8595 = CARTESIAN_POINT('',(5.7,7.125,11.1));
#8596 = DIRECTION('',(0.998692397825,5.112234860387E-02,
    1.223045448329E-16));
#8597 = DIRECTION('',(-5.112234860387E-02,0.998692397825,
    -6.260682058263E-18));
#8598 = ADVANCED_FACE('',(#8599),#8617,.F.);
#8599 = FACE_BOUND('',#8600,.F.);
#8600 = EDGE_LOOP('',(#8601,#8602,#8610,#8616));
#8601 = ORIENTED_EDGE('',*,*,#3999,.F.);
#8602 = ORIENTED_EDGE('',*,*,#8603,.T.);
#8603 = EDGE_CURVE('',#4000,#8604,#8606,.T.);
#8604 = VERTEX_POINT('',#8605);
#8605 = CARTESIAN_POINT('',(5.701007159107,7.144675194331,9.8));
#8606 = LINE('',#8607,#8608);
#8607 = CARTESIAN_POINT('',(5.701007159107,7.144675194331,11.1));
#8608 = VECTOR('',#8609,1.);
#8609 = DIRECTION('',(1.224646799147E-16,0.,-1.));
#8610 = ORIENTED_EDGE('',*,*,#8611,.F.);
#8611 = EDGE_CURVE('',#8573,#8604,#8612,.T.);
#8612 = LINE('',#8613,#8614);
#8613 = CARTESIAN_POINT('',(5.511169898162,3.436139993825,9.8));
#8614 = VECTOR('',#8615,1.);
#8615 = DIRECTION('',(5.112234860387E-02,0.998692397825,
    6.260682058263E-18));
#8616 = ORIENTED_EDGE('',*,*,#8572,.F.);
#8617 = PLANE('',#8618);
#8618 = AXIS2_PLACEMENT_3D('',#8619,#8620,#8621);
#8619 = CARTESIAN_POINT('',(5.701007159107,7.144675194331,11.1));
#8620 = DIRECTION('',(-0.998692397825,5.112234860387E-02,
    -1.223045448329E-16));
#8621 = DIRECTION('',(-5.112234860387E-02,-0.998692397825,
    -6.260682058263E-18));
#8622 = ADVANCED_FACE('',(#8623),#8641,.F.);
#8623 = FACE_BOUND('',#8624,.F.);
#8624 = EDGE_LOOP('',(#8625,#8626,#8627,#8635));
#8625 = ORIENTED_EDGE('',*,*,#4751,.F.);
#8626 = ORIENTED_EDGE('',*,*,#8588,.T.);
#8627 = ORIENTED_EDGE('',*,*,#8628,.F.);
#8628 = EDGE_CURVE('',#8629,#8581,#8631,.T.);
#8629 = VERTEX_POINT('',#8630);
#8630 = CARTESIAN_POINT('',(5.691994370134,7.202708159462,9.8));
#8631 = LINE('',#8632,#8633);
#8632 = CARTESIAN_POINT('',(6.082776103024,3.962254143084,9.8));
#8633 = VECTOR('',#8634,1.);
#8634 = DIRECTION('',(0.119727287156,-0.992806817417,1.466236389862E-17)
  );
#8635 = ORIENTED_EDGE('',*,*,#8636,.F.);
#8636 = EDGE_CURVE('',#4744,#8629,#8637,.T.);
#8637 = LINE('',#8638,#8639);
#8638 = CARTESIAN_POINT('',(5.691994370134,7.202708159462,11.1));
#8639 = VECTOR('',#8640,1.);
#8640 = DIRECTION('',(1.224646799147E-16,0.,-1.));
#8641 = PLANE('',#8642);
#8642 = AXIS2_PLACEMENT_3D('',#8643,#8644,#8645);
#8643 = CARTESIAN_POINT('',(5.698992840893,7.144675194331,11.1));
#8644 = DIRECTION('',(0.992806817417,0.119727287156,1.215837691122E-16)
  );
#8645 = DIRECTION('',(-0.119727287156,0.992806817417,-1.466236389862E-17
    ));
#8646 = ADVANCED_FACE('',(#8647),#8665,.F.);
#8647 = FACE_BOUND('',#8648,.F.);
#8648 = EDGE_LOOP('',(#8649,#8650,#8658,#8664));
#8649 = ORIENTED_EDGE('',*,*,#4007,.F.);
#8650 = ORIENTED_EDGE('',*,*,#8651,.T.);
#8651 = EDGE_CURVE('',#4008,#8652,#8654,.T.);
#8652 = VERTEX_POINT('',#8653);
#8653 = CARTESIAN_POINT('',(5.708005629866,7.202708159462,9.8));
#8654 = LINE('',#8655,#8656);
#8655 = CARTESIAN_POINT('',(5.708005629866,7.202708159462,11.1));
#8656 = VECTOR('',#8657,1.);
#8657 = DIRECTION('',(1.224646799147E-16,0.,-1.));
#8658 = ORIENTED_EDGE('',*,*,#8659,.F.);
#8659 = EDGE_CURVE('',#8604,#8652,#8660,.T.);
#8660 = LINE('',#8661,#8662);
#8661 = CARTESIAN_POINT('',(5.239015779604,3.313734044209,9.8));
#8662 = VECTOR('',#8663,1.);
#8663 = DIRECTION('',(0.119727287156,0.992806817417,1.466236389862E-17)
  );
#8664 = ORIENTED_EDGE('',*,*,#8603,.F.);
#8665 = PLANE('',#8666);
#8666 = AXIS2_PLACEMENT_3D('',#8667,#8668,#8669);
#8667 = CARTESIAN_POINT('',(5.708005629866,7.202708159462,11.1));
#8668 = DIRECTION('',(-0.992806817417,0.119727287156,-1.215837691122E-16
    ));
#8669 = DIRECTION('',(-0.119727287156,-0.992806817417,
    -1.466236389862E-17));
#8670 = ADVANCED_FACE('',(#8671),#8689,.F.);
#8671 = FACE_BOUND('',#8672,.F.);
#8672 = EDGE_LOOP('',(#8673,#8674,#8675,#8683));
#8673 = ORIENTED_EDGE('',*,*,#4743,.F.);
#8674 = ORIENTED_EDGE('',*,*,#8636,.T.);
#8675 = ORIENTED_EDGE('',*,*,#8676,.F.);
#8676 = EDGE_CURVE('',#8677,#8629,#8679,.T.);
#8677 = VERTEX_POINT('',#8678);
#8678 = CARTESIAN_POINT('',(5.673269340274,7.296172119801,9.8));
#8679 = LINE('',#8680,#8681);
#8680 = CARTESIAN_POINT('',(6.275840039201,4.288505679413,9.8));
#8681 = VECTOR('',#8682,1.);
#8682 = DIRECTION('',(0.196441318168,-0.980515583005,2.405712315149E-17)
  );
#8683 = ORIENTED_EDGE('',*,*,#8684,.F.);
#8684 = EDGE_CURVE('',#4736,#8677,#8685,.T.);
#8685 = LINE('',#8686,#8687);
#8686 = CARTESIAN_POINT('',(5.673269340274,7.296172119801,11.1));
#8687 = VECTOR('',#8688,1.);
#8688 = DIRECTION('',(1.224646799147E-16,0.,-1.));
#8689 = PLANE('',#8690);
#8690 = AXIS2_PLACEMENT_3D('',#8691,#8692,#8693);
#8691 = CARTESIAN_POINT('',(5.691994370134,7.202708159462,11.1));
#8692 = DIRECTION('',(0.980515583005,0.196441318168,1.200785270242E-16)
  );
#8693 = DIRECTION('',(-0.196441318168,0.980515583005,-2.405712315149E-17
    ));
#8694 = ADVANCED_FACE('',(#8695),#8713,.F.);
#8695 = FACE_BOUND('',#8696,.F.);
#8696 = EDGE_LOOP('',(#8697,#8698,#8706,#8712));
#8697 = ORIENTED_EDGE('',*,*,#4015,.F.);
#8698 = ORIENTED_EDGE('',*,*,#8699,.T.);
#8699 = EDGE_CURVE('',#4016,#8700,#8702,.T.);
#8700 = VERTEX_POINT('',#8701);
#8701 = CARTESIAN_POINT('',(5.726730659726,7.296172119801,9.8));
#8702 = LINE('',#8703,#8704);
#8703 = CARTESIAN_POINT('',(5.726730659726,7.296172119801,11.1));
#8704 = VECTOR('',#8705,1.);
#8705 = DIRECTION('',(1.224646799147E-16,0.,-1.));
#8706 = ORIENTED_EDGE('',*,*,#8707,.F.);
#8707 = EDGE_CURVE('',#8652,#8700,#8708,.T.);
#8708 = LINE('',#8709,#8710);
#8709 = CARTESIAN_POINT('',(4.913564084273,3.237339150006,9.8));
#8710 = VECTOR('',#8711,1.);
#8711 = DIRECTION('',(0.196441318168,0.980515583005,2.405712315149E-17)
  );
#8712 = ORIENTED_EDGE('',*,*,#8651,.F.);
#8713 = PLANE('',#8714);
#8714 = AXIS2_PLACEMENT_3D('',#8715,#8716,#8717);
#8715 = CARTESIAN_POINT('',(5.726730659726,7.296172119801,11.1));
#8716 = DIRECTION('',(-0.980515583005,0.196441318168,-1.200785270242E-16
    ));
#8717 = DIRECTION('',(-0.196441318168,-0.980515583005,
    -2.405712315149E-17));
#8718 = ADVANCED_FACE('',(#8719),#8737,.F.);
#8719 = FACE_BOUND('',#8720,.F.);
#8720 = EDGE_LOOP('',(#8721,#8722,#8723,#8731));
#8721 = ORIENTED_EDGE('',*,*,#4735,.F.);
#8722 = ORIENTED_EDGE('',*,*,#8684,.T.);
#8723 = ORIENTED_EDGE('',*,*,#8724,.F.);
#8724 = EDGE_CURVE('',#8725,#8677,#8727,.T.);
#8725 = VERTEX_POINT('',#8726);
#8726 = CARTESIAN_POINT('',(5.637584681291,7.420356411104,9.8));
#8727 = LINE('',#8728,#8729);
#8728 = CARTESIAN_POINT('',(6.42523955124,4.679280424851,9.8));
#8729 = VECTOR('',#8730,1.);
#8730 = DIRECTION('',(0.276176427855,-0.961106955909,3.382185783732E-17)
  );
#8731 = ORIENTED_EDGE('',*,*,#8732,.F.);
#8732 = EDGE_CURVE('',#4728,#8725,#8733,.T.);
#8733 = LINE('',#8734,#8735);
#8734 = CARTESIAN_POINT('',(5.637584681291,7.420356411104,11.1));
#8735 = VECTOR('',#8736,1.);
#8736 = DIRECTION('',(1.224646799147E-16,0.,-1.));
#8737 = PLANE('',#8738);
#8738 = AXIS2_PLACEMENT_3D('',#8739,#8740,#8741);
#8739 = CARTESIAN_POINT('',(5.673269340274,7.296172119801,11.1));
#8740 = DIRECTION('',(0.961106955909,0.276176427855,1.177016557192E-16)
  );
#8741 = DIRECTION('',(-0.276176427855,0.961106955909,-3.382185783732E-17
    ));
#8742 = ADVANCED_FACE('',(#8743),#8761,.F.);
#8743 = FACE_BOUND('',#8744,.F.);
#8744 = EDGE_LOOP('',(#8745,#8746,#8754,#8760));
#8745 = ORIENTED_EDGE('',*,*,#4023,.F.);
#8746 = ORIENTED_EDGE('',*,*,#8747,.T.);
#8747 = EDGE_CURVE('',#4024,#8748,#8750,.T.);
#8748 = VERTEX_POINT('',#8749);
#8749 = CARTESIAN_POINT('',(5.762415318709,7.420356411104,9.8));
#8750 = LINE('',#8751,#8752);
#8751 = CARTESIAN_POINT('',(5.762415318709,7.420356411104,11.1));
#8752 = VECTOR('',#8753,1.);
#8753 = DIRECTION('',(1.224646799147E-16,0.,-1.));
#8754 = ORIENTED_EDGE('',*,*,#8755,.F.);
#8755 = EDGE_CURVE('',#8700,#8748,#8756,.T.);
#8756 = LINE('',#8757,#8758);
#8757 = CARTESIAN_POINT('',(4.557844288224,3.228392581043,9.8));
#8758 = VECTOR('',#8759,1.);
#8759 = DIRECTION('',(0.276176427856,0.961106955909,3.382185783732E-17)
  );
#8760 = ORIENTED_EDGE('',*,*,#8699,.F.);
#8761 = PLANE('',#8762);
#8762 = AXIS2_PLACEMENT_3D('',#8763,#8764,#8765);
#8763 = CARTESIAN_POINT('',(5.762415318709,7.420356411104,11.1));
#8764 = DIRECTION('',(-0.961106955909,0.276176427856,-1.177016557192E-16
    ));
#8765 = DIRECTION('',(-0.276176427856,-0.961106955909,
    -3.382185783732E-17));
#8766 = ADVANCED_FACE('',(#8767),#8785,.F.);
#8767 = FACE_BOUND('',#8768,.F.);
#8768 = EDGE_LOOP('',(#8769,#8770,#8771,#8779));
#8769 = ORIENTED_EDGE('',*,*,#4727,.F.);
#8770 = ORIENTED_EDGE('',*,*,#8732,.T.);
#8771 = ORIENTED_EDGE('',*,*,#8772,.F.);
#8772 = EDGE_CURVE('',#8773,#8725,#8775,.T.);
#8773 = VERTEX_POINT('',#8774);
#8774 = CARTESIAN_POINT('',(5.580436094754,7.569007230939,9.8));
#8775 = LINE('',#8776,#8777);
#8776 = CARTESIAN_POINT('',(6.517313334072,5.132069099179,9.8));
#8777 = VECTOR('',#8778,1.);
#8778 = DIRECTION('',(0.358843389204,-0.933397783383,4.394564079841E-17)
  );
#8779 = ORIENTED_EDGE('',*,*,#8780,.F.);
#8780 = EDGE_CURVE('',#4720,#8773,#8781,.T.);
#8781 = LINE('',#8782,#8783);
#8782 = CARTESIAN_POINT('',(5.580436094754,7.569007230939,11.1));
#8783 = VECTOR('',#8784,1.);
#8784 = DIRECTION('',(1.224646799147E-16,0.,-1.));
#8785 = PLANE('',#8786);
#8786 = AXIS2_PLACEMENT_3D('',#8787,#8788,#8789);
#8787 = CARTESIAN_POINT('',(5.637584681291,7.420356411104,11.1));
#8788 = DIRECTION('',(0.933397783383,0.358843389204,1.143082607751E-16)
  );
#8789 = DIRECTION('',(-0.358843389204,0.933397783383,-4.394564079841E-17
    ));
#8790 = ADVANCED_FACE('',(#8791),#8809,.F.);
#8791 = FACE_BOUND('',#8792,.F.);
#8792 = EDGE_LOOP('',(#8793,#8794,#8802,#8808));
#8793 = ORIENTED_EDGE('',*,*,#4031,.F.);
#8794 = ORIENTED_EDGE('',*,*,#8795,.T.);
#8795 = EDGE_CURVE('',#4032,#8796,#8798,.T.);
#8796 = VERTEX_POINT('',#8797);
#8797 = CARTESIAN_POINT('',(5.819563905246,7.569007230939,9.8));
#8798 = LINE('',#8799,#8800);
#8799 = CARTESIAN_POINT('',(5.819563905246,7.569007230939,11.1));
#8800 = VECTOR('',#8801,1.);
#8801 = DIRECTION('',(1.224646799147E-16,0.,-1.));
#8802 = ORIENTED_EDGE('',*,*,#8803,.F.);
#8803 = EDGE_CURVE('',#8748,#8796,#8804,.T.);
#8804 = LINE('',#8805,#8806);
#8805 = CARTESIAN_POINT('',(4.177280064736,3.297215851927,9.8));
#8806 = VECTOR('',#8807,1.);
#8807 = DIRECTION('',(0.358843389204,0.933397783383,4.394564079841E-17)
  );
#8808 = ORIENTED_EDGE('',*,*,#8747,.F.);
#8809 = PLANE('',#8810);
#8810 = AXIS2_PLACEMENT_3D('',#8811,#8812,#8813);
#8811 = CARTESIAN_POINT('',(5.819563905246,7.569007230939,11.1));
#8812 = DIRECTION('',(-0.933397783383,0.358843389204,-1.143082607751E-16
    ));
#8813 = DIRECTION('',(-0.358843389204,-0.933397783383,
    -4.394564079841E-17));
#8814 = ADVANCED_FACE('',(#8815),#8833,.F.);
#8815 = FACE_BOUND('',#8816,.F.);
#8816 = EDGE_LOOP('',(#8817,#8818,#8819,#8827));
#8817 = ORIENTED_EDGE('',*,*,#4719,.F.);
#8818 = ORIENTED_EDGE('',*,*,#8780,.T.);
#8819 = ORIENTED_EDGE('',*,*,#8820,.F.);
#8820 = EDGE_CURVE('',#8821,#8773,#8823,.T.);
#8821 = VERTEX_POINT('',#8822);
#8822 = CARTESIAN_POINT('',(5.498246311874,7.734644959196,9.8));
#8823 = LINE('',#8824,#8825);
#8824 = CARTESIAN_POINT('',(6.536033157709,5.643184810042,9.8));
#8825 = VECTOR('',#8826,1.);
#8826 = DIRECTION('',(0.444489822093,-0.895783901427,5.443430378794E-17)
  );
#8827 = ORIENTED_EDGE('',*,*,#8828,.F.);
#8828 = EDGE_CURVE('',#4712,#8821,#8829,.T.);
#8829 = LINE('',#8830,#8831);
#8830 = CARTESIAN_POINT('',(5.498246311874,7.734644959196,11.1));
#8831 = VECTOR('',#8832,1.);
#8832 = DIRECTION('',(1.224646799147E-16,0.,-1.));
#8833 = PLANE('',#8834);
#8834 = AXIS2_PLACEMENT_3D('',#8835,#8836,#8837);
#8835 = CARTESIAN_POINT('',(5.580436094754,7.569007230939,11.1));
#8836 = DIRECTION('',(0.895783901427,0.444489822093,1.09701888761E-16));
#8837 = DIRECTION('',(-0.444489822093,0.895783901427,-5.443430378794E-17
    ));
#8838 = ADVANCED_FACE('',(#8839),#8857,.F.);
#8839 = FACE_BOUND('',#8840,.F.);
#8840 = EDGE_LOOP('',(#8841,#8842,#8850,#8856));
#8841 = ORIENTED_EDGE('',*,*,#4039,.F.);
#8842 = ORIENTED_EDGE('',*,*,#8843,.T.);
#8843 = EDGE_CURVE('',#4040,#8844,#8846,.T.);
#8844 = VERTEX_POINT('',#8845);
#8845 = CARTESIAN_POINT('',(5.901753688126,7.734644959196,9.8));
#8846 = LINE('',#8847,#8848);
#8847 = CARTESIAN_POINT('',(5.901753688126,7.734644959196,11.1));
#8848 = VECTOR('',#8849,1.);
#8849 = DIRECTION('',(1.224646799147E-16,0.,-1.));
#8850 = ORIENTED_EDGE('',*,*,#8851,.F.);
#8851 = EDGE_CURVE('',#8796,#8844,#8852,.T.);
#8852 = LINE('',#8853,#8854);
#8853 = CARTESIAN_POINT('',(3.77890588265,3.456452760392,9.8));
#8854 = VECTOR('',#8855,1.);
#8855 = DIRECTION('',(0.444489822093,0.895783901427,5.443430378794E-17)
  );
#8856 = ORIENTED_EDGE('',*,*,#8795,.F.);
#8857 = PLANE('',#8858);
#8858 = AXIS2_PLACEMENT_3D('',#8859,#8860,#8861);
#8859 = CARTESIAN_POINT('',(5.901753688126,7.734644959196,11.1));
#8860 = DIRECTION('',(-0.895783901427,0.444489822093,-1.09701888761E-16)
  );
#8861 = DIRECTION('',(-0.444489822093,-0.895783901427,
    -5.443430378794E-17));
#8862 = ADVANCED_FACE('',(#8863),#8881,.F.);
#8863 = FACE_BOUND('',#8864,.F.);
#8864 = EDGE_LOOP('',(#8865,#8866,#8867,#8875));
#8865 = ORIENTED_EDGE('',*,*,#4711,.F.);
#8866 = ORIENTED_EDGE('',*,*,#8828,.T.);
#8867 = ORIENTED_EDGE('',*,*,#8868,.F.);
#8868 = EDGE_CURVE('',#8869,#8821,#8871,.T.);
#8869 = VERTEX_POINT('',#8870);
#8870 = CARTESIAN_POINT('',(5.388527288772,7.908939801589,9.8));
#8871 = LINE('',#8872,#8873);
#8872 = CARTESIAN_POINT('',(6.461585491819,6.204326462086,9.8));
#8873 = VECTOR('',#8874,1.);
#8874 = DIRECTION('',(0.532736167676,-0.846281380895,6.52413642534E-17)
  );
#8875 = ORIENTED_EDGE('',*,*,#8876,.F.);
#8876 = EDGE_CURVE('',#4704,#8869,#8877,.T.);
#8877 = LINE('',#8878,#8879);
#8878 = CARTESIAN_POINT('',(5.388527288772,7.908939801589,11.1));
#8879 = VECTOR('',#8880,1.);
#8880 = DIRECTION('',(1.224646799147E-16,0.,-1.));
#8881 = PLANE('',#8882);
#8882 = AXIS2_PLACEMENT_3D('',#8883,#8884,#8885);
#8883 = CARTESIAN_POINT('',(5.498246311874,7.734644959196,11.1));
#8884 = DIRECTION('',(0.846281380895,0.532736167676,1.036395784292E-16)
  );
#8885 = DIRECTION('',(-0.532736167676,0.846281380895,-6.52413642534E-17)
  );
#8886 = ADVANCED_FACE('',(#8887),#8905,.F.);
#8887 = FACE_BOUND('',#8888,.F.);
#8888 = EDGE_LOOP('',(#8889,#8890,#8898,#8904));
#8889 = ORIENTED_EDGE('',*,*,#4047,.F.);
#8890 = ORIENTED_EDGE('',*,*,#8891,.T.);
#8891 = EDGE_CURVE('',#4048,#8892,#8894,.T.);
#8892 = VERTEX_POINT('',#8893);
#8893 = CARTESIAN_POINT('',(6.011472711228,7.908939801589,9.8));
#8894 = LINE('',#8895,#8896);
#8895 = CARTESIAN_POINT('',(6.011472711228,7.908939801589,11.1));
#8896 = VECTOR('',#8897,1.);
#8897 = DIRECTION('',(1.224646799147E-16,0.,-1.));
#8898 = ORIENTED_EDGE('',*,*,#8899,.F.);
#8899 = EDGE_CURVE('',#8844,#8892,#8900,.T.);
#8900 = LINE('',#8901,#8902);
#8901 = CARTESIAN_POINT('',(3.375569420939,3.721659095371,9.8));
#8902 = VECTOR('',#8903,1.);
#8903 = DIRECTION('',(0.532736167676,0.846281380895,6.52413642534E-17));
#8904 = ORIENTED_EDGE('',*,*,#8843,.F.);
#8905 = PLANE('',#8906);
#8906 = AXIS2_PLACEMENT_3D('',#8907,#8908,#8909);
#8907 = CARTESIAN_POINT('',(6.011472711228,7.908939801589,11.1));
#8908 = DIRECTION('',(-0.846281380895,0.532736167676,-1.036395784292E-16
    ));
#8909 = DIRECTION('',(-0.532736167676,-0.846281380895,-6.52413642534E-17
    ));
#8910 = ADVANCED_FACE('',(#8911),#8929,.F.);
#8911 = FACE_BOUND('',#8912,.F.);
#8912 = EDGE_LOOP('',(#8913,#8914,#8915,#8923));
#8913 = ORIENTED_EDGE('',*,*,#4703,.F.);
#8914 = ORIENTED_EDGE('',*,*,#8876,.T.);
#8915 = ORIENTED_EDGE('',*,*,#8916,.F.);
#8916 = EDGE_CURVE('',#8917,#8869,#8919,.T.);
#8917 = VERTEX_POINT('',#8918);
#8918 = CARTESIAN_POINT('',(5.25,8.083124306069,9.8));
#8919 = LINE('',#8920,#8921);
#8920 = CARTESIAN_POINT('',(6.271147253209,6.799131600525,9.8));
#8921 = VECTOR('',#8922,1.);
#8922 = DIRECTION('',(0.622444946473,-0.782663585847,7.622752113431E-17)
  );
#8923 = ORIENTED_EDGE('',*,*,#8924,.F.);
#8924 = EDGE_CURVE('',#4696,#8917,#8925,.T.);
#8925 = LINE('',#8926,#8927);
#8926 = CARTESIAN_POINT('',(5.25,8.083124306069,11.1));
#8927 = VECTOR('',#8928,1.);
#8928 = DIRECTION('',(1.224646799147E-16,0.,-1.));
#8929 = PLANE('',#8930);
#8930 = AXIS2_PLACEMENT_3D('',#8931,#8932,#8933);
#8931 = CARTESIAN_POINT('',(5.388527288772,7.908939801589,11.1));
#8932 = DIRECTION('',(0.782663585847,0.622444946473,9.584864552166E-17)
  );
#8933 = DIRECTION('',(-0.622444946473,0.782663585847,-7.622752113431E-17
    ));
#8934 = ADVANCED_FACE('',(#8935),#8953,.F.);
#8935 = FACE_BOUND('',#8936,.F.);
#8936 = EDGE_LOOP('',(#8937,#8938,#8946,#8952));
#8937 = ORIENTED_EDGE('',*,*,#4055,.F.);
#8938 = ORIENTED_EDGE('',*,*,#8939,.T.);
#8939 = EDGE_CURVE('',#4056,#8940,#8942,.T.);
#8940 = VERTEX_POINT('',#8941);
#8941 = CARTESIAN_POINT('',(6.15,8.083124306069,9.8));
#8942 = LINE('',#8943,#8944);
#8943 = CARTESIAN_POINT('',(6.15,8.083124306069,11.1));
#8944 = VECTOR('',#8945,1.);
#8945 = DIRECTION('',(1.224646799147E-16,0.,-1.));
#8946 = ORIENTED_EDGE('',*,*,#8947,.F.);
#8947 = EDGE_CURVE('',#8892,#8940,#8948,.T.);
#8948 = LINE('',#8949,#8950);
#8949 = CARTESIAN_POINT('',(2.989721436259,4.109383388113,9.8));
#8950 = VECTOR('',#8951,1.);
#8951 = DIRECTION('',(0.622444946473,0.782663585847,7.622752113431E-17)
  );
#8952 = ORIENTED_EDGE('',*,*,#8891,.F.);
#8953 = PLANE('',#8954);
#8954 = AXIS2_PLACEMENT_3D('',#8955,#8956,#8957);
#8955 = CARTESIAN_POINT('',(6.15,8.083124306069,11.1));
#8956 = DIRECTION('',(-0.782663585847,0.622444946473,-9.584864552166E-17
    ));
#8957 = DIRECTION('',(-0.622444946473,-0.782663585847,
    -7.622752113431E-17));
#8958 = ADVANCED_FACE('',(#8959),#8977,.F.);
#8959 = FACE_BOUND('',#8960,.F.);
#8960 = EDGE_LOOP('',(#8961,#8962,#8963,#8971));
#8961 = ORIENTED_EDGE('',*,*,#4695,.F.);
#8962 = ORIENTED_EDGE('',*,*,#8924,.T.);
#8963 = ORIENTED_EDGE('',*,*,#8964,.F.);
#8964 = EDGE_CURVE('',#8965,#8917,#8967,.T.);
#8965 = VERTEX_POINT('',#8966);
#8966 = CARTESIAN_POINT('',(5.08266712321,8.248419425248,9.8));
#8967 = LINE('',#8968,#8969);
#8968 = CARTESIAN_POINT('',(5.942048633243,7.399503349423,9.8));
#8969 = VECTOR('',#8970,1.);
#8970 = DIRECTION('',(0.711425334177,-0.702761690683,8.712447583323E-17)
  );
#8971 = ORIENTED_EDGE('',*,*,#8972,.F.);
#8972 = EDGE_CURVE('',#4688,#8965,#8973,.T.);
#8973 = LINE('',#8974,#8975);
#8974 = CARTESIAN_POINT('',(5.08266712321,8.248419425248,11.1));
#8975 = VECTOR('',#8976,1.);
#8976 = DIRECTION('',(1.224646799147E-16,0.,-1.));
#8977 = PLANE('',#8978);
#8978 = AXIS2_PLACEMENT_3D('',#8979,#8980,#8981);
#8979 = CARTESIAN_POINT('',(5.25,8.083124306069,11.1));
#8980 = DIRECTION('',(0.702761690683,0.711425334177,8.606348550578E-17)
  );
#8981 = DIRECTION('',(-0.711425334177,0.702761690683,-8.712447583323E-17
    ));
#8982 = ADVANCED_FACE('',(#8983),#9001,.F.);
#8983 = FACE_BOUND('',#8984,.F.);
#8984 = EDGE_LOOP('',(#8985,#8986,#8994,#9000));
#8985 = ORIENTED_EDGE('',*,*,#4063,.F.);
#8986 = ORIENTED_EDGE('',*,*,#8987,.T.);
#8987 = EDGE_CURVE('',#4064,#8988,#8990,.T.);
#8988 = VERTEX_POINT('',#8989);
#8989 = CARTESIAN_POINT('',(6.31733287679,8.248419425248,9.8));
#8990 = LINE('',#8991,#8992);
#8991 = CARTESIAN_POINT('',(6.31733287679,8.248419425248,11.1));
#8992 = VECTOR('',#8993,1.);
#8993 = DIRECTION('',(1.224646799147E-16,0.,-1.));
#8994 = ORIENTED_EDGE('',*,*,#8995,.F.);
#8995 = EDGE_CURVE('',#8940,#8988,#8996,.T.);
#8996 = LINE('',#8997,#8998);
#8997 = CARTESIAN_POINT('',(2.656699570331,4.632364826361,9.8));
#8998 = VECTOR('',#8999,1.);
#8999 = DIRECTION('',(0.711425334177,0.702761690683,8.712447583323E-17)
  );
#9000 = ORIENTED_EDGE('',*,*,#8939,.F.);
#9001 = PLANE('',#9002);
#9002 = AXIS2_PLACEMENT_3D('',#9003,#9004,#9005);
#9003 = CARTESIAN_POINT('',(6.31733287679,8.248419425248,11.1));
#9004 = DIRECTION('',(-0.702761690683,0.711425334177,-8.606348550578E-17
    ));
#9005 = DIRECTION('',(-0.711425334177,-0.702761690683,
    -8.712447583323E-17));
#9006 = ADVANCED_FACE('',(#9007),#9025,.F.);
#9007 = FACE_BOUND('',#9008,.F.);
#9008 = EDGE_LOOP('',(#9009,#9010,#9011,#9019));
#9009 = ORIENTED_EDGE('',*,*,#4687,.F.);
#9010 = ORIENTED_EDGE('',*,*,#8972,.T.);
#9011 = ORIENTED_EDGE('',*,*,#9012,.F.);
#9012 = EDGE_CURVE('',#9013,#8965,#9015,.T.);
#9013 = VERTEX_POINT('',#9014);
#9014 = CARTESIAN_POINT('',(4.887835720937,8.396450355027,9.8));
#9015 = LINE('',#9016,#9017);
#9016 = CARTESIAN_POINT('',(5.458122989973,7.963151853392,9.8));
#9017 = VECTOR('',#9018,1.);
#9018 = DIRECTION('',(0.796242782062,-0.604977216111,9.751161743968E-17)
  );
#9019 = ORIENTED_EDGE('',*,*,#9020,.F.);
#9020 = EDGE_CURVE('',#4680,#9013,#9021,.T.);
#9021 = LINE('',#9022,#9023);
#9022 = CARTESIAN_POINT('',(4.887835720937,8.396450355027,11.1));
#9023 = VECTOR('',#9024,1.);
#9024 = DIRECTION('',(1.224646799147E-16,0.,-1.));
#9025 = PLANE('',#9026);
#9026 = AXIS2_PLACEMENT_3D('',#9027,#9028,#9029);
#9027 = CARTESIAN_POINT('',(5.08266712321,8.248419425248,11.1));
#9028 = DIRECTION('',(0.604977216111,0.796242782062,7.408834112677E-17)
  );
#9029 = DIRECTION('',(-0.796242782062,0.604977216111,-9.751161743968E-17
    ));
#9030 = ADVANCED_FACE('',(#9031),#9049,.F.);
#9031 = FACE_BOUND('',#9032,.F.);
#9032 = EDGE_LOOP('',(#9033,#9034,#9042,#9048));
#9033 = ORIENTED_EDGE('',*,*,#4071,.F.);
#9034 = ORIENTED_EDGE('',*,*,#9035,.T.);
#9035 = EDGE_CURVE('',#4072,#9036,#9038,.T.);
#9036 = VERTEX_POINT('',#9037);
#9037 = CARTESIAN_POINT('',(6.512164279063,8.396450355027,9.8));
#9038 = LINE('',#9039,#9040);
#9039 = CARTESIAN_POINT('',(6.512164279063,8.396450355027,11.1));
#9040 = VECTOR('',#9041,1.);
#9041 = DIRECTION('',(1.224646799147E-16,0.,-1.));
#9042 = ORIENTED_EDGE('',*,*,#9043,.F.);
#9043 = EDGE_CURVE('',#8988,#9036,#9044,.T.);
#9044 = LINE('',#9045,#9046);
#9045 = CARTESIAN_POINT('',(2.425478073642,5.291427490929,9.8));
#9046 = VECTOR('',#9047,1.);
#9047 = DIRECTION('',(0.796242782062,0.604977216111,9.751161743968E-17)
  );
#9048 = ORIENTED_EDGE('',*,*,#8987,.F.);
#9049 = PLANE('',#9050);
#9050 = AXIS2_PLACEMENT_3D('',#9051,#9052,#9053);
#9051 = CARTESIAN_POINT('',(6.512164279063,8.396450355027,11.1));
#9052 = DIRECTION('',(-0.604977216111,0.796242782062,-7.408834112677E-17
    ));
#9053 = DIRECTION('',(-0.796242782062,-0.604977216111,
    -9.751161743968E-17));
#9054 = ADVANCED_FACE('',(#9055),#9073,.F.);
#9055 = FACE_BOUND('',#9056,.F.);
#9056 = EDGE_LOOP('',(#9057,#9058,#9059,#9067));
#9057 = ORIENTED_EDGE('',*,*,#4679,.F.);
#9058 = ORIENTED_EDGE('',*,*,#9020,.T.);
#9059 = ORIENTED_EDGE('',*,*,#9060,.F.);
#9060 = EDGE_CURVE('',#9061,#9013,#9063,.T.);
#9061 = VERTEX_POINT('',#9062);
#9062 = CARTESIAN_POINT('',(4.668088950302,8.519629386402,9.8));
#9063 = LINE('',#9064,#9065);
#9064 = CARTESIAN_POINT('',(4.818894905209,8.435095122725,9.8));
#9065 = VECTOR('',#9066,1.);
#9066 = DIRECTION('',(0.872301446251,-0.488968492715,1.068261174043E-16)
  );
#9067 = ORIENTED_EDGE('',*,*,#9068,.F.);
#9068 = EDGE_CURVE('',#4672,#9061,#9069,.T.);
#9069 = LINE('',#9070,#9071);
#9070 = CARTESIAN_POINT('',(4.668088950302,8.519629386402,11.1));
#9071 = VECTOR('',#9072,1.);
#9072 = DIRECTION('',(1.224646799147E-16,0.,-1.));
#9073 = PLANE('',#9074);
#9074 = AXIS2_PLACEMENT_3D('',#9075,#9076,#9077);
#9075 = CARTESIAN_POINT('',(4.887835720937,8.396450355027,11.1));
#9076 = DIRECTION('',(0.488968492715,0.872301446251,5.988136994877E-17)
  );
#9077 = DIRECTION('',(-0.872301446251,0.488968492715,-1.068261174043E-16
    ));
#9078 = ADVANCED_FACE('',(#9079),#9097,.F.);
#9079 = FACE_BOUND('',#9080,.F.);
#9080 = EDGE_LOOP('',(#9081,#9082,#9090,#9096));
#9081 = ORIENTED_EDGE('',*,*,#4079,.F.);
#9082 = ORIENTED_EDGE('',*,*,#9083,.T.);
#9083 = EDGE_CURVE('',#4080,#9084,#9086,.T.);
#9084 = VERTEX_POINT('',#9085);
#9085 = CARTESIAN_POINT('',(6.731911049698,8.519629386402,9.8));
#9086 = LINE('',#9087,#9088);
#9087 = CARTESIAN_POINT('',(6.731911049698,8.519629386402,11.1));
#9088 = VECTOR('',#9089,1.);
#9089 = DIRECTION('',(1.224646799147E-16,0.,-1.));
#9090 = ORIENTED_EDGE('',*,*,#9091,.F.);
#9091 = EDGE_CURVE('',#9036,#9084,#9092,.T.);
#9092 = LINE('',#9093,#9094);
#9093 = CARTESIAN_POINT('',(2.353792545257,6.065475475222,9.8));
#9094 = VECTOR('',#9095,1.);
#9095 = DIRECTION('',(0.872301446251,0.488968492715,1.068261174043E-16)
  );
#9096 = ORIENTED_EDGE('',*,*,#9035,.F.);
#9097 = PLANE('',#9098);
#9098 = AXIS2_PLACEMENT_3D('',#9099,#9100,#9101);
#9099 = CARTESIAN_POINT('',(6.731911049698,8.519629386402,11.1));
#9100 = DIRECTION('',(-0.488968492715,0.872301446251,-5.988136994877E-17
    ));
#9101 = DIRECTION('',(-0.872301446251,-0.488968492715,
    -1.068261174043E-16));
#9102 = ADVANCED_FACE('',(#9103),#9121,.F.);
#9103 = FACE_BOUND('',#9104,.F.);
#9104 = EDGE_LOOP('',(#9105,#9106,#9107,#9115));
#9105 = ORIENTED_EDGE('',*,*,#4671,.F.);
#9106 = ORIENTED_EDGE('',*,*,#9068,.T.);
#9107 = ORIENTED_EDGE('',*,*,#9108,.F.);
#9108 = EDGE_CURVE('',#9109,#9061,#9111,.T.);
#9109 = VERTEX_POINT('',#9110);
#9110 = CARTESIAN_POINT('',(4.427207793864,8.611485386505,9.8));
#9111 = LINE('',#9112,#9113);
#9112 = CARTESIAN_POINT('',(4.048544637259,8.755882247871,9.8));
#9113 = VECTOR('',#9114,1.);
#9114 = DIRECTION('',(0.934369286479,-0.356306099421,1.144272355908E-16)
  );
#9115 = ORIENTED_EDGE('',*,*,#9116,.F.);
#9116 = EDGE_CURVE('',#4664,#9109,#9117,.T.);
#9117 = LINE('',#9118,#9119);
#9118 = CARTESIAN_POINT('',(4.427207793864,8.611485386505,11.1));
#9119 = VECTOR('',#9120,1.);
#9120 = DIRECTION('',(1.224646799147E-16,0.,-1.));
#9121 = PLANE('',#9122);
#9122 = AXIS2_PLACEMENT_3D('',#9123,#9124,#9125);
#9123 = CARTESIAN_POINT('',(4.668088950302,8.519629386402,11.1));
#9124 = DIRECTION('',(0.356306099421,0.934369286479,4.363491241726E-17)
  );
#9125 = DIRECTION('',(-0.934369286479,0.356306099421,-1.144272355908E-16
    ));
#9126 = ADVANCED_FACE('',(#9127),#9145,.F.);
#9127 = FACE_BOUND('',#9128,.F.);
#9128 = EDGE_LOOP('',(#9129,#9130,#9138,#9144));
#9129 = ORIENTED_EDGE('',*,*,#4087,.F.);
#9130 = ORIENTED_EDGE('',*,*,#9131,.T.);
#9131 = EDGE_CURVE('',#4088,#9132,#9134,.T.);
#9132 = VERTEX_POINT('',#9133);
#9133 = CARTESIAN_POINT('',(6.972792206136,8.611485386505,9.8));
#9134 = LINE('',#9135,#9136);
#9135 = CARTESIAN_POINT('',(6.972792206136,8.611485386505,11.1));
#9136 = VECTOR('',#9137,1.);
#9137 = DIRECTION('',(1.224646799147E-16,0.,-1.));
#9138 = ORIENTED_EDGE('',*,*,#9139,.F.);
#9139 = EDGE_CURVE('',#9084,#9132,#9140,.T.);
#9140 = LINE('',#9141,#9142);
#9141 = CARTESIAN_POINT('',(2.495533948922,6.904157835382,9.8));
#9142 = VECTOR('',#9143,1.);
#9143 = DIRECTION('',(0.934369286479,0.356306099421,1.144272355908E-16)
  );
#9144 = ORIENTED_EDGE('',*,*,#9083,.F.);
#9145 = PLANE('',#9146);
#9146 = AXIS2_PLACEMENT_3D('',#9147,#9148,#9149);
#9147 = CARTESIAN_POINT('',(6.972792206136,8.611485386505,11.1));
#9148 = DIRECTION('',(-0.356306099421,0.934369286479,-4.363491241725E-17
    ));
#9149 = DIRECTION('',(-0.934369286479,-0.356306099421,
    -1.144272355908E-16));
#9150 = ADVANCED_FACE('',(#9151),#9169,.F.);
#9151 = FACE_BOUND('',#9152,.F.);
#9152 = EDGE_LOOP('',(#9153,#9154,#9155,#9163));
#9153 = ORIENTED_EDGE('',*,*,#4663,.F.);
#9154 = ORIENTED_EDGE('',*,*,#9116,.T.);
#9155 = ORIENTED_EDGE('',*,*,#9156,.F.);
#9156 = EDGE_CURVE('',#9157,#9109,#9159,.T.);
#9157 = VERTEX_POINT('',#9158);
#9158 = CARTESIAN_POINT('',(4.170045729524,8.666923111866,9.8));
#9159 = LINE('',#9160,#9161);
#9160 = CARTESIAN_POINT('',(3.198897383471,8.876278466951,9.8));
#9161 = VECTOR('',#9162,1.);
#9162 = DIRECTION('',(0.977543446606,-0.210733979218,1.197145452914E-16)
  );
#9163 = ORIENTED_EDGE('',*,*,#9164,.F.);
#9164 = EDGE_CURVE('',#4656,#9157,#9165,.T.);
#9165 = LINE('',#9166,#9167);
#9166 = CARTESIAN_POINT('',(4.170045729524,8.666923111866,11.1));
#9167 = VECTOR('',#9168,1.);
#9168 = DIRECTION('',(1.224646799147E-16,0.,-1.));
#9169 = PLANE('',#9170);
#9170 = AXIS2_PLACEMENT_3D('',#9171,#9172,#9173);
#9171 = CARTESIAN_POINT('',(4.427207793864,8.611485386505,11.1));
#9172 = DIRECTION('',(0.210733979218,0.977543446606,2.580746931209E-17)
  );
#9173 = DIRECTION('',(-0.977543446606,0.210733979218,-1.197145452914E-16
    ));
#9174 = ADVANCED_FACE('',(#9175),#9193,.F.);
#9175 = FACE_BOUND('',#9176,.F.);
#9176 = EDGE_LOOP('',(#9177,#9178,#9186,#9192));
#9177 = ORIENTED_EDGE('',*,*,#4095,.F.);
#9178 = ORIENTED_EDGE('',*,*,#9179,.T.);
#9179 = EDGE_CURVE('',#4096,#9180,#9182,.T.);
#9180 = VERTEX_POINT('',#9181);
#9181 = CARTESIAN_POINT('',(7.229954270476,8.666923111866,9.8));
#9182 = LINE('',#9183,#9184);
#9183 = CARTESIAN_POINT('',(7.229954270476,8.666923111866,11.1));
#9184 = VECTOR('',#9185,1.);
#9185 = DIRECTION('',(1.224646799147E-16,0.,-1.));
#9186 = ORIENTED_EDGE('',*,*,#9187,.F.);
#9187 = EDGE_CURVE('',#9132,#9180,#9188,.T.);
#9188 = LINE('',#9189,#9190);
#9189 = CARTESIAN_POINT('',(2.882813865682,7.72978809357,9.8));
#9190 = VECTOR('',#9191,1.);
#9191 = DIRECTION('',(0.977543446606,0.210733979218,1.197145452914E-16)
  );
#9192 = ORIENTED_EDGE('',*,*,#9131,.F.);
#9193 = PLANE('',#9194);
#9194 = AXIS2_PLACEMENT_3D('',#9195,#9196,#9197);
#9195 = CARTESIAN_POINT('',(7.229954270476,8.666923111866,11.1));
#9196 = DIRECTION('',(-0.210733979218,0.977543446606,-2.580746931209E-17
    ));
#9197 = DIRECTION('',(-0.977543446606,-0.210733979218,
    -1.197145452914E-16));
#9198 = ADVANCED_FACE('',(#9199),#9217,.F.);
#9199 = FACE_BOUND('',#9200,.F.);
#9200 = EDGE_LOOP('',(#9201,#9202,#9203,#9211));
#9201 = ORIENTED_EDGE('',*,*,#4655,.F.);
#9202 = ORIENTED_EDGE('',*,*,#9164,.T.);
#9203 = ORIENTED_EDGE('',*,*,#9204,.F.);
#9204 = EDGE_CURVE('',#9205,#9157,#9207,.T.);
#9205 = VERTEX_POINT('',#9206);
#9206 = CARTESIAN_POINT('',(3.902361070342,8.682400111072,9.8));
#9207 = LINE('',#9208,#9209);
#9208 = CARTESIAN_POINT('',(2.341687132301,8.772635201024,9.8));
#9209 = VECTOR('',#9210,1.);
#9210 = DIRECTION('',(0.998332716839,-5.772162929705E-02,
    1.222604966161E-16));
#9211 = ORIENTED_EDGE('',*,*,#9212,.F.);
#9212 = EDGE_CURVE('',#4648,#9205,#9213,.T.);
#9213 = LINE('',#9214,#9215);
#9214 = CARTESIAN_POINT('',(3.902361070342,8.682400111072,11.1));
#9215 = VECTOR('',#9216,1.);
#9216 = DIRECTION('',(1.224646799147E-16,0.,-1.));
#9217 = PLANE('',#9218);
#9218 = AXIS2_PLACEMENT_3D('',#9219,#9220,#9221);
#9219 = CARTESIAN_POINT('',(4.170045729524,8.666923111866,11.1));
#9220 = DIRECTION('',(5.772162929705E-02,0.998332716839,
    7.06886085602E-18));
#9221 = DIRECTION('',(-0.998332716839,5.772162929705E-02,
    -1.222604966161E-16));
#9222 = ADVANCED_FACE('',(#9223),#9241,.F.);
#9223 = FACE_BOUND('',#9224,.F.);
#9224 = EDGE_LOOP('',(#9225,#9226,#9234,#9240));
#9225 = ORIENTED_EDGE('',*,*,#4103,.F.);
#9226 = ORIENTED_EDGE('',*,*,#9227,.T.);
#9227 = EDGE_CURVE('',#4104,#9228,#9230,.T.);
#9228 = VERTEX_POINT('',#9229);
#9229 = CARTESIAN_POINT('',(7.497638929658,8.682400111072,9.8));
#9230 = LINE('',#9231,#9232);
#9231 = CARTESIAN_POINT('',(7.497638929658,8.682400111072,11.1));
#9232 = VECTOR('',#9233,1.);
#9233 = DIRECTION('',(1.224646799147E-16,0.,-1.));
#9234 = ORIENTED_EDGE('',*,*,#9235,.F.);
#9235 = EDGE_CURVE('',#9180,#9228,#9236,.T.);
#9236 = LINE('',#9237,#9238);
#9237 = CARTESIAN_POINT('',(3.511146380276,8.451908971947,9.8));
#9238 = VECTOR('',#9239,1.);
#9239 = DIRECTION('',(0.998332716839,5.772162929704E-02,
    1.222604966161E-16));
#9240 = ORIENTED_EDGE('',*,*,#9179,.F.);
#9241 = PLANE('',#9242);
#9242 = AXIS2_PLACEMENT_3D('',#9243,#9244,#9245);
#9243 = CARTESIAN_POINT('',(7.497638929658,8.682400111072,11.1));
#9244 = DIRECTION('',(-5.772162929704E-02,0.998332716839,
    -7.06886085602E-18));
#9245 = DIRECTION('',(-0.998332716839,-5.772162929704E-02,
    -1.222604966161E-16));
#9246 = ADVANCED_FACE('',(#9247),#9265,.F.);
#9247 = FACE_BOUND('',#9248,.F.);
#9248 = EDGE_LOOP('',(#9249,#9250,#9251,#9259));
#9249 = ORIENTED_EDGE('',*,*,#4647,.F.);
#9250 = ORIENTED_EDGE('',*,*,#9212,.T.);
#9251 = ORIENTED_EDGE('',*,*,#9252,.F.);
#9252 = EDGE_CURVE('',#9253,#9205,#9255,.T.);
#9253 = VERTEX_POINT('',#9254);
#9254 = CARTESIAN_POINT('',(3.630613336598,8.656014194941,9.8));
#9255 = LINE('',#9256,#9257);
#9256 = CARTESIAN_POINT('',(1.551823121685,8.454169699281,9.8));
#9257 = VECTOR('',#9258,1.);
#9258 = DIRECTION('',(0.995319148731,9.664260017936E-02,
    1.218914409623E-16));
#9259 = ORIENTED_EDGE('',*,*,#9260,.F.);
#9260 = EDGE_CURVE('',#4640,#9253,#9261,.T.);
#9261 = LINE('',#9262,#9263);
#9262 = CARTESIAN_POINT('',(3.630613336598,8.656014194941,11.1));
#9263 = VECTOR('',#9264,1.);
#9264 = DIRECTION('',(1.224646799147E-16,0.,-1.));
#9265 = PLANE('',#9266);
#9266 = AXIS2_PLACEMENT_3D('',#9267,#9268,#9269);
#9267 = CARTESIAN_POINT('',(3.902361070342,8.682400111072,11.1));
#9268 = DIRECTION('',(-9.664260017936E-02,0.995319148731,
    -1.183530509709E-17));
#9269 = DIRECTION('',(-0.995319148731,-9.664260017936E-02,
    -1.218914409623E-16));
#9270 = ADVANCED_FACE('',(#9271),#9289,.F.);
#9271 = FACE_BOUND('',#9272,.F.);
#9272 = EDGE_LOOP('',(#9273,#9274,#9282,#9288));
#9273 = ORIENTED_EDGE('',*,*,#4111,.F.);
#9274 = ORIENTED_EDGE('',*,*,#9275,.T.);
#9275 = EDGE_CURVE('',#4112,#9276,#9278,.T.);
#9276 = VERTEX_POINT('',#9277);
#9277 = CARTESIAN_POINT('',(7.769386663402,8.656014194941,9.8));
#9278 = LINE('',#9279,#9280);
#9279 = CARTESIAN_POINT('',(7.769386663402,8.656014194941,11.1));
#9280 = VECTOR('',#9281,1.);
#9281 = DIRECTION('',(1.224646799147E-16,0.,-1.));
#9282 = ORIENTED_EDGE('',*,*,#9283,.F.);
#9283 = EDGE_CURVE('',#9228,#9276,#9284,.T.);
#9284 = LINE('',#9285,#9286);
#9285 = CARTESIAN_POINT('',(4.337287560553,8.989261055303,9.8));
#9286 = VECTOR('',#9287,1.);
#9287 = DIRECTION('',(0.995319148731,-9.664260017936E-02,
    1.218914409623E-16));
#9288 = ORIENTED_EDGE('',*,*,#9227,.F.);
#9289 = PLANE('',#9290);
#9290 = AXIS2_PLACEMENT_3D('',#9291,#9292,#9293);
#9291 = CARTESIAN_POINT('',(7.769386663402,8.656014194941,11.1));
#9292 = DIRECTION('',(9.664260017936E-02,0.995319148731,
    1.183530509709E-17));
#9293 = DIRECTION('',(-0.995319148731,9.664260017936E-02,
    -1.218914409623E-16));
#9294 = ADVANCED_FACE('',(#9295),#9313,.F.);
#9295 = FACE_BOUND('',#9296,.F.);
#9296 = EDGE_LOOP('',(#9297,#9298,#9299,#9307));
#9297 = ORIENTED_EDGE('',*,*,#4639,.F.);
#9298 = ORIENTED_EDGE('',*,*,#9260,.T.);
#9299 = ORIENTED_EDGE('',*,*,#9300,.F.);
#9300 = EDGE_CURVE('',#9301,#9253,#9303,.T.);
#9301 = VERTEX_POINT('',#9302);
#9302 = CARTESIAN_POINT('',(3.361731409782,8.5875,9.8));
#9303 = LINE('',#9304,#9305);
#9304 = CARTESIAN_POINT('',(0.890399868023,7.95777641455,9.8));
#9305 = VECTOR('',#9306,1.);
#9306 = DIRECTION('',(0.969035523679,0.246921351542,1.186726252334E-16)
  );
#9307 = ORIENTED_EDGE('',*,*,#9308,.F.);
#9308 = EDGE_CURVE('',#4632,#9301,#9309,.T.);
#9309 = LINE('',#9310,#9311);
#9310 = CARTESIAN_POINT('',(3.361731409782,8.5875,11.1));
#9311 = VECTOR('',#9312,1.);
#9312 = DIRECTION('',(1.224646799147E-16,0.,-1.));
#9313 = PLANE('',#9314);
#9314 = AXIS2_PLACEMENT_3D('',#9315,#9316,#9317);
#9315 = CARTESIAN_POINT('',(3.630613336598,8.656014194941,11.1));
#9316 = DIRECTION('',(-0.246921351542,0.969035523679,-3.023914428073E-17
    ));
#9317 = DIRECTION('',(-0.969035523679,-0.246921351542,
    -1.186726252334E-16));
#9318 = ADVANCED_FACE('',(#9319),#9337,.F.);
#9319 = FACE_BOUND('',#9320,.F.);
#9320 = EDGE_LOOP('',(#9321,#9322,#9330,#9336));
#9321 = ORIENTED_EDGE('',*,*,#4119,.F.);
#9322 = ORIENTED_EDGE('',*,*,#9323,.T.);
#9323 = EDGE_CURVE('',#4120,#9324,#9326,.T.);
#9324 = VERTEX_POINT('',#9325);
#9325 = CARTESIAN_POINT('',(8.038268590218,8.5875,9.8));
#9326 = LINE('',#9327,#9328);
#9327 = CARTESIAN_POINT('',(8.038268590218,8.5875,11.1));
#9328 = VECTOR('',#9329,1.);
#9329 = DIRECTION('',(1.224646799147E-16,0.,-1.));
#9330 = ORIENTED_EDGE('',*,*,#9331,.F.);
#9331 = EDGE_CURVE('',#9276,#9324,#9332,.T.);
#9332 = LINE('',#9333,#9334);
#9333 = CARTESIAN_POINT('',(5.291570972315,9.287390015915,9.8));
#9334 = VECTOR('',#9335,1.);
#9335 = DIRECTION('',(0.969035523679,-0.246921351542,1.186726252334E-16)
  );
#9336 = ORIENTED_EDGE('',*,*,#9275,.F.);
#9337 = PLANE('',#9338);
#9338 = AXIS2_PLACEMENT_3D('',#9339,#9340,#9341);
#9339 = CARTESIAN_POINT('',(8.038268590218,8.5875,11.1));
#9340 = DIRECTION('',(0.246921351542,0.969035523679,3.023914428073E-17)
  );
#9341 = DIRECTION('',(-0.969035523679,0.246921351542,-1.186726252334E-16
    ));
#9342 = ADVANCED_FACE('',(#9343),#9361,.F.);
#9343 = FACE_BOUND('',#9344,.F.);
#9344 = EDGE_LOOP('',(#9345,#9346,#9347,#9355));
#9345 = ORIENTED_EDGE('',*,*,#4631,.F.);
#9346 = ORIENTED_EDGE('',*,*,#9308,.T.);
#9347 = ORIENTED_EDGE('',*,*,#9348,.F.);
#9348 = EDGE_CURVE('',#9349,#9301,#9351,.T.);
#9349 = VERTEX_POINT('',#9350);
#9350 = CARTESIAN_POINT('',(3.102862308047,8.478138687855,9.8));
#9351 = LINE('',#9352,#9353);
#9352 = CARTESIAN_POINT('',(0.396197786942,7.334686720892,9.8));
#9353 = VECTOR('',#9354,1.);
#9354 = DIRECTION('',(0.921171728207,0.389156327397,1.128110008413E-16)
  );
#9355 = ORIENTED_EDGE('',*,*,#9356,.F.);
#9356 = EDGE_CURVE('',#4624,#9349,#9357,.T.);
#9357 = LINE('',#9358,#9359);
#9358 = CARTESIAN_POINT('',(3.102862308047,8.478138687855,11.1));
#9359 = VECTOR('',#9360,1.);
#9360 = DIRECTION('',(1.224646799147E-16,0.,-1.));
#9361 = PLANE('',#9362);
#9362 = AXIS2_PLACEMENT_3D('',#9363,#9364,#9365);
#9363 = CARTESIAN_POINT('',(3.361731409782,8.5875,11.1));
#9364 = DIRECTION('',(-0.389156327397,0.921171728207,-4.765790507145E-17
    ));
#9365 = DIRECTION('',(-0.921171728207,-0.389156327397,
    -1.128110008413E-16));
#9366 = ADVANCED_FACE('',(#9367),#9385,.F.);
#9367 = FACE_BOUND('',#9368,.F.);
#9368 = EDGE_LOOP('',(#9369,#9370,#9378,#9384));
#9369 = ORIENTED_EDGE('',*,*,#4127,.F.);
#9370 = ORIENTED_EDGE('',*,*,#9371,.T.);
#9371 = EDGE_CURVE('',#4128,#9372,#9374,.T.);
#9372 = VERTEX_POINT('',#9373);
#9373 = CARTESIAN_POINT('',(8.297137691953,8.478138687855,9.8));
#9374 = LINE('',#9375,#9376);
#9375 = CARTESIAN_POINT('',(8.297137691953,8.478138687855,11.1));
#9376 = VECTOR('',#9377,1.);
#9377 = DIRECTION('',(1.224646799147E-16,0.,-1.));
#9378 = ORIENTED_EDGE('',*,*,#9379,.F.);
#9379 = EDGE_CURVE('',#9324,#9372,#9380,.T.);
#9380 = LINE('',#9381,#9382);
#9381 = CARTESIAN_POINT('',(6.296459852697,9.323340962728,9.8));
#9382 = VECTOR('',#9383,1.);
#9383 = DIRECTION('',(0.921171728207,-0.389156327397,1.128110008413E-16)
  );
#9384 = ORIENTED_EDGE('',*,*,#9323,.F.);
#9385 = PLANE('',#9386);
#9386 = AXIS2_PLACEMENT_3D('',#9387,#9388,#9389);
#9387 = CARTESIAN_POINT('',(8.297137691953,8.478138687855,11.1));
#9388 = DIRECTION('',(0.389156327397,0.921171728207,4.765790507145E-17)
  );
#9389 = DIRECTION('',(-0.921171728207,0.389156327397,-1.128110008413E-16
    ));
#9390 = ADVANCED_FACE('',(#9391),#9409,.F.);
#9391 = FACE_BOUND('',#9392,.F.);
#9392 = EDGE_LOOP('',(#9393,#9394,#9395,#9403));
#9393 = ORIENTED_EDGE('',*,*,#4623,.F.);
#9394 = ORIENTED_EDGE('',*,*,#9356,.T.);
#9395 = ORIENTED_EDGE('',*,*,#9396,.F.);
#9396 = EDGE_CURVE('',#9397,#9349,#9399,.T.);
#9397 = VERTEX_POINT('',#9398);
#9398 = CARTESIAN_POINT('',(2.861110173091,8.330589958133,9.8));
#9399 = LINE('',#9400,#9401);
#9400 = CARTESIAN_POINT('',(8.744917669467E-02,6.637739730473,9.8));
#9401 = VECTOR('',#9402,1.);
#9402 = DIRECTION('',(0.853578122952,0.520964862556,1.045331716095E-16)
  );
#9403 = ORIENTED_EDGE('',*,*,#9404,.F.);
#9404 = EDGE_CURVE('',#4616,#9397,#9405,.T.);
#9405 = LINE('',#9406,#9407);
#9406 = CARTESIAN_POINT('',(2.861110173091,8.330589958133,11.1));
#9407 = VECTOR('',#9408,1.);
#9408 = DIRECTION('',(1.224646799147E-16,0.,-1.));
#9409 = PLANE('',#9410);
#9410 = AXIS2_PLACEMENT_3D('',#9411,#9412,#9413);
#9411 = CARTESIAN_POINT('',(3.102862308047,8.478138687855,11.1));
#9412 = DIRECTION('',(-0.520964862556,0.853578122952,-6.379979513974E-17
    ));
#9413 = DIRECTION('',(-0.853578122952,-0.520964862556,
    -1.045331716095E-16));
#9414 = ADVANCED_FACE('',(#9415),#9433,.F.);
#9415 = FACE_BOUND('',#9416,.F.);
#9416 = EDGE_LOOP('',(#9417,#9418,#9426,#9432));
#9417 = ORIENTED_EDGE('',*,*,#4135,.F.);
#9418 = ORIENTED_EDGE('',*,*,#9419,.T.);
#9419 = EDGE_CURVE('',#4136,#9420,#9422,.T.);
#9420 = VERTEX_POINT('',#9421);
#9421 = CARTESIAN_POINT('',(8.538889826909,8.330589958133,9.8));
#9422 = LINE('',#9423,#9424);
#9423 = CARTESIAN_POINT('',(8.538889826909,8.330589958133,11.1));
#9424 = VECTOR('',#9425,1.);
#9425 = DIRECTION('',(1.224646799147E-16,0.,-1.));
#9426 = ORIENTED_EDGE('',*,*,#9427,.F.);
#9427 = EDGE_CURVE('',#9372,#9420,#9428,.T.);
#9428 = LINE('',#9429,#9430);
#9429 = CARTESIAN_POINT('',(7.280431902486,9.098665359787,9.8));
#9430 = VECTOR('',#9431,1.);
#9431 = DIRECTION('',(0.853578122952,-0.520964862556,1.045331716095E-16)
  );
#9432 = ORIENTED_EDGE('',*,*,#9371,.F.);
#9433 = PLANE('',#9434);
#9434 = AXIS2_PLACEMENT_3D('',#9435,#9436,#9437);
#9435 = CARTESIAN_POINT('',(8.538889826909,8.330589958133,11.1));
#9436 = DIRECTION('',(0.520964862556,0.853578122952,6.379979513974E-17)
  );
#9437 = DIRECTION('',(-0.853578122952,0.520964862556,-1.045331716095E-16
    ));
#9438 = ADVANCED_FACE('',(#9439),#9457,.F.);
#9439 = FACE_BOUND('',#9440,.F.);
#9440 = EDGE_LOOP('',(#9441,#9442,#9443,#9451));
#9441 = ORIENTED_EDGE('',*,*,#4615,.F.);
#9442 = ORIENTED_EDGE('',*,*,#9404,.T.);
#9443 = ORIENTED_EDGE('',*,*,#9444,.F.);
#9444 = EDGE_CURVE('',#9445,#9397,#9447,.T.);
#9445 = VERTEX_POINT('',#9446);
#9446 = CARTESIAN_POINT('',(2.643275440646,8.148659984227,9.8));
#9447 = LINE('',#9448,#9449);
#9448 = CARTESIAN_POINT('',(-3.094037105718E-02,5.915223619976,9.8));
#9449 = VECTOR('',#9450,1.);
#9450 = DIRECTION('',(0.767525907627,0.64101792574,9.399481460387E-17));
#9451 = ORIENTED_EDGE('',*,*,#9452,.F.);
#9452 = EDGE_CURVE('',#4608,#9445,#9453,.T.);
#9453 = LINE('',#9454,#9455);
#9454 = CARTESIAN_POINT('',(2.643275440646,8.148659984227,11.1));
#9455 = VECTOR('',#9456,1.);
#9456 = DIRECTION('',(1.224646799147E-16,0.,-1.));
#9457 = PLANE('',#9458);
#9458 = AXIS2_PLACEMENT_3D('',#9459,#9460,#9461);
#9459 = CARTESIAN_POINT('',(2.861110173091,8.330589958133,11.1));
#9460 = DIRECTION('',(-0.64101792574,0.767525907627,-7.850205509541E-17)
  );
#9461 = DIRECTION('',(-0.767525907627,-0.64101792574,-9.399481460387E-17
    ));
#9462 = ADVANCED_FACE('',(#9463),#9481,.F.);
#9463 = FACE_BOUND('',#9464,.F.);
#9464 = EDGE_LOOP('',(#9465,#9466,#9474,#9480));
#9465 = ORIENTED_EDGE('',*,*,#4143,.F.);
#9466 = ORIENTED_EDGE('',*,*,#9467,.T.);
#9467 = EDGE_CURVE('',#4144,#9468,#9470,.T.);
#9468 = VERTEX_POINT('',#9469);
#9469 = CARTESIAN_POINT('',(8.756724559354,8.148659984227,9.8));
#9470 = LINE('',#9471,#9472);
#9471 = CARTESIAN_POINT('',(8.756724559354,8.148659984227,11.1));
#9472 = VECTOR('',#9473,1.);
#9473 = DIRECTION('',(1.224646799147E-16,0.,-1.));
#9474 = ORIENTED_EDGE('',*,*,#9475,.F.);
#9475 = EDGE_CURVE('',#9420,#9468,#9476,.T.);
#9476 = LINE('',#9477,#9478);
#9477 = CARTESIAN_POINT('',(8.182010429667,8.628646465002,9.8));
#9478 = VECTOR('',#9479,1.);
#9479 = DIRECTION('',(0.767525907627,-0.64101792574,9.399481460387E-17)
  );
#9480 = ORIENTED_EDGE('',*,*,#9419,.F.);
#9481 = PLANE('',#9482);
#9482 = AXIS2_PLACEMENT_3D('',#9483,#9484,#9485);
#9483 = CARTESIAN_POINT('',(8.756724559354,8.148659984227,11.1));
#9484 = DIRECTION('',(0.64101792574,0.767525907627,7.850205509541E-17));
#9485 = DIRECTION('',(-0.767525907627,0.64101792574,-9.399481460387E-17)
  );
#9486 = ADVANCED_FACE('',(#9487),#9505,.F.);
#9487 = FACE_BOUND('',#9488,.F.);
#9488 = EDGE_LOOP('',(#9489,#9490,#9491,#9499));
#9489 = ORIENTED_EDGE('',*,*,#4607,.F.);
#9490 = ORIENTED_EDGE('',*,*,#9452,.T.);
#9491 = ORIENTED_EDGE('',*,*,#9492,.F.);
#9492 = EDGE_CURVE('',#9493,#9445,#9495,.T.);
#9493 = VERTEX_POINT('',#9494);
#9494 = CARTESIAN_POINT('',(2.455604165952,7.937022337716,9.8));
#9495 = LINE('',#9496,#9497);
#9496 = CARTESIAN_POINT('',(3.895555893553E-02,5.211758045312,9.8));
#9497 = VECTOR('',#9498,1.);
#9498 = DIRECTION('',(0.663472539505,0.748200634405,8.125195218264E-17)
  );
#9499 = ORIENTED_EDGE('',*,*,#9500,.F.);
#9500 = EDGE_CURVE('',#4600,#9493,#9501,.T.);
#9501 = LINE('',#9502,#9503);
#9502 = CARTESIAN_POINT('',(2.455604165952,7.937022337716,11.1));
#9503 = VECTOR('',#9504,1.);
#9504 = DIRECTION('',(1.224646799147E-16,0.,-1.));
#9505 = PLANE('',#9506);
#9506 = AXIS2_PLACEMENT_3D('',#9507,#9508,#9509);
#9507 = CARTESIAN_POINT('',(2.643275440646,8.148659984227,11.1));
#9508 = DIRECTION('',(-0.748200634405,0.663472539505,-9.162815120435E-17
    ));
#9509 = DIRECTION('',(-0.663472539505,-0.748200634405,
    -8.125195218264E-17));
#9510 = ADVANCED_FACE('',(#9511),#9529,.F.);
#9511 = FACE_BOUND('',#9512,.F.);
#9512 = EDGE_LOOP('',(#9513,#9514,#9522,#9528));
#9513 = ORIENTED_EDGE('',*,*,#4151,.F.);
#9514 = ORIENTED_EDGE('',*,*,#9515,.T.);
#9515 = EDGE_CURVE('',#4152,#9516,#9518,.T.);
#9516 = VERTEX_POINT('',#9517);
#9517 = CARTESIAN_POINT('',(8.944395834048,7.937022337716,9.8));
#9518 = LINE('',#9519,#9520);
#9519 = CARTESIAN_POINT('',(8.944395834048,7.937022337716,11.1));
#9520 = VECTOR('',#9521,1.);
#9521 = DIRECTION('',(1.224646799147E-16,0.,-1.));
#9522 = ORIENTED_EDGE('',*,*,#9523,.F.);
#9523 = EDGE_CURVE('',#9468,#9516,#9524,.T.);
#9524 = LINE('',#9525,#9526);
#9525 = CARTESIAN_POINT('',(8.945763957555,7.935479499371,9.8));
#9526 = VECTOR('',#9527,1.);
#9527 = DIRECTION('',(0.663472539505,-0.748200634405,8.125195218264E-17)
  );
#9528 = ORIENTED_EDGE('',*,*,#9467,.F.);
#9529 = PLANE('',#9530);
#9530 = AXIS2_PLACEMENT_3D('',#9531,#9532,#9533);
#9531 = CARTESIAN_POINT('',(8.944395834048,7.937022337716,11.1));
#9532 = DIRECTION('',(0.748200634405,0.663472539505,9.162815120435E-17)
  );
#9533 = DIRECTION('',(-0.663472539505,0.748200634405,-8.125195218264E-17
    ));
#9534 = ADVANCED_FACE('',(#9535),#9553,.F.);
#9535 = FACE_BOUND('',#9536,.F.);
#9536 = EDGE_LOOP('',(#9537,#9538,#9539,#9547));
#9537 = ORIENTED_EDGE('',*,*,#4599,.F.);
#9538 = ORIENTED_EDGE('',*,*,#9500,.T.);
#9539 = ORIENTED_EDGE('',*,*,#9540,.F.);
#9540 = EDGE_CURVE('',#9541,#9493,#9543,.T.);
#9541 = VERTEX_POINT('',#9542);
#9542 = CARTESIAN_POINT('',(2.303557091839,7.700911245064,9.8));
#9543 = LINE('',#9544,#9545);
#9544 = CARTESIAN_POINT('',(0.289238197335,4.572912643929,9.8));
#9545 = VECTOR('',#9546,1.);
#9546 = DIRECTION('',(0.541415974227,0.8407548649,6.630433398439E-17));
#9547 = ORIENTED_EDGE('',*,*,#9548,.F.);
#9548 = EDGE_CURVE('',#4592,#9541,#9549,.T.);
#9549 = LINE('',#9550,#9551);
#9550 = CARTESIAN_POINT('',(2.303557091839,7.700911245064,11.1));
#9551 = VECTOR('',#9552,1.);
#9552 = DIRECTION('',(1.224646799147E-16,0.,-1.));
#9553 = PLANE('',#9554);
#9554 = AXIS2_PLACEMENT_3D('',#9555,#9556,#9557);
#9555 = CARTESIAN_POINT('',(2.455604165952,7.937022337716,11.1));
#9556 = DIRECTION('',(-0.8407548649,0.541415974227,-1.029627754167E-16)
  );
#9557 = DIRECTION('',(-0.541415974227,-0.8407548649,-6.630433398439E-17)
  );
#9558 = ADVANCED_FACE('',(#9559),#9577,.F.);
#9559 = FACE_BOUND('',#9560,.F.);
#9560 = EDGE_LOOP('',(#9561,#9562,#9570,#9576));
#9561 = ORIENTED_EDGE('',*,*,#4159,.F.);
#9562 = ORIENTED_EDGE('',*,*,#9563,.T.);
#9563 = EDGE_CURVE('',#4160,#9564,#9566,.T.);
#9564 = VERTEX_POINT('',#9565);
#9565 = CARTESIAN_POINT('',(9.096442908161,7.700911245064,9.8));
#9566 = LINE('',#9567,#9568);
#9567 = CARTESIAN_POINT('',(9.096442908161,7.700911245064,11.1));
#9568 = VECTOR('',#9569,1.);
#9569 = DIRECTION('',(1.224646799147E-16,0.,-1.));
#9570 = ORIENTED_EDGE('',*,*,#9571,.F.);
#9571 = EDGE_CURVE('',#9516,#9564,#9572,.T.);
#9572 = LINE('',#9573,#9574);
#9573 = CARTESIAN_POINT('',(9.515937173979,7.049486348915,9.8));
#9574 = VECTOR('',#9575,1.);
#9575 = DIRECTION('',(0.541415974227,-0.8407548649,6.630433398439E-17));
#9576 = ORIENTED_EDGE('',*,*,#9515,.F.);
#9577 = PLANE('',#9578);
#9578 = AXIS2_PLACEMENT_3D('',#9579,#9580,#9581);
#9579 = CARTESIAN_POINT('',(9.096442908161,7.700911245064,11.1));
#9580 = DIRECTION('',(0.8407548649,0.541415974227,1.029627754167E-16));
#9581 = DIRECTION('',(-0.541415974227,0.8407548649,-6.630433398439E-17)
  );
#9582 = ADVANCED_FACE('',(#9583),#9601,.F.);
#9583 = FACE_BOUND('',#9584,.F.);
#9584 = EDGE_LOOP('',(#9585,#9586,#9587,#9595));
#9585 = ORIENTED_EDGE('',*,*,#4591,.F.);
#9586 = ORIENTED_EDGE('',*,*,#9548,.T.);
#9587 = ORIENTED_EDGE('',*,*,#9588,.F.);
#9588 = EDGE_CURVE('',#9589,#9541,#9591,.T.);
#9589 = VERTEX_POINT('',#9590);
#9590 = CARTESIAN_POINT('',(2.191607295031,7.445807495532,9.8));
#9591 = LINE('',#9592,#9593);
#9592 = CARTESIAN_POINT('',(0.700692609899,4.048410293811,9.8));
#9593 = VECTOR('',#9594,1.);
#9594 = DIRECTION('',(0.401848697752,0.915706079545,4.921227214433E-17)
  );
#9595 = ORIENTED_EDGE('',*,*,#9596,.F.);
#9596 = EDGE_CURVE('',#4584,#9589,#9597,.T.);
#9597 = LINE('',#9598,#9599);
#9598 = CARTESIAN_POINT('',(2.191607295031,7.445807495532,11.1));
#9599 = VECTOR('',#9600,1.);
#9600 = DIRECTION('',(1.224646799147E-16,0.,-1.));
#9601 = PLANE('',#9602);
#9602 = AXIS2_PLACEMENT_3D('',#9603,#9604,#9605);
#9603 = CARTESIAN_POINT('',(2.303557091839,7.700911245064,11.1));
#9604 = DIRECTION('',(-0.915706079545,0.401848697752,-1.121416519274E-16
    ));
#9605 = DIRECTION('',(-0.401848697752,-0.915706079545,
    -4.921227214433E-17));
#9606 = ADVANCED_FACE('',(#9607),#9625,.F.);
#9607 = FACE_BOUND('',#9608,.F.);
#9608 = EDGE_LOOP('',(#9609,#9610,#9618,#9624));
#9609 = ORIENTED_EDGE('',*,*,#4167,.F.);
#9610 = ORIENTED_EDGE('',*,*,#9611,.T.);
#9611 = EDGE_CURVE('',#4168,#9612,#9614,.T.);
#9612 = VERTEX_POINT('',#9613);
#9613 = CARTESIAN_POINT('',(9.208392704969,7.445807495532,9.8));
#9614 = LINE('',#9615,#9616);
#9615 = CARTESIAN_POINT('',(9.208392704969,7.445807495532,11.1));
#9616 = VECTOR('',#9617,1.);
#9617 = DIRECTION('',(1.224646799147E-16,0.,-1.));
#9618 = ORIENTED_EDGE('',*,*,#9619,.F.);
#9619 = EDGE_CURVE('',#9564,#9612,#9620,.T.);
#9620 = LINE('',#9621,#9622);
#9621 = CARTESIAN_POINT('',(9.834832745961,6.018317603899,9.8));
#9622 = VECTOR('',#9623,1.);
#9623 = DIRECTION('',(0.401848697752,-0.915706079545,4.921227214433E-17)
  );
#9624 = ORIENTED_EDGE('',*,*,#9563,.F.);
#9625 = PLANE('',#9626);
#9626 = AXIS2_PLACEMENT_3D('',#9627,#9628,#9629);
#9627 = CARTESIAN_POINT('',(9.208392704969,7.445807495532,11.1));
#9628 = DIRECTION('',(0.915706079545,0.401848697752,1.121416519274E-16)
  );
#9629 = DIRECTION('',(-0.401848697752,0.915706079545,-4.921227214433E-17
    ));
#9630 = ADVANCED_FACE('',(#9631),#9649,.F.);
#9631 = FACE_BOUND('',#9632,.F.);
#9632 = EDGE_LOOP('',(#9633,#9634,#9635,#9643));
#9633 = ORIENTED_EDGE('',*,*,#4583,.F.);
#9634 = ORIENTED_EDGE('',*,*,#9596,.T.);
#9635 = ORIENTED_EDGE('',*,*,#9636,.F.);
#9636 = EDGE_CURVE('',#9637,#9589,#9639,.T.);
#9637 = VERTEX_POINT('',#9638);
#9638 = CARTESIAN_POINT('',(2.123074154893,7.177136956036,9.8));
#9639 = LINE('',#9640,#9641);
#9640 = CARTESIAN_POINT('',(1.233030902788,3.687899482937,9.8));
#9641 = VECTOR('',#9642,1.);
#9642 = DIRECTION('',(0.247167922826,0.968972661083,3.026934055403E-17)
  );
#9643 = ORIENTED_EDGE('',*,*,#9644,.F.);
#9644 = EDGE_CURVE('',#4576,#9637,#9645,.T.);
#9645 = LINE('',#9646,#9647);
#9646 = CARTESIAN_POINT('',(2.123074154893,7.177136956036,11.1));
#9647 = VECTOR('',#9648,1.);
#9648 = DIRECTION('',(1.224646799147E-16,0.,-1.));
#9649 = PLANE('',#9650);
#9650 = AXIS2_PLACEMENT_3D('',#9651,#9652,#9653);
#9651 = CARTESIAN_POINT('',(2.191607295031,7.445807495532,11.1));
#9652 = DIRECTION('',(-0.968972661083,0.247167922826,-1.186649267856E-16
    ));
#9653 = DIRECTION('',(-0.247167922826,-0.968972661083,
    -3.026934055403E-17));
#9654 = ADVANCED_FACE('',(#9655),#9673,.F.);
#9655 = FACE_BOUND('',#9656,.F.);
#9656 = EDGE_LOOP('',(#9657,#9658,#9666,#9672));
#9657 = ORIENTED_EDGE('',*,*,#4175,.F.);
#9658 = ORIENTED_EDGE('',*,*,#9659,.T.);
#9659 = EDGE_CURVE('',#4176,#9660,#9662,.T.);
#9660 = VERTEX_POINT('',#9661);
#9661 = CARTESIAN_POINT('',(9.276925845107,7.177136956036,9.8));
#9662 = LINE('',#9663,#9664);
#9663 = CARTESIAN_POINT('',(9.276925845107,7.177136956036,11.1));
#9664 = VECTOR('',#9665,1.);
#9665 = DIRECTION('',(1.224646799147E-16,0.,-1.));
#9666 = ORIENTED_EDGE('',*,*,#9667,.F.);
#9667 = EDGE_CURVE('',#9612,#9660,#9668,.T.);
#9668 = LINE('',#9669,#9670);
#9669 = CARTESIAN_POINT('',(9.85301136946,4.918708284702,9.8));
#9670 = VECTOR('',#9671,1.);
#9671 = DIRECTION('',(0.247167922826,-0.968972661083,3.026934055402E-17)
  );
#9672 = ORIENTED_EDGE('',*,*,#9611,.F.);
#9673 = PLANE('',#9674);
#9674 = AXIS2_PLACEMENT_3D('',#9675,#9676,#9677);
#9675 = CARTESIAN_POINT('',(9.276925845107,7.177136956036,11.1));
#9676 = DIRECTION('',(0.968972661083,0.247167922826,1.186649267856E-16)
  );
#9677 = DIRECTION('',(-0.247167922826,0.968972661083,-3.026934055402E-17
    ));
#9678 = ADVANCED_FACE('',(#9679),#9697,.F.);
#9679 = FACE_BOUND('',#9680,.F.);
#9680 = EDGE_LOOP('',(#9681,#9682,#9683,#9691));
#9681 = ORIENTED_EDGE('',*,*,#4575,.F.);
#9682 = ORIENTED_EDGE('',*,*,#9644,.T.);
#9683 = ORIENTED_EDGE('',*,*,#9684,.F.);
#9684 = EDGE_CURVE('',#9685,#9637,#9687,.T.);
#9685 = VERTEX_POINT('',#9686);
#9686 = CARTESIAN_POINT('',(2.1,6.9,9.8));
#9687 = LINE('',#9688,#9689);
#9688 = CARTESIAN_POINT('',(1.819042337672,3.525499322765,9.8));
#9689 = VECTOR('',#9690,1.);
#9690 = DIRECTION('',(8.297194587104E-02,0.996551883345,1.0161132793E-17
    ));
#9691 = ORIENTED_EDGE('',*,*,#9692,.F.);
#9692 = EDGE_CURVE('',#4568,#9685,#9693,.T.);
#9693 = LINE('',#9694,#9695);
#9694 = CARTESIAN_POINT('',(2.1,6.9,11.1));
#9695 = VECTOR('',#9696,1.);
#9696 = DIRECTION('',(1.224646799147E-16,0.,-1.));
#9697 = PLANE('',#9698);
#9698 = AXIS2_PLACEMENT_3D('',#9699,#9700,#9701);
#9699 = CARTESIAN_POINT('',(2.123074154893,7.177136956036,11.1));
#9700 = DIRECTION('',(-0.996551883345,8.297194587104E-02,
    -1.220424074123E-16));
#9701 = DIRECTION('',(-8.297194587104E-02,-0.996551883345,
    -1.0161132793E-17));
#9702 = ADVANCED_FACE('',(#9703),#9721,.F.);
#9703 = FACE_BOUND('',#9704,.F.);
#9704 = EDGE_LOOP('',(#9705,#9706,#9714,#9720));
#9705 = ORIENTED_EDGE('',*,*,#4183,.F.);
#9706 = ORIENTED_EDGE('',*,*,#9707,.T.);
#9707 = EDGE_CURVE('',#4184,#9708,#9710,.T.);
#9708 = VERTEX_POINT('',#9709);
#9709 = CARTESIAN_POINT('',(9.3,6.9,9.8));
#9710 = LINE('',#9711,#9712);
#9711 = CARTESIAN_POINT('',(9.3,6.9,11.1));
#9712 = VECTOR('',#9713,1.);
#9713 = DIRECTION('',(1.224646799147E-16,0.,-1.));
#9714 = ORIENTED_EDGE('',*,*,#9715,.F.);
#9715 = EDGE_CURVE('',#9660,#9708,#9716,.T.);
#9716 = LINE('',#9717,#9718);
#9717 = CARTESIAN_POINT('',(9.553253980105,3.858240183606,9.8));
#9718 = VECTOR('',#9719,1.);
#9719 = DIRECTION('',(8.297194587103E-02,-0.996551883345,
    1.0161132793E-17));
#9720 = ORIENTED_EDGE('',*,*,#9659,.F.);
#9721 = PLANE('',#9722);
#9722 = AXIS2_PLACEMENT_3D('',#9723,#9724,#9725);
#9723 = CARTESIAN_POINT('',(9.3,6.9,11.1));
#9724 = DIRECTION('',(0.996551883345,8.297194587103E-02,
    1.220424074123E-16));
#9725 = DIRECTION('',(-8.297194587103E-02,0.996551883345,
    -1.0161132793E-17));
#9726 = ADVANCED_FACE('',(#9727),#9745,.F.);
#9727 = FACE_BOUND('',#9728,.F.);
#9728 = EDGE_LOOP('',(#9729,#9730,#9731,#9739));
#9729 = ORIENTED_EDGE('',*,*,#4567,.F.);
#9730 = ORIENTED_EDGE('',*,*,#9692,.T.);
#9731 = ORIENTED_EDGE('',*,*,#9732,.F.);
#9732 = EDGE_CURVE('',#9733,#9685,#9735,.T.);
#9733 = VERTEX_POINT('',#9734);
#9734 = CARTESIAN_POINT('',(2.123074154893,6.618947360225,9.8));
#9735 = LINE('',#9736,#9737);
#9736 = CARTESIAN_POINT('',(2.374315501554,3.558725045366,9.8));
#9737 = VECTOR('',#9738,1.);
#9738 = DIRECTION('',(-8.182375724519E-02,0.996646814448,
    -1.002052024045E-17));
#9739 = ORIENTED_EDGE('',*,*,#9740,.F.);
#9740 = EDGE_CURVE('',#4560,#9733,#9741,.T.);
#9741 = LINE('',#9742,#9743);
#9742 = CARTESIAN_POINT('',(2.123074154893,6.618947360225,11.1));
#9743 = VECTOR('',#9744,1.);
#9744 = DIRECTION('',(1.224646799147E-16,0.,-1.));
#9745 = PLANE('',#9746);
#9746 = AXIS2_PLACEMENT_3D('',#9747,#9748,#9749);
#9747 = CARTESIAN_POINT('',(2.1,6.9,11.1));
#9748 = DIRECTION('',(-0.996646814448,-8.182375724519E-02,
    -1.220540331195E-16));
#9749 = DIRECTION('',(8.182375724519E-02,-0.996646814448,
    1.002052024045E-17));
#9750 = ADVANCED_FACE('',(#9751),#9769,.F.);
#9751 = FACE_BOUND('',#9752,.F.);
#9752 = EDGE_LOOP('',(#9753,#9754,#9762,#9768));
#9753 = ORIENTED_EDGE('',*,*,#4191,.F.);
#9754 = ORIENTED_EDGE('',*,*,#9755,.T.);
#9755 = EDGE_CURVE('',#4192,#9756,#9758,.T.);
#9756 = VERTEX_POINT('',#9757);
#9757 = CARTESIAN_POINT('',(9.276925845107,6.618947360225,9.8));
#9758 = LINE('',#9759,#9760);
#9759 = CARTESIAN_POINT('',(9.276925845107,6.618947360225,11.1));
#9760 = VECTOR('',#9761,1.);
#9761 = DIRECTION('',(1.224646799147E-16,0.,-1.));
#9762 = ORIENTED_EDGE('',*,*,#9763,.F.);
#9763 = EDGE_CURVE('',#9708,#9756,#9764,.T.);
#9764 = LINE('',#9765,#9766);
#9765 = CARTESIAN_POINT('',(8.975985195676,2.953367219553,9.8));
#9766 = VECTOR('',#9767,1.);
#9767 = DIRECTION('',(-8.182375724519E-02,-0.996646814448,
    -1.002052024045E-17));
#9768 = ORIENTED_EDGE('',*,*,#9707,.F.);
#9769 = PLANE('',#9770);
#9770 = AXIS2_PLACEMENT_3D('',#9771,#9772,#9773);
#9771 = CARTESIAN_POINT('',(9.276925845107,6.618947360225,11.1));
#9772 = DIRECTION('',(0.996646814448,-8.182375724519E-02,
    1.220540331195E-16));
#9773 = DIRECTION('',(8.182375724519E-02,0.996646814448,
    1.002052024045E-17));
#9774 = ADVANCED_FACE('',(#9775),#9793,.F.);
#9775 = FACE_BOUND('',#9776,.F.);
#9776 = EDGE_LOOP('',(#9777,#9778,#9779,#9787));
#9777 = ORIENTED_EDGE('',*,*,#4559,.F.);
#9778 = ORIENTED_EDGE('',*,*,#9740,.T.);
#9779 = ORIENTED_EDGE('',*,*,#9780,.F.);
#9780 = EDGE_CURVE('',#9781,#9733,#9783,.T.);
#9781 = VERTEX_POINT('',#9782);
#9782 = CARTESIAN_POINT('',(2.191607295031,6.337814181916,9.8));
#9783 = LINE('',#9784,#9785);
#9784 = CARTESIAN_POINT('',(2.825041755407,3.73937140316,9.8));
#9785 = VECTOR('',#9786,1.);
#9786 = DIRECTION('',(-0.236838989617,0.971548914362,-2.900441105476E-17
    ));
#9787 = ORIENTED_EDGE('',*,*,#9788,.F.);
#9788 = EDGE_CURVE('',#4552,#9781,#9789,.T.);
#9789 = LINE('',#9790,#9791);
#9790 = CARTESIAN_POINT('',(2.191607295031,6.337814181916,11.1));
#9791 = VECTOR('',#9792,1.);
#9792 = DIRECTION('',(1.224646799147E-16,0.,-1.));
#9793 = PLANE('',#9794);
#9794 = AXIS2_PLACEMENT_3D('',#9795,#9796,#9797);
#9795 = CARTESIAN_POINT('',(2.123074154893,6.618947360225,11.1));
#9796 = DIRECTION('',(-0.971548914362,-0.236838989617,
    -1.189804268188E-16));
#9797 = DIRECTION('',(0.236838989617,-0.971548914362,2.900441105476E-17)
  );
#9798 = ADVANCED_FACE('',(#9799),#9817,.F.);
#9799 = FACE_BOUND('',#9800,.F.);
#9800 = EDGE_LOOP('',(#9801,#9802,#9810,#9816));
#9801 = ORIENTED_EDGE('',*,*,#4199,.F.);
#9802 = ORIENTED_EDGE('',*,*,#9803,.T.);
#9803 = EDGE_CURVE('',#4200,#9804,#9806,.T.);
#9804 = VERTEX_POINT('',#9805);
#9805 = CARTESIAN_POINT('',(9.208392704969,6.337814181916,9.8));
#9806 = LINE('',#9807,#9808);
#9807 = CARTESIAN_POINT('',(9.208392704969,6.337814181916,11.1));
#9808 = VECTOR('',#9809,1.);
#9809 = DIRECTION('',(1.224646799147E-16,0.,-1.));
#9810 = ORIENTED_EDGE('',*,*,#9811,.F.);
#9811 = EDGE_CURVE('',#9756,#9804,#9812,.T.);
#9812 = LINE('',#9813,#9814);
#9813 = CARTESIAN_POINT('',(8.220963244608,2.287231033532,9.8));
#9814 = VECTOR('',#9815,1.);
#9815 = DIRECTION('',(-0.236838989617,-0.971548914362,
    -2.900441105476E-17));
#9816 = ORIENTED_EDGE('',*,*,#9755,.F.);
#9817 = PLANE('',#9818);
#9818 = AXIS2_PLACEMENT_3D('',#9819,#9820,#9821);
#9819 = CARTESIAN_POINT('',(9.208392704969,6.337814181916,11.1));
#9820 = DIRECTION('',(0.971548914362,-0.236838989617,1.189804268188E-16)
  );
#9821 = DIRECTION('',(0.236838989617,0.971548914362,2.900441105476E-17)
  );
#9822 = ADVANCED_FACE('',(#9823),#9841,.F.);
#9823 = FACE_BOUND('',#9824,.F.);
#9824 = EDGE_LOOP('',(#9825,#9826,#9827,#9835));
#9825 = ORIENTED_EDGE('',*,*,#4551,.F.);
#9826 = ORIENTED_EDGE('',*,*,#9788,.T.);
#9827 = ORIENTED_EDGE('',*,*,#9828,.F.);
#9828 = EDGE_CURVE('',#9829,#9781,#9831,.T.);
#9829 = VERTEX_POINT('',#9830);
#9830 = CARTESIAN_POINT('',(2.303557091839,6.059619651552,9.8));
#9831 = LINE('',#9832,#9833);
#9832 = CARTESIAN_POINT('',(3.136377698683,3.990065760405,9.8));
#9833 = VECTOR('',#9834,1.);
#9834 = DIRECTION('',(-0.373321668482,0.927701962832,-4.571871863585E-17
    ));
#9835 = ORIENTED_EDGE('',*,*,#9836,.F.);
#9836 = EDGE_CURVE('',#4544,#9829,#9837,.T.);
#9837 = LINE('',#9838,#9839);
#9838 = CARTESIAN_POINT('',(2.303557091839,6.059619651552,11.1));
#9839 = VECTOR('',#9840,1.);
#9840 = DIRECTION('',(1.224646799147E-16,0.,-1.));
#9841 = PLANE('',#9842);
#9842 = AXIS2_PLACEMENT_3D('',#9843,#9844,#9845);
#9843 = CARTESIAN_POINT('',(2.191607295031,6.337814181916,11.1));
#9844 = DIRECTION('',(-0.927701962832,-0.373321668482,
    -1.136107239345E-16));
#9845 = DIRECTION('',(0.373321668482,-0.927701962832,4.571871863585E-17)
  );
#9846 = ADVANCED_FACE('',(#9847),#9865,.F.);
#9847 = FACE_BOUND('',#9848,.F.);
#9848 = EDGE_LOOP('',(#9849,#9850,#9858,#9864));
#9849 = ORIENTED_EDGE('',*,*,#4207,.F.);
#9850 = ORIENTED_EDGE('',*,*,#9851,.T.);
#9851 = EDGE_CURVE('',#4208,#9852,#9854,.T.);
#9852 = VERTEX_POINT('',#9853);
#9853 = CARTESIAN_POINT('',(9.096442908161,6.059619651552,9.8));
#9854 = LINE('',#9855,#9856);
#9855 = CARTESIAN_POINT('',(9.096442908161,6.059619651552,11.1));
#9856 = VECTOR('',#9857,1.);
#9857 = DIRECTION('',(1.224646799147E-16,0.,-1.));
#9858 = ORIENTED_EDGE('',*,*,#9859,.F.);
#9859 = EDGE_CURVE('',#9804,#9852,#9860,.T.);
#9860 = LINE('',#9861,#9862);
#9861 = CARTESIAN_POINT('',(7.413243714412,1.8768804009,9.8));
#9862 = VECTOR('',#9863,1.);
#9863 = DIRECTION('',(-0.373321668482,-0.927701962832,
    -4.571871863585E-17));
#9864 = ORIENTED_EDGE('',*,*,#9803,.F.);
#9865 = PLANE('',#9866);
#9866 = AXIS2_PLACEMENT_3D('',#9867,#9868,#9869);
#9867 = CARTESIAN_POINT('',(9.096442908161,6.059619651552,11.1));
#9868 = DIRECTION('',(0.927701962832,-0.373321668482,1.136107239345E-16)
  );
#9869 = DIRECTION('',(0.373321668482,0.927701962832,4.571871863585E-17)
  );
#9870 = ADVANCED_FACE('',(#9871),#9889,.F.);
#9871 = FACE_BOUND('',#9872,.F.);
#9872 = EDGE_LOOP('',(#9873,#9874,#9875,#9883));
#9873 = ORIENTED_EDGE('',*,*,#4543,.F.);
#9874 = ORIENTED_EDGE('',*,*,#9836,.T.);
#9875 = ORIENTED_EDGE('',*,*,#9876,.F.);
#9876 = EDGE_CURVE('',#9877,#9829,#9879,.T.);
#9877 = VERTEX_POINT('',#9878);
#9878 = CARTESIAN_POINT('',(2.455604165952,5.786534820799,9.8));
#9879 = LINE('',#9880,#9881);
#9880 = CARTESIAN_POINT('',(3.318728913515,4.236315739089,9.8));
#9881 = VECTOR('',#9882,1.);
#9882 = DIRECTION('',(-0.486457526341,0.873704226306,-5.957386525552E-17
    ));
#9883 = ORIENTED_EDGE('',*,*,#9884,.F.);
#9884 = EDGE_CURVE('',#4536,#9877,#9885,.T.);
#9885 = LINE('',#9886,#9887);
#9886 = CARTESIAN_POINT('',(2.455604165952,5.786534820799,11.1));
#9887 = VECTOR('',#9888,1.);
#9888 = DIRECTION('',(1.224646799147E-16,0.,-1.));
#9889 = PLANE('',#9890);
#9890 = AXIS2_PLACEMENT_3D('',#9891,#9892,#9893);
#9891 = CARTESIAN_POINT('',(2.303557091839,6.059619651552,11.1));
#9892 = DIRECTION('',(-0.873704226306,-0.486457526341,
    -1.069979084148E-16));
#9893 = DIRECTION('',(0.486457526341,-0.873704226306,5.957386525552E-17)
  );
#9894 = ADVANCED_FACE('',(#9895),#9913,.F.);
#9895 = FACE_BOUND('',#9896,.F.);
#9896 = EDGE_LOOP('',(#9897,#9898,#9906,#9912));
#9897 = ORIENTED_EDGE('',*,*,#4215,.F.);
#9898 = ORIENTED_EDGE('',*,*,#9899,.T.);
#9899 = EDGE_CURVE('',#4216,#9900,#9902,.T.);
#9900 = VERTEX_POINT('',#9901);
#9901 = CARTESIAN_POINT('',(8.944395834048,5.786534820799,9.8));
#9902 = LINE('',#9903,#9904);
#9903 = CARTESIAN_POINT('',(8.944395834048,5.786534820799,11.1));
#9904 = VECTOR('',#9905,1.);
#9905 = DIRECTION('',(1.224646799147E-16,0.,-1.));
#9906 = ORIENTED_EDGE('',*,*,#9907,.F.);
#9907 = EDGE_CURVE('',#9852,#9900,#9908,.T.);
#9908 = LINE('',#9909,#9910);
#9909 = CARTESIAN_POINT('',(6.656394277304,1.677159342619,9.8));
#9910 = VECTOR('',#9911,1.);
#9911 = DIRECTION('',(-0.486457526341,-0.873704226306,
    -5.957386525552E-17));
#9912 = ORIENTED_EDGE('',*,*,#9851,.F.);
#9913 = PLANE('',#9914);
#9914 = AXIS2_PLACEMENT_3D('',#9915,#9916,#9917);
#9915 = CARTESIAN_POINT('',(8.944395834048,5.786534820799,11.1));
#9916 = DIRECTION('',(0.873704226306,-0.486457526341,1.069979084148E-16)
  );
#9917 = DIRECTION('',(0.486457526341,0.873704226306,5.957386525552E-17)
  );
#9918 = ADVANCED_FACE('',(#9919),#9937,.F.);
#9919 = FACE_BOUND('',#9920,.F.);
#9920 = EDGE_LOOP('',(#9921,#9922,#9923,#9931));
#9921 = ORIENTED_EDGE('',*,*,#4535,.F.);
#9922 = ORIENTED_EDGE('',*,*,#9884,.T.);
#9923 = ORIENTED_EDGE('',*,*,#9924,.F.);
#9924 = EDGE_CURVE('',#9925,#9877,#9927,.T.);
#9925 = VERTEX_POINT('',#9926);
#9926 = CARTESIAN_POINT('',(2.643275440646,5.519916461132,9.8));
#9927 = LINE('',#9928,#9929);
#9928 = CARTESIAN_POINT('',(3.410635959036,4.429752806518,9.8));
#9929 = VECTOR('',#9930,1.);
#9930 = DIRECTION('',(-0.575597908502,0.817732870642,-7.049041362427E-17
    ));
#9931 = ORIENTED_EDGE('',*,*,#9932,.F.);
#9932 = EDGE_CURVE('',#4528,#9925,#9933,.T.);
#9933 = LINE('',#9934,#9935);
#9934 = CARTESIAN_POINT('',(2.643275440646,5.519916461132,11.1));
#9935 = VECTOR('',#9936,1.);
#9936 = DIRECTION('',(1.224646799147E-16,0.,-1.));
#9937 = PLANE('',#9938);
#9938 = AXIS2_PLACEMENT_3D('',#9939,#9940,#9941);
#9939 = CARTESIAN_POINT('',(2.455604165952,5.786534820799,11.1));
#9940 = DIRECTION('',(-0.817732870642,-0.575597908502,
    -1.001433942589E-16));
#9941 = DIRECTION('',(0.575597908502,-0.817732870642,7.049041362427E-17)
  );
#9942 = ADVANCED_FACE('',(#9943),#9961,.F.);
#9943 = FACE_BOUND('',#9944,.F.);
#9944 = EDGE_LOOP('',(#9945,#9946,#9954,#9960));
#9945 = ORIENTED_EDGE('',*,*,#4223,.F.);
#9946 = ORIENTED_EDGE('',*,*,#9947,.T.);
#9947 = EDGE_CURVE('',#4224,#9948,#9950,.T.);
#9948 = VERTEX_POINT('',#9949);
#9949 = CARTESIAN_POINT('',(8.756724559354,5.519916461132,9.8));
#9950 = LINE('',#9951,#9952);
#9951 = CARTESIAN_POINT('',(8.756724559354,5.519916461132,11.1));
#9952 = VECTOR('',#9953,1.);
#9953 = DIRECTION('',(1.224646799147E-16,0.,-1.));
#9954 = ORIENTED_EDGE('',*,*,#9955,.F.);
#9955 = EDGE_CURVE('',#9900,#9948,#9956,.T.);
#9956 = LINE('',#9957,#9958);
#9957 = CARTESIAN_POINT('',(6.007044575668,1.613537245372,9.8));
#9958 = VECTOR('',#9959,1.);
#9959 = DIRECTION('',(-0.575597908502,-0.817732870642,
    -7.049041362427E-17));
#9960 = ORIENTED_EDGE('',*,*,#9899,.F.);
#9961 = PLANE('',#9962);
#9962 = AXIS2_PLACEMENT_3D('',#9963,#9964,#9965);
#9963 = CARTESIAN_POINT('',(8.756724559354,5.519916461132,11.1));
#9964 = DIRECTION('',(0.817732870642,-0.575597908502,1.001433942589E-16)
  );
#9965 = DIRECTION('',(0.575597908502,0.817732870642,7.049041362427E-17)
  );
#9966 = ADVANCED_FACE('',(#9967),#9985,.F.);
#9967 = FACE_BOUND('',#9968,.F.);
#9968 = EDGE_LOOP('',(#9969,#9970,#9971,#9979));
#9969 = ORIENTED_EDGE('',*,*,#4527,.F.);
#9970 = ORIENTED_EDGE('',*,*,#9932,.T.);
#9971 = ORIENTED_EDGE('',*,*,#9972,.F.);
#9972 = EDGE_CURVE('',#9973,#9925,#9975,.T.);
#9973 = VERTEX_POINT('',#9974);
#9974 = CARTESIAN_POINT('',(2.861110173091,5.260400299537,9.8));
#9975 = LINE('',#9976,#9977);
#9976 = CARTESIAN_POINT('',(3.45608152392,4.551584586392,9.8));
#9977 = VECTOR('',#9978,1.);
#9978 = DIRECTION('',(-0.642917179881,0.765935702141,-7.873464664585E-17
    ));
#9979 = ORIENTED_EDGE('',*,*,#9980,.F.);
#9980 = EDGE_CURVE('',#4520,#9973,#9981,.T.);
#9981 = LINE('',#9982,#9983);
#9982 = CARTESIAN_POINT('',(2.861110173091,5.260400299537,11.1));
#9983 = VECTOR('',#9984,1.);
#9984 = DIRECTION('',(1.224646799147E-16,0.,-1.));
#9985 = PLANE('',#9986);
#9986 = AXIS2_PLACEMENT_3D('',#9987,#9988,#9989);
#9987 = CARTESIAN_POINT('',(2.643275440646,5.519916461132,11.1));
#9988 = DIRECTION('',(-0.765935702141,-0.642917179881,
    -9.380007059791E-17));
#9989 = DIRECTION('',(0.642917179881,-0.765935702141,7.873464664585E-17)
  );
#9990 = ADVANCED_FACE('',(#9991),#10009,.F.);
#9991 = FACE_BOUND('',#9992,.F.);
#9992 = EDGE_LOOP('',(#9993,#9994,#10002,#10008));
#9993 = ORIENTED_EDGE('',*,*,#4231,.F.);
#9994 = ORIENTED_EDGE('',*,*,#9995,.T.);
#9995 = EDGE_CURVE('',#4232,#9996,#9998,.T.);
#9996 = VERTEX_POINT('',#9997);
#9997 = CARTESIAN_POINT('',(8.538889826909,5.260400299537,9.8));
#9998 = LINE('',#9999,#10000);
#9999 = CARTESIAN_POINT('',(8.538889826909,5.260400299537,11.1));
#10000 = VECTOR('',#10001,1.);
#10001 = DIRECTION('',(1.224646799147E-16,0.,-1.));
#10002 = ORIENTED_EDGE('',*,*,#10003,.F.);
#10003 = EDGE_CURVE('',#9948,#9996,#10004,.T.);
#10004 = LINE('',#10005,#10006);
#10005 = CARTESIAN_POINT('',(5.478948858795,1.614957142529,9.8));
#10006 = VECTOR('',#10007,1.);
#10007 = DIRECTION('',(-0.642917179881,-0.765935702141,
    -7.873464664585E-17));
#10008 = ORIENTED_EDGE('',*,*,#9947,.F.);
#10009 = PLANE('',#10010);
#10010 = AXIS2_PLACEMENT_3D('',#10011,#10012,#10013);
#10011 = CARTESIAN_POINT('',(8.538889826909,5.260400299537,11.1));
#10012 = DIRECTION('',(0.765935702141,-0.642917179881,9.380007059791E-17
    ));
#10013 = DIRECTION('',(0.642917179881,0.765935702141,7.873464664585E-17)
  );
#10014 = ADVANCED_FACE('',(#10015),#10033,.F.);
#10015 = FACE_BOUND('',#10016,.F.);
#10016 = EDGE_LOOP('',(#10017,#10018,#10019,#10027));
#10017 = ORIENTED_EDGE('',*,*,#4519,.F.);
#10018 = ORIENTED_EDGE('',*,*,#9980,.T.);
#10019 = ORIENTED_EDGE('',*,*,#10020,.F.);
#10020 = EDGE_CURVE('',#10021,#9973,#10023,.T.);
#10021 = VERTEX_POINT('',#10022);
#10022 = CARTESIAN_POINT('',(3.102862308047,5.008043097711,9.8));
#10023 = LINE('',#10024,#10025);
#10024 = CARTESIAN_POINT('',(3.490411494979,4.603493088662,9.8));
#10025 = VECTOR('',#10026,1.);
#10026 = DIRECTION('',(-0.691770833651,0.72211710526,-8.471749371745E-17
    ));
#10027 = ORIENTED_EDGE('',*,*,#10028,.F.);
#10028 = EDGE_CURVE('',#4512,#10021,#10029,.T.);
#10029 = LINE('',#10030,#10031);
#10030 = CARTESIAN_POINT('',(3.102862308047,5.008043097711,11.1));
#10031 = VECTOR('',#10032,1.);
#10032 = DIRECTION('',(1.224646799147E-16,0.,-1.));
#10033 = PLANE('',#10034);
#10034 = AXIS2_PLACEMENT_3D('',#10035,#10036,#10037);
#10035 = CARTESIAN_POINT('',(2.861110173091,5.260400299537,11.1));
#10036 = DIRECTION('',(-0.72211710526,-0.691770833651,
    -8.843384015665E-17));
#10037 = DIRECTION('',(0.691770833651,-0.72211710526,8.471749371745E-17)
  );
#10038 = ADVANCED_FACE('',(#10039),#10057,.F.);
#10039 = FACE_BOUND('',#10040,.F.);
#10040 = EDGE_LOOP('',(#10041,#10042,#10050,#10056));
#10041 = ORIENTED_EDGE('',*,*,#4239,.F.);
#10042 = ORIENTED_EDGE('',*,*,#10043,.T.);
#10043 = EDGE_CURVE('',#4240,#10044,#10046,.T.);
#10044 = VERTEX_POINT('',#10045);
#10045 = CARTESIAN_POINT('',(8.297137691953,5.008043097711,9.8));
#10046 = LINE('',#10047,#10048);
#10047 = CARTESIAN_POINT('',(8.297137691953,5.008043097711,11.1));
#10048 = VECTOR('',#10049,1.);
#10049 = DIRECTION('',(1.224646799147E-16,0.,-1.));
#10050 = ORIENTED_EDGE('',*,*,#10051,.F.);
#10051 = EDGE_CURVE('',#9996,#10044,#10052,.T.);
#10052 = LINE('',#10053,#10054);
#10053 = CARTESIAN_POINT('',(5.060995185686,1.629939041921,9.8));
#10054 = VECTOR('',#10055,1.);
#10055 = DIRECTION('',(-0.691770833651,-0.72211710526,
    -8.471749371745E-17));
#10056 = ORIENTED_EDGE('',*,*,#9995,.F.);
#10057 = PLANE('',#10058);
#10058 = AXIS2_PLACEMENT_3D('',#10059,#10060,#10061);
#10059 = CARTESIAN_POINT('',(8.297137691953,5.008043097711,11.1));
#10060 = DIRECTION('',(0.72211710526,-0.691770833651,8.843384015665E-17)
  );
#10061 = DIRECTION('',(0.691770833651,0.72211710526,8.471749371745E-17)
  );
#10062 = ADVANCED_FACE('',(#10063),#10081,.F.);
#10063 = FACE_BOUND('',#10064,.F.);
#10064 = EDGE_LOOP('',(#10065,#10066,#10067,#10075));
#10065 = ORIENTED_EDGE('',*,*,#4511,.F.);
#10066 = ORIENTED_EDGE('',*,*,#10028,.T.);
#10067 = ORIENTED_EDGE('',*,*,#10068,.F.);
#10068 = EDGE_CURVE('',#10069,#10021,#10071,.T.);
#10069 = VERTEX_POINT('',#10070);
#10070 = CARTESIAN_POINT('',(3.361731409782,4.7625,9.8));
#10071 = LINE('',#10072,#10073);
#10072 = CARTESIAN_POINT('',(3.536452542773,4.59677312127,9.8));
#10073 = VECTOR('',#10074,1.);
#10074 = DIRECTION('',(-0.725534596663,0.688185693723,
    -8.885236214735E-17));
#10075 = ORIENTED_EDGE('',*,*,#10076,.F.);
#10076 = EDGE_CURVE('',#4504,#10069,#10077,.T.);
#10077 = LINE('',#10078,#10079);
#10078 = CARTESIAN_POINT('',(3.361731409782,4.7625,11.1));
#10079 = VECTOR('',#10080,1.);
#10080 = DIRECTION('',(1.224646799147E-16,0.,-1.));
#10081 = PLANE('',#10082);
#10082 = AXIS2_PLACEMENT_3D('',#10083,#10084,#10085);
#10083 = CARTESIAN_POINT('',(3.102862308047,5.008043097711,11.1));
#10084 = DIRECTION('',(-0.688185693723,-0.725534596663,
    -8.427844070374E-17));
#10085 = DIRECTION('',(0.725534596663,-0.688185693723,8.885236214735E-17
    ));
#10086 = ADVANCED_FACE('',(#10087),#10105,.F.);
#10087 = FACE_BOUND('',#10088,.F.);
#10088 = EDGE_LOOP('',(#10089,#10090,#10098,#10104));
#10089 = ORIENTED_EDGE('',*,*,#4247,.F.);
#10090 = ORIENTED_EDGE('',*,*,#10091,.T.);
#10091 = EDGE_CURVE('',#4248,#10092,#10094,.T.);
#10092 = VERTEX_POINT('',#10093);
#10093 = CARTESIAN_POINT('',(8.038268590218,4.7625,9.8));
#10094 = LINE('',#10095,#10096);
#10095 = CARTESIAN_POINT('',(8.038268590218,4.7625,11.1));
#10096 = VECTOR('',#10097,1.);
#10097 = DIRECTION('',(1.224646799147E-16,0.,-1.));
#10098 = ORIENTED_EDGE('',*,*,#10099,.F.);
#10099 = EDGE_CURVE('',#10044,#10092,#10100,.T.);
#10100 = LINE('',#10101,#10102);
#10101 = CARTESIAN_POINT('',(4.73363033592,1.627977152984,9.8));
#10102 = VECTOR('',#10103,1.);
#10103 = DIRECTION('',(-0.725534596663,-0.688185693723,
    -8.885236214735E-17));
#10104 = ORIENTED_EDGE('',*,*,#10043,.F.);
#10105 = PLANE('',#10106);
#10106 = AXIS2_PLACEMENT_3D('',#10107,#10108,#10109);
#10107 = CARTESIAN_POINT('',(8.038268590218,4.7625,11.1));
#10108 = DIRECTION('',(0.688185693723,-0.725534596663,8.427844070374E-17
    ));
#10109 = DIRECTION('',(0.725534596663,0.688185693723,8.885236214735E-17)
  );
#10110 = ADVANCED_FACE('',(#10111),#10129,.F.);
#10111 = FACE_BOUND('',#10112,.F.);
#10112 = EDGE_LOOP('',(#10113,#10114,#10115,#10123));
#10113 = ORIENTED_EDGE('',*,*,#4503,.F.);
#10114 = ORIENTED_EDGE('',*,*,#10076,.T.);
#10115 = ORIENTED_EDGE('',*,*,#10116,.F.);
#10116 = EDGE_CURVE('',#10117,#10069,#10119,.T.);
#10117 = VERTEX_POINT('',#10118);
#10118 = CARTESIAN_POINT('',(3.630613336598,4.523221579414,9.8));
#10119 = LINE('',#10120,#10121);
#10120 = CARTESIAN_POINT('',(3.606279731954,4.544876089835,9.8));
#10121 = VECTOR('',#10122,1.);
#10122 = DIRECTION('',(-0.747033593422,0.664786289193,
    -9.148522990399E-17));
#10123 = ORIENTED_EDGE('',*,*,#10124,.F.);
#10124 = EDGE_CURVE('',#4496,#10117,#10125,.T.);
#10125 = LINE('',#10126,#10127);
#10126 = CARTESIAN_POINT('',(3.630613336598,4.523221579414,11.1));
#10127 = VECTOR('',#10128,1.);
#10128 = DIRECTION('',(1.224646799147E-16,0.,-1.));
#10129 = PLANE('',#10130);
#10130 = AXIS2_PLACEMENT_3D('',#10131,#10132,#10133);
#10131 = CARTESIAN_POINT('',(3.361731409782,4.7625,11.1));
#10132 = DIRECTION('',(-0.664786289193,-0.747033593422,
    -8.141284011771E-17));
#10133 = DIRECTION('',(0.747033593422,-0.664786289193,9.148522990399E-17
    ));
#10134 = ADVANCED_FACE('',(#10135),#10153,.F.);
#10135 = FACE_BOUND('',#10136,.F.);
#10136 = EDGE_LOOP('',(#10137,#10138,#10146,#10152));
#10137 = ORIENTED_EDGE('',*,*,#4255,.F.);
#10138 = ORIENTED_EDGE('',*,*,#10139,.T.);
#10139 = EDGE_CURVE('',#4256,#10140,#10142,.T.);
#10140 = VERTEX_POINT('',#10141);
#10141 = CARTESIAN_POINT('',(7.769386663402,4.523221579414,9.8));
#10142 = LINE('',#10143,#10144);
#10143 = CARTESIAN_POINT('',(7.769386663402,4.523221579414,11.1));
#10144 = VECTOR('',#10145,1.);
#10145 = DIRECTION('',(1.224646799147E-16,0.,-1.));
#10146 = ORIENTED_EDGE('',*,*,#10147,.F.);
#10147 = EDGE_CURVE('',#10092,#10140,#10148,.T.);
#10148 = LINE('',#10149,#10150);
#10149 = CARTESIAN_POINT('',(4.478341923341,1.594516043843,9.8));
#10150 = VECTOR('',#10151,1.);
#10151 = DIRECTION('',(-0.747033593422,-0.664786289193,
    -9.148522990399E-17));
#10152 = ORIENTED_EDGE('',*,*,#10091,.F.);
#10153 = PLANE('',#10154);
#10154 = AXIS2_PLACEMENT_3D('',#10155,#10156,#10157);
#10155 = CARTESIAN_POINT('',(7.769386663402,4.523221579414,11.1));
#10156 = DIRECTION('',(0.664786289193,-0.747033593422,8.141284011771E-17
    ));
#10157 = DIRECTION('',(0.747033593422,0.664786289193,9.148522990399E-17)
  );
#10158 = ADVANCED_FACE('',(#10159),#10177,.F.);
#10159 = FACE_BOUND('',#10160,.F.);
#10160 = EDGE_LOOP('',(#10161,#10162,#10163,#10171));
#10161 = ORIENTED_EDGE('',*,*,#4495,.F.);
#10162 = ORIENTED_EDGE('',*,*,#10124,.T.);
#10163 = ORIENTED_EDGE('',*,*,#10164,.F.);
#10164 = EDGE_CURVE('',#10165,#10117,#10167,.T.);
#10165 = VERTEX_POINT('',#10166);
#10166 = CARTESIAN_POINT('',(3.902361070342,4.289654172111,9.8));
#10167 = LINE('',#10168,#10169);
#10168 = CARTESIAN_POINT('',(3.704545951447,4.459676434335,9.8));
#10169 = VECTOR('',#10170,1.);
#10170 = DIRECTION('',(-0.758372304501,0.651821638001,-9.28738215269E-17
    ));
#10171 = ORIENTED_EDGE('',*,*,#10172,.F.);
#10172 = EDGE_CURVE('',#4488,#10165,#10173,.T.);
#10173 = LINE('',#10174,#10175);
#10174 = CARTESIAN_POINT('',(3.902361070342,4.289654172111,11.1));
#10175 = VECTOR('',#10176,1.);
#10176 = DIRECTION('',(1.224646799147E-16,0.,-1.));
#10177 = PLANE('',#10178);
#10178 = AXIS2_PLACEMENT_3D('',#10179,#10180,#10181);
#10179 = CARTESIAN_POINT('',(3.630613336598,4.523221579414,11.1));
#10180 = DIRECTION('',(-0.651821638001,-0.758372304501,
    -7.982512825927E-17));
#10181 = DIRECTION('',(0.758372304501,-0.651821638001,9.28738215269E-17)
  );
#10182 = ADVANCED_FACE('',(#10183),#10201,.F.);
#10183 = FACE_BOUND('',#10184,.F.);
#10184 = EDGE_LOOP('',(#10185,#10186,#10194,#10200));
#10185 = ORIENTED_EDGE('',*,*,#4263,.F.);
#10186 = ORIENTED_EDGE('',*,*,#10187,.T.);
#10187 = EDGE_CURVE('',#4264,#10188,#10190,.T.);
#10188 = VERTEX_POINT('',#10189);
#10189 = CARTESIAN_POINT('',(7.497638929658,4.289654172111,9.8));
#10190 = LINE('',#10191,#10192);
#10191 = CARTESIAN_POINT('',(7.497638929658,4.289654172111,11.1));
#10192 = VECTOR('',#10193,1.);
#10193 = DIRECTION('',(1.224646799147E-16,0.,-1.));
#10194 = ORIENTED_EDGE('',*,*,#10195,.F.);
#10195 = EDGE_CURVE('',#10140,#10188,#10196,.T.);
#10196 = LINE('',#10197,#10198);
#10197 = CARTESIAN_POINT('',(4.281347433947,1.525248907599,9.8));
#10198 = VECTOR('',#10199,1.);
#10199 = DIRECTION('',(-0.758372304501,-0.651821638001,
    -9.28738215269E-17));
#10200 = ORIENTED_EDGE('',*,*,#10139,.F.);
#10201 = PLANE('',#10202);
#10202 = AXIS2_PLACEMENT_3D('',#10203,#10204,#10205);
#10203 = CARTESIAN_POINT('',(7.497638929658,4.289654172111,11.1));
#10204 = DIRECTION('',(0.651821638001,-0.758372304501,7.982512825927E-17
    ));
#10205 = DIRECTION('',(0.758372304501,0.651821638001,9.28738215269E-17)
  );
#10206 = ADVANCED_FACE('',(#10207),#10225,.F.);
#10207 = FACE_BOUND('',#10208,.F.);
#10208 = EDGE_LOOP('',(#10209,#10210,#10211,#10219));
#10209 = ORIENTED_EDGE('',*,*,#4487,.F.);
#10210 = ORIENTED_EDGE('',*,*,#10172,.T.);
#10211 = ORIENTED_EDGE('',*,*,#10212,.F.);
#10212 = EDGE_CURVE('',#10213,#10165,#10215,.T.);
#10213 = VERTEX_POINT('',#10214);
#10214 = CARTESIAN_POINT('',(4.170045729524,4.061427442459,9.8));
#10215 = LINE('',#10216,#10217);
#10216 = CARTESIAN_POINT('',(3.831419318279,4.350138789043,9.8));
#10217 = VECTOR('',#10218,1.);
#10218 = DIRECTION('',(-0.76096382253,0.648794313169,-9.319119095285E-17
    ));
#10219 = ORIENTED_EDGE('',*,*,#10220,.F.);
#10220 = EDGE_CURVE('',#4480,#10213,#10221,.T.);
#10221 = LINE('',#10222,#10223);
#10222 = CARTESIAN_POINT('',(4.170045729524,4.061427442459,11.1));
#10223 = VECTOR('',#10224,1.);
#10224 = DIRECTION('',(1.224646799147E-16,0.,-1.));
#10225 = PLANE('',#10226);
#10226 = AXIS2_PLACEMENT_3D('',#10227,#10228,#10229);
#10227 = CARTESIAN_POINT('',(3.902361070342,4.289654172111,11.1));
#10228 = DIRECTION('',(-0.648794313169,-0.76096382253,
    -7.945438789272E-17));
#10229 = DIRECTION('',(0.76096382253,-0.648794313169,9.319119095285E-17)
  );
#10230 = ADVANCED_FACE('',(#10231),#10249,.F.);
#10231 = FACE_BOUND('',#10232,.F.);
#10232 = EDGE_LOOP('',(#10233,#10234,#10242,#10248));
#10233 = ORIENTED_EDGE('',*,*,#4271,.F.);
#10234 = ORIENTED_EDGE('',*,*,#10235,.T.);
#10235 = EDGE_CURVE('',#4272,#10236,#10238,.T.);
#10236 = VERTEX_POINT('',#10237);
#10237 = CARTESIAN_POINT('',(7.229954270476,4.061427442459,9.8));
#10238 = LINE('',#10239,#10240);
#10239 = CARTESIAN_POINT('',(7.229954270476,4.061427442459,11.1));
#10240 = VECTOR('',#10241,1.);
#10241 = DIRECTION('',(1.224646799147E-16,0.,-1.));
#10242 = ORIENTED_EDGE('',*,*,#10243,.F.);
#10243 = EDGE_CURVE('',#10188,#10236,#10244,.T.);
#10244 = LINE('',#10245,#10246);
#10245 = CARTESIAN_POINT('',(4.134062498691,1.421884120884,9.8));
#10246 = VECTOR('',#10247,1.);
#10247 = DIRECTION('',(-0.76096382253,-0.648794313169,
    -9.319119095285E-17));
#10248 = ORIENTED_EDGE('',*,*,#10187,.F.);
#10249 = PLANE('',#10250);
#10250 = AXIS2_PLACEMENT_3D('',#10251,#10252,#10253);
#10251 = CARTESIAN_POINT('',(7.229954270476,4.061427442459,11.1));
#10252 = DIRECTION('',(0.648794313169,-0.76096382253,7.945438789272E-17)
  );
#10253 = DIRECTION('',(0.76096382253,0.648794313169,9.319119095285E-17)
  );
#10254 = ADVANCED_FACE('',(#10255),#10273,.F.);
#10255 = FACE_BOUND('',#10256,.F.);
#10256 = EDGE_LOOP('',(#10257,#10258,#10259,#10267));
#10257 = ORIENTED_EDGE('',*,*,#4479,.F.);
#10258 = ORIENTED_EDGE('',*,*,#10220,.T.);
#10259 = ORIENTED_EDGE('',*,*,#10260,.F.);
#10260 = EDGE_CURVE('',#10261,#10213,#10263,.T.);
#10261 = VERTEX_POINT('',#10262);
#10262 = CARTESIAN_POINT('',(4.427207793864,3.838514613495,9.8));
#10263 = LINE('',#10264,#10265);
#10264 = CARTESIAN_POINT('',(3.984612670018,4.222164244693,9.8));
#10265 = VECTOR('',#10266,1.);
#10266 = DIRECTION('',(-0.755632305838,0.654996044548,
    -9.253826846769E-17));
#10267 = ORIENTED_EDGE('',*,*,#10268,.F.);
#10268 = EDGE_CURVE('',#4472,#10261,#10269,.T.);
#10269 = LINE('',#10270,#10271);
#10270 = CARTESIAN_POINT('',(4.427207793864,3.838514613495,11.1));
#10271 = VECTOR('',#10272,1.);
#10272 = DIRECTION('',(1.224646799147E-16,0.,-1.));
#10273 = PLANE('',#10274);
#10274 = AXIS2_PLACEMENT_3D('',#10275,#10276,#10277);
#10275 = CARTESIAN_POINT('',(4.170045729524,4.061427442459,11.1));
#10276 = DIRECTION('',(-0.654996044548,-0.755632305838,
    -8.021388094103E-17));
#10277 = DIRECTION('',(0.755632305838,-0.654996044548,9.253826846769E-17
    ));
#10278 = ADVANCED_FACE('',(#10279),#10297,.F.);
#10279 = FACE_BOUND('',#10280,.F.);
#10280 = EDGE_LOOP('',(#10281,#10282,#10290,#10296));
#10281 = ORIENTED_EDGE('',*,*,#4279,.F.);
#10282 = ORIENTED_EDGE('',*,*,#10283,.T.);
#10283 = EDGE_CURVE('',#4280,#10284,#10286,.T.);
#10284 = VERTEX_POINT('',#10285);
#10285 = CARTESIAN_POINT('',(6.972792206136,3.838514613495,9.8));
#10286 = LINE('',#10287,#10288);
#10287 = CARTESIAN_POINT('',(6.972792206136,3.838514613495,11.1));
#10288 = VECTOR('',#10289,1.);
#10289 = DIRECTION('',(1.224646799147E-16,0.,-1.));
#10290 = ORIENTED_EDGE('',*,*,#10291,.F.);
#10291 = EDGE_CURVE('',#10236,#10284,#10292,.T.);
#10292 = LINE('',#10293,#10294);
#10293 = CARTESIAN_POINT('',(4.032219262543,1.289571652907,9.8));
#10294 = VECTOR('',#10295,1.);
#10295 = DIRECTION('',(-0.755632305838,-0.654996044548,
    -9.253826846769E-17));
#10296 = ORIENTED_EDGE('',*,*,#10235,.F.);
#10297 = PLANE('',#10298);
#10298 = AXIS2_PLACEMENT_3D('',#10299,#10300,#10301);
#10299 = CARTESIAN_POINT('',(6.972792206136,3.838514613495,11.1));
#10300 = DIRECTION('',(0.654996044548,-0.755632305838,8.021388094103E-17
    ));
#10301 = DIRECTION('',(0.755632305838,0.654996044548,9.253826846769E-17)
  );
#10302 = ADVANCED_FACE('',(#10303),#10321,.F.);
#10303 = FACE_BOUND('',#10304,.F.);
#10304 = EDGE_LOOP('',(#10305,#10306,#10307,#10315));
#10305 = ORIENTED_EDGE('',*,*,#4471,.F.);
#10306 = ORIENTED_EDGE('',*,*,#10268,.T.);
#10307 = ORIENTED_EDGE('',*,*,#10308,.F.);
#10308 = EDGE_CURVE('',#10309,#10261,#10311,.T.);
#10309 = VERTEX_POINT('',#10310);
#10310 = CARTESIAN_POINT('',(4.668088950302,3.621353302933,9.8));
#10311 = LINE('',#10312,#10313);
#10312 = CARTESIAN_POINT('',(4.160575913942,4.078890944039,9.8));
#10313 = VECTOR('',#10314,1.);
#10314 = DIRECTION('',(-0.742729259608,0.669591850998,
    -9.095810104117E-17));
#10315 = ORIENTED_EDGE('',*,*,#10316,.F.);
#10316 = EDGE_CURVE('',#4464,#10309,#10317,.T.);
#10317 = LINE('',#10318,#10319);
#10318 = CARTESIAN_POINT('',(4.668088950302,3.621353302933,11.1));
#10319 = VECTOR('',#10320,1.);
#10320 = DIRECTION('',(1.224646799147E-16,0.,-1.));
#10321 = PLANE('',#10322);
#10322 = AXIS2_PLACEMENT_3D('',#10323,#10324,#10325);
#10323 = CARTESIAN_POINT('',(4.427207793864,3.838514613495,11.1));
#10324 = DIRECTION('',(-0.669591850998,-0.742729259608,
    -8.200135170595E-17));
#10325 = DIRECTION('',(0.742729259608,-0.669591850998,9.095810104117E-17
    ));
#10326 = ADVANCED_FACE('',(#10327),#10345,.F.);
#10327 = FACE_BOUND('',#10328,.F.);
#10328 = EDGE_LOOP('',(#10329,#10330,#10338,#10344));
#10329 = ORIENTED_EDGE('',*,*,#4287,.F.);
#10330 = ORIENTED_EDGE('',*,*,#10331,.T.);
#10331 = EDGE_CURVE('',#4288,#10332,#10334,.T.);
#10332 = VERTEX_POINT('',#10333);
#10333 = CARTESIAN_POINT('',(6.731911049698,3.621353302933,9.8));
#10334 = LINE('',#10335,#10336);
#10335 = CARTESIAN_POINT('',(6.731911049698,3.621353302933,11.1));
#10336 = VECTOR('',#10337,1.);
#10337 = DIRECTION('',(1.224646799147E-16,0.,-1.));
#10338 = ORIENTED_EDGE('',*,*,#10339,.F.);
#10339 = EDGE_CURVE('',#10284,#10332,#10340,.T.);
#10340 = LINE('',#10341,#10342);
#10341 = CARTESIAN_POINT('',(3.974597015297,1.135555168292,9.8));
#10342 = VECTOR('',#10343,1.);
#10343 = DIRECTION('',(-0.742729259608,-0.669591850998,
    -9.095810104117E-17));
#10344 = ORIENTED_EDGE('',*,*,#10283,.F.);
#10345 = PLANE('',#10346);
#10346 = AXIS2_PLACEMENT_3D('',#10347,#10348,#10349);
#10347 = CARTESIAN_POINT('',(6.731911049698,3.621353302933,11.1));
#10348 = DIRECTION('',(0.669591850998,-0.742729259608,8.200135170595E-17
    ));
#10349 = DIRECTION('',(0.742729259608,0.669591850998,9.095810104117E-17)
  );
#10350 = ADVANCED_FACE('',(#10351),#10369,.F.);
#10351 = FACE_BOUND('',#10352,.F.);
#10352 = EDGE_LOOP('',(#10353,#10354,#10355,#10363));
#10353 = ORIENTED_EDGE('',*,*,#4463,.F.);
#10354 = ORIENTED_EDGE('',*,*,#10316,.T.);
#10355 = ORIENTED_EDGE('',*,*,#10356,.F.);
#10356 = EDGE_CURVE('',#10357,#10309,#10359,.T.);
#10357 = VERTEX_POINT('',#10358);
#10358 = CARTESIAN_POINT('',(4.887835720937,3.410918225195,9.8));
#10359 = LINE('',#10360,#10361);
#10360 = CARTESIAN_POINT('',(4.355058110078,3.92111957029,9.8));
#10361 = VECTOR('',#10362,1.);
#10362 = DIRECTION('',(-0.722243593415,0.691638772606,
    -8.844933048799E-17));
#10363 = ORIENTED_EDGE('',*,*,#10364,.F.);
#10364 = EDGE_CURVE('',#4456,#10357,#10365,.T.);
#10365 = LINE('',#10366,#10367);
#10366 = CARTESIAN_POINT('',(4.887835720937,3.410918225195,11.1));
#10367 = VECTOR('',#10368,1.);
#10368 = DIRECTION('',(1.224646799147E-16,0.,-1.));
#10369 = PLANE('',#10370);
#10370 = AXIS2_PLACEMENT_3D('',#10371,#10372,#10373);
#10371 = CARTESIAN_POINT('',(4.668088950302,3.621353302933,11.1));
#10372 = DIRECTION('',(-0.691638772606,-0.722243593415,
    -8.470132090378E-17));
#10373 = DIRECTION('',(0.722243593415,-0.691638772606,8.844933048799E-17
    ));
#10374 = ADVANCED_FACE('',(#10375),#10393,.F.);
#10375 = FACE_BOUND('',#10376,.F.);
#10376 = EDGE_LOOP('',(#10377,#10378,#10386,#10392));
#10377 = ORIENTED_EDGE('',*,*,#4295,.F.);
#10378 = ORIENTED_EDGE('',*,*,#10379,.T.);
#10379 = EDGE_CURVE('',#4296,#10380,#10382,.T.);
#10380 = VERTEX_POINT('',#10381);
#10381 = CARTESIAN_POINT('',(6.512164279063,3.410918225195,9.8));
#10382 = LINE('',#10383,#10384);
#10383 = CARTESIAN_POINT('',(6.512164279063,3.410918225195,11.1));
#10384 = VECTOR('',#10385,1.);
#10385 = DIRECTION('',(1.224646799147E-16,0.,-1.));
#10386 = ORIENTED_EDGE('',*,*,#10387,.F.);
#10387 = EDGE_CURVE('',#10332,#10380,#10388,.T.);
#10388 = LINE('',#10389,#10390);
#10389 = CARTESIAN_POINT('',(3.961744397703,0.968571498333,9.8));
#10390 = VECTOR('',#10391,1.);
#10391 = DIRECTION('',(-0.722243593415,-0.691638772606,
    -8.844933048799E-17));
#10392 = ORIENTED_EDGE('',*,*,#10331,.F.);
#10393 = PLANE('',#10394);
#10394 = AXIS2_PLACEMENT_3D('',#10395,#10396,#10397);
#10395 = CARTESIAN_POINT('',(6.512164279063,3.410918225195,11.1));
#10396 = DIRECTION('',(0.691638772606,-0.722243593415,8.470132090378E-17
    ));
#10397 = DIRECTION('',(0.722243593415,0.691638772606,8.844933048799E-17)
  );
#10398 = ADVANCED_FACE('',(#10399),#10417,.F.);
#10399 = FACE_BOUND('',#10400,.F.);
#10400 = EDGE_LOOP('',(#10401,#10402,#10403,#10411));
#10401 = ORIENTED_EDGE('',*,*,#4455,.F.);
#10402 = ORIENTED_EDGE('',*,*,#10364,.T.);
#10403 = ORIENTED_EDGE('',*,*,#10404,.F.);
#10404 = EDGE_CURVE('',#10405,#10357,#10407,.T.);
#10405 = VERTEX_POINT('',#10406);
#10406 = CARTESIAN_POINT('',(5.08266712321,3.208740903464,9.8));
#10407 = LINE('',#10408,#10409);
#10408 = CARTESIAN_POINT('',(4.563227401696,3.747765570283,9.8));
#10409 = VECTOR('',#10410,1.);
#10410 = DIRECTION('',(-0.693904290126,0.720067244183,
    -8.497876678172E-17));
#10411 = ORIENTED_EDGE('',*,*,#10412,.F.);
#10412 = EDGE_CURVE('',#4448,#10405,#10413,.T.);
#10413 = LINE('',#10414,#10415);
#10414 = CARTESIAN_POINT('',(5.08266712321,3.208740903464,11.1));
#10415 = VECTOR('',#10416,1.);
#10416 = DIRECTION('',(1.224646799147E-16,0.,-1.));
#10417 = PLANE('',#10418);
#10418 = AXIS2_PLACEMENT_3D('',#10419,#10420,#10421);
#10419 = CARTESIAN_POINT('',(4.887835720937,3.410918225195,11.1));
#10420 = DIRECTION('',(-0.720067244183,-0.693904290126,
    -8.818280457593E-17));
#10421 = DIRECTION('',(0.693904290126,-0.720067244183,8.497876678172E-17
    ));
#10422 = ADVANCED_FACE('',(#10423),#10441,.F.);
#10423 = FACE_BOUND('',#10424,.F.);
#10424 = EDGE_LOOP('',(#10425,#10426,#10434,#10440));
#10425 = ORIENTED_EDGE('',*,*,#4303,.F.);
#10426 = ORIENTED_EDGE('',*,*,#10427,.T.);
#10427 = EDGE_CURVE('',#4304,#10428,#10430,.T.);
#10428 = VERTEX_POINT('',#10429);
#10429 = CARTESIAN_POINT('',(6.31733287679,3.208740903464,9.8));
#10430 = LINE('',#10431,#10432);
#10431 = CARTESIAN_POINT('',(6.31733287679,3.208740903464,11.1));
#10432 = VECTOR('',#10433,1.);
#10433 = DIRECTION('',(1.224646799147E-16,0.,-1.));
#10434 = ORIENTED_EDGE('',*,*,#10435,.F.);
#10435 = EDGE_CURVE('',#10380,#10428,#10436,.T.);
#10436 = LINE('',#10437,#10438);
#10437 = CARTESIAN_POINT('',(3.994788863194,0.798627734888,9.8));
#10438 = VECTOR('',#10439,1.);
#10439 = DIRECTION('',(-0.693904290126,-0.720067244183,
    -8.497876678172E-17));
#10440 = ORIENTED_EDGE('',*,*,#10379,.F.);
#10441 = PLANE('',#10442);
#10442 = AXIS2_PLACEMENT_3D('',#10443,#10444,#10445);
#10443 = CARTESIAN_POINT('',(6.31733287679,3.208740903464,11.1));
#10444 = DIRECTION('',(0.720067244183,-0.693904290126,8.818280457593E-17
    ));
#10445 = DIRECTION('',(0.693904290126,0.720067244183,8.497876678172E-17)
  );
#10446 = ADVANCED_FACE('',(#10447),#10465,.F.);
#10447 = FACE_BOUND('',#10448,.F.);
#10448 = EDGE_LOOP('',(#10449,#10450,#10451,#10459));
#10449 = ORIENTED_EDGE('',*,*,#4447,.F.);
#10450 = ORIENTED_EDGE('',*,*,#10412,.T.);
#10451 = ORIENTED_EDGE('',*,*,#10452,.F.);
#10452 = EDGE_CURVE('',#10453,#10405,#10455,.T.);
#10453 = VERTEX_POINT('',#10454);
#10454 = CARTESIAN_POINT('',(5.25,3.016875693931,9.8));
#10455 = LINE('',#10456,#10457);
#10456 = CARTESIAN_POINT('',(4.779497536944,3.556357566185,9.8));
#10457 = VECTOR('',#10458,1.);
#10458 = DIRECTION('',(-0.657281974439,0.753644747927,
    -8.049382661337E-17));
#10459 = ORIENTED_EDGE('',*,*,#10460,.F.);
#10460 = EDGE_CURVE('',#4440,#10453,#10461,.T.);
#10461 = LINE('',#10462,#10463);
#10462 = CARTESIAN_POINT('',(5.25,3.016875693931,11.1));
#10463 = VECTOR('',#10464,1.);
#10464 = DIRECTION('',(1.224646799147E-16,0.,-1.));
#10465 = PLANE('',#10466);
#10466 = AXIS2_PLACEMENT_3D('',#10467,#10468,#10469);
#10467 = CARTESIAN_POINT('',(5.08266712321,3.208740903464,11.1));
#10468 = DIRECTION('',(-0.753644747927,-0.657281974439,
    -9.22948628243E-17));
#10469 = DIRECTION('',(0.657281974439,-0.753644747927,8.049382661337E-17
    ));
#10470 = ADVANCED_FACE('',(#10471),#10489,.F.);
#10471 = FACE_BOUND('',#10472,.F.);
#10472 = EDGE_LOOP('',(#10473,#10474,#10482,#10488));
#10473 = ORIENTED_EDGE('',*,*,#4311,.F.);
#10474 = ORIENTED_EDGE('',*,*,#10475,.T.);
#10475 = EDGE_CURVE('',#4312,#10476,#10478,.T.);
#10476 = VERTEX_POINT('',#10477);
#10477 = CARTESIAN_POINT('',(6.15,3.016875693931,9.8));
#10478 = LINE('',#10479,#10480);
#10479 = CARTESIAN_POINT('',(6.15,3.016875693931,11.1));
#10480 = VECTOR('',#10481,1.);
#10481 = DIRECTION('',(1.224646799147E-16,0.,-1.));
#10482 = ORIENTED_EDGE('',*,*,#10483,.F.);
#10483 = EDGE_CURVE('',#10428,#10476,#10484,.T.);
#10484 = LINE('',#10485,#10486);
#10485 = CARTESIAN_POINT('',(4.074324339305,0.636889446144,9.8));
#10486 = VECTOR('',#10487,1.);
#10487 = DIRECTION('',(-0.657281974439,-0.753644747927,
    -8.049382661337E-17));
#10488 = ORIENTED_EDGE('',*,*,#10427,.F.);
#10489 = PLANE('',#10490);
#10490 = AXIS2_PLACEMENT_3D('',#10491,#10492,#10493);
#10491 = CARTESIAN_POINT('',(6.15,3.016875693931,11.1));
#10492 = DIRECTION('',(0.753644747927,-0.657281974439,9.22948628243E-17)
  );
#10493 = DIRECTION('',(0.657281974439,0.753644747927,8.049382661337E-17)
  );
#10494 = ADVANCED_FACE('',(#10495),#10513,.F.);
#10495 = FACE_BOUND('',#10496,.F.);
#10496 = EDGE_LOOP('',(#10497,#10498,#10499,#10507));
#10497 = ORIENTED_EDGE('',*,*,#4439,.F.);
#10498 = ORIENTED_EDGE('',*,*,#10460,.T.);
#10499 = ORIENTED_EDGE('',*,*,#10500,.F.);
#10500 = EDGE_CURVE('',#10501,#10453,#10503,.T.);
#10501 = VERTEX_POINT('',#10502);
#10502 = CARTESIAN_POINT('',(5.388527288772,2.837815553437,9.8));
#10503 = LINE('',#10504,#10505);
#10504 = CARTESIAN_POINT('',(4.997194419798,3.343651761736,9.8));
#10505 = VECTOR('',#10506,1.);
#10506 = DIRECTION('',(-0.6118972053,0.790937298492,-7.493579538782E-17)
  );
#10507 = ORIENTED_EDGE('',*,*,#10508,.F.);
#10508 = EDGE_CURVE('',#4432,#10501,#10509,.T.);
#10509 = LINE('',#10510,#10511);
#10510 = CARTESIAN_POINT('',(5.388527288772,2.837815553437,11.1));
#10511 = VECTOR('',#10512,1.);
#10512 = DIRECTION('',(1.224646799147E-16,0.,-1.));
#10513 = PLANE('',#10514);
#10514 = AXIS2_PLACEMENT_3D('',#10515,#10516,#10517);
#10515 = CARTESIAN_POINT('',(5.25,3.016875693931,11.1));
#10516 = DIRECTION('',(-0.790937298492,-0.6118972053,-9.686188309244E-17
    ));
#10517 = DIRECTION('',(0.6118972053,-0.790937298492,7.493579538782E-17)
  );
#10518 = ADVANCED_FACE('',(#10519),#10537,.F.);
#10519 = FACE_BOUND('',#10520,.F.);
#10520 = EDGE_LOOP('',(#10521,#10522,#10530,#10536));
#10521 = ORIENTED_EDGE('',*,*,#4319,.F.);
#10522 = ORIENTED_EDGE('',*,*,#10523,.T.);
#10523 = EDGE_CURVE('',#4320,#10524,#10526,.T.);
#10524 = VERTEX_POINT('',#10525);
#10525 = CARTESIAN_POINT('',(6.011472711228,2.837815553437,9.8));
#10526 = LINE('',#10527,#10528);
#10527 = CARTESIAN_POINT('',(6.011472711228,2.837815553437,11.1));
#10528 = VECTOR('',#10529,1.);
#10529 = DIRECTION('',(1.224646799147E-16,0.,-1.));
#10530 = ORIENTED_EDGE('',*,*,#10531,.F.);
#10531 = EDGE_CURVE('',#10476,#10524,#10532,.T.);
#10532 = LINE('',#10533,#10534);
#10533 = CARTESIAN_POINT('',(4.199358253647,0.495479453154,9.8));
#10534 = VECTOR('',#10535,1.);
#10535 = DIRECTION('',(-0.6118972053,-0.790937298492,-7.493579538782E-17
    ));
#10536 = ORIENTED_EDGE('',*,*,#10475,.F.);
#10537 = PLANE('',#10538);
#10538 = AXIS2_PLACEMENT_3D('',#10539,#10540,#10541);
#10539 = CARTESIAN_POINT('',(6.011472711228,2.837815553437,11.1));
#10540 = DIRECTION('',(0.790937298492,-0.6118972053,9.686188309244E-17)
  );
#10541 = DIRECTION('',(0.6118972053,0.790937298492,7.493579538782E-17));
#10542 = ADVANCED_FACE('',(#10543),#10561,.F.);
#10543 = FACE_BOUND('',#10544,.F.);
#10544 = EDGE_LOOP('',(#10545,#10546,#10547,#10555));
#10545 = ORIENTED_EDGE('',*,*,#4431,.F.);
#10546 = ORIENTED_EDGE('',*,*,#10508,.T.);
#10547 = ORIENTED_EDGE('',*,*,#10548,.F.);
#10548 = EDGE_CURVE('',#10549,#10501,#10551,.T.);
#10549 = VERTEX_POINT('',#10550);
#10550 = CARTESIAN_POINT('',(5.498246311874,2.674364783134,9.8));
#10551 = LINE('',#10552,#10553);
#10552 = CARTESIAN_POINT('',(5.208211097213,3.106436432251,9.8));
#10553 = VECTOR('',#10554,1.);
#10554 = DIRECTION('',(-0.557341421115,0.830283409632,
    -6.825463874005E-17));
#10555 = ORIENTED_EDGE('',*,*,#10556,.F.);
#10556 = EDGE_CURVE('',#4424,#10549,#10557,.T.);
#10557 = LINE('',#10558,#10559);
#10558 = CARTESIAN_POINT('',(5.498246311874,2.674364783134,11.1));
#10559 = VECTOR('',#10560,1.);
#10560 = DIRECTION('',(1.224646799147E-16,0.,-1.));
#10561 = PLANE('',#10562);
#10562 = AXIS2_PLACEMENT_3D('',#10563,#10564,#10565);
#10563 = CARTESIAN_POINT('',(5.388527288772,2.837815553437,11.1));
#10564 = DIRECTION('',(-0.830283409632,-0.557341421115,
    -1.016803919991E-16));
#10565 = DIRECTION('',(0.557341421115,-0.830283409632,6.825463874005E-17
    ));
#10566 = ADVANCED_FACE('',(#10567),#10585,.F.);
#10567 = FACE_BOUND('',#10568,.F.);
#10568 = EDGE_LOOP('',(#10569,#10570,#10578,#10584));
#10569 = ORIENTED_EDGE('',*,*,#4327,.F.);
#10570 = ORIENTED_EDGE('',*,*,#10571,.T.);
#10571 = EDGE_CURVE('',#4328,#10572,#10574,.T.);
#10572 = VERTEX_POINT('',#10573);
#10573 = CARTESIAN_POINT('',(5.901753688126,2.674364783134,9.8));
#10574 = LINE('',#10575,#10576);
#10575 = CARTESIAN_POINT('',(5.901753688126,2.674364783134,11.1));
#10576 = VECTOR('',#10577,1.);
#10577 = DIRECTION('',(1.224646799147E-16,0.,-1.));
#10578 = ORIENTED_EDGE('',*,*,#10579,.F.);
#10579 = EDGE_CURVE('',#10524,#10572,#10580,.T.);
#10580 = LINE('',#10581,#10582);
#10581 = CARTESIAN_POINT('',(4.366341471001,0.387028435022,9.8));
#10582 = VECTOR('',#10583,1.);
#10583 = DIRECTION('',(-0.557341421115,-0.830283409632,
    -6.825463874005E-17));
#10584 = ORIENTED_EDGE('',*,*,#10523,.F.);
#10585 = PLANE('',#10586);
#10586 = AXIS2_PLACEMENT_3D('',#10587,#10588,#10589);
#10587 = CARTESIAN_POINT('',(5.901753688126,2.674364783134,11.1));
#10588 = DIRECTION('',(0.830283409632,-0.557341421115,1.016803919991E-16
    ));
#10589 = DIRECTION('',(0.557341421115,0.830283409632,6.825463874005E-17)
  );
#10590 = ADVANCED_FACE('',(#10591),#10609,.F.);
#10591 = FACE_BOUND('',#10592,.F.);
#10592 = EDGE_LOOP('',(#10593,#10594,#10595,#10603));
#10593 = ORIENTED_EDGE('',*,*,#4423,.F.);
#10594 = ORIENTED_EDGE('',*,*,#10556,.T.);
#10595 = ORIENTED_EDGE('',*,*,#10596,.F.);
#10596 = EDGE_CURVE('',#10597,#10549,#10599,.T.);
#10597 = VERTEX_POINT('',#10598);
#10598 = CARTESIAN_POINT('',(5.580436094754,2.52947918311,9.8));
#10599 = LINE('',#10600,#10601);
#10600 = CARTESIAN_POINT('',(5.402832569862,2.842561811739,9.8));
#10601 = VECTOR('',#10602,1.);
#10602 = DIRECTION('',(-0.493412145544,0.869795639578,
    -6.042556047014E-17));
#10603 = ORIENTED_EDGE('',*,*,#10604,.F.);
#10604 = EDGE_CURVE('',#4416,#10597,#10605,.T.);
#10605 = LINE('',#10606,#10607);
#10606 = CARTESIAN_POINT('',(5.580436094754,2.52947918311,11.1));
#10607 = VECTOR('',#10608,1.);
#10608 = DIRECTION('',(1.224646799147E-16,0.,-1.));
#10609 = PLANE('',#10610);
#10610 = AXIS2_PLACEMENT_3D('',#10611,#10612,#10613);
#10611 = CARTESIAN_POINT('',(5.498246311874,2.674364783134,11.1));
#10612 = DIRECTION('',(-0.869795639578,-0.493412145544,
    -1.065192445922E-16));
#10613 = DIRECTION('',(0.493412145544,-0.869795639578,6.042556047014E-17
    ));
#10614 = ADVANCED_FACE('',(#10615),#10633,.F.);
#10615 = FACE_BOUND('',#10616,.F.);
#10616 = EDGE_LOOP('',(#10617,#10618,#10626,#10632));
#10617 = ORIENTED_EDGE('',*,*,#4335,.F.);
#10618 = ORIENTED_EDGE('',*,*,#10619,.T.);
#10619 = EDGE_CURVE('',#4336,#10620,#10622,.T.);
#10620 = VERTEX_POINT('',#10621);
#10621 = CARTESIAN_POINT('',(5.819563905246,2.52947918311,9.8));
#10622 = LINE('',#10623,#10624);
#10623 = CARTESIAN_POINT('',(5.819563905246,2.52947918311,11.1));
#10624 = VECTOR('',#10625,1.);
#10625 = DIRECTION('',(1.224646799147E-16,0.,-1.));
#10626 = ORIENTED_EDGE('',*,*,#10627,.F.);
#10627 = EDGE_CURVE('',#10572,#10620,#10628,.T.);
#10628 = LINE('',#10629,#10630);
#10629 = CARTESIAN_POINT('',(4.568375930085,0.323862935283,9.8));
#10630 = VECTOR('',#10631,1.);
#10631 = DIRECTION('',(-0.493412145544,-0.869795639578,
    -6.042556047014E-17));
#10632 = ORIENTED_EDGE('',*,*,#10571,.F.);
#10633 = PLANE('',#10634);
#10634 = AXIS2_PLACEMENT_3D('',#10635,#10636,#10637);
#10635 = CARTESIAN_POINT('',(5.819563905246,2.52947918311,11.1));
#10636 = DIRECTION('',(0.869795639578,-0.493412145544,1.065192445922E-16
    ));
#10637 = DIRECTION('',(0.493412145544,0.869795639578,6.042556047014E-17)
  );
#10638 = ADVANCED_FACE('',(#10639),#10657,.F.);
#10639 = FACE_BOUND('',#10640,.F.);
#10640 = EDGE_LOOP('',(#10641,#10642,#10643,#10651));
#10641 = ORIENTED_EDGE('',*,*,#4415,.F.);
#10642 = ORIENTED_EDGE('',*,*,#10604,.T.);
#10643 = ORIENTED_EDGE('',*,*,#10644,.F.);
#10644 = EDGE_CURVE('',#10645,#10597,#10647,.T.);
#10645 = VERTEX_POINT('',#10646);
#10646 = CARTESIAN_POINT('',(5.637584681291,2.406086430381,9.8));
#10647 = LINE('',#10648,#10649);
#10648 = CARTESIAN_POINT('',(5.569936704576,2.552149011614,9.8));
#10649 = VECTOR('',#10650,1.);
#10650 = DIRECTION('',(-0.42025868162,0.907404342354,-5.1466844926E-17)
  );
#10651 = ORIENTED_EDGE('',*,*,#10652,.F.);
#10652 = EDGE_CURVE('',#4408,#10645,#10653,.T.);
#10653 = LINE('',#10654,#10655);
#10654 = CARTESIAN_POINT('',(5.637584681291,2.406086430381,11.1));
#10655 = VECTOR('',#10656,1.);
#10656 = DIRECTION('',(1.224646799147E-16,0.,-1.));
#10657 = PLANE('',#10658);
#10658 = AXIS2_PLACEMENT_3D('',#10659,#10660,#10661);
#10659 = CARTESIAN_POINT('',(5.580436094754,2.52947918311,11.1));
#10660 = DIRECTION('',(-0.907404342354,-0.42025868162,
    -1.111249823396E-16));
#10661 = DIRECTION('',(0.42025868162,-0.907404342354,5.1466844926E-17));
#10662 = ADVANCED_FACE('',(#10663),#10681,.F.);
#10663 = FACE_BOUND('',#10664,.F.);
#10664 = EDGE_LOOP('',(#10665,#10666,#10674,#10680));
#10665 = ORIENTED_EDGE('',*,*,#4343,.F.);
#10666 = ORIENTED_EDGE('',*,*,#10667,.T.);
#10667 = EDGE_CURVE('',#4344,#10668,#10670,.T.);
#10668 = VERTEX_POINT('',#10669);
#10669 = CARTESIAN_POINT('',(5.762415318709,2.406086430381,9.8));
#10670 = LINE('',#10671,#10672);
#10671 = CARTESIAN_POINT('',(5.762415318709,2.406086430381,11.1));
#10672 = VECTOR('',#10673,1.);
#10673 = DIRECTION('',(1.224646799147E-16,0.,-1.));
#10674 = ORIENTED_EDGE('',*,*,#10675,.F.);
#10675 = EDGE_CURVE('',#10620,#10668,#10676,.T.);
#10676 = LINE('',#10677,#10678);
#10677 = CARTESIAN_POINT('',(4.794770053136,0.316788685349,9.8));
#10678 = VECTOR('',#10679,1.);
#10679 = DIRECTION('',(-0.42025868162,-0.907404342354,-5.1466844926E-17)
  );
#10680 = ORIENTED_EDGE('',*,*,#10619,.F.);
#10681 = PLANE('',#10682);
#10682 = AXIS2_PLACEMENT_3D('',#10683,#10684,#10685);
#10683 = CARTESIAN_POINT('',(5.762415318709,2.406086430381,11.1));
#10684 = DIRECTION('',(0.907404342354,-0.42025868162,1.111249823396E-16)
  );
#10685 = DIRECTION('',(0.42025868162,0.907404342354,5.1466844926E-17));
#10686 = ADVANCED_FACE('',(#10687),#10705,.F.);
#10687 = FACE_BOUND('',#10688,.F.);
#10688 = EDGE_LOOP('',(#10689,#10690,#10691,#10699));
#10689 = ORIENTED_EDGE('',*,*,#4407,.F.);
#10690 = ORIENTED_EDGE('',*,*,#10652,.T.);
#10691 = ORIENTED_EDGE('',*,*,#10692,.F.);
#10692 = EDGE_CURVE('',#10693,#10645,#10695,.T.);
#10693 = VERTEX_POINT('',#10694);
#10694 = CARTESIAN_POINT('',(5.673269340274,2.306900880515,9.8));
#10695 = LINE('',#10696,#10697);
#10696 = CARTESIAN_POINT('',(5.697760031573,2.238828976445,9.8));
#10697 = VECTOR('',#10698,1.);
#10698 = DIRECTION('',(-0.338533530214,0.940954328818,
    -4.145840041802E-17));
#10699 = ORIENTED_EDGE('',*,*,#10700,.F.);
#10700 = EDGE_CURVE('',#4400,#10693,#10701,.T.);
#10701 = LINE('',#10702,#10703);
#10702 = CARTESIAN_POINT('',(5.673269340274,2.306900880515,11.1));
#10703 = VECTOR('',#10704,1.);
#10704 = DIRECTION('',(1.224646799147E-16,0.,-1.));
#10705 = PLANE('',#10706);
#10706 = AXIS2_PLACEMENT_3D('',#10707,#10708,#10709);
#10707 = CARTESIAN_POINT('',(5.637584681291,2.406086430381,11.1));
#10708 = DIRECTION('',(-0.940954328818,-0.338533530214,
    -1.152336706931E-16));
#10709 = DIRECTION('',(0.338533530214,-0.940954328818,4.145840041802E-17
    ));
#10710 = ADVANCED_FACE('',(#10711),#10729,.F.);
#10711 = FACE_BOUND('',#10712,.F.);
#10712 = EDGE_LOOP('',(#10713,#10714,#10722,#10728));
#10713 = ORIENTED_EDGE('',*,*,#4351,.F.);
#10714 = ORIENTED_EDGE('',*,*,#10715,.T.);
#10715 = EDGE_CURVE('',#4352,#10716,#10718,.T.);
#10716 = VERTEX_POINT('',#10717);
#10717 = CARTESIAN_POINT('',(5.726730659726,2.306900880515,9.8));
#10718 = LINE('',#10719,#10720);
#10719 = CARTESIAN_POINT('',(5.726730659726,2.306900880515,11.1));
#10720 = VECTOR('',#10721,1.);
#10721 = DIRECTION('',(1.224646799147E-16,0.,-1.));
#10722 = ORIENTED_EDGE('',*,*,#10723,.F.);
#10723 = EDGE_CURVE('',#10668,#10716,#10724,.T.);
#10724 = LINE('',#10725,#10726);
#10725 = CARTESIAN_POINT('',(5.031149417786,0.373532034496,9.8));
#10726 = VECTOR('',#10727,1.);
#10727 = DIRECTION('',(-0.338533530214,-0.940954328818,
    -4.145840041802E-17));
#10728 = ORIENTED_EDGE('',*,*,#10667,.F.);
#10729 = PLANE('',#10730);
#10730 = AXIS2_PLACEMENT_3D('',#10731,#10732,#10733);
#10731 = CARTESIAN_POINT('',(5.726730659726,2.306900880515,11.1));
#10732 = DIRECTION('',(0.940954328818,-0.338533530214,1.152336706931E-16
    ));
#10733 = DIRECTION('',(0.338533530214,0.940954328818,4.145840041802E-17)
  );
#10734 = ADVANCED_FACE('',(#10735),#10753,.F.);
#10735 = FACE_BOUND('',#10736,.F.);
#10736 = EDGE_LOOP('',(#10737,#10738,#10739,#10747));
#10737 = ORIENTED_EDGE('',*,*,#4399,.F.);
#10738 = ORIENTED_EDGE('',*,*,#10700,.T.);
#10739 = ORIENTED_EDGE('',*,*,#10740,.F.);
#10740 = EDGE_CURVE('',#10741,#10693,#10743,.T.);
#10741 = VERTEX_POINT('',#10742);
#10742 = CARTESIAN_POINT('',(5.691994370134,2.234247299685,9.8));
#10743 = LINE('',#10744,#10745);
#10744 = CARTESIAN_POINT('',(5.775344909011,1.910845139122,9.8));
#10745 = VECTOR('',#10746,1.);
#10746 = DIRECTION('',(-0.24957458293,0.96835557909,-3.056407141337E-17)
  );
#10747 = ORIENTED_EDGE('',*,*,#10748,.F.);
#10748 = EDGE_CURVE('',#4392,#10741,#10749,.T.);
#10749 = LINE('',#10750,#10751);
#10750 = CARTESIAN_POINT('',(5.691994370134,2.234247299685,11.1));
#10751 = VECTOR('',#10752,1.);
#10752 = DIRECTION('',(1.224646799147E-16,0.,-1.));
#10753 = PLANE('',#10754);
#10754 = AXIS2_PLACEMENT_3D('',#10755,#10756,#10757);
#10755 = CARTESIAN_POINT('',(5.673269340274,2.306900880515,11.1));
#10756 = DIRECTION('',(-0.96835557909,-0.24957458293,-1.185893560369E-16
    ));
#10757 = DIRECTION('',(0.24957458293,-0.96835557909,3.056407141337E-17)
  );
#10758 = ADVANCED_FACE('',(#10759),#10777,.F.);
#10759 = FACE_BOUND('',#10760,.F.);
#10760 = EDGE_LOOP('',(#10761,#10762,#10770,#10776));
#10761 = ORIENTED_EDGE('',*,*,#4359,.F.);
#10762 = ORIENTED_EDGE('',*,*,#10763,.T.);
#10763 = EDGE_CURVE('',#4360,#10764,#10766,.T.);
#10764 = VERTEX_POINT('',#10765);
#10765 = CARTESIAN_POINT('',(5.708005629866,2.234247299685,9.8));
#10766 = LINE('',#10767,#10768);
#10767 = CARTESIAN_POINT('',(5.708005629866,2.234247299685,11.1));
#10768 = VECTOR('',#10769,1.);
#10769 = DIRECTION('',(1.224646799147E-16,0.,-1.));
#10770 = ORIENTED_EDGE('',*,*,#10771,.F.);
#10771 = EDGE_CURVE('',#10716,#10764,#10772,.T.);
#10772 = LINE('',#10773,#10774);
#10773 = CARTESIAN_POINT('',(5.260253983124,0.496959791965,9.8));
#10774 = VECTOR('',#10775,1.);
#10775 = DIRECTION('',(-0.24957458293,-0.96835557909,-3.056407141337E-17
    ));
#10776 = ORIENTED_EDGE('',*,*,#10715,.F.);
#10777 = PLANE('',#10778);
#10778 = AXIS2_PLACEMENT_3D('',#10779,#10780,#10781);
#10779 = CARTESIAN_POINT('',(5.708005629866,2.234247299685,11.1));
#10780 = DIRECTION('',(0.96835557909,-0.24957458293,1.185893560369E-16)
  );
#10781 = DIRECTION('',(0.24957458293,0.96835557909,3.056407141337E-17));
#10782 = ADVANCED_FACE('',(#10783),#10801,.F.);
#10783 = FACE_BOUND('',#10784,.F.);
#10784 = EDGE_LOOP('',(#10785,#10786,#10787,#10795));
#10785 = ORIENTED_EDGE('',*,*,#4391,.F.);
#10786 = ORIENTED_EDGE('',*,*,#10748,.T.);
#10787 = ORIENTED_EDGE('',*,*,#10788,.F.);
#10788 = EDGE_CURVE('',#10789,#10741,#10791,.T.);
#10789 = VERTEX_POINT('',#10790);
#10790 = CARTESIAN_POINT('',(5.698992840893,2.189907245748,9.8));
#10791 = LINE('',#10792,#10793);
#10792 = CARTESIAN_POINT('',(5.79485423229,1.582560382189,9.8));
#10793 = VECTOR('',#10794,1.);
#10794 = DIRECTION('',(-0.155906270297,0.98777185366,-1.909301148863E-17
    ));
#10795 = ORIENTED_EDGE('',*,*,#10796,.F.);
#10796 = EDGE_CURVE('',#4384,#10789,#10797,.T.);
#10797 = LINE('',#10798,#10799);
#10798 = CARTESIAN_POINT('',(5.698992840893,2.189907245748,11.1));
#10799 = VECTOR('',#10800,1.);
#10800 = DIRECTION('',(1.224646799147E-16,0.,-1.));
#10801 = PLANE('',#10802);
#10802 = AXIS2_PLACEMENT_3D('',#10803,#10804,#10805);
#10803 = CARTESIAN_POINT('',(5.691994370134,2.234247299685,11.1));
#10804 = DIRECTION('',(-0.98777185366,-0.155906270297,
    -1.209671638872E-16));
#10805 = DIRECTION('',(0.155906270297,-0.98777185366,1.909301148863E-17)
  );
#10806 = ADVANCED_FACE('',(#10807),#10825,.F.);
#10807 = FACE_BOUND('',#10808,.F.);
#10808 = EDGE_LOOP('',(#10809,#10810,#10818,#10824));
#10809 = ORIENTED_EDGE('',*,*,#4367,.F.);
#10810 = ORIENTED_EDGE('',*,*,#10811,.T.);
#10811 = EDGE_CURVE('',#4368,#10812,#10814,.T.);
#10812 = VERTEX_POINT('',#10813);
#10813 = CARTESIAN_POINT('',(5.701007159107,2.189907245748,9.8));
#10814 = LINE('',#10815,#10816);
#10815 = CARTESIAN_POINT('',(5.701007159107,2.189907245748,11.1));
#10816 = VECTOR('',#10817,1.);
#10817 = DIRECTION('',(1.224646799147E-16,0.,-1.));
#10818 = ORIENTED_EDGE('',*,*,#10819,.F.);
#10819 = EDGE_CURVE('',#10764,#10812,#10820,.T.);
#10820 = LINE('',#10821,#10822);
#10821 = CARTESIAN_POINT('',(5.463097971159,0.682591349253,9.8));
#10822 = VECTOR('',#10823,1.);
#10823 = DIRECTION('',(-0.155906270297,-0.98777185366,
    -1.909301148863E-17));
#10824 = ORIENTED_EDGE('',*,*,#10763,.F.);
#10825 = PLANE('',#10826);
#10826 = AXIS2_PLACEMENT_3D('',#10827,#10828,#10829);
#10827 = CARTESIAN_POINT('',(5.701007159107,2.189907245748,11.1));
#10828 = DIRECTION('',(0.98777185366,-0.155906270297,1.209671638872E-16)
  );
#10829 = DIRECTION('',(0.155906270297,0.98777185366,1.909301148863E-17)
  );
#10830 = ADVANCED_FACE('',(#10831),#10849,.F.);
#10831 = FACE_BOUND('',#10832,.F.);
#10832 = EDGE_LOOP('',(#10833,#10834,#10835,#10843));
#10833 = ORIENTED_EDGE('',*,*,#4383,.F.);
#10834 = ORIENTED_EDGE('',*,*,#10796,.T.);
#10835 = ORIENTED_EDGE('',*,*,#10836,.F.);
#10836 = EDGE_CURVE('',#10837,#10789,#10839,.T.);
#10837 = VERTEX_POINT('',#10838);
#10838 = CARTESIAN_POINT('',(5.7,2.175,9.8));
#10839 = LINE('',#10840,#10841);
#10840 = CARTESIAN_POINT('',(5.759685977785,1.291571023898,9.8));
#10841 = VECTOR('',#10842,1.);
#10842 = DIRECTION('',(-6.740804648598E-02,0.997725490939,
    -8.255104836583E-18));
#10843 = ORIENTED_EDGE('',*,*,#10844,.F.);
#10844 = EDGE_CURVE('',#4376,#10837,#10845,.T.);
#10845 = LINE('',#10846,#10847);
#10846 = CARTESIAN_POINT('',(5.7,2.175,11.1));
#10847 = VECTOR('',#10848,1.);
#10848 = DIRECTION('',(1.224646799147E-16,0.,-1.));
#10849 = PLANE('',#10850);
#10850 = AXIS2_PLACEMENT_3D('',#10851,#10852,#10853);
#10851 = CARTESIAN_POINT('',(5.698992840893,2.189907245748,11.1));
#10852 = DIRECTION('',(-0.997725490939,-6.740804648598E-02,
    -1.221861328906E-16));
#10853 = DIRECTION('',(6.740804648598E-02,-0.997725490939,
    8.255104836583E-18));
#10854 = ADVANCED_FACE('',(#10855),#10866,.F.);
#10855 = FACE_BOUND('',#10856,.F.);
#10856 = EDGE_LOOP('',(#10857,#10858,#10859,#10865));
#10857 = ORIENTED_EDGE('',*,*,#4375,.F.);
#10858 = ORIENTED_EDGE('',*,*,#10844,.T.);
#10859 = ORIENTED_EDGE('',*,*,#10860,.F.);
#10860 = EDGE_CURVE('',#10812,#10837,#10861,.T.);
#10861 = LINE('',#10862,#10863);
#10862 = CARTESIAN_POINT('',(5.613910527694,0.900765461266,9.8));
#10863 = VECTOR('',#10864,1.);
#10864 = DIRECTION('',(-6.740804648598E-02,-0.997725490939,
    -8.255104836583E-18));
#10865 = ORIENTED_EDGE('',*,*,#10811,.F.);
#10866 = PLANE('',#10867);
#10867 = AXIS2_PLACEMENT_3D('',#10868,#10869,#10870);
#10868 = CARTESIAN_POINT('',(5.7,2.175,11.1));
#10869 = DIRECTION('',(0.997725490939,-6.740804648598E-02,
    1.221861328906E-16));
#10870 = DIRECTION('',(6.740804648598E-02,0.997725490939,
    8.255104836583E-18));
#10871 = ADVANCED_FACE('',(#10872),#10891,.F.);
#10872 = FACE_BOUND('',#10873,.F.);
#10873 = EDGE_LOOP('',(#10874,#10875,#10883,#10890));
#10874 = ORIENTED_EDGE('',*,*,#4906,.F.);
#10875 = ORIENTED_EDGE('',*,*,#10876,.F.);
#10876 = EDGE_CURVE('',#10877,#4907,#10879,.T.);
#10877 = VERTEX_POINT('',#10878);
#10878 = CARTESIAN_POINT('',(-16.25,-3.980102097229E-15,9.8));
#10879 = LINE('',#10880,#10881);
#10880 = CARTESIAN_POINT('',(-16.25,-3.980102097229E-15,9.8));
#10881 = VECTOR('',#10882,1.);
#10882 = DIRECTION('',(1.224646799147E-16,0.,-1.));
#10883 = ORIENTED_EDGE('',*,*,#10884,.T.);
#10884 = EDGE_CURVE('',#10877,#10877,#10885,.T.);
#10885 = CIRCLE('',#10886,16.25);
#10886 = AXIS2_PLACEMENT_3D('',#10887,#10888,#10889);
#10887 = CARTESIAN_POINT('',(1.469576158977E-16,0.,9.8));
#10888 = DIRECTION('',(1.224646799147E-16,0.,-1.));
#10889 = DIRECTION('',(-1.,0.,-1.224646799147E-16));
#10890 = ORIENTED_EDGE('',*,*,#10876,.T.);
#10891 = CYLINDRICAL_SURFACE('',#10892,16.25);
#10892 = AXIS2_PLACEMENT_3D('',#10893,#10894,#10895);
#10893 = CARTESIAN_POINT('',(1.469576158977E-16,0.,9.8));
#10894 = DIRECTION('',(1.224646799147E-16,0.,-1.));
#10895 = DIRECTION('',(-1.,0.,-1.224646799147E-16));
#10896 = ADVANCED_FACE('',(#10897,#10900,#10956,#11054),#11152,.T.);
#10897 = FACE_BOUND('',#10898,.T.);
#10898 = EDGE_LOOP('',(#10899));
#10899 = ORIENTED_EDGE('',*,*,#10884,.T.);
#10900 = FACE_BOUND('',#10901,.T.);
#10901 = EDGE_LOOP('',(#10902,#10903,#10904,#10905,#10906,#10907,#10908,
    #10909,#10910,#10911,#10912,#10913,#10914,#10915,#10916,#10917,
    #10918,#10919,#10920,#10921,#10922,#10923,#10924,#10925,#10926,
    #10927,#10928,#10929,#10930,#10931,#10932,#10933,#10934,#10935,
    #10936,#10937,#10938,#10939,#10940,#10941,#10942,#10943,#10944,
    #10945,#10946,#10947,#10948,#10949,#10950,#10951,#10952,#10953,
    #10954,#10955));
#10902 = ORIENTED_EDGE('',*,*,#6226,.F.);
#10903 = ORIENTED_EDGE('',*,*,#6252,.T.);
#10904 = ORIENTED_EDGE('',*,*,#4978,.T.);
#10905 = ORIENTED_EDGE('',*,*,#5009,.T.);
#10906 = ORIENTED_EDGE('',*,*,#5033,.T.);
#10907 = ORIENTED_EDGE('',*,*,#5057,.T.);
#10908 = ORIENTED_EDGE('',*,*,#5081,.T.);
#10909 = ORIENTED_EDGE('',*,*,#5105,.T.);
#10910 = ORIENTED_EDGE('',*,*,#5129,.T.);
#10911 = ORIENTED_EDGE('',*,*,#5153,.T.);
#10912 = ORIENTED_EDGE('',*,*,#5177,.T.);
#10913 = ORIENTED_EDGE('',*,*,#5201,.T.);
#10914 = ORIENTED_EDGE('',*,*,#5225,.T.);
#10915 = ORIENTED_EDGE('',*,*,#5249,.T.);
#10916 = ORIENTED_EDGE('',*,*,#5273,.T.);
#10917 = ORIENTED_EDGE('',*,*,#5297,.T.);
#10918 = ORIENTED_EDGE('',*,*,#5321,.T.);
#10919 = ORIENTED_EDGE('',*,*,#5345,.T.);
#10920 = ORIENTED_EDGE('',*,*,#5369,.T.);
#10921 = ORIENTED_EDGE('',*,*,#5393,.T.);
#10922 = ORIENTED_EDGE('',*,*,#5417,.T.);
#10923 = ORIENTED_EDGE('',*,*,#5441,.T.);
#10924 = ORIENTED_EDGE('',*,*,#5465,.T.);
#10925 = ORIENTED_EDGE('',*,*,#5489,.T.);
#10926 = ORIENTED_EDGE('',*,*,#5513,.T.);
#10927 = ORIENTED_EDGE('',*,*,#5537,.T.);
#10928 = ORIENTED_EDGE('',*,*,#5561,.T.);
#10929 = ORIENTED_EDGE('',*,*,#5576,.F.);
#10930 = ORIENTED_EDGE('',*,*,#5610,.T.);
#10931 = ORIENTED_EDGE('',*,*,#5634,.T.);
#10932 = ORIENTED_EDGE('',*,*,#5658,.T.);
#10933 = ORIENTED_EDGE('',*,*,#5682,.T.);
#10934 = ORIENTED_EDGE('',*,*,#5706,.T.);
#10935 = ORIENTED_EDGE('',*,*,#5730,.T.);
#10936 = ORIENTED_EDGE('',*,*,#5754,.T.);
#10937 = ORIENTED_EDGE('',*,*,#5778,.T.);
#10938 = ORIENTED_EDGE('',*,*,#5802,.T.);
#10939 = ORIENTED_EDGE('',*,*,#5826,.T.);
#10940 = ORIENTED_EDGE('',*,*,#5850,.T.);
#10941 = ORIENTED_EDGE('',*,*,#5874,.T.);
#10942 = ORIENTED_EDGE('',*,*,#5898,.T.);
#10943 = ORIENTED_EDGE('',*,*,#5922,.T.);
#10944 = ORIENTED_EDGE('',*,*,#5946,.T.);
#10945 = ORIENTED_EDGE('',*,*,#5970,.T.);
#10946 = ORIENTED_EDGE('',*,*,#5994,.T.);
#10947 = ORIENTED_EDGE('',*,*,#6018,.T.);
#10948 = ORIENTED_EDGE('',*,*,#6042,.T.);
#10949 = ORIENTED_EDGE('',*,*,#6066,.T.);
#10950 = ORIENTED_EDGE('',*,*,#6090,.T.);
#10951 = ORIENTED_EDGE('',*,*,#6114,.T.);
#10952 = ORIENTED_EDGE('',*,*,#6138,.T.);
#10953 = ORIENTED_EDGE('',*,*,#6162,.T.);
#10954 = ORIENTED_EDGE('',*,*,#6186,.T.);
#10955 = ORIENTED_EDGE('',*,*,#6210,.T.);
#10956 = FACE_BOUND('',#10957,.T.);
#10957 = EDGE_LOOP('',(#10958,#10959,#10960,#10961,#10962,#10963,#10964,
    #10965,#10966,#10967,#10968,#10969,#10970,#10971,#10972,#10973,
    #10974,#10975,#10976,#10977,#10978,#10979,#10980,#10981,#10982,
    #10983,#10984,#10985,#10986,#10987,#10988,#10989,#10990,#10991,
    #10992,#10993,#10994,#10995,#10996,#10997,#10998,#10999,#11000,
    #11001,#11002,#11003,#11004,#11005,#11006,#11007,#11008,#11009,
    #11010,#11011,#11012,#11013,#11014,#11015,#11016,#11017,#11018,
    #11019,#11020,#11021,#11022,#11023,#11024,#11025,#11026,#11027,
    #11028,#11029,#11030,#11031,#11032,#11033,#11034,#11035,#11036,
    #11037,#11038,#11039,#11040,#11041,#11042,#11043,#11044,#11045,
    #11046,#11047,#11048,#11049,#11050,#11051,#11052,#11053));
#10958 = ORIENTED_EDGE('',*,*,#8580,.F.);
#10959 = ORIENTED_EDGE('',*,*,#8628,.F.);
#10960 = ORIENTED_EDGE('',*,*,#8676,.F.);
#10961 = ORIENTED_EDGE('',*,*,#8724,.F.);
#10962 = ORIENTED_EDGE('',*,*,#8772,.F.);
#10963 = ORIENTED_EDGE('',*,*,#8820,.F.);
#10964 = ORIENTED_EDGE('',*,*,#8868,.F.);
#10965 = ORIENTED_EDGE('',*,*,#8916,.F.);
#10966 = ORIENTED_EDGE('',*,*,#8964,.F.);
#10967 = ORIENTED_EDGE('',*,*,#9012,.F.);
#10968 = ORIENTED_EDGE('',*,*,#9060,.F.);
#10969 = ORIENTED_EDGE('',*,*,#9108,.F.);
#10970 = ORIENTED_EDGE('',*,*,#9156,.F.);
#10971 = ORIENTED_EDGE('',*,*,#9204,.F.);
#10972 = ORIENTED_EDGE('',*,*,#9252,.F.);
#10973 = ORIENTED_EDGE('',*,*,#9300,.F.);
#10974 = ORIENTED_EDGE('',*,*,#9348,.F.);
#10975 = ORIENTED_EDGE('',*,*,#9396,.F.);
#10976 = ORIENTED_EDGE('',*,*,#9444,.F.);
#10977 = ORIENTED_EDGE('',*,*,#9492,.F.);
#10978 = ORIENTED_EDGE('',*,*,#9540,.F.);
#10979 = ORIENTED_EDGE('',*,*,#9588,.F.);
#10980 = ORIENTED_EDGE('',*,*,#9636,.F.);
#10981 = ORIENTED_EDGE('',*,*,#9684,.F.);
#10982 = ORIENTED_EDGE('',*,*,#9732,.F.);
#10983 = ORIENTED_EDGE('',*,*,#9780,.F.);
#10984 = ORIENTED_EDGE('',*,*,#9828,.F.);
#10985 = ORIENTED_EDGE('',*,*,#9876,.F.);
#10986 = ORIENTED_EDGE('',*,*,#9924,.F.);
#10987 = ORIENTED_EDGE('',*,*,#9972,.F.);
#10988 = ORIENTED_EDGE('',*,*,#10020,.F.);
#10989 = ORIENTED_EDGE('',*,*,#10068,.F.);
#10990 = ORIENTED_EDGE('',*,*,#10116,.F.);
#10991 = ORIENTED_EDGE('',*,*,#10164,.F.);
#10992 = ORIENTED_EDGE('',*,*,#10212,.F.);
#10993 = ORIENTED_EDGE('',*,*,#10260,.F.);
#10994 = ORIENTED_EDGE('',*,*,#10308,.F.);
#10995 = ORIENTED_EDGE('',*,*,#10356,.F.);
#10996 = ORIENTED_EDGE('',*,*,#10404,.F.);
#10997 = ORIENTED_EDGE('',*,*,#10452,.F.);
#10998 = ORIENTED_EDGE('',*,*,#10500,.F.);
#10999 = ORIENTED_EDGE('',*,*,#10548,.F.);
#11000 = ORIENTED_EDGE('',*,*,#10596,.F.);
#11001 = ORIENTED_EDGE('',*,*,#10644,.F.);
#11002 = ORIENTED_EDGE('',*,*,#10692,.F.);
#11003 = ORIENTED_EDGE('',*,*,#10740,.F.);
#11004 = ORIENTED_EDGE('',*,*,#10788,.F.);
#11005 = ORIENTED_EDGE('',*,*,#10836,.F.);
#11006 = ORIENTED_EDGE('',*,*,#10860,.F.);
#11007 = ORIENTED_EDGE('',*,*,#10819,.F.);
#11008 = ORIENTED_EDGE('',*,*,#10771,.F.);
#11009 = ORIENTED_EDGE('',*,*,#10723,.F.);
#11010 = ORIENTED_EDGE('',*,*,#10675,.F.);
#11011 = ORIENTED_EDGE('',*,*,#10627,.F.);
#11012 = ORIENTED_EDGE('',*,*,#10579,.F.);
#11013 = ORIENTED_EDGE('',*,*,#10531,.F.);
#11014 = ORIENTED_EDGE('',*,*,#10483,.F.);
#11015 = ORIENTED_EDGE('',*,*,#10435,.F.);
#11016 = ORIENTED_EDGE('',*,*,#10387,.F.);
#11017 = ORIENTED_EDGE('',*,*,#10339,.F.);
#11018 = ORIENTED_EDGE('',*,*,#10291,.F.);
#11019 = ORIENTED_EDGE('',*,*,#10243,.F.);
#11020 = ORIENTED_EDGE('',*,*,#10195,.F.);
#11021 = ORIENTED_EDGE('',*,*,#10147,.F.);
#11022 = ORIENTED_EDGE('',*,*,#10099,.F.);
#11023 = ORIENTED_EDGE('',*,*,#10051,.F.);
#11024 = ORIENTED_EDGE('',*,*,#10003,.F.);
#11025 = ORIENTED_EDGE('',*,*,#9955,.F.);
#11026 = ORIENTED_EDGE('',*,*,#9907,.F.);
#11027 = ORIENTED_EDGE('',*,*,#9859,.F.);
#11028 = ORIENTED_EDGE('',*,*,#9811,.F.);
#11029 = ORIENTED_EDGE('',*,*,#9763,.F.);
#11030 = ORIENTED_EDGE('',*,*,#9715,.F.);
#11031 = ORIENTED_EDGE('',*,*,#9667,.F.);
#11032 = ORIENTED_EDGE('',*,*,#9619,.F.);
#11033 = ORIENTED_EDGE('',*,*,#9571,.F.);
#11034 = ORIENTED_EDGE('',*,*,#9523,.F.);
#11035 = ORIENTED_EDGE('',*,*,#9475,.F.);
#11036 = ORIENTED_EDGE('',*,*,#9427,.F.);
#11037 = ORIENTED_EDGE('',*,*,#9379,.F.);
#11038 = ORIENTED_EDGE('',*,*,#9331,.F.);
#11039 = ORIENTED_EDGE('',*,*,#9283,.F.);
#11040 = ORIENTED_EDGE('',*,*,#9235,.F.);
#11041 = ORIENTED_EDGE('',*,*,#9187,.F.);
#11042 = ORIENTED_EDGE('',*,*,#9139,.F.);
#11043 = ORIENTED_EDGE('',*,*,#9091,.F.);
#11044 = ORIENTED_EDGE('',*,*,#9043,.F.);
#11045 = ORIENTED_EDGE('',*,*,#8995,.F.);
#11046 = ORIENTED_EDGE('',*,*,#8947,.F.);
#11047 = ORIENTED_EDGE('',*,*,#8899,.F.);
#11048 = ORIENTED_EDGE('',*,*,#8851,.F.);
#11049 = ORIENTED_EDGE('',*,*,#8803,.F.);
#11050 = ORIENTED_EDGE('',*,*,#8755,.F.);
#11051 = ORIENTED_EDGE('',*,*,#8707,.F.);
#11052 = ORIENTED_EDGE('',*,*,#8659,.F.);
#11053 = ORIENTED_EDGE('',*,*,#8611,.F.);
#11054 = FACE_BOUND('',#11055,.T.);
#11055 = EDGE_LOOP('',(#11056,#11057,#11058,#11059,#11060,#11061,#11062,
    #11063,#11064,#11065,#11066,#11067,#11068,#11069,#11070,#11071,
    #11072,#11073,#11074,#11075,#11076,#11077,#11078,#11079,#11080,
    #11081,#11082,#11083,#11084,#11085,#11086,#11087,#11088,#11089,
    #11090,#11091,#11092,#11093,#11094,#11095,#11096,#11097,#11098,
    #11099,#11100,#11101,#11102,#11103,#11104,#11105,#11106,#11107,
    #11108,#11109,#11110,#11111,#11112,#11113,#11114,#11115,#11116,
    #11117,#11118,#11119,#11120,#11121,#11122,#11123,#11124,#11125,
    #11126,#11127,#11128,#11129,#11130,#11131,#11132,#11133,#11134,
    #11135,#11136,#11137,#11138,#11139,#11140,#11141,#11142,#11143,
    #11144,#11145,#11146,#11147,#11148,#11149,#11150,#11151));
#11056 = ORIENTED_EDGE('',*,*,#6276,.F.);
#11057 = ORIENTED_EDGE('',*,*,#6324,.F.);
#11058 = ORIENTED_EDGE('',*,*,#6372,.F.);
#11059 = ORIENTED_EDGE('',*,*,#6420,.F.);
#11060 = ORIENTED_EDGE('',*,*,#6468,.F.);
#11061 = ORIENTED_EDGE('',*,*,#6516,.F.);
#11062 = ORIENTED_EDGE('',*,*,#6564,.F.);
#11063 = ORIENTED_EDGE('',*,*,#6612,.F.);
#11064 = ORIENTED_EDGE('',*,*,#6660,.F.);
#11065 = ORIENTED_EDGE('',*,*,#6708,.F.);
#11066 = ORIENTED_EDGE('',*,*,#6756,.F.);
#11067 = ORIENTED_EDGE('',*,*,#6804,.F.);
#11068 = ORIENTED_EDGE('',*,*,#6852,.F.);
#11069 = ORIENTED_EDGE('',*,*,#6900,.F.);
#11070 = ORIENTED_EDGE('',*,*,#6948,.F.);
#11071 = ORIENTED_EDGE('',*,*,#6996,.F.);
#11072 = ORIENTED_EDGE('',*,*,#7044,.F.);
#11073 = ORIENTED_EDGE('',*,*,#7092,.F.);
#11074 = ORIENTED_EDGE('',*,*,#7140,.F.);
#11075 = ORIENTED_EDGE('',*,*,#7188,.F.);
#11076 = ORIENTED_EDGE('',*,*,#7236,.F.);
#11077 = ORIENTED_EDGE('',*,*,#7284,.F.);
#11078 = ORIENTED_EDGE('',*,*,#7332,.F.);
#11079 = ORIENTED_EDGE('',*,*,#7380,.F.);
#11080 = ORIENTED_EDGE('',*,*,#7428,.F.);
#11081 = ORIENTED_EDGE('',*,*,#7476,.F.);
#11082 = ORIENTED_EDGE('',*,*,#7524,.F.);
#11083 = ORIENTED_EDGE('',*,*,#7572,.F.);
#11084 = ORIENTED_EDGE('',*,*,#7620,.F.);
#11085 = ORIENTED_EDGE('',*,*,#7668,.F.);
#11086 = ORIENTED_EDGE('',*,*,#7716,.F.);
#11087 = ORIENTED_EDGE('',*,*,#7764,.F.);
#11088 = ORIENTED_EDGE('',*,*,#7812,.F.);
#11089 = ORIENTED_EDGE('',*,*,#7860,.F.);
#11090 = ORIENTED_EDGE('',*,*,#7908,.F.);
#11091 = ORIENTED_EDGE('',*,*,#7956,.F.);
#11092 = ORIENTED_EDGE('',*,*,#8004,.F.);
#11093 = ORIENTED_EDGE('',*,*,#8052,.F.);
#11094 = ORIENTED_EDGE('',*,*,#8100,.F.);
#11095 = ORIENTED_EDGE('',*,*,#8148,.F.);
#11096 = ORIENTED_EDGE('',*,*,#8196,.F.);
#11097 = ORIENTED_EDGE('',*,*,#8244,.F.);
#11098 = ORIENTED_EDGE('',*,*,#8292,.F.);
#11099 = ORIENTED_EDGE('',*,*,#8340,.F.);
#11100 = ORIENTED_EDGE('',*,*,#8388,.F.);
#11101 = ORIENTED_EDGE('',*,*,#8436,.F.);
#11102 = ORIENTED_EDGE('',*,*,#8484,.F.);
#11103 = ORIENTED_EDGE('',*,*,#8532,.F.);
#11104 = ORIENTED_EDGE('',*,*,#8556,.F.);
#11105 = ORIENTED_EDGE('',*,*,#8515,.F.);
#11106 = ORIENTED_EDGE('',*,*,#8467,.F.);
#11107 = ORIENTED_EDGE('',*,*,#8419,.F.);
#11108 = ORIENTED_EDGE('',*,*,#8371,.F.);
#11109 = ORIENTED_EDGE('',*,*,#8323,.F.);
#11110 = ORIENTED_EDGE('',*,*,#8275,.F.);
#11111 = ORIENTED_EDGE('',*,*,#8227,.F.);
#11112 = ORIENTED_EDGE('',*,*,#8179,.F.);
#11113 = ORIENTED_EDGE('',*,*,#8131,.F.);
#11114 = ORIENTED_EDGE('',*,*,#8083,.F.);
#11115 = ORIENTED_EDGE('',*,*,#8035,.F.);
#11116 = ORIENTED_EDGE('',*,*,#7987,.F.);
#11117 = ORIENTED_EDGE('',*,*,#7939,.F.);
#11118 = ORIENTED_EDGE('',*,*,#7891,.F.);
#11119 = ORIENTED_EDGE('',*,*,#7843,.F.);
#11120 = ORIENTED_EDGE('',*,*,#7795,.F.);
#11121 = ORIENTED_EDGE('',*,*,#7747,.F.);
#11122 = ORIENTED_EDGE('',*,*,#7699,.F.);
#11123 = ORIENTED_EDGE('',*,*,#7651,.F.);
#11124 = ORIENTED_EDGE('',*,*,#7603,.F.);
#11125 = ORIENTED_EDGE('',*,*,#7555,.F.);
#11126 = ORIENTED_EDGE('',*,*,#7507,.F.);
#11127 = ORIENTED_EDGE('',*,*,#7459,.F.);
#11128 = ORIENTED_EDGE('',*,*,#7411,.F.);
#11129 = ORIENTED_EDGE('',*,*,#7363,.F.);
#11130 = ORIENTED_EDGE('',*,*,#7315,.F.);
#11131 = ORIENTED_EDGE('',*,*,#7267,.F.);
#11132 = ORIENTED_EDGE('',*,*,#7219,.F.);
#11133 = ORIENTED_EDGE('',*,*,#7171,.F.);
#11134 = ORIENTED_EDGE('',*,*,#7123,.F.);
#11135 = ORIENTED_EDGE('',*,*,#7075,.F.);
#11136 = ORIENTED_EDGE('',*,*,#7027,.F.);
#11137 = ORIENTED_EDGE('',*,*,#6979,.F.);
#11138 = ORIENTED_EDGE('',*,*,#6931,.F.);
#11139 = ORIENTED_EDGE('',*,*,#6883,.F.);
#11140 = ORIENTED_EDGE('',*,*,#6835,.F.);
#11141 = ORIENTED_EDGE('',*,*,#6787,.F.);
#11142 = ORIENTED_EDGE('',*,*,#6739,.F.);
#11143 = ORIENTED_EDGE('',*,*,#6691,.F.);
#11144 = ORIENTED_EDGE('',*,*,#6643,.F.);
#11145 = ORIENTED_EDGE('',*,*,#6595,.F.);
#11146 = ORIENTED_EDGE('',*,*,#6547,.F.);
#11147 = ORIENTED_EDGE('',*,*,#6499,.F.);
#11148 = ORIENTED_EDGE('',*,*,#6451,.F.);
#11149 = ORIENTED_EDGE('',*,*,#6403,.F.);
#11150 = ORIENTED_EDGE('',*,*,#6355,.F.);
#11151 = ORIENTED_EDGE('',*,*,#6307,.F.);
#11152 = PLANE('',#11153);
#11153 = AXIS2_PLACEMENT_3D('',#11154,#11155,#11156);
#11154 = CARTESIAN_POINT('',(1.469576158977E-16,0.,9.8));
#11155 = DIRECTION('',(1.224646799147E-16,0.,-1.));
#11156 = DIRECTION('',(-1.,0.,-1.224646799147E-16));
#11157 = ( GEOMETRIC_REPRESENTATION_CONTEXT(3) 
GLOBAL_UNCERTAINTY_ASSIGNED_CONTEXT((#11161)) 
GLOBAL_UNIT_ASSIGNED_CONTEXT((#11158,#11159,#11160)) 
REPRESENTATION_CONTEXT('Context #1',
  '3D Context with UNIT and UNCERTAINTY') );
#11158 = ( LENGTH_UNIT() NAMED_UNIT(*) SI_UNIT(.MILLI.,.METRE.) );
#11159 = ( NAMED_UNIT(*) PLANE_ANGLE_UNIT() SI_UNIT($,.RADIAN.) );
#11160 = ( NAMED_UNIT(*) SI_UNIT($,.STERADIAN.) SOLID_ANGLE_UNIT() );
#11161 = UNCERTAINTY_MEASURE_WITH_UNIT(LENGTH_MEASURE(2.E-07),#11158,
  'distance_accuracy_value','confusion accuracy');
#11162 = PRODUCT_RELATED_PRODUCT_CATEGORY('part',$,(#7));
ENDSEC;
END-ISO-10303-21;
